2026-09-13 13:25:35,678 [ERROR] LogOutputStream:75 - [STDERR_REDIRECT] Sep 13, 2026 1:25:35 PM java.util.prefs.FileSystemPreferences checkLockFile0ErrorCode
2026-09-13 13:25:35,740 [ERROR] LogOutputStream:75 - [STDERR_REDIRECT] WARNING: Could not lock System prefs. Unix error code -425776910.
2026-09-13 13:25:35,740 [ERROR] LogOutputStream:75 - [STDERR_REDIRECT] 
2026-09-13 13:25:35,740 [ERROR] LogOutputStream:75 - [STDERR_REDIRECT] Sep 13, 2026 1:25:35 PM java.util.prefs.FileSystemPreferences syncWorld
2026-09-13 13:25:35,741 [ERROR] LogOutputStream:75 - [STDERR_REDIRECT] WARNING: Couldn't flush system prefs: java.util.prefs.BackingStoreException: Couldn't get file lock.
2026-09-13 13:25:35,755 [ERROR] LogOutputStream:75 - [STDERR_REDIRECT] 
2026-09-13 13:26:05,670 [ERROR] LogOutputStream:75 - [STDERR_REDIRECT] Sep 13, 2026 1:26:05 PM java.util.prefs.FileSystemPreferences checkLockFile0ErrorCode
2026-09-13 13:26:05,671 [ERROR] LogOutputStream:75 - [STDERR_REDIRECT] WARNING: Could not lock System prefs. Unix error code -425776910.
2026-09-13 13:26:05,671 [ERROR] LogOutputStream:75 - [STDERR_REDIRECT] 
2026-09-13 13:26:05,671 [ERROR] LogOutputStream:75 - [STDERR_REDIRECT] Sep 13, 2026 1:26:05 PM java.util.prefs.FileSystemPreferences syncWorld
2026-09-13 13:26:05,682 [ERROR] LogOutputStream:75 - [STDERR_REDIRECT] WARNING: Couldn't flush system prefs: java.util.prefs.BackingStoreException: Couldn't get file lock.
2026-09-13 13:26:05,686 [ERROR] LogOutputStream:75 - [STDERR_REDIRECT] 
2026-09-13 13:26:35,654 [ERROR] LogOutputStream:75 - [STDERR_REDIRECT] Sep 13, 2026 1:26:35 PM java.util.prefs.FileSystemPreferences checkLockFile0ErrorCode
2026-09-13 13:26:35,655 [ERROR] LogOutputStream:75 - [STDERR_REDIRECT] WARNING: Could not lock System prefs. Unix error code -425776910.
2026-09-13 13:26:35,655 [ERROR] LogOutputStream:75 - [STDERR_REDIRECT] 
2026-09-13 13:26:35,656 [ERROR] LogOutputStream:75 - [STDERR_REDIRECT] Sep 13, 2026 1:26:35 PM java.util.prefs.FileSystemPreferences syncWorld
2026-09-13 13:26:35,657 [ERROR] LogOutputStream:75 - [STDERR_REDIRECT] WARNING: Couldn't flush system prefs: java.util.prefs.BackingStoreException: Couldn't get file lock.
2026-09-13 13:26:35,657 [ERROR] LogOutputStream:75 - [STDERR_REDIRECT] 
2026-09-13 13:27:05,655 [ERROR] LogOutputStream:75 - [STDERR_REDIRECT] Sep 13, 2026 1:27:05 PM java.util.prefs.FileSystemPreferences checkLockFile0ErrorCode
2026-09-13 13:27:05,655 [ERROR] LogOutputStream:75 - [STDERR_REDIRECT] WARNING: Could not lock System prefs. Unix error code -425776910.
2026-09-13 13:27:05,656 [ERROR] LogOutputStream:75 - [STDERR_REDIRECT] 
2026-09-13 13:27:05,656 [ERROR] LogOutputStream:75 - [STDERR_REDIRECT] Sep 13, 2026 1:27:05 PM java.util.prefs.FileSystemPreferences syncWorld
2026-09-13 13:27:05,656 [ERROR] LogOutputStream:75 - [STDERR_REDIRECT] WARNING: Couldn't flush system prefs: java.util.prefs.BackingStoreException: Couldn't get file lock.
2026-09-13 13:27:05,656 [ERROR] LogOutputStream:75 - [STDERR_REDIRECT] 
2026-09-13 13:27:35,655 [ERROR] LogOutputStream:75 - [STDERR_REDIRECT] Sep 13, 2026 1:27:35 PM java.util.prefs.FileSystemPreferences checkLockFile0ErrorCode
2026-09-13 13:27:35,655 [ERROR] LogOutputStream:75 - [STDERR_REDIRECT] WARNING: Could not lock System prefs. Unix error code -425776910.
2026-09-13 13:27:35,656 [ERROR] LogOutputStream:75 - [STDERR_REDIRECT] 
2026-09-13 13:27:35,656 [ERROR] LogOutputStream:75 - [STDERR_REDIRECT] Sep 13, 2026 1:27:35 PM java.util.prefs.FileSystemPreferences syncWorld
2026-09-13 13:27:35,656 [ERROR] LogOutputStream:75 - [STDERR_REDIRECT] WARNING: Couldn't flush system prefs: java.util.prefs.BackingStoreException: Couldn't get file lock.
2026-09-13 13:27:35,657 [ERROR] LogOutputStream:75 - [STDERR_REDIRECT] 
2026-09-13 13:28:05,653 [ERROR] LogOutputStream:75 - [STDERR_REDIRECT] Sep 13, 2026 1:28:05 PM java.util.prefs.FileSystemPreferences checkLockFile0ErrorCode
2026-09-13 13:28:05,653 [ERROR] LogOutputStream:75 - [STDERR_REDIRECT] WARNING: Could not lock System prefs. Unix error code -425776910.
2026-09-13 13:28:05,655 [ERROR] LogOutputStream:75 - [STDERR_REDIRECT] 
2026-09-13 13:28:05,655 [ERROR] LogOutputStream:75 - [STDERR_REDIRECT] Sep 13, 2026 1:28:05 PM java.util.prefs.FileSystemPreferences syncWorld
2026-09-13 13:28:05,656 [ERROR] LogOutputStream:75 - [STDERR_REDIRECT] WARNING: Couldn't flush system prefs: java.util.prefs.BackingStoreException: Couldn't get file lock.
2026-09-13 13:28:05,656 [ERROR] LogOutputStream:75 - [STDERR_REDIRECT] 
2026-09-13 13:28:35,656 [ERROR] LogOutputStream:75 - [STDERR_REDIRECT] Sep 13, 2026 1:28:35 PM java.util.prefs.FileSystemPreferences checkLockFile0ErrorCode
2026-09-13 13:28:35,657 [ERROR] LogOutputStream:75 - [STDERR_REDIRECT] WARNING: Could not lock System prefs. Unix error code -425776910.
2026-09-13 13:28:35,657 [ERROR] LogOutputStream:75 - [STDERR_REDIRECT] 
2026-09-13 13:28:35,660 [ERROR] LogOutputStream:75 - [STDERR_REDIRECT] Sep 13, 2026 1:28:35 PM java.util.prefs.FileSystemPreferences syncWorld
2026-09-13 13:28:35,662 [ERROR] LogOutputStream:75 - [STDERR_REDIRECT] WARNING: Couldn't flush system prefs: java.util.prefs.BackingStoreException: Couldn't get file lock.
2026-09-13 13:28:35,662 [ERROR] LogOutputStream:75 - [STDERR_REDIRECT] 
2026-09-13 13:29:05,655 [ERROR] LogOutputStream:75 - [STDERR_REDIRECT] Sep 13, 2026 1:29:05 PM java.util.prefs.FileSystemPreferences checkLockFile0ErrorCode
2026-09-13 13:29:05,655 [ERROR] LogOutputStream:75 - [STDERR_REDIRECT] WARNING: Could not lock System prefs. Unix error code -425776910.
2026-09-13 13:29:05,655 [ERROR] LogOutputStream:75 - [STDERR_REDIRECT] 
2026-09-13 13:29:05,656 [ERROR] LogOutputStream:75 - [STDERR_REDIRECT] Sep 13, 2026 1:29:05 PM java.util.prefs.FileSystemPreferences syncWorld
2026-09-13 13:29:05,657 [ERROR] LogOutputStream:75 - [STDERR_REDIRECT] WARNING: Couldn't flush system prefs: java.util.prefs.BackingStoreException: Couldn't get file lock.
2026-09-13 13:29:05,657 [ERROR] LogOutputStream:75 - [STDERR_REDIRECT] 
2026-09-13 13:29:35,654 [ERROR] LogOutputStream:75 - [STDERR_REDIRECT] Sep 13, 2026 1:29:35 PM java.util.prefs.FileSystemPreferences checkLockFile0ErrorCode
2026-09-13 13:29:35,654 [ERROR] LogOutputStream:75 - [STDERR_REDIRECT] WARNING: Could not lock System prefs. Unix error code -425776910.
2026-09-13 13:29:35,655 [ERROR] LogOutputStream:75 - [STDERR_REDIRECT] 
2026-09-13 13:29:35,655 [ERROR] LogOutputStream:75 - [STDERR_REDIRECT] Sep 13, 2026 1:29:35 PM java.util.prefs.FileSystemPreferences syncWorld
2026-09-13 13:29:35,655 [ERROR] LogOutputStream:75 - [STDERR_REDIRECT] WARNING: Couldn't flush system prefs: java.util.prefs.BackingStoreException: Couldn't get file lock.
2026-09-13 13:29:35,655 [ERROR] LogOutputStream:75 - [STDERR_REDIRECT] 
2026-09-13 13:30:05,657 [ERROR] LogOutputStream:75 - [STDERR_REDIRECT] Sep 13, 2026 1:30:05 PM java.util.prefs.FileSystemPreferences checkLockFile0ErrorCode
2026-09-13 13:30:05,658 [ERROR] LogOutputStream:75 - [STDERR_REDIRECT] WARNING: Could not lock System prefs. Unix error code -425776910.
2026-09-13 13:30:05,658 [ERROR] LogOutputStream:75 - [STDERR_REDIRECT] 
2026-09-13 13:30:05,658 [ERROR] LogOutputStream:75 - [STDERR_REDIRECT] Sep 13, 2026 1:30:05 PM java.util.prefs.FileSystemPreferences syncWorld
2026-09-13 13:30:05,658 [ERROR] LogOutputStream:75 - [STDERR_REDIRECT] WARNING: Couldn't flush system prefs: java.util.prefs.BackingStoreException: Couldn't get file lock.
2026-09-13 13:30:05,658 [ERROR] LogOutputStream:75 - [STDERR_REDIRECT] 
2026-09-13 13:30:35,660 [ERROR] LogOutputStream:75 - [STDERR_REDIRECT] Sep 13, 2026 1:30:35 PM java.util.prefs.FileSystemPreferences checkLockFile0ErrorCode
2026-09-13 13:30:35,661 [ERROR] LogOutputStream:75 - [STDERR_REDIRECT] WARNING: Could not lock System prefs. Unix error code -425776910.
2026-09-13 13:30:35,661 [ERROR] LogOutputStream:75 - [STDERR_REDIRECT] 
2026-09-13 13:30:35,662 [ERROR] LogOutputStream:75 - [STDERR_REDIRECT] Sep 13, 2026 1:30:35 PM java.util.prefs.FileSystemPreferences syncWorld
2026-09-13 13:30:35,662 [ERROR] LogOutputStream:75 - [STDERR_REDIRECT] WARNING: Couldn't flush system prefs: java.util.prefs.BackingStoreException: Couldn't get file lock.
2026-09-13 13:30:35,662 [ERROR] LogOutputStream:75 - [STDERR_REDIRECT] 
2026-09-13 13:31:05,660 [ERROR] LogOutputStream:75 - [STDERR_REDIRECT] Sep 13, 2026 1:31:05 PM java.util.prefs.FileSystemPreferences checkLockFile0ErrorCode
2026-09-13 13:31:05,660 [ERROR] LogOutputStream:75 - [STDERR_REDIRECT] WARNING: Could not lock System prefs. Unix error code -425776910.
2026-09-13 13:31:05,660 [ERROR] LogOutputStream:75 - [STDERR_REDIRECT] 
2026-09-13 13:31:05,660 [ERROR] LogOutputStream:75 - [STDERR_REDIRECT] Sep 13, 2026 1:31:05 PM java.util.prefs.FileSystemPreferences syncWorld
2026-09-13 13:31:05,663 [ERROR] LogOutputStream:75 - [STDERR_REDIRECT] WARNING: Couldn't flush system prefs: java.util.prefs.BackingStoreException: Couldn't get file lock.
2026-09-13 13:31:05,663 [ERROR] LogOutputStream:75 - [STDERR_REDIRECT] 
2026-09-13 13:31:35,659 [ERROR] LogOutputStream:75 - [STDERR_REDIRECT] Sep 13, 2026 1:31:35 PM java.util.prefs.FileSystemPreferences checkLockFile0ErrorCode
2026-09-13 13:31:35,659 [ERROR] LogOutputStream:75 - [STDERR_REDIRECT] WARNING: Could not lock System prefs. Unix error code -425776910.
2026-09-13 13:31:35,659 [ERROR] LogOutputStream:75 - [STDERR_REDIRECT] 
2026-09-13 13:31:35,663 [ERROR] LogOutputStream:75 - [STDERR_REDIRECT] Sep 13, 2026 1:31:35 PM java.util.prefs.FileSystemPreferences syncWorld
2026-09-13 13:31:35,664 [ERROR] LogOutputStream:75 - [STDERR_REDIRECT] WARNING: Couldn't flush system prefs: java.util.prefs.BackingStoreException: Couldn't get file lock.
2026-09-13 13:31:35,664 [ERROR] LogOutputStream:75 - [STDERR_REDIRECT] 
2026-09-13 13:32:05,670 [ERROR] LogOutputStream:75 - [STDERR_REDIRECT] Sep 13, 2026 1:32:05 PM java.util.prefs.FileSystemPreferences checkLockFile0ErrorCode
2026-09-13 13:32:05,671 [ERROR] LogOutputStream:75 - [STDERR_REDIRECT] WARNING: Could not lock System prefs. Unix error code -425776910.
2026-09-13 13:32:05,671 [ERROR] LogOutputStream:75 - [STDERR_REDIRECT] 
2026-09-13 13:32:05,671 [ERROR] LogOutputStream:75 - [STDERR_REDIRECT] Sep 13, 2026 1:32:05 PM java.util.prefs.FileSystemPreferences syncWorld
2026-09-13 13:32:05,671 [ERROR] LogOutputStream:75 - [STDERR_REDIRECT] WARNING: Couldn't flush system prefs: java.util.prefs.BackingStoreException: Couldn't get file lock.
2026-09-13 13:32:05,671 [ERROR] LogOutputStream:75 - [STDERR_REDIRECT] 
2026-09-13 13:32:35,661 [ERROR] LogOutputStream:75 - [STDERR_REDIRECT] Sep 13, 2026 1:32:35 PM java.util.prefs.FileSystemPreferences checkLockFile0ErrorCode
2026-09-13 13:32:35,662 [ERROR] LogOutputStream:75 - [STDERR_REDIRECT] WARNING: Could not lock System prefs. Unix error code -425776910.
2026-09-13 13:32:35,662 [ERROR] LogOutputStream:75 - [STDERR_REDIRECT] 
2026-09-13 13:32:35,663 [ERROR] LogOutputStream:75 - [STDERR_REDIRECT] Sep 13, 2026 1:32:35 PM java.util.prefs.FileSystemPreferences syncWorld
2026-09-13 13:32:35,663 [ERROR] LogOutputStream:75 - [STDERR_REDIRECT] WARNING: Couldn't flush system prefs: java.util.prefs.BackingStoreException: Couldn't get file lock.
2026-09-13 13:32:35,663 [ERROR] LogOutputStream:75 - [STDERR_REDIRECT] 
2026-09-13 13:33:05,660 [ERROR] LogOutputStream:75 - [STDERR_REDIRECT] Sep 13, 2026 1:33:05 PM java.util.prefs.FileSystemPreferences checkLockFile0ErrorCode
2026-09-13 13:33:05,660 [ERROR] LogOutputStream:75 - [STDERR_REDIRECT] WARNING: Could not lock System prefs. Unix error code -425776910.
2026-09-13 13:33:05,661 [ERROR] LogOutputStream:75 - [STDERR_REDIRECT] 
2026-09-13 13:33:05,663 [ERROR] LogOutputStream:75 - [STDERR_REDIRECT] Sep 13, 2026 1:33:05 PM java.util.prefs.FileSystemPreferences syncWorld
2026-09-13 13:33:05,664 [ERROR] LogOutputStream:75 - [STDERR_REDIRECT] WARNING: Couldn't flush system prefs: java.util.prefs.BackingStoreException: Couldn't get file lock.
2026-09-13 13:33:05,664 [ERROR] LogOutputStream:75 - [STDERR_REDIRECT] 
2026-09-13 13:33:35,662 [ERROR] LogOutputStream:75 - [STDERR_REDIRECT] Sep 13, 2026 1:33:35 PM java.util.prefs.FileSystemPreferences checkLockFile0ErrorCode
2026-09-13 13:33:35,662 [ERROR] LogOutputStream:75 - [STDERR_REDIRECT] WARNING: Could not lock System prefs. Unix error code -425776910.
2026-09-13 13:33:35,662 [ERROR] LogOutputStream:75 - [STDERR_REDIRECT] 
2026-09-13 13:33:35,667 [ERROR] LogOutputStream:75 - [STDERR_REDIRECT] Sep 13, 2026 1:33:35 PM java.util.prefs.FileSystemPreferences syncWorld
2026-09-13 13:33:35,667 [ERROR] LogOutputStream:75 - [STDERR_REDIRECT] WARNING: Couldn't flush system prefs: java.util.prefs.BackingStoreException: Couldn't get file lock.
2026-09-13 13:33:35,668 [ERROR] LogOutputStream:75 - [STDERR_REDIRECT] 
2026-09-13 13:34:05,661 [ERROR] LogOutputStream:75 - [STDERR_REDIRECT] Sep 13, 2026 1:34:05 PM java.util.prefs.FileSystemPreferences checkLockFile0ErrorCode
2026-09-13 13:34:05,661 [ERROR] LogOutputStream:75 - [STDERR_REDIRECT] WARNING: Could not lock System prefs. Unix error code -425776910.
2026-09-13 13:34:05,662 [ERROR] LogOutputStream:75 - [STDERR_REDIRECT] 
2026-09-13 13:34:05,662 [ERROR] LogOutputStream:75 - [STDERR_REDIRECT] Sep 13, 2026 1:34:05 PM java.util.prefs.FileSystemPreferences syncWorld
2026-09-13 13:34:05,663 [ERROR] LogOutputStream:75 - [STDERR_REDIRECT] WARNING: Couldn't flush system prefs: java.util.prefs.BackingStoreException: Couldn't get file lock.
2026-09-13 13:34:05,663 [ERROR] LogOutputStream:75 - [STDERR_REDIRECT] 
2026-09-13 13:34:35,663 [ERROR] LogOutputStream:75 - [STDERR_REDIRECT] Sep 13, 2026 1:34:35 PM java.util.prefs.FileSystemPreferences checkLockFile0ErrorCode
2026-09-13 13:34:35,663 [ERROR] LogOutputStream:75 - [STDERR_REDIRECT] WARNING: Could not lock System prefs. Unix error code -425776910.
2026-09-13 13:34:35,663 [ERROR] LogOutputStream:75 - [STDERR_REDIRECT] 
2026-09-13 13:34:35,664 [ERROR] LogOutputStream:75 - [STDERR_REDIRECT] Sep 13, 2026 1:34:35 PM java.util.prefs.FileSystemPreferences syncWorld
2026-09-13 13:34:35,665 [ERROR] LogOutputStream:75 - [STDERR_REDIRECT] WARNING: Couldn't flush system prefs: java.util.prefs.BackingStoreException: Couldn't get file lock.
2026-09-13 13:34:35,665 [ERROR] LogOutputStream:75 - [STDERR_REDIRECT] 
2026-09-13 13:35:05,666 [ERROR] LogOutputStream:75 - [STDERR_REDIRECT] Sep 13, 2026 1:35:05 PM java.util.prefs.FileSystemPreferences checkLockFile0ErrorCode
2026-09-13 13:35:05,667 [ERROR] LogOutputStream:75 - [STDERR_REDIRECT] WARNING: Could not lock System prefs. Unix error code -425776910.
2026-09-13 13:35:05,668 [ERROR] LogOutputStream:75 - [STDERR_REDIRECT] 
2026-09-13 13:35:05,671 [ERROR] LogOutputStream:75 - [STDERR_REDIRECT] Sep 13, 2026 1:35:05 PM java.util.prefs.FileSystemPreferences syncWorld
2026-09-13 13:35:05,672 [ERROR] LogOutputStream:75 - [STDERR_REDIRECT] WARNING: Couldn't flush system prefs: java.util.prefs.BackingStoreException: Couldn't get file lock.
2026-09-13 13:35:05,672 [ERROR] LogOutputStream:75 - [STDERR_REDIRECT] 
2026-09-13 13:35:35,667 [ERROR] LogOutputStream:75 - [STDERR_REDIRECT] Sep 13, 2026 1:35:35 PM java.util.prefs.FileSystemPreferences checkLockFile0ErrorCode
2026-09-13 13:35:35,668 [ERROR] LogOutputStream:75 - [STDERR_REDIRECT] WARNING: Could not lock System prefs. Unix error code -425776910.
2026-09-13 13:35:35,668 [ERROR] LogOutputStream:75 - [STDERR_REDIRECT] 
2026-09-13 13:35:35,672 [ERROR] LogOutputStream:75 - [STDERR_REDIRECT] Sep 13, 2026 1:35:35 PM java.util.prefs.FileSystemPreferences syncWorld
2026-09-13 13:35:35,672 [ERROR] LogOutputStream:75 - [STDERR_REDIRECT] WARNING: Couldn't flush system prefs: java.util.prefs.BackingStoreException: Couldn't get file lock.
2026-09-13 13:35:35,672 [ERROR] LogOutputStream:75 - [STDERR_REDIRECT] 
2026-09-13 13:36:05,665 [ERROR] LogOutputStream:75 - [STDERR_REDIRECT] Sep 13, 2026 1:36:05 PM java.util.prefs.FileSystemPreferences checkLockFile0ErrorCode
2026-09-13 13:36:05,666 [ERROR] LogOutputStream:75 - [STDERR_REDIRECT] WARNING: Could not lock System prefs. Unix error code -425776910.
2026-09-13 13:36:05,666 [ERROR] LogOutputStream:75 - [STDERR_REDIRECT] 
2026-09-13 13:36:05,666 [ERROR] LogOutputStream:75 - [STDERR_REDIRECT] Sep 13, 2026 1:36:05 PM java.util.prefs.FileSystemPreferences syncWorld
2026-09-13 13:36:05,667 [ERROR] LogOutputStream:75 - [STDERR_REDIRECT] WARNING: Couldn't flush system prefs: java.util.prefs.BackingStoreException: Couldn't get file lock.
2026-09-13 13:36:05,668 [ERROR] LogOutputStream:75 - [STDERR_REDIRECT] 
2026-09-13 13:36:35,665 [ERROR] LogOutputStream:75 - [STDERR_REDIRECT] Sep 13, 2026 1:36:35 PM java.util.prefs.FileSystemPreferences checkLockFile0ErrorCode
2026-09-13 13:36:35,666 [ERROR] LogOutputStream:75 - [STDERR_REDIRECT] WARNING: Could not lock System prefs. Unix error code -425776910.
2026-09-13 13:36:35,666 [ERROR] LogOutputStream:75 - [STDERR_REDIRECT] 
2026-09-13 13:36:35,666 [ERROR] LogOutputStream:75 - [STDERR_REDIRECT] Sep 13, 2026 1:36:35 PM java.util.prefs.FileSystemPreferences syncWorld
2026-09-13 13:36:35,666 [ERROR] LogOutputStream:75 - [STDERR_REDIRECT] WARNING: Couldn't flush system prefs: java.util.prefs.BackingStoreException: Couldn't get file lock.
2026-09-13 13:36:35,666 [ERROR] LogOutputStream:75 - [STDERR_REDIRECT] 
2026-09-13 13:37:05,667 [ERROR] LogOutputStream:75 - [STDERR_REDIRECT] Sep 13, 2026 1:37:05 PM java.util.prefs.FileSystemPreferences checkLockFile0ErrorCode
2026-09-13 13:37:05,667 [ERROR] LogOutputStream:75 - [STDERR_REDIRECT] WARNING: Could not lock System prefs. Unix error code -425776910.
2026-09-13 13:37:05,667 [ERROR] LogOutputStream:75 - [STDERR_REDIRECT] 
2026-09-13 13:37:05,669 [ERROR] LogOutputStream:75 - [STDERR_REDIRECT] Sep 13, 2026 1:37:05 PM java.util.prefs.FileSystemPreferences syncWorld
2026-09-13 13:37:05,669 [ERROR] LogOutputStream:75 - [STDERR_REDIRECT] WARNING: Couldn't flush system prefs: java.util.prefs.BackingStoreException: Couldn't get file lock.
2026-09-13 13:37:05,670 [ERROR] LogOutputStream:75 - [STDERR_REDIRECT] 
2026-09-13 13:37:35,669 [ERROR] LogOutputStream:75 - [STDERR_REDIRECT] Sep 13, 2026 1:37:35 PM java.util.prefs.FileSystemPreferences checkLockFile0ErrorCode
2026-09-13 13:37:35,669 [ERROR] LogOutputStream:75 - [STDERR_REDIRECT] WARNING: Could not lock System prefs. Unix error code -425776910.
2026-09-13 13:37:35,669 [ERROR] LogOutputStream:75 - [STDERR_REDIRECT] 
2026-09-13 13:37:35,670 [ERROR] LogOutputStream:75 - [STDERR_REDIRECT] Sep 13, 2026 1:37:35 PM java.util.prefs.FileSystemPreferences syncWorld
2026-09-13 13:37:35,671 [ERROR] LogOutputStream:75 - [STDERR_REDIRECT] WARNING: Couldn't flush system prefs: java.util.prefs.BackingStoreException: Couldn't get file lock.
2026-09-13 13:37:35,671 [ERROR] LogOutputStream:75 - [STDERR_REDIRECT] 
2026-09-13 13:38:05,670 [ERROR] LogOutputStream:75 - [STDERR_REDIRECT] Sep 13, 2026 1:38:05 PM java.util.prefs.FileSystemPreferences checkLockFile0ErrorCode
2026-09-13 13:38:05,671 [ERROR] LogOutputStream:75 - [STDERR_REDIRECT] WARNING: Could not lock System prefs. Unix error code -425776910.
2026-09-13 13:38:05,671 [ERROR] LogOutputStream:75 - [STDERR_REDIRECT] 
2026-09-13 13:38:05,671 [ERROR] LogOutputStream:75 - [STDERR_REDIRECT] Sep 13, 2026 1:38:05 PM java.util.prefs.FileSystemPreferences syncWorld
2026-09-13 13:38:05,672 [ERROR] LogOutputStream:75 - [STDERR_REDIRECT] WARNING: Couldn't flush system prefs: java.util.prefs.BackingStoreException: Couldn't get file lock.
2026-09-13 13:38:05,672 [ERROR] LogOutputStream:75 - [STDERR_REDIRECT] 
2026-09-13 13:38:35,671 [ERROR] LogOutputStream:75 - [STDERR_REDIRECT] Sep 13, 2026 1:38:35 PM java.util.prefs.FileSystemPreferences checkLockFile0ErrorCode
2026-09-13 13:38:35,671 [ERROR] LogOutputStream:75 - [STDERR_REDIRECT] WARNING: Could not lock System prefs. Unix error code -425776910.
2026-09-13 13:38:35,671 [ERROR] LogOutputStream:75 - [STDERR_REDIRECT] 
2026-09-13 13:38:35,672 [ERROR] LogOutputStream:75 - [STDERR_REDIRECT] Sep 13, 2026 1:38:35 PM java.util.prefs.FileSystemPreferences syncWorld
2026-09-13 13:38:35,672 [ERROR] LogOutputStream:75 - [STDERR_REDIRECT] WARNING: Couldn't flush system prefs: java.util.prefs.BackingStoreException: Couldn't get file lock.
2026-09-13 13:38:35,673 [ERROR] LogOutputStream:75 - [STDERR_REDIRECT] 
2026-09-13 13:39:05,676 [ERROR] LogOutputStream:75 - [STDERR_REDIRECT] Sep 13, 2026 1:39:05 PM java.util.prefs.FileSystemPreferences checkLockFile0ErrorCode
2026-09-13 13:39:05,677 [ERROR] LogOutputStream:75 - [STDERR_REDIRECT] WARNING: Could not lock System prefs. Unix error code -425776910.
2026-09-13 13:39:05,677 [ERROR] LogOutputStream:75 - [STDERR_REDIRECT] 
2026-09-13 13:39:05,677 [ERROR] LogOutputStream:75 - [STDERR_REDIRECT] Sep 13, 2026 1:39:05 PM java.util.prefs.FileSystemPreferences syncWorld
2026-09-13 13:39:05,677 [ERROR] LogOutputStream:75 - [STDERR_REDIRECT] WARNING: Couldn't flush system prefs: java.util.prefs.BackingStoreException: Couldn't get file lock.
2026-09-13 13:39:05,677 [ERROR] LogOutputStream:75 - [STDERR_REDIRECT] 
2026-09-13 13:39:35,692 [ERROR] LogOutputStream:75 - [STDERR_REDIRECT] Sep 13, 2026 1:39:35 PM java.util.prefs.FileSystemPreferences checkLockFile0ErrorCode
2026-09-13 13:39:35,694 [ERROR] LogOutputStream:75 - [STDERR_REDIRECT] WARNING: Could not lock System prefs. Unix error code -425776910.
2026-09-13 13:39:35,695 [ERROR] LogOutputStream:75 - [STDERR_REDIRECT] 
2026-09-13 13:39:35,697 [ERROR] LogOutputStream:75 - [STDERR_REDIRECT] Sep 13, 2026 1:39:35 PM java.util.prefs.FileSystemPreferences syncWorld
2026-09-13 13:39:35,697 [ERROR] LogOutputStream:75 - [STDERR_REDIRECT] WARNING: Couldn't flush system prefs: java.util.prefs.BackingStoreException: Couldn't get file lock.
2026-09-13 13:39:35,698 [ERROR] LogOutputStream:75 - [STDERR_REDIRECT] 
2026-09-13 13:40:05,673 [ERROR] LogOutputStream:75 - [STDERR_REDIRECT] Sep 13, 2026 1:40:05 PM java.util.prefs.FileSystemPreferences checkLockFile0ErrorCode
2026-09-13 13:40:05,673 [ERROR] LogOutputStream:75 - [STDERR_REDIRECT] WARNING: Could not lock System prefs. Unix error code -425776910.
2026-09-13 13:40:05,673 [ERROR] LogOutputStream:75 - [STDERR_REDIRECT] 
2026-09-13 13:40:05,674 [ERROR] LogOutputStream:75 - [STDERR_REDIRECT] Sep 13, 2026 1:40:05 PM java.util.prefs.FileSystemPreferences syncWorld
2026-09-13 13:40:05,679 [ERROR] LogOutputStream:75 - [STDERR_REDIRECT] WARNING: Couldn't flush system prefs: java.util.prefs.BackingStoreException: Couldn't get file lock.
2026-09-13 13:40:05,679 [ERROR] LogOutputStream:75 - [STDERR_REDIRECT] 
2026-09-13 13:40:35,673 [ERROR] LogOutputStream:75 - [STDERR_REDIRECT] Sep 13, 2026 1:40:35 PM java.util.prefs.FileSystemPreferences checkLockFile0ErrorCode
2026-09-13 13:40:35,673 [ERROR] LogOutputStream:75 - [STDERR_REDIRECT] WARNING: Could not lock System prefs. Unix error code -425776910.
2026-09-13 13:40:35,674 [ERROR] LogOutputStream:75 - [STDERR_REDIRECT] 
2026-09-13 13:40:35,674 [ERROR] LogOutputStream:75 - [STDERR_REDIRECT] Sep 13, 2026 1:40:35 PM java.util.prefs.FileSystemPreferences syncWorld
2026-09-13 13:40:35,674 [ERROR] LogOutputStream:75 - [STDERR_REDIRECT] WARNING: Couldn't flush system prefs: java.util.prefs.BackingStoreException: Couldn't get file lock.
2026-09-13 13:40:35,674 [ERROR] LogOutputStream:75 - [STDERR_REDIRECT] 
2026-09-13 13:41:05,691 [ERROR] LogOutputStream:75 - [STDERR_REDIRECT] Sep 13, 2026 1:41:05 PM java.util.prefs.FileSystemPreferences checkLockFile0ErrorCode
2026-09-13 13:41:05,691 [ERROR] LogOutputStream:75 - [STDERR_REDIRECT] WARNING: Could not lock System prefs. Unix error code -425776910.
2026-09-13 13:41:05,691 [ERROR] LogOutputStream:75 - [STDERR_REDIRECT] 
2026-09-13 13:41:05,692 [ERROR] LogOutputStream:75 - [STDERR_REDIRECT] Sep 13, 2026 1:41:05 PM java.util.prefs.FileSystemPreferences syncWorld
2026-09-13 13:41:05,693 [ERROR] LogOutputStream:75 - [STDERR_REDIRECT] WARNING: Couldn't flush system prefs: java.util.prefs.BackingStoreException: Couldn't get file lock.
2026-09-13 13:41:05,693 [ERROR] LogOutputStream:75 - [STDERR_REDIRECT] 
2026-09-13 13:41:35,674 [ERROR] LogOutputStream:75 - [STDERR_REDIRECT] Sep 13, 2026 1:41:35 PM java.util.prefs.FileSystemPreferences checkLockFile0ErrorCode
2026-09-13 13:41:35,675 [ERROR] LogOutputStream:75 - [STDERR_REDIRECT] WARNING: Could not lock System prefs. Unix error code -425776910.
2026-09-13 13:41:35,675 [ERROR] LogOutputStream:75 - [STDERR_REDIRECT] 
2026-09-13 13:41:35,675 [ERROR] LogOutputStream:75 - [STDERR_REDIRECT] Sep 13, 2026 1:41:35 PM java.util.prefs.FileSystemPreferences syncWorld
2026-09-13 13:41:35,675 [ERROR] LogOutputStream:75 - [STDERR_REDIRECT] WARNING: Couldn't flush system prefs: java.util.prefs.BackingStoreException: Couldn't get file lock.
2026-09-13 13:41:35,675 [ERROR] LogOutputStream:75 - [STDERR_REDIRECT] 
2026-09-13 13:42:05,677 [ERROR] LogOutputStream:75 - [STDERR_REDIRECT] Sep 13, 2026 1:42:05 PM java.util.prefs.FileSystemPreferences checkLockFile0ErrorCode
2026-09-13 13:42:05,678 [ERROR] LogOutputStream:75 - [STDERR_REDIRECT] WARNING: Could not lock System prefs. Unix error code -425776910.
2026-09-13 13:42:05,679 [ERROR] LogOutputStream:75 - [STDERR_REDIRECT] 
2026-09-13 13:42:05,680 [ERROR] LogOutputStream:75 - [STDERR_REDIRECT] Sep 13, 2026 1:42:05 PM java.util.prefs.FileSystemPreferences syncWorld
2026-09-13 13:42:05,680 [ERROR] LogOutputStream:75 - [STDERR_REDIRECT] WARNING: Couldn't flush system prefs: java.util.prefs.BackingStoreException: Couldn't get file lock.
2026-09-13 13:42:05,680 [ERROR] LogOutputStream:75 - [STDERR_REDIRECT] 
2026-09-13 13:42:35,677 [ERROR] LogOutputStream:75 - [STDERR_REDIRECT] Sep 13, 2026 1:42:35 PM java.util.prefs.FileSystemPreferences checkLockFile0ErrorCode
2026-09-13 13:42:35,677 [ERROR] LogOutputStream:75 - [STDERR_REDIRECT] WARNING: Could not lock System prefs. Unix error code -425776910.
2026-09-13 13:42:35,677 [ERROR] LogOutputStream:75 - [STDERR_REDIRECT] 
2026-09-13 13:42:35,685 [ERROR] LogOutputStream:75 - [STDERR_REDIRECT] Sep 13, 2026 1:42:35 PM java.util.prefs.FileSystemPreferences syncWorld
2026-09-13 13:42:35,685 [ERROR] LogOutputStream:75 - [STDERR_REDIRECT] WARNING: Couldn't flush system prefs: java.util.prefs.BackingStoreException: Couldn't get file lock.
2026-09-13 13:42:35,685 [ERROR] LogOutputStream:75 - [STDERR_REDIRECT] 
2026-09-13 13:43:05,681 [ERROR] LogOutputStream:75 - [STDERR_REDIRECT] Sep 13, 2026 1:43:05 PM java.util.prefs.FileSystemPreferences checkLockFile0ErrorCode
2026-09-13 13:43:05,681 [ERROR] LogOutputStream:75 - [STDERR_REDIRECT] WARNING: Could not lock System prefs. Unix error code -425776910.
2026-09-13 13:43:05,683 [ERROR] LogOutputStream:75 - [STDERR_REDIRECT] 
2026-09-13 13:43:05,687 [ERROR] LogOutputStream:75 - [STDERR_REDIRECT] Sep 13, 2026 1:43:05 PM java.util.prefs.FileSystemPreferences syncWorld
2026-09-13 13:43:05,688 [ERROR] LogOutputStream:75 - [STDERR_REDIRECT] WARNING: Couldn't flush system prefs: java.util.prefs.BackingStoreException: Couldn't get file lock.
2026-09-13 13:43:05,688 [ERROR] LogOutputStream:75 - [STDERR_REDIRECT] 
2026-09-13 13:43:35,676 [ERROR] LogOutputStream:75 - [STDERR_REDIRECT] Sep 13, 2026 1:43:35 PM java.util.prefs.FileSystemPreferences checkLockFile0ErrorCode
2026-09-13 13:43:35,676 [ERROR] LogOutputStream:75 - [STDERR_REDIRECT] WARNING: Could not lock System prefs. Unix error code -425776910.
2026-09-13 13:43:35,676 [ERROR] LogOutputStream:75 - [STDERR_REDIRECT] 
2026-09-13 13:43:35,677 [ERROR] LogOutputStream:75 - [STDERR_REDIRECT] Sep 13, 2026 1:43:35 PM java.util.prefs.FileSystemPreferences syncWorld
2026-09-13 13:43:35,677 [ERROR] LogOutputStream:75 - [STDERR_REDIRECT] WARNING: Couldn't flush system prefs: java.util.prefs.BackingStoreException: Couldn't get file lock.
2026-09-13 13:43:35,677 [ERROR] LogOutputStream:75 - [STDERR_REDIRECT] 
2026-09-13 13:44:05,686 [ERROR] LogOutputStream:75 - [STDERR_REDIRECT] Sep 13, 2026 1:44:05 PM java.util.prefs.FileSystemPreferences checkLockFile0ErrorCode
2026-09-13 13:44:05,687 [ERROR] LogOutputStream:75 - [STDERR_REDIRECT] WARNING: Could not lock System prefs. Unix error code -425776910.
2026-09-13 13:44:05,687 [ERROR] LogOutputStream:75 - [STDERR_REDIRECT] 
2026-09-13 13:44:05,687 [ERROR] LogOutputStream:75 - [STDERR_REDIRECT] Sep 13, 2026 1:44:05 PM java.util.prefs.FileSystemPreferences syncWorld
2026-09-13 13:44:05,689 [ERROR] LogOutputStream:75 - [STDERR_REDIRECT] WARNING: Couldn't flush system prefs: java.util.prefs.BackingStoreException: Couldn't get file lock.
2026-09-13 13:44:05,690 [ERROR] LogOutputStream:75 - [STDERR_REDIRECT] 
2026-09-13 13:44:35,677 [ERROR] LogOutputStream:75 - [STDERR_REDIRECT] Sep 13, 2026 1:44:35 PM java.util.prefs.FileSystemPreferences checkLockFile0ErrorCode
2026-09-13 13:44:35,677 [ERROR] LogOutputStream:75 - [STDERR_REDIRECT] WARNING: Could not lock System prefs. Unix error code -425776910.
2026-09-13 13:44:35,678 [ERROR] LogOutputStream:75 - [STDERR_REDIRECT] 
2026-09-13 13:44:35,678 [ERROR] LogOutputStream:75 - [STDERR_REDIRECT] Sep 13, 2026 1:44:35 PM java.util.prefs.FileSystemPreferences syncWorld
2026-09-13 13:44:35,681 [ERROR] LogOutputStream:75 - [STDERR_REDIRECT] WARNING: Couldn't flush system prefs: java.util.prefs.BackingStoreException: Couldn't get file lock.
2026-09-13 13:44:35,682 [ERROR] LogOutputStream:75 - [STDERR_REDIRECT] 
2026-09-13 13:45:05,678 [ERROR] LogOutputStream:75 - [STDERR_REDIRECT] Sep 13, 2026 1:45:05 PM java.util.prefs.FileSystemPreferences checkLockFile0ErrorCode
2026-09-13 13:45:05,678 [ERROR] LogOutputStream:75 - [STDERR_REDIRECT] WARNING: Could not lock System prefs. Unix error code -425776910.
2026-09-13 13:45:05,679 [ERROR] LogOutputStream:75 - [STDERR_REDIRECT] 
2026-09-13 13:45:05,679 [ERROR] LogOutputStream:75 - [STDERR_REDIRECT] Sep 13, 2026 1:45:05 PM java.util.prefs.FileSystemPreferences syncWorld
2026-09-13 13:45:05,679 [ERROR] LogOutputStream:75 - [STDERR_REDIRECT] WARNING: Couldn't flush system prefs: java.util.prefs.BackingStoreException: Couldn't get file lock.
2026-09-13 13:45:05,679 [ERROR] LogOutputStream:75 - [STDERR_REDIRECT] 
2026-09-13 13:45:35,679 [ERROR] LogOutputStream:75 - [STDERR_REDIRECT] Sep 13, 2026 1:45:35 PM java.util.prefs.FileSystemPreferences checkLockFile0ErrorCode
2026-09-13 13:45:35,679 [ERROR] LogOutputStream:75 - [STDERR_REDIRECT] WARNING: Could not lock System prefs. Unix error code -425776910.
2026-09-13 13:45:35,680 [ERROR] LogOutputStream:75 - [STDERR_REDIRECT] 
2026-09-13 13:45:35,680 [ERROR] LogOutputStream:75 - [STDERR_REDIRECT] Sep 13, 2026 1:45:35 PM java.util.prefs.FileSystemPreferences syncWorld
2026-09-13 13:45:35,680 [ERROR] LogOutputStream:75 - [STDERR_REDIRECT] WARNING: Couldn't flush system prefs: java.util.prefs.BackingStoreException: Couldn't get file lock.
2026-09-13 13:45:35,680 [ERROR] LogOutputStream:75 - [STDERR_REDIRECT] 
2026-09-13 13:46:05,681 [ERROR] LogOutputStream:75 - [STDERR_REDIRECT] Sep 13, 2026 1:46:05 PM java.util.prefs.FileSystemPreferences checkLockFile0ErrorCode
2026-09-13 13:46:05,681 [ERROR] LogOutputStream:75 - [STDERR_REDIRECT] WARNING: Could not lock System prefs. Unix error code -425776910.
2026-09-13 13:46:05,681 [ERROR] LogOutputStream:75 - [STDERR_REDIRECT] 
2026-09-13 13:46:05,684 [ERROR] LogOutputStream:75 - [STDERR_REDIRECT] Sep 13, 2026 1:46:05 PM java.util.prefs.FileSystemPreferences syncWorld
2026-09-13 13:46:05,684 [ERROR] LogOutputStream:75 - [STDERR_REDIRECT] WARNING: Couldn't flush system prefs: java.util.prefs.BackingStoreException: Couldn't get file lock.
2026-09-13 13:46:05,684 [ERROR] LogOutputStream:75 - [STDERR_REDIRECT] 
2026-09-13 13:46:35,681 [ERROR] LogOutputStream:75 - [STDERR_REDIRECT] Sep 13, 2026 1:46:35 PM java.util.prefs.FileSystemPreferences checkLockFile0ErrorCode
2026-09-13 13:46:35,681 [ERROR] LogOutputStream:75 - [STDERR_REDIRECT] WARNING: Could not lock System prefs. Unix error code -425776910.
2026-09-13 13:46:35,682 [ERROR] LogOutputStream:75 - [STDERR_REDIRECT] 
2026-09-13 13:46:35,682 [ERROR] LogOutputStream:75 - [STDERR_REDIRECT] Sep 13, 2026 1:46:35 PM java.util.prefs.FileSystemPreferences syncWorld
2026-09-13 13:46:35,682 [ERROR] LogOutputStream:75 - [STDERR_REDIRECT] WARNING: Couldn't flush system prefs: java.util.prefs.BackingStoreException: Couldn't get file lock.
2026-09-13 13:46:35,683 [ERROR] LogOutputStream:75 - [STDERR_REDIRECT] 
2026-09-13 13:47:05,679 [ERROR] LogOutputStream:75 - [STDERR_REDIRECT] Sep 13, 2026 1:47:05 PM java.util.prefs.FileSystemPreferences checkLockFile0ErrorCode
2026-09-13 13:47:05,679 [ERROR] LogOutputStream:75 - [STDERR_REDIRECT] WARNING: Could not lock System prefs. Unix error code 31664.
2026-09-13 13:47:05,679 [ERROR] LogOutputStream:75 - [STDERR_REDIRECT] 
2026-09-13 13:47:05,681 [ERROR] LogOutputStream:75 - [STDERR_REDIRECT] Sep 13, 2026 1:47:05 PM java.util.prefs.FileSystemPreferences syncWorld
2026-09-13 13:47:05,681 [ERROR] LogOutputStream:75 - [STDERR_REDIRECT] WARNING: Couldn't flush system prefs: java.util.prefs.BackingStoreException: Couldn't get file lock.
2026-09-13 13:47:05,681 [ERROR] LogOutputStream:75 - [STDERR_REDIRECT] 
2026-09-13 13:47:35,679 [ERROR] LogOutputStream:75 - [STDERR_REDIRECT] Sep 13, 2026 1:47:35 PM java.util.prefs.FileSystemPreferences checkLockFile0ErrorCode
2026-09-13 13:47:35,680 [ERROR] LogOutputStream:75 - [STDERR_REDIRECT] WARNING: Could not lock System prefs. Unix error code 5.
2026-09-13 13:47:35,680 [ERROR] LogOutputStream:75 - [STDERR_REDIRECT] 
2026-09-13 13:47:35,681 [ERROR] LogOutputStream:75 - [STDERR_REDIRECT] Sep 13, 2026 1:47:35 PM java.util.prefs.FileSystemPreferences syncWorld
2026-09-13 13:47:35,681 [ERROR] LogOutputStream:75 - [STDERR_REDIRECT] WARNING: Couldn't flush system prefs: java.util.prefs.BackingStoreException: Couldn't get file lock.
2026-09-13 13:47:35,681 [ERROR] LogOutputStream:75 - [STDERR_REDIRECT] 
2026-09-13 13:48:05,679 [ERROR] LogOutputStream:75 - [STDERR_REDIRECT] Sep 13, 2026 1:48:05 PM java.util.prefs.FileSystemPreferences checkLockFile0ErrorCode
2026-09-13 13:48:05,680 [ERROR] LogOutputStream:75 - [STDERR_REDIRECT] WARNING: Could not lock System prefs. Unix error code 5.
2026-09-13 13:48:05,680 [ERROR] LogOutputStream:75 - [STDERR_REDIRECT] 
2026-09-13 13:48:05,681 [ERROR] LogOutputStream:75 - [STDERR_REDIRECT] Sep 13, 2026 1:48:05 PM java.util.prefs.FileSystemPreferences syncWorld
2026-09-13 13:48:05,681 [ERROR] LogOutputStream:75 - [STDERR_REDIRECT] WARNING: Couldn't flush system prefs: java.util.prefs.BackingStoreException: Couldn't get file lock.
2026-09-13 13:48:05,681 [ERROR] LogOutputStream:75 - [STDERR_REDIRECT] 
2026-09-13 13:48:35,679 [ERROR] LogOutputStream:75 - [STDERR_REDIRECT] Sep 13, 2026 1:48:35 PM java.util.prefs.FileSystemPreferences checkLockFile0ErrorCode
2026-09-13 13:48:35,679 [ERROR] LogOutputStream:75 - [STDERR_REDIRECT] WARNING: Could not lock System prefs. Unix error code 5.
2026-09-13 13:48:35,679 [ERROR] LogOutputStream:75 - [STDERR_REDIRECT] 
2026-09-13 13:48:35,680 [ERROR] LogOutputStream:75 - [STDERR_REDIRECT] Sep 13, 2026 1:48:35 PM java.util.prefs.FileSystemPreferences syncWorld
2026-09-13 13:48:35,680 [ERROR] LogOutputStream:75 - [STDERR_REDIRECT] WARNING: Couldn't flush system prefs: java.util.prefs.BackingStoreException: Couldn't get file lock.
2026-09-13 13:48:35,680 [ERROR] LogOutputStream:75 - [STDERR_REDIRECT] 
2026-09-13 13:49:05,679 [ERROR] LogOutputStream:75 - [STDERR_REDIRECT] Sep 13, 2026 1:49:05 PM java.util.prefs.FileSystemPreferences checkLockFile0ErrorCode
2026-09-13 13:49:05,679 [ERROR] LogOutputStream:75 - [STDERR_REDIRECT] WARNING: Could not lock System prefs. Unix error code 5.
2026-09-13 13:49:05,679 [ERROR] LogOutputStream:75 - [STDERR_REDIRECT] 
2026-09-13 13:49:05,680 [ERROR] LogOutputStream:75 - [STDERR_REDIRECT] Sep 13, 2026 1:49:05 PM java.util.prefs.FileSystemPreferences syncWorld
2026-09-13 13:49:05,680 [ERROR] LogOutputStream:75 - [STDERR_REDIRECT] WARNING: Couldn't flush system prefs: java.util.prefs.BackingStoreException: Couldn't get file lock.
2026-09-13 13:49:05,680 [ERROR] LogOutputStream:75 - [STDERR_REDIRECT] 
2026-09-13 13:49:35,681 [ERROR] LogOutputStream:75 - [STDERR_REDIRECT] Sep 13, 2026 1:49:35 PM java.util.prefs.FileSystemPreferences checkLockFile0ErrorCode
2026-09-13 13:49:35,682 [ERROR] LogOutputStream:75 - [STDERR_REDIRECT] WARNING: Could not lock System prefs. Unix error code 5.
2026-09-13 13:49:35,682 [ERROR] LogOutputStream:75 - [STDERR_REDIRECT] 
2026-09-13 13:49:35,683 [ERROR] LogOutputStream:75 - [STDERR_REDIRECT] Sep 13, 2026 1:49:35 PM java.util.prefs.FileSystemPreferences syncWorld
2026-09-13 13:49:35,684 [ERROR] LogOutputStream:75 - [STDERR_REDIRECT] WARNING: Couldn't flush system prefs: java.util.prefs.BackingStoreException: Couldn't get file lock.
2026-09-13 13:49:35,684 [ERROR] LogOutputStream:75 - [STDERR_REDIRECT] 
2026-09-13 13:50:05,680 [ERROR] LogOutputStream:75 - [STDERR_REDIRECT] Sep 13, 2026 1:50:05 PM java.util.prefs.FileSystemPreferences checkLockFile0ErrorCode
2026-09-13 13:50:05,680 [ERROR] LogOutputStream:75 - [STDERR_REDIRECT] WARNING: Could not lock System prefs. Unix error code 5.
2026-09-13 13:50:05,680 [ERROR] LogOutputStream:75 - [STDERR_REDIRECT] 
2026-09-13 13:50:05,681 [ERROR] LogOutputStream:75 - [STDERR_REDIRECT] Sep 13, 2026 1:50:05 PM java.util.prefs.FileSystemPreferences syncWorld
2026-09-13 13:50:05,681 [ERROR] LogOutputStream:75 - [STDERR_REDIRECT] WARNING: Couldn't flush system prefs: java.util.prefs.BackingStoreException: Couldn't get file lock.
2026-09-13 13:50:05,681 [ERROR] LogOutputStream:75 - [STDERR_REDIRECT] 
2026-09-13 13:50:35,679 [ERROR] LogOutputStream:75 - [STDERR_REDIRECT] Sep 13, 2026 1:50:35 PM java.util.prefs.FileSystemPreferences checkLockFile0ErrorCode
2026-09-13 13:50:35,680 [ERROR] LogOutputStream:75 - [STDERR_REDIRECT] WARNING: Could not lock System prefs. Unix error code 5.
2026-09-13 13:50:35,680 [ERROR] LogOutputStream:75 - [STDERR_REDIRECT] 
2026-09-13 13:50:35,681 [ERROR] LogOutputStream:75 - [STDERR_REDIRECT] Sep 13, 2026 1:50:35 PM java.util.prefs.FileSystemPreferences syncWorld
2026-09-13 13:50:35,681 [ERROR] LogOutputStream:75 - [STDERR_REDIRECT] WARNING: Couldn't flush system prefs: java.util.prefs.BackingStoreException: Couldn't get file lock.
2026-09-13 13:50:35,681 [ERROR] LogOutputStream:75 - [STDERR_REDIRECT] 
2026-09-13 13:51:05,679 [ERROR] LogOutputStream:75 - [STDERR_REDIRECT] Sep 13, 2026 1:51:05 PM java.util.prefs.FileSystemPreferences checkLockFile0ErrorCode
2026-09-13 13:51:05,680 [ERROR] LogOutputStream:75 - [STDERR_REDIRECT] WARNING: Could not lock System prefs. Unix error code 5.
2026-09-13 13:51:05,680 [ERROR] LogOutputStream:75 - [STDERR_REDIRECT] 
2026-09-13 13:51:05,680 [ERROR] LogOutputStream:75 - [STDERR_REDIRECT] Sep 13, 2026 1:51:05 PM java.util.prefs.FileSystemPreferences syncWorld
2026-09-13 13:51:05,681 [ERROR] LogOutputStream:75 - [STDERR_REDIRECT] WARNING: Couldn't flush system prefs: java.util.prefs.BackingStoreException: Couldn't get file lock.
2026-09-13 13:51:05,681 [ERROR] LogOutputStream:75 - [STDERR_REDIRECT] 
2026-09-13 13:51:35,679 [ERROR] LogOutputStream:75 - [STDERR_REDIRECT] Sep 13, 2026 1:51:35 PM java.util.prefs.FileSystemPreferences checkLockFile0ErrorCode
2026-09-13 13:51:35,679 [ERROR] LogOutputStream:75 - [STDERR_REDIRECT] WARNING: Could not lock System prefs. Unix error code 5.
2026-09-13 13:51:35,679 [ERROR] LogOutputStream:75 - [STDERR_REDIRECT] 
2026-09-13 13:51:35,680 [ERROR] LogOutputStream:75 - [STDERR_REDIRECT] Sep 13, 2026 1:51:35 PM java.util.prefs.FileSystemPreferences syncWorld
2026-09-13 13:51:35,680 [ERROR] LogOutputStream:75 - [STDERR_REDIRECT] WARNING: Couldn't flush system prefs: java.util.prefs.BackingStoreException: Couldn't get file lock.
2026-09-13 13:51:35,680 [ERROR] LogOutputStream:75 - [STDERR_REDIRECT] 
2026-09-13 13:52:05,684 [ERROR] LogOutputStream:75 - [STDERR_REDIRECT] Sep 13, 2026 1:52:05 PM java.util.prefs.FileSystemPreferences checkLockFile0ErrorCode
2026-09-13 13:52:05,685 [ERROR] LogOutputStream:75 - [STDERR_REDIRECT] WARNING: Could not lock System prefs. Unix error code 5.
2026-09-13 13:52:05,685 [ERROR] LogOutputStream:75 - [STDERR_REDIRECT] 
2026-09-13 13:52:05,686 [ERROR] LogOutputStream:75 - [STDERR_REDIRECT] Sep 13, 2026 1:52:05 PM java.util.prefs.FileSystemPreferences syncWorld
2026-09-13 13:52:05,686 [ERROR] LogOutputStream:75 - [STDERR_REDIRECT] WARNING: Couldn't flush system prefs: java.util.prefs.BackingStoreException: Couldn't get file lock.
2026-09-13 13:52:05,686 [ERROR] LogOutputStream:75 - [STDERR_REDIRECT] 
2026-09-13 13:52:35,680 [ERROR] LogOutputStream:75 - [STDERR_REDIRECT] Sep 13, 2026 1:52:35 PM java.util.prefs.FileSystemPreferences checkLockFile0ErrorCode
2026-09-13 13:52:35,680 [ERROR] LogOutputStream:75 - [STDERR_REDIRECT] WARNING: Could not lock System prefs. Unix error code 5.
2026-09-13 13:52:35,681 [ERROR] LogOutputStream:75 - [STDERR_REDIRECT] 
2026-09-13 13:52:35,681 [ERROR] LogOutputStream:75 - [STDERR_REDIRECT] Sep 13, 2026 1:52:35 PM java.util.prefs.FileSystemPreferences syncWorld
2026-09-13 13:52:35,681 [ERROR] LogOutputStream:75 - [STDERR_REDIRECT] WARNING: Couldn't flush system prefs: java.util.prefs.BackingStoreException: Couldn't get file lock.
2026-09-13 13:52:35,681 [ERROR] LogOutputStream:75 - [STDERR_REDIRECT] 
2026-09-13 13:53:05,682 [ERROR] LogOutputStream:75 - [STDERR_REDIRECT] Sep 13, 2026 1:53:05 PM java.util.prefs.FileSystemPreferences checkLockFile0ErrorCode
2026-09-13 13:53:05,682 [ERROR] LogOutputStream:75 - [STDERR_REDIRECT] WARNING: Could not lock System prefs. Unix error code 5.
2026-09-13 13:53:05,682 [ERROR] LogOutputStream:75 - [STDERR_REDIRECT] 
2026-09-13 13:53:05,682 [ERROR] LogOutputStream:75 - [STDERR_REDIRECT] Sep 13, 2026 1:53:05 PM java.util.prefs.FileSystemPreferences syncWorld
2026-09-13 13:53:05,683 [ERROR] LogOutputStream:75 - [STDERR_REDIRECT] WARNING: Couldn't flush system prefs: java.util.prefs.BackingStoreException: Couldn't get file lock.
2026-09-13 13:53:05,683 [ERROR] LogOutputStream:75 - [STDERR_REDIRECT] 
2026-09-13 13:53:35,680 [ERROR] LogOutputStream:75 - [STDERR_REDIRECT] Sep 13, 2026 1:53:35 PM java.util.prefs.FileSystemPreferences checkLockFile0ErrorCode
2026-09-13 13:53:35,681 [ERROR] LogOutputStream:75 - [STDERR_REDIRECT] WARNING: Could not lock System prefs. Unix error code 5.
2026-09-13 13:53:35,681 [ERROR] LogOutputStream:75 - [STDERR_REDIRECT] 
2026-09-13 13:53:35,681 [ERROR] LogOutputStream:75 - [STDERR_REDIRECT] Sep 13, 2026 1:53:35 PM java.util.prefs.FileSystemPreferences syncWorld
2026-09-13 13:53:35,681 [ERROR] LogOutputStream:75 - [STDERR_REDIRECT] WARNING: Couldn't flush system prefs: java.util.prefs.BackingStoreException: Couldn't get file lock.
2026-09-13 13:53:35,683 [ERROR] LogOutputStream:75 - [STDERR_REDIRECT] 
2026-09-13 13:54:05,680 [ERROR] LogOutputStream:75 - [STDERR_REDIRECT] Sep 13, 2026 1:54:05 PM java.util.prefs.FileSystemPreferences checkLockFile0ErrorCode
2026-09-13 13:54:05,680 [ERROR] LogOutputStream:75 - [STDERR_REDIRECT] WARNING: Could not lock System prefs. Unix error code 5.
2026-09-13 13:54:05,681 [ERROR] LogOutputStream:75 - [STDERR_REDIRECT] 
2026-09-13 13:54:05,681 [ERROR] LogOutputStream:75 - [STDERR_REDIRECT] Sep 13, 2026 1:54:05 PM java.util.prefs.FileSystemPreferences syncWorld
2026-09-13 13:54:05,681 [ERROR] LogOutputStream:75 - [STDERR_REDIRECT] WARNING: Couldn't flush system prefs: java.util.prefs.BackingStoreException: Couldn't get file lock.
2026-09-13 13:54:05,682 [ERROR] LogOutputStream:75 - [STDERR_REDIRECT] 
2026-09-13 13:54:35,680 [ERROR] LogOutputStream:75 - [STDERR_REDIRECT] Sep 13, 2026 1:54:35 PM java.util.prefs.FileSystemPreferences checkLockFile0ErrorCode
2026-09-13 13:54:35,680 [ERROR] LogOutputStream:75 - [STDERR_REDIRECT] WARNING: Could not lock System prefs. Unix error code 5.
2026-09-13 13:54:35,680 [ERROR] LogOutputStream:75 - [STDERR_REDIRECT] 
2026-09-13 13:54:35,681 [ERROR] LogOutputStream:75 - [STDERR_REDIRECT] Sep 13, 2026 1:54:35 PM java.util.prefs.FileSystemPreferences syncWorld
2026-09-13 13:54:35,681 [ERROR] LogOutputStream:75 - [STDERR_REDIRECT] WARNING: Couldn't flush system prefs: java.util.prefs.BackingStoreException: Couldn't get file lock.
2026-09-13 13:54:35,681 [ERROR] LogOutputStream:75 - [STDERR_REDIRECT] 
2026-09-13 13:55:05,680 [ERROR] LogOutputStream:75 - [STDERR_REDIRECT] Sep 13, 2026 1:55:05 PM java.util.prefs.FileSystemPreferences checkLockFile0ErrorCode
2026-09-13 13:55:05,681 [ERROR] LogOutputStream:75 - [STDERR_REDIRECT] WARNING: Could not lock System prefs. Unix error code 5.
2026-09-13 13:55:05,681 [ERROR] LogOutputStream:75 - [STDERR_REDIRECT] 
2026-09-13 13:55:05,681 [ERROR] LogOutputStream:75 - [STDERR_REDIRECT] Sep 13, 2026 1:55:05 PM java.util.prefs.FileSystemPreferences syncWorld
2026-09-13 13:55:05,683 [ERROR] LogOutputStream:75 - [STDERR_REDIRECT] WARNING: Couldn't flush system prefs: java.util.prefs.BackingStoreException: Couldn't get file lock.
2026-09-13 13:55:05,683 [ERROR] LogOutputStream:75 - [STDERR_REDIRECT] 
2026-09-13 13:55:35,680 [ERROR] LogOutputStream:75 - [STDERR_REDIRECT] Sep 13, 2026 1:55:35 PM java.util.prefs.FileSystemPreferences checkLockFile0ErrorCode
2026-09-13 13:55:35,680 [ERROR] LogOutputStream:75 - [STDERR_REDIRECT] WARNING: Could not lock System prefs. Unix error code 5.
2026-09-13 13:55:35,680 [ERROR] LogOutputStream:75 - [STDERR_REDIRECT] 
2026-09-13 13:55:35,681 [ERROR] LogOutputStream:75 - [STDERR_REDIRECT] Sep 13, 2026 1:55:35 PM java.util.prefs.FileSystemPreferences syncWorld
2026-09-13 13:55:35,681 [ERROR] LogOutputStream:75 - [STDERR_REDIRECT] WARNING: Couldn't flush system prefs: java.util.prefs.BackingStoreException: Couldn't get file lock.
2026-09-13 13:55:35,681 [ERROR] LogOutputStream:75 - [STDERR_REDIRECT] 
2026-09-13 13:56:05,679 [ERROR] LogOutputStream:75 - [STDERR_REDIRECT] Sep 13, 2026 1:56:05 PM java.util.prefs.FileSystemPreferences checkLockFile0ErrorCode
2026-09-13 13:56:05,679 [ERROR] LogOutputStream:75 - [STDERR_REDIRECT] WARNING: Could not lock System prefs. Unix error code 5.
2026-09-13 13:56:05,680 [ERROR] LogOutputStream:75 - [STDERR_REDIRECT] 
2026-09-13 13:56:05,680 [ERROR] LogOutputStream:75 - [STDERR_REDIRECT] Sep 13, 2026 1:56:05 PM java.util.prefs.FileSystemPreferences syncWorld
2026-09-13 13:56:05,680 [ERROR] LogOutputStream:75 - [STDERR_REDIRECT] WARNING: Couldn't flush system prefs: java.util.prefs.BackingStoreException: Couldn't get file lock.
2026-09-13 13:56:05,680 [ERROR] LogOutputStream:75 - [STDERR_REDIRECT] 
2026-09-13 13:56:35,681 [ERROR] LogOutputStream:75 - [STDERR_REDIRECT] Sep 13, 2026 1:56:35 PM java.util.prefs.FileSystemPreferences checkLockFile0ErrorCode
2026-09-13 13:56:35,681 [ERROR] LogOutputStream:75 - [STDERR_REDIRECT] WARNING: Could not lock System prefs. Unix error code 5.
2026-09-13 13:56:35,681 [ERROR] LogOutputStream:75 - [STDERR_REDIRECT] 
2026-09-13 13:56:35,682 [ERROR] LogOutputStream:75 - [STDERR_REDIRECT] Sep 13, 2026 1:56:35 PM java.util.prefs.FileSystemPreferences syncWorld
2026-09-13 13:56:35,682 [ERROR] LogOutputStream:75 - [STDERR_REDIRECT] WARNING: Couldn't flush system prefs: java.util.prefs.BackingStoreException: Couldn't get file lock.
2026-09-13 13:56:35,682 [ERROR] LogOutputStream:75 - [STDERR_REDIRECT] 
2026-09-13 13:57:05,680 [ERROR] LogOutputStream:75 - [STDERR_REDIRECT] Sep 13, 2026 1:57:05 PM java.util.prefs.FileSystemPreferences checkLockFile0ErrorCode
2026-09-13 13:57:05,680 [ERROR] LogOutputStream:75 - [STDERR_REDIRECT] WARNING: Could not lock System prefs. Unix error code 5.
2026-09-13 13:57:05,681 [ERROR] LogOutputStream:75 - [STDERR_REDIRECT] 
2026-09-13 13:57:05,688 [ERROR] LogOutputStream:75 - [STDERR_REDIRECT] Sep 13, 2026 1:57:05 PM java.util.prefs.FileSystemPreferences syncWorld
2026-09-13 13:57:05,688 [ERROR] LogOutputStream:75 - [STDERR_REDIRECT] WARNING: Couldn't flush system prefs: java.util.prefs.BackingStoreException: Couldn't get file lock.
2026-09-13 13:57:05,688 [ERROR] LogOutputStream:75 - [STDERR_REDIRECT] 
2026-09-13 13:57:35,683 [ERROR] LogOutputStream:75 - [STDERR_REDIRECT] Sep 13, 2026 1:57:35 PM java.util.prefs.FileSystemPreferences checkLockFile0ErrorCode
2026-09-13 13:57:35,684 [ERROR] LogOutputStream:75 - [STDERR_REDIRECT] WARNING: Could not lock System prefs. Unix error code 5.
2026-09-13 13:57:35,684 [ERROR] LogOutputStream:75 - [STDERR_REDIRECT] 
2026-09-13 13:57:35,686 [ERROR] LogOutputStream:75 - [STDERR_REDIRECT] Sep 13, 2026 1:57:35 PM java.util.prefs.FileSystemPreferences syncWorld
2026-09-13 13:57:35,686 [ERROR] LogOutputStream:75 - [STDERR_REDIRECT] WARNING: Couldn't flush system prefs: java.util.prefs.BackingStoreException: Couldn't get file lock.
2026-09-13 13:57:35,686 [ERROR] LogOutputStream:75 - [STDERR_REDIRECT] 
2026-09-13 13:58:05,705 [ERROR] LogOutputStream:75 - [STDERR_REDIRECT] Sep 13, 2026 1:58:05 PM java.util.prefs.FileSystemPreferences checkLockFile0ErrorCode
2026-09-13 13:58:05,705 [ERROR] LogOutputStream:75 - [STDERR_REDIRECT] WARNING: Could not lock System prefs. Unix error code 5.
2026-09-13 13:58:05,705 [ERROR] LogOutputStream:75 - [STDERR_REDIRECT] 
2026-09-13 13:58:05,706 [ERROR] LogOutputStream:75 - [STDERR_REDIRECT] Sep 13, 2026 1:58:05 PM java.util.prefs.FileSystemPreferences syncWorld
2026-09-13 13:58:05,706 [ERROR] LogOutputStream:75 - [STDERR_REDIRECT] WARNING: Couldn't flush system prefs: java.util.prefs.BackingStoreException: Couldn't get file lock.
2026-09-13 13:58:05,706 [ERROR] LogOutputStream:75 - [STDERR_REDIRECT] 
2026-09-13 13:58:35,687 [ERROR] LogOutputStream:75 - [STDERR_REDIRECT] Sep 13, 2026 1:58:35 PM java.util.prefs.FileSystemPreferences checkLockFile0ErrorCode
2026-09-13 13:58:35,688 [ERROR] LogOutputStream:75 - [STDERR_REDIRECT] WARNING: Could not lock System prefs. Unix error code 5.
2026-09-13 13:58:35,688 [ERROR] LogOutputStream:75 - [STDERR_REDIRECT] 
2026-09-13 13:58:35,688 [ERROR] LogOutputStream:75 - [STDERR_REDIRECT] Sep 13, 2026 1:58:35 PM java.util.prefs.FileSystemPreferences syncWorld
2026-09-13 13:58:35,688 [ERROR] LogOutputStream:75 - [STDERR_REDIRECT] WARNING: Couldn't flush system prefs: java.util.prefs.BackingStoreException: Couldn't get file lock.
2026-09-13 13:58:35,688 [ERROR] LogOutputStream:75 - [STDERR_REDIRECT] 
2026-09-13 13:59:05,683 [ERROR] LogOutputStream:75 - [STDERR_REDIRECT] Sep 13, 2026 1:59:05 PM java.util.prefs.FileSystemPreferences checkLockFile0ErrorCode
2026-09-13 13:59:05,683 [ERROR] LogOutputStream:75 - [STDERR_REDIRECT] WARNING: Could not lock System prefs. Unix error code 5.
2026-09-13 13:59:05,683 [ERROR] LogOutputStream:75 - [STDERR_REDIRECT] 
2026-09-13 13:59:05,684 [ERROR] LogOutputStream:75 - [STDERR_REDIRECT] Sep 13, 2026 1:59:05 PM java.util.prefs.FileSystemPreferences syncWorld
2026-09-13 13:59:05,684 [ERROR] LogOutputStream:75 - [STDERR_REDIRECT] WARNING: Couldn't flush system prefs: java.util.prefs.BackingStoreException: Couldn't get file lock.
2026-09-13 13:59:05,684 [ERROR] LogOutputStream:75 - [STDERR_REDIRECT] 
2026-09-13 13:59:35,686 [ERROR] LogOutputStream:75 - [STDERR_REDIRECT] Sep 13, 2026 1:59:35 PM java.util.prefs.FileSystemPreferences checkLockFile0ErrorCode
2026-09-13 13:59:35,687 [ERROR] LogOutputStream:75 - [STDERR_REDIRECT] WARNING: Could not lock System prefs. Unix error code 5.
2026-09-13 13:59:35,687 [ERROR] LogOutputStream:75 - [STDERR_REDIRECT] 
2026-09-13 13:59:35,687 [ERROR] LogOutputStream:75 - [STDERR_REDIRECT] Sep 13, 2026 1:59:35 PM java.util.prefs.FileSystemPreferences syncWorld
2026-09-13 13:59:35,687 [ERROR] LogOutputStream:75 - [STDERR_REDIRECT] WARNING: Couldn't flush system prefs: java.util.prefs.BackingStoreException: Couldn't get file lock.
2026-09-13 13:59:35,689 [ERROR] LogOutputStream:75 - [STDERR_REDIRECT] 
2026-09-13 14:00:05,684 [ERROR] LogOutputStream:75 - [STDERR_REDIRECT] Sep 13, 2026 2:00:05 PM java.util.prefs.FileSystemPreferences checkLockFile0ErrorCode
2026-09-13 14:00:05,684 [ERROR] LogOutputStream:75 - [STDERR_REDIRECT] WARNING: Could not lock System prefs. Unix error code 5.
2026-09-13 14:00:05,684 [ERROR] LogOutputStream:75 - [STDERR_REDIRECT] 
2026-09-13 14:00:05,685 [ERROR] LogOutputStream:75 - [STDERR_REDIRECT] Sep 13, 2026 2:00:05 PM java.util.prefs.FileSystemPreferences syncWorld
2026-09-13 14:00:05,685 [ERROR] LogOutputStream:75 - [STDERR_REDIRECT] WARNING: Couldn't flush system prefs: java.util.prefs.BackingStoreException: Couldn't get file lock.
2026-09-13 14:00:05,685 [ERROR] LogOutputStream:75 - [STDERR_REDIRECT] 
2026-09-13 14:00:35,700 [ERROR] LogOutputStream:75 - [STDERR_REDIRECT] Sep 13, 2026 2:00:35 PM java.util.prefs.FileSystemPreferences checkLockFile0ErrorCode
2026-09-13 14:00:35,701 [ERROR] LogOutputStream:75 - [STDERR_REDIRECT] WARNING: Could not lock System prefs. Unix error code 5.
2026-09-13 14:00:35,701 [ERROR] LogOutputStream:75 - [STDERR_REDIRECT] 
2026-09-13 14:00:35,701 [ERROR] LogOutputStream:75 - [STDERR_REDIRECT] Sep 13, 2026 2:00:35 PM java.util.prefs.FileSystemPreferences syncWorld
2026-09-13 14:00:35,701 [ERROR] LogOutputStream:75 - [STDERR_REDIRECT] WARNING: Couldn't flush system prefs: java.util.prefs.BackingStoreException: Couldn't get file lock.
2026-09-13 14:00:35,704 [ERROR] LogOutputStream:75 - [STDERR_REDIRECT] 
2026-09-13 14:01:05,702 [ERROR] LogOutputStream:75 - [STDERR_REDIRECT] Sep 13, 2026 2:01:05 PM java.util.prefs.FileSystemPreferences checkLockFile0ErrorCode
2026-09-13 14:01:05,702 [ERROR] LogOutputStream:75 - [STDERR_REDIRECT] WARNING: Could not lock System prefs. Unix error code 5.
2026-09-13 14:01:05,702 [ERROR] LogOutputStream:75 - [STDERR_REDIRECT] 
2026-09-13 14:01:05,702 [ERROR] LogOutputStream:75 - [STDERR_REDIRECT] Sep 13, 2026 2:01:05 PM java.util.prefs.FileSystemPreferences syncWorld
2026-09-13 14:01:05,704 [ERROR] LogOutputStream:75 - [STDERR_REDIRECT] WARNING: Couldn't flush system prefs: java.util.prefs.BackingStoreException: Couldn't get file lock.
2026-09-13 14:01:05,704 [ERROR] LogOutputStream:75 - [STDERR_REDIRECT] 
2026-09-13 14:01:35,702 [ERROR] LogOutputStream:75 - [STDERR_REDIRECT] Sep 13, 2026 2:01:35 PM java.util.prefs.FileSystemPreferences checkLockFile0ErrorCode
2026-09-13 14:01:35,704 [ERROR] LogOutputStream:75 - [STDERR_REDIRECT] WARNING: Could not lock System prefs. Unix error code 5.
2026-09-13 14:01:35,704 [ERROR] LogOutputStream:75 - [STDERR_REDIRECT] 
2026-09-13 14:01:35,705 [ERROR] LogOutputStream:75 - [STDERR_REDIRECT] Sep 13, 2026 2:01:35 PM java.util.prefs.FileSystemPreferences syncWorld
2026-09-13 14:01:35,705 [ERROR] LogOutputStream:75 - [STDERR_REDIRECT] WARNING: Couldn't flush system prefs: java.util.prefs.BackingStoreException: Couldn't get file lock.
2026-09-13 14:01:35,705 [ERROR] LogOutputStream:75 - [STDERR_REDIRECT] 
2026-09-13 14:02:05,716 [ERROR] LogOutputStream:75 - [STDERR_REDIRECT] Sep 13, 2026 2:02:05 PM java.util.prefs.FileSystemPreferences checkLockFile0ErrorCode
2026-09-13 14:02:05,716 [ERROR] LogOutputStream:75 - [STDERR_REDIRECT] WARNING: Could not lock System prefs. Unix error code 5.
2026-09-13 14:02:05,716 [ERROR] LogOutputStream:75 - [STDERR_REDIRECT] 
2026-09-13 14:02:05,716 [ERROR] LogOutputStream:75 - [STDERR_REDIRECT] Sep 13, 2026 2:02:05 PM java.util.prefs.FileSystemPreferences syncWorld
2026-09-13 14:02:05,718 [ERROR] LogOutputStream:75 - [STDERR_REDIRECT] WARNING: Couldn't flush system prefs: java.util.prefs.BackingStoreException: Couldn't get file lock.
2026-09-13 14:02:05,719 [ERROR] LogOutputStream:75 - [STDERR_REDIRECT] 
2026-09-13 14:02:35,704 [ERROR] LogOutputStream:75 - [STDERR_REDIRECT] Sep 13, 2026 2:02:35 PM java.util.prefs.FileSystemPreferences checkLockFile0ErrorCode
2026-09-13 14:02:35,704 [ERROR] LogOutputStream:75 - [STDERR_REDIRECT] WARNING: Could not lock System prefs. Unix error code 5.
2026-09-13 14:02:35,707 [ERROR] LogOutputStream:75 - [STDERR_REDIRECT] 
2026-09-13 14:02:35,710 [ERROR] LogOutputStream:75 - [STDERR_REDIRECT] Sep 13, 2026 2:02:35 PM java.util.prefs.FileSystemPreferences syncWorld
2026-09-13 14:02:35,711 [ERROR] LogOutputStream:75 - [STDERR_REDIRECT] WARNING: Couldn't flush system prefs: java.util.prefs.BackingStoreException: Couldn't get file lock.
2026-09-13 14:02:35,711 [ERROR] LogOutputStream:75 - [STDERR_REDIRECT] 
2026-09-13 14:03:05,701 [ERROR] LogOutputStream:75 - [STDERR_REDIRECT] Sep 13, 2026 2:03:05 PM java.util.prefs.FileSystemPreferences checkLockFile0ErrorCode
2026-09-13 14:03:05,701 [ERROR] LogOutputStream:75 - [STDERR_REDIRECT] WARNING: Could not lock System prefs. Unix error code 5.
2026-09-13 14:03:05,702 [ERROR] LogOutputStream:75 - [STDERR_REDIRECT] 
2026-09-13 14:03:05,702 [ERROR] LogOutputStream:75 - [STDERR_REDIRECT] Sep 13, 2026 2:03:05 PM java.util.prefs.FileSystemPreferences syncWorld
2026-09-13 14:03:05,702 [ERROR] LogOutputStream:75 - [STDERR_REDIRECT] WARNING: Couldn't flush system prefs: java.util.prefs.BackingStoreException: Couldn't get file lock.
2026-09-13 14:03:05,703 [ERROR] LogOutputStream:75 - [STDERR_REDIRECT] 
2026-09-13 14:03:35,701 [ERROR] LogOutputStream:75 - [STDERR_REDIRECT] Sep 13, 2026 2:03:35 PM java.util.prefs.FileSystemPreferences checkLockFile0ErrorCode
2026-09-13 14:03:35,702 [ERROR] LogOutputStream:75 - [STDERR_REDIRECT] WARNING: Could not lock System prefs. Unix error code 5.
2026-09-13 14:03:35,702 [ERROR] LogOutputStream:75 - [STDERR_REDIRECT] 
2026-09-13 14:03:35,702 [ERROR] LogOutputStream:75 - [STDERR_REDIRECT] Sep 13, 2026 2:03:35 PM java.util.prefs.FileSystemPreferences syncWorld
2026-09-13 14:03:35,702 [ERROR] LogOutputStream:75 - [STDERR_REDIRECT] WARNING: Couldn't flush system prefs: java.util.prefs.BackingStoreException: Couldn't get file lock.
2026-09-13 14:03:35,702 [ERROR] LogOutputStream:75 - [STDERR_REDIRECT] 
2026-09-13 14:04:05,702 [ERROR] LogOutputStream:75 - [STDERR_REDIRECT] Sep 13, 2026 2:04:05 PM java.util.prefs.FileSystemPreferences checkLockFile0ErrorCode
2026-09-13 14:04:05,702 [ERROR] LogOutputStream:75 - [STDERR_REDIRECT] WARNING: Could not lock System prefs. Unix error code 5.
2026-09-13 14:04:05,703 [ERROR] LogOutputStream:75 - [STDERR_REDIRECT] 
2026-09-13 14:04:05,707 [ERROR] LogOutputStream:75 - [STDERR_REDIRECT] Sep 13, 2026 2:04:05 PM java.util.prefs.FileSystemPreferences syncWorld
2026-09-13 14:04:05,707 [ERROR] LogOutputStream:75 - [STDERR_REDIRECT] WARNING: Couldn't flush system prefs: java.util.prefs.BackingStoreException: Couldn't get file lock.
2026-09-13 14:04:05,707 [ERROR] LogOutputStream:75 - [STDERR_REDIRECT] 
2026-09-13 14:04:35,702 [ERROR] LogOutputStream:75 - [STDERR_REDIRECT] Sep 13, 2026 2:04:35 PM java.util.prefs.FileSystemPreferences checkLockFile0ErrorCode
2026-09-13 14:04:35,702 [ERROR] LogOutputStream:75 - [STDERR_REDIRECT] WARNING: Could not lock System prefs. Unix error code 5.
2026-09-13 14:04:35,702 [ERROR] LogOutputStream:75 - [STDERR_REDIRECT] 
2026-09-13 14:04:35,703 [ERROR] LogOutputStream:75 - [STDERR_REDIRECT] Sep 13, 2026 2:04:35 PM java.util.prefs.FileSystemPreferences syncWorld
2026-09-13 14:04:35,704 [ERROR] LogOutputStream:75 - [STDERR_REDIRECT] WARNING: Couldn't flush system prefs: java.util.prefs.BackingStoreException: Couldn't get file lock.
2026-09-13 14:04:35,704 [ERROR] LogOutputStream:75 - [STDERR_REDIRECT] 
2026-09-13 14:05:05,702 [ERROR] LogOutputStream:75 - [STDERR_REDIRECT] Sep 13, 2026 2:05:05 PM java.util.prefs.FileSystemPreferences checkLockFile0ErrorCode
2026-09-13 14:05:05,702 [ERROR] LogOutputStream:75 - [STDERR_REDIRECT] WARNING: Could not lock System prefs. Unix error code 5.
2026-09-13 14:05:05,703 [ERROR] LogOutputStream:75 - [STDERR_REDIRECT] 
2026-09-13 14:05:05,703 [ERROR] LogOutputStream:75 - [STDERR_REDIRECT] Sep 13, 2026 2:05:05 PM java.util.prefs.FileSystemPreferences syncWorld
2026-09-13 14:05:05,706 [ERROR] LogOutputStream:75 - [STDERR_REDIRECT] WARNING: Couldn't flush system prefs: java.util.prefs.BackingStoreException: Couldn't get file lock.
2026-09-13 14:05:05,706 [ERROR] LogOutputStream:75 - [STDERR_REDIRECT] 
2026-09-13 14:05:35,731 [ERROR] LogOutputStream:75 - [STDERR_REDIRECT] Sep 13, 2026 2:05:35 PM java.util.prefs.FileSystemPreferences checkLockFile0ErrorCode
2026-09-13 14:05:35,731 [ERROR] LogOutputStream:75 - [STDERR_REDIRECT] WARNING: Could not lock System prefs. Unix error code 5.
2026-09-13 14:05:35,731 [ERROR] LogOutputStream:75 - [STDERR_REDIRECT] 
2026-09-13 14:05:35,732 [ERROR] LogOutputStream:75 - [STDERR_REDIRECT] Sep 13, 2026 2:05:35 PM java.util.prefs.FileSystemPreferences syncWorld
2026-09-13 14:05:35,732 [ERROR] LogOutputStream:75 - [STDERR_REDIRECT] WARNING: Couldn't flush system prefs: java.util.prefs.BackingStoreException: Couldn't get file lock.
2026-09-13 14:05:35,732 [ERROR] LogOutputStream:75 - [STDERR_REDIRECT] 
2026-09-13 14:06:05,702 [ERROR] LogOutputStream:75 - [STDERR_REDIRECT] Sep 13, 2026 2:06:05 PM java.util.prefs.FileSystemPreferences checkLockFile0ErrorCode
2026-09-13 14:06:05,702 [ERROR] LogOutputStream:75 - [STDERR_REDIRECT] WARNING: Could not lock System prefs. Unix error code 5.
2026-09-13 14:06:05,704 [ERROR] LogOutputStream:75 - [STDERR_REDIRECT] 
2026-09-13 14:06:05,704 [ERROR] LogOutputStream:75 - [STDERR_REDIRECT] Sep 13, 2026 2:06:05 PM java.util.prefs.FileSystemPreferences syncWorld
2026-09-13 14:06:05,704 [ERROR] LogOutputStream:75 - [STDERR_REDIRECT] WARNING: Couldn't flush system prefs: java.util.prefs.BackingStoreException: Couldn't get file lock.
2026-09-13 14:06:05,705 [ERROR] LogOutputStream:75 - [STDERR_REDIRECT] 
2026-09-13 14:06:35,701 [ERROR] LogOutputStream:75 - [STDERR_REDIRECT] Sep 13, 2026 2:06:35 PM java.util.prefs.FileSystemPreferences checkLockFile0ErrorCode
2026-09-13 14:06:35,702 [ERROR] LogOutputStream:75 - [STDERR_REDIRECT] WARNING: Could not lock System prefs. Unix error code 5.
2026-09-13 14:06:35,702 [ERROR] LogOutputStream:75 - [STDERR_REDIRECT] 
2026-09-13 14:06:35,703 [ERROR] LogOutputStream:75 - [STDERR_REDIRECT] Sep 13, 2026 2:06:35 PM java.util.prefs.FileSystemPreferences syncWorld
2026-09-13 14:06:35,703 [ERROR] LogOutputStream:75 - [STDERR_REDIRECT] WARNING: Couldn't flush system prefs: java.util.prefs.BackingStoreException: Couldn't get file lock.
2026-09-13 14:06:35,703 [ERROR] LogOutputStream:75 - [STDERR_REDIRECT] 
2026-09-13 14:07:05,710 [ERROR] LogOutputStream:75 - [STDERR_REDIRECT] Sep 13, 2026 2:07:05 PM java.util.prefs.FileSystemPreferences checkLockFile0ErrorCode
2026-09-13 14:07:05,710 [ERROR] LogOutputStream:75 - [STDERR_REDIRECT] WARNING: Could not lock System prefs. Unix error code 5.
2026-09-13 14:07:05,710 [ERROR] LogOutputStream:75 - [STDERR_REDIRECT] 
2026-09-13 14:07:05,711 [ERROR] LogOutputStream:75 - [STDERR_REDIRECT] Sep 13, 2026 2:07:05 PM java.util.prefs.FileSystemPreferences syncWorld
2026-09-13 14:07:05,711 [ERROR] LogOutputStream:75 - [STDERR_REDIRECT] WARNING: Couldn't flush system prefs: java.util.prefs.BackingStoreException: Couldn't get file lock.
2026-09-13 14:07:05,711 [ERROR] LogOutputStream:75 - [STDERR_REDIRECT] 
2026-09-13 14:07:35,710 [ERROR] LogOutputStream:75 - [STDERR_REDIRECT] Sep 13, 2026 2:07:35 PM java.util.prefs.FileSystemPreferences checkLockFile0ErrorCode
2026-09-13 14:07:35,711 [ERROR] LogOutputStream:75 - [STDERR_REDIRECT] WARNING: Could not lock System prefs. Unix error code 5.
2026-09-13 14:07:35,711 [ERROR] LogOutputStream:75 - [STDERR_REDIRECT] 
2026-09-13 14:07:35,712 [ERROR] LogOutputStream:75 - [STDERR_REDIRECT] Sep 13, 2026 2:07:35 PM java.util.prefs.FileSystemPreferences syncWorld
2026-09-13 14:07:35,713 [ERROR] LogOutputStream:75 - [STDERR_REDIRECT] WARNING: Couldn't flush system prefs: java.util.prefs.BackingStoreException: Couldn't get file lock.
2026-09-13 14:07:35,717 [ERROR] LogOutputStream:75 - [STDERR_REDIRECT] 
2026-09-13 14:08:05,709 [ERROR] LogOutputStream:75 - [STDERR_REDIRECT] Sep 13, 2026 2:08:05 PM java.util.prefs.FileSystemPreferences checkLockFile0ErrorCode
2026-09-13 14:08:05,709 [ERROR] LogOutputStream:75 - [STDERR_REDIRECT] WARNING: Could not lock System prefs. Unix error code 5.
2026-09-13 14:08:05,709 [ERROR] LogOutputStream:75 - [STDERR_REDIRECT] 
2026-09-13 14:08:05,712 [ERROR] LogOutputStream:75 - [STDERR_REDIRECT] Sep 13, 2026 2:08:05 PM java.util.prefs.FileSystemPreferences syncWorld
2026-09-13 14:08:05,712 [ERROR] LogOutputStream:75 - [STDERR_REDIRECT] WARNING: Couldn't flush system prefs: java.util.prefs.BackingStoreException: Couldn't get file lock.
2026-09-13 14:08:05,712 [ERROR] LogOutputStream:75 - [STDERR_REDIRECT] 
2026-09-13 14:08:35,711 [ERROR] LogOutputStream:75 - [STDERR_REDIRECT] Sep 13, 2026 2:08:35 PM java.util.prefs.FileSystemPreferences checkLockFile0ErrorCode
2026-09-13 14:08:35,711 [ERROR] LogOutputStream:75 - [STDERR_REDIRECT] WARNING: Could not lock System prefs. Unix error code 5.
2026-09-13 14:08:35,711 [ERROR] LogOutputStream:75 - [STDERR_REDIRECT] 
2026-09-13 14:08:35,713 [ERROR] LogOutputStream:75 - [STDERR_REDIRECT] Sep 13, 2026 2:08:35 PM java.util.prefs.FileSystemPreferences syncWorld
2026-09-13 14:08:35,713 [ERROR] LogOutputStream:75 - [STDERR_REDIRECT] WARNING: Couldn't flush system prefs: java.util.prefs.BackingStoreException: Couldn't get file lock.
2026-09-13 14:08:35,713 [ERROR] LogOutputStream:75 - [STDERR_REDIRECT] 
2026-09-13 14:09:05,732 [ERROR] LogOutputStream:75 - [STDERR_REDIRECT] Sep 13, 2026 2:09:05 PM java.util.prefs.FileSystemPreferences checkLockFile0ErrorCode
2026-09-13 14:09:05,732 [ERROR] LogOutputStream:75 - [STDERR_REDIRECT] WARNING: Could not lock System prefs. Unix error code 5.
2026-09-13 14:09:05,732 [ERROR] LogOutputStream:75 - [STDERR_REDIRECT] 
2026-09-13 14:09:05,733 [ERROR] LogOutputStream:75 - [STDERR_REDIRECT] Sep 13, 2026 2:09:05 PM java.util.prefs.FileSystemPreferences syncWorld
2026-09-13 14:09:05,733 [ERROR] LogOutputStream:75 - [STDERR_REDIRECT] WARNING: Couldn't flush system prefs: java.util.prefs.BackingStoreException: Couldn't get file lock.
2026-09-13 14:09:05,733 [ERROR] LogOutputStream:75 - [STDERR_REDIRECT] 
2026-09-13 14:09:35,710 [ERROR] LogOutputStream:75 - [STDERR_REDIRECT] Sep 13, 2026 2:09:35 PM java.util.prefs.FileSystemPreferences checkLockFile0ErrorCode
2026-09-13 14:09:35,710 [ERROR] LogOutputStream:75 - [STDERR_REDIRECT] WARNING: Could not lock System prefs. Unix error code 5.
2026-09-13 14:09:35,710 [ERROR] LogOutputStream:75 - [STDERR_REDIRECT] 
2026-09-13 14:09:35,711 [ERROR] LogOutputStream:75 - [STDERR_REDIRECT] Sep 13, 2026 2:09:35 PM java.util.prefs.FileSystemPreferences syncWorld
2026-09-13 14:09:35,711 [ERROR] LogOutputStream:75 - [STDERR_REDIRECT] WARNING: Couldn't flush system prefs: java.util.prefs.BackingStoreException: Couldn't get file lock.
2026-09-13 14:09:35,711 [ERROR] LogOutputStream:75 - [STDERR_REDIRECT] 
2026-09-13 14:10:05,712 [ERROR] LogOutputStream:75 - [STDERR_REDIRECT] Sep 13, 2026 2:10:05 PM java.util.prefs.FileSystemPreferences checkLockFile0ErrorCode
2026-09-13 14:10:05,712 [ERROR] LogOutputStream:75 - [STDERR_REDIRECT] WARNING: Could not lock System prefs. Unix error code 5.
2026-09-13 14:10:05,712 [ERROR] LogOutputStream:75 - [STDERR_REDIRECT] 
2026-09-13 14:10:05,716 [ERROR] LogOutputStream:75 - [STDERR_REDIRECT] Sep 13, 2026 2:10:05 PM java.util.prefs.FileSystemPreferences syncWorld
2026-09-13 14:10:05,716 [ERROR] LogOutputStream:75 - [STDERR_REDIRECT] WARNING: Couldn't flush system prefs: java.util.prefs.BackingStoreException: Couldn't get file lock.
2026-09-13 14:10:05,716 [ERROR] LogOutputStream:75 - [STDERR_REDIRECT] 
2026-09-13 14:10:35,712 [ERROR] LogOutputStream:75 - [STDERR_REDIRECT] Sep 13, 2026 2:10:35 PM java.util.prefs.FileSystemPreferences checkLockFile0ErrorCode
2026-09-13 14:10:35,712 [ERROR] LogOutputStream:75 - [STDERR_REDIRECT] WARNING: Could not lock System prefs. Unix error code 5.
2026-09-13 14:10:35,712 [ERROR] LogOutputStream:75 - [STDERR_REDIRECT] 
2026-09-13 14:10:35,714 [ERROR] LogOutputStream:75 - [STDERR_REDIRECT] Sep 13, 2026 2:10:35 PM java.util.prefs.FileSystemPreferences syncWorld
2026-09-13 14:10:35,714 [ERROR] LogOutputStream:75 - [STDERR_REDIRECT] WARNING: Couldn't flush system prefs: java.util.prefs.BackingStoreException: Couldn't get file lock.
2026-09-13 14:10:35,714 [ERROR] LogOutputStream:75 - [STDERR_REDIRECT] 
2026-09-13 14:11:05,726 [ERROR] LogOutputStream:75 - [STDERR_REDIRECT] Sep 13, 2026 2:11:05 PM java.util.prefs.FileSystemPreferences checkLockFile0ErrorCode
2026-09-13 14:11:05,726 [ERROR] LogOutputStream:75 - [STDERR_REDIRECT] WARNING: Could not lock System prefs. Unix error code 5.
2026-09-13 14:11:05,726 [ERROR] LogOutputStream:75 - [STDERR_REDIRECT] 
2026-09-13 14:11:05,726 [ERROR] LogOutputStream:75 - [STDERR_REDIRECT] Sep 13, 2026 2:11:05 PM java.util.prefs.FileSystemPreferences syncWorld
2026-09-13 14:11:05,727 [ERROR] LogOutputStream:75 - [STDERR_REDIRECT] WARNING: Couldn't flush system prefs: java.util.prefs.BackingStoreException: Couldn't get file lock.
2026-09-13 14:11:05,727 [ERROR] LogOutputStream:75 - [STDERR_REDIRECT] 
2026-09-13 14:11:35,727 [ERROR] LogOutputStream:75 - [STDERR_REDIRECT] Sep 13, 2026 2:11:35 PM java.util.prefs.FileSystemPreferences checkLockFile0ErrorCode
2026-09-13 14:11:35,727 [ERROR] LogOutputStream:75 - [STDERR_REDIRECT] WARNING: Could not lock System prefs. Unix error code 5.
2026-09-13 14:11:35,727 [ERROR] LogOutputStream:75 - [STDERR_REDIRECT] 
2026-09-13 14:11:35,727 [ERROR] LogOutputStream:75 - [STDERR_REDIRECT] Sep 13, 2026 2:11:35 PM java.util.prefs.FileSystemPreferences syncWorld
2026-09-13 14:11:35,728 [ERROR] LogOutputStream:75 - [STDERR_REDIRECT] WARNING: Couldn't flush system prefs: java.util.prefs.BackingStoreException: Couldn't get file lock.
2026-09-13 14:11:35,728 [ERROR] LogOutputStream:75 - [STDERR_REDIRECT] 
2026-09-13 14:12:05,728 [ERROR] LogOutputStream:75 - [STDERR_REDIRECT] Sep 13, 2026 2:12:05 PM java.util.prefs.FileSystemPreferences checkLockFile0ErrorCode
2026-09-13 14:12:05,729 [ERROR] LogOutputStream:75 - [STDERR_REDIRECT] WARNING: Could not lock System prefs. Unix error code 5.
2026-09-13 14:12:05,729 [ERROR] LogOutputStream:75 - [STDERR_REDIRECT] 
2026-09-13 14:12:05,729 [ERROR] LogOutputStream:75 - [STDERR_REDIRECT] Sep 13, 2026 2:12:05 PM java.util.prefs.FileSystemPreferences syncWorld
2026-09-13 14:12:05,729 [ERROR] LogOutputStream:75 - [STDERR_REDIRECT] WARNING: Couldn't flush system prefs: java.util.prefs.BackingStoreException: Couldn't get file lock.
2026-09-13 14:12:05,729 [ERROR] LogOutputStream:75 - [STDERR_REDIRECT] 
2026-09-13 14:12:35,726 [ERROR] LogOutputStream:75 - [STDERR_REDIRECT] Sep 13, 2026 2:12:35 PM java.util.prefs.FileSystemPreferences checkLockFile0ErrorCode
2026-09-13 14:12:35,726 [ERROR] LogOutputStream:75 - [STDERR_REDIRECT] WARNING: Could not lock System prefs. Unix error code 5.
2026-09-13 14:12:35,727 [ERROR] LogOutputStream:75 - [STDERR_REDIRECT] 
2026-09-13 14:12:35,727 [ERROR] LogOutputStream:75 - [STDERR_REDIRECT] Sep 13, 2026 2:12:35 PM java.util.prefs.FileSystemPreferences syncWorld
2026-09-13 14:12:35,727 [ERROR] LogOutputStream:75 - [STDERR_REDIRECT] WARNING: Couldn't flush system prefs: java.util.prefs.BackingStoreException: Couldn't get file lock.
2026-09-13 14:12:35,727 [ERROR] LogOutputStream:75 - [STDERR_REDIRECT] 
2026-09-13 14:13:05,731 [ERROR] LogOutputStream:75 - [STDERR_REDIRECT] Sep 13, 2026 2:13:05 PM java.util.prefs.FileSystemPreferences checkLockFile0ErrorCode
2026-09-13 14:13:05,731 [ERROR] LogOutputStream:75 - [STDERR_REDIRECT] WARNING: Could not lock System prefs. Unix error code 5.
2026-09-13 14:13:05,731 [ERROR] LogOutputStream:75 - [STDERR_REDIRECT] 
2026-09-13 14:13:05,733 [ERROR] LogOutputStream:75 - [STDERR_REDIRECT] Sep 13, 2026 2:13:05 PM java.util.prefs.FileSystemPreferences syncWorld
2026-09-13 14:13:05,733 [ERROR] LogOutputStream:75 - [STDERR_REDIRECT] WARNING: Couldn't flush system prefs: java.util.prefs.BackingStoreException: Couldn't get file lock.
2026-09-13 14:13:05,733 [ERROR] LogOutputStream:75 - [STDERR_REDIRECT] 
2026-09-13 14:13:35,728 [ERROR] LogOutputStream:75 - [STDERR_REDIRECT] Sep 13, 2026 2:13:35 PM java.util.prefs.FileSystemPreferences checkLockFile0ErrorCode
2026-09-13 14:13:35,729 [ERROR] LogOutputStream:75 - [STDERR_REDIRECT] WARNING: Could not lock System prefs. Unix error code 5.
2026-09-13 14:13:35,730 [ERROR] LogOutputStream:75 - [STDERR_REDIRECT] 
2026-09-13 14:13:35,730 [ERROR] LogOutputStream:75 - [STDERR_REDIRECT] Sep 13, 2026 2:13:35 PM java.util.prefs.FileSystemPreferences syncWorld
2026-09-13 14:13:35,730 [ERROR] LogOutputStream:75 - [STDERR_REDIRECT] WARNING: Couldn't flush system prefs: java.util.prefs.BackingStoreException: Couldn't get file lock.
2026-09-13 14:13:35,730 [ERROR] LogOutputStream:75 - [STDERR_REDIRECT] 
2026-09-13 14:14:05,727 [ERROR] LogOutputStream:75 - [STDERR_REDIRECT] Sep 13, 2026 2:14:05 PM java.util.prefs.FileSystemPreferences checkLockFile0ErrorCode
2026-09-13 14:14:05,728 [ERROR] LogOutputStream:75 - [STDERR_REDIRECT] WARNING: Could not lock System prefs. Unix error code 5.
2026-09-13 14:14:05,728 [ERROR] LogOutputStream:75 - [STDERR_REDIRECT] 
2026-09-13 14:14:05,728 [ERROR] LogOutputStream:75 - [STDERR_REDIRECT] Sep 13, 2026 2:14:05 PM java.util.prefs.FileSystemPreferences syncWorld
2026-09-13 14:14:05,728 [ERROR] LogOutputStream:75 - [STDERR_REDIRECT] WARNING: Couldn't flush system prefs: java.util.prefs.BackingStoreException: Couldn't get file lock.
2026-09-13 14:14:05,728 [ERROR] LogOutputStream:75 - [STDERR_REDIRECT] 
2026-09-13 14:14:35,728 [ERROR] LogOutputStream:75 - [STDERR_REDIRECT] Sep 13, 2026 2:14:35 PM java.util.prefs.FileSystemPreferences checkLockFile0ErrorCode
2026-09-13 14:14:35,728 [ERROR] LogOutputStream:75 - [STDERR_REDIRECT] WARNING: Could not lock System prefs. Unix error code 5.
2026-09-13 14:14:35,728 [ERROR] LogOutputStream:75 - [STDERR_REDIRECT] 
2026-09-13 14:14:35,729 [ERROR] LogOutputStream:75 - [STDERR_REDIRECT] Sep 13, 2026 2:14:35 PM java.util.prefs.FileSystemPreferences syncWorld
2026-09-13 14:14:35,729 [ERROR] LogOutputStream:75 - [STDERR_REDIRECT] WARNING: Couldn't flush system prefs: java.util.prefs.BackingStoreException: Couldn't get file lock.
2026-09-13 14:14:35,729 [ERROR] LogOutputStream:75 - [STDERR_REDIRECT] 
2026-09-13 14:15:05,738 [ERROR] LogOutputStream:75 - [STDERR_REDIRECT] Sep 13, 2026 2:15:05 PM java.util.prefs.FileSystemPreferences checkLockFile0ErrorCode
2026-09-13 14:15:05,739 [ERROR] LogOutputStream:75 - [STDERR_REDIRECT] WARNING: Could not lock System prefs. Unix error code 5.
2026-09-13 14:15:05,739 [ERROR] LogOutputStream:75 - [STDERR_REDIRECT] 
2026-09-13 14:15:05,739 [ERROR] LogOutputStream:75 - [STDERR_REDIRECT] Sep 13, 2026 2:15:05 PM java.util.prefs.FileSystemPreferences syncWorld
2026-09-13 14:15:05,739 [ERROR] LogOutputStream:75 - [STDERR_REDIRECT] WARNING: Couldn't flush system prefs: java.util.prefs.BackingStoreException: Couldn't get file lock.
2026-09-13 14:15:05,739 [ERROR] LogOutputStream:75 - [STDERR_REDIRECT] 
2026-09-13 14:15:35,730 [ERROR] LogOutputStream:75 - [STDERR_REDIRECT] Sep 13, 2026 2:15:35 PM java.util.prefs.FileSystemPreferences checkLockFile0ErrorCode
2026-09-13 14:15:35,730 [ERROR] LogOutputStream:75 - [STDERR_REDIRECT] WARNING: Could not lock System prefs. Unix error code 5.
2026-09-13 14:15:35,730 [ERROR] LogOutputStream:75 - [STDERR_REDIRECT] 
2026-09-13 14:15:35,731 [ERROR] LogOutputStream:75 - [STDERR_REDIRECT] Sep 13, 2026 2:15:35 PM java.util.prefs.FileSystemPreferences syncWorld
2026-09-13 14:15:35,731 [ERROR] LogOutputStream:75 - [STDERR_REDIRECT] WARNING: Couldn't flush system prefs: java.util.prefs.BackingStoreException: Couldn't get file lock.
2026-09-13 14:15:35,731 [ERROR] LogOutputStream:75 - [STDERR_REDIRECT] 
2026-09-13 14:16:05,739 [ERROR] LogOutputStream:75 - [STDERR_REDIRECT] Sep 13, 2026 2:16:05 PM java.util.prefs.FileSystemPreferences checkLockFile0ErrorCode
2026-09-13 14:16:05,739 [ERROR] LogOutputStream:75 - [STDERR_REDIRECT] WARNING: Could not lock System prefs. Unix error code 5.
2026-09-13 14:16:05,739 [ERROR] LogOutputStream:75 - [STDERR_REDIRECT] 
2026-09-13 14:16:05,740 [ERROR] LogOutputStream:75 - [STDERR_REDIRECT] Sep 13, 2026 2:16:05 PM java.util.prefs.FileSystemPreferences syncWorld
2026-09-13 14:16:05,740 [ERROR] LogOutputStream:75 - [STDERR_REDIRECT] WARNING: Couldn't flush system prefs: java.util.prefs.BackingStoreException: Couldn't get file lock.
2026-09-13 14:16:05,740 [ERROR] LogOutputStream:75 - [STDERR_REDIRECT] 
2026-09-13 14:16:35,728 [ERROR] LogOutputStream:75 - [STDERR_REDIRECT] Sep 13, 2026 2:16:35 PM java.util.prefs.FileSystemPreferences checkLockFile0ErrorCode
2026-09-13 14:16:35,728 [ERROR] LogOutputStream:75 - [STDERR_REDIRECT] WARNING: Could not lock System prefs. Unix error code 5.
2026-09-13 14:16:35,728 [ERROR] LogOutputStream:75 - [STDERR_REDIRECT] 
2026-09-13 14:16:35,729 [ERROR] LogOutputStream:75 - [STDERR_REDIRECT] Sep 13, 2026 2:16:35 PM java.util.prefs.FileSystemPreferences syncWorld
2026-09-13 14:16:35,729 [ERROR] LogOutputStream:75 - [STDERR_REDIRECT] WARNING: Couldn't flush system prefs: java.util.prefs.BackingStoreException: Couldn't get file lock.
2026-09-13 14:16:35,729 [ERROR] LogOutputStream:75 - [STDERR_REDIRECT] 
2026-09-13 14:17:05,738 [ERROR] LogOutputStream:75 - [STDERR_REDIRECT] Sep 13, 2026 2:17:05 PM java.util.prefs.FileSystemPreferences checkLockFile0ErrorCode
2026-09-13 14:17:05,738 [ERROR] LogOutputStream:75 - [STDERR_REDIRECT] WARNING: Could not lock System prefs. Unix error code 5.
2026-09-13 14:17:05,738 [ERROR] LogOutputStream:75 - [STDERR_REDIRECT] 
2026-09-13 14:17:05,738 [ERROR] LogOutputStream:75 - [STDERR_REDIRECT] Sep 13, 2026 2:17:05 PM java.util.prefs.FileSystemPreferences syncWorld
2026-09-13 14:17:05,739 [ERROR] LogOutputStream:75 - [STDERR_REDIRECT] WARNING: Couldn't flush system prefs: java.util.prefs.BackingStoreException: Couldn't get file lock.
2026-09-13 14:17:05,739 [ERROR] LogOutputStream:75 - [STDERR_REDIRECT] 
2026-09-13 14:17:35,742 [ERROR] LogOutputStream:75 - [STDERR_REDIRECT] Sep 13, 2026 2:17:35 PM java.util.prefs.FileSystemPreferences checkLockFile0ErrorCode
2026-09-13 14:17:35,742 [ERROR] LogOutputStream:75 - [STDERR_REDIRECT] WARNING: Could not lock System prefs. Unix error code 5.
2026-09-13 14:17:35,742 [ERROR] LogOutputStream:75 - [STDERR_REDIRECT] 
2026-09-13 14:17:35,743 [ERROR] LogOutputStream:75 - [STDERR_REDIRECT] Sep 13, 2026 2:17:35 PM java.util.prefs.FileSystemPreferences syncWorld
2026-09-13 14:17:35,743 [ERROR] LogOutputStream:75 - [STDERR_REDIRECT] WARNING: Couldn't flush system prefs: java.util.prefs.BackingStoreException: Couldn't get file lock.
2026-09-13 14:17:35,743 [ERROR] LogOutputStream:75 - [STDERR_REDIRECT] 
2026-09-13 14:18:05,728 [ERROR] LogOutputStream:75 - [STDERR_REDIRECT] Sep 13, 2026 2:18:05 PM java.util.prefs.FileSystemPreferences checkLockFile0ErrorCode
2026-09-13 14:18:05,728 [ERROR] LogOutputStream:75 - [STDERR_REDIRECT] WARNING: Could not lock System prefs. Unix error code 5.
2026-09-13 14:18:05,728 [ERROR] LogOutputStream:75 - [STDERR_REDIRECT] 
2026-09-13 14:18:05,729 [ERROR] LogOutputStream:75 - [STDERR_REDIRECT] Sep 13, 2026 2:18:05 PM java.util.prefs.FileSystemPreferences syncWorld
2026-09-13 14:18:05,729 [ERROR] LogOutputStream:75 - [STDERR_REDIRECT] WARNING: Couldn't flush system prefs: java.util.prefs.BackingStoreException: Couldn't get file lock.
2026-09-13 14:18:05,729 [ERROR] LogOutputStream:75 - [STDERR_REDIRECT] 
2026-09-13 14:18:35,731 [ERROR] LogOutputStream:75 - [STDERR_REDIRECT] Sep 13, 2026 2:18:35 PM java.util.prefs.FileSystemPreferences checkLockFile0ErrorCode
2026-09-13 14:18:35,731 [ERROR] LogOutputStream:75 - [STDERR_REDIRECT] WARNING: Could not lock System prefs. Unix error code 5.
2026-09-13 14:18:35,734 [ERROR] LogOutputStream:75 - [STDERR_REDIRECT] 
2026-09-13 14:18:35,735 [ERROR] LogOutputStream:75 - [STDERR_REDIRECT] Sep 13, 2026 2:18:35 PM java.util.prefs.FileSystemPreferences syncWorld
2026-09-13 14:18:35,735 [ERROR] LogOutputStream:75 - [STDERR_REDIRECT] WARNING: Couldn't flush system prefs: java.util.prefs.BackingStoreException: Couldn't get file lock.
2026-09-13 14:18:35,735 [ERROR] LogOutputStream:75 - [STDERR_REDIRECT] 
2026-09-13 14:19:05,734 [ERROR] LogOutputStream:75 - [STDERR_REDIRECT] Sep 13, 2026 2:19:05 PM java.util.prefs.FileSystemPreferences checkLockFile0ErrorCode
2026-09-13 14:19:05,735 [ERROR] LogOutputStream:75 - [STDERR_REDIRECT] WARNING: Could not lock System prefs. Unix error code 5.
2026-09-13 14:19:05,735 [ERROR] LogOutputStream:75 - [STDERR_REDIRECT] 
2026-09-13 14:19:05,735 [ERROR] LogOutputStream:75 - [STDERR_REDIRECT] Sep 13, 2026 2:19:05 PM java.util.prefs.FileSystemPreferences syncWorld
2026-09-13 14:19:05,740 [ERROR] LogOutputStream:75 - [STDERR_REDIRECT] WARNING: Couldn't flush system prefs: java.util.prefs.BackingStoreException: Couldn't get file lock.
2026-09-13 14:19:05,740 [ERROR] LogOutputStream:75 - [STDERR_REDIRECT] 
2026-09-13 14:19:35,728 [ERROR] LogOutputStream:75 - [STDERR_REDIRECT] Sep 13, 2026 2:19:35 PM java.util.prefs.FileSystemPreferences checkLockFile0ErrorCode
2026-09-13 14:19:35,728 [ERROR] LogOutputStream:75 - [STDERR_REDIRECT] WARNING: Could not lock System prefs. Unix error code 31664.
2026-09-13 14:19:35,728 [ERROR] LogOutputStream:75 - [STDERR_REDIRECT] 
2026-09-13 14:19:35,729 [ERROR] LogOutputStream:75 - [STDERR_REDIRECT] Sep 13, 2026 2:19:35 PM java.util.prefs.FileSystemPreferences syncWorld
2026-09-13 14:19:35,729 [ERROR] LogOutputStream:75 - [STDERR_REDIRECT] WARNING: Couldn't flush system prefs: java.util.prefs.BackingStoreException: Couldn't get file lock.
2026-09-13 14:19:35,729 [ERROR] LogOutputStream:75 - [STDERR_REDIRECT] 
2026-09-13 14:20:05,730 [ERROR] LogOutputStream:75 - [STDERR_REDIRECT] Sep 13, 2026 2:20:05 PM java.util.prefs.FileSystemPreferences checkLockFile0ErrorCode
2026-09-13 14:20:05,730 [ERROR] LogOutputStream:75 - [STDERR_REDIRECT] WARNING: Could not lock System prefs. Unix error code 31664.
2026-09-13 14:20:05,730 [ERROR] LogOutputStream:75 - [STDERR_REDIRECT] 
2026-09-13 14:20:05,730 [ERROR] LogOutputStream:75 - [STDERR_REDIRECT] Sep 13, 2026 2:20:05 PM java.util.prefs.FileSystemPreferences syncWorld
2026-09-13 14:20:05,731 [ERROR] LogOutputStream:75 - [STDERR_REDIRECT] WARNING: Couldn't flush system prefs: java.util.prefs.BackingStoreException: Couldn't get file lock.
2026-09-13 14:20:05,731 [ERROR] LogOutputStream:75 - [STDERR_REDIRECT] 
2026-09-13 14:20:35,747 [ERROR] LogOutputStream:75 - [STDERR_REDIRECT] Sep 13, 2026 2:20:35 PM java.util.prefs.FileSystemPreferences checkLockFile0ErrorCode
2026-09-13 14:20:35,747 [ERROR] LogOutputStream:75 - [STDERR_REDIRECT] WARNING: Could not lock System prefs. Unix error code 31664.
2026-09-13 14:20:35,747 [ERROR] LogOutputStream:75 - [STDERR_REDIRECT] 
2026-09-13 14:20:35,747 [ERROR] LogOutputStream:75 - [STDERR_REDIRECT] Sep 13, 2026 2:20:35 PM java.util.prefs.FileSystemPreferences syncWorld
2026-09-13 14:20:35,747 [ERROR] LogOutputStream:75 - [STDERR_REDIRECT] WARNING: Couldn't flush system prefs: java.util.prefs.BackingStoreException: Couldn't get file lock.
2026-09-13 14:20:35,747 [ERROR] LogOutputStream:75 - [STDERR_REDIRECT] 
2026-09-13 14:21:05,749 [ERROR] LogOutputStream:75 - [STDERR_REDIRECT] Sep 13, 2026 2:21:05 PM java.util.prefs.FileSystemPreferences checkLockFile0ErrorCode
2026-09-13 14:21:05,749 [ERROR] LogOutputStream:75 - [STDERR_REDIRECT] WARNING: Could not lock System prefs. Unix error code 31664.
2026-09-13 14:21:05,749 [ERROR] LogOutputStream:75 - [STDERR_REDIRECT] 
2026-09-13 14:21:05,750 [ERROR] LogOutputStream:75 - [STDERR_REDIRECT] Sep 13, 2026 2:21:05 PM java.util.prefs.FileSystemPreferences syncWorld
2026-09-13 14:21:05,750 [ERROR] LogOutputStream:75 - [STDERR_REDIRECT] WARNING: Couldn't flush system prefs: java.util.prefs.BackingStoreException: Couldn't get file lock.
2026-09-13 14:21:05,751 [ERROR] LogOutputStream:75 - [STDERR_REDIRECT] 
2026-09-13 14:21:35,750 [ERROR] LogOutputStream:75 - [STDERR_REDIRECT] Sep 13, 2026 2:21:35 PM java.util.prefs.FileSystemPreferences checkLockFile0ErrorCode
2026-09-13 14:21:35,751 [ERROR] LogOutputStream:75 - [STDERR_REDIRECT] WARNING: Could not lock System prefs. Unix error code 31664.
2026-09-13 14:21:35,751 [ERROR] LogOutputStream:75 - [STDERR_REDIRECT] 
2026-09-13 14:21:35,752 [ERROR] LogOutputStream:75 - [STDERR_REDIRECT] Sep 13, 2026 2:21:35 PM java.util.prefs.FileSystemPreferences syncWorld
2026-09-13 14:21:35,752 [ERROR] LogOutputStream:75 - [STDERR_REDIRECT] WARNING: Couldn't flush system prefs: java.util.prefs.BackingStoreException: Couldn't get file lock.
2026-09-13 14:21:35,753 [ERROR] LogOutputStream:75 - [STDERR_REDIRECT] 
2026-09-13 14:22:05,765 [ERROR] LogOutputStream:75 - [STDERR_REDIRECT] Sep 13, 2026 2:22:05 PM java.util.prefs.FileSystemPreferences checkLockFile0ErrorCode
2026-09-13 14:22:05,765 [ERROR] LogOutputStream:75 - [STDERR_REDIRECT] WARNING: Could not lock System prefs. Unix error code 31664.
2026-09-13 14:22:05,765 [ERROR] LogOutputStream:75 - [STDERR_REDIRECT] 
2026-09-13 14:22:05,766 [ERROR] LogOutputStream:75 - [STDERR_REDIRECT] Sep 13, 2026 2:22:05 PM java.util.prefs.FileSystemPreferences syncWorld
2026-09-13 14:22:05,766 [ERROR] LogOutputStream:75 - [STDERR_REDIRECT] WARNING: Couldn't flush system prefs: java.util.prefs.BackingStoreException: Couldn't get file lock.
2026-09-13 14:22:05,766 [ERROR] LogOutputStream:75 - [STDERR_REDIRECT] 
2026-09-13 14:22:35,758 [ERROR] LogOutputStream:75 - [STDERR_REDIRECT] Sep 13, 2026 2:22:35 PM java.util.prefs.FileSystemPreferences checkLockFile0ErrorCode
2026-09-13 14:22:35,758 [ERROR] LogOutputStream:75 - [STDERR_REDIRECT] WARNING: Could not lock System prefs. Unix error code 31664.
2026-09-13 14:22:35,759 [ERROR] LogOutputStream:75 - [STDERR_REDIRECT] 
2026-09-13 14:22:35,759 [ERROR] LogOutputStream:75 - [STDERR_REDIRECT] Sep 13, 2026 2:22:35 PM java.util.prefs.FileSystemPreferences syncWorld
2026-09-13 14:22:35,759 [ERROR] LogOutputStream:75 - [STDERR_REDIRECT] WARNING: Couldn't flush system prefs: java.util.prefs.BackingStoreException: Couldn't get file lock.
2026-09-13 14:22:35,760 [ERROR] LogOutputStream:75 - [STDERR_REDIRECT] 
2026-09-13 14:23:05,760 [ERROR] LogOutputStream:75 - [STDERR_REDIRECT] Sep 13, 2026 2:23:05 PM java.util.prefs.FileSystemPreferences checkLockFile0ErrorCode
2026-09-13 14:23:05,760 [ERROR] LogOutputStream:75 - [STDERR_REDIRECT] WARNING: Could not lock System prefs. Unix error code 31664.
2026-09-13 14:23:05,760 [ERROR] LogOutputStream:75 - [STDERR_REDIRECT] 
2026-09-13 14:23:05,761 [ERROR] LogOutputStream:75 - [STDERR_REDIRECT] Sep 13, 2026 2:23:05 PM java.util.prefs.FileSystemPreferences syncWorld
2026-09-13 14:23:05,761 [ERROR] LogOutputStream:75 - [STDERR_REDIRECT] WARNING: Couldn't flush system prefs: java.util.prefs.BackingStoreException: Couldn't get file lock.
2026-09-13 14:23:05,762 [ERROR] LogOutputStream:75 - [STDERR_REDIRECT] 
2026-09-13 14:23:35,759 [ERROR] LogOutputStream:75 - [STDERR_REDIRECT] Sep 13, 2026 2:23:35 PM java.util.prefs.FileSystemPreferences checkLockFile0ErrorCode
2026-09-13 14:23:35,759 [ERROR] LogOutputStream:75 - [STDERR_REDIRECT] WARNING: Could not lock System prefs. Unix error code 31664.
2026-09-13 14:23:35,759 [ERROR] LogOutputStream:75 - [STDERR_REDIRECT] 
2026-09-13 14:23:35,759 [ERROR] LogOutputStream:75 - [STDERR_REDIRECT] Sep 13, 2026 2:23:35 PM java.util.prefs.FileSystemPreferences syncWorld
2026-09-13 14:23:35,759 [ERROR] LogOutputStream:75 - [STDERR_REDIRECT] WARNING: Couldn't flush system prefs: java.util.prefs.BackingStoreException: Couldn't get file lock.
2026-09-13 14:23:35,760 [ERROR] LogOutputStream:75 - [STDERR_REDIRECT] 
2026-09-13 14:24:05,758 [ERROR] LogOutputStream:75 - [STDERR_REDIRECT] Sep 13, 2026 2:24:05 PM java.util.prefs.FileSystemPreferences checkLockFile0ErrorCode
2026-09-13 14:24:05,758 [ERROR] LogOutputStream:75 - [STDERR_REDIRECT] WARNING: Could not lock System prefs. Unix error code 31664.
2026-09-13 14:24:05,758 [ERROR] LogOutputStream:75 - [STDERR_REDIRECT] 
2026-09-13 14:24:05,759 [ERROR] LogOutputStream:75 - [STDERR_REDIRECT] Sep 13, 2026 2:24:05 PM java.util.prefs.FileSystemPreferences syncWorld
2026-09-13 14:24:05,759 [ERROR] LogOutputStream:75 - [STDERR_REDIRECT] WARNING: Couldn't flush system prefs: java.util.prefs.BackingStoreException: Couldn't get file lock.
2026-09-13 14:24:05,759 [ERROR] LogOutputStream:75 - [STDERR_REDIRECT] 
2026-09-13 14:24:35,760 [ERROR] LogOutputStream:75 - [STDERR_REDIRECT] Sep 13, 2026 2:24:35 PM java.util.prefs.FileSystemPreferences checkLockFile0ErrorCode
2026-09-13 14:24:35,760 [ERROR] LogOutputStream:75 - [STDERR_REDIRECT] WARNING: Could not lock System prefs. Unix error code 31664.
2026-09-13 14:24:35,760 [ERROR] LogOutputStream:75 - [STDERR_REDIRECT] 
2026-09-13 14:24:35,761 [ERROR] LogOutputStream:75 - [STDERR_REDIRECT] Sep 13, 2026 2:24:35 PM java.util.prefs.FileSystemPreferences syncWorld
2026-09-13 14:24:35,761 [ERROR] LogOutputStream:75 - [STDERR_REDIRECT] WARNING: Couldn't flush system prefs: java.util.prefs.BackingStoreException: Couldn't get file lock.
2026-09-13 14:24:35,764 [ERROR] LogOutputStream:75 - [STDERR_REDIRECT] 
2026-09-13 14:25:05,759 [ERROR] LogOutputStream:75 - [STDERR_REDIRECT] Sep 13, 2026 2:25:05 PM java.util.prefs.FileSystemPreferences checkLockFile0ErrorCode
2026-09-13 14:25:05,760 [ERROR] LogOutputStream:75 - [STDERR_REDIRECT] WARNING: Could not lock System prefs. Unix error code 31664.
2026-09-13 14:25:05,760 [ERROR] LogOutputStream:75 - [STDERR_REDIRECT] 
2026-09-13 14:25:05,760 [ERROR] LogOutputStream:75 - [STDERR_REDIRECT] Sep 13, 2026 2:25:05 PM java.util.prefs.FileSystemPreferences syncWorld
2026-09-13 14:25:05,760 [ERROR] LogOutputStream:75 - [STDERR_REDIRECT] WARNING: Couldn't flush system prefs: java.util.prefs.BackingStoreException: Couldn't get file lock.
2026-09-13 14:25:05,760 [ERROR] LogOutputStream:75 - [STDERR_REDIRECT] 
2026-09-13 14:25:35,759 [ERROR] LogOutputStream:75 - [STDERR_REDIRECT] Sep 13, 2026 2:25:35 PM java.util.prefs.FileSystemPreferences checkLockFile0ErrorCode
2026-09-13 14:25:35,760 [ERROR] LogOutputStream:75 - [STDERR_REDIRECT] WARNING: Could not lock System prefs. Unix error code 31664.
2026-09-13 14:25:35,760 [ERROR] LogOutputStream:75 - [STDERR_REDIRECT] 
2026-09-13 14:25:35,760 [ERROR] LogOutputStream:75 - [STDERR_REDIRECT] Sep 13, 2026 2:25:35 PM java.util.prefs.FileSystemPreferences syncWorld
2026-09-13 14:25:35,760 [ERROR] LogOutputStream:75 - [STDERR_REDIRECT] WARNING: Couldn't flush system prefs: java.util.prefs.BackingStoreException: Couldn't get file lock.
2026-09-13 14:25:35,760 [ERROR] LogOutputStream:75 - [STDERR_REDIRECT] 
2026-09-13 14:26:05,761 [ERROR] LogOutputStream:75 - [STDERR_REDIRECT] Sep 13, 2026 2:26:05 PM java.util.prefs.FileSystemPreferences checkLockFile0ErrorCode
2026-09-13 14:26:05,762 [ERROR] LogOutputStream:75 - [STDERR_REDIRECT] WARNING: Could not lock System prefs. Unix error code 31664.
2026-09-13 14:26:05,764 [ERROR] LogOutputStream:75 - [STDERR_REDIRECT] 
2026-09-13 14:26:05,765 [ERROR] LogOutputStream:75 - [STDERR_REDIRECT] Sep 13, 2026 2:26:05 PM java.util.prefs.FileSystemPreferences syncWorld
2026-09-13 14:26:05,766 [ERROR] LogOutputStream:75 - [STDERR_REDIRECT] WARNING: Couldn't flush system prefs: java.util.prefs.BackingStoreException: Couldn't get file lock.
2026-09-13 14:26:05,766 [ERROR] LogOutputStream:75 - [STDERR_REDIRECT] 
2026-09-13 14:26:35,761 [ERROR] LogOutputStream:75 - [STDERR_REDIRECT] Sep 13, 2026 2:26:35 PM java.util.prefs.FileSystemPreferences checkLockFile0ErrorCode
2026-09-13 14:26:35,761 [ERROR] LogOutputStream:75 - [STDERR_REDIRECT] WARNING: Could not lock System prefs. Unix error code 31664.
2026-09-13 14:26:35,762 [ERROR] LogOutputStream:75 - [STDERR_REDIRECT] 
2026-09-13 14:26:35,762 [ERROR] LogOutputStream:75 - [STDERR_REDIRECT] Sep 13, 2026 2:26:35 PM java.util.prefs.FileSystemPreferences syncWorld
2026-09-13 14:26:35,762 [ERROR] LogOutputStream:75 - [STDERR_REDIRECT] WARNING: Couldn't flush system prefs: java.util.prefs.BackingStoreException: Couldn't get file lock.
2026-09-13 14:26:35,762 [ERROR] LogOutputStream:75 - [STDERR_REDIRECT] 
2026-09-13 14:27:05,765 [ERROR] LogOutputStream:75 - [STDERR_REDIRECT] Sep 13, 2026 2:27:05 PM java.util.prefs.FileSystemPreferences checkLockFile0ErrorCode
2026-09-13 14:27:05,765 [ERROR] LogOutputStream:75 - [STDERR_REDIRECT] WARNING: Could not lock System prefs. Unix error code 31664.
2026-09-13 14:27:05,766 [ERROR] LogOutputStream:75 - [STDERR_REDIRECT] 
2026-09-13 14:27:05,766 [ERROR] LogOutputStream:75 - [STDERR_REDIRECT] Sep 13, 2026 2:27:05 PM java.util.prefs.FileSystemPreferences syncWorld
2026-09-13 14:27:05,766 [ERROR] LogOutputStream:75 - [STDERR_REDIRECT] WARNING: Couldn't flush system prefs: java.util.prefs.BackingStoreException: Couldn't get file lock.
2026-09-13 14:27:05,766 [ERROR] LogOutputStream:75 - [STDERR_REDIRECT] 
2026-09-13 14:27:35,765 [ERROR] LogOutputStream:75 - [STDERR_REDIRECT] Sep 13, 2026 2:27:35 PM java.util.prefs.FileSystemPreferences checkLockFile0ErrorCode
2026-09-13 14:27:35,765 [ERROR] LogOutputStream:75 - [STDERR_REDIRECT] WARNING: Could not lock System prefs. Unix error code 31664.
2026-09-13 14:27:35,765 [ERROR] LogOutputStream:75 - [STDERR_REDIRECT] 
2026-09-13 14:27:35,767 [ERROR] LogOutputStream:75 - [STDERR_REDIRECT] Sep 13, 2026 2:27:35 PM java.util.prefs.FileSystemPreferences syncWorld
2026-09-13 14:27:35,767 [ERROR] LogOutputStream:75 - [STDERR_REDIRECT] WARNING: Couldn't flush system prefs: java.util.prefs.BackingStoreException: Couldn't get file lock.
2026-09-13 14:27:35,767 [ERROR] LogOutputStream:75 - [STDERR_REDIRECT] 
2026-09-13 14:28:05,764 [ERROR] LogOutputStream:75 - [STDERR_REDIRECT] Sep 13, 2026 2:28:05 PM java.util.prefs.FileSystemPreferences checkLockFile0ErrorCode
2026-09-13 14:28:05,764 [ERROR] LogOutputStream:75 - [STDERR_REDIRECT] WARNING: Could not lock System prefs. Unix error code 31664.
2026-09-13 14:28:05,765 [ERROR] LogOutputStream:75 - [STDERR_REDIRECT] 
2026-09-13 14:28:05,765 [ERROR] LogOutputStream:75 - [STDERR_REDIRECT] Sep 13, 2026 2:28:05 PM java.util.prefs.FileSystemPreferences syncWorld
2026-09-13 14:28:05,765 [ERROR] LogOutputStream:75 - [STDERR_REDIRECT] WARNING: Couldn't flush system prefs: java.util.prefs.BackingStoreException: Couldn't get file lock.
2026-09-13 14:28:05,765 [ERROR] LogOutputStream:75 - [STDERR_REDIRECT] 
2026-09-13 14:28:35,763 [ERROR] LogOutputStream:75 - [STDERR_REDIRECT] Sep 13, 2026 2:28:35 PM java.util.prefs.FileSystemPreferences checkLockFile0ErrorCode
2026-09-13 14:28:35,763 [ERROR] LogOutputStream:75 - [STDERR_REDIRECT] WARNING: Could not lock System prefs. Unix error code 31664.
2026-09-13 14:28:35,764 [ERROR] LogOutputStream:75 - [STDERR_REDIRECT] 
2026-09-13 14:28:35,764 [ERROR] LogOutputStream:75 - [STDERR_REDIRECT] Sep 13, 2026 2:28:35 PM java.util.prefs.FileSystemPreferences syncWorld
2026-09-13 14:28:35,764 [ERROR] LogOutputStream:75 - [STDERR_REDIRECT] WARNING: Couldn't flush system prefs: java.util.prefs.BackingStoreException: Couldn't get file lock.
2026-09-13 14:28:35,764 [ERROR] LogOutputStream:75 - [STDERR_REDIRECT] 
2026-09-13 14:29:05,765 [ERROR] LogOutputStream:75 - [STDERR_REDIRECT] Sep 13, 2026 2:29:05 PM java.util.prefs.FileSystemPreferences checkLockFile0ErrorCode
2026-09-13 14:29:05,765 [ERROR] LogOutputStream:75 - [STDERR_REDIRECT] WARNING: Could not lock System prefs. Unix error code 31664.
2026-09-13 14:29:05,765 [ERROR] LogOutputStream:75 - [STDERR_REDIRECT] 
2026-09-13 14:29:05,766 [ERROR] LogOutputStream:75 - [STDERR_REDIRECT] Sep 13, 2026 2:29:05 PM java.util.prefs.FileSystemPreferences syncWorld
2026-09-13 14:29:05,766 [ERROR] LogOutputStream:75 - [STDERR_REDIRECT] WARNING: Couldn't flush system prefs: java.util.prefs.BackingStoreException: Couldn't get file lock.
2026-09-13 14:29:05,766 [ERROR] LogOutputStream:75 - [STDERR_REDIRECT] 
2026-09-13 14:29:35,764 [ERROR] LogOutputStream:75 - [STDERR_REDIRECT] Sep 13, 2026 2:29:35 PM java.util.prefs.FileSystemPreferences checkLockFile0ErrorCode
2026-09-13 14:29:35,764 [ERROR] LogOutputStream:75 - [STDERR_REDIRECT] WARNING: Could not lock System prefs. Unix error code 31664.
2026-09-13 14:29:35,765 [ERROR] LogOutputStream:75 - [STDERR_REDIRECT] 
2026-09-13 14:29:35,765 [ERROR] LogOutputStream:75 - [STDERR_REDIRECT] Sep 13, 2026 2:29:35 PM java.util.prefs.FileSystemPreferences syncWorld
2026-09-13 14:29:35,765 [ERROR] LogOutputStream:75 - [STDERR_REDIRECT] WARNING: Couldn't flush system prefs: java.util.prefs.BackingStoreException: Couldn't get file lock.
2026-09-13 14:29:35,765 [ERROR] LogOutputStream:75 - [STDERR_REDIRECT] 
2026-09-13 14:30:05,769 [ERROR] LogOutputStream:75 - [STDERR_REDIRECT] Sep 13, 2026 2:30:05 PM java.util.prefs.FileSystemPreferences checkLockFile0ErrorCode
2026-09-13 14:30:05,769 [ERROR] LogOutputStream:75 - [STDERR_REDIRECT] WARNING: Could not lock System prefs. Unix error code 31664.
2026-09-13 14:30:05,769 [ERROR] LogOutputStream:75 - [STDERR_REDIRECT] 
2026-09-13 14:30:05,770 [ERROR] LogOutputStream:75 - [STDERR_REDIRECT] Sep 13, 2026 2:30:05 PM java.util.prefs.FileSystemPreferences syncWorld
2026-09-13 14:30:05,770 [ERROR] LogOutputStream:75 - [STDERR_REDIRECT] WARNING: Couldn't flush system prefs: java.util.prefs.BackingStoreException: Couldn't get file lock.
2026-09-13 14:30:05,770 [ERROR] LogOutputStream:75 - [STDERR_REDIRECT] 
2026-09-13 14:30:35,766 [ERROR] LogOutputStream:75 - [STDERR_REDIRECT] Sep 13, 2026 2:30:35 PM java.util.prefs.FileSystemPreferences checkLockFile0ErrorCode
2026-09-13 14:30:35,766 [ERROR] LogOutputStream:75 - [STDERR_REDIRECT] WARNING: Could not lock System prefs. Unix error code 31664.
2026-09-13 14:30:35,766 [ERROR] LogOutputStream:75 - [STDERR_REDIRECT] 
2026-09-13 14:30:35,767 [ERROR] LogOutputStream:75 - [STDERR_REDIRECT] Sep 13, 2026 2:30:35 PM java.util.prefs.FileSystemPreferences syncWorld
2026-09-13 14:30:35,767 [ERROR] LogOutputStream:75 - [STDERR_REDIRECT] WARNING: Couldn't flush system prefs: java.util.prefs.BackingStoreException: Couldn't get file lock.
2026-09-13 14:30:35,767 [ERROR] LogOutputStream:75 - [STDERR_REDIRECT] 
2026-09-13 14:31:05,767 [ERROR] LogOutputStream:75 - [STDERR_REDIRECT] Sep 13, 2026 2:31:05 PM java.util.prefs.FileSystemPreferences checkLockFile0ErrorCode
2026-09-13 14:31:05,768 [ERROR] LogOutputStream:75 - [STDERR_REDIRECT] WARNING: Could not lock System prefs. Unix error code 31664.
2026-09-13 14:31:05,768 [ERROR] LogOutputStream:75 - [STDERR_REDIRECT] 
2026-09-13 14:31:05,768 [ERROR] LogOutputStream:75 - [STDERR_REDIRECT] Sep 13, 2026 2:31:05 PM java.util.prefs.FileSystemPreferences syncWorld
2026-09-13 14:31:05,768 [ERROR] LogOutputStream:75 - [STDERR_REDIRECT] WARNING: Couldn't flush system prefs: java.util.prefs.BackingStoreException: Couldn't get file lock.
2026-09-13 14:31:05,768 [ERROR] LogOutputStream:75 - [STDERR_REDIRECT] 
2026-09-13 14:31:35,777 [ERROR] LogOutputStream:75 - [STDERR_REDIRECT] Sep 13, 2026 2:31:35 PM java.util.prefs.FileSystemPreferences checkLockFile0ErrorCode
2026-09-13 14:31:35,777 [ERROR] LogOutputStream:75 - [STDERR_REDIRECT] WARNING: Could not lock System prefs. Unix error code 31664.
2026-09-13 14:31:35,777 [ERROR] LogOutputStream:75 - [STDERR_REDIRECT] 
2026-09-13 14:31:35,778 [ERROR] LogOutputStream:75 - [STDERR_REDIRECT] Sep 13, 2026 2:31:35 PM java.util.prefs.FileSystemPreferences syncWorld
2026-09-13 14:31:35,778 [ERROR] LogOutputStream:75 - [STDERR_REDIRECT] WARNING: Couldn't flush system prefs: java.util.prefs.BackingStoreException: Couldn't get file lock.
2026-09-13 14:31:35,778 [ERROR] LogOutputStream:75 - [STDERR_REDIRECT] 
2026-09-13 14:32:05,766 [ERROR] LogOutputStream:75 - [STDERR_REDIRECT] Sep 13, 2026 2:32:05 PM java.util.prefs.FileSystemPreferences checkLockFile0ErrorCode
2026-09-13 14:32:05,766 [ERROR] LogOutputStream:75 - [STDERR_REDIRECT] WARNING: Could not lock System prefs. Unix error code 31664.
2026-09-13 14:32:05,767 [ERROR] LogOutputStream:75 - [STDERR_REDIRECT] 
2026-09-13 14:32:05,767 [ERROR] LogOutputStream:75 - [STDERR_REDIRECT] Sep 13, 2026 2:32:05 PM java.util.prefs.FileSystemPreferences syncWorld
2026-09-13 14:32:05,767 [ERROR] LogOutputStream:75 - [STDERR_REDIRECT] WARNING: Couldn't flush system prefs: java.util.prefs.BackingStoreException: Couldn't get file lock.
2026-09-13 14:32:05,767 [ERROR] LogOutputStream:75 - [STDERR_REDIRECT] 
2026-09-13 14:32:35,768 [ERROR] LogOutputStream:75 - [STDERR_REDIRECT] Sep 13, 2026 2:32:35 PM java.util.prefs.FileSystemPreferences checkLockFile0ErrorCode
2026-09-13 14:32:35,768 [ERROR] LogOutputStream:75 - [STDERR_REDIRECT] WARNING: Could not lock System prefs. Unix error code 31664.
2026-09-13 14:32:35,768 [ERROR] LogOutputStream:75 - [STDERR_REDIRECT] 
2026-09-13 14:32:35,769 [ERROR] LogOutputStream:75 - [STDERR_REDIRECT] Sep 13, 2026 2:32:35 PM java.util.prefs.FileSystemPreferences syncWorld
2026-09-13 14:32:35,770 [ERROR] LogOutputStream:75 - [STDERR_REDIRECT] WARNING: Couldn't flush system prefs: java.util.prefs.BackingStoreException: Couldn't get file lock.
2026-09-13 14:32:35,770 [ERROR] LogOutputStream:75 - [STDERR_REDIRECT] 
2026-09-13 14:33:05,767 [ERROR] LogOutputStream:75 - [STDERR_REDIRECT] Sep 13, 2026 2:33:05 PM java.util.prefs.FileSystemPreferences checkLockFile0ErrorCode
2026-09-13 14:33:05,767 [ERROR] LogOutputStream:75 - [STDERR_REDIRECT] WARNING: Could not lock System prefs. Unix error code 31664.
2026-09-13 14:33:05,767 [ERROR] LogOutputStream:75 - [STDERR_REDIRECT] 
2026-09-13 14:33:05,767 [ERROR] LogOutputStream:75 - [STDERR_REDIRECT] Sep 13, 2026 2:33:05 PM java.util.prefs.FileSystemPreferences syncWorld
2026-09-13 14:33:05,767 [ERROR] LogOutputStream:75 - [STDERR_REDIRECT] WARNING: Couldn't flush system prefs: java.util.prefs.BackingStoreException: Couldn't get file lock.
2026-09-13 14:33:05,769 [ERROR] LogOutputStream:75 - [STDERR_REDIRECT] 
2026-09-13 14:33:35,767 [ERROR] LogOutputStream:75 - [STDERR_REDIRECT] Sep 13, 2026 2:33:35 PM java.util.prefs.FileSystemPreferences checkLockFile0ErrorCode
2026-09-13 14:33:35,767 [ERROR] LogOutputStream:75 - [STDERR_REDIRECT] WARNING: Could not lock System prefs. Unix error code 31664.
2026-09-13 14:33:35,767 [ERROR] LogOutputStream:75 - [STDERR_REDIRECT] 
2026-09-13 14:33:35,767 [ERROR] LogOutputStream:75 - [STDERR_REDIRECT] Sep 13, 2026 2:33:35 PM java.util.prefs.FileSystemPreferences syncWorld
2026-09-13 14:33:35,767 [ERROR] LogOutputStream:75 - [STDERR_REDIRECT] WARNING: Couldn't flush system prefs: java.util.prefs.BackingStoreException: Couldn't get file lock.
2026-09-13 14:33:35,767 [ERROR] LogOutputStream:75 - [STDERR_REDIRECT] 
2026-09-13 14:34:05,769 [ERROR] LogOutputStream:75 - [STDERR_REDIRECT] Sep 13, 2026 2:34:05 PM java.util.prefs.FileSystemPreferences checkLockFile0ErrorCode
2026-09-13 14:34:05,769 [ERROR] LogOutputStream:75 - [STDERR_REDIRECT] WARNING: Could not lock System prefs. Unix error code 31664.
2026-09-13 14:34:05,769 [ERROR] LogOutputStream:75 - [STDERR_REDIRECT] 
2026-09-13 14:34:05,770 [ERROR] LogOutputStream:75 - [STDERR_REDIRECT] Sep 13, 2026 2:34:05 PM java.util.prefs.FileSystemPreferences syncWorld
2026-09-13 14:34:05,770 [ERROR] LogOutputStream:75 - [STDERR_REDIRECT] WARNING: Couldn't flush system prefs: java.util.prefs.BackingStoreException: Couldn't get file lock.
2026-09-13 14:34:05,770 [ERROR] LogOutputStream:75 - [STDERR_REDIRECT] 
2026-09-13 14:34:35,767 [ERROR] LogOutputStream:75 - [STDERR_REDIRECT] Sep 13, 2026 2:34:35 PM java.util.prefs.FileSystemPreferences checkLockFile0ErrorCode
2026-09-13 14:34:35,767 [ERROR] LogOutputStream:75 - [STDERR_REDIRECT] WARNING: Could not lock System prefs. Unix error code 31664.
2026-09-13 14:34:35,770 [ERROR] LogOutputStream:75 - [STDERR_REDIRECT] 
2026-09-13 14:34:35,770 [ERROR] LogOutputStream:75 - [STDERR_REDIRECT] Sep 13, 2026 2:34:35 PM java.util.prefs.FileSystemPreferences syncWorld
2026-09-13 14:34:35,770 [ERROR] LogOutputStream:75 - [STDERR_REDIRECT] WARNING: Couldn't flush system prefs: java.util.prefs.BackingStoreException: Couldn't get file lock.
2026-09-13 14:34:35,770 [ERROR] LogOutputStream:75 - [STDERR_REDIRECT] 
2026-09-13 14:35:05,770 [ERROR] LogOutputStream:75 - [STDERR_REDIRECT] Sep 13, 2026 2:35:05 PM java.util.prefs.FileSystemPreferences checkLockFile0ErrorCode
2026-09-13 14:35:05,771 [ERROR] LogOutputStream:75 - [STDERR_REDIRECT] WARNING: Could not lock System prefs. Unix error code 31664.
2026-09-13 14:35:05,771 [ERROR] LogOutputStream:75 - [STDERR_REDIRECT] 
2026-09-13 14:35:05,773 [ERROR] LogOutputStream:75 - [STDERR_REDIRECT] Sep 13, 2026 2:35:05 PM java.util.prefs.FileSystemPreferences syncWorld
2026-09-13 14:35:05,773 [ERROR] LogOutputStream:75 - [STDERR_REDIRECT] WARNING: Couldn't flush system prefs: java.util.prefs.BackingStoreException: Couldn't get file lock.
2026-09-13 14:35:05,773 [ERROR] LogOutputStream:75 - [STDERR_REDIRECT] 
2026-09-13 14:35:35,789 [ERROR] LogOutputStream:75 - [STDERR_REDIRECT] Sep 13, 2026 2:35:35 PM java.util.prefs.FileSystemPreferences checkLockFile0ErrorCode
2026-09-13 14:35:35,789 [ERROR] LogOutputStream:75 - [STDERR_REDIRECT] WARNING: Could not lock System prefs. Unix error code 31664.
2026-09-13 14:35:35,789 [ERROR] LogOutputStream:75 - [STDERR_REDIRECT] 
2026-09-13 14:35:35,790 [ERROR] LogOutputStream:75 - [STDERR_REDIRECT] Sep 13, 2026 2:35:35 PM java.util.prefs.FileSystemPreferences syncWorld
2026-09-13 14:35:35,790 [ERROR] LogOutputStream:75 - [STDERR_REDIRECT] WARNING: Couldn't flush system prefs: java.util.prefs.BackingStoreException: Couldn't get file lock.
2026-09-13 14:35:35,790 [ERROR] LogOutputStream:75 - [STDERR_REDIRECT] 
2026-09-13 14:36:05,772 [ERROR] LogOutputStream:75 - [STDERR_REDIRECT] Sep 13, 2026 2:36:05 PM java.util.prefs.FileSystemPreferences checkLockFile0ErrorCode
2026-09-13 14:36:05,772 [ERROR] LogOutputStream:75 - [STDERR_REDIRECT] WARNING: Could not lock System prefs. Unix error code 31664.
2026-09-13 14:36:05,772 [ERROR] LogOutputStream:75 - [STDERR_REDIRECT] 
2026-09-13 14:36:05,773 [ERROR] LogOutputStream:75 - [STDERR_REDIRECT] Sep 13, 2026 2:36:05 PM java.util.prefs.FileSystemPreferences syncWorld
2026-09-13 14:36:05,773 [ERROR] LogOutputStream:75 - [STDERR_REDIRECT] WARNING: Couldn't flush system prefs: java.util.prefs.BackingStoreException: Couldn't get file lock.
2026-09-13 14:36:05,773 [ERROR] LogOutputStream:75 - [STDERR_REDIRECT] 
2026-09-13 14:36:35,771 [ERROR] LogOutputStream:75 - [STDERR_REDIRECT] Sep 13, 2026 2:36:35 PM java.util.prefs.FileSystemPreferences checkLockFile0ErrorCode
2026-09-13 14:36:35,771 [ERROR] LogOutputStream:75 - [STDERR_REDIRECT] WARNING: Could not lock System prefs. Unix error code 31664.
2026-09-13 14:36:35,771 [ERROR] LogOutputStream:75 - [STDERR_REDIRECT] 
2026-09-13 14:36:35,775 [ERROR] LogOutputStream:75 - [STDERR_REDIRECT] Sep 13, 2026 2:36:35 PM java.util.prefs.FileSystemPreferences syncWorld
2026-09-13 14:36:35,775 [ERROR] LogOutputStream:75 - [STDERR_REDIRECT] WARNING: Couldn't flush system prefs: java.util.prefs.BackingStoreException: Couldn't get file lock.
2026-09-13 14:36:35,775 [ERROR] LogOutputStream:75 - [STDERR_REDIRECT] 
2026-09-13 14:37:05,788 [ERROR] LogOutputStream:75 - [STDERR_REDIRECT] Sep 13, 2026 2:37:05 PM java.util.prefs.FileSystemPreferences checkLockFile0ErrorCode
2026-09-13 14:37:05,788 [ERROR] LogOutputStream:75 - [STDERR_REDIRECT] WARNING: Could not lock System prefs. Unix error code 31664.
2026-09-13 14:37:05,788 [ERROR] LogOutputStream:75 - [STDERR_REDIRECT] 
2026-09-13 14:37:05,788 [ERROR] LogOutputStream:75 - [STDERR_REDIRECT] Sep 13, 2026 2:37:05 PM java.util.prefs.FileSystemPreferences syncWorld
2026-09-13 14:37:05,788 [ERROR] LogOutputStream:75 - [STDERR_REDIRECT] WARNING: Couldn't flush system prefs: java.util.prefs.BackingStoreException: Couldn't get file lock.
2026-09-13 14:37:05,788 [ERROR] LogOutputStream:75 - [STDERR_REDIRECT] 
2026-09-13 14:37:35,771 [ERROR] LogOutputStream:75 - [STDERR_REDIRECT] Sep 13, 2026 2:37:35 PM java.util.prefs.FileSystemPreferences checkLockFile0ErrorCode
2026-09-13 14:37:35,771 [ERROR] LogOutputStream:75 - [STDERR_REDIRECT] WARNING: Could not lock System prefs. Unix error code 31664.
2026-09-13 14:37:35,772 [ERROR] LogOutputStream:75 - [STDERR_REDIRECT] 
2026-09-13 14:37:35,772 [ERROR] LogOutputStream:75 - [STDERR_REDIRECT] Sep 13, 2026 2:37:35 PM java.util.prefs.FileSystemPreferences syncWorld
2026-09-13 14:37:35,772 [ERROR] LogOutputStream:75 - [STDERR_REDIRECT] WARNING: Couldn't flush system prefs: java.util.prefs.BackingStoreException: Couldn't get file lock.
2026-09-13 14:37:35,772 [ERROR] LogOutputStream:75 - [STDERR_REDIRECT] 
2026-09-13 14:38:05,770 [ERROR] LogOutputStream:75 - [STDERR_REDIRECT] Sep 13, 2026 2:38:05 PM java.util.prefs.FileSystemPreferences checkLockFile0ErrorCode
2026-09-13 14:38:05,770 [ERROR] LogOutputStream:75 - [STDERR_REDIRECT] WARNING: Could not lock System prefs. Unix error code 31664.
2026-09-13 14:38:05,771 [ERROR] LogOutputStream:75 - [STDERR_REDIRECT] 
2026-09-13 14:38:05,771 [ERROR] LogOutputStream:75 - [STDERR_REDIRECT] Sep 13, 2026 2:38:05 PM java.util.prefs.FileSystemPreferences syncWorld
2026-09-13 14:38:05,771 [ERROR] LogOutputStream:75 - [STDERR_REDIRECT] WARNING: Couldn't flush system prefs: java.util.prefs.BackingStoreException: Couldn't get file lock.
2026-09-13 14:38:05,771 [ERROR] LogOutputStream:75 - [STDERR_REDIRECT] 
2026-09-13 14:38:35,772 [ERROR] LogOutputStream:75 - [STDERR_REDIRECT] Sep 13, 2026 2:38:35 PM java.util.prefs.FileSystemPreferences checkLockFile0ErrorCode
2026-09-13 14:38:35,772 [ERROR] LogOutputStream:75 - [STDERR_REDIRECT] WARNING: Could not lock System prefs. Unix error code 31664.
2026-09-13 14:38:35,772 [ERROR] LogOutputStream:75 - [STDERR_REDIRECT] 
2026-09-13 14:38:35,773 [ERROR] LogOutputStream:75 - [STDERR_REDIRECT] Sep 13, 2026 2:38:35 PM java.util.prefs.FileSystemPreferences syncWorld
2026-09-13 14:38:35,773 [ERROR] LogOutputStream:75 - [STDERR_REDIRECT] WARNING: Couldn't flush system prefs: java.util.prefs.BackingStoreException: Couldn't get file lock.
2026-09-13 14:38:35,773 [ERROR] LogOutputStream:75 - [STDERR_REDIRECT] 
2026-09-13 14:39:05,770 [ERROR] LogOutputStream:75 - [STDERR_REDIRECT] Sep 13, 2026 2:39:05 PM java.util.prefs.FileSystemPreferences checkLockFile0ErrorCode
2026-09-13 14:39:05,770 [ERROR] LogOutputStream:75 - [STDERR_REDIRECT] WARNING: Could not lock System prefs. Unix error code 31664.
2026-09-13 14:39:05,770 [ERROR] LogOutputStream:75 - [STDERR_REDIRECT] 
2026-09-13 14:39:05,770 [ERROR] LogOutputStream:75 - [STDERR_REDIRECT] Sep 13, 2026 2:39:05 PM java.util.prefs.FileSystemPreferences syncWorld
2026-09-13 14:39:05,770 [ERROR] LogOutputStream:75 - [STDERR_REDIRECT] WARNING: Couldn't flush system prefs: java.util.prefs.BackingStoreException: Couldn't get file lock.
2026-09-13 14:39:05,771 [ERROR] LogOutputStream:75 - [STDERR_REDIRECT] 
2026-09-13 14:39:35,772 [ERROR] LogOutputStream:75 - [STDERR_REDIRECT] Sep 13, 2026 2:39:35 PM java.util.prefs.FileSystemPreferences checkLockFile0ErrorCode
2026-09-13 14:39:35,772 [ERROR] LogOutputStream:75 - [STDERR_REDIRECT] WARNING: Could not lock System prefs. Unix error code 31664.
2026-09-13 14:39:35,772 [ERROR] LogOutputStream:75 - [STDERR_REDIRECT] 
2026-09-13 14:39:35,775 [ERROR] LogOutputStream:75 - [STDERR_REDIRECT] Sep 13, 2026 2:39:35 PM java.util.prefs.FileSystemPreferences syncWorld
2026-09-13 14:39:35,776 [ERROR] LogOutputStream:75 - [STDERR_REDIRECT] WARNING: Couldn't flush system prefs: java.util.prefs.BackingStoreException: Couldn't get file lock.
2026-09-13 14:39:35,776 [ERROR] LogOutputStream:75 - [STDERR_REDIRECT] 
2026-09-13 14:40:05,783 [ERROR] LogOutputStream:75 - [STDERR_REDIRECT] Sep 13, 2026 2:40:05 PM java.util.prefs.FileSystemPreferences checkLockFile0ErrorCode
2026-09-13 14:40:05,783 [ERROR] LogOutputStream:75 - [STDERR_REDIRECT] WARNING: Could not lock System prefs. Unix error code 31664.
2026-09-13 14:40:05,783 [ERROR] LogOutputStream:75 - [STDERR_REDIRECT] 
2026-09-13 14:40:05,785 [ERROR] LogOutputStream:75 - [STDERR_REDIRECT] Sep 13, 2026 2:40:05 PM java.util.prefs.FileSystemPreferences syncWorld
2026-09-13 14:40:05,788 [ERROR] LogOutputStream:75 - [STDERR_REDIRECT] WARNING: Couldn't flush system prefs: java.util.prefs.BackingStoreException: Couldn't get file lock.
2026-09-13 14:40:05,788 [ERROR] LogOutputStream:75 - [STDERR_REDIRECT] 
2026-09-13 14:40:35,773 [ERROR] LogOutputStream:75 - [STDERR_REDIRECT] Sep 13, 2026 2:40:35 PM java.util.prefs.FileSystemPreferences checkLockFile0ErrorCode
2026-09-13 14:40:35,773 [ERROR] LogOutputStream:75 - [STDERR_REDIRECT] WARNING: Could not lock System prefs. Unix error code 31664.
2026-09-13 14:40:35,773 [ERROR] LogOutputStream:75 - [STDERR_REDIRECT] 
2026-09-13 14:40:35,773 [ERROR] LogOutputStream:75 - [STDERR_REDIRECT] Sep 13, 2026 2:40:35 PM java.util.prefs.FileSystemPreferences syncWorld
2026-09-13 14:40:35,774 [ERROR] LogOutputStream:75 - [STDERR_REDIRECT] WARNING: Couldn't flush system prefs: java.util.prefs.BackingStoreException: Couldn't get file lock.
2026-09-13 14:40:35,774 [ERROR] LogOutputStream:75 - [STDERR_REDIRECT] 
2026-09-13 14:41:05,771 [ERROR] LogOutputStream:75 - [STDERR_REDIRECT] Sep 13, 2026 2:41:05 PM java.util.prefs.FileSystemPreferences checkLockFile0ErrorCode
2026-09-13 14:41:05,773 [ERROR] LogOutputStream:75 - [STDERR_REDIRECT] WARNING: Could not lock System prefs. Unix error code 31664.
2026-09-13 14:41:05,773 [ERROR] LogOutputStream:75 - [STDERR_REDIRECT] 
2026-09-13 14:41:05,774 [ERROR] LogOutputStream:75 - [STDERR_REDIRECT] Sep 13, 2026 2:41:05 PM java.util.prefs.FileSystemPreferences syncWorld
2026-09-13 14:41:05,774 [ERROR] LogOutputStream:75 - [STDERR_REDIRECT] WARNING: Couldn't flush system prefs: java.util.prefs.BackingStoreException: Couldn't get file lock.
2026-09-13 14:41:05,774 [ERROR] LogOutputStream:75 - [STDERR_REDIRECT] 
2026-09-13 14:41:35,780 [ERROR] LogOutputStream:75 - [STDERR_REDIRECT] Sep 13, 2026 2:41:35 PM java.util.prefs.FileSystemPreferences checkLockFile0ErrorCode
2026-09-13 14:41:35,780 [ERROR] LogOutputStream:75 - [STDERR_REDIRECT] WARNING: Could not lock System prefs. Unix error code 31664.
2026-09-13 14:41:35,780 [ERROR] LogOutputStream:75 - [STDERR_REDIRECT] 
2026-09-13 14:41:35,781 [ERROR] LogOutputStream:75 - [STDERR_REDIRECT] Sep 13, 2026 2:41:35 PM java.util.prefs.FileSystemPreferences syncWorld
2026-09-13 14:41:35,781 [ERROR] LogOutputStream:75 - [STDERR_REDIRECT] WARNING: Couldn't flush system prefs: java.util.prefs.BackingStoreException: Couldn't get file lock.
2026-09-13 14:41:35,781 [ERROR] LogOutputStream:75 - [STDERR_REDIRECT] 
2026-09-13 14:42:05,775 [ERROR] LogOutputStream:75 - [STDERR_REDIRECT] Sep 13, 2026 2:42:05 PM java.util.prefs.FileSystemPreferences checkLockFile0ErrorCode
2026-09-13 14:42:05,775 [ERROR] LogOutputStream:75 - [STDERR_REDIRECT] WARNING: Could not lock System prefs. Unix error code 31664.
2026-09-13 14:42:05,775 [ERROR] LogOutputStream:75 - [STDERR_REDIRECT] 
2026-09-13 14:42:05,778 [ERROR] LogOutputStream:75 - [STDERR_REDIRECT] Sep 13, 2026 2:42:05 PM java.util.prefs.FileSystemPreferences syncWorld
2026-09-13 14:42:05,778 [ERROR] LogOutputStream:75 - [STDERR_REDIRECT] WARNING: Couldn't flush system prefs: java.util.prefs.BackingStoreException: Couldn't get file lock.
2026-09-13 14:42:05,778 [ERROR] LogOutputStream:75 - [STDERR_REDIRECT] 
2026-09-13 14:42:35,775 [ERROR] LogOutputStream:75 - [STDERR_REDIRECT] Sep 13, 2026 2:42:35 PM java.util.prefs.FileSystemPreferences checkLockFile0ErrorCode
2026-09-13 14:42:35,775 [ERROR] LogOutputStream:75 - [STDERR_REDIRECT] WARNING: Could not lock System prefs. Unix error code 31664.
2026-09-13 14:42:35,775 [ERROR] LogOutputStream:75 - [STDERR_REDIRECT] 
2026-09-13 14:42:35,775 [ERROR] LogOutputStream:75 - [STDERR_REDIRECT] Sep 13, 2026 2:42:35 PM java.util.prefs.FileSystemPreferences syncWorld
2026-09-13 14:42:35,776 [ERROR] LogOutputStream:75 - [STDERR_REDIRECT] WARNING: Couldn't flush system prefs: java.util.prefs.BackingStoreException: Couldn't get file lock.
2026-09-13 14:42:35,777 [ERROR] LogOutputStream:75 - [STDERR_REDIRECT] 
2026-09-13 14:43:05,777 [ERROR] LogOutputStream:75 - [STDERR_REDIRECT] Sep 13, 2026 2:43:05 PM java.util.prefs.FileSystemPreferences checkLockFile0ErrorCode
2026-09-13 14:43:05,779 [ERROR] LogOutputStream:75 - [STDERR_REDIRECT] WARNING: Could not lock System prefs. Unix error code 31664.
2026-09-13 14:43:05,779 [ERROR] LogOutputStream:75 - [STDERR_REDIRECT] 
2026-09-13 14:43:05,779 [ERROR] LogOutputStream:75 - [STDERR_REDIRECT] Sep 13, 2026 2:43:05 PM java.util.prefs.FileSystemPreferences syncWorld
2026-09-13 14:43:05,779 [ERROR] LogOutputStream:75 - [STDERR_REDIRECT] WARNING: Couldn't flush system prefs: java.util.prefs.BackingStoreException: Couldn't get file lock.
2026-09-13 14:43:05,782 [ERROR] LogOutputStream:75 - [STDERR_REDIRECT] 
2026-09-13 14:43:35,774 [ERROR] LogOutputStream:75 - [STDERR_REDIRECT] Sep 13, 2026 2:43:35 PM java.util.prefs.FileSystemPreferences checkLockFile0ErrorCode
2026-09-13 14:43:35,775 [ERROR] LogOutputStream:75 - [STDERR_REDIRECT] WARNING: Could not lock System prefs. Unix error code 31664.
2026-09-13 14:43:35,775 [ERROR] LogOutputStream:75 - [STDERR_REDIRECT] 
2026-09-13 14:43:35,776 [ERROR] LogOutputStream:75 - [STDERR_REDIRECT] Sep 13, 2026 2:43:35 PM java.util.prefs.FileSystemPreferences syncWorld
2026-09-13 14:43:35,776 [ERROR] LogOutputStream:75 - [STDERR_REDIRECT] WARNING: Couldn't flush system prefs: java.util.prefs.BackingStoreException: Couldn't get file lock.
2026-09-13 14:43:35,776 [ERROR] LogOutputStream:75 - [STDERR_REDIRECT] 
2026-09-13 14:44:05,776 [ERROR] LogOutputStream:75 - [STDERR_REDIRECT] Sep 13, 2026 2:44:05 PM java.util.prefs.FileSystemPreferences checkLockFile0ErrorCode
2026-09-13 14:44:05,776 [ERROR] LogOutputStream:75 - [STDERR_REDIRECT] WARNING: Could not lock System prefs. Unix error code 31664.
2026-09-13 14:44:05,776 [ERROR] LogOutputStream:75 - [STDERR_REDIRECT] 
2026-09-13 14:44:05,778 [ERROR] LogOutputStream:75 - [STDERR_REDIRECT] Sep 13, 2026 2:44:05 PM java.util.prefs.FileSystemPreferences syncWorld
2026-09-13 14:44:05,778 [ERROR] LogOutputStream:75 - [STDERR_REDIRECT] WARNING: Couldn't flush system prefs: java.util.prefs.BackingStoreException: Couldn't get file lock.
2026-09-13 14:44:05,778 [ERROR] LogOutputStream:75 - [STDERR_REDIRECT] 
2026-09-13 14:44:35,777 [ERROR] LogOutputStream:75 - [STDERR_REDIRECT] Sep 13, 2026 2:44:35 PM java.util.prefs.FileSystemPreferences checkLockFile0ErrorCode
2026-09-13 14:44:35,777 [ERROR] LogOutputStream:75 - [STDERR_REDIRECT] WARNING: Could not lock System prefs. Unix error code 31664.
2026-09-13 14:44:35,777 [ERROR] LogOutputStream:75 - [STDERR_REDIRECT] 
2026-09-13 14:44:35,778 [ERROR] LogOutputStream:75 - [STDERR_REDIRECT] Sep 13, 2026 2:44:35 PM java.util.prefs.FileSystemPreferences syncWorld
2026-09-13 14:44:35,778 [ERROR] LogOutputStream:75 - [STDERR_REDIRECT] WARNING: Couldn't flush system prefs: java.util.prefs.BackingStoreException: Couldn't get file lock.
2026-09-13 14:44:35,778 [ERROR] LogOutputStream:75 - [STDERR_REDIRECT] 
2026-09-13 14:45:05,779 [ERROR] LogOutputStream:75 - [STDERR_REDIRECT] Sep 13, 2026 2:45:05 PM java.util.prefs.FileSystemPreferences checkLockFile0ErrorCode
2026-09-13 14:45:05,779 [ERROR] LogOutputStream:75 - [STDERR_REDIRECT] WARNING: Could not lock System prefs. Unix error code 31664.
2026-09-13 14:45:05,779 [ERROR] LogOutputStream:75 - [STDERR_REDIRECT] 
2026-09-13 14:45:05,779 [ERROR] LogOutputStream:75 - [STDERR_REDIRECT] Sep 13, 2026 2:45:05 PM java.util.prefs.FileSystemPreferences syncWorld
2026-09-13 14:45:05,779 [ERROR] LogOutputStream:75 - [STDERR_REDIRECT] WARNING: Couldn't flush system prefs: java.util.prefs.BackingStoreException: Couldn't get file lock.
2026-09-13 14:45:05,780 [ERROR] LogOutputStream:75 - [STDERR_REDIRECT] 
2026-09-13 14:45:35,778 [ERROR] LogOutputStream:75 - [STDERR_REDIRECT] Sep 13, 2026 2:45:35 PM java.util.prefs.FileSystemPreferences checkLockFile0ErrorCode
2026-09-13 14:45:35,778 [ERROR] LogOutputStream:75 - [STDERR_REDIRECT] WARNING: Could not lock System prefs. Unix error code 31664.
2026-09-13 14:45:35,778 [ERROR] LogOutputStream:75 - [STDERR_REDIRECT] 
2026-09-13 14:45:35,779 [ERROR] LogOutputStream:75 - [STDERR_REDIRECT] Sep 13, 2026 2:45:35 PM java.util.prefs.FileSystemPreferences syncWorld
2026-09-13 14:45:35,779 [ERROR] LogOutputStream:75 - [STDERR_REDIRECT] WARNING: Couldn't flush system prefs: java.util.prefs.BackingStoreException: Couldn't get file lock.
2026-09-13 14:45:35,779 [ERROR] LogOutputStream:75 - [STDERR_REDIRECT] 
2026-09-13 14:46:05,783 [ERROR] LogOutputStream:75 - [STDERR_REDIRECT] Sep 13, 2026 2:46:05 PM java.util.prefs.FileSystemPreferences checkLockFile0ErrorCode
2026-09-13 14:46:05,783 [ERROR] LogOutputStream:75 - [STDERR_REDIRECT] WARNING: Could not lock System prefs. Unix error code 31664.
2026-09-13 14:46:05,786 [ERROR] LogOutputStream:75 - [STDERR_REDIRECT] 
2026-09-13 14:46:05,786 [ERROR] LogOutputStream:75 - [STDERR_REDIRECT] Sep 13, 2026 2:46:05 PM java.util.prefs.FileSystemPreferences syncWorld
2026-09-13 14:46:05,787 [ERROR] LogOutputStream:75 - [STDERR_REDIRECT] WARNING: Couldn't flush system prefs: java.util.prefs.BackingStoreException: Couldn't get file lock.
2026-09-13 14:46:05,787 [ERROR] LogOutputStream:75 - [STDERR_REDIRECT] 
2026-09-13 14:46:35,783 [ERROR] LogOutputStream:75 - [STDERR_REDIRECT] Sep 13, 2026 2:46:35 PM java.util.prefs.FileSystemPreferences checkLockFile0ErrorCode
2026-09-13 14:46:35,783 [ERROR] LogOutputStream:75 - [STDERR_REDIRECT] WARNING: Could not lock System prefs. Unix error code 31664.
2026-09-13 14:46:35,783 [ERROR] LogOutputStream:75 - [STDERR_REDIRECT] 
2026-09-13 14:46:35,783 [ERROR] LogOutputStream:75 - [STDERR_REDIRECT] Sep 13, 2026 2:46:35 PM java.util.prefs.FileSystemPreferences syncWorld
2026-09-13 14:46:35,784 [ERROR] LogOutputStream:75 - [STDERR_REDIRECT] WARNING: Couldn't flush system prefs: java.util.prefs.BackingStoreException: Couldn't get file lock.
2026-09-13 14:46:35,784 [ERROR] LogOutputStream:75 - [STDERR_REDIRECT] 
2026-09-13 14:47:05,828 [ERROR] LogOutputStream:75 - [STDERR_REDIRECT] Sep 13, 2026 2:47:05 PM java.util.prefs.FileSystemPreferences checkLockFile0ErrorCode
2026-09-13 14:47:05,828 [ERROR] LogOutputStream:75 - [STDERR_REDIRECT] WARNING: Could not lock System prefs. Unix error code 31664.
2026-09-13 14:47:05,828 [ERROR] LogOutputStream:75 - [STDERR_REDIRECT] 
2026-09-13 14:47:05,828 [ERROR] LogOutputStream:75 - [STDERR_REDIRECT] Sep 13, 2026 2:47:05 PM java.util.prefs.FileSystemPreferences syncWorld
2026-09-13 14:47:05,828 [ERROR] LogOutputStream:75 - [STDERR_REDIRECT] WARNING: Couldn't flush system prefs: java.util.prefs.BackingStoreException: Couldn't get file lock.
2026-09-13 14:47:05,830 [ERROR] LogOutputStream:75 - [STDERR_REDIRECT] 
2026-09-13 14:47:35,792 [ERROR] LogOutputStream:75 - [STDERR_REDIRECT] Sep 13, 2026 2:47:35 PM java.util.prefs.FileSystemPreferences checkLockFile0ErrorCode
2026-09-13 14:47:35,793 [ERROR] LogOutputStream:75 - [STDERR_REDIRECT] WARNING: Could not lock System prefs. Unix error code 31664.
2026-09-13 14:47:35,793 [ERROR] LogOutputStream:75 - [STDERR_REDIRECT] 
2026-09-13 14:47:35,793 [ERROR] LogOutputStream:75 - [STDERR_REDIRECT] Sep 13, 2026 2:47:35 PM java.util.prefs.FileSystemPreferences syncWorld
2026-09-13 14:47:35,793 [ERROR] LogOutputStream:75 - [STDERR_REDIRECT] WARNING: Couldn't flush system prefs: java.util.prefs.BackingStoreException: Couldn't get file lock.
2026-09-13 14:47:35,793 [ERROR] LogOutputStream:75 - [STDERR_REDIRECT] 
2026-09-13 14:48:05,788 [ERROR] LogOutputStream:75 - [STDERR_REDIRECT] Sep 13, 2026 2:48:05 PM java.util.prefs.FileSystemPreferences checkLockFile0ErrorCode
2026-09-13 14:48:05,788 [ERROR] LogOutputStream:75 - [STDERR_REDIRECT] WARNING: Could not lock System prefs. Unix error code 31664.
2026-09-13 14:48:05,788 [ERROR] LogOutputStream:75 - [STDERR_REDIRECT] 
2026-09-13 14:48:05,789 [ERROR] LogOutputStream:75 - [STDERR_REDIRECT] Sep 13, 2026 2:48:05 PM java.util.prefs.FileSystemPreferences syncWorld
2026-09-13 14:48:05,789 [ERROR] LogOutputStream:75 - [STDERR_REDIRECT] WARNING: Couldn't flush system prefs: java.util.prefs.BackingStoreException: Couldn't get file lock.
2026-09-13 14:48:05,789 [ERROR] LogOutputStream:75 - [STDERR_REDIRECT] 
2026-09-13 14:48:35,781 [ERROR] LogOutputStream:75 - [STDERR_REDIRECT] Sep 13, 2026 2:48:35 PM java.util.prefs.FileSystemPreferences checkLockFile0ErrorCode
2026-09-13 14:48:35,782 [ERROR] LogOutputStream:75 - [STDERR_REDIRECT] WARNING: Could not lock System prefs. Unix error code 31664.
2026-09-13 14:48:35,782 [ERROR] LogOutputStream:75 - [STDERR_REDIRECT] 
2026-09-13 14:48:35,782 [ERROR] LogOutputStream:75 - [STDERR_REDIRECT] Sep 13, 2026 2:48:35 PM java.util.prefs.FileSystemPreferences syncWorld
2026-09-13 14:48:35,782 [ERROR] LogOutputStream:75 - [STDERR_REDIRECT] WARNING: Couldn't flush system prefs: java.util.prefs.BackingStoreException: Couldn't get file lock.
2026-09-13 14:48:35,782 [ERROR] LogOutputStream:75 - [STDERR_REDIRECT] 
2026-09-13 14:49:05,781 [ERROR] LogOutputStream:75 - [STDERR_REDIRECT] Sep 13, 2026 2:49:05 PM java.util.prefs.FileSystemPreferences checkLockFile0ErrorCode
2026-09-13 14:49:05,781 [ERROR] LogOutputStream:75 - [STDERR_REDIRECT] WARNING: Could not lock System prefs. Unix error code 31664.
2026-09-13 14:49:05,782 [ERROR] LogOutputStream:75 - [STDERR_REDIRECT] 
2026-09-13 14:49:05,782 [ERROR] LogOutputStream:75 - [STDERR_REDIRECT] Sep 13, 2026 2:49:05 PM java.util.prefs.FileSystemPreferences syncWorld
2026-09-13 14:49:05,782 [ERROR] LogOutputStream:75 - [STDERR_REDIRECT] WARNING: Couldn't flush system prefs: java.util.prefs.BackingStoreException: Couldn't get file lock.
2026-09-13 14:49:05,782 [ERROR] LogOutputStream:75 - [STDERR_REDIRECT] 
2026-09-13 14:49:35,790 [ERROR] LogOutputStream:75 - [STDERR_REDIRECT] Sep 13, 2026 2:49:35 PM java.util.prefs.FileSystemPreferences checkLockFile0ErrorCode
2026-09-13 14:49:35,790 [ERROR] LogOutputStream:75 - [STDERR_REDIRECT] WARNING: Could not lock System prefs. Unix error code 31664.
2026-09-13 14:49:35,790 [ERROR] LogOutputStream:75 - [STDERR_REDIRECT] 
2026-09-13 14:49:35,790 [ERROR] LogOutputStream:75 - [STDERR_REDIRECT] Sep 13, 2026 2:49:35 PM java.util.prefs.FileSystemPreferences syncWorld
2026-09-13 14:49:35,792 [ERROR] LogOutputStream:75 - [STDERR_REDIRECT] WARNING: Couldn't flush system prefs: java.util.prefs.BackingStoreException: Couldn't get file lock.
2026-09-13 14:49:35,792 [ERROR] LogOutputStream:75 - [STDERR_REDIRECT] 
2026-09-13 14:50:05,805 [ERROR] LogOutputStream:75 - [STDERR_REDIRECT] Sep 13, 2026 2:50:05 PM java.util.prefs.FileSystemPreferences checkLockFile0ErrorCode
2026-09-13 14:50:05,805 [ERROR] LogOutputStream:75 - [STDERR_REDIRECT] WARNING: Could not lock System prefs. Unix error code 31664.
2026-09-13 14:50:05,805 [ERROR] LogOutputStream:75 - [STDERR_REDIRECT] 
2026-09-13 14:50:05,805 [ERROR] LogOutputStream:75 - [STDERR_REDIRECT] Sep 13, 2026 2:50:05 PM java.util.prefs.FileSystemPreferences syncWorld
2026-09-13 14:50:05,806 [ERROR] LogOutputStream:75 - [STDERR_REDIRECT] WARNING: Couldn't flush system prefs: java.util.prefs.BackingStoreException: Couldn't get file lock.
2026-09-13 14:50:05,806 [ERROR] LogOutputStream:75 - [STDERR_REDIRECT] 
2026-09-13 14:50:35,792 [ERROR] LogOutputStream:75 - [STDERR_REDIRECT] Sep 13, 2026 2:50:35 PM java.util.prefs.FileSystemPreferences checkLockFile0ErrorCode
2026-09-13 14:50:35,792 [ERROR] LogOutputStream:75 - [STDERR_REDIRECT] WARNING: Could not lock System prefs. Unix error code 31664.
2026-09-13 14:50:35,793 [ERROR] LogOutputStream:75 - [STDERR_REDIRECT] 
2026-09-13 14:50:35,793 [ERROR] LogOutputStream:75 - [STDERR_REDIRECT] Sep 13, 2026 2:50:35 PM java.util.prefs.FileSystemPreferences syncWorld
2026-09-13 14:50:35,793 [ERROR] LogOutputStream:75 - [STDERR_REDIRECT] WARNING: Couldn't flush system prefs: java.util.prefs.BackingStoreException: Couldn't get file lock.
2026-09-13 14:50:35,793 [ERROR] LogOutputStream:75 - [STDERR_REDIRECT] 
2026-09-13 14:51:05,812 [ERROR] LogOutputStream:75 - [STDERR_REDIRECT] Sep 13, 2026 2:51:05 PM java.util.prefs.FileSystemPreferences checkLockFile0ErrorCode
2026-09-13 14:51:05,812 [ERROR] LogOutputStream:75 - [STDERR_REDIRECT] WARNING: Could not lock System prefs. Unix error code 31664.
2026-09-13 14:51:05,812 [ERROR] LogOutputStream:75 - [STDERR_REDIRECT] 
2026-09-13 14:51:05,812 [ERROR] LogOutputStream:75 - [STDERR_REDIRECT] Sep 13, 2026 2:51:05 PM java.util.prefs.FileSystemPreferences syncWorld
2026-09-13 14:51:05,813 [ERROR] LogOutputStream:75 - [STDERR_REDIRECT] WARNING: Couldn't flush system prefs: java.util.prefs.BackingStoreException: Couldn't get file lock.
2026-09-13 14:51:05,814 [ERROR] LogOutputStream:75 - [STDERR_REDIRECT] 
2026-09-13 14:51:35,792 [ERROR] LogOutputStream:75 - [STDERR_REDIRECT] Sep 13, 2026 2:51:35 PM java.util.prefs.FileSystemPreferences checkLockFile0ErrorCode
2026-09-13 14:51:35,793 [ERROR] LogOutputStream:75 - [STDERR_REDIRECT] WARNING: Could not lock System prefs. Unix error code 31664.
2026-09-13 14:51:35,793 [ERROR] LogOutputStream:75 - [STDERR_REDIRECT] 
2026-09-13 14:51:35,793 [ERROR] LogOutputStream:75 - [STDERR_REDIRECT] Sep 13, 2026 2:51:35 PM java.util.prefs.FileSystemPreferences syncWorld
2026-09-13 14:51:35,793 [ERROR] LogOutputStream:75 - [STDERR_REDIRECT] WARNING: Couldn't flush system prefs: java.util.prefs.BackingStoreException: Couldn't get file lock.
2026-09-13 14:51:35,793 [ERROR] LogOutputStream:75 - [STDERR_REDIRECT] 
2026-09-13 14:52:05,793 [ERROR] LogOutputStream:75 - [STDERR_REDIRECT] Sep 13, 2026 2:52:05 PM java.util.prefs.FileSystemPreferences checkLockFile0ErrorCode
2026-09-13 14:52:05,793 [ERROR] LogOutputStream:75 - [STDERR_REDIRECT] WARNING: Could not lock System prefs. Unix error code 31664.
2026-09-13 14:52:05,793 [ERROR] LogOutputStream:75 - [STDERR_REDIRECT] 
2026-09-13 14:52:05,793 [ERROR] LogOutputStream:75 - [STDERR_REDIRECT] Sep 13, 2026 2:52:05 PM java.util.prefs.FileSystemPreferences syncWorld
2026-09-13 14:52:05,793 [ERROR] LogOutputStream:75 - [STDERR_REDIRECT] WARNING: Couldn't flush system prefs: java.util.prefs.BackingStoreException: Couldn't get file lock.
2026-09-13 14:52:05,794 [ERROR] LogOutputStream:75 - [STDERR_REDIRECT] 
2026-09-13 14:52:35,793 [ERROR] LogOutputStream:75 - [STDERR_REDIRECT] Sep 13, 2026 2:52:35 PM java.util.prefs.FileSystemPreferences checkLockFile0ErrorCode
2026-09-13 14:52:35,794 [ERROR] LogOutputStream:75 - [STDERR_REDIRECT] WARNING: Could not lock System prefs. Unix error code 31664.
2026-09-13 14:52:35,794 [ERROR] LogOutputStream:75 - [STDERR_REDIRECT] 
2026-09-13 14:52:35,794 [ERROR] LogOutputStream:75 - [STDERR_REDIRECT] Sep 13, 2026 2:52:35 PM java.util.prefs.FileSystemPreferences syncWorld
2026-09-13 14:52:35,795 [ERROR] LogOutputStream:75 - [STDERR_REDIRECT] WARNING: Couldn't flush system prefs: java.util.prefs.BackingStoreException: Couldn't get file lock.
2026-09-13 14:52:35,795 [ERROR] LogOutputStream:75 - [STDERR_REDIRECT] 
2026-09-13 14:53:05,793 [ERROR] LogOutputStream:75 - [STDERR_REDIRECT] Sep 13, 2026 2:53:05 PM java.util.prefs.FileSystemPreferences checkLockFile0ErrorCode
2026-09-13 14:53:05,793 [ERROR] LogOutputStream:75 - [STDERR_REDIRECT] WARNING: Could not lock System prefs. Unix error code 31664.
2026-09-13 14:53:05,793 [ERROR] LogOutputStream:75 - [STDERR_REDIRECT] 
2026-09-13 14:53:05,793 [ERROR] LogOutputStream:75 - [STDERR_REDIRECT] Sep 13, 2026 2:53:05 PM java.util.prefs.FileSystemPreferences syncWorld
2026-09-13 14:53:05,794 [ERROR] LogOutputStream:75 - [STDERR_REDIRECT] WARNING: Couldn't flush system prefs: java.util.prefs.BackingStoreException: Couldn't get file lock.
2026-09-13 14:53:05,794 [ERROR] LogOutputStream:75 - [STDERR_REDIRECT] 
2026-09-13 14:53:35,794 [ERROR] LogOutputStream:75 - [STDERR_REDIRECT] Sep 13, 2026 2:53:35 PM java.util.prefs.FileSystemPreferences checkLockFile0ErrorCode
2026-09-13 14:53:35,794 [ERROR] LogOutputStream:75 - [STDERR_REDIRECT] WARNING: Could not lock System prefs. Unix error code 31664.
2026-09-13 14:53:35,795 [ERROR] LogOutputStream:75 - [STDERR_REDIRECT] 
2026-09-13 14:53:35,795 [ERROR] LogOutputStream:75 - [STDERR_REDIRECT] Sep 13, 2026 2:53:35 PM java.util.prefs.FileSystemPreferences syncWorld
2026-09-13 14:53:35,795 [ERROR] LogOutputStream:75 - [STDERR_REDIRECT] WARNING: Couldn't flush system prefs: java.util.prefs.BackingStoreException: Couldn't get file lock.
2026-09-13 14:53:35,795 [ERROR] LogOutputStream:75 - [STDERR_REDIRECT] 
2026-09-13 14:54:05,794 [ERROR] LogOutputStream:75 - [STDERR_REDIRECT] Sep 13, 2026 2:54:05 PM java.util.prefs.FileSystemPreferences checkLockFile0ErrorCode
2026-09-13 14:54:05,794 [ERROR] LogOutputStream:75 - [STDERR_REDIRECT] WARNING: Could not lock System prefs. Unix error code 31664.
2026-09-13 14:54:05,794 [ERROR] LogOutputStream:75 - [STDERR_REDIRECT] 
2026-09-13 14:54:05,794 [ERROR] LogOutputStream:75 - [STDERR_REDIRECT] Sep 13, 2026 2:54:05 PM java.util.prefs.FileSystemPreferences syncWorld
2026-09-13 14:54:05,796 [ERROR] LogOutputStream:75 - [STDERR_REDIRECT] WARNING: Couldn't flush system prefs: java.util.prefs.BackingStoreException: Couldn't get file lock.
2026-09-13 14:54:05,796 [ERROR] LogOutputStream:75 - [STDERR_REDIRECT] 
2026-09-13 14:54:35,793 [ERROR] LogOutputStream:75 - [STDERR_REDIRECT] Sep 13, 2026 2:54:35 PM java.util.prefs.FileSystemPreferences checkLockFile0ErrorCode
2026-09-13 14:54:35,794 [ERROR] LogOutputStream:75 - [STDERR_REDIRECT] WARNING: Could not lock System prefs. Unix error code 31664.
2026-09-13 14:54:35,794 [ERROR] LogOutputStream:75 - [STDERR_REDIRECT] 
2026-09-13 14:54:35,794 [ERROR] LogOutputStream:75 - [STDERR_REDIRECT] Sep 13, 2026 2:54:35 PM java.util.prefs.FileSystemPreferences syncWorld
2026-09-13 14:54:35,794 [ERROR] LogOutputStream:75 - [STDERR_REDIRECT] WARNING: Couldn't flush system prefs: java.util.prefs.BackingStoreException: Couldn't get file lock.
2026-09-13 14:54:35,794 [ERROR] LogOutputStream:75 - [STDERR_REDIRECT] 
2026-09-13 14:55:05,795 [ERROR] LogOutputStream:75 - [STDERR_REDIRECT] Sep 13, 2026 2:55:05 PM java.util.prefs.FileSystemPreferences checkLockFile0ErrorCode
2026-09-13 14:55:05,795 [ERROR] LogOutputStream:75 - [STDERR_REDIRECT] WARNING: Could not lock System prefs. Unix error code 31664.
2026-09-13 14:55:05,795 [ERROR] LogOutputStream:75 - [STDERR_REDIRECT] 
2026-09-13 14:55:05,796 [ERROR] LogOutputStream:75 - [STDERR_REDIRECT] Sep 13, 2026 2:55:05 PM java.util.prefs.FileSystemPreferences syncWorld
2026-09-13 14:55:05,796 [ERROR] LogOutputStream:75 - [STDERR_REDIRECT] WARNING: Couldn't flush system prefs: java.util.prefs.BackingStoreException: Couldn't get file lock.
2026-09-13 14:55:05,796 [ERROR] LogOutputStream:75 - [STDERR_REDIRECT] 
2026-09-13 14:55:35,794 [ERROR] LogOutputStream:75 - [STDERR_REDIRECT] Sep 13, 2026 2:55:35 PM java.util.prefs.FileSystemPreferences checkLockFile0ErrorCode
2026-09-13 14:55:35,794 [ERROR] LogOutputStream:75 - [STDERR_REDIRECT] WARNING: Could not lock System prefs. Unix error code 31664.
2026-09-13 14:55:35,794 [ERROR] LogOutputStream:75 - [STDERR_REDIRECT] 
2026-09-13 14:55:35,795 [ERROR] LogOutputStream:75 - [STDERR_REDIRECT] Sep 13, 2026 2:55:35 PM java.util.prefs.FileSystemPreferences syncWorld
2026-09-13 14:55:35,796 [ERROR] LogOutputStream:75 - [STDERR_REDIRECT] WARNING: Couldn't flush system prefs: java.util.prefs.BackingStoreException: Couldn't get file lock.
2026-09-13 14:55:35,796 [ERROR] LogOutputStream:75 - [STDERR_REDIRECT] 
2026-09-13 14:56:05,795 [ERROR] LogOutputStream:75 - [STDERR_REDIRECT] Sep 13, 2026 2:56:05 PM java.util.prefs.FileSystemPreferences checkLockFile0ErrorCode
2026-09-13 14:56:05,795 [ERROR] LogOutputStream:75 - [STDERR_REDIRECT] WARNING: Could not lock System prefs. Unix error code 31664.
2026-09-13 14:56:05,795 [ERROR] LogOutputStream:75 - [STDERR_REDIRECT] 
2026-09-13 14:56:05,796 [ERROR] LogOutputStream:75 - [STDERR_REDIRECT] Sep 13, 2026 2:56:05 PM java.util.prefs.FileSystemPreferences syncWorld
2026-09-13 14:56:05,796 [ERROR] LogOutputStream:75 - [STDERR_REDIRECT] WARNING: Couldn't flush system prefs: java.util.prefs.BackingStoreException: Couldn't get file lock.
2026-09-13 14:56:05,796 [ERROR] LogOutputStream:75 - [STDERR_REDIRECT] 
2026-09-13 14:56:35,797 [ERROR] LogOutputStream:75 - [STDERR_REDIRECT] Sep 13, 2026 2:56:35 PM java.util.prefs.FileSystemPreferences checkLockFile0ErrorCode
2026-09-13 14:56:35,798 [ERROR] LogOutputStream:75 - [STDERR_REDIRECT] WARNING: Could not lock System prefs. Unix error code 31664.
2026-09-13 14:56:35,798 [ERROR] LogOutputStream:75 - [STDERR_REDIRECT] 
2026-09-13 14:56:35,799 [ERROR] LogOutputStream:75 - [STDERR_REDIRECT] Sep 13, 2026 2:56:35 PM java.util.prefs.FileSystemPreferences syncWorld
2026-09-13 14:56:35,799 [ERROR] LogOutputStream:75 - [STDERR_REDIRECT] WARNING: Couldn't flush system prefs: java.util.prefs.BackingStoreException: Couldn't get file lock.
2026-09-13 14:56:35,799 [ERROR] LogOutputStream:75 - [STDERR_REDIRECT] 
2026-09-13 14:57:05,796 [ERROR] LogOutputStream:75 - [STDERR_REDIRECT] Sep 13, 2026 2:57:05 PM java.util.prefs.FileSystemPreferences checkLockFile0ErrorCode
2026-09-13 14:57:05,796 [ERROR] LogOutputStream:75 - [STDERR_REDIRECT] WARNING: Could not lock System prefs. Unix error code 31664.
2026-09-13 14:57:05,796 [ERROR] LogOutputStream:75 - [STDERR_REDIRECT] 
2026-09-13 14:57:05,797 [ERROR] LogOutputStream:75 - [STDERR_REDIRECT] Sep 13, 2026 2:57:05 PM java.util.prefs.FileSystemPreferences syncWorld
2026-09-13 14:57:05,797 [ERROR] LogOutputStream:75 - [STDERR_REDIRECT] WARNING: Couldn't flush system prefs: java.util.prefs.BackingStoreException: Couldn't get file lock.
2026-09-13 14:57:05,797 [ERROR] LogOutputStream:75 - [STDERR_REDIRECT] 
2026-09-13 14:57:35,833 [ERROR] LogOutputStream:75 - [STDERR_REDIRECT] Sep 13, 2026 2:57:35 PM java.util.prefs.FileSystemPreferences checkLockFile0ErrorCode
2026-09-13 14:57:35,833 [ERROR] LogOutputStream:75 - [STDERR_REDIRECT] WARNING: Could not lock System prefs. Unix error code 31664.
2026-09-13 14:57:35,833 [ERROR] LogOutputStream:75 - [STDERR_REDIRECT] 
2026-09-13 14:57:35,833 [ERROR] LogOutputStream:75 - [STDERR_REDIRECT] Sep 13, 2026 2:57:35 PM java.util.prefs.FileSystemPreferences syncWorld
2026-09-13 14:57:35,837 [ERROR] LogOutputStream:75 - [STDERR_REDIRECT] WARNING: Couldn't flush system prefs: java.util.prefs.BackingStoreException: Couldn't get file lock.
2026-09-13 14:57:35,837 [ERROR] LogOutputStream:75 - [STDERR_REDIRECT] 
2026-09-13 14:58:05,794 [ERROR] LogOutputStream:75 - [STDERR_REDIRECT] Sep 13, 2026 2:58:05 PM java.util.prefs.FileSystemPreferences checkLockFile0ErrorCode
2026-09-13 14:58:05,794 [ERROR] LogOutputStream:75 - [STDERR_REDIRECT] WARNING: Could not lock System prefs. Unix error code 31664.
2026-09-13 14:58:05,794 [ERROR] LogOutputStream:75 - [STDERR_REDIRECT] 
2026-09-13 14:58:05,795 [ERROR] LogOutputStream:75 - [STDERR_REDIRECT] Sep 13, 2026 2:58:05 PM java.util.prefs.FileSystemPreferences syncWorld
2026-09-13 14:58:05,795 [ERROR] LogOutputStream:75 - [STDERR_REDIRECT] WARNING: Couldn't flush system prefs: java.util.prefs.BackingStoreException: Couldn't get file lock.
2026-09-13 14:58:05,795 [ERROR] LogOutputStream:75 - [STDERR_REDIRECT] 
2026-09-13 14:58:35,794 [ERROR] LogOutputStream:75 - [STDERR_REDIRECT] Sep 13, 2026 2:58:35 PM java.util.prefs.FileSystemPreferences checkLockFile0ErrorCode
2026-09-13 14:58:35,794 [ERROR] LogOutputStream:75 - [STDERR_REDIRECT] WARNING: Could not lock System prefs. Unix error code 31664.
2026-09-13 14:58:35,794 [ERROR] LogOutputStream:75 - [STDERR_REDIRECT] 
2026-09-13 14:58:35,795 [ERROR] LogOutputStream:75 - [STDERR_REDIRECT] Sep 13, 2026 2:58:35 PM java.util.prefs.FileSystemPreferences syncWorld
2026-09-13 14:58:35,795 [ERROR] LogOutputStream:75 - [STDERR_REDIRECT] WARNING: Couldn't flush system prefs: java.util.prefs.BackingStoreException: Couldn't get file lock.
2026-09-13 14:58:35,795 [ERROR] LogOutputStream:75 - [STDERR_REDIRECT] 
2026-09-13 14:59:05,795 [ERROR] LogOutputStream:75 - [STDERR_REDIRECT] Sep 13, 2026 2:59:05 PM java.util.prefs.FileSystemPreferences checkLockFile0ErrorCode
2026-09-13 14:59:05,796 [ERROR] LogOutputStream:75 - [STDERR_REDIRECT] WARNING: Could not lock System prefs. Unix error code 31664.
2026-09-13 14:59:05,796 [ERROR] LogOutputStream:75 - [STDERR_REDIRECT] 
2026-09-13 14:59:05,796 [ERROR] LogOutputStream:75 - [STDERR_REDIRECT] Sep 13, 2026 2:59:05 PM java.util.prefs.FileSystemPreferences syncWorld
2026-09-13 14:59:05,796 [ERROR] LogOutputStream:75 - [STDERR_REDIRECT] WARNING: Couldn't flush system prefs: java.util.prefs.BackingStoreException: Couldn't get file lock.
2026-09-13 14:59:05,796 [ERROR] LogOutputStream:75 - [STDERR_REDIRECT] 
2026-09-13 14:59:35,797 [ERROR] LogOutputStream:75 - [STDERR_REDIRECT] Sep 13, 2026 2:59:35 PM java.util.prefs.FileSystemPreferences checkLockFile0ErrorCode
2026-09-13 14:59:35,844 [ERROR] LogOutputStream:75 - [STDERR_REDIRECT] WARNING: Could not lock System prefs. Unix error code 31664.
2026-09-13 14:59:35,845 [ERROR] LogOutputStream:75 - [STDERR_REDIRECT] 
2026-09-13 14:59:35,847 [ERROR] LogOutputStream:75 - [STDERR_REDIRECT] Sep 13, 2026 2:59:35 PM java.util.prefs.FileSystemPreferences syncWorld
2026-09-13 14:59:35,848 [ERROR] LogOutputStream:75 - [STDERR_REDIRECT] WARNING: Couldn't flush system prefs: java.util.prefs.BackingStoreException: Couldn't get file lock.
2026-09-13 14:59:35,848 [ERROR] LogOutputStream:75 - [STDERR_REDIRECT] 
2026-09-13 15:00:05,795 [ERROR] LogOutputStream:75 - [STDERR_REDIRECT] Sep 13, 2026 3:00:05 PM java.util.prefs.FileSystemPreferences checkLockFile0ErrorCode
2026-09-13 15:00:05,796 [ERROR] LogOutputStream:75 - [STDERR_REDIRECT] WARNING: Could not lock System prefs. Unix error code 31664.
2026-09-13 15:00:05,796 [ERROR] LogOutputStream:75 - [STDERR_REDIRECT] 
2026-09-13 15:00:05,799 [ERROR] LogOutputStream:75 - [STDERR_REDIRECT] Sep 13, 2026 3:00:05 PM java.util.prefs.FileSystemPreferences syncWorld
2026-09-13 15:00:05,800 [ERROR] LogOutputStream:75 - [STDERR_REDIRECT] WARNING: Couldn't flush system prefs: java.util.prefs.BackingStoreException: Couldn't get file lock.
2026-09-13 15:00:05,800 [ERROR] LogOutputStream:75 - [STDERR_REDIRECT] 
2026-09-13 15:00:35,794 [ERROR] LogOutputStream:75 - [STDERR_REDIRECT] Sep 13, 2026 3:00:35 PM java.util.prefs.FileSystemPreferences checkLockFile0ErrorCode
2026-09-13 15:00:35,794 [ERROR] LogOutputStream:75 - [STDERR_REDIRECT] WARNING: Could not lock System prefs. Unix error code 31664.
2026-09-13 15:00:35,795 [ERROR] LogOutputStream:75 - [STDERR_REDIRECT] 
2026-09-13 15:00:35,795 [ERROR] LogOutputStream:75 - [STDERR_REDIRECT] Sep 13, 2026 3:00:35 PM java.util.prefs.FileSystemPreferences syncWorld
2026-09-13 15:00:35,795 [ERROR] LogOutputStream:75 - [STDERR_REDIRECT] WARNING: Couldn't flush system prefs: java.util.prefs.BackingStoreException: Couldn't get file lock.
2026-09-13 15:00:35,795 [ERROR] LogOutputStream:75 - [STDERR_REDIRECT] 
2026-09-13 15:01:05,794 [ERROR] LogOutputStream:75 - [STDERR_REDIRECT] Sep 13, 2026 3:01:05 PM java.util.prefs.FileSystemPreferences checkLockFile0ErrorCode
2026-09-13 15:01:05,794 [ERROR] LogOutputStream:75 - [STDERR_REDIRECT] WARNING: Could not lock System prefs. Unix error code 31664.
2026-09-13 15:01:05,794 [ERROR] LogOutputStream:75 - [STDERR_REDIRECT] 
2026-09-13 15:01:05,795 [ERROR] LogOutputStream:75 - [STDERR_REDIRECT] Sep 13, 2026 3:01:05 PM java.util.prefs.FileSystemPreferences syncWorld
2026-09-13 15:01:05,795 [ERROR] LogOutputStream:75 - [STDERR_REDIRECT] WARNING: Couldn't flush system prefs: java.util.prefs.BackingStoreException: Couldn't get file lock.
2026-09-13 15:01:05,795 [ERROR] LogOutputStream:75 - [STDERR_REDIRECT] 
2026-09-13 15:01:35,794 [ERROR] LogOutputStream:75 - [STDERR_REDIRECT] Sep 13, 2026 3:01:35 PM java.util.prefs.FileSystemPreferences checkLockFile0ErrorCode
2026-09-13 15:01:35,794 [ERROR] LogOutputStream:75 - [STDERR_REDIRECT] WARNING: Could not lock System prefs. Unix error code 31664.
2026-09-13 15:01:35,794 [ERROR] LogOutputStream:75 - [STDERR_REDIRECT] 
2026-09-13 15:01:35,795 [ERROR] LogOutputStream:75 - [STDERR_REDIRECT] Sep 13, 2026 3:01:35 PM java.util.prefs.FileSystemPreferences syncWorld
2026-09-13 15:01:35,795 [ERROR] LogOutputStream:75 - [STDERR_REDIRECT] WARNING: Couldn't flush system prefs: java.util.prefs.BackingStoreException: Couldn't get file lock.
2026-09-13 15:01:35,795 [ERROR] LogOutputStream:75 - [STDERR_REDIRECT] 
2026-09-13 15:02:05,794 [ERROR] LogOutputStream:75 - [STDERR_REDIRECT] Sep 13, 2026 3:02:05 PM java.util.prefs.FileSystemPreferences checkLockFile0ErrorCode
2026-09-13 15:02:05,794 [ERROR] LogOutputStream:75 - [STDERR_REDIRECT] WARNING: Could not lock System prefs. Unix error code 31664.
2026-09-13 15:02:05,794 [ERROR] LogOutputStream:75 - [STDERR_REDIRECT] 
2026-09-13 15:02:05,794 [ERROR] LogOutputStream:75 - [STDERR_REDIRECT] Sep 13, 2026 3:02:05 PM java.util.prefs.FileSystemPreferences syncWorld
2026-09-13 15:02:05,794 [ERROR] LogOutputStream:75 - [STDERR_REDIRECT] WARNING: Couldn't flush system prefs: java.util.prefs.BackingStoreException: Couldn't get file lock.
2026-09-13 15:02:05,794 [ERROR] LogOutputStream:75 - [STDERR_REDIRECT] 
2026-09-13 15:02:35,795 [ERROR] LogOutputStream:75 - [STDERR_REDIRECT] Sep 13, 2026 3:02:35 PM java.util.prefs.FileSystemPreferences checkLockFile0ErrorCode
2026-09-13 15:02:35,795 [ERROR] LogOutputStream:75 - [STDERR_REDIRECT] WARNING: Could not lock System prefs. Unix error code 31664.
2026-09-13 15:02:35,795 [ERROR] LogOutputStream:75 - [STDERR_REDIRECT] 
2026-09-13 15:02:35,795 [ERROR] LogOutputStream:75 - [STDERR_REDIRECT] Sep 13, 2026 3:02:35 PM java.util.prefs.FileSystemPreferences syncWorld
2026-09-13 15:02:35,795 [ERROR] LogOutputStream:75 - [STDERR_REDIRECT] WARNING: Couldn't flush system prefs: java.util.prefs.BackingStoreException: Couldn't get file lock.
2026-09-13 15:02:35,795 [ERROR] LogOutputStream:75 - [STDERR_REDIRECT] 
2026-09-13 15:03:05,800 [ERROR] LogOutputStream:75 - [STDERR_REDIRECT] Sep 13, 2026 3:03:05 PM java.util.prefs.FileSystemPreferences checkLockFile0ErrorCode
2026-09-13 15:03:05,801 [ERROR] LogOutputStream:75 - [STDERR_REDIRECT] WARNING: Could not lock System prefs. Unix error code 31664.
2026-09-13 15:03:05,801 [ERROR] LogOutputStream:75 - [STDERR_REDIRECT] 
2026-09-13 15:03:05,801 [ERROR] LogOutputStream:75 - [STDERR_REDIRECT] Sep 13, 2026 3:03:05 PM java.util.prefs.FileSystemPreferences syncWorld
2026-09-13 15:03:05,801 [ERROR] LogOutputStream:75 - [STDERR_REDIRECT] WARNING: Couldn't flush system prefs: java.util.prefs.BackingStoreException: Couldn't get file lock.
2026-09-13 15:03:05,803 [ERROR] LogOutputStream:75 - [STDERR_REDIRECT] 
2026-09-13 15:03:35,795 [ERROR] LogOutputStream:75 - [STDERR_REDIRECT] Sep 13, 2026 3:03:35 PM java.util.prefs.FileSystemPreferences checkLockFile0ErrorCode
2026-09-13 15:03:35,795 [ERROR] LogOutputStream:75 - [STDERR_REDIRECT] WARNING: Could not lock System prefs. Unix error code 31664.
2026-09-13 15:03:35,795 [ERROR] LogOutputStream:75 - [STDERR_REDIRECT] 
2026-09-13 15:03:35,796 [ERROR] LogOutputStream:75 - [STDERR_REDIRECT] Sep 13, 2026 3:03:35 PM java.util.prefs.FileSystemPreferences syncWorld
2026-09-13 15:03:35,796 [ERROR] LogOutputStream:75 - [STDERR_REDIRECT] WARNING: Couldn't flush system prefs: java.util.prefs.BackingStoreException: Couldn't get file lock.
2026-09-13 15:03:35,796 [ERROR] LogOutputStream:75 - [STDERR_REDIRECT] 
2026-09-13 15:04:05,801 [ERROR] LogOutputStream:75 - [STDERR_REDIRECT] Sep 13, 2026 3:04:05 PM java.util.prefs.FileSystemPreferences checkLockFile0ErrorCode
2026-09-13 15:04:05,801 [ERROR] LogOutputStream:75 - [STDERR_REDIRECT] WARNING: Could not lock System prefs. Unix error code 31664.
2026-09-13 15:04:05,801 [ERROR] LogOutputStream:75 - [STDERR_REDIRECT] 
2026-09-13 15:04:05,802 [ERROR] LogOutputStream:75 - [STDERR_REDIRECT] Sep 13, 2026 3:04:05 PM java.util.prefs.FileSystemPreferences syncWorld
2026-09-13 15:04:05,802 [ERROR] LogOutputStream:75 - [STDERR_REDIRECT] WARNING: Couldn't flush system prefs: java.util.prefs.BackingStoreException: Couldn't get file lock.
2026-09-13 15:04:05,802 [ERROR] LogOutputStream:75 - [STDERR_REDIRECT] 
2026-09-13 15:04:35,795 [ERROR] LogOutputStream:75 - [STDERR_REDIRECT] Sep 13, 2026 3:04:35 PM java.util.prefs.FileSystemPreferences checkLockFile0ErrorCode
2026-09-13 15:04:35,795 [ERROR] LogOutputStream:75 - [STDERR_REDIRECT] WARNING: Could not lock System prefs. Unix error code 31664.
2026-09-13 15:04:35,795 [ERROR] LogOutputStream:75 - [STDERR_REDIRECT] 
2026-09-13 15:04:35,795 [ERROR] LogOutputStream:75 - [STDERR_REDIRECT] Sep 13, 2026 3:04:35 PM java.util.prefs.FileSystemPreferences syncWorld
2026-09-13 15:04:35,795 [ERROR] LogOutputStream:75 - [STDERR_REDIRECT] WARNING: Couldn't flush system prefs: java.util.prefs.BackingStoreException: Couldn't get file lock.
2026-09-13 15:04:35,796 [ERROR] LogOutputStream:75 - [STDERR_REDIRECT] 
2026-09-13 15:05:05,816 [ERROR] LogOutputStream:75 - [STDERR_REDIRECT] Sep 13, 2026 3:05:05 PM java.util.prefs.FileSystemPreferences checkLockFile0ErrorCode
2026-09-13 15:05:05,817 [ERROR] LogOutputStream:75 - [STDERR_REDIRECT] WARNING: Could not lock System prefs. Unix error code 31664.
2026-09-13 15:05:05,817 [ERROR] LogOutputStream:75 - [STDERR_REDIRECT] 
2026-09-13 15:05:05,817 [ERROR] LogOutputStream:75 - [STDERR_REDIRECT] Sep 13, 2026 3:05:05 PM java.util.prefs.FileSystemPreferences syncWorld
2026-09-13 15:05:05,817 [ERROR] LogOutputStream:75 - [STDERR_REDIRECT] WARNING: Couldn't flush system prefs: java.util.prefs.BackingStoreException: Couldn't get file lock.
2026-09-13 15:05:05,817 [ERROR] LogOutputStream:75 - [STDERR_REDIRECT] 
2026-09-13 15:05:35,816 [ERROR] LogOutputStream:75 - [STDERR_REDIRECT] Sep 13, 2026 3:05:35 PM java.util.prefs.FileSystemPreferences checkLockFile0ErrorCode
2026-09-13 15:05:35,817 [ERROR] LogOutputStream:75 - [STDERR_REDIRECT] WARNING: Could not lock System prefs. Unix error code 31664.
2026-09-13 15:05:35,817 [ERROR] LogOutputStream:75 - [STDERR_REDIRECT] 
2026-09-13 15:05:35,817 [ERROR] LogOutputStream:75 - [STDERR_REDIRECT] Sep 13, 2026 3:05:35 PM java.util.prefs.FileSystemPreferences syncWorld
2026-09-13 15:05:35,817 [ERROR] LogOutputStream:75 - [STDERR_REDIRECT] WARNING: Couldn't flush system prefs: java.util.prefs.BackingStoreException: Couldn't get file lock.
2026-09-13 15:05:35,817 [ERROR] LogOutputStream:75 - [STDERR_REDIRECT] 
2026-09-13 15:06:05,818 [ERROR] LogOutputStream:75 - [STDERR_REDIRECT] Sep 13, 2026 3:06:05 PM java.util.prefs.FileSystemPreferences checkLockFile0ErrorCode
2026-09-13 15:06:05,818 [ERROR] LogOutputStream:75 - [STDERR_REDIRECT] WARNING: Could not lock System prefs. Unix error code 31664.
2026-09-13 15:06:05,819 [ERROR] LogOutputStream:75 - [STDERR_REDIRECT] 
2026-09-13 15:06:05,819 [ERROR] LogOutputStream:75 - [STDERR_REDIRECT] Sep 13, 2026 3:06:05 PM java.util.prefs.FileSystemPreferences syncWorld
2026-09-13 15:06:05,820 [ERROR] LogOutputStream:75 - [STDERR_REDIRECT] WARNING: Couldn't flush system prefs: java.util.prefs.BackingStoreException: Couldn't get file lock.
2026-09-13 15:06:05,821 [ERROR] LogOutputStream:75 - [STDERR_REDIRECT] 
2026-09-13 15:06:35,816 [ERROR] LogOutputStream:75 - [STDERR_REDIRECT] Sep 13, 2026 3:06:35 PM java.util.prefs.FileSystemPreferences checkLockFile0ErrorCode
2026-09-13 15:06:35,816 [ERROR] LogOutputStream:75 - [STDERR_REDIRECT] WARNING: Could not lock System prefs. Unix error code 31664.
2026-09-13 15:06:35,817 [ERROR] LogOutputStream:75 - [STDERR_REDIRECT] 
2026-09-13 15:06:35,817 [ERROR] LogOutputStream:75 - [STDERR_REDIRECT] Sep 13, 2026 3:06:35 PM java.util.prefs.FileSystemPreferences syncWorld
2026-09-13 15:06:35,817 [ERROR] LogOutputStream:75 - [STDERR_REDIRECT] WARNING: Couldn't flush system prefs: java.util.prefs.BackingStoreException: Couldn't get file lock.
2026-09-13 15:06:35,817 [ERROR] LogOutputStream:75 - [STDERR_REDIRECT] 
2026-09-13 15:07:05,816 [ERROR] LogOutputStream:75 - [STDERR_REDIRECT] Sep 13, 2026 3:07:05 PM java.util.prefs.FileSystemPreferences checkLockFile0ErrorCode
2026-09-13 15:07:05,816 [ERROR] LogOutputStream:75 - [STDERR_REDIRECT] WARNING: Could not lock System prefs. Unix error code 31664.
2026-09-13 15:07:05,816 [ERROR] LogOutputStream:75 - [STDERR_REDIRECT] 
2026-09-13 15:07:05,816 [ERROR] LogOutputStream:75 - [STDERR_REDIRECT] Sep 13, 2026 3:07:05 PM java.util.prefs.FileSystemPreferences syncWorld
2026-09-13 15:07:05,816 [ERROR] LogOutputStream:75 - [STDERR_REDIRECT] WARNING: Couldn't flush system prefs: java.util.prefs.BackingStoreException: Couldn't get file lock.
2026-09-13 15:07:05,817 [ERROR] LogOutputStream:75 - [STDERR_REDIRECT] 
2026-09-13 15:07:35,834 [ERROR] LogOutputStream:75 - [STDERR_REDIRECT] Sep 13, 2026 3:07:35 PM java.util.prefs.FileSystemPreferences checkLockFile0ErrorCode
2026-09-13 15:07:35,835 [ERROR] LogOutputStream:75 - [STDERR_REDIRECT] WARNING: Could not lock System prefs. Unix error code 31664.
2026-09-13 15:07:35,835 [ERROR] LogOutputStream:75 - [STDERR_REDIRECT] 
2026-09-13 15:07:35,835 [ERROR] LogOutputStream:75 - [STDERR_REDIRECT] Sep 13, 2026 3:07:35 PM java.util.prefs.FileSystemPreferences syncWorld
2026-09-13 15:07:35,835 [ERROR] LogOutputStream:75 - [STDERR_REDIRECT] WARNING: Couldn't flush system prefs: java.util.prefs.BackingStoreException: Couldn't get file lock.
2026-09-13 15:07:35,836 [ERROR] LogOutputStream:75 - [STDERR_REDIRECT] 
2026-09-13 15:08:05,849 [ERROR] LogOutputStream:75 - [STDERR_REDIRECT] Sep 13, 2026 3:08:05 PM java.util.prefs.FileSystemPreferences checkLockFile0ErrorCode
2026-09-13 15:08:05,849 [ERROR] LogOutputStream:75 - [STDERR_REDIRECT] WARNING: Could not lock System prefs. Unix error code 31664.
2026-09-13 15:08:05,849 [ERROR] LogOutputStream:75 - [STDERR_REDIRECT] 
2026-09-13 15:08:05,850 [ERROR] LogOutputStream:75 - [STDERR_REDIRECT] Sep 13, 2026 3:08:05 PM java.util.prefs.FileSystemPreferences syncWorld
2026-09-13 15:08:05,850 [ERROR] LogOutputStream:75 - [STDERR_REDIRECT] WARNING: Couldn't flush system prefs: java.util.prefs.BackingStoreException: Couldn't get file lock.
2026-09-13 15:08:05,850 [ERROR] LogOutputStream:75 - [STDERR_REDIRECT] 
2026-09-13 15:08:35,834 [ERROR] LogOutputStream:75 - [STDERR_REDIRECT] Sep 13, 2026 3:08:35 PM java.util.prefs.FileSystemPreferences checkLockFile0ErrorCode
2026-09-13 15:08:35,834 [ERROR] LogOutputStream:75 - [STDERR_REDIRECT] WARNING: Could not lock System prefs. Unix error code 31664.
2026-09-13 15:08:35,835 [ERROR] LogOutputStream:75 - [STDERR_REDIRECT] 
2026-09-13 15:08:35,835 [ERROR] LogOutputStream:75 - [STDERR_REDIRECT] Sep 13, 2026 3:08:35 PM java.util.prefs.FileSystemPreferences syncWorld
2026-09-13 15:08:35,835 [ERROR] LogOutputStream:75 - [STDERR_REDIRECT] WARNING: Couldn't flush system prefs: java.util.prefs.BackingStoreException: Couldn't get file lock.
2026-09-13 15:08:35,835 [ERROR] LogOutputStream:75 - [STDERR_REDIRECT] 
2026-09-13 15:09:05,858 [ERROR] LogOutputStream:75 - [STDERR_REDIRECT] Sep 13, 2026 3:09:05 PM java.util.prefs.FileSystemPreferences checkLockFile0ErrorCode
2026-09-13 15:09:05,858 [ERROR] LogOutputStream:75 - [STDERR_REDIRECT] WARNING: Could not lock System prefs. Unix error code 31664.
2026-09-13 15:09:05,858 [ERROR] LogOutputStream:75 - [STDERR_REDIRECT] 
2026-09-13 15:09:05,859 [ERROR] LogOutputStream:75 - [STDERR_REDIRECT] Sep 13, 2026 3:09:05 PM java.util.prefs.FileSystemPreferences syncWorld
2026-09-13 15:09:05,859 [ERROR] LogOutputStream:75 - [STDERR_REDIRECT] WARNING: Couldn't flush system prefs: java.util.prefs.BackingStoreException: Couldn't get file lock.
2026-09-13 15:09:05,859 [ERROR] LogOutputStream:75 - [STDERR_REDIRECT] 
2026-09-13 15:09:35,859 [ERROR] LogOutputStream:75 - [STDERR_REDIRECT] Sep 13, 2026 3:09:35 PM java.util.prefs.FileSystemPreferences checkLockFile0ErrorCode
2026-09-13 15:09:35,860 [ERROR] LogOutputStream:75 - [STDERR_REDIRECT] WARNING: Could not lock System prefs. Unix error code 31664.
2026-09-13 15:09:35,860 [ERROR] LogOutputStream:75 - [STDERR_REDIRECT] 
2026-09-13 15:09:35,861 [ERROR] LogOutputStream:75 - [STDERR_REDIRECT] Sep 13, 2026 3:09:35 PM java.util.prefs.FileSystemPreferences syncWorld
2026-09-13 15:09:35,861 [ERROR] LogOutputStream:75 - [STDERR_REDIRECT] WARNING: Couldn't flush system prefs: java.util.prefs.BackingStoreException: Couldn't get file lock.
2026-09-13 15:09:35,861 [ERROR] LogOutputStream:75 - [STDERR_REDIRECT] 
2026-09-13 15:10:05,862 [ERROR] LogOutputStream:75 - [STDERR_REDIRECT] Sep 13, 2026 3:10:05 PM java.util.prefs.FileSystemPreferences checkLockFile0ErrorCode
2026-09-13 15:10:05,862 [ERROR] LogOutputStream:75 - [STDERR_REDIRECT] WARNING: Could not lock System prefs. Unix error code 31664.
2026-09-13 15:10:05,862 [ERROR] LogOutputStream:75 - [STDERR_REDIRECT] 
2026-09-13 15:10:05,863 [ERROR] LogOutputStream:75 - [STDERR_REDIRECT] Sep 13, 2026 3:10:05 PM java.util.prefs.FileSystemPreferences syncWorld
2026-09-13 15:10:05,863 [ERROR] LogOutputStream:75 - [STDERR_REDIRECT] WARNING: Couldn't flush system prefs: java.util.prefs.BackingStoreException: Couldn't get file lock.
2026-09-13 15:10:05,863 [ERROR] LogOutputStream:75 - [STDERR_REDIRECT] 
2026-09-13 15:10:35,859 [ERROR] LogOutputStream:75 - [STDERR_REDIRECT] Sep 13, 2026 3:10:35 PM java.util.prefs.FileSystemPreferences checkLockFile0ErrorCode
2026-09-13 15:10:35,859 [ERROR] LogOutputStream:75 - [STDERR_REDIRECT] WARNING: Could not lock System prefs. Unix error code 31664.
2026-09-13 15:10:35,859 [ERROR] LogOutputStream:75 - [STDERR_REDIRECT] 
2026-09-13 15:10:35,859 [ERROR] LogOutputStream:75 - [STDERR_REDIRECT] Sep 13, 2026 3:10:35 PM java.util.prefs.FileSystemPreferences syncWorld
2026-09-13 15:10:35,859 [ERROR] LogOutputStream:75 - [STDERR_REDIRECT] WARNING: Couldn't flush system prefs: java.util.prefs.BackingStoreException: Couldn't get file lock.
2026-09-13 15:10:35,860 [ERROR] LogOutputStream:75 - [STDERR_REDIRECT] 
2026-09-13 15:11:05,859 [ERROR] LogOutputStream:75 - [STDERR_REDIRECT] Sep 13, 2026 3:11:05 PM java.util.prefs.FileSystemPreferences checkLockFile0ErrorCode
2026-09-13 15:11:05,859 [ERROR] LogOutputStream:75 - [STDERR_REDIRECT] WARNING: Could not lock System prefs. Unix error code 31664.
2026-09-13 15:11:05,859 [ERROR] LogOutputStream:75 - [STDERR_REDIRECT] 
2026-09-13 15:11:05,860 [ERROR] LogOutputStream:75 - [STDERR_REDIRECT] Sep 13, 2026 3:11:05 PM java.util.prefs.FileSystemPreferences syncWorld
2026-09-13 15:11:05,860 [ERROR] LogOutputStream:75 - [STDERR_REDIRECT] WARNING: Couldn't flush system prefs: java.util.prefs.BackingStoreException: Couldn't get file lock.
2026-09-13 15:11:05,860 [ERROR] LogOutputStream:75 - [STDERR_REDIRECT] 
2026-09-13 15:11:35,859 [ERROR] LogOutputStream:75 - [STDERR_REDIRECT] Sep 13, 2026 3:11:35 PM java.util.prefs.FileSystemPreferences checkLockFile0ErrorCode
2026-09-13 15:11:35,859 [ERROR] LogOutputStream:75 - [STDERR_REDIRECT] WARNING: Could not lock System prefs. Unix error code 31664.
2026-09-13 15:11:35,859 [ERROR] LogOutputStream:75 - [STDERR_REDIRECT] 
2026-09-13 15:11:35,860 [ERROR] LogOutputStream:75 - [STDERR_REDIRECT] Sep 13, 2026 3:11:35 PM java.util.prefs.FileSystemPreferences syncWorld
2026-09-13 15:11:35,860 [ERROR] LogOutputStream:75 - [STDERR_REDIRECT] WARNING: Couldn't flush system prefs: java.util.prefs.BackingStoreException: Couldn't get file lock.
2026-09-13 15:11:35,860 [ERROR] LogOutputStream:75 - [STDERR_REDIRECT] 
2026-09-13 15:12:05,859 [ERROR] LogOutputStream:75 - [STDERR_REDIRECT] Sep 13, 2026 3:12:05 PM java.util.prefs.FileSystemPreferences checkLockFile0ErrorCode
2026-09-13 15:12:05,859 [ERROR] LogOutputStream:75 - [STDERR_REDIRECT] WARNING: Could not lock System prefs. Unix error code 31664.
2026-09-13 15:12:05,859 [ERROR] LogOutputStream:75 - [STDERR_REDIRECT] 
2026-09-13 15:12:05,860 [ERROR] LogOutputStream:75 - [STDERR_REDIRECT] Sep 13, 2026 3:12:05 PM java.util.prefs.FileSystemPreferences syncWorld
2026-09-13 15:12:05,860 [ERROR] LogOutputStream:75 - [STDERR_REDIRECT] WARNING: Couldn't flush system prefs: java.util.prefs.BackingStoreException: Couldn't get file lock.
2026-09-13 15:12:05,860 [ERROR] LogOutputStream:75 - [STDERR_REDIRECT] 
2026-09-13 15:12:35,859 [ERROR] LogOutputStream:75 - [STDERR_REDIRECT] Sep 13, 2026 3:12:35 PM java.util.prefs.FileSystemPreferences checkLockFile0ErrorCode
2026-09-13 15:12:35,859 [ERROR] LogOutputStream:75 - [STDERR_REDIRECT] WARNING: Could not lock System prefs. Unix error code 31664.
2026-09-13 15:12:35,859 [ERROR] LogOutputStream:75 - [STDERR_REDIRECT] 
2026-09-13 15:12:35,860 [ERROR] LogOutputStream:75 - [STDERR_REDIRECT] Sep 13, 2026 3:12:35 PM java.util.prefs.FileSystemPreferences syncWorld
2026-09-13 15:12:35,860 [ERROR] LogOutputStream:75 - [STDERR_REDIRECT] WARNING: Couldn't flush system prefs: java.util.prefs.BackingStoreException: Couldn't get file lock.
2026-09-13 15:12:35,860 [ERROR] LogOutputStream:75 - [STDERR_REDIRECT] 
2026-09-13 15:13:05,859 [ERROR] LogOutputStream:75 - [STDERR_REDIRECT] Sep 13, 2026 3:13:05 PM java.util.prefs.FileSystemPreferences checkLockFile0ErrorCode
2026-09-13 15:13:05,859 [ERROR] LogOutputStream:75 - [STDERR_REDIRECT] WARNING: Could not lock System prefs. Unix error code 31664.
2026-09-13 15:13:05,859 [ERROR] LogOutputStream:75 - [STDERR_REDIRECT] 
2026-09-13 15:13:05,860 [ERROR] LogOutputStream:75 - [STDERR_REDIRECT] Sep 13, 2026 3:13:05 PM java.util.prefs.FileSystemPreferences syncWorld
2026-09-13 15:13:05,860 [ERROR] LogOutputStream:75 - [STDERR_REDIRECT] WARNING: Couldn't flush system prefs: java.util.prefs.BackingStoreException: Couldn't get file lock.
2026-09-13 15:13:05,860 [ERROR] LogOutputStream:75 - [STDERR_REDIRECT] 
2026-09-13 15:13:35,859 [ERROR] LogOutputStream:75 - [STDERR_REDIRECT] Sep 13, 2026 3:13:35 PM java.util.prefs.FileSystemPreferences checkLockFile0ErrorCode
2026-09-13 15:13:35,859 [ERROR] LogOutputStream:75 - [STDERR_REDIRECT] WARNING: Could not lock System prefs. Unix error code 31664.
2026-09-13 15:13:35,859 [ERROR] LogOutputStream:75 - [STDERR_REDIRECT] 
2026-09-13 15:13:35,860 [ERROR] LogOutputStream:75 - [STDERR_REDIRECT] Sep 13, 2026 3:13:35 PM java.util.prefs.FileSystemPreferences syncWorld
2026-09-13 15:13:35,860 [ERROR] LogOutputStream:75 - [STDERR_REDIRECT] WARNING: Couldn't flush system prefs: java.util.prefs.BackingStoreException: Couldn't get file lock.
2026-09-13 15:13:35,860 [ERROR] LogOutputStream:75 - [STDERR_REDIRECT] 
2026-09-13 15:14:05,859 [ERROR] LogOutputStream:75 - [STDERR_REDIRECT] Sep 13, 2026 3:14:05 PM java.util.prefs.FileSystemPreferences checkLockFile0ErrorCode
2026-09-13 15:14:05,859 [ERROR] LogOutputStream:75 - [STDERR_REDIRECT] WARNING: Could not lock System prefs. Unix error code 31664.
2026-09-13 15:14:05,859 [ERROR] LogOutputStream:75 - [STDERR_REDIRECT] 
2026-09-13 15:14:05,859 [ERROR] LogOutputStream:75 - [STDERR_REDIRECT] Sep 13, 2026 3:14:05 PM java.util.prefs.FileSystemPreferences syncWorld
2026-09-13 15:14:05,860 [ERROR] LogOutputStream:75 - [STDERR_REDIRECT] WARNING: Couldn't flush system prefs: java.util.prefs.BackingStoreException: Couldn't get file lock.
2026-09-13 15:14:05,860 [ERROR] LogOutputStream:75 - [STDERR_REDIRECT] 
2026-09-13 15:14:35,858 [ERROR] LogOutputStream:75 - [STDERR_REDIRECT] Sep 13, 2026 3:14:35 PM java.util.prefs.FileSystemPreferences checkLockFile0ErrorCode
2026-09-13 15:14:35,859 [ERROR] LogOutputStream:75 - [STDERR_REDIRECT] WARNING: Could not lock System prefs. Unix error code 31664.
2026-09-13 15:14:35,859 [ERROR] LogOutputStream:75 - [STDERR_REDIRECT] 
2026-09-13 15:14:35,859 [ERROR] LogOutputStream:75 - [STDERR_REDIRECT] Sep 13, 2026 3:14:35 PM java.util.prefs.FileSystemPreferences syncWorld
2026-09-13 15:14:35,859 [ERROR] LogOutputStream:75 - [STDERR_REDIRECT] WARNING: Couldn't flush system prefs: java.util.prefs.BackingStoreException: Couldn't get file lock.
2026-09-13 15:14:35,859 [ERROR] LogOutputStream:75 - [STDERR_REDIRECT] 
2026-09-13 15:15:05,860 [ERROR] LogOutputStream:75 - [STDERR_REDIRECT] Sep 13, 2026 3:15:05 PM java.util.prefs.FileSystemPreferences checkLockFile0ErrorCode
2026-09-13 15:15:05,860 [ERROR] LogOutputStream:75 - [STDERR_REDIRECT] WARNING: Could not lock System prefs. Unix error code 31664.
2026-09-13 15:15:05,860 [ERROR] LogOutputStream:75 - [STDERR_REDIRECT] 
2026-09-13 15:15:05,861 [ERROR] LogOutputStream:75 - [STDERR_REDIRECT] Sep 13, 2026 3:15:05 PM java.util.prefs.FileSystemPreferences syncWorld
2026-09-13 15:15:05,861 [ERROR] LogOutputStream:75 - [STDERR_REDIRECT] WARNING: Couldn't flush system prefs: java.util.prefs.BackingStoreException: Couldn't get file lock.
2026-09-13 15:15:05,861 [ERROR] LogOutputStream:75 - [STDERR_REDIRECT] 
2026-09-13 15:15:35,860 [ERROR] LogOutputStream:75 - [STDERR_REDIRECT] Sep 13, 2026 3:15:35 PM java.util.prefs.FileSystemPreferences checkLockFile0ErrorCode
2026-09-13 15:15:35,860 [ERROR] LogOutputStream:75 - [STDERR_REDIRECT] WARNING: Could not lock System prefs. Unix error code 31664.
2026-09-13 15:15:35,860 [ERROR] LogOutputStream:75 - [STDERR_REDIRECT] 
2026-09-13 15:15:35,860 [ERROR] LogOutputStream:75 - [STDERR_REDIRECT] Sep 13, 2026 3:15:35 PM java.util.prefs.FileSystemPreferences syncWorld
2026-09-13 15:15:35,861 [ERROR] LogOutputStream:75 - [STDERR_REDIRECT] WARNING: Couldn't flush system prefs: java.util.prefs.BackingStoreException: Couldn't get file lock.
2026-09-13 15:15:35,861 [ERROR] LogOutputStream:75 - [STDERR_REDIRECT] 
2026-09-13 15:16:05,860 [ERROR] LogOutputStream:75 - [STDERR_REDIRECT] Sep 13, 2026 3:16:05 PM java.util.prefs.FileSystemPreferences checkLockFile0ErrorCode
2026-09-13 15:16:05,860 [ERROR] LogOutputStream:75 - [STDERR_REDIRECT] WARNING: Could not lock System prefs. Unix error code 31664.
2026-09-13 15:16:05,860 [ERROR] LogOutputStream:75 - [STDERR_REDIRECT] 
2026-09-13 15:16:05,860 [ERROR] LogOutputStream:75 - [STDERR_REDIRECT] Sep 13, 2026 3:16:05 PM java.util.prefs.FileSystemPreferences syncWorld
2026-09-13 15:16:05,861 [ERROR] LogOutputStream:75 - [STDERR_REDIRECT] WARNING: Couldn't flush system prefs: java.util.prefs.BackingStoreException: Couldn't get file lock.
2026-09-13 15:16:05,861 [ERROR] LogOutputStream:75 - [STDERR_REDIRECT] 
2026-09-13 15:16:35,860 [ERROR] LogOutputStream:75 - [STDERR_REDIRECT] Sep 13, 2026 3:16:35 PM java.util.prefs.FileSystemPreferences checkLockFile0ErrorCode
2026-09-13 15:16:35,860 [ERROR] LogOutputStream:75 - [STDERR_REDIRECT] WARNING: Could not lock System prefs. Unix error code 31664.
2026-09-13 15:16:35,860 [ERROR] LogOutputStream:75 - [STDERR_REDIRECT] 
2026-09-13 15:16:35,860 [ERROR] LogOutputStream:75 - [STDERR_REDIRECT] Sep 13, 2026 3:16:35 PM java.util.prefs.FileSystemPreferences syncWorld
2026-09-13 15:16:35,877 [ERROR] LogOutputStream:75 - [STDERR_REDIRECT] WARNING: Couldn't flush system prefs: java.util.prefs.BackingStoreException: Couldn't get file lock.
2026-09-13 15:16:35,877 [ERROR] LogOutputStream:75 - [STDERR_REDIRECT] 
2026-09-13 15:17:05,859 [ERROR] LogOutputStream:75 - [STDERR_REDIRECT] Sep 13, 2026 3:17:05 PM java.util.prefs.FileSystemPreferences checkLockFile0ErrorCode
2026-09-13 15:17:05,860 [ERROR] LogOutputStream:75 - [STDERR_REDIRECT] WARNING: Could not lock System prefs. Unix error code 31664.
2026-09-13 15:17:05,860 [ERROR] LogOutputStream:75 - [STDERR_REDIRECT] 
2026-09-13 15:17:05,860 [ERROR] LogOutputStream:75 - [STDERR_REDIRECT] Sep 13, 2026 3:17:05 PM java.util.prefs.FileSystemPreferences syncWorld
2026-09-13 15:17:05,860 [ERROR] LogOutputStream:75 - [STDERR_REDIRECT] WARNING: Couldn't flush system prefs: java.util.prefs.BackingStoreException: Couldn't get file lock.
2026-09-13 15:17:05,860 [ERROR] LogOutputStream:75 - [STDERR_REDIRECT] 
2026-09-13 15:17:35,860 [ERROR] LogOutputStream:75 - [STDERR_REDIRECT] Sep 13, 2026 3:17:35 PM java.util.prefs.FileSystemPreferences checkLockFile0ErrorCode
2026-09-13 15:17:35,860 [ERROR] LogOutputStream:75 - [STDERR_REDIRECT] WARNING: Could not lock System prefs. Unix error code 31664.
2026-09-13 15:17:35,860 [ERROR] LogOutputStream:75 - [STDERR_REDIRECT] 
2026-09-13 15:17:35,861 [ERROR] LogOutputStream:75 - [STDERR_REDIRECT] Sep 13, 2026 3:17:35 PM java.util.prefs.FileSystemPreferences syncWorld
2026-09-13 15:17:35,861 [ERROR] LogOutputStream:75 - [STDERR_REDIRECT] WARNING: Couldn't flush system prefs: java.util.prefs.BackingStoreException: Couldn't get file lock.
2026-09-13 15:17:35,861 [ERROR] LogOutputStream:75 - [STDERR_REDIRECT] 
2026-09-13 15:18:05,860 [ERROR] LogOutputStream:75 - [STDERR_REDIRECT] Sep 13, 2026 3:18:05 PM java.util.prefs.FileSystemPreferences checkLockFile0ErrorCode
2026-09-13 15:18:05,860 [ERROR] LogOutputStream:75 - [STDERR_REDIRECT] WARNING: Could not lock System prefs. Unix error code 31664.
2026-09-13 15:18:05,860 [ERROR] LogOutputStream:75 - [STDERR_REDIRECT] 
2026-09-13 15:18:05,861 [ERROR] LogOutputStream:75 - [STDERR_REDIRECT] Sep 13, 2026 3:18:05 PM java.util.prefs.FileSystemPreferences syncWorld
2026-09-13 15:18:05,861 [ERROR] LogOutputStream:75 - [STDERR_REDIRECT] WARNING: Couldn't flush system prefs: java.util.prefs.BackingStoreException: Couldn't get file lock.
2026-09-13 15:18:05,861 [ERROR] LogOutputStream:75 - [STDERR_REDIRECT] 
2026-09-13 15:18:35,860 [ERROR] LogOutputStream:75 - [STDERR_REDIRECT] Sep 13, 2026 3:18:35 PM java.util.prefs.FileSystemPreferences checkLockFile0ErrorCode
2026-09-13 15:18:35,860 [ERROR] LogOutputStream:75 - [STDERR_REDIRECT] WARNING: Could not lock System prefs. Unix error code 31664.
2026-09-13 15:18:35,860 [ERROR] LogOutputStream:75 - [STDERR_REDIRECT] 
2026-09-13 15:18:35,861 [ERROR] LogOutputStream:75 - [STDERR_REDIRECT] Sep 13, 2026 3:18:35 PM java.util.prefs.FileSystemPreferences syncWorld
2026-09-13 15:18:35,861 [ERROR] LogOutputStream:75 - [STDERR_REDIRECT] WARNING: Couldn't flush system prefs: java.util.prefs.BackingStoreException: Couldn't get file lock.
2026-09-13 15:18:35,861 [ERROR] LogOutputStream:75 - [STDERR_REDIRECT] 
2026-09-13 15:19:05,861 [ERROR] LogOutputStream:75 - [STDERR_REDIRECT] Sep 13, 2026 3:19:05 PM java.util.prefs.FileSystemPreferences checkLockFile0ErrorCode
2026-09-13 15:19:05,861 [ERROR] LogOutputStream:75 - [STDERR_REDIRECT] WARNING: Could not lock System prefs. Unix error code 31664.
2026-09-13 15:19:05,862 [ERROR] LogOutputStream:75 - [STDERR_REDIRECT] 
2026-09-13 15:19:05,862 [ERROR] LogOutputStream:75 - [STDERR_REDIRECT] Sep 13, 2026 3:19:05 PM java.util.prefs.FileSystemPreferences syncWorld
2026-09-13 15:19:05,879 [ERROR] LogOutputStream:75 - [STDERR_REDIRECT] WARNING: Couldn't flush system prefs: java.util.prefs.BackingStoreException: Couldn't get file lock.
2026-09-13 15:19:05,879 [ERROR] LogOutputStream:75 - [STDERR_REDIRECT] 
2026-09-13 15:19:35,860 [ERROR] LogOutputStream:75 - [STDERR_REDIRECT] Sep 13, 2026 3:19:35 PM java.util.prefs.FileSystemPreferences checkLockFile0ErrorCode
2026-09-13 15:19:35,860 [ERROR] LogOutputStream:75 - [STDERR_REDIRECT] WARNING: Could not lock System prefs. Unix error code 31664.
2026-09-13 15:19:35,860 [ERROR] LogOutputStream:75 - [STDERR_REDIRECT] 
2026-09-13 15:19:35,861 [ERROR] LogOutputStream:75 - [STDERR_REDIRECT] Sep 13, 2026 3:19:35 PM java.util.prefs.FileSystemPreferences syncWorld
2026-09-13 15:19:35,861 [ERROR] LogOutputStream:75 - [STDERR_REDIRECT] WARNING: Couldn't flush system prefs: java.util.prefs.BackingStoreException: Couldn't get file lock.
2026-09-13 15:19:35,861 [ERROR] LogOutputStream:75 - [STDERR_REDIRECT] 
2026-09-13 15:20:05,860 [ERROR] LogOutputStream:75 - [STDERR_REDIRECT] Sep 13, 2026 3:20:05 PM java.util.prefs.FileSystemPreferences checkLockFile0ErrorCode
2026-09-13 15:20:05,860 [ERROR] LogOutputStream:75 - [STDERR_REDIRECT] WARNING: Could not lock System prefs. Unix error code 31664.
2026-09-13 15:20:05,861 [ERROR] LogOutputStream:75 - [STDERR_REDIRECT] 
2026-09-13 15:20:05,878 [ERROR] LogOutputStream:75 - [STDERR_REDIRECT] Sep 13, 2026 3:20:05 PM java.util.prefs.FileSystemPreferences syncWorld
2026-09-13 15:20:05,879 [ERROR] LogOutputStream:75 - [STDERR_REDIRECT] WARNING: Couldn't flush system prefs: java.util.prefs.BackingStoreException: Couldn't get file lock.
2026-09-13 15:20:05,879 [ERROR] LogOutputStream:75 - [STDERR_REDIRECT] 
2026-09-13 15:20:35,860 [ERROR] LogOutputStream:75 - [STDERR_REDIRECT] Sep 13, 2026 3:20:35 PM java.util.prefs.FileSystemPreferences checkLockFile0ErrorCode
2026-09-13 15:20:35,860 [ERROR] LogOutputStream:75 - [STDERR_REDIRECT] WARNING: Could not lock System prefs. Unix error code 31664.
2026-09-13 15:20:35,860 [ERROR] LogOutputStream:75 - [STDERR_REDIRECT] 
2026-09-13 15:20:35,861 [ERROR] LogOutputStream:75 - [STDERR_REDIRECT] Sep 13, 2026 3:20:35 PM java.util.prefs.FileSystemPreferences syncWorld
2026-09-13 15:20:35,861 [ERROR] LogOutputStream:75 - [STDERR_REDIRECT] WARNING: Couldn't flush system prefs: java.util.prefs.BackingStoreException: Couldn't get file lock.
2026-09-13 15:20:35,861 [ERROR] LogOutputStream:75 - [STDERR_REDIRECT] 
2026-09-13 15:21:05,860 [ERROR] LogOutputStream:75 - [STDERR_REDIRECT] Sep 13, 2026 3:21:05 PM java.util.prefs.FileSystemPreferences checkLockFile0ErrorCode
2026-09-13 15:21:05,860 [ERROR] LogOutputStream:75 - [STDERR_REDIRECT] WARNING: Could not lock System prefs. Unix error code 31664.
2026-09-13 15:21:05,860 [ERROR] LogOutputStream:75 - [STDERR_REDIRECT] 
2026-09-13 15:21:05,861 [ERROR] LogOutputStream:75 - [STDERR_REDIRECT] Sep 13, 2026 3:21:05 PM java.util.prefs.FileSystemPreferences syncWorld
2026-09-13 15:21:05,861 [ERROR] LogOutputStream:75 - [STDERR_REDIRECT] WARNING: Couldn't flush system prefs: java.util.prefs.BackingStoreException: Couldn't get file lock.
2026-09-13 15:21:05,861 [ERROR] LogOutputStream:75 - [STDERR_REDIRECT] 
2026-09-13 15:21:35,860 [ERROR] LogOutputStream:75 - [STDERR_REDIRECT] Sep 13, 2026 3:21:35 PM java.util.prefs.FileSystemPreferences checkLockFile0ErrorCode
2026-09-13 15:21:35,860 [ERROR] LogOutputStream:75 - [STDERR_REDIRECT] WARNING: Could not lock System prefs. Unix error code 31664.
2026-09-13 15:21:35,860 [ERROR] LogOutputStream:75 - [STDERR_REDIRECT] 
2026-09-13 15:21:35,861 [ERROR] LogOutputStream:75 - [STDERR_REDIRECT] Sep 13, 2026 3:21:35 PM java.util.prefs.FileSystemPreferences syncWorld
2026-09-13 15:21:35,861 [ERROR] LogOutputStream:75 - [STDERR_REDIRECT] WARNING: Couldn't flush system prefs: java.util.prefs.BackingStoreException: Couldn't get file lock.
2026-09-13 15:21:35,861 [ERROR] LogOutputStream:75 - [STDERR_REDIRECT] 
2026-09-13 15:22:05,860 [ERROR] LogOutputStream:75 - [STDERR_REDIRECT] Sep 13, 2026 3:22:05 PM java.util.prefs.FileSystemPreferences checkLockFile0ErrorCode
2026-09-13 15:22:05,860 [ERROR] LogOutputStream:75 - [STDERR_REDIRECT] WARNING: Could not lock System prefs. Unix error code 31664.
2026-09-13 15:22:05,860 [ERROR] LogOutputStream:75 - [STDERR_REDIRECT] 
2026-09-13 15:22:05,861 [ERROR] LogOutputStream:75 - [STDERR_REDIRECT] Sep 13, 2026 3:22:05 PM java.util.prefs.FileSystemPreferences syncWorld
2026-09-13 15:22:05,861 [ERROR] LogOutputStream:75 - [STDERR_REDIRECT] WARNING: Couldn't flush system prefs: java.util.prefs.BackingStoreException: Couldn't get file lock.
2026-09-13 15:22:05,861 [ERROR] LogOutputStream:75 - [STDERR_REDIRECT] 
2026-09-13 15:22:35,860 [ERROR] LogOutputStream:75 - [STDERR_REDIRECT] Sep 13, 2026 3:22:35 PM java.util.prefs.FileSystemPreferences checkLockFile0ErrorCode
2026-09-13 15:22:35,860 [ERROR] LogOutputStream:75 - [STDERR_REDIRECT] WARNING: Could not lock System prefs. Unix error code 31664.
2026-09-13 15:22:35,860 [ERROR] LogOutputStream:75 - [STDERR_REDIRECT] 
2026-09-13 15:22:35,860 [ERROR] LogOutputStream:75 - [STDERR_REDIRECT] Sep 13, 2026 3:22:35 PM java.util.prefs.FileSystemPreferences syncWorld
2026-09-13 15:22:35,861 [ERROR] LogOutputStream:75 - [STDERR_REDIRECT] WARNING: Couldn't flush system prefs: java.util.prefs.BackingStoreException: Couldn't get file lock.
2026-09-13 15:22:35,861 [ERROR] LogOutputStream:75 - [STDERR_REDIRECT] 
2026-09-13 15:23:05,860 [ERROR] LogOutputStream:75 - [STDERR_REDIRECT] Sep 13, 2026 3:23:05 PM java.util.prefs.FileSystemPreferences checkLockFile0ErrorCode
2026-09-13 15:23:05,860 [ERROR] LogOutputStream:75 - [STDERR_REDIRECT] WARNING: Could not lock System prefs. Unix error code 31664.
2026-09-13 15:23:05,860 [ERROR] LogOutputStream:75 - [STDERR_REDIRECT] 
2026-09-13 15:23:05,861 [ERROR] LogOutputStream:75 - [STDERR_REDIRECT] Sep 13, 2026 3:23:05 PM java.util.prefs.FileSystemPreferences syncWorld
2026-09-13 15:23:05,861 [ERROR] LogOutputStream:75 - [STDERR_REDIRECT] WARNING: Couldn't flush system prefs: java.util.prefs.BackingStoreException: Couldn't get file lock.
2026-09-13 15:23:05,861 [ERROR] LogOutputStream:75 - [STDERR_REDIRECT] 
2026-09-13 15:23:35,860 [ERROR] LogOutputStream:75 - [STDERR_REDIRECT] Sep 13, 2026 3:23:35 PM java.util.prefs.FileSystemPreferences checkLockFile0ErrorCode
2026-09-13 15:23:35,861 [ERROR] LogOutputStream:75 - [STDERR_REDIRECT] WARNING: Could not lock System prefs. Unix error code 31664.
2026-09-13 15:23:35,861 [ERROR] LogOutputStream:75 - [STDERR_REDIRECT] 
2026-09-13 15:23:35,861 [ERROR] LogOutputStream:75 - [STDERR_REDIRECT] Sep 13, 2026 3:23:35 PM java.util.prefs.FileSystemPreferences syncWorld
2026-09-13 15:23:35,861 [ERROR] LogOutputStream:75 - [STDERR_REDIRECT] WARNING: Couldn't flush system prefs: java.util.prefs.BackingStoreException: Couldn't get file lock.
2026-09-13 15:23:35,861 [ERROR] LogOutputStream:75 - [STDERR_REDIRECT] 
2026-09-13 15:24:05,860 [ERROR] LogOutputStream:75 - [STDERR_REDIRECT] Sep 13, 2026 3:24:05 PM java.util.prefs.FileSystemPreferences checkLockFile0ErrorCode
2026-09-13 15:24:05,860 [ERROR] LogOutputStream:75 - [STDERR_REDIRECT] WARNING: Could not lock System prefs. Unix error code 31664.
2026-09-13 15:24:05,860 [ERROR] LogOutputStream:75 - [STDERR_REDIRECT] 
2026-09-13 15:24:05,861 [ERROR] LogOutputStream:75 - [STDERR_REDIRECT] Sep 13, 2026 3:24:05 PM java.util.prefs.FileSystemPreferences syncWorld
2026-09-13 15:24:05,861 [ERROR] LogOutputStream:75 - [STDERR_REDIRECT] WARNING: Couldn't flush system prefs: java.util.prefs.BackingStoreException: Couldn't get file lock.
2026-09-13 15:24:05,861 [ERROR] LogOutputStream:75 - [STDERR_REDIRECT] 
2026-09-13 15:24:35,860 [ERROR] LogOutputStream:75 - [STDERR_REDIRECT] Sep 13, 2026 3:24:35 PM java.util.prefs.FileSystemPreferences checkLockFile0ErrorCode
2026-09-13 15:24:35,860 [ERROR] LogOutputStream:75 - [STDERR_REDIRECT] WARNING: Could not lock System prefs. Unix error code 31664.
2026-09-13 15:24:35,860 [ERROR] LogOutputStream:75 - [STDERR_REDIRECT] 
2026-09-13 15:24:35,861 [ERROR] LogOutputStream:75 - [STDERR_REDIRECT] Sep 13, 2026 3:24:35 PM java.util.prefs.FileSystemPreferences syncWorld
2026-09-13 15:24:35,861 [ERROR] LogOutputStream:75 - [STDERR_REDIRECT] WARNING: Couldn't flush system prefs: java.util.prefs.BackingStoreException: Couldn't get file lock.
2026-09-13 15:24:35,861 [ERROR] LogOutputStream:75 - [STDERR_REDIRECT] 
2026-09-13 15:25:05,860 [ERROR] LogOutputStream:75 - [STDERR_REDIRECT] Sep 13, 2026 3:25:05 PM java.util.prefs.FileSystemPreferences checkLockFile0ErrorCode
2026-09-13 15:25:05,860 [ERROR] LogOutputStream:75 - [STDERR_REDIRECT] WARNING: Could not lock System prefs. Unix error code 31664.
2026-09-13 15:25:05,860 [ERROR] LogOutputStream:75 - [STDERR_REDIRECT] 
2026-09-13 15:25:05,861 [ERROR] LogOutputStream:75 - [STDERR_REDIRECT] Sep 13, 2026 3:25:05 PM java.util.prefs.FileSystemPreferences syncWorld
2026-09-13 15:25:05,861 [ERROR] LogOutputStream:75 - [STDERR_REDIRECT] WARNING: Couldn't flush system prefs: java.util.prefs.BackingStoreException: Couldn't get file lock.
2026-09-13 15:25:05,861 [ERROR] LogOutputStream:75 - [STDERR_REDIRECT] 
2026-09-13 15:25:35,860 [ERROR] LogOutputStream:75 - [STDERR_REDIRECT] Sep 13, 2026 3:25:35 PM java.util.prefs.FileSystemPreferences checkLockFile0ErrorCode
2026-09-13 15:25:35,860 [ERROR] LogOutputStream:75 - [STDERR_REDIRECT] WARNING: Could not lock System prefs. Unix error code 31664.
2026-09-13 15:25:35,860 [ERROR] LogOutputStream:75 - [STDERR_REDIRECT] 
2026-09-13 15:25:35,861 [ERROR] LogOutputStream:75 - [STDERR_REDIRECT] Sep 13, 2026 3:25:35 PM java.util.prefs.FileSystemPreferences syncWorld
2026-09-13 15:25:35,861 [ERROR] LogOutputStream:75 - [STDERR_REDIRECT] WARNING: Couldn't flush system prefs: java.util.prefs.BackingStoreException: Couldn't get file lock.
2026-09-13 15:25:35,861 [ERROR] LogOutputStream:75 - [STDERR_REDIRECT] 
2026-09-13 15:26:05,861 [ERROR] LogOutputStream:75 - [STDERR_REDIRECT] Sep 13, 2026 3:26:05 PM java.util.prefs.FileSystemPreferences checkLockFile0ErrorCode
2026-09-13 15:26:05,861 [ERROR] LogOutputStream:75 - [STDERR_REDIRECT] WARNING: Could not lock System prefs. Unix error code 31664.
2026-09-13 15:26:05,862 [ERROR] LogOutputStream:75 - [STDERR_REDIRECT] 
2026-09-13 15:26:05,862 [ERROR] LogOutputStream:75 - [STDERR_REDIRECT] Sep 13, 2026 3:26:05 PM java.util.prefs.FileSystemPreferences syncWorld
2026-09-13 15:26:05,862 [ERROR] LogOutputStream:75 - [STDERR_REDIRECT] WARNING: Couldn't flush system prefs: java.util.prefs.BackingStoreException: Couldn't get file lock.
2026-09-13 15:26:05,862 [ERROR] LogOutputStream:75 - [STDERR_REDIRECT] 
2026-09-13 15:26:35,860 [ERROR] LogOutputStream:75 - [STDERR_REDIRECT] Sep 13, 2026 3:26:35 PM java.util.prefs.FileSystemPreferences checkLockFile0ErrorCode
2026-09-13 15:26:35,860 [ERROR] LogOutputStream:75 - [STDERR_REDIRECT] WARNING: Could not lock System prefs. Unix error code 31664.
2026-09-13 15:26:35,860 [ERROR] LogOutputStream:75 - [STDERR_REDIRECT] 
2026-09-13 15:26:35,861 [ERROR] LogOutputStream:75 - [STDERR_REDIRECT] Sep 13, 2026 3:26:35 PM java.util.prefs.FileSystemPreferences syncWorld
2026-09-13 15:26:35,861 [ERROR] LogOutputStream:75 - [STDERR_REDIRECT] WARNING: Couldn't flush system prefs: java.util.prefs.BackingStoreException: Couldn't get file lock.
2026-09-13 15:26:35,861 [ERROR] LogOutputStream:75 - [STDERR_REDIRECT] 
2026-09-13 15:27:05,860 [ERROR] LogOutputStream:75 - [STDERR_REDIRECT] Sep 13, 2026 3:27:05 PM java.util.prefs.FileSystemPreferences checkLockFile0ErrorCode
2026-09-13 15:27:05,860 [ERROR] LogOutputStream:75 - [STDERR_REDIRECT] WARNING: Could not lock System prefs. Unix error code 31664.
2026-09-13 15:27:05,860 [ERROR] LogOutputStream:75 - [STDERR_REDIRECT] 
2026-09-13 15:27:05,861 [ERROR] LogOutputStream:75 - [STDERR_REDIRECT] Sep 13, 2026 3:27:05 PM java.util.prefs.FileSystemPreferences syncWorld
2026-09-13 15:27:05,861 [ERROR] LogOutputStream:75 - [STDERR_REDIRECT] WARNING: Couldn't flush system prefs: java.util.prefs.BackingStoreException: Couldn't get file lock.
2026-09-13 15:27:05,861 [ERROR] LogOutputStream:75 - [STDERR_REDIRECT] 
2026-09-13 15:27:35,860 [ERROR] LogOutputStream:75 - [STDERR_REDIRECT] Sep 13, 2026 3:27:35 PM java.util.prefs.FileSystemPreferences checkLockFile0ErrorCode
2026-09-13 15:27:35,860 [ERROR] LogOutputStream:75 - [STDERR_REDIRECT] WARNING: Could not lock System prefs. Unix error code 31664.
2026-09-13 15:27:35,860 [ERROR] LogOutputStream:75 - [STDERR_REDIRECT] 
2026-09-13 15:27:35,861 [ERROR] LogOutputStream:75 - [STDERR_REDIRECT] Sep 13, 2026 3:27:35 PM java.util.prefs.FileSystemPreferences syncWorld
2026-09-13 15:27:35,861 [ERROR] LogOutputStream:75 - [STDERR_REDIRECT] WARNING: Couldn't flush system prefs: java.util.prefs.BackingStoreException: Couldn't get file lock.
2026-09-13 15:27:35,861 [ERROR] LogOutputStream:75 - [STDERR_REDIRECT] 
2026-09-13 15:28:05,859 [ERROR] LogOutputStream:75 - [STDERR_REDIRECT] Sep 13, 2026 3:28:05 PM java.util.prefs.FileSystemPreferences checkLockFile0ErrorCode
2026-09-13 15:28:05,860 [ERROR] LogOutputStream:75 - [STDERR_REDIRECT] WARNING: Could not lock System prefs. Unix error code 31664.
2026-09-13 15:28:05,860 [ERROR] LogOutputStream:75 - [STDERR_REDIRECT] 
2026-09-13 15:28:05,860 [ERROR] LogOutputStream:75 - [STDERR_REDIRECT] Sep 13, 2026 3:28:05 PM java.util.prefs.FileSystemPreferences syncWorld
2026-09-13 15:28:05,860 [ERROR] LogOutputStream:75 - [STDERR_REDIRECT] WARNING: Couldn't flush system prefs: java.util.prefs.BackingStoreException: Couldn't get file lock.
2026-09-13 15:28:05,860 [ERROR] LogOutputStream:75 - [STDERR_REDIRECT] 
2026-09-13 15:28:35,860 [ERROR] LogOutputStream:75 - [STDERR_REDIRECT] Sep 13, 2026 3:28:35 PM java.util.prefs.FileSystemPreferences checkLockFile0ErrorCode
2026-09-13 15:28:35,860 [ERROR] LogOutputStream:75 - [STDERR_REDIRECT] WARNING: Could not lock System prefs. Unix error code 31664.
2026-09-13 15:28:35,861 [ERROR] LogOutputStream:75 - [STDERR_REDIRECT] 
2026-09-13 15:28:35,861 [ERROR] LogOutputStream:75 - [STDERR_REDIRECT] Sep 13, 2026 3:28:35 PM java.util.prefs.FileSystemPreferences syncWorld
2026-09-13 15:28:35,861 [ERROR] LogOutputStream:75 - [STDERR_REDIRECT] WARNING: Couldn't flush system prefs: java.util.prefs.BackingStoreException: Couldn't get file lock.
2026-09-13 15:28:35,861 [ERROR] LogOutputStream:75 - [STDERR_REDIRECT] 
2026-09-13 15:29:05,861 [ERROR] LogOutputStream:75 - [STDERR_REDIRECT] Sep 13, 2026 3:29:05 PM java.util.prefs.FileSystemPreferences checkLockFile0ErrorCode
2026-09-13 15:29:05,862 [ERROR] LogOutputStream:75 - [STDERR_REDIRECT] WARNING: Could not lock System prefs. Unix error code 31664.
2026-09-13 15:29:05,862 [ERROR] LogOutputStream:75 - [STDERR_REDIRECT] 
2026-09-13 15:29:05,862 [ERROR] LogOutputStream:75 - [STDERR_REDIRECT] Sep 13, 2026 3:29:05 PM java.util.prefs.FileSystemPreferences syncWorld
2026-09-13 15:29:05,862 [ERROR] LogOutputStream:75 - [STDERR_REDIRECT] WARNING: Couldn't flush system prefs: java.util.prefs.BackingStoreException: Couldn't get file lock.
2026-09-13 15:29:05,862 [ERROR] LogOutputStream:75 - [STDERR_REDIRECT] 
2026-09-13 15:29:35,861 [ERROR] LogOutputStream:75 - [STDERR_REDIRECT] Sep 13, 2026 3:29:35 PM java.util.prefs.FileSystemPreferences checkLockFile0ErrorCode
2026-09-13 15:29:35,862 [ERROR] LogOutputStream:75 - [STDERR_REDIRECT] WARNING: Could not lock System prefs. Unix error code 31664.
2026-09-13 15:29:35,862 [ERROR] LogOutputStream:75 - [STDERR_REDIRECT] 
2026-09-13 15:29:35,862 [ERROR] LogOutputStream:75 - [STDERR_REDIRECT] Sep 13, 2026 3:29:35 PM java.util.prefs.FileSystemPreferences syncWorld
2026-09-13 15:29:35,862 [ERROR] LogOutputStream:75 - [STDERR_REDIRECT] WARNING: Couldn't flush system prefs: java.util.prefs.BackingStoreException: Couldn't get file lock.
2026-09-13 15:29:35,862 [ERROR] LogOutputStream:75 - [STDERR_REDIRECT] 
2026-09-13 15:30:05,862 [ERROR] LogOutputStream:75 - [STDERR_REDIRECT] Sep 13, 2026 3:30:05 PM java.util.prefs.FileSystemPreferences checkLockFile0ErrorCode
2026-09-13 15:30:05,863 [ERROR] LogOutputStream:75 - [STDERR_REDIRECT] WARNING: Could not lock System prefs. Unix error code 31664.
2026-09-13 15:30:05,863 [ERROR] LogOutputStream:75 - [STDERR_REDIRECT] 
2026-09-13 15:30:05,863 [ERROR] LogOutputStream:75 - [STDERR_REDIRECT] Sep 13, 2026 3:30:05 PM java.util.prefs.FileSystemPreferences syncWorld
2026-09-13 15:30:05,863 [ERROR] LogOutputStream:75 - [STDERR_REDIRECT] WARNING: Couldn't flush system prefs: java.util.prefs.BackingStoreException: Couldn't get file lock.
2026-09-13 15:30:05,863 [ERROR] LogOutputStream:75 - [STDERR_REDIRECT] 
2026-09-13 15:30:35,863 [ERROR] LogOutputStream:75 - [STDERR_REDIRECT] Sep 13, 2026 3:30:35 PM java.util.prefs.FileSystemPreferences checkLockFile0ErrorCode
2026-09-13 15:30:35,864 [ERROR] LogOutputStream:75 - [STDERR_REDIRECT] WARNING: Could not lock System prefs. Unix error code 31664.
2026-09-13 15:30:35,864 [ERROR] LogOutputStream:75 - [STDERR_REDIRECT] 
2026-09-13 15:30:35,864 [ERROR] LogOutputStream:75 - [STDERR_REDIRECT] Sep 13, 2026 3:30:35 PM java.util.prefs.FileSystemPreferences syncWorld
2026-09-13 15:30:35,864 [ERROR] LogOutputStream:75 - [STDERR_REDIRECT] WARNING: Couldn't flush system prefs: java.util.prefs.BackingStoreException: Couldn't get file lock.
2026-09-13 15:30:35,864 [ERROR] LogOutputStream:75 - [STDERR_REDIRECT] 
2026-09-13 15:31:05,864 [ERROR] LogOutputStream:75 - [STDERR_REDIRECT] Sep 13, 2026 3:31:05 PM java.util.prefs.FileSystemPreferences checkLockFile0ErrorCode
2026-09-13 15:31:05,864 [ERROR] LogOutputStream:75 - [STDERR_REDIRECT] WARNING: Could not lock System prefs. Unix error code 31664.
2026-09-13 15:31:05,865 [ERROR] LogOutputStream:75 - [STDERR_REDIRECT] 
2026-09-13 15:31:05,865 [ERROR] LogOutputStream:75 - [STDERR_REDIRECT] Sep 13, 2026 3:31:05 PM java.util.prefs.FileSystemPreferences syncWorld
2026-09-13 15:31:05,865 [ERROR] LogOutputStream:75 - [STDERR_REDIRECT] WARNING: Couldn't flush system prefs: java.util.prefs.BackingStoreException: Couldn't get file lock.
2026-09-13 15:31:05,865 [ERROR] LogOutputStream:75 - [STDERR_REDIRECT] 
2026-09-13 15:31:35,864 [ERROR] LogOutputStream:75 - [STDERR_REDIRECT] Sep 13, 2026 3:31:35 PM java.util.prefs.FileSystemPreferences checkLockFile0ErrorCode
2026-09-13 15:31:35,865 [ERROR] LogOutputStream:75 - [STDERR_REDIRECT] WARNING: Could not lock System prefs. Unix error code 31664.
2026-09-13 15:31:35,865 [ERROR] LogOutputStream:75 - [STDERR_REDIRECT] 
2026-09-13 15:31:35,865 [ERROR] LogOutputStream:75 - [STDERR_REDIRECT] Sep 13, 2026 3:31:35 PM java.util.prefs.FileSystemPreferences syncWorld
2026-09-13 15:31:35,865 [ERROR] LogOutputStream:75 - [STDERR_REDIRECT] WARNING: Couldn't flush system prefs: java.util.prefs.BackingStoreException: Couldn't get file lock.
2026-09-13 15:31:35,865 [ERROR] LogOutputStream:75 - [STDERR_REDIRECT] 
2026-09-13 15:32:05,865 [ERROR] LogOutputStream:75 - [STDERR_REDIRECT] Sep 13, 2026 3:32:05 PM java.util.prefs.FileSystemPreferences checkLockFile0ErrorCode
2026-09-13 15:32:05,865 [ERROR] LogOutputStream:75 - [STDERR_REDIRECT] WARNING: Could not lock System prefs. Unix error code 31664.
2026-09-13 15:32:05,865 [ERROR] LogOutputStream:75 - [STDERR_REDIRECT] 
2026-09-13 15:32:05,866 [ERROR] LogOutputStream:75 - [STDERR_REDIRECT] Sep 13, 2026 3:32:05 PM java.util.prefs.FileSystemPreferences syncWorld
2026-09-13 15:32:05,866 [ERROR] LogOutputStream:75 - [STDERR_REDIRECT] WARNING: Couldn't flush system prefs: java.util.prefs.BackingStoreException: Couldn't get file lock.
2026-09-13 15:32:05,866 [ERROR] LogOutputStream:75 - [STDERR_REDIRECT] 
2026-09-13 15:32:35,865 [ERROR] LogOutputStream:75 - [STDERR_REDIRECT] Sep 13, 2026 3:32:35 PM java.util.prefs.FileSystemPreferences checkLockFile0ErrorCode
2026-09-13 15:32:35,865 [ERROR] LogOutputStream:75 - [STDERR_REDIRECT] WARNING: Could not lock System prefs. Unix error code 31664.
2026-09-13 15:32:35,865 [ERROR] LogOutputStream:75 - [STDERR_REDIRECT] 
2026-09-13 15:32:35,865 [ERROR] LogOutputStream:75 - [STDERR_REDIRECT] Sep 13, 2026 3:32:35 PM java.util.prefs.FileSystemPreferences syncWorld
2026-09-13 15:32:35,865 [ERROR] LogOutputStream:75 - [STDERR_REDIRECT] WARNING: Couldn't flush system prefs: java.util.prefs.BackingStoreException: Couldn't get file lock.
2026-09-13 15:32:35,866 [ERROR] LogOutputStream:75 - [STDERR_REDIRECT] 
2026-09-13 15:33:05,864 [ERROR] LogOutputStream:75 - [STDERR_REDIRECT] Sep 13, 2026 3:33:05 PM java.util.prefs.FileSystemPreferences checkLockFile0ErrorCode
2026-09-13 15:33:05,864 [ERROR] LogOutputStream:75 - [STDERR_REDIRECT] WARNING: Could not lock System prefs. Unix error code 31664.
2026-09-13 15:33:05,864 [ERROR] LogOutputStream:75 - [STDERR_REDIRECT] 
2026-09-13 15:33:05,865 [ERROR] LogOutputStream:75 - [STDERR_REDIRECT] Sep 13, 2026 3:33:05 PM java.util.prefs.FileSystemPreferences syncWorld
2026-09-13 15:33:05,865 [ERROR] LogOutputStream:75 - [STDERR_REDIRECT] WARNING: Couldn't flush system prefs: java.util.prefs.BackingStoreException: Couldn't get file lock.
2026-09-13 15:33:05,865 [ERROR] LogOutputStream:75 - [STDERR_REDIRECT] 
2026-09-13 15:33:35,865 [ERROR] LogOutputStream:75 - [STDERR_REDIRECT] Sep 13, 2026 3:33:35 PM java.util.prefs.FileSystemPreferences checkLockFile0ErrorCode
2026-09-13 15:33:35,865 [ERROR] LogOutputStream:75 - [STDERR_REDIRECT] WARNING: Could not lock System prefs. Unix error code 31664.
2026-09-13 15:33:35,865 [ERROR] LogOutputStream:75 - [STDERR_REDIRECT] 
2026-09-13 15:33:35,866 [ERROR] LogOutputStream:75 - [STDERR_REDIRECT] Sep 13, 2026 3:33:35 PM java.util.prefs.FileSystemPreferences syncWorld
2026-09-13 15:33:35,866 [ERROR] LogOutputStream:75 - [STDERR_REDIRECT] WARNING: Couldn't flush system prefs: java.util.prefs.BackingStoreException: Couldn't get file lock.
2026-09-13 15:33:35,866 [ERROR] LogOutputStream:75 - [STDERR_REDIRECT] 
2026-09-13 15:34:05,865 [ERROR] LogOutputStream:75 - [STDERR_REDIRECT] Sep 13, 2026 3:34:05 PM java.util.prefs.FileSystemPreferences checkLockFile0ErrorCode
2026-09-13 15:34:05,865 [ERROR] LogOutputStream:75 - [STDERR_REDIRECT] WARNING: Could not lock System prefs. Unix error code 31664.
2026-09-13 15:34:05,865 [ERROR] LogOutputStream:75 - [STDERR_REDIRECT] 
2026-09-13 15:34:05,865 [ERROR] LogOutputStream:75 - [STDERR_REDIRECT] Sep 13, 2026 3:34:05 PM java.util.prefs.FileSystemPreferences syncWorld
2026-09-13 15:34:05,866 [ERROR] LogOutputStream:75 - [STDERR_REDIRECT] WARNING: Couldn't flush system prefs: java.util.prefs.BackingStoreException: Couldn't get file lock.
2026-09-13 15:34:05,866 [ERROR] LogOutputStream:75 - [STDERR_REDIRECT] 
2026-09-13 15:34:35,865 [ERROR] LogOutputStream:75 - [STDERR_REDIRECT] Sep 13, 2026 3:34:35 PM java.util.prefs.FileSystemPreferences checkLockFile0ErrorCode
2026-09-13 15:34:35,865 [ERROR] LogOutputStream:75 - [STDERR_REDIRECT] WARNING: Could not lock System prefs. Unix error code 31664.
2026-09-13 15:34:35,865 [ERROR] LogOutputStream:75 - [STDERR_REDIRECT] 
2026-09-13 15:34:35,865 [ERROR] LogOutputStream:75 - [STDERR_REDIRECT] Sep 13, 2026 3:34:35 PM java.util.prefs.FileSystemPreferences syncWorld
2026-09-13 15:34:35,865 [ERROR] LogOutputStream:75 - [STDERR_REDIRECT] WARNING: Couldn't flush system prefs: java.util.prefs.BackingStoreException: Couldn't get file lock.
2026-09-13 15:34:35,865 [ERROR] LogOutputStream:75 - [STDERR_REDIRECT] 
2026-09-13 15:35:05,864 [ERROR] LogOutputStream:75 - [STDERR_REDIRECT] Sep 13, 2026 3:35:05 PM java.util.prefs.FileSystemPreferences checkLockFile0ErrorCode
2026-09-13 15:35:05,864 [ERROR] LogOutputStream:75 - [STDERR_REDIRECT] WARNING: Could not lock System prefs. Unix error code 31664.
2026-09-13 15:35:05,864 [ERROR] LogOutputStream:75 - [STDERR_REDIRECT] 
2026-09-13 15:35:05,865 [ERROR] LogOutputStream:75 - [STDERR_REDIRECT] Sep 13, 2026 3:35:05 PM java.util.prefs.FileSystemPreferences syncWorld
2026-09-13 15:35:05,865 [ERROR] LogOutputStream:75 - [STDERR_REDIRECT] WARNING: Couldn't flush system prefs: java.util.prefs.BackingStoreException: Couldn't get file lock.
2026-09-13 15:35:05,865 [ERROR] LogOutputStream:75 - [STDERR_REDIRECT] 
2026-09-13 15:35:35,864 [ERROR] LogOutputStream:75 - [STDERR_REDIRECT] Sep 13, 2026 3:35:35 PM java.util.prefs.FileSystemPreferences checkLockFile0ErrorCode
2026-09-13 15:35:35,865 [ERROR] LogOutputStream:75 - [STDERR_REDIRECT] WARNING: Could not lock System prefs. Unix error code 31664.
2026-09-13 15:35:35,865 [ERROR] LogOutputStream:75 - [STDERR_REDIRECT] 
2026-09-13 15:35:35,865 [ERROR] LogOutputStream:75 - [STDERR_REDIRECT] Sep 13, 2026 3:35:35 PM java.util.prefs.FileSystemPreferences syncWorld
2026-09-13 15:35:35,865 [ERROR] LogOutputStream:75 - [STDERR_REDIRECT] WARNING: Couldn't flush system prefs: java.util.prefs.BackingStoreException: Couldn't get file lock.
2026-09-13 15:35:35,865 [ERROR] LogOutputStream:75 - [STDERR_REDIRECT] 
2026-09-13 15:36:05,865 [ERROR] LogOutputStream:75 - [STDERR_REDIRECT] Sep 13, 2026 3:36:05 PM java.util.prefs.FileSystemPreferences checkLockFile0ErrorCode
2026-09-13 15:36:05,865 [ERROR] LogOutputStream:75 - [STDERR_REDIRECT] WARNING: Could not lock System prefs. Unix error code 31664.
2026-09-13 15:36:05,865 [ERROR] LogOutputStream:75 - [STDERR_REDIRECT] 
2026-09-13 15:36:05,866 [ERROR] LogOutputStream:75 - [STDERR_REDIRECT] Sep 13, 2026 3:36:05 PM java.util.prefs.FileSystemPreferences syncWorld
2026-09-13 15:36:05,866 [ERROR] LogOutputStream:75 - [STDERR_REDIRECT] WARNING: Couldn't flush system prefs: java.util.prefs.BackingStoreException: Couldn't get file lock.
2026-09-13 15:36:05,866 [ERROR] LogOutputStream:75 - [STDERR_REDIRECT] 
2026-09-13 15:36:35,865 [ERROR] LogOutputStream:75 - [STDERR_REDIRECT] Sep 13, 2026 3:36:35 PM java.util.prefs.FileSystemPreferences checkLockFile0ErrorCode
2026-09-13 15:36:35,865 [ERROR] LogOutputStream:75 - [STDERR_REDIRECT] WARNING: Could not lock System prefs. Unix error code 31664.
2026-09-13 15:36:35,865 [ERROR] LogOutputStream:75 - [STDERR_REDIRECT] 
2026-09-13 15:36:35,866 [ERROR] LogOutputStream:75 - [STDERR_REDIRECT] Sep 13, 2026 3:36:35 PM java.util.prefs.FileSystemPreferences syncWorld
2026-09-13 15:36:35,866 [ERROR] LogOutputStream:75 - [STDERR_REDIRECT] WARNING: Couldn't flush system prefs: java.util.prefs.BackingStoreException: Couldn't get file lock.
2026-09-13 15:36:35,866 [ERROR] LogOutputStream:75 - [STDERR_REDIRECT] 
2026-09-13 15:37:05,865 [ERROR] LogOutputStream:75 - [STDERR_REDIRECT] Sep 13, 2026 3:37:05 PM java.util.prefs.FileSystemPreferences checkLockFile0ErrorCode
2026-09-13 15:37:05,865 [ERROR] LogOutputStream:75 - [STDERR_REDIRECT] WARNING: Could not lock System prefs. Unix error code 31664.
2026-09-13 15:37:05,865 [ERROR] LogOutputStream:75 - [STDERR_REDIRECT] 
2026-09-13 15:37:05,866 [ERROR] LogOutputStream:75 - [STDERR_REDIRECT] Sep 13, 2026 3:37:05 PM java.util.prefs.FileSystemPreferences syncWorld
2026-09-13 15:37:05,866 [ERROR] LogOutputStream:75 - [STDERR_REDIRECT] WARNING: Couldn't flush system prefs: java.util.prefs.BackingStoreException: Couldn't get file lock.
2026-09-13 15:37:05,866 [ERROR] LogOutputStream:75 - [STDERR_REDIRECT] 
2026-09-13 15:37:35,864 [ERROR] LogOutputStream:75 - [STDERR_REDIRECT] Sep 13, 2026 3:37:35 PM java.util.prefs.FileSystemPreferences checkLockFile0ErrorCode
2026-09-13 15:37:35,864 [ERROR] LogOutputStream:75 - [STDERR_REDIRECT] WARNING: Could not lock System prefs. Unix error code 31664.
2026-09-13 15:37:35,865 [ERROR] LogOutputStream:75 - [STDERR_REDIRECT] 
2026-09-13 15:37:35,865 [ERROR] LogOutputStream:75 - [STDERR_REDIRECT] Sep 13, 2026 3:37:35 PM java.util.prefs.FileSystemPreferences syncWorld
2026-09-13 15:37:35,865 [ERROR] LogOutputStream:75 - [STDERR_REDIRECT] WARNING: Couldn't flush system prefs: java.util.prefs.BackingStoreException: Couldn't get file lock.
2026-09-13 15:37:35,865 [ERROR] LogOutputStream:75 - [STDERR_REDIRECT] 
2026-09-13 15:38:05,865 [ERROR] LogOutputStream:75 - [STDERR_REDIRECT] Sep 13, 2026 3:38:05 PM java.util.prefs.FileSystemPreferences checkLockFile0ErrorCode
2026-09-13 15:38:05,865 [ERROR] LogOutputStream:75 - [STDERR_REDIRECT] WARNING: Could not lock System prefs. Unix error code 31664.
2026-09-13 15:38:05,865 [ERROR] LogOutputStream:75 - [STDERR_REDIRECT] 
2026-09-13 15:38:05,866 [ERROR] LogOutputStream:75 - [STDERR_REDIRECT] Sep 13, 2026 3:38:05 PM java.util.prefs.FileSystemPreferences syncWorld
2026-09-13 15:38:05,866 [ERROR] LogOutputStream:75 - [STDERR_REDIRECT] WARNING: Couldn't flush system prefs: java.util.prefs.BackingStoreException: Couldn't get file lock.
2026-09-13 15:38:05,866 [ERROR] LogOutputStream:75 - [STDERR_REDIRECT] 
2026-09-13 15:38:35,865 [ERROR] LogOutputStream:75 - [STDERR_REDIRECT] Sep 13, 2026 3:38:35 PM java.util.prefs.FileSystemPreferences checkLockFile0ErrorCode
2026-09-13 15:38:35,865 [ERROR] LogOutputStream:75 - [STDERR_REDIRECT] WARNING: Could not lock System prefs. Unix error code 31664.
2026-09-13 15:38:35,865 [ERROR] LogOutputStream:75 - [STDERR_REDIRECT] 
2026-09-13 15:38:35,865 [ERROR] LogOutputStream:75 - [STDERR_REDIRECT] Sep 13, 2026 3:38:35 PM java.util.prefs.FileSystemPreferences syncWorld
2026-09-13 15:38:35,866 [ERROR] LogOutputStream:75 - [STDERR_REDIRECT] WARNING: Couldn't flush system prefs: java.util.prefs.BackingStoreException: Couldn't get file lock.
2026-09-13 15:38:35,866 [ERROR] LogOutputStream:75 - [STDERR_REDIRECT] 
2026-09-13 15:39:05,865 [ERROR] LogOutputStream:75 - [STDERR_REDIRECT] Sep 13, 2026 3:39:05 PM java.util.prefs.FileSystemPreferences checkLockFile0ErrorCode
2026-09-13 15:39:05,865 [ERROR] LogOutputStream:75 - [STDERR_REDIRECT] WARNING: Could not lock System prefs. Unix error code 31664.
2026-09-13 15:39:05,865 [ERROR] LogOutputStream:75 - [STDERR_REDIRECT] 
2026-09-13 15:39:05,865 [ERROR] LogOutputStream:75 - [STDERR_REDIRECT] Sep 13, 2026 3:39:05 PM java.util.prefs.FileSystemPreferences syncWorld
2026-09-13 15:39:05,866 [ERROR] LogOutputStream:75 - [STDERR_REDIRECT] WARNING: Couldn't flush system prefs: java.util.prefs.BackingStoreException: Couldn't get file lock.
2026-09-13 15:39:05,866 [ERROR] LogOutputStream:75 - [STDERR_REDIRECT] 
2026-09-13 15:39:35,864 [ERROR] LogOutputStream:75 - [STDERR_REDIRECT] Sep 13, 2026 3:39:35 PM java.util.prefs.FileSystemPreferences checkLockFile0ErrorCode
2026-09-13 15:39:35,865 [ERROR] LogOutputStream:75 - [STDERR_REDIRECT] WARNING: Could not lock System prefs. Unix error code 31664.
2026-09-13 15:39:35,865 [ERROR] LogOutputStream:75 - [STDERR_REDIRECT] 
2026-09-13 15:39:35,865 [ERROR] LogOutputStream:75 - [STDERR_REDIRECT] Sep 13, 2026 3:39:35 PM java.util.prefs.FileSystemPreferences syncWorld
2026-09-13 15:39:35,865 [ERROR] LogOutputStream:75 - [STDERR_REDIRECT] WARNING: Couldn't flush system prefs: java.util.prefs.BackingStoreException: Couldn't get file lock.
2026-09-13 15:39:35,865 [ERROR] LogOutputStream:75 - [STDERR_REDIRECT] 
2026-09-13 15:40:05,865 [ERROR] LogOutputStream:75 - [STDERR_REDIRECT] Sep 13, 2026 3:40:05 PM java.util.prefs.FileSystemPreferences checkLockFile0ErrorCode
2026-09-13 15:40:05,866 [ERROR] LogOutputStream:75 - [STDERR_REDIRECT] WARNING: Could not lock System prefs. Unix error code 31664.
2026-09-13 15:40:05,866 [ERROR] LogOutputStream:75 - [STDERR_REDIRECT] 
2026-09-13 15:40:05,866 [ERROR] LogOutputStream:75 - [STDERR_REDIRECT] Sep 13, 2026 3:40:05 PM java.util.prefs.FileSystemPreferences syncWorld
2026-09-13 15:40:05,866 [ERROR] LogOutputStream:75 - [STDERR_REDIRECT] WARNING: Couldn't flush system prefs: java.util.prefs.BackingStoreException: Couldn't get file lock.
2026-09-13 15:40:05,866 [ERROR] LogOutputStream:75 - [STDERR_REDIRECT] 
2026-09-13 15:40:35,866 [ERROR] LogOutputStream:75 - [STDERR_REDIRECT] Sep 13, 2026 3:40:35 PM java.util.prefs.FileSystemPreferences checkLockFile0ErrorCode
2026-09-13 15:40:35,866 [ERROR] LogOutputStream:75 - [STDERR_REDIRECT] WARNING: Could not lock System prefs. Unix error code 31664.
2026-09-13 15:40:35,866 [ERROR] LogOutputStream:75 - [STDERR_REDIRECT] 
2026-09-13 15:40:35,866 [ERROR] LogOutputStream:75 - [STDERR_REDIRECT] Sep 13, 2026 3:40:35 PM java.util.prefs.FileSystemPreferences syncWorld
2026-09-13 15:40:35,866 [ERROR] LogOutputStream:75 - [STDERR_REDIRECT] WARNING: Couldn't flush system prefs: java.util.prefs.BackingStoreException: Couldn't get file lock.
2026-09-13 15:40:35,867 [ERROR] LogOutputStream:75 - [STDERR_REDIRECT] 
2026-09-13 15:41:05,865 [ERROR] LogOutputStream:75 - [STDERR_REDIRECT] Sep 13, 2026 3:41:05 PM java.util.prefs.FileSystemPreferences checkLockFile0ErrorCode
2026-09-13 15:41:05,865 [ERROR] LogOutputStream:75 - [STDERR_REDIRECT] WARNING: Could not lock System prefs. Unix error code 31664.
2026-09-13 15:41:05,866 [ERROR] LogOutputStream:75 - [STDERR_REDIRECT] 
2026-09-13 15:41:05,866 [ERROR] LogOutputStream:75 - [STDERR_REDIRECT] Sep 13, 2026 3:41:05 PM java.util.prefs.FileSystemPreferences syncWorld
2026-09-13 15:41:05,866 [ERROR] LogOutputStream:75 - [STDERR_REDIRECT] WARNING: Couldn't flush system prefs: java.util.prefs.BackingStoreException: Couldn't get file lock.
2026-09-13 15:41:05,866 [ERROR] LogOutputStream:75 - [STDERR_REDIRECT] 
2026-09-13 15:41:35,866 [ERROR] LogOutputStream:75 - [STDERR_REDIRECT] Sep 13, 2026 3:41:35 PM java.util.prefs.FileSystemPreferences checkLockFile0ErrorCode
2026-09-13 15:41:35,866 [ERROR] LogOutputStream:75 - [STDERR_REDIRECT] WARNING: Could not lock System prefs. Unix error code 31664.
2026-09-13 15:41:35,866 [ERROR] LogOutputStream:75 - [STDERR_REDIRECT] 
2026-09-13 15:41:35,867 [ERROR] LogOutputStream:75 - [STDERR_REDIRECT] Sep 13, 2026 3:41:35 PM java.util.prefs.FileSystemPreferences syncWorld
2026-09-13 15:41:35,867 [ERROR] LogOutputStream:75 - [STDERR_REDIRECT] WARNING: Couldn't flush system prefs: java.util.prefs.BackingStoreException: Couldn't get file lock.
2026-09-13 15:41:35,867 [ERROR] LogOutputStream:75 - [STDERR_REDIRECT] 
2026-09-13 15:42:05,866 [ERROR] LogOutputStream:75 - [STDERR_REDIRECT] Sep 13, 2026 3:42:05 PM java.util.prefs.FileSystemPreferences checkLockFile0ErrorCode
2026-09-13 15:42:05,866 [ERROR] LogOutputStream:75 - [STDERR_REDIRECT] WARNING: Could not lock System prefs. Unix error code 31664.
2026-09-13 15:42:05,866 [ERROR] LogOutputStream:75 - [STDERR_REDIRECT] 
2026-09-13 15:42:05,866 [ERROR] LogOutputStream:75 - [STDERR_REDIRECT] Sep 13, 2026 3:42:05 PM java.util.prefs.FileSystemPreferences syncWorld
2026-09-13 15:42:05,866 [ERROR] LogOutputStream:75 - [STDERR_REDIRECT] WARNING: Couldn't flush system prefs: java.util.prefs.BackingStoreException: Couldn't get file lock.
2026-09-13 15:42:05,866 [ERROR] LogOutputStream:75 - [STDERR_REDIRECT] 
2026-09-13 15:42:35,868 [ERROR] LogOutputStream:75 - [STDERR_REDIRECT] Sep 13, 2026 3:42:35 PM java.util.prefs.FileSystemPreferences checkLockFile0ErrorCode
2026-09-13 15:42:35,868 [ERROR] LogOutputStream:75 - [STDERR_REDIRECT] WARNING: Could not lock System prefs. Unix error code 31664.
2026-09-13 15:42:35,868 [ERROR] LogOutputStream:75 - [STDERR_REDIRECT] 
2026-09-13 15:42:35,868 [ERROR] LogOutputStream:75 - [STDERR_REDIRECT] Sep 13, 2026 3:42:35 PM java.util.prefs.FileSystemPreferences syncWorld
2026-09-13 15:42:35,869 [ERROR] LogOutputStream:75 - [STDERR_REDIRECT] WARNING: Couldn't flush system prefs: java.util.prefs.BackingStoreException: Couldn't get file lock.
2026-09-13 15:42:35,869 [ERROR] LogOutputStream:75 - [STDERR_REDIRECT] 
2026-09-13 15:43:05,866 [ERROR] LogOutputStream:75 - [STDERR_REDIRECT] Sep 13, 2026 3:43:05 PM java.util.prefs.FileSystemPreferences checkLockFile0ErrorCode
2026-09-13 15:43:05,866 [ERROR] LogOutputStream:75 - [STDERR_REDIRECT] WARNING: Could not lock System prefs. Unix error code 31664.
2026-09-13 15:43:05,867 [ERROR] LogOutputStream:75 - [STDERR_REDIRECT] 
2026-09-13 15:43:05,867 [ERROR] LogOutputStream:75 - [STDERR_REDIRECT] Sep 13, 2026 3:43:05 PM java.util.prefs.FileSystemPreferences syncWorld
2026-09-13 15:43:05,867 [ERROR] LogOutputStream:75 - [STDERR_REDIRECT] WARNING: Couldn't flush system prefs: java.util.prefs.BackingStoreException: Couldn't get file lock.
2026-09-13 15:43:05,867 [ERROR] LogOutputStream:75 - [STDERR_REDIRECT] 
2026-09-13 15:43:35,867 [ERROR] LogOutputStream:75 - [STDERR_REDIRECT] Sep 13, 2026 3:43:35 PM java.util.prefs.FileSystemPreferences checkLockFile0ErrorCode
2026-09-13 15:43:35,867 [ERROR] LogOutputStream:75 - [STDERR_REDIRECT] WARNING: Could not lock System prefs. Unix error code 31664.
2026-09-13 15:43:35,867 [ERROR] LogOutputStream:75 - [STDERR_REDIRECT] 
2026-09-13 15:43:35,868 [ERROR] LogOutputStream:75 - [STDERR_REDIRECT] Sep 13, 2026 3:43:35 PM java.util.prefs.FileSystemPreferences syncWorld
2026-09-13 15:43:35,868 [ERROR] LogOutputStream:75 - [STDERR_REDIRECT] WARNING: Couldn't flush system prefs: java.util.prefs.BackingStoreException: Couldn't get file lock.
2026-09-13 15:43:35,868 [ERROR] LogOutputStream:75 - [STDERR_REDIRECT] 
2026-09-13 15:44:05,867 [ERROR] LogOutputStream:75 - [STDERR_REDIRECT] Sep 13, 2026 3:44:05 PM java.util.prefs.FileSystemPreferences checkLockFile0ErrorCode
2026-09-13 15:44:05,867 [ERROR] LogOutputStream:75 - [STDERR_REDIRECT] WARNING: Could not lock System prefs. Unix error code 31664.
2026-09-13 15:44:05,867 [ERROR] LogOutputStream:75 - [STDERR_REDIRECT] 
2026-09-13 15:44:05,868 [ERROR] LogOutputStream:75 - [STDERR_REDIRECT] Sep 13, 2026 3:44:05 PM java.util.prefs.FileSystemPreferences syncWorld
2026-09-13 15:44:05,868 [ERROR] LogOutputStream:75 - [STDERR_REDIRECT] WARNING: Couldn't flush system prefs: java.util.prefs.BackingStoreException: Couldn't get file lock.
2026-09-13 15:44:05,868 [ERROR] LogOutputStream:75 - [STDERR_REDIRECT] 
2026-09-13 15:44:35,867 [ERROR] LogOutputStream:75 - [STDERR_REDIRECT] Sep 13, 2026 3:44:35 PM java.util.prefs.FileSystemPreferences checkLockFile0ErrorCode
2026-09-13 15:44:35,867 [ERROR] LogOutputStream:75 - [STDERR_REDIRECT] WARNING: Could not lock System prefs. Unix error code 31664.
2026-09-13 15:44:35,867 [ERROR] LogOutputStream:75 - [STDERR_REDIRECT] 
2026-09-13 15:44:35,867 [ERROR] LogOutputStream:75 - [STDERR_REDIRECT] Sep 13, 2026 3:44:35 PM java.util.prefs.FileSystemPreferences syncWorld
2026-09-13 15:44:35,868 [ERROR] LogOutputStream:75 - [STDERR_REDIRECT] WARNING: Couldn't flush system prefs: java.util.prefs.BackingStoreException: Couldn't get file lock.
2026-09-13 15:44:35,868 [ERROR] LogOutputStream:75 - [STDERR_REDIRECT] 
2026-09-13 15:45:05,866 [ERROR] LogOutputStream:75 - [STDERR_REDIRECT] Sep 13, 2026 3:45:05 PM java.util.prefs.FileSystemPreferences checkLockFile0ErrorCode
2026-09-13 15:45:05,867 [ERROR] LogOutputStream:75 - [STDERR_REDIRECT] WARNING: Could not lock System prefs. Unix error code 31664.
2026-09-13 15:45:05,867 [ERROR] LogOutputStream:75 - [STDERR_REDIRECT] 
2026-09-13 15:45:05,867 [ERROR] LogOutputStream:75 - [STDERR_REDIRECT] Sep 13, 2026 3:45:05 PM java.util.prefs.FileSystemPreferences syncWorld
2026-09-13 15:45:05,867 [ERROR] LogOutputStream:75 - [STDERR_REDIRECT] WARNING: Couldn't flush system prefs: java.util.prefs.BackingStoreException: Couldn't get file lock.
2026-09-13 15:45:05,867 [ERROR] LogOutputStream:75 - [STDERR_REDIRECT] 
2026-09-13 15:45:35,867 [ERROR] LogOutputStream:75 - [STDERR_REDIRECT] Sep 13, 2026 3:45:35 PM java.util.prefs.FileSystemPreferences checkLockFile0ErrorCode
2026-09-13 15:45:35,867 [ERROR] LogOutputStream:75 - [STDERR_REDIRECT] WARNING: Could not lock System prefs. Unix error code 31664.
2026-09-13 15:45:35,867 [ERROR] LogOutputStream:75 - [STDERR_REDIRECT] 
2026-09-13 15:45:35,868 [ERROR] LogOutputStream:75 - [STDERR_REDIRECT] Sep 13, 2026 3:45:35 PM java.util.prefs.FileSystemPreferences syncWorld
2026-09-13 15:45:35,868 [ERROR] LogOutputStream:75 - [STDERR_REDIRECT] WARNING: Couldn't flush system prefs: java.util.prefs.BackingStoreException: Couldn't get file lock.
2026-09-13 15:45:35,868 [ERROR] LogOutputStream:75 - [STDERR_REDIRECT] 
2026-09-13 15:46:05,867 [ERROR] LogOutputStream:75 - [STDERR_REDIRECT] Sep 13, 2026 3:46:05 PM java.util.prefs.FileSystemPreferences checkLockFile0ErrorCode
2026-09-13 15:46:05,867 [ERROR] LogOutputStream:75 - [STDERR_REDIRECT] WARNING: Could not lock System prefs. Unix error code 31664.
2026-09-13 15:46:05,867 [ERROR] LogOutputStream:75 - [STDERR_REDIRECT] 
2026-09-13 15:46:05,868 [ERROR] LogOutputStream:75 - [STDERR_REDIRECT] Sep 13, 2026 3:46:05 PM java.util.prefs.FileSystemPreferences syncWorld
2026-09-13 15:46:05,868 [ERROR] LogOutputStream:75 - [STDERR_REDIRECT] WARNING: Couldn't flush system prefs: java.util.prefs.BackingStoreException: Couldn't get file lock.
2026-09-13 15:46:05,868 [ERROR] LogOutputStream:75 - [STDERR_REDIRECT] 
2026-09-13 15:46:35,867 [ERROR] LogOutputStream:75 - [STDERR_REDIRECT] Sep 13, 2026 3:46:35 PM java.util.prefs.FileSystemPreferences checkLockFile0ErrorCode
2026-09-13 15:46:35,867 [ERROR] LogOutputStream:75 - [STDERR_REDIRECT] WARNING: Could not lock System prefs. Unix error code 31664.
2026-09-13 15:46:35,867 [ERROR] LogOutputStream:75 - [STDERR_REDIRECT] 
2026-09-13 15:46:35,867 [ERROR] LogOutputStream:75 - [STDERR_REDIRECT] Sep 13, 2026 3:46:35 PM java.util.prefs.FileSystemPreferences syncWorld
2026-09-13 15:46:35,868 [ERROR] LogOutputStream:75 - [STDERR_REDIRECT] WARNING: Couldn't flush system prefs: java.util.prefs.BackingStoreException: Couldn't get file lock.
2026-09-13 15:46:35,868 [ERROR] LogOutputStream:75 - [STDERR_REDIRECT] 
2026-09-13 15:47:05,866 [ERROR] LogOutputStream:75 - [STDERR_REDIRECT] Sep 13, 2026 3:47:05 PM java.util.prefs.FileSystemPreferences checkLockFile0ErrorCode
2026-09-13 15:47:05,867 [ERROR] LogOutputStream:75 - [STDERR_REDIRECT] WARNING: Could not lock System prefs. Unix error code 31664.
2026-09-13 15:47:05,867 [ERROR] LogOutputStream:75 - [STDERR_REDIRECT] 
2026-09-13 15:47:05,867 [ERROR] LogOutputStream:75 - [STDERR_REDIRECT] Sep 13, 2026 3:47:05 PM java.util.prefs.FileSystemPreferences syncWorld
2026-09-13 15:47:05,867 [ERROR] LogOutputStream:75 - [STDERR_REDIRECT] WARNING: Couldn't flush system prefs: java.util.prefs.BackingStoreException: Couldn't get file lock.
2026-09-13 15:47:05,867 [ERROR] LogOutputStream:75 - [STDERR_REDIRECT] 
2026-09-13 15:47:35,867 [ERROR] LogOutputStream:75 - [STDERR_REDIRECT] Sep 13, 2026 3:47:35 PM java.util.prefs.FileSystemPreferences checkLockFile0ErrorCode
2026-09-13 15:47:35,867 [ERROR] LogOutputStream:75 - [STDERR_REDIRECT] WARNING: Could not lock System prefs. Unix error code 31664.
2026-09-13 15:47:35,868 [ERROR] LogOutputStream:75 - [STDERR_REDIRECT] 
2026-09-13 15:47:35,868 [ERROR] LogOutputStream:75 - [STDERR_REDIRECT] Sep 13, 2026 3:47:35 PM java.util.prefs.FileSystemPreferences syncWorld
2026-09-13 15:47:35,868 [ERROR] LogOutputStream:75 - [STDERR_REDIRECT] WARNING: Couldn't flush system prefs: java.util.prefs.BackingStoreException: Couldn't get file lock.
2026-09-13 15:47:35,868 [ERROR] LogOutputStream:75 - [STDERR_REDIRECT] 
2026-09-13 15:48:05,867 [ERROR] LogOutputStream:75 - [STDERR_REDIRECT] Sep 13, 2026 3:48:05 PM java.util.prefs.FileSystemPreferences checkLockFile0ErrorCode
2026-09-13 15:48:05,867 [ERROR] LogOutputStream:75 - [STDERR_REDIRECT] WARNING: Could not lock System prefs. Unix error code 31664.
2026-09-13 15:48:05,867 [ERROR] LogOutputStream:75 - [STDERR_REDIRECT] 
2026-09-13 15:48:05,867 [ERROR] LogOutputStream:75 - [STDERR_REDIRECT] Sep 13, 2026 3:48:05 PM java.util.prefs.FileSystemPreferences syncWorld
2026-09-13 15:48:05,867 [ERROR] LogOutputStream:75 - [STDERR_REDIRECT] WARNING: Couldn't flush system prefs: java.util.prefs.BackingStoreException: Couldn't get file lock.
2026-09-13 15:48:05,867 [ERROR] LogOutputStream:75 - [STDERR_REDIRECT] 
2026-09-13 15:48:35,867 [ERROR] LogOutputStream:75 - [STDERR_REDIRECT] Sep 13, 2026 3:48:35 PM java.util.prefs.FileSystemPreferences checkLockFile0ErrorCode
2026-09-13 15:48:35,867 [ERROR] LogOutputStream:75 - [STDERR_REDIRECT] WARNING: Could not lock System prefs. Unix error code 31664.
2026-09-13 15:48:35,868 [ERROR] LogOutputStream:75 - [STDERR_REDIRECT] 
2026-09-13 15:48:35,868 [ERROR] LogOutputStream:75 - [STDERR_REDIRECT] Sep 13, 2026 3:48:35 PM java.util.prefs.FileSystemPreferences syncWorld
2026-09-13 15:48:35,868 [ERROR] LogOutputStream:75 - [STDERR_REDIRECT] WARNING: Couldn't flush system prefs: java.util.prefs.BackingStoreException: Couldn't get file lock.
2026-09-13 15:48:35,868 [ERROR] LogOutputStream:75 - [STDERR_REDIRECT] 
2026-09-13 15:49:05,868 [ERROR] LogOutputStream:75 - [STDERR_REDIRECT] Sep 13, 2026 3:49:05 PM java.util.prefs.FileSystemPreferences checkLockFile0ErrorCode
2026-09-13 15:49:05,868 [ERROR] LogOutputStream:75 - [STDERR_REDIRECT] WARNING: Could not lock System prefs. Unix error code 31664.
2026-09-13 15:49:05,868 [ERROR] LogOutputStream:75 - [STDERR_REDIRECT] 
2026-09-13 15:49:05,869 [ERROR] LogOutputStream:75 - [STDERR_REDIRECT] Sep 13, 2026 3:49:05 PM java.util.prefs.FileSystemPreferences syncWorld
2026-09-13 15:49:05,869 [ERROR] LogOutputStream:75 - [STDERR_REDIRECT] WARNING: Couldn't flush system prefs: java.util.prefs.BackingStoreException: Couldn't get file lock.
2026-09-13 15:49:05,869 [ERROR] LogOutputStream:75 - [STDERR_REDIRECT] 
2026-09-13 15:49:35,868 [ERROR] LogOutputStream:75 - [STDERR_REDIRECT] Sep 13, 2026 3:49:35 PM java.util.prefs.FileSystemPreferences checkLockFile0ErrorCode
2026-09-13 15:49:35,868 [ERROR] LogOutputStream:75 - [STDERR_REDIRECT] WARNING: Could not lock System prefs. Unix error code 31664.
2026-09-13 15:49:35,868 [ERROR] LogOutputStream:75 - [STDERR_REDIRECT] 
2026-09-13 15:49:35,869 [ERROR] LogOutputStream:75 - [STDERR_REDIRECT] Sep 13, 2026 3:49:35 PM java.util.prefs.FileSystemPreferences syncWorld
2026-09-13 15:49:35,869 [ERROR] LogOutputStream:75 - [STDERR_REDIRECT] WARNING: Couldn't flush system prefs: java.util.prefs.BackingStoreException: Couldn't get file lock.
2026-09-13 15:49:35,869 [ERROR] LogOutputStream:75 - [STDERR_REDIRECT] 
2026-09-13 15:50:05,868 [ERROR] LogOutputStream:75 - [STDERR_REDIRECT] Sep 13, 2026 3:50:05 PM java.util.prefs.FileSystemPreferences checkLockFile0ErrorCode
2026-09-13 15:50:05,868 [ERROR] LogOutputStream:75 - [STDERR_REDIRECT] WARNING: Could not lock System prefs. Unix error code 31664.
2026-09-13 15:50:05,869 [ERROR] LogOutputStream:75 - [STDERR_REDIRECT] 
2026-09-13 15:50:05,869 [ERROR] LogOutputStream:75 - [STDERR_REDIRECT] Sep 13, 2026 3:50:05 PM java.util.prefs.FileSystemPreferences syncWorld
2026-09-13 15:50:05,869 [ERROR] LogOutputStream:75 - [STDERR_REDIRECT] WARNING: Couldn't flush system prefs: java.util.prefs.BackingStoreException: Couldn't get file lock.
2026-09-13 15:50:05,869 [ERROR] LogOutputStream:75 - [STDERR_REDIRECT] 
2026-09-13 15:50:35,868 [ERROR] LogOutputStream:75 - [STDERR_REDIRECT] Sep 13, 2026 3:50:35 PM java.util.prefs.FileSystemPreferences checkLockFile0ErrorCode
2026-09-13 15:50:35,868 [ERROR] LogOutputStream:75 - [STDERR_REDIRECT] WARNING: Could not lock System prefs. Unix error code 31664.
2026-09-13 15:50:35,868 [ERROR] LogOutputStream:75 - [STDERR_REDIRECT] 
2026-09-13 15:50:35,869 [ERROR] LogOutputStream:75 - [STDERR_REDIRECT] Sep 13, 2026 3:50:35 PM java.util.prefs.FileSystemPreferences syncWorld
2026-09-13 15:50:35,869 [ERROR] LogOutputStream:75 - [STDERR_REDIRECT] WARNING: Couldn't flush system prefs: java.util.prefs.BackingStoreException: Couldn't get file lock.
2026-09-13 15:50:35,869 [ERROR] LogOutputStream:75 - [STDERR_REDIRECT] 
2026-09-13 15:51:05,868 [ERROR] LogOutputStream:75 - [STDERR_REDIRECT] Sep 13, 2026 3:51:05 PM java.util.prefs.FileSystemPreferences checkLockFile0ErrorCode
2026-09-13 15:51:05,868 [ERROR] LogOutputStream:75 - [STDERR_REDIRECT] WARNING: Could not lock System prefs. Unix error code 31664.
2026-09-13 15:51:05,868 [ERROR] LogOutputStream:75 - [STDERR_REDIRECT] 
2026-09-13 15:51:05,869 [ERROR] LogOutputStream:75 - [STDERR_REDIRECT] Sep 13, 2026 3:51:05 PM java.util.prefs.FileSystemPreferences syncWorld
2026-09-13 15:51:05,869 [ERROR] LogOutputStream:75 - [STDERR_REDIRECT] WARNING: Couldn't flush system prefs: java.util.prefs.BackingStoreException: Couldn't get file lock.
2026-09-13 15:51:05,869 [ERROR] LogOutputStream:75 - [STDERR_REDIRECT] 
2026-09-13 15:51:35,868 [ERROR] LogOutputStream:75 - [STDERR_REDIRECT] Sep 13, 2026 3:51:35 PM java.util.prefs.FileSystemPreferences checkLockFile0ErrorCode
2026-09-13 15:51:35,868 [ERROR] LogOutputStream:75 - [STDERR_REDIRECT] WARNING: Could not lock System prefs. Unix error code 31664.
2026-09-13 15:51:35,868 [ERROR] LogOutputStream:75 - [STDERR_REDIRECT] 
2026-09-13 15:51:35,869 [ERROR] LogOutputStream:75 - [STDERR_REDIRECT] Sep 13, 2026 3:51:35 PM java.util.prefs.FileSystemPreferences syncWorld
2026-09-13 15:51:35,869 [ERROR] LogOutputStream:75 - [STDERR_REDIRECT] WARNING: Couldn't flush system prefs: java.util.prefs.BackingStoreException: Couldn't get file lock.
2026-09-13 15:51:35,869 [ERROR] LogOutputStream:75 - [STDERR_REDIRECT] 
2026-09-13 15:52:05,867 [ERROR] LogOutputStream:75 - [STDERR_REDIRECT] Sep 13, 2026 3:52:05 PM java.util.prefs.FileSystemPreferences checkLockFile0ErrorCode
2026-09-13 15:52:05,868 [ERROR] LogOutputStream:75 - [STDERR_REDIRECT] WARNING: Could not lock System prefs. Unix error code 31664.
2026-09-13 15:52:05,868 [ERROR] LogOutputStream:75 - [STDERR_REDIRECT] 
2026-09-13 15:52:05,868 [ERROR] LogOutputStream:75 - [STDERR_REDIRECT] Sep 13, 2026 3:52:05 PM java.util.prefs.FileSystemPreferences syncWorld
2026-09-13 15:52:05,868 [ERROR] LogOutputStream:75 - [STDERR_REDIRECT] WARNING: Couldn't flush system prefs: java.util.prefs.BackingStoreException: Couldn't get file lock.
2026-09-13 15:52:05,868 [ERROR] LogOutputStream:75 - [STDERR_REDIRECT] 
2026-09-13 15:52:35,868 [ERROR] LogOutputStream:75 - [STDERR_REDIRECT] Sep 13, 2026 3:52:35 PM java.util.prefs.FileSystemPreferences checkLockFile0ErrorCode
2026-09-13 15:52:35,868 [ERROR] LogOutputStream:75 - [STDERR_REDIRECT] WARNING: Could not lock System prefs. Unix error code 31664.
2026-09-13 15:52:35,868 [ERROR] LogOutputStream:75 - [STDERR_REDIRECT] 
2026-09-13 15:52:35,869 [ERROR] LogOutputStream:75 - [STDERR_REDIRECT] Sep 13, 2026 3:52:35 PM java.util.prefs.FileSystemPreferences syncWorld
2026-09-13 15:52:35,869 [ERROR] LogOutputStream:75 - [STDERR_REDIRECT] WARNING: Couldn't flush system prefs: java.util.prefs.BackingStoreException: Couldn't get file lock.
2026-09-13 15:52:35,869 [ERROR] LogOutputStream:75 - [STDERR_REDIRECT] 
2026-09-13 15:53:05,869 [ERROR] LogOutputStream:75 - [STDERR_REDIRECT] Sep 13, 2026 3:53:05 PM java.util.prefs.FileSystemPreferences checkLockFile0ErrorCode
2026-09-13 15:53:05,869 [ERROR] LogOutputStream:75 - [STDERR_REDIRECT] WARNING: Could not lock System prefs. Unix error code 31664.
2026-09-13 15:53:05,869 [ERROR] LogOutputStream:75 - [STDERR_REDIRECT] 
2026-09-13 15:53:05,869 [ERROR] LogOutputStream:75 - [STDERR_REDIRECT] Sep 13, 2026 3:53:05 PM java.util.prefs.FileSystemPreferences syncWorld
2026-09-13 15:53:05,869 [ERROR] LogOutputStream:75 - [STDERR_REDIRECT] WARNING: Couldn't flush system prefs: java.util.prefs.BackingStoreException: Couldn't get file lock.
2026-09-13 15:53:05,869 [ERROR] LogOutputStream:75 - [STDERR_REDIRECT] 
2026-09-13 15:53:35,869 [ERROR] LogOutputStream:75 - [STDERR_REDIRECT] Sep 13, 2026 3:53:35 PM java.util.prefs.FileSystemPreferences checkLockFile0ErrorCode
2026-09-13 15:53:35,869 [ERROR] LogOutputStream:75 - [STDERR_REDIRECT] WARNING: Could not lock System prefs. Unix error code 31664.
2026-09-13 15:53:35,869 [ERROR] LogOutputStream:75 - [STDERR_REDIRECT] 
2026-09-13 15:53:35,870 [ERROR] LogOutputStream:75 - [STDERR_REDIRECT] Sep 13, 2026 3:53:35 PM java.util.prefs.FileSystemPreferences syncWorld
2026-09-13 15:53:35,870 [ERROR] LogOutputStream:75 - [STDERR_REDIRECT] WARNING: Couldn't flush system prefs: java.util.prefs.BackingStoreException: Couldn't get file lock.
2026-09-13 15:53:35,870 [ERROR] LogOutputStream:75 - [STDERR_REDIRECT] 
2026-09-13 15:54:05,871 [ERROR] LogOutputStream:75 - [STDERR_REDIRECT] Sep 13, 2026 3:54:05 PM java.util.prefs.FileSystemPreferences checkLockFile0ErrorCode
2026-09-13 15:54:05,871 [ERROR] LogOutputStream:75 - [STDERR_REDIRECT] WARNING: Could not lock System prefs. Unix error code 31664.
2026-09-13 15:54:05,871 [ERROR] LogOutputStream:75 - [STDERR_REDIRECT] 
2026-09-13 15:54:05,871 [ERROR] LogOutputStream:75 - [STDERR_REDIRECT] Sep 13, 2026 3:54:05 PM java.util.prefs.FileSystemPreferences syncWorld
2026-09-13 15:54:05,872 [ERROR] LogOutputStream:75 - [STDERR_REDIRECT] WARNING: Couldn't flush system prefs: java.util.prefs.BackingStoreException: Couldn't get file lock.
2026-09-13 15:54:05,872 [ERROR] LogOutputStream:75 - [STDERR_REDIRECT] 
2026-09-13 15:54:35,870 [ERROR] LogOutputStream:75 - [STDERR_REDIRECT] Sep 13, 2026 3:54:35 PM java.util.prefs.FileSystemPreferences checkLockFile0ErrorCode
2026-09-13 15:54:35,870 [ERROR] LogOutputStream:75 - [STDERR_REDIRECT] WARNING: Could not lock System prefs. Unix error code 31664.
2026-09-13 15:54:35,870 [ERROR] LogOutputStream:75 - [STDERR_REDIRECT] 
2026-09-13 15:54:35,870 [ERROR] LogOutputStream:75 - [STDERR_REDIRECT] Sep 13, 2026 3:54:35 PM java.util.prefs.FileSystemPreferences syncWorld
2026-09-13 15:54:35,871 [ERROR] LogOutputStream:75 - [STDERR_REDIRECT] WARNING: Couldn't flush system prefs: java.util.prefs.BackingStoreException: Couldn't get file lock.
2026-09-13 15:54:35,871 [ERROR] LogOutputStream:75 - [STDERR_REDIRECT] 
2026-09-13 15:55:05,870 [ERROR] LogOutputStream:75 - [STDERR_REDIRECT] Sep 13, 2026 3:55:05 PM java.util.prefs.FileSystemPreferences checkLockFile0ErrorCode
2026-09-13 15:55:05,870 [ERROR] LogOutputStream:75 - [STDERR_REDIRECT] WARNING: Could not lock System prefs. Unix error code 31664.
2026-09-13 15:55:05,870 [ERROR] LogOutputStream:75 - [STDERR_REDIRECT] 
2026-09-13 15:55:05,871 [ERROR] LogOutputStream:75 - [STDERR_REDIRECT] Sep 13, 2026 3:55:05 PM java.util.prefs.FileSystemPreferences syncWorld
2026-09-13 15:55:05,871 [ERROR] LogOutputStream:75 - [STDERR_REDIRECT] WARNING: Couldn't flush system prefs: java.util.prefs.BackingStoreException: Couldn't get file lock.
2026-09-13 15:55:05,871 [ERROR] LogOutputStream:75 - [STDERR_REDIRECT] 
2026-09-13 15:55:35,870 [ERROR] LogOutputStream:75 - [STDERR_REDIRECT] Sep 13, 2026 3:55:35 PM java.util.prefs.FileSystemPreferences checkLockFile0ErrorCode
2026-09-13 15:55:35,870 [ERROR] LogOutputStream:75 - [STDERR_REDIRECT] WARNING: Could not lock System prefs. Unix error code 31664.
2026-09-13 15:55:35,870 [ERROR] LogOutputStream:75 - [STDERR_REDIRECT] 
2026-09-13 15:55:35,870 [ERROR] LogOutputStream:75 - [STDERR_REDIRECT] Sep 13, 2026 3:55:35 PM java.util.prefs.FileSystemPreferences syncWorld
2026-09-13 15:55:35,870 [ERROR] LogOutputStream:75 - [STDERR_REDIRECT] WARNING: Couldn't flush system prefs: java.util.prefs.BackingStoreException: Couldn't get file lock.
2026-09-13 15:55:35,870 [ERROR] LogOutputStream:75 - [STDERR_REDIRECT] 
2026-09-13 15:56:05,869 [ERROR] LogOutputStream:75 - [STDERR_REDIRECT] Sep 13, 2026 3:56:05 PM java.util.prefs.FileSystemPreferences checkLockFile0ErrorCode
2026-09-13 15:56:05,870 [ERROR] LogOutputStream:75 - [STDERR_REDIRECT] WARNING: Could not lock System prefs. Unix error code 31664.
2026-09-13 15:56:05,870 [ERROR] LogOutputStream:75 - [STDERR_REDIRECT] 
2026-09-13 15:56:05,870 [ERROR] LogOutputStream:75 - [STDERR_REDIRECT] Sep 13, 2026 3:56:05 PM java.util.prefs.FileSystemPreferences syncWorld
2026-09-13 15:56:05,870 [ERROR] LogOutputStream:75 - [STDERR_REDIRECT] WARNING: Couldn't flush system prefs: java.util.prefs.BackingStoreException: Couldn't get file lock.
2026-09-13 15:56:05,870 [ERROR] LogOutputStream:75 - [STDERR_REDIRECT] 
2026-09-13 15:56:35,870 [ERROR] LogOutputStream:75 - [STDERR_REDIRECT] Sep 13, 2026 3:56:35 PM java.util.prefs.FileSystemPreferences checkLockFile0ErrorCode
2026-09-13 15:56:35,870 [ERROR] LogOutputStream:75 - [STDERR_REDIRECT] WARNING: Could not lock System prefs. Unix error code 31664.
2026-09-13 15:56:35,871 [ERROR] LogOutputStream:75 - [STDERR_REDIRECT] 
2026-09-13 15:56:35,871 [ERROR] LogOutputStream:75 - [STDERR_REDIRECT] Sep 13, 2026 3:56:35 PM java.util.prefs.FileSystemPreferences syncWorld
2026-09-13 15:56:35,871 [ERROR] LogOutputStream:75 - [STDERR_REDIRECT] WARNING: Couldn't flush system prefs: java.util.prefs.BackingStoreException: Couldn't get file lock.
2026-09-13 15:56:35,871 [ERROR] LogOutputStream:75 - [STDERR_REDIRECT] 
2026-09-13 15:57:05,871 [ERROR] LogOutputStream:75 - [STDERR_REDIRECT] Sep 13, 2026 3:57:05 PM java.util.prefs.FileSystemPreferences checkLockFile0ErrorCode
2026-09-13 15:57:05,871 [ERROR] LogOutputStream:75 - [STDERR_REDIRECT] WARNING: Could not lock System prefs. Unix error code 31664.
2026-09-13 15:57:05,871 [ERROR] LogOutputStream:75 - [STDERR_REDIRECT] 
2026-09-13 15:57:05,872 [ERROR] LogOutputStream:75 - [STDERR_REDIRECT] Sep 13, 2026 3:57:05 PM java.util.prefs.FileSystemPreferences syncWorld
2026-09-13 15:57:05,872 [ERROR] LogOutputStream:75 - [STDERR_REDIRECT] WARNING: Couldn't flush system prefs: java.util.prefs.BackingStoreException: Couldn't get file lock.
2026-09-13 15:57:05,872 [ERROR] LogOutputStream:75 - [STDERR_REDIRECT] 
2026-09-13 15:57:35,871 [ERROR] LogOutputStream:75 - [STDERR_REDIRECT] Sep 13, 2026 3:57:35 PM java.util.prefs.FileSystemPreferences checkLockFile0ErrorCode
2026-09-13 15:57:35,871 [ERROR] LogOutputStream:75 - [STDERR_REDIRECT] WARNING: Could not lock System prefs. Unix error code 31664.
2026-09-13 15:57:35,871 [ERROR] LogOutputStream:75 - [STDERR_REDIRECT] 
2026-09-13 15:57:35,871 [ERROR] LogOutputStream:75 - [STDERR_REDIRECT] Sep 13, 2026 3:57:35 PM java.util.prefs.FileSystemPreferences syncWorld
2026-09-13 15:57:35,871 [ERROR] LogOutputStream:75 - [STDERR_REDIRECT] WARNING: Couldn't flush system prefs: java.util.prefs.BackingStoreException: Couldn't get file lock.
2026-09-13 15:57:35,872 [ERROR] LogOutputStream:75 - [STDERR_REDIRECT] 
2026-09-13 15:58:05,870 [ERROR] LogOutputStream:75 - [STDERR_REDIRECT] Sep 13, 2026 3:58:05 PM java.util.prefs.FileSystemPreferences checkLockFile0ErrorCode
2026-09-13 15:58:05,871 [ERROR] LogOutputStream:75 - [STDERR_REDIRECT] WARNING: Could not lock System prefs. Unix error code 31664.
2026-09-13 15:58:05,871 [ERROR] LogOutputStream:75 - [STDERR_REDIRECT] 
2026-09-13 15:58:05,871 [ERROR] LogOutputStream:75 - [STDERR_REDIRECT] Sep 13, 2026 3:58:05 PM java.util.prefs.FileSystemPreferences syncWorld
2026-09-13 15:58:05,871 [ERROR] LogOutputStream:75 - [STDERR_REDIRECT] WARNING: Couldn't flush system prefs: java.util.prefs.BackingStoreException: Couldn't get file lock.
2026-09-13 15:58:05,872 [ERROR] LogOutputStream:75 - [STDERR_REDIRECT] 
2026-09-13 15:58:35,871 [ERROR] LogOutputStream:75 - [STDERR_REDIRECT] Sep 13, 2026 3:58:35 PM java.util.prefs.FileSystemPreferences checkLockFile0ErrorCode
2026-09-13 15:58:35,871 [ERROR] LogOutputStream:75 - [STDERR_REDIRECT] WARNING: Could not lock System prefs. Unix error code 31664.
2026-09-13 15:58:35,871 [ERROR] LogOutputStream:75 - [STDERR_REDIRECT] 
2026-09-13 15:58:35,871 [ERROR] LogOutputStream:75 - [STDERR_REDIRECT] Sep 13, 2026 3:58:35 PM java.util.prefs.FileSystemPreferences syncWorld
2026-09-13 15:58:35,871 [ERROR] LogOutputStream:75 - [STDERR_REDIRECT] WARNING: Couldn't flush system prefs: java.util.prefs.BackingStoreException: Couldn't get file lock.
2026-09-13 15:58:35,871 [ERROR] LogOutputStream:75 - [STDERR_REDIRECT] 
2026-09-13 15:59:05,871 [ERROR] LogOutputStream:75 - [STDERR_REDIRECT] Sep 13, 2026 3:59:05 PM java.util.prefs.FileSystemPreferences checkLockFile0ErrorCode
2026-09-13 15:59:05,871 [ERROR] LogOutputStream:75 - [STDERR_REDIRECT] WARNING: Could not lock System prefs. Unix error code 31664.
2026-09-13 15:59:05,871 [ERROR] LogOutputStream:75 - [STDERR_REDIRECT] 
2026-09-13 15:59:05,872 [ERROR] LogOutputStream:75 - [STDERR_REDIRECT] Sep 13, 2026 3:59:05 PM java.util.prefs.FileSystemPreferences syncWorld
2026-09-13 15:59:05,872 [ERROR] LogOutputStream:75 - [STDERR_REDIRECT] WARNING: Couldn't flush system prefs: java.util.prefs.BackingStoreException: Couldn't get file lock.
2026-09-13 15:59:05,872 [ERROR] LogOutputStream:75 - [STDERR_REDIRECT] 
2026-09-13 15:59:35,872 [ERROR] LogOutputStream:75 - [STDERR_REDIRECT] Sep 13, 2026 3:59:35 PM java.util.prefs.FileSystemPreferences checkLockFile0ErrorCode
2026-09-13 15:59:35,872 [ERROR] LogOutputStream:75 - [STDERR_REDIRECT] WARNING: Could not lock System prefs. Unix error code 31664.
2026-09-13 15:59:35,872 [ERROR] LogOutputStream:75 - [STDERR_REDIRECT] 
2026-09-13 15:59:35,872 [ERROR] LogOutputStream:75 - [STDERR_REDIRECT] Sep 13, 2026 3:59:35 PM java.util.prefs.FileSystemPreferences syncWorld
2026-09-13 15:59:35,873 [ERROR] LogOutputStream:75 - [STDERR_REDIRECT] WARNING: Couldn't flush system prefs: java.util.prefs.BackingStoreException: Couldn't get file lock.
2026-09-13 15:59:35,873 [ERROR] LogOutputStream:75 - [STDERR_REDIRECT] 
2026-09-13 16:00:05,871 [ERROR] LogOutputStream:75 - [STDERR_REDIRECT] Sep 13, 2026 4:00:05 PM java.util.prefs.FileSystemPreferences checkLockFile0ErrorCode
2026-09-13 16:00:05,871 [ERROR] LogOutputStream:75 - [STDERR_REDIRECT] WARNING: Could not lock System prefs. Unix error code 31664.
2026-09-13 16:00:05,872 [ERROR] LogOutputStream:75 - [STDERR_REDIRECT] 
2026-09-13 16:00:05,872 [ERROR] LogOutputStream:75 - [STDERR_REDIRECT] Sep 13, 2026 4:00:05 PM java.util.prefs.FileSystemPreferences syncWorld
2026-09-13 16:00:05,872 [ERROR] LogOutputStream:75 - [STDERR_REDIRECT] WARNING: Couldn't flush system prefs: java.util.prefs.BackingStoreException: Couldn't get file lock.
2026-09-13 16:00:05,872 [ERROR] LogOutputStream:75 - [STDERR_REDIRECT] 
2026-09-13 16:00:35,872 [ERROR] LogOutputStream:75 - [STDERR_REDIRECT] Sep 13, 2026 4:00:35 PM java.util.prefs.FileSystemPreferences checkLockFile0ErrorCode
2026-09-13 16:00:35,873 [ERROR] LogOutputStream:75 - [STDERR_REDIRECT] WARNING: Could not lock System prefs. Unix error code 31664.
2026-09-13 16:00:35,873 [ERROR] LogOutputStream:75 - [STDERR_REDIRECT] 
2026-09-13 16:00:35,873 [ERROR] LogOutputStream:75 - [STDERR_REDIRECT] Sep 13, 2026 4:00:35 PM java.util.prefs.FileSystemPreferences syncWorld
2026-09-13 16:00:35,873 [ERROR] LogOutputStream:75 - [STDERR_REDIRECT] WARNING: Couldn't flush system prefs: java.util.prefs.BackingStoreException: Couldn't get file lock.
2026-09-13 16:00:35,873 [ERROR] LogOutputStream:75 - [STDERR_REDIRECT] 
2026-09-13 16:01:05,875 [ERROR] LogOutputStream:75 - [STDERR_REDIRECT] Sep 13, 2026 4:01:05 PM java.util.prefs.FileSystemPreferences checkLockFile0ErrorCode
2026-09-13 16:01:05,875 [ERROR] LogOutputStream:75 - [STDERR_REDIRECT] WARNING: Could not lock System prefs. Unix error code 31664.
2026-09-13 16:01:05,875 [ERROR] LogOutputStream:75 - [STDERR_REDIRECT] 
2026-09-13 16:01:05,876 [ERROR] LogOutputStream:75 - [STDERR_REDIRECT] Sep 13, 2026 4:01:05 PM java.util.prefs.FileSystemPreferences syncWorld
2026-09-13 16:01:05,876 [ERROR] LogOutputStream:75 - [STDERR_REDIRECT] WARNING: Couldn't flush system prefs: java.util.prefs.BackingStoreException: Couldn't get file lock.
2026-09-13 16:01:05,876 [ERROR] LogOutputStream:75 - [STDERR_REDIRECT] 
2026-09-13 16:01:35,873 [ERROR] LogOutputStream:75 - [STDERR_REDIRECT] Sep 13, 2026 4:01:35 PM java.util.prefs.FileSystemPreferences checkLockFile0ErrorCode
2026-09-13 16:01:35,873 [ERROR] LogOutputStream:75 - [STDERR_REDIRECT] WARNING: Could not lock System prefs. Unix error code 31664.
2026-09-13 16:01:35,874 [ERROR] LogOutputStream:75 - [STDERR_REDIRECT] 
2026-09-13 16:01:35,874 [ERROR] LogOutputStream:75 - [STDERR_REDIRECT] Sep 13, 2026 4:01:35 PM java.util.prefs.FileSystemPreferences syncWorld
2026-09-13 16:01:35,874 [ERROR] LogOutputStream:75 - [STDERR_REDIRECT] WARNING: Couldn't flush system prefs: java.util.prefs.BackingStoreException: Couldn't get file lock.
2026-09-13 16:01:35,874 [ERROR] LogOutputStream:75 - [STDERR_REDIRECT] 
2026-09-13 16:02:05,874 [ERROR] LogOutputStream:75 - [STDERR_REDIRECT] Sep 13, 2026 4:02:05 PM java.util.prefs.FileSystemPreferences checkLockFile0ErrorCode
2026-09-13 16:02:05,874 [ERROR] LogOutputStream:75 - [STDERR_REDIRECT] WARNING: Could not lock System prefs. Unix error code 31664.
2026-09-13 16:02:05,874 [ERROR] LogOutputStream:75 - [STDERR_REDIRECT] 
2026-09-13 16:02:05,874 [ERROR] LogOutputStream:75 - [STDERR_REDIRECT] Sep 13, 2026 4:02:05 PM java.util.prefs.FileSystemPreferences syncWorld
2026-09-13 16:02:05,875 [ERROR] LogOutputStream:75 - [STDERR_REDIRECT] WARNING: Couldn't flush system prefs: java.util.prefs.BackingStoreException: Couldn't get file lock.
2026-09-13 16:02:05,875 [ERROR] LogOutputStream:75 - [STDERR_REDIRECT] 
2026-09-13 16:02:35,872 [ERROR] LogOutputStream:75 - [STDERR_REDIRECT] Sep 13, 2026 4:02:35 PM java.util.prefs.FileSystemPreferences checkLockFile0ErrorCode
2026-09-13 16:02:35,873 [ERROR] LogOutputStream:75 - [STDERR_REDIRECT] WARNING: Could not lock System prefs. Unix error code 31664.
2026-09-13 16:02:35,873 [ERROR] LogOutputStream:75 - [STDERR_REDIRECT] 
2026-09-13 16:02:35,873 [ERROR] LogOutputStream:75 - [STDERR_REDIRECT] Sep 13, 2026 4:02:35 PM java.util.prefs.FileSystemPreferences syncWorld
2026-09-13 16:02:35,873 [ERROR] LogOutputStream:75 - [STDERR_REDIRECT] WARNING: Couldn't flush system prefs: java.util.prefs.BackingStoreException: Couldn't get file lock.
2026-09-13 16:02:35,873 [ERROR] LogOutputStream:75 - [STDERR_REDIRECT] 
2026-09-13 16:03:05,875 [ERROR] LogOutputStream:75 - [STDERR_REDIRECT] Sep 13, 2026 4:03:05 PM java.util.prefs.FileSystemPreferences checkLockFile0ErrorCode
2026-09-13 16:03:05,876 [ERROR] LogOutputStream:75 - [STDERR_REDIRECT] WARNING: Could not lock System prefs. Unix error code 31664.
2026-09-13 16:03:05,876 [ERROR] LogOutputStream:75 - [STDERR_REDIRECT] 
2026-09-13 16:03:05,876 [ERROR] LogOutputStream:75 - [STDERR_REDIRECT] Sep 13, 2026 4:03:05 PM java.util.prefs.FileSystemPreferences syncWorld
2026-09-13 16:03:05,876 [ERROR] LogOutputStream:75 - [STDERR_REDIRECT] WARNING: Couldn't flush system prefs: java.util.prefs.BackingStoreException: Couldn't get file lock.
2026-09-13 16:03:05,876 [ERROR] LogOutputStream:75 - [STDERR_REDIRECT] 
2026-09-13 16:03:35,875 [ERROR] LogOutputStream:75 - [STDERR_REDIRECT] Sep 13, 2026 4:03:35 PM java.util.prefs.FileSystemPreferences checkLockFile0ErrorCode
2026-09-13 16:03:35,875 [ERROR] LogOutputStream:75 - [STDERR_REDIRECT] WARNING: Could not lock System prefs. Unix error code 31664.
2026-09-13 16:03:35,875 [ERROR] LogOutputStream:75 - [STDERR_REDIRECT] 
2026-09-13 16:03:35,875 [ERROR] LogOutputStream:75 - [STDERR_REDIRECT] Sep 13, 2026 4:03:35 PM java.util.prefs.FileSystemPreferences syncWorld
2026-09-13 16:03:35,876 [ERROR] LogOutputStream:75 - [STDERR_REDIRECT] WARNING: Couldn't flush system prefs: java.util.prefs.BackingStoreException: Couldn't get file lock.
2026-09-13 16:03:35,876 [ERROR] LogOutputStream:75 - [STDERR_REDIRECT] 
2026-09-13 16:04:05,875 [ERROR] LogOutputStream:75 - [STDERR_REDIRECT] Sep 13, 2026 4:04:05 PM java.util.prefs.FileSystemPreferences checkLockFile0ErrorCode
2026-09-13 16:04:05,875 [ERROR] LogOutputStream:75 - [STDERR_REDIRECT] WARNING: Could not lock System prefs. Unix error code 31664.
2026-09-13 16:04:05,876 [ERROR] LogOutputStream:75 - [STDERR_REDIRECT] 
2026-09-13 16:04:05,876 [ERROR] LogOutputStream:75 - [STDERR_REDIRECT] Sep 13, 2026 4:04:05 PM java.util.prefs.FileSystemPreferences syncWorld
2026-09-13 16:04:05,876 [ERROR] LogOutputStream:75 - [STDERR_REDIRECT] WARNING: Couldn't flush system prefs: java.util.prefs.BackingStoreException: Couldn't get file lock.
2026-09-13 16:04:05,876 [ERROR] LogOutputStream:75 - [STDERR_REDIRECT] 
2026-09-13 16:04:35,876 [ERROR] LogOutputStream:75 - [STDERR_REDIRECT] Sep 13, 2026 4:04:35 PM java.util.prefs.FileSystemPreferences checkLockFile0ErrorCode
2026-09-13 16:04:35,876 [ERROR] LogOutputStream:75 - [STDERR_REDIRECT] WARNING: Could not lock System prefs. Unix error code 31664.
2026-09-13 16:04:35,876 [ERROR] LogOutputStream:75 - [STDERR_REDIRECT] 
2026-09-13 16:04:35,877 [ERROR] LogOutputStream:75 - [STDERR_REDIRECT] Sep 13, 2026 4:04:35 PM java.util.prefs.FileSystemPreferences syncWorld
2026-09-13 16:04:35,877 [ERROR] LogOutputStream:75 - [STDERR_REDIRECT] WARNING: Couldn't flush system prefs: java.util.prefs.BackingStoreException: Couldn't get file lock.
2026-09-13 16:04:35,877 [ERROR] LogOutputStream:75 - [STDERR_REDIRECT] 
2026-09-13 16:05:05,876 [ERROR] LogOutputStream:75 - [STDERR_REDIRECT] Sep 13, 2026 4:05:05 PM java.util.prefs.FileSystemPreferences checkLockFile0ErrorCode
2026-09-13 16:05:05,876 [ERROR] LogOutputStream:75 - [STDERR_REDIRECT] WARNING: Could not lock System prefs. Unix error code 31664.
2026-09-13 16:05:05,876 [ERROR] LogOutputStream:75 - [STDERR_REDIRECT] 
2026-09-13 16:05:05,876 [ERROR] LogOutputStream:75 - [STDERR_REDIRECT] Sep 13, 2026 4:05:05 PM java.util.prefs.FileSystemPreferences syncWorld
2026-09-13 16:05:05,877 [ERROR] LogOutputStream:75 - [STDERR_REDIRECT] WARNING: Couldn't flush system prefs: java.util.prefs.BackingStoreException: Couldn't get file lock.
2026-09-13 16:05:05,877 [ERROR] LogOutputStream:75 - [STDERR_REDIRECT] 
2026-09-13 16:05:35,876 [ERROR] LogOutputStream:75 - [STDERR_REDIRECT] Sep 13, 2026 4:05:35 PM java.util.prefs.FileSystemPreferences checkLockFile0ErrorCode
2026-09-13 16:05:35,876 [ERROR] LogOutputStream:75 - [STDERR_REDIRECT] WARNING: Could not lock System prefs. Unix error code 31664.
2026-09-13 16:05:35,876 [ERROR] LogOutputStream:75 - [STDERR_REDIRECT] 
2026-09-13 16:05:35,876 [ERROR] LogOutputStream:75 - [STDERR_REDIRECT] Sep 13, 2026 4:05:35 PM java.util.prefs.FileSystemPreferences syncWorld
2026-09-13 16:05:35,876 [ERROR] LogOutputStream:75 - [STDERR_REDIRECT] WARNING: Couldn't flush system prefs: java.util.prefs.BackingStoreException: Couldn't get file lock.
2026-09-13 16:05:35,876 [ERROR] LogOutputStream:75 - [STDERR_REDIRECT] 
2026-09-13 16:06:05,878 [ERROR] LogOutputStream:75 - [STDERR_REDIRECT] Sep 13, 2026 4:06:05 PM java.util.prefs.FileSystemPreferences checkLockFile0ErrorCode
2026-09-13 16:06:05,879 [ERROR] LogOutputStream:75 - [STDERR_REDIRECT] WARNING: Could not lock System prefs. Unix error code 31664.
2026-09-13 16:06:05,879 [ERROR] LogOutputStream:75 - [STDERR_REDIRECT] 
2026-09-13 16:06:05,879 [ERROR] LogOutputStream:75 - [STDERR_REDIRECT] Sep 13, 2026 4:06:05 PM java.util.prefs.FileSystemPreferences syncWorld
2026-09-13 16:06:05,879 [ERROR] LogOutputStream:75 - [STDERR_REDIRECT] WARNING: Couldn't flush system prefs: java.util.prefs.BackingStoreException: Couldn't get file lock.
2026-09-13 16:06:05,879 [ERROR] LogOutputStream:75 - [STDERR_REDIRECT] 
2026-09-13 16:06:35,876 [ERROR] LogOutputStream:75 - [STDERR_REDIRECT] Sep 13, 2026 4:06:35 PM java.util.prefs.FileSystemPreferences checkLockFile0ErrorCode
2026-09-13 16:06:35,877 [ERROR] LogOutputStream:75 - [STDERR_REDIRECT] WARNING: Could not lock System prefs. Unix error code 31664.
2026-09-13 16:06:35,877 [ERROR] LogOutputStream:75 - [STDERR_REDIRECT] 
2026-09-13 16:06:35,877 [ERROR] LogOutputStream:75 - [STDERR_REDIRECT] Sep 13, 2026 4:06:35 PM java.util.prefs.FileSystemPreferences syncWorld
2026-09-13 16:06:35,877 [ERROR] LogOutputStream:75 - [STDERR_REDIRECT] WARNING: Couldn't flush system prefs: java.util.prefs.BackingStoreException: Couldn't get file lock.
2026-09-13 16:06:35,877 [ERROR] LogOutputStream:75 - [STDERR_REDIRECT] 
2026-09-13 16:07:05,876 [ERROR] LogOutputStream:75 - [STDERR_REDIRECT] Sep 13, 2026 4:07:05 PM java.util.prefs.FileSystemPreferences checkLockFile0ErrorCode
2026-09-13 16:07:05,876 [ERROR] LogOutputStream:75 - [STDERR_REDIRECT] WARNING: Could not lock System prefs. Unix error code 31664.
2026-09-13 16:07:05,877 [ERROR] LogOutputStream:75 - [STDERR_REDIRECT] 
2026-09-13 16:07:05,877 [ERROR] LogOutputStream:75 - [STDERR_REDIRECT] Sep 13, 2026 4:07:05 PM java.util.prefs.FileSystemPreferences syncWorld
2026-09-13 16:07:05,877 [ERROR] LogOutputStream:75 - [STDERR_REDIRECT] WARNING: Couldn't flush system prefs: java.util.prefs.BackingStoreException: Couldn't get file lock.
2026-09-13 16:07:05,877 [ERROR] LogOutputStream:75 - [STDERR_REDIRECT] 
2026-09-13 16:07:35,877 [ERROR] LogOutputStream:75 - [STDERR_REDIRECT] Sep 13, 2026 4:07:35 PM java.util.prefs.FileSystemPreferences checkLockFile0ErrorCode
2026-09-13 16:07:35,877 [ERROR] LogOutputStream:75 - [STDERR_REDIRECT] WARNING: Could not lock System prefs. Unix error code 31664.
2026-09-13 16:07:35,877 [ERROR] LogOutputStream:75 - [STDERR_REDIRECT] 
2026-09-13 16:07:35,878 [ERROR] LogOutputStream:75 - [STDERR_REDIRECT] Sep 13, 2026 4:07:35 PM java.util.prefs.FileSystemPreferences syncWorld
2026-09-13 16:07:35,878 [ERROR] LogOutputStream:75 - [STDERR_REDIRECT] WARNING: Couldn't flush system prefs: java.util.prefs.BackingStoreException: Couldn't get file lock.
2026-09-13 16:07:35,878 [ERROR] LogOutputStream:75 - [STDERR_REDIRECT] 
2026-09-13 16:08:05,877 [ERROR] LogOutputStream:75 - [STDERR_REDIRECT] Sep 13, 2026 4:08:05 PM java.util.prefs.FileSystemPreferences checkLockFile0ErrorCode
2026-09-13 16:08:05,877 [ERROR] LogOutputStream:75 - [STDERR_REDIRECT] WARNING: Could not lock System prefs. Unix error code 31664.
2026-09-13 16:08:05,877 [ERROR] LogOutputStream:75 - [STDERR_REDIRECT] 
2026-09-13 16:08:05,878 [ERROR] LogOutputStream:75 - [STDERR_REDIRECT] Sep 13, 2026 4:08:05 PM java.util.prefs.FileSystemPreferences syncWorld
2026-09-13 16:08:05,878 [ERROR] LogOutputStream:75 - [STDERR_REDIRECT] WARNING: Couldn't flush system prefs: java.util.prefs.BackingStoreException: Couldn't get file lock.
2026-09-13 16:08:05,878 [ERROR] LogOutputStream:75 - [STDERR_REDIRECT] 
2026-09-13 16:08:35,878 [ERROR] LogOutputStream:75 - [STDERR_REDIRECT] Sep 13, 2026 4:08:35 PM java.util.prefs.FileSystemPreferences checkLockFile0ErrorCode
2026-09-13 16:08:35,878 [ERROR] LogOutputStream:75 - [STDERR_REDIRECT] WARNING: Could not lock System prefs. Unix error code 31664.
2026-09-13 16:08:35,878 [ERROR] LogOutputStream:75 - [STDERR_REDIRECT] 
2026-09-13 16:08:35,879 [ERROR] LogOutputStream:75 - [STDERR_REDIRECT] Sep 13, 2026 4:08:35 PM java.util.prefs.FileSystemPreferences syncWorld
2026-09-13 16:08:35,879 [ERROR] LogOutputStream:75 - [STDERR_REDIRECT] WARNING: Couldn't flush system prefs: java.util.prefs.BackingStoreException: Couldn't get file lock.
2026-09-13 16:08:35,879 [ERROR] LogOutputStream:75 - [STDERR_REDIRECT] 
2026-09-13 16:09:05,878 [ERROR] LogOutputStream:75 - [STDERR_REDIRECT] Sep 13, 2026 4:09:05 PM java.util.prefs.FileSystemPreferences checkLockFile0ErrorCode
2026-09-13 16:09:05,878 [ERROR] LogOutputStream:75 - [STDERR_REDIRECT] WARNING: Could not lock System prefs. Unix error code 31664.
2026-09-13 16:09:05,878 [ERROR] LogOutputStream:75 - [STDERR_REDIRECT] 
2026-09-13 16:09:05,879 [ERROR] LogOutputStream:75 - [STDERR_REDIRECT] Sep 13, 2026 4:09:05 PM java.util.prefs.FileSystemPreferences syncWorld
2026-09-13 16:09:05,879 [ERROR] LogOutputStream:75 - [STDERR_REDIRECT] WARNING: Couldn't flush system prefs: java.util.prefs.BackingStoreException: Couldn't get file lock.
2026-09-13 16:09:05,879 [ERROR] LogOutputStream:75 - [STDERR_REDIRECT] 
2026-09-13 16:09:35,878 [ERROR] LogOutputStream:75 - [STDERR_REDIRECT] Sep 13, 2026 4:09:35 PM java.util.prefs.FileSystemPreferences checkLockFile0ErrorCode
2026-09-13 16:09:35,878 [ERROR] LogOutputStream:75 - [STDERR_REDIRECT] WARNING: Could not lock System prefs. Unix error code 31664.
2026-09-13 16:09:35,878 [ERROR] LogOutputStream:75 - [STDERR_REDIRECT] 
2026-09-13 16:09:35,879 [ERROR] LogOutputStream:75 - [STDERR_REDIRECT] Sep 13, 2026 4:09:35 PM java.util.prefs.FileSystemPreferences syncWorld
2026-09-13 16:09:35,879 [ERROR] LogOutputStream:75 - [STDERR_REDIRECT] WARNING: Couldn't flush system prefs: java.util.prefs.BackingStoreException: Couldn't get file lock.
2026-09-13 16:09:35,879 [ERROR] LogOutputStream:75 - [STDERR_REDIRECT] 
2026-09-13 16:10:05,878 [ERROR] LogOutputStream:75 - [STDERR_REDIRECT] Sep 13, 2026 4:10:05 PM java.util.prefs.FileSystemPreferences checkLockFile0ErrorCode
2026-09-13 16:10:05,879 [ERROR] LogOutputStream:75 - [STDERR_REDIRECT] WARNING: Could not lock System prefs. Unix error code 31664.
2026-09-13 16:10:05,879 [ERROR] LogOutputStream:75 - [STDERR_REDIRECT] 
2026-09-13 16:10:05,879 [ERROR] LogOutputStream:75 - [STDERR_REDIRECT] Sep 13, 2026 4:10:05 PM java.util.prefs.FileSystemPreferences syncWorld
2026-09-13 16:10:05,879 [ERROR] LogOutputStream:75 - [STDERR_REDIRECT] WARNING: Couldn't flush system prefs: java.util.prefs.BackingStoreException: Couldn't get file lock.
2026-09-13 16:10:05,879 [ERROR] LogOutputStream:75 - [STDERR_REDIRECT] 
2026-09-13 16:10:35,881 [ERROR] LogOutputStream:75 - [STDERR_REDIRECT] Sep 13, 2026 4:10:35 PM java.util.prefs.FileSystemPreferences checkLockFile0ErrorCode
2026-09-13 16:10:35,881 [ERROR] LogOutputStream:75 - [STDERR_REDIRECT] WARNING: Could not lock System prefs. Unix error code 31664.
2026-09-13 16:10:35,881 [ERROR] LogOutputStream:75 - [STDERR_REDIRECT] 
2026-09-13 16:10:35,882 [ERROR] LogOutputStream:75 - [STDERR_REDIRECT] Sep 13, 2026 4:10:35 PM java.util.prefs.FileSystemPreferences syncWorld
2026-09-13 16:10:35,882 [ERROR] LogOutputStream:75 - [STDERR_REDIRECT] WARNING: Couldn't flush system prefs: java.util.prefs.BackingStoreException: Couldn't get file lock.
2026-09-13 16:10:35,882 [ERROR] LogOutputStream:75 - [STDERR_REDIRECT] 
2026-09-13 16:11:05,879 [ERROR] LogOutputStream:75 - [STDERR_REDIRECT] Sep 13, 2026 4:11:05 PM java.util.prefs.FileSystemPreferences checkLockFile0ErrorCode
2026-09-13 16:11:05,879 [ERROR] LogOutputStream:75 - [STDERR_REDIRECT] WARNING: Could not lock System prefs. Unix error code 31664.
2026-09-13 16:11:05,879 [ERROR] LogOutputStream:75 - [STDERR_REDIRECT] 
2026-09-13 16:11:05,880 [ERROR] LogOutputStream:75 - [STDERR_REDIRECT] Sep 13, 2026 4:11:05 PM java.util.prefs.FileSystemPreferences syncWorld
2026-09-13 16:11:05,880 [ERROR] LogOutputStream:75 - [STDERR_REDIRECT] WARNING: Couldn't flush system prefs: java.util.prefs.BackingStoreException: Couldn't get file lock.
2026-09-13 16:11:05,880 [ERROR] LogOutputStream:75 - [STDERR_REDIRECT] 
2026-09-13 16:11:35,878 [ERROR] LogOutputStream:75 - [STDERR_REDIRECT] Sep 13, 2026 4:11:35 PM java.util.prefs.FileSystemPreferences checkLockFile0ErrorCode
2026-09-13 16:11:35,878 [ERROR] LogOutputStream:75 - [STDERR_REDIRECT] WARNING: Could not lock System prefs. Unix error code 31664.
2026-09-13 16:11:35,878 [ERROR] LogOutputStream:75 - [STDERR_REDIRECT] 
2026-09-13 16:11:35,879 [ERROR] LogOutputStream:75 - [STDERR_REDIRECT] Sep 13, 2026 4:11:35 PM java.util.prefs.FileSystemPreferences syncWorld
2026-09-13 16:11:35,879 [ERROR] LogOutputStream:75 - [STDERR_REDIRECT] WARNING: Couldn't flush system prefs: java.util.prefs.BackingStoreException: Couldn't get file lock.
2026-09-13 16:11:35,879 [ERROR] LogOutputStream:75 - [STDERR_REDIRECT] 
2026-09-13 16:12:05,878 [ERROR] LogOutputStream:75 - [STDERR_REDIRECT] Sep 13, 2026 4:12:05 PM java.util.prefs.FileSystemPreferences checkLockFile0ErrorCode
2026-09-13 16:12:05,878 [ERROR] LogOutputStream:75 - [STDERR_REDIRECT] WARNING: Could not lock System prefs. Unix error code 31664.
2026-09-13 16:12:05,878 [ERROR] LogOutputStream:75 - [STDERR_REDIRECT] 
2026-09-13 16:12:05,878 [ERROR] LogOutputStream:75 - [STDERR_REDIRECT] Sep 13, 2026 4:12:05 PM java.util.prefs.FileSystemPreferences syncWorld
2026-09-13 16:12:05,879 [ERROR] LogOutputStream:75 - [STDERR_REDIRECT] WARNING: Couldn't flush system prefs: java.util.prefs.BackingStoreException: Couldn't get file lock.
2026-09-13 16:12:05,879 [ERROR] LogOutputStream:75 - [STDERR_REDIRECT] 
2026-09-13 16:12:35,878 [ERROR] LogOutputStream:75 - [STDERR_REDIRECT] Sep 13, 2026 4:12:35 PM java.util.prefs.FileSystemPreferences checkLockFile0ErrorCode
2026-09-13 16:12:35,878 [ERROR] LogOutputStream:75 - [STDERR_REDIRECT] WARNING: Could not lock System prefs. Unix error code 31664.
2026-09-13 16:12:35,878 [ERROR] LogOutputStream:75 - [STDERR_REDIRECT] 
2026-09-13 16:12:35,879 [ERROR] LogOutputStream:75 - [STDERR_REDIRECT] Sep 13, 2026 4:12:35 PM java.util.prefs.FileSystemPreferences syncWorld
2026-09-13 16:12:35,879 [ERROR] LogOutputStream:75 - [STDERR_REDIRECT] WARNING: Couldn't flush system prefs: java.util.prefs.BackingStoreException: Couldn't get file lock.
2026-09-13 16:12:35,879 [ERROR] LogOutputStream:75 - [STDERR_REDIRECT] 
2026-09-13 16:13:05,879 [ERROR] LogOutputStream:75 - [STDERR_REDIRECT] Sep 13, 2026 4:13:05 PM java.util.prefs.FileSystemPreferences checkLockFile0ErrorCode
2026-09-13 16:13:05,879 [ERROR] LogOutputStream:75 - [STDERR_REDIRECT] WARNING: Could not lock System prefs. Unix error code 31664.
2026-09-13 16:13:05,879 [ERROR] LogOutputStream:75 - [STDERR_REDIRECT] 
2026-09-13 16:13:05,879 [ERROR] LogOutputStream:75 - [STDERR_REDIRECT] Sep 13, 2026 4:13:05 PM java.util.prefs.FileSystemPreferences syncWorld
2026-09-13 16:13:05,879 [ERROR] LogOutputStream:75 - [STDERR_REDIRECT] WARNING: Couldn't flush system prefs: java.util.prefs.BackingStoreException: Couldn't get file lock.
2026-09-13 16:13:05,879 [ERROR] LogOutputStream:75 - [STDERR_REDIRECT] 
2026-09-13 16:13:35,879 [ERROR] LogOutputStream:75 - [STDERR_REDIRECT] Sep 13, 2026 4:13:35 PM java.util.prefs.FileSystemPreferences checkLockFile0ErrorCode
2026-09-13 16:13:35,880 [ERROR] LogOutputStream:75 - [STDERR_REDIRECT] WARNING: Could not lock System prefs. Unix error code 31664.
2026-09-13 16:13:35,880 [ERROR] LogOutputStream:75 - [STDERR_REDIRECT] 
2026-09-13 16:13:35,880 [ERROR] LogOutputStream:75 - [STDERR_REDIRECT] Sep 13, 2026 4:13:35 PM java.util.prefs.FileSystemPreferences syncWorld
2026-09-13 16:13:35,880 [ERROR] LogOutputStream:75 - [STDERR_REDIRECT] WARNING: Couldn't flush system prefs: java.util.prefs.BackingStoreException: Couldn't get file lock.
2026-09-13 16:13:35,880 [ERROR] LogOutputStream:75 - [STDERR_REDIRECT] 
2026-09-13 16:14:05,880 [ERROR] LogOutputStream:75 - [STDERR_REDIRECT] Sep 13, 2026 4:14:05 PM java.util.prefs.FileSystemPreferences checkLockFile0ErrorCode
2026-09-13 16:14:05,880 [ERROR] LogOutputStream:75 - [STDERR_REDIRECT] WARNING: Could not lock System prefs. Unix error code 31664.
2026-09-13 16:14:05,880 [ERROR] LogOutputStream:75 - [STDERR_REDIRECT] 
2026-09-13 16:14:05,881 [ERROR] LogOutputStream:75 - [STDERR_REDIRECT] Sep 13, 2026 4:14:05 PM java.util.prefs.FileSystemPreferences syncWorld
2026-09-13 16:14:05,881 [ERROR] LogOutputStream:75 - [STDERR_REDIRECT] WARNING: Couldn't flush system prefs: java.util.prefs.BackingStoreException: Couldn't get file lock.
2026-09-13 16:14:05,881 [ERROR] LogOutputStream:75 - [STDERR_REDIRECT] 
2026-09-13 16:14:35,880 [ERROR] LogOutputStream:75 - [STDERR_REDIRECT] Sep 13, 2026 4:14:35 PM java.util.prefs.FileSystemPreferences checkLockFile0ErrorCode
2026-09-13 16:14:35,880 [ERROR] LogOutputStream:75 - [STDERR_REDIRECT] WARNING: Could not lock System prefs. Unix error code 31664.
2026-09-13 16:14:35,880 [ERROR] LogOutputStream:75 - [STDERR_REDIRECT] 
2026-09-13 16:14:35,881 [ERROR] LogOutputStream:75 - [STDERR_REDIRECT] Sep 13, 2026 4:14:35 PM java.util.prefs.FileSystemPreferences syncWorld
2026-09-13 16:14:35,881 [ERROR] LogOutputStream:75 - [STDERR_REDIRECT] WARNING: Couldn't flush system prefs: java.util.prefs.BackingStoreException: Couldn't get file lock.
2026-09-13 16:14:35,881 [ERROR] LogOutputStream:75 - [STDERR_REDIRECT] 
2026-09-13 16:15:05,880 [ERROR] LogOutputStream:75 - [STDERR_REDIRECT] Sep 13, 2026 4:15:05 PM java.util.prefs.FileSystemPreferences checkLockFile0ErrorCode
2026-09-13 16:15:05,880 [ERROR] LogOutputStream:75 - [STDERR_REDIRECT] WARNING: Could not lock System prefs. Unix error code 31664.
2026-09-13 16:15:05,880 [ERROR] LogOutputStream:75 - [STDERR_REDIRECT] 
2026-09-13 16:15:05,880 [ERROR] LogOutputStream:75 - [STDERR_REDIRECT] Sep 13, 2026 4:15:05 PM java.util.prefs.FileSystemPreferences syncWorld
2026-09-13 16:15:05,880 [ERROR] LogOutputStream:75 - [STDERR_REDIRECT] WARNING: Couldn't flush system prefs: java.util.prefs.BackingStoreException: Couldn't get file lock.
2026-09-13 16:15:05,880 [ERROR] LogOutputStream:75 - [STDERR_REDIRECT] 
2026-09-13 16:15:35,881 [ERROR] LogOutputStream:75 - [STDERR_REDIRECT] Sep 13, 2026 4:15:35 PM java.util.prefs.FileSystemPreferences checkLockFile0ErrorCode
2026-09-13 16:15:35,881 [ERROR] LogOutputStream:75 - [STDERR_REDIRECT] WARNING: Could not lock System prefs. Unix error code 31664.
2026-09-13 16:15:35,881 [ERROR] LogOutputStream:75 - [STDERR_REDIRECT] 
2026-09-13 16:15:35,882 [ERROR] LogOutputStream:75 - [STDERR_REDIRECT] Sep 13, 2026 4:15:35 PM java.util.prefs.FileSystemPreferences syncWorld
2026-09-13 16:15:35,882 [ERROR] LogOutputStream:75 - [STDERR_REDIRECT] WARNING: Couldn't flush system prefs: java.util.prefs.BackingStoreException: Couldn't get file lock.
2026-09-13 16:15:35,882 [ERROR] LogOutputStream:75 - [STDERR_REDIRECT] 
2026-09-13 16:16:05,881 [ERROR] LogOutputStream:75 - [STDERR_REDIRECT] Sep 13, 2026 4:16:05 PM java.util.prefs.FileSystemPreferences checkLockFile0ErrorCode
2026-09-13 16:16:05,881 [ERROR] LogOutputStream:75 - [STDERR_REDIRECT] WARNING: Could not lock System prefs. Unix error code 31664.
2026-09-13 16:16:05,881 [ERROR] LogOutputStream:75 - [STDERR_REDIRECT] 
2026-09-13 16:16:05,882 [ERROR] LogOutputStream:75 - [STDERR_REDIRECT] Sep 13, 2026 4:16:05 PM java.util.prefs.FileSystemPreferences syncWorld
2026-09-13 16:16:05,882 [ERROR] LogOutputStream:75 - [STDERR_REDIRECT] WARNING: Couldn't flush system prefs: java.util.prefs.BackingStoreException: Couldn't get file lock.
2026-09-13 16:16:05,882 [ERROR] LogOutputStream:75 - [STDERR_REDIRECT] 
2026-09-13 16:16:35,881 [ERROR] LogOutputStream:75 - [STDERR_REDIRECT] Sep 13, 2026 4:16:35 PM java.util.prefs.FileSystemPreferences checkLockFile0ErrorCode
2026-09-13 16:16:35,881 [ERROR] LogOutputStream:75 - [STDERR_REDIRECT] WARNING: Could not lock System prefs. Unix error code 31664.
2026-09-13 16:16:35,881 [ERROR] LogOutputStream:75 - [STDERR_REDIRECT] 
2026-09-13 16:16:35,882 [ERROR] LogOutputStream:75 - [STDERR_REDIRECT] Sep 13, 2026 4:16:35 PM java.util.prefs.FileSystemPreferences syncWorld
2026-09-13 16:16:35,882 [ERROR] LogOutputStream:75 - [STDERR_REDIRECT] WARNING: Couldn't flush system prefs: java.util.prefs.BackingStoreException: Couldn't get file lock.
2026-09-13 16:16:35,882 [ERROR] LogOutputStream:75 - [STDERR_REDIRECT] 
2026-09-13 16:17:05,881 [ERROR] LogOutputStream:75 - [STDERR_REDIRECT] Sep 13, 2026 4:17:05 PM java.util.prefs.FileSystemPreferences checkLockFile0ErrorCode
2026-09-13 16:17:05,881 [ERROR] LogOutputStream:75 - [STDERR_REDIRECT] WARNING: Could not lock System prefs. Unix error code 31664.
2026-09-13 16:17:05,881 [ERROR] LogOutputStream:75 - [STDERR_REDIRECT] 
2026-09-13 16:17:05,881 [ERROR] LogOutputStream:75 - [STDERR_REDIRECT] Sep 13, 2026 4:17:05 PM java.util.prefs.FileSystemPreferences syncWorld
2026-09-13 16:17:05,882 [ERROR] LogOutputStream:75 - [STDERR_REDIRECT] WARNING: Couldn't flush system prefs: java.util.prefs.BackingStoreException: Couldn't get file lock.
2026-09-13 16:17:05,882 [ERROR] LogOutputStream:75 - [STDERR_REDIRECT] 
2026-09-13 16:17:35,881 [ERROR] LogOutputStream:75 - [STDERR_REDIRECT] Sep 13, 2026 4:17:35 PM java.util.prefs.FileSystemPreferences checkLockFile0ErrorCode
2026-09-13 16:17:35,881 [ERROR] LogOutputStream:75 - [STDERR_REDIRECT] WARNING: Could not lock System prefs. Unix error code 31664.
2026-09-13 16:17:35,881 [ERROR] LogOutputStream:75 - [STDERR_REDIRECT] 
2026-09-13 16:17:35,881 [ERROR] LogOutputStream:75 - [STDERR_REDIRECT] Sep 13, 2026 4:17:35 PM java.util.prefs.FileSystemPreferences syncWorld
2026-09-13 16:17:35,881 [ERROR] LogOutputStream:75 - [STDERR_REDIRECT] WARNING: Couldn't flush system prefs: java.util.prefs.BackingStoreException: Couldn't get file lock.
2026-09-13 16:17:35,881 [ERROR] LogOutputStream:75 - [STDERR_REDIRECT] 
2026-09-13 16:18:05,882 [ERROR] LogOutputStream:75 - [STDERR_REDIRECT] Sep 13, 2026 4:18:05 PM java.util.prefs.FileSystemPreferences checkLockFile0ErrorCode
2026-09-13 16:18:05,882 [ERROR] LogOutputStream:75 - [STDERR_REDIRECT] WARNING: Could not lock System prefs. Unix error code 31664.
2026-09-13 16:18:05,882 [ERROR] LogOutputStream:75 - [STDERR_REDIRECT] 
2026-09-13 16:18:05,882 [ERROR] LogOutputStream:75 - [STDERR_REDIRECT] Sep 13, 2026 4:18:05 PM java.util.prefs.FileSystemPreferences syncWorld
2026-09-13 16:18:05,884 [ERROR] LogOutputStream:75 - [STDERR_REDIRECT] WARNING: Couldn't flush system prefs: java.util.prefs.BackingStoreException: Couldn't get file lock.
2026-09-13 16:18:05,884 [ERROR] LogOutputStream:75 - [STDERR_REDIRECT] 
2026-09-13 16:18:35,882 [ERROR] LogOutputStream:75 - [STDERR_REDIRECT] Sep 13, 2026 4:18:35 PM java.util.prefs.FileSystemPreferences checkLockFile0ErrorCode
2026-09-13 16:18:35,882 [ERROR] LogOutputStream:75 - [STDERR_REDIRECT] WARNING: Could not lock System prefs. Unix error code 31664.
2026-09-13 16:18:35,883 [ERROR] LogOutputStream:75 - [STDERR_REDIRECT] 
2026-09-13 16:18:35,883 [ERROR] LogOutputStream:75 - [STDERR_REDIRECT] Sep 13, 2026 4:18:35 PM java.util.prefs.FileSystemPreferences syncWorld
2026-09-13 16:18:35,883 [ERROR] LogOutputStream:75 - [STDERR_REDIRECT] WARNING: Couldn't flush system prefs: java.util.prefs.BackingStoreException: Couldn't get file lock.
2026-09-13 16:18:35,883 [ERROR] LogOutputStream:75 - [STDERR_REDIRECT] 
2026-09-13 16:19:05,883 [ERROR] LogOutputStream:75 - [STDERR_REDIRECT] Sep 13, 2026 4:19:05 PM java.util.prefs.FileSystemPreferences checkLockFile0ErrorCode
2026-09-13 16:19:05,883 [ERROR] LogOutputStream:75 - [STDERR_REDIRECT] WARNING: Could not lock System prefs. Unix error code 31664.
2026-09-13 16:19:05,883 [ERROR] LogOutputStream:75 - [STDERR_REDIRECT] 
2026-09-13 16:19:05,884 [ERROR] LogOutputStream:75 - [STDERR_REDIRECT] Sep 13, 2026 4:19:05 PM java.util.prefs.FileSystemPreferences syncWorld
2026-09-13 16:19:05,884 [ERROR] LogOutputStream:75 - [STDERR_REDIRECT] WARNING: Couldn't flush system prefs: java.util.prefs.BackingStoreException: Couldn't get file lock.
2026-09-13 16:19:05,884 [ERROR] LogOutputStream:75 - [STDERR_REDIRECT] 
2026-09-13 16:19:35,883 [ERROR] LogOutputStream:75 - [STDERR_REDIRECT] Sep 13, 2026 4:19:35 PM java.util.prefs.FileSystemPreferences checkLockFile0ErrorCode
2026-09-13 16:19:35,883 [ERROR] LogOutputStream:75 - [STDERR_REDIRECT] WARNING: Could not lock System prefs. Unix error code 31664.
2026-09-13 16:19:35,883 [ERROR] LogOutputStream:75 - [STDERR_REDIRECT] 
2026-09-13 16:19:35,883 [ERROR] LogOutputStream:75 - [STDERR_REDIRECT] Sep 13, 2026 4:19:35 PM java.util.prefs.FileSystemPreferences syncWorld
2026-09-13 16:19:35,883 [ERROR] LogOutputStream:75 - [STDERR_REDIRECT] WARNING: Couldn't flush system prefs: java.util.prefs.BackingStoreException: Couldn't get file lock.
2026-09-13 16:19:35,883 [ERROR] LogOutputStream:75 - [STDERR_REDIRECT] 
2026-09-13 16:20:05,883 [ERROR] LogOutputStream:75 - [STDERR_REDIRECT] Sep 13, 2026 4:20:05 PM java.util.prefs.FileSystemPreferences checkLockFile0ErrorCode
2026-09-13 16:20:05,884 [ERROR] LogOutputStream:75 - [STDERR_REDIRECT] WARNING: Could not lock System prefs. Unix error code 31664.
2026-09-13 16:20:05,884 [ERROR] LogOutputStream:75 - [STDERR_REDIRECT] 
2026-09-13 16:20:05,884 [ERROR] LogOutputStream:75 - [STDERR_REDIRECT] Sep 13, 2026 4:20:05 PM java.util.prefs.FileSystemPreferences syncWorld
2026-09-13 16:20:05,884 [ERROR] LogOutputStream:75 - [STDERR_REDIRECT] WARNING: Couldn't flush system prefs: java.util.prefs.BackingStoreException: Couldn't get file lock.
2026-09-13 16:20:05,884 [ERROR] LogOutputStream:75 - [STDERR_REDIRECT] 
2026-09-13 16:20:35,885 [ERROR] LogOutputStream:75 - [STDERR_REDIRECT] Sep 13, 2026 4:20:35 PM java.util.prefs.FileSystemPreferences checkLockFile0ErrorCode
2026-09-13 16:20:35,885 [ERROR] LogOutputStream:75 - [STDERR_REDIRECT] WARNING: Could not lock System prefs. Unix error code 31664.
2026-09-13 16:20:35,885 [ERROR] LogOutputStream:75 - [STDERR_REDIRECT] 
2026-09-13 16:20:35,885 [ERROR] LogOutputStream:75 - [STDERR_REDIRECT] Sep 13, 2026 4:20:35 PM java.util.prefs.FileSystemPreferences syncWorld
2026-09-13 16:20:35,885 [ERROR] LogOutputStream:75 - [STDERR_REDIRECT] WARNING: Couldn't flush system prefs: java.util.prefs.BackingStoreException: Couldn't get file lock.
2026-09-13 16:20:35,886 [ERROR] LogOutputStream:75 - [STDERR_REDIRECT] 
2026-09-13 16:21:05,884 [ERROR] LogOutputStream:75 - [STDERR_REDIRECT] Sep 13, 2026 4:21:05 PM java.util.prefs.FileSystemPreferences checkLockFile0ErrorCode
2026-09-13 16:21:05,884 [ERROR] LogOutputStream:75 - [STDERR_REDIRECT] WARNING: Could not lock System prefs. Unix error code 31664.
2026-09-13 16:21:05,884 [ERROR] LogOutputStream:75 - [STDERR_REDIRECT] 
2026-09-13 16:21:05,884 [ERROR] LogOutputStream:75 - [STDERR_REDIRECT] Sep 13, 2026 4:21:05 PM java.util.prefs.FileSystemPreferences syncWorld
2026-09-13 16:21:05,885 [ERROR] LogOutputStream:75 - [STDERR_REDIRECT] WARNING: Couldn't flush system prefs: java.util.prefs.BackingStoreException: Couldn't get file lock.
2026-09-13 16:21:05,885 [ERROR] LogOutputStream:75 - [STDERR_REDIRECT] 
2026-09-13 16:21:35,885 [ERROR] LogOutputStream:75 - [STDERR_REDIRECT] Sep 13, 2026 4:21:35 PM java.util.prefs.FileSystemPreferences checkLockFile0ErrorCode
2026-09-13 16:21:35,886 [ERROR] LogOutputStream:75 - [STDERR_REDIRECT] WARNING: Could not lock System prefs. Unix error code 31664.
2026-09-13 16:21:35,886 [ERROR] LogOutputStream:75 - [STDERR_REDIRECT] 
2026-09-13 16:21:35,886 [ERROR] LogOutputStream:75 - [STDERR_REDIRECT] Sep 13, 2026 4:21:35 PM java.util.prefs.FileSystemPreferences syncWorld
2026-09-13 16:21:35,886 [ERROR] LogOutputStream:75 - [STDERR_REDIRECT] WARNING: Couldn't flush system prefs: java.util.prefs.BackingStoreException: Couldn't get file lock.
2026-09-13 16:21:35,886 [ERROR] LogOutputStream:75 - [STDERR_REDIRECT] 
2026-09-13 16:22:05,887 [ERROR] LogOutputStream:75 - [STDERR_REDIRECT] Sep 13, 2026 4:22:05 PM java.util.prefs.FileSystemPreferences checkLockFile0ErrorCode
2026-09-13 16:22:05,887 [ERROR] LogOutputStream:75 - [STDERR_REDIRECT] WARNING: Could not lock System prefs. Unix error code 31664.
2026-09-13 16:22:05,887 [ERROR] LogOutputStream:75 - [STDERR_REDIRECT] 
2026-09-13 16:22:05,887 [ERROR] LogOutputStream:75 - [STDERR_REDIRECT] Sep 13, 2026 4:22:05 PM java.util.prefs.FileSystemPreferences syncWorld
2026-09-13 16:22:05,888 [ERROR] LogOutputStream:75 - [STDERR_REDIRECT] WARNING: Couldn't flush system prefs: java.util.prefs.BackingStoreException: Couldn't get file lock.
2026-09-13 16:22:05,888 [ERROR] LogOutputStream:75 - [STDERR_REDIRECT] 
2026-09-13 16:22:35,887 [ERROR] LogOutputStream:75 - [STDERR_REDIRECT] Sep 13, 2026 4:22:35 PM java.util.prefs.FileSystemPreferences checkLockFile0ErrorCode
2026-09-13 16:22:35,891 [ERROR] LogOutputStream:75 - [STDERR_REDIRECT] WARNING: Could not lock System prefs. Unix error code 31664.
2026-09-13 16:22:35,891 [ERROR] LogOutputStream:75 - [STDERR_REDIRECT] 
2026-09-13 16:22:35,891 [ERROR] LogOutputStream:75 - [STDERR_REDIRECT] Sep 13, 2026 4:22:35 PM java.util.prefs.FileSystemPreferences syncWorld
2026-09-13 16:22:35,891 [ERROR] LogOutputStream:75 - [STDERR_REDIRECT] WARNING: Couldn't flush system prefs: java.util.prefs.BackingStoreException: Couldn't get file lock.
2026-09-13 16:22:35,891 [ERROR] LogOutputStream:75 - [STDERR_REDIRECT] 
2026-09-13 16:23:05,888 [ERROR] LogOutputStream:75 - [STDERR_REDIRECT] Sep 13, 2026 4:23:05 PM java.util.prefs.FileSystemPreferences checkLockFile0ErrorCode
2026-09-13 16:23:05,889 [ERROR] LogOutputStream:75 - [STDERR_REDIRECT] WARNING: Could not lock System prefs. Unix error code 31664.
2026-09-13 16:23:05,889 [ERROR] LogOutputStream:75 - [STDERR_REDIRECT] 
2026-09-13 16:23:05,889 [ERROR] LogOutputStream:75 - [STDERR_REDIRECT] Sep 13, 2026 4:23:05 PM java.util.prefs.FileSystemPreferences syncWorld
2026-09-13 16:23:05,889 [ERROR] LogOutputStream:75 - [STDERR_REDIRECT] WARNING: Couldn't flush system prefs: java.util.prefs.BackingStoreException: Couldn't get file lock.
2026-09-13 16:23:05,891 [ERROR] LogOutputStream:75 - [STDERR_REDIRECT] 
2026-09-13 16:23:35,886 [ERROR] LogOutputStream:75 - [STDERR_REDIRECT] Sep 13, 2026 4:23:35 PM java.util.prefs.FileSystemPreferences checkLockFile0ErrorCode
2026-09-13 16:23:35,886 [ERROR] LogOutputStream:75 - [STDERR_REDIRECT] WARNING: Could not lock System prefs. Unix error code 31664.
2026-09-13 16:23:35,886 [ERROR] LogOutputStream:75 - [STDERR_REDIRECT] 
2026-09-13 16:23:35,887 [ERROR] LogOutputStream:75 - [STDERR_REDIRECT] Sep 13, 2026 4:23:35 PM java.util.prefs.FileSystemPreferences syncWorld
2026-09-13 16:23:35,887 [ERROR] LogOutputStream:75 - [STDERR_REDIRECT] WARNING: Couldn't flush system prefs: java.util.prefs.BackingStoreException: Couldn't get file lock.
2026-09-13 16:23:35,887 [ERROR] LogOutputStream:75 - [STDERR_REDIRECT] 
2026-09-13 16:24:05,886 [ERROR] LogOutputStream:75 - [STDERR_REDIRECT] Sep 13, 2026 4:24:05 PM java.util.prefs.FileSystemPreferences checkLockFile0ErrorCode
2026-09-13 16:24:05,886 [ERROR] LogOutputStream:75 - [STDERR_REDIRECT] WARNING: Could not lock System prefs. Unix error code 31664.
2026-09-13 16:24:05,886 [ERROR] LogOutputStream:75 - [STDERR_REDIRECT] 
2026-09-13 16:24:05,887 [ERROR] LogOutputStream:75 - [STDERR_REDIRECT] Sep 13, 2026 4:24:05 PM java.util.prefs.FileSystemPreferences syncWorld
2026-09-13 16:24:05,887 [ERROR] LogOutputStream:75 - [STDERR_REDIRECT] WARNING: Couldn't flush system prefs: java.util.prefs.BackingStoreException: Couldn't get file lock.
2026-09-13 16:24:05,887 [ERROR] LogOutputStream:75 - [STDERR_REDIRECT] 
2026-09-13 16:24:35,886 [ERROR] LogOutputStream:75 - [STDERR_REDIRECT] Sep 13, 2026 4:24:35 PM java.util.prefs.FileSystemPreferences checkLockFile0ErrorCode
2026-09-13 16:24:35,886 [ERROR] LogOutputStream:75 - [STDERR_REDIRECT] WARNING: Could not lock System prefs. Unix error code 31664.
2026-09-13 16:24:35,886 [ERROR] LogOutputStream:75 - [STDERR_REDIRECT] 
2026-09-13 16:24:35,886 [ERROR] LogOutputStream:75 - [STDERR_REDIRECT] Sep 13, 2026 4:24:35 PM java.util.prefs.FileSystemPreferences syncWorld
2026-09-13 16:24:35,886 [ERROR] LogOutputStream:75 - [STDERR_REDIRECT] WARNING: Couldn't flush system prefs: java.util.prefs.BackingStoreException: Couldn't get file lock.
2026-09-13 16:24:35,886 [ERROR] LogOutputStream:75 - [STDERR_REDIRECT] 
2026-09-13 16:25:05,886 [ERROR] LogOutputStream:75 - [STDERR_REDIRECT] Sep 13, 2026 4:25:05 PM java.util.prefs.FileSystemPreferences checkLockFile0ErrorCode
2026-09-13 16:25:05,886 [ERROR] LogOutputStream:75 - [STDERR_REDIRECT] WARNING: Could not lock System prefs. Unix error code 31664.
2026-09-13 16:25:05,886 [ERROR] LogOutputStream:75 - [STDERR_REDIRECT] 
2026-09-13 16:25:05,887 [ERROR] LogOutputStream:75 - [STDERR_REDIRECT] Sep 13, 2026 4:25:05 PM java.util.prefs.FileSystemPreferences syncWorld
2026-09-13 16:25:05,887 [ERROR] LogOutputStream:75 - [STDERR_REDIRECT] WARNING: Couldn't flush system prefs: java.util.prefs.BackingStoreException: Couldn't get file lock.
2026-09-13 16:25:05,887 [ERROR] LogOutputStream:75 - [STDERR_REDIRECT] 
2026-09-13 16:25:35,887 [ERROR] LogOutputStream:75 - [STDERR_REDIRECT] Sep 13, 2026 4:25:35 PM java.util.prefs.FileSystemPreferences checkLockFile0ErrorCode
2026-09-13 16:25:35,887 [ERROR] LogOutputStream:75 - [STDERR_REDIRECT] WARNING: Could not lock System prefs. Unix error code 31664.
2026-09-13 16:25:35,887 [ERROR] LogOutputStream:75 - [STDERR_REDIRECT] 
2026-09-13 16:25:35,888 [ERROR] LogOutputStream:75 - [STDERR_REDIRECT] Sep 13, 2026 4:25:35 PM java.util.prefs.FileSystemPreferences syncWorld
2026-09-13 16:25:35,888 [ERROR] LogOutputStream:75 - [STDERR_REDIRECT] WARNING: Couldn't flush system prefs: java.util.prefs.BackingStoreException: Couldn't get file lock.
2026-09-13 16:25:35,888 [ERROR] LogOutputStream:75 - [STDERR_REDIRECT] 
2026-09-13 16:26:05,887 [ERROR] LogOutputStream:75 - [STDERR_REDIRECT] Sep 13, 2026 4:26:05 PM java.util.prefs.FileSystemPreferences checkLockFile0ErrorCode
2026-09-13 16:26:05,887 [ERROR] LogOutputStream:75 - [STDERR_REDIRECT] WARNING: Could not lock System prefs. Unix error code 31664.
2026-09-13 16:26:05,887 [ERROR] LogOutputStream:75 - [STDERR_REDIRECT] 
2026-09-13 16:26:05,887 [ERROR] LogOutputStream:75 - [STDERR_REDIRECT] Sep 13, 2026 4:26:05 PM java.util.prefs.FileSystemPreferences syncWorld
2026-09-13 16:26:05,888 [ERROR] LogOutputStream:75 - [STDERR_REDIRECT] WARNING: Couldn't flush system prefs: java.util.prefs.BackingStoreException: Couldn't get file lock.
2026-09-13 16:26:05,888 [ERROR] LogOutputStream:75 - [STDERR_REDIRECT] 
2026-09-13 16:26:35,887 [ERROR] LogOutputStream:75 - [STDERR_REDIRECT] Sep 13, 2026 4:26:35 PM java.util.prefs.FileSystemPreferences checkLockFile0ErrorCode
2026-09-13 16:26:35,887 [ERROR] LogOutputStream:75 - [STDERR_REDIRECT] WARNING: Could not lock System prefs. Unix error code 31664.
2026-09-13 16:26:35,887 [ERROR] LogOutputStream:75 - [STDERR_REDIRECT] 
2026-09-13 16:26:35,887 [ERROR] LogOutputStream:75 - [STDERR_REDIRECT] Sep 13, 2026 4:26:35 PM java.util.prefs.FileSystemPreferences syncWorld
2026-09-13 16:26:35,887 [ERROR] LogOutputStream:75 - [STDERR_REDIRECT] WARNING: Couldn't flush system prefs: java.util.prefs.BackingStoreException: Couldn't get file lock.
2026-09-13 16:26:35,888 [ERROR] LogOutputStream:75 - [STDERR_REDIRECT] 
2026-09-13 16:27:05,887 [ERROR] LogOutputStream:75 - [STDERR_REDIRECT] Sep 13, 2026 4:27:05 PM java.util.prefs.FileSystemPreferences checkLockFile0ErrorCode
2026-09-13 16:27:05,887 [ERROR] LogOutputStream:75 - [STDERR_REDIRECT] WARNING: Could not lock System prefs. Unix error code 31664.
2026-09-13 16:27:05,887 [ERROR] LogOutputStream:75 - [STDERR_REDIRECT] 
2026-09-13 16:27:05,888 [ERROR] LogOutputStream:75 - [STDERR_REDIRECT] Sep 13, 2026 4:27:05 PM java.util.prefs.FileSystemPreferences syncWorld
2026-09-13 16:27:05,888 [ERROR] LogOutputStream:75 - [STDERR_REDIRECT] WARNING: Couldn't flush system prefs: java.util.prefs.BackingStoreException: Couldn't get file lock.
2026-09-13 16:27:05,888 [ERROR] LogOutputStream:75 - [STDERR_REDIRECT] 
2026-09-13 16:27:35,887 [ERROR] LogOutputStream:75 - [STDERR_REDIRECT] Sep 13, 2026 4:27:35 PM java.util.prefs.FileSystemPreferences checkLockFile0ErrorCode
2026-09-13 16:27:35,887 [ERROR] LogOutputStream:75 - [STDERR_REDIRECT] WARNING: Could not lock System prefs. Unix error code 31664.
2026-09-13 16:27:35,887 [ERROR] LogOutputStream:75 - [STDERR_REDIRECT] 
2026-09-13 16:27:35,887 [ERROR] LogOutputStream:75 - [STDERR_REDIRECT] Sep 13, 2026 4:27:35 PM java.util.prefs.FileSystemPreferences syncWorld
2026-09-13 16:27:35,887 [ERROR] LogOutputStream:75 - [STDERR_REDIRECT] WARNING: Couldn't flush system prefs: java.util.prefs.BackingStoreException: Couldn't get file lock.
2026-09-13 16:27:35,887 [ERROR] LogOutputStream:75 - [STDERR_REDIRECT] 
2026-09-13 16:28:05,887 [ERROR] LogOutputStream:75 - [STDERR_REDIRECT] Sep 13, 2026 4:28:05 PM java.util.prefs.FileSystemPreferences checkLockFile0ErrorCode
2026-09-13 16:28:05,888 [ERROR] LogOutputStream:75 - [STDERR_REDIRECT] WARNING: Could not lock System prefs. Unix error code 31664.
2026-09-13 16:28:05,888 [ERROR] LogOutputStream:75 - [STDERR_REDIRECT] 
2026-09-13 16:28:05,888 [ERROR] LogOutputStream:75 - [STDERR_REDIRECT] Sep 13, 2026 4:28:05 PM java.util.prefs.FileSystemPreferences syncWorld
2026-09-13 16:28:05,888 [ERROR] LogOutputStream:75 - [STDERR_REDIRECT] WARNING: Couldn't flush system prefs: java.util.prefs.BackingStoreException: Couldn't get file lock.
2026-09-13 16:28:05,888 [ERROR] LogOutputStream:75 - [STDERR_REDIRECT] 
2026-09-13 16:28:35,888 [ERROR] LogOutputStream:75 - [STDERR_REDIRECT] Sep 13, 2026 4:28:35 PM java.util.prefs.FileSystemPreferences checkLockFile0ErrorCode
2026-09-13 16:28:35,888 [ERROR] LogOutputStream:75 - [STDERR_REDIRECT] WARNING: Could not lock System prefs. Unix error code 31664.
2026-09-13 16:28:35,889 [ERROR] LogOutputStream:75 - [STDERR_REDIRECT] 
2026-09-13 16:28:35,889 [ERROR] LogOutputStream:75 - [STDERR_REDIRECT] Sep 13, 2026 4:28:35 PM java.util.prefs.FileSystemPreferences syncWorld
2026-09-13 16:28:35,889 [ERROR] LogOutputStream:75 - [STDERR_REDIRECT] WARNING: Couldn't flush system prefs: java.util.prefs.BackingStoreException: Couldn't get file lock.
2026-09-13 16:28:35,889 [ERROR] LogOutputStream:75 - [STDERR_REDIRECT] 
2026-09-13 16:29:05,888 [ERROR] LogOutputStream:75 - [STDERR_REDIRECT] Sep 13, 2026 4:29:05 PM java.util.prefs.FileSystemPreferences checkLockFile0ErrorCode
2026-09-13 16:29:05,888 [ERROR] LogOutputStream:75 - [STDERR_REDIRECT] WARNING: Could not lock System prefs. Unix error code 31664.
2026-09-13 16:29:05,888 [ERROR] LogOutputStream:75 - [STDERR_REDIRECT] 
2026-09-13 16:29:05,888 [ERROR] LogOutputStream:75 - [STDERR_REDIRECT] Sep 13, 2026 4:29:05 PM java.util.prefs.FileSystemPreferences syncWorld
2026-09-13 16:29:05,888 [ERROR] LogOutputStream:75 - [STDERR_REDIRECT] WARNING: Couldn't flush system prefs: java.util.prefs.BackingStoreException: Couldn't get file lock.
2026-09-13 16:29:05,889 [ERROR] LogOutputStream:75 - [STDERR_REDIRECT] 
2026-09-13 16:29:35,887 [ERROR] LogOutputStream:75 - [STDERR_REDIRECT] Sep 13, 2026 4:29:35 PM java.util.prefs.FileSystemPreferences checkLockFile0ErrorCode
2026-09-13 16:29:35,888 [ERROR] LogOutputStream:75 - [STDERR_REDIRECT] WARNING: Could not lock System prefs. Unix error code 31664.
2026-09-13 16:29:35,888 [ERROR] LogOutputStream:75 - [STDERR_REDIRECT] 
2026-09-13 16:29:35,888 [ERROR] LogOutputStream:75 - [STDERR_REDIRECT] Sep 13, 2026 4:29:35 PM java.util.prefs.FileSystemPreferences syncWorld
2026-09-13 16:29:35,888 [ERROR] LogOutputStream:75 - [STDERR_REDIRECT] WARNING: Couldn't flush system prefs: java.util.prefs.BackingStoreException: Couldn't get file lock.
2026-09-13 16:29:35,888 [ERROR] LogOutputStream:75 - [STDERR_REDIRECT] 
2026-09-13 16:30:05,888 [ERROR] LogOutputStream:75 - [STDERR_REDIRECT] Sep 13, 2026 4:30:05 PM java.util.prefs.FileSystemPreferences checkLockFile0ErrorCode
2026-09-13 16:30:05,888 [ERROR] LogOutputStream:75 - [STDERR_REDIRECT] WARNING: Could not lock System prefs. Unix error code 31664.
2026-09-13 16:30:05,889 [ERROR] LogOutputStream:75 - [STDERR_REDIRECT] 
2026-09-13 16:30:05,889 [ERROR] LogOutputStream:75 - [STDERR_REDIRECT] Sep 13, 2026 4:30:05 PM java.util.prefs.FileSystemPreferences syncWorld
2026-09-13 16:30:05,889 [ERROR] LogOutputStream:75 - [STDERR_REDIRECT] WARNING: Couldn't flush system prefs: java.util.prefs.BackingStoreException: Couldn't get file lock.
2026-09-13 16:30:05,889 [ERROR] LogOutputStream:75 - [STDERR_REDIRECT] 
2026-09-13 16:30:35,889 [ERROR] LogOutputStream:75 - [STDERR_REDIRECT] Sep 13, 2026 4:30:35 PM java.util.prefs.FileSystemPreferences checkLockFile0ErrorCode
2026-09-13 16:30:35,890 [ERROR] LogOutputStream:75 - [STDERR_REDIRECT] WARNING: Could not lock System prefs. Unix error code 31664.
2026-09-13 16:30:35,890 [ERROR] LogOutputStream:75 - [STDERR_REDIRECT] 
2026-09-13 16:30:35,890 [ERROR] LogOutputStream:75 - [STDERR_REDIRECT] Sep 13, 2026 4:30:35 PM java.util.prefs.FileSystemPreferences syncWorld
2026-09-13 16:30:35,890 [ERROR] LogOutputStream:75 - [STDERR_REDIRECT] WARNING: Couldn't flush system prefs: java.util.prefs.BackingStoreException: Couldn't get file lock.
2026-09-13 16:30:35,890 [ERROR] LogOutputStream:75 - [STDERR_REDIRECT] 
2026-09-13 16:31:05,893 [ERROR] LogOutputStream:75 - [STDERR_REDIRECT] Sep 13, 2026 4:31:05 PM java.util.prefs.FileSystemPreferences checkLockFile0ErrorCode
2026-09-13 16:31:05,894 [ERROR] LogOutputStream:75 - [STDERR_REDIRECT] WARNING: Could not lock System prefs. Unix error code 31664.
2026-09-13 16:31:05,895 [ERROR] LogOutputStream:75 - [STDERR_REDIRECT] 
2026-09-13 16:31:05,896 [ERROR] LogOutputStream:75 - [STDERR_REDIRECT] Sep 13, 2026 4:31:05 PM java.util.prefs.FileSystemPreferences syncWorld
2026-09-13 16:31:05,896 [ERROR] LogOutputStream:75 - [STDERR_REDIRECT] WARNING: Couldn't flush system prefs: java.util.prefs.BackingStoreException: Couldn't get file lock.
2026-09-13 16:31:05,896 [ERROR] LogOutputStream:75 - [STDERR_REDIRECT] 
2026-09-13 16:31:35,889 [ERROR] LogOutputStream:75 - [STDERR_REDIRECT] Sep 13, 2026 4:31:35 PM java.util.prefs.FileSystemPreferences checkLockFile0ErrorCode
2026-09-13 16:31:35,890 [ERROR] LogOutputStream:75 - [STDERR_REDIRECT] WARNING: Could not lock System prefs. Unix error code 31664.
2026-09-13 16:31:35,890 [ERROR] LogOutputStream:75 - [STDERR_REDIRECT] 
2026-09-13 16:31:35,890 [ERROR] LogOutputStream:75 - [STDERR_REDIRECT] Sep 13, 2026 4:31:35 PM java.util.prefs.FileSystemPreferences syncWorld
2026-09-13 16:31:35,890 [ERROR] LogOutputStream:75 - [STDERR_REDIRECT] WARNING: Couldn't flush system prefs: java.util.prefs.BackingStoreException: Couldn't get file lock.
2026-09-13 16:31:35,890 [ERROR] LogOutputStream:75 - [STDERR_REDIRECT] 
2026-09-13 16:32:05,889 [ERROR] LogOutputStream:75 - [STDERR_REDIRECT] Sep 13, 2026 4:32:05 PM java.util.prefs.FileSystemPreferences checkLockFile0ErrorCode
2026-09-13 16:32:05,889 [ERROR] LogOutputStream:75 - [STDERR_REDIRECT] WARNING: Could not lock System prefs. Unix error code 31664.
2026-09-13 16:32:05,889 [ERROR] LogOutputStream:75 - [STDERR_REDIRECT] 
2026-09-13 16:32:05,890 [ERROR] LogOutputStream:75 - [STDERR_REDIRECT] Sep 13, 2026 4:32:05 PM java.util.prefs.FileSystemPreferences syncWorld
2026-09-13 16:32:05,890 [ERROR] LogOutputStream:75 - [STDERR_REDIRECT] WARNING: Couldn't flush system prefs: java.util.prefs.BackingStoreException: Couldn't get file lock.
2026-09-13 16:32:05,890 [ERROR] LogOutputStream:75 - [STDERR_REDIRECT] 
2026-09-13 16:32:35,890 [ERROR] LogOutputStream:75 - [STDERR_REDIRECT] Sep 13, 2026 4:32:35 PM java.util.prefs.FileSystemPreferences checkLockFile0ErrorCode
2026-09-13 16:32:35,890 [ERROR] LogOutputStream:75 - [STDERR_REDIRECT] WARNING: Could not lock System prefs. Unix error code 31664.
2026-09-13 16:32:35,890 [ERROR] LogOutputStream:75 - [STDERR_REDIRECT] 
2026-09-13 16:32:35,890 [ERROR] LogOutputStream:75 - [STDERR_REDIRECT] Sep 13, 2026 4:32:35 PM java.util.prefs.FileSystemPreferences syncWorld
2026-09-13 16:32:35,890 [ERROR] LogOutputStream:75 - [STDERR_REDIRECT] WARNING: Couldn't flush system prefs: java.util.prefs.BackingStoreException: Couldn't get file lock.
2026-09-13 16:32:35,890 [ERROR] LogOutputStream:75 - [STDERR_REDIRECT] 
2026-09-13 16:33:05,889 [ERROR] LogOutputStream:75 - [STDERR_REDIRECT] Sep 13, 2026 4:33:05 PM java.util.prefs.FileSystemPreferences checkLockFile0ErrorCode
2026-09-13 16:33:05,889 [ERROR] LogOutputStream:75 - [STDERR_REDIRECT] WARNING: Could not lock System prefs. Unix error code 31664.
2026-09-13 16:33:05,890 [ERROR] LogOutputStream:75 - [STDERR_REDIRECT] 
2026-09-13 16:33:05,890 [ERROR] LogOutputStream:75 - [STDERR_REDIRECT] Sep 13, 2026 4:33:05 PM java.util.prefs.FileSystemPreferences syncWorld
2026-09-13 16:33:05,890 [ERROR] LogOutputStream:75 - [STDERR_REDIRECT] WARNING: Couldn't flush system prefs: java.util.prefs.BackingStoreException: Couldn't get file lock.
2026-09-13 16:33:05,890 [ERROR] LogOutputStream:75 - [STDERR_REDIRECT] 
2026-09-13 16:33:35,890 [ERROR] LogOutputStream:75 - [STDERR_REDIRECT] Sep 13, 2026 4:33:35 PM java.util.prefs.FileSystemPreferences checkLockFile0ErrorCode
2026-09-13 16:33:35,890 [ERROR] LogOutputStream:75 - [STDERR_REDIRECT] WARNING: Could not lock System prefs. Unix error code 31664.
2026-09-13 16:33:35,890 [ERROR] LogOutputStream:75 - [STDERR_REDIRECT] 
2026-09-13 16:33:35,891 [ERROR] LogOutputStream:75 - [STDERR_REDIRECT] Sep 13, 2026 4:33:35 PM java.util.prefs.FileSystemPreferences syncWorld
2026-09-13 16:33:35,891 [ERROR] LogOutputStream:75 - [STDERR_REDIRECT] WARNING: Couldn't flush system prefs: java.util.prefs.BackingStoreException: Couldn't get file lock.
2026-09-13 16:33:35,891 [ERROR] LogOutputStream:75 - [STDERR_REDIRECT] 
2026-09-13 16:34:05,890 [ERROR] LogOutputStream:75 - [STDERR_REDIRECT] Sep 13, 2026 4:34:05 PM java.util.prefs.FileSystemPreferences checkLockFile0ErrorCode
2026-09-13 16:34:05,890 [ERROR] LogOutputStream:75 - [STDERR_REDIRECT] WARNING: Could not lock System prefs. Unix error code 31664.
2026-09-13 16:34:05,890 [ERROR] LogOutputStream:75 - [STDERR_REDIRECT] 
2026-09-13 16:34:05,891 [ERROR] LogOutputStream:75 - [STDERR_REDIRECT] Sep 13, 2026 4:34:05 PM java.util.prefs.FileSystemPreferences syncWorld
2026-09-13 16:34:05,891 [ERROR] LogOutputStream:75 - [STDERR_REDIRECT] WARNING: Couldn't flush system prefs: java.util.prefs.BackingStoreException: Couldn't get file lock.
2026-09-13 16:34:05,891 [ERROR] LogOutputStream:75 - [STDERR_REDIRECT] 
2026-09-13 16:34:35,892 [ERROR] LogOutputStream:75 - [STDERR_REDIRECT] Sep 13, 2026 4:34:35 PM java.util.prefs.FileSystemPreferences checkLockFile0ErrorCode
2026-09-13 16:34:35,893 [ERROR] LogOutputStream:75 - [STDERR_REDIRECT] WARNING: Could not lock System prefs. Unix error code 5.
2026-09-13 16:34:35,893 [ERROR] LogOutputStream:75 - [STDERR_REDIRECT] 
2026-09-13 16:34:35,893 [ERROR] LogOutputStream:75 - [STDERR_REDIRECT] Sep 13, 2026 4:34:35 PM java.util.prefs.FileSystemPreferences syncWorld
2026-09-13 16:34:35,893 [ERROR] LogOutputStream:75 - [STDERR_REDIRECT] WARNING: Couldn't flush system prefs: java.util.prefs.BackingStoreException: Couldn't get file lock.
2026-09-13 16:34:35,893 [ERROR] LogOutputStream:75 - [STDERR_REDIRECT] 
2026-09-13 16:35:05,890 [ERROR] LogOutputStream:75 - [STDERR_REDIRECT] Sep 13, 2026 4:35:05 PM java.util.prefs.FileSystemPreferences checkLockFile0ErrorCode
2026-09-13 16:35:05,890 [ERROR] LogOutputStream:75 - [STDERR_REDIRECT] WARNING: Could not lock System prefs. Unix error code 5.
2026-09-13 16:35:05,890 [ERROR] LogOutputStream:75 - [STDERR_REDIRECT] 
2026-09-13 16:35:05,890 [ERROR] LogOutputStream:75 - [STDERR_REDIRECT] Sep 13, 2026 4:35:05 PM java.util.prefs.FileSystemPreferences syncWorld
2026-09-13 16:35:05,891 [ERROR] LogOutputStream:75 - [STDERR_REDIRECT] WARNING: Couldn't flush system prefs: java.util.prefs.BackingStoreException: Couldn't get file lock.
2026-09-13 16:35:05,891 [ERROR] LogOutputStream:75 - [STDERR_REDIRECT] 
2026-09-13 16:35:35,889 [ERROR] LogOutputStream:75 - [STDERR_REDIRECT] Sep 13, 2026 4:35:35 PM java.util.prefs.FileSystemPreferences checkLockFile0ErrorCode
2026-09-13 16:35:35,890 [ERROR] LogOutputStream:75 - [STDERR_REDIRECT] WARNING: Could not lock System prefs. Unix error code 5.
2026-09-13 16:35:35,890 [ERROR] LogOutputStream:75 - [STDERR_REDIRECT] 
2026-09-13 16:35:35,890 [ERROR] LogOutputStream:75 - [STDERR_REDIRECT] Sep 13, 2026 4:35:35 PM java.util.prefs.FileSystemPreferences syncWorld
2026-09-13 16:35:35,890 [ERROR] LogOutputStream:75 - [STDERR_REDIRECT] WARNING: Couldn't flush system prefs: java.util.prefs.BackingStoreException: Couldn't get file lock.
2026-09-13 16:35:35,890 [ERROR] LogOutputStream:75 - [STDERR_REDIRECT] 
2026-09-13 16:36:05,890 [ERROR] LogOutputStream:75 - [STDERR_REDIRECT] Sep 13, 2026 4:36:05 PM java.util.prefs.FileSystemPreferences checkLockFile0ErrorCode
2026-09-13 16:36:05,890 [ERROR] LogOutputStream:75 - [STDERR_REDIRECT] WARNING: Could not lock System prefs. Unix error code 5.
2026-09-13 16:36:05,890 [ERROR] LogOutputStream:75 - [STDERR_REDIRECT] 
2026-09-13 16:36:05,890 [ERROR] LogOutputStream:75 - [STDERR_REDIRECT] Sep 13, 2026 4:36:05 PM java.util.prefs.FileSystemPreferences syncWorld
2026-09-13 16:36:05,890 [ERROR] LogOutputStream:75 - [STDERR_REDIRECT] WARNING: Couldn't flush system prefs: java.util.prefs.BackingStoreException: Couldn't get file lock.
2026-09-13 16:36:05,890 [ERROR] LogOutputStream:75 - [STDERR_REDIRECT] 
2026-09-13 16:36:35,890 [ERROR] LogOutputStream:75 - [STDERR_REDIRECT] Sep 13, 2026 4:36:35 PM java.util.prefs.FileSystemPreferences checkLockFile0ErrorCode
2026-09-13 16:36:35,890 [ERROR] LogOutputStream:75 - [STDERR_REDIRECT] WARNING: Could not lock System prefs. Unix error code 5.
2026-09-13 16:36:35,890 [ERROR] LogOutputStream:75 - [STDERR_REDIRECT] 
2026-09-13 16:36:35,891 [ERROR] LogOutputStream:75 - [STDERR_REDIRECT] Sep 13, 2026 4:36:35 PM java.util.prefs.FileSystemPreferences syncWorld
2026-09-13 16:36:35,891 [ERROR] LogOutputStream:75 - [STDERR_REDIRECT] WARNING: Couldn't flush system prefs: java.util.prefs.BackingStoreException: Couldn't get file lock.
2026-09-13 16:36:35,891 [ERROR] LogOutputStream:75 - [STDERR_REDIRECT] 
2026-09-13 16:37:05,890 [ERROR] LogOutputStream:75 - [STDERR_REDIRECT] Sep 13, 2026 4:37:05 PM java.util.prefs.FileSystemPreferences checkLockFile0ErrorCode
2026-09-13 16:37:05,890 [ERROR] LogOutputStream:75 - [STDERR_REDIRECT] WARNING: Could not lock System prefs. Unix error code 5.
2026-09-13 16:37:05,890 [ERROR] LogOutputStream:75 - [STDERR_REDIRECT] 
2026-09-13 16:37:05,891 [ERROR] LogOutputStream:75 - [STDERR_REDIRECT] Sep 13, 2026 4:37:05 PM java.util.prefs.FileSystemPreferences syncWorld
2026-09-13 16:37:05,891 [ERROR] LogOutputStream:75 - [STDERR_REDIRECT] WARNING: Couldn't flush system prefs: java.util.prefs.BackingStoreException: Couldn't get file lock.
2026-09-13 16:37:05,891 [ERROR] LogOutputStream:75 - [STDERR_REDIRECT] 
2026-09-13 16:37:35,890 [ERROR] LogOutputStream:75 - [STDERR_REDIRECT] Sep 13, 2026 4:37:35 PM java.util.prefs.FileSystemPreferences checkLockFile0ErrorCode
2026-09-13 16:37:35,891 [ERROR] LogOutputStream:75 - [STDERR_REDIRECT] WARNING: Could not lock System prefs. Unix error code 5.
2026-09-13 16:37:35,891 [ERROR] LogOutputStream:75 - [STDERR_REDIRECT] 
2026-09-13 16:37:35,891 [ERROR] LogOutputStream:75 - [STDERR_REDIRECT] Sep 13, 2026 4:37:35 PM java.util.prefs.FileSystemPreferences syncWorld
2026-09-13 16:37:35,891 [ERROR] LogOutputStream:75 - [STDERR_REDIRECT] WARNING: Couldn't flush system prefs: java.util.prefs.BackingStoreException: Couldn't get file lock.
2026-09-13 16:37:35,891 [ERROR] LogOutputStream:75 - [STDERR_REDIRECT] 
2026-09-13 16:38:05,890 [ERROR] LogOutputStream:75 - [STDERR_REDIRECT] Sep 13, 2026 4:38:05 PM java.util.prefs.FileSystemPreferences checkLockFile0ErrorCode
2026-09-13 16:38:05,891 [ERROR] LogOutputStream:75 - [STDERR_REDIRECT] WARNING: Could not lock System prefs. Unix error code 5.
2026-09-13 16:38:05,891 [ERROR] LogOutputStream:75 - [STDERR_REDIRECT] 
2026-09-13 16:38:05,891 [ERROR] LogOutputStream:75 - [STDERR_REDIRECT] Sep 13, 2026 4:38:05 PM java.util.prefs.FileSystemPreferences syncWorld
2026-09-13 16:38:05,891 [ERROR] LogOutputStream:75 - [STDERR_REDIRECT] WARNING: Couldn't flush system prefs: java.util.prefs.BackingStoreException: Couldn't get file lock.
2026-09-13 16:38:05,891 [ERROR] LogOutputStream:75 - [STDERR_REDIRECT] 
2026-09-13 16:38:35,891 [ERROR] LogOutputStream:75 - [STDERR_REDIRECT] Sep 13, 2026 4:38:35 PM java.util.prefs.FileSystemPreferences checkLockFile0ErrorCode
2026-09-13 16:38:35,891 [ERROR] LogOutputStream:75 - [STDERR_REDIRECT] WARNING: Could not lock System prefs. Unix error code 5.
2026-09-13 16:38:35,891 [ERROR] LogOutputStream:75 - [STDERR_REDIRECT] 
2026-09-13 16:38:35,892 [ERROR] LogOutputStream:75 - [STDERR_REDIRECT] Sep 13, 2026 4:38:35 PM java.util.prefs.FileSystemPreferences syncWorld
2026-09-13 16:38:35,892 [ERROR] LogOutputStream:75 - [STDERR_REDIRECT] WARNING: Couldn't flush system prefs: java.util.prefs.BackingStoreException: Couldn't get file lock.
2026-09-13 16:38:35,892 [ERROR] LogOutputStream:75 - [STDERR_REDIRECT] 
2026-09-13 16:39:05,891 [ERROR] LogOutputStream:75 - [STDERR_REDIRECT] Sep 13, 2026 4:39:05 PM java.util.prefs.FileSystemPreferences checkLockFile0ErrorCode
2026-09-13 16:39:05,891 [ERROR] LogOutputStream:75 - [STDERR_REDIRECT] WARNING: Could not lock System prefs. Unix error code 5.
2026-09-13 16:39:05,891 [ERROR] LogOutputStream:75 - [STDERR_REDIRECT] 
2026-09-13 16:39:05,891 [ERROR] LogOutputStream:75 - [STDERR_REDIRECT] Sep 13, 2026 4:39:05 PM java.util.prefs.FileSystemPreferences syncWorld
2026-09-13 16:39:05,892 [ERROR] LogOutputStream:75 - [STDERR_REDIRECT] WARNING: Couldn't flush system prefs: java.util.prefs.BackingStoreException: Couldn't get file lock.
2026-09-13 16:39:05,892 [ERROR] LogOutputStream:75 - [STDERR_REDIRECT] 
2026-09-13 16:39:35,890 [ERROR] LogOutputStream:75 - [STDERR_REDIRECT] Sep 13, 2026 4:39:35 PM java.util.prefs.FileSystemPreferences checkLockFile0ErrorCode
2026-09-13 16:39:35,891 [ERROR] LogOutputStream:75 - [STDERR_REDIRECT] WARNING: Could not lock System prefs. Unix error code 5.
2026-09-13 16:39:35,891 [ERROR] LogOutputStream:75 - [STDERR_REDIRECT] 
2026-09-13 16:39:35,891 [ERROR] LogOutputStream:75 - [STDERR_REDIRECT] Sep 13, 2026 4:39:35 PM java.util.prefs.FileSystemPreferences syncWorld
2026-09-13 16:39:35,891 [ERROR] LogOutputStream:75 - [STDERR_REDIRECT] WARNING: Couldn't flush system prefs: java.util.prefs.BackingStoreException: Couldn't get file lock.
2026-09-13 16:39:35,891 [ERROR] LogOutputStream:75 - [STDERR_REDIRECT] 
2026-09-13 16:40:05,891 [ERROR] LogOutputStream:75 - [STDERR_REDIRECT] Sep 13, 2026 4:40:05 PM java.util.prefs.FileSystemPreferences checkLockFile0ErrorCode
2026-09-13 16:40:05,891 [ERROR] LogOutputStream:75 - [STDERR_REDIRECT] WARNING: Could not lock System prefs. Unix error code 5.
2026-09-13 16:40:05,891 [ERROR] LogOutputStream:75 - [STDERR_REDIRECT] 
2026-09-13 16:40:05,891 [ERROR] LogOutputStream:75 - [STDERR_REDIRECT] Sep 13, 2026 4:40:05 PM java.util.prefs.FileSystemPreferences syncWorld
2026-09-13 16:40:05,891 [ERROR] LogOutputStream:75 - [STDERR_REDIRECT] WARNING: Couldn't flush system prefs: java.util.prefs.BackingStoreException: Couldn't get file lock.
2026-09-13 16:40:05,891 [ERROR] LogOutputStream:75 - [STDERR_REDIRECT] 
2026-09-13 16:40:35,895 [ERROR] LogOutputStream:75 - [STDERR_REDIRECT] Sep 13, 2026 4:40:35 PM java.util.prefs.FileSystemPreferences checkLockFile0ErrorCode
2026-09-13 16:40:35,895 [ERROR] LogOutputStream:75 - [STDERR_REDIRECT] WARNING: Could not lock System prefs. Unix error code 5.
2026-09-13 16:40:35,895 [ERROR] LogOutputStream:75 - [STDERR_REDIRECT] 
2026-09-13 16:40:35,895 [ERROR] LogOutputStream:75 - [STDERR_REDIRECT] Sep 13, 2026 4:40:35 PM java.util.prefs.FileSystemPreferences syncWorld
2026-09-13 16:40:35,896 [ERROR] LogOutputStream:75 - [STDERR_REDIRECT] WARNING: Couldn't flush system prefs: java.util.prefs.BackingStoreException: Couldn't get file lock.
2026-09-13 16:40:35,896 [ERROR] LogOutputStream:75 - [STDERR_REDIRECT] 
2026-09-13 16:41:05,890 [ERROR] LogOutputStream:75 - [STDERR_REDIRECT] Sep 13, 2026 4:41:05 PM java.util.prefs.FileSystemPreferences checkLockFile0ErrorCode
2026-09-13 16:41:05,891 [ERROR] LogOutputStream:75 - [STDERR_REDIRECT] WARNING: Could not lock System prefs. Unix error code 5.
2026-09-13 16:41:05,891 [ERROR] LogOutputStream:75 - [STDERR_REDIRECT] 
2026-09-13 16:41:05,891 [ERROR] LogOutputStream:75 - [STDERR_REDIRECT] Sep 13, 2026 4:41:05 PM java.util.prefs.FileSystemPreferences syncWorld
2026-09-13 16:41:05,891 [ERROR] LogOutputStream:75 - [STDERR_REDIRECT] WARNING: Couldn't flush system prefs: java.util.prefs.BackingStoreException: Couldn't get file lock.
2026-09-13 16:41:05,891 [ERROR] LogOutputStream:75 - [STDERR_REDIRECT] 
2026-09-13 16:41:35,891 [ERROR] LogOutputStream:75 - [STDERR_REDIRECT] Sep 13, 2026 4:41:35 PM java.util.prefs.FileSystemPreferences checkLockFile0ErrorCode
2026-09-13 16:41:35,892 [ERROR] LogOutputStream:75 - [STDERR_REDIRECT] WARNING: Could not lock System prefs. Unix error code 5.
2026-09-13 16:41:35,892 [ERROR] LogOutputStream:75 - [STDERR_REDIRECT] 
2026-09-13 16:41:35,892 [ERROR] LogOutputStream:75 - [STDERR_REDIRECT] Sep 13, 2026 4:41:35 PM java.util.prefs.FileSystemPreferences syncWorld
2026-09-13 16:41:35,892 [ERROR] LogOutputStream:75 - [STDERR_REDIRECT] WARNING: Couldn't flush system prefs: java.util.prefs.BackingStoreException: Couldn't get file lock.
2026-09-13 16:41:35,892 [ERROR] LogOutputStream:75 - [STDERR_REDIRECT] 
2026-09-13 16:42:05,892 [ERROR] LogOutputStream:75 - [STDERR_REDIRECT] Sep 13, 2026 4:42:05 PM java.util.prefs.FileSystemPreferences checkLockFile0ErrorCode
2026-09-13 16:42:05,893 [ERROR] LogOutputStream:75 - [STDERR_REDIRECT] WARNING: Could not lock System prefs. Unix error code 5.
2026-09-13 16:42:05,893 [ERROR] LogOutputStream:75 - [STDERR_REDIRECT] 
2026-09-13 16:42:05,893 [ERROR] LogOutputStream:75 - [STDERR_REDIRECT] Sep 13, 2026 4:42:05 PM java.util.prefs.FileSystemPreferences syncWorld
2026-09-13 16:42:05,893 [ERROR] LogOutputStream:75 - [STDERR_REDIRECT] WARNING: Couldn't flush system prefs: java.util.prefs.BackingStoreException: Couldn't get file lock.
2026-09-13 16:42:05,893 [ERROR] LogOutputStream:75 - [STDERR_REDIRECT] 
2026-09-13 16:42:35,892 [ERROR] LogOutputStream:75 - [STDERR_REDIRECT] Sep 13, 2026 4:42:35 PM java.util.prefs.FileSystemPreferences checkLockFile0ErrorCode
2026-09-13 16:42:35,892 [ERROR] LogOutputStream:75 - [STDERR_REDIRECT] WARNING: Could not lock System prefs. Unix error code 5.
2026-09-13 16:42:35,892 [ERROR] LogOutputStream:75 - [STDERR_REDIRECT] 
2026-09-13 16:42:35,892 [ERROR] LogOutputStream:75 - [STDERR_REDIRECT] Sep 13, 2026 4:42:35 PM java.util.prefs.FileSystemPreferences syncWorld
2026-09-13 16:42:35,892 [ERROR] LogOutputStream:75 - [STDERR_REDIRECT] WARNING: Couldn't flush system prefs: java.util.prefs.BackingStoreException: Couldn't get file lock.
2026-09-13 16:42:35,892 [ERROR] LogOutputStream:75 - [STDERR_REDIRECT] 
2026-09-13 16:43:05,892 [ERROR] LogOutputStream:75 - [STDERR_REDIRECT] Sep 13, 2026 4:43:05 PM java.util.prefs.FileSystemPreferences checkLockFile0ErrorCode
2026-09-13 16:43:05,892 [ERROR] LogOutputStream:75 - [STDERR_REDIRECT] WARNING: Could not lock System prefs. Unix error code 5.
2026-09-13 16:43:05,892 [ERROR] LogOutputStream:75 - [STDERR_REDIRECT] 
2026-09-13 16:43:05,893 [ERROR] LogOutputStream:75 - [STDERR_REDIRECT] Sep 13, 2026 4:43:05 PM java.util.prefs.FileSystemPreferences syncWorld
2026-09-13 16:43:05,893 [ERROR] LogOutputStream:75 - [STDERR_REDIRECT] WARNING: Couldn't flush system prefs: java.util.prefs.BackingStoreException: Couldn't get file lock.
2026-09-13 16:43:05,893 [ERROR] LogOutputStream:75 - [STDERR_REDIRECT] 
2026-09-13 16:43:35,892 [ERROR] LogOutputStream:75 - [STDERR_REDIRECT] Sep 13, 2026 4:43:35 PM java.util.prefs.FileSystemPreferences checkLockFile0ErrorCode
2026-09-13 16:43:35,893 [ERROR] LogOutputStream:75 - [STDERR_REDIRECT] WARNING: Could not lock System prefs. Unix error code 5.
2026-09-13 16:43:35,893 [ERROR] LogOutputStream:75 - [STDERR_REDIRECT] 
2026-09-13 16:43:35,893 [ERROR] LogOutputStream:75 - [STDERR_REDIRECT] Sep 13, 2026 4:43:35 PM java.util.prefs.FileSystemPreferences syncWorld
2026-09-13 16:43:35,893 [ERROR] LogOutputStream:75 - [STDERR_REDIRECT] WARNING: Couldn't flush system prefs: java.util.prefs.BackingStoreException: Couldn't get file lock.
2026-09-13 16:43:35,893 [ERROR] LogOutputStream:75 - [STDERR_REDIRECT] 
2026-09-13 16:44:05,892 [ERROR] LogOutputStream:75 - [STDERR_REDIRECT] Sep 13, 2026 4:44:05 PM java.util.prefs.FileSystemPreferences checkLockFile0ErrorCode
2026-09-13 16:44:05,892 [ERROR] LogOutputStream:75 - [STDERR_REDIRECT] WARNING: Could not lock System prefs. Unix error code 5.
2026-09-13 16:44:05,892 [ERROR] LogOutputStream:75 - [STDERR_REDIRECT] 
2026-09-13 16:44:05,892 [ERROR] LogOutputStream:75 - [STDERR_REDIRECT] Sep 13, 2026 4:44:05 PM java.util.prefs.FileSystemPreferences syncWorld
2026-09-13 16:44:05,892 [ERROR] LogOutputStream:75 - [STDERR_REDIRECT] WARNING: Couldn't flush system prefs: java.util.prefs.BackingStoreException: Couldn't get file lock.
2026-09-13 16:44:05,893 [ERROR] LogOutputStream:75 - [STDERR_REDIRECT] 
2026-09-13 16:44:35,891 [ERROR] LogOutputStream:75 - [STDERR_REDIRECT] Sep 13, 2026 4:44:35 PM java.util.prefs.FileSystemPreferences checkLockFile0ErrorCode
2026-09-13 16:44:35,891 [ERROR] LogOutputStream:75 - [STDERR_REDIRECT] WARNING: Could not lock System prefs. Unix error code 5.
2026-09-13 16:44:35,892 [ERROR] LogOutputStream:75 - [STDERR_REDIRECT] 
2026-09-13 16:44:35,892 [ERROR] LogOutputStream:75 - [STDERR_REDIRECT] Sep 13, 2026 4:44:35 PM java.util.prefs.FileSystemPreferences syncWorld
2026-09-13 16:44:35,892 [ERROR] LogOutputStream:75 - [STDERR_REDIRECT] WARNING: Couldn't flush system prefs: java.util.prefs.BackingStoreException: Couldn't get file lock.
2026-09-13 16:44:35,892 [ERROR] LogOutputStream:75 - [STDERR_REDIRECT] 
2026-09-13 16:45:05,892 [ERROR] LogOutputStream:75 - [STDERR_REDIRECT] Sep 13, 2026 4:45:05 PM java.util.prefs.FileSystemPreferences checkLockFile0ErrorCode
2026-09-13 16:45:05,893 [ERROR] LogOutputStream:75 - [STDERR_REDIRECT] WARNING: Could not lock System prefs. Unix error code 5.
2026-09-13 16:45:05,893 [ERROR] LogOutputStream:75 - [STDERR_REDIRECT] 
2026-09-13 16:45:05,893 [ERROR] LogOutputStream:75 - [STDERR_REDIRECT] Sep 13, 2026 4:45:05 PM java.util.prefs.FileSystemPreferences syncWorld
2026-09-13 16:45:05,893 [ERROR] LogOutputStream:75 - [STDERR_REDIRECT] WARNING: Couldn't flush system prefs: java.util.prefs.BackingStoreException: Couldn't get file lock.
2026-09-13 16:45:05,893 [ERROR] LogOutputStream:75 - [STDERR_REDIRECT] 
2026-09-13 16:45:35,892 [ERROR] LogOutputStream:75 - [STDERR_REDIRECT] Sep 13, 2026 4:45:35 PM java.util.prefs.FileSystemPreferences checkLockFile0ErrorCode
2026-09-13 16:45:35,892 [ERROR] LogOutputStream:75 - [STDERR_REDIRECT] WARNING: Could not lock System prefs. Unix error code 5.
2026-09-13 16:45:35,893 [ERROR] LogOutputStream:75 - [STDERR_REDIRECT] 
2026-09-13 16:45:35,895 [ERROR] LogOutputStream:75 - [STDERR_REDIRECT] Sep 13, 2026 4:45:35 PM java.util.prefs.FileSystemPreferences syncWorld
2026-09-13 16:45:35,896 [ERROR] LogOutputStream:75 - [STDERR_REDIRECT] WARNING: Couldn't flush system prefs: java.util.prefs.BackingStoreException: Couldn't get file lock.
2026-09-13 16:45:35,896 [ERROR] LogOutputStream:75 - [STDERR_REDIRECT] 
2026-09-13 16:46:05,892 [ERROR] LogOutputStream:75 - [STDERR_REDIRECT] Sep 13, 2026 4:46:05 PM java.util.prefs.FileSystemPreferences checkLockFile0ErrorCode
2026-09-13 16:46:05,892 [ERROR] LogOutputStream:75 - [STDERR_REDIRECT] WARNING: Could not lock System prefs. Unix error code 5.
2026-09-13 16:46:05,892 [ERROR] LogOutputStream:75 - [STDERR_REDIRECT] 
2026-09-13 16:46:05,892 [ERROR] LogOutputStream:75 - [STDERR_REDIRECT] Sep 13, 2026 4:46:05 PM java.util.prefs.FileSystemPreferences syncWorld
2026-09-13 16:46:05,892 [ERROR] LogOutputStream:75 - [STDERR_REDIRECT] WARNING: Couldn't flush system prefs: java.util.prefs.BackingStoreException: Couldn't get file lock.
2026-09-13 16:46:05,893 [ERROR] LogOutputStream:75 - [STDERR_REDIRECT] 
2026-09-13 16:46:35,891 [ERROR] LogOutputStream:75 - [STDERR_REDIRECT] Sep 13, 2026 4:46:35 PM java.util.prefs.FileSystemPreferences checkLockFile0ErrorCode
2026-09-13 16:46:35,891 [ERROR] LogOutputStream:75 - [STDERR_REDIRECT] WARNING: Could not lock System prefs. Unix error code 5.
2026-09-13 16:46:35,892 [ERROR] LogOutputStream:75 - [STDERR_REDIRECT] 
2026-09-13 16:46:35,892 [ERROR] LogOutputStream:75 - [STDERR_REDIRECT] Sep 13, 2026 4:46:35 PM java.util.prefs.FileSystemPreferences syncWorld
2026-09-13 16:46:35,892 [ERROR] LogOutputStream:75 - [STDERR_REDIRECT] WARNING: Couldn't flush system prefs: java.util.prefs.BackingStoreException: Couldn't get file lock.
2026-09-13 16:46:35,892 [ERROR] LogOutputStream:75 - [STDERR_REDIRECT] 
2026-09-13 16:47:05,892 [ERROR] LogOutputStream:75 - [STDERR_REDIRECT] Sep 13, 2026 4:47:05 PM java.util.prefs.FileSystemPreferences checkLockFile0ErrorCode
2026-09-13 16:47:05,892 [ERROR] LogOutputStream:75 - [STDERR_REDIRECT] WARNING: Could not lock System prefs. Unix error code 5.
2026-09-13 16:47:05,892 [ERROR] LogOutputStream:75 - [STDERR_REDIRECT] 
2026-09-13 16:47:05,892 [ERROR] LogOutputStream:75 - [STDERR_REDIRECT] Sep 13, 2026 4:47:05 PM java.util.prefs.FileSystemPreferences syncWorld
2026-09-13 16:47:05,892 [ERROR] LogOutputStream:75 - [STDERR_REDIRECT] WARNING: Couldn't flush system prefs: java.util.prefs.BackingStoreException: Couldn't get file lock.
2026-09-13 16:47:05,892 [ERROR] LogOutputStream:75 - [STDERR_REDIRECT] 
2026-09-13 16:47:35,894 [ERROR] LogOutputStream:75 - [STDERR_REDIRECT] Sep 13, 2026 4:47:35 PM java.util.prefs.FileSystemPreferences checkLockFile0ErrorCode
2026-09-13 16:47:35,895 [ERROR] LogOutputStream:75 - [STDERR_REDIRECT] WARNING: Could not lock System prefs. Unix error code 5.
2026-09-13 16:47:35,895 [ERROR] LogOutputStream:75 - [STDERR_REDIRECT] 
2026-09-13 16:47:35,895 [ERROR] LogOutputStream:75 - [STDERR_REDIRECT] Sep 13, 2026 4:47:35 PM java.util.prefs.FileSystemPreferences syncWorld
2026-09-13 16:47:35,895 [ERROR] LogOutputStream:75 - [STDERR_REDIRECT] WARNING: Couldn't flush system prefs: java.util.prefs.BackingStoreException: Couldn't get file lock.
2026-09-13 16:47:35,895 [ERROR] LogOutputStream:75 - [STDERR_REDIRECT] 
2026-09-13 16:48:05,893 [ERROR] LogOutputStream:75 - [STDERR_REDIRECT] Sep 13, 2026 4:48:05 PM java.util.prefs.FileSystemPreferences checkLockFile0ErrorCode
2026-09-13 16:48:05,893 [ERROR] LogOutputStream:75 - [STDERR_REDIRECT] WARNING: Could not lock System prefs. Unix error code 5.
2026-09-13 16:48:05,893 [ERROR] LogOutputStream:75 - [STDERR_REDIRECT] 
2026-09-13 16:48:05,893 [ERROR] LogOutputStream:75 - [STDERR_REDIRECT] Sep 13, 2026 4:48:05 PM java.util.prefs.FileSystemPreferences syncWorld
2026-09-13 16:48:05,894 [ERROR] LogOutputStream:75 - [STDERR_REDIRECT] WARNING: Couldn't flush system prefs: java.util.prefs.BackingStoreException: Couldn't get file lock.
2026-09-13 16:48:05,894 [ERROR] LogOutputStream:75 - [STDERR_REDIRECT] 
2026-09-13 16:48:35,893 [ERROR] LogOutputStream:75 - [STDERR_REDIRECT] Sep 13, 2026 4:48:35 PM java.util.prefs.FileSystemPreferences checkLockFile0ErrorCode
2026-09-13 16:48:35,893 [ERROR] LogOutputStream:75 - [STDERR_REDIRECT] WARNING: Could not lock System prefs. Unix error code 5.
2026-09-13 16:48:35,893 [ERROR] LogOutputStream:75 - [STDERR_REDIRECT] 
2026-09-13 16:48:35,894 [ERROR] LogOutputStream:75 - [STDERR_REDIRECT] Sep 13, 2026 4:48:35 PM java.util.prefs.FileSystemPreferences syncWorld
2026-09-13 16:48:35,894 [ERROR] LogOutputStream:75 - [STDERR_REDIRECT] WARNING: Couldn't flush system prefs: java.util.prefs.BackingStoreException: Couldn't get file lock.
2026-09-13 16:48:35,894 [ERROR] LogOutputStream:75 - [STDERR_REDIRECT] 
2026-09-13 16:49:05,893 [ERROR] LogOutputStream:75 - [STDERR_REDIRECT] Sep 13, 2026 4:49:05 PM java.util.prefs.FileSystemPreferences checkLockFile0ErrorCode
2026-09-13 16:49:05,893 [ERROR] LogOutputStream:75 - [STDERR_REDIRECT] WARNING: Could not lock System prefs. Unix error code 5.
2026-09-13 16:49:05,893 [ERROR] LogOutputStream:75 - [STDERR_REDIRECT] 
2026-09-13 16:49:05,894 [ERROR] LogOutputStream:75 - [STDERR_REDIRECT] Sep 13, 2026 4:49:05 PM java.util.prefs.FileSystemPreferences syncWorld
2026-09-13 16:49:05,894 [ERROR] LogOutputStream:75 - [STDERR_REDIRECT] WARNING: Couldn't flush system prefs: java.util.prefs.BackingStoreException: Couldn't get file lock.
2026-09-13 16:49:05,894 [ERROR] LogOutputStream:75 - [STDERR_REDIRECT] 
2026-09-13 16:49:35,893 [ERROR] LogOutputStream:75 - [STDERR_REDIRECT] Sep 13, 2026 4:49:35 PM java.util.prefs.FileSystemPreferences checkLockFile0ErrorCode
2026-09-13 16:49:35,893 [ERROR] LogOutputStream:75 - [STDERR_REDIRECT] WARNING: Could not lock System prefs. Unix error code 5.
2026-09-13 16:49:35,893 [ERROR] LogOutputStream:75 - [STDERR_REDIRECT] 
2026-09-13 16:49:35,894 [ERROR] LogOutputStream:75 - [STDERR_REDIRECT] Sep 13, 2026 4:49:35 PM java.util.prefs.FileSystemPreferences syncWorld
2026-09-13 16:49:35,894 [ERROR] LogOutputStream:75 - [STDERR_REDIRECT] WARNING: Couldn't flush system prefs: java.util.prefs.BackingStoreException: Couldn't get file lock.
2026-09-13 16:49:35,894 [ERROR] LogOutputStream:75 - [STDERR_REDIRECT] 
2026-09-13 16:50:05,894 [ERROR] LogOutputStream:75 - [STDERR_REDIRECT] Sep 13, 2026 4:50:05 PM java.util.prefs.FileSystemPreferences checkLockFile0ErrorCode
2026-09-13 16:50:05,894 [ERROR] LogOutputStream:75 - [STDERR_REDIRECT] WARNING: Could not lock System prefs. Unix error code 5.
2026-09-13 16:50:05,894 [ERROR] LogOutputStream:75 - [STDERR_REDIRECT] 
2026-09-13 16:50:05,894 [ERROR] LogOutputStream:75 - [STDERR_REDIRECT] Sep 13, 2026 4:50:05 PM java.util.prefs.FileSystemPreferences syncWorld
2026-09-13 16:50:05,895 [ERROR] LogOutputStream:75 - [STDERR_REDIRECT] WARNING: Couldn't flush system prefs: java.util.prefs.BackingStoreException: Couldn't get file lock.
2026-09-13 16:50:05,895 [ERROR] LogOutputStream:75 - [STDERR_REDIRECT] 
2026-09-13 16:50:35,892 [ERROR] LogOutputStream:75 - [STDERR_REDIRECT] Sep 13, 2026 4:50:35 PM java.util.prefs.FileSystemPreferences checkLockFile0ErrorCode
2026-09-13 16:50:35,893 [ERROR] LogOutputStream:75 - [STDERR_REDIRECT] WARNING: Could not lock System prefs. Unix error code 5.
2026-09-13 16:50:35,893 [ERROR] LogOutputStream:75 - [STDERR_REDIRECT] 
2026-09-13 16:50:35,893 [ERROR] LogOutputStream:75 - [STDERR_REDIRECT] Sep 13, 2026 4:50:35 PM java.util.prefs.FileSystemPreferences syncWorld
2026-09-13 16:50:35,893 [ERROR] LogOutputStream:75 - [STDERR_REDIRECT] WARNING: Couldn't flush system prefs: java.util.prefs.BackingStoreException: Couldn't get file lock.
2026-09-13 16:50:35,893 [ERROR] LogOutputStream:75 - [STDERR_REDIRECT] 
2026-09-13 16:51:05,893 [ERROR] LogOutputStream:75 - [STDERR_REDIRECT] Sep 13, 2026 4:51:05 PM java.util.prefs.FileSystemPreferences checkLockFile0ErrorCode
2026-09-13 16:51:05,893 [ERROR] LogOutputStream:75 - [STDERR_REDIRECT] WARNING: Could not lock System prefs. Unix error code 5.
2026-09-13 16:51:05,893 [ERROR] LogOutputStream:75 - [STDERR_REDIRECT] 
2026-09-13 16:51:05,893 [ERROR] LogOutputStream:75 - [STDERR_REDIRECT] Sep 13, 2026 4:51:05 PM java.util.prefs.FileSystemPreferences syncWorld
2026-09-13 16:51:05,893 [ERROR] LogOutputStream:75 - [STDERR_REDIRECT] WARNING: Couldn't flush system prefs: java.util.prefs.BackingStoreException: Couldn't get file lock.
2026-09-13 16:51:05,893 [ERROR] LogOutputStream:75 - [STDERR_REDIRECT] 
2026-09-13 16:51:35,893 [ERROR] LogOutputStream:75 - [STDERR_REDIRECT] Sep 13, 2026 4:51:35 PM java.util.prefs.FileSystemPreferences checkLockFile0ErrorCode
2026-09-13 16:51:35,893 [ERROR] LogOutputStream:75 - [STDERR_REDIRECT] WARNING: Could not lock System prefs. Unix error code 5.
2026-09-13 16:51:35,894 [ERROR] LogOutputStream:75 - [STDERR_REDIRECT] 
2026-09-13 16:51:35,894 [ERROR] LogOutputStream:75 - [STDERR_REDIRECT] Sep 13, 2026 4:51:35 PM java.util.prefs.FileSystemPreferences syncWorld
2026-09-13 16:51:35,894 [ERROR] LogOutputStream:75 - [STDERR_REDIRECT] WARNING: Couldn't flush system prefs: java.util.prefs.BackingStoreException: Couldn't get file lock.
2026-09-13 16:51:35,894 [ERROR] LogOutputStream:75 - [STDERR_REDIRECT] 
2026-09-13 16:52:05,894 [ERROR] LogOutputStream:75 - [STDERR_REDIRECT] Sep 13, 2026 4:52:05 PM java.util.prefs.FileSystemPreferences checkLockFile0ErrorCode
2026-09-13 16:52:05,894 [ERROR] LogOutputStream:75 - [STDERR_REDIRECT] WARNING: Could not lock System prefs. Unix error code 5.
2026-09-13 16:52:05,894 [ERROR] LogOutputStream:75 - [STDERR_REDIRECT] 
2026-09-13 16:52:05,895 [ERROR] LogOutputStream:75 - [STDERR_REDIRECT] Sep 13, 2026 4:52:05 PM java.util.prefs.FileSystemPreferences syncWorld
2026-09-13 16:52:05,895 [ERROR] LogOutputStream:75 - [STDERR_REDIRECT] WARNING: Couldn't flush system prefs: java.util.prefs.BackingStoreException: Couldn't get file lock.
2026-09-13 16:52:05,895 [ERROR] LogOutputStream:75 - [STDERR_REDIRECT] 
2026-09-13 16:52:35,913 [ERROR] LogOutputStream:75 - [STDERR_REDIRECT] Sep 13, 2026 4:52:35 PM java.util.prefs.FileSystemPreferences checkLockFile0ErrorCode
2026-09-13 16:52:35,913 [ERROR] LogOutputStream:75 - [STDERR_REDIRECT] WARNING: Could not lock System prefs. Unix error code 5.
2026-09-13 16:52:35,913 [ERROR] LogOutputStream:75 - [STDERR_REDIRECT] 
2026-09-13 16:52:35,914 [ERROR] LogOutputStream:75 - [STDERR_REDIRECT] Sep 13, 2026 4:52:35 PM java.util.prefs.FileSystemPreferences syncWorld
2026-09-13 16:52:35,914 [ERROR] LogOutputStream:75 - [STDERR_REDIRECT] WARNING: Couldn't flush system prefs: java.util.prefs.BackingStoreException: Couldn't get file lock.
2026-09-13 16:52:35,914 [ERROR] LogOutputStream:75 - [STDERR_REDIRECT] 
2026-09-13 16:53:05,895 [ERROR] LogOutputStream:75 - [STDERR_REDIRECT] Sep 13, 2026 4:53:05 PM java.util.prefs.FileSystemPreferences checkLockFile0ErrorCode
2026-09-13 16:53:05,895 [ERROR] LogOutputStream:75 - [STDERR_REDIRECT] WARNING: Could not lock System prefs. Unix error code 5.
2026-09-13 16:53:05,895 [ERROR] LogOutputStream:75 - [STDERR_REDIRECT] 
2026-09-13 16:53:05,895 [ERROR] LogOutputStream:75 - [STDERR_REDIRECT] Sep 13, 2026 4:53:05 PM java.util.prefs.FileSystemPreferences syncWorld
2026-09-13 16:53:05,895 [ERROR] LogOutputStream:75 - [STDERR_REDIRECT] WARNING: Couldn't flush system prefs: java.util.prefs.BackingStoreException: Couldn't get file lock.
2026-09-13 16:53:05,895 [ERROR] LogOutputStream:75 - [STDERR_REDIRECT] 
2026-09-13 16:53:35,895 [ERROR] LogOutputStream:75 - [STDERR_REDIRECT] Sep 13, 2026 4:53:35 PM java.util.prefs.FileSystemPreferences checkLockFile0ErrorCode
2026-09-13 16:53:35,895 [ERROR] LogOutputStream:75 - [STDERR_REDIRECT] WARNING: Could not lock System prefs. Unix error code 5.
2026-09-13 16:53:35,895 [ERROR] LogOutputStream:75 - [STDERR_REDIRECT] 
2026-09-13 16:53:35,896 [ERROR] LogOutputStream:75 - [STDERR_REDIRECT] Sep 13, 2026 4:53:35 PM java.util.prefs.FileSystemPreferences syncWorld
2026-09-13 16:53:35,896 [ERROR] LogOutputStream:75 - [STDERR_REDIRECT] WARNING: Couldn't flush system prefs: java.util.prefs.BackingStoreException: Couldn't get file lock.
2026-09-13 16:53:35,896 [ERROR] LogOutputStream:75 - [STDERR_REDIRECT] 
2026-09-13 16:54:05,895 [ERROR] LogOutputStream:75 - [STDERR_REDIRECT] Sep 13, 2026 4:54:05 PM java.util.prefs.FileSystemPreferences checkLockFile0ErrorCode
2026-09-13 16:54:05,895 [ERROR] LogOutputStream:75 - [STDERR_REDIRECT] WARNING: Could not lock System prefs. Unix error code 5.
2026-09-13 16:54:05,896 [ERROR] LogOutputStream:75 - [STDERR_REDIRECT] 
2026-09-13 16:54:05,896 [ERROR] LogOutputStream:75 - [STDERR_REDIRECT] Sep 13, 2026 4:54:05 PM java.util.prefs.FileSystemPreferences syncWorld
2026-09-13 16:54:05,896 [ERROR] LogOutputStream:75 - [STDERR_REDIRECT] WARNING: Couldn't flush system prefs: java.util.prefs.BackingStoreException: Couldn't get file lock.
2026-09-13 16:54:05,896 [ERROR] LogOutputStream:75 - [STDERR_REDIRECT] 
2026-09-13 16:54:35,895 [ERROR] LogOutputStream:75 - [STDERR_REDIRECT] Sep 13, 2026 4:54:35 PM java.util.prefs.FileSystemPreferences checkLockFile0ErrorCode
2026-09-13 16:54:35,895 [ERROR] LogOutputStream:75 - [STDERR_REDIRECT] WARNING: Could not lock System prefs. Unix error code 5.
2026-09-13 16:54:35,895 [ERROR] LogOutputStream:75 - [STDERR_REDIRECT] 
2026-09-13 16:54:35,895 [ERROR] LogOutputStream:75 - [STDERR_REDIRECT] Sep 13, 2026 4:54:35 PM java.util.prefs.FileSystemPreferences syncWorld
2026-09-13 16:54:35,896 [ERROR] LogOutputStream:75 - [STDERR_REDIRECT] WARNING: Couldn't flush system prefs: java.util.prefs.BackingStoreException: Couldn't get file lock.
2026-09-13 16:54:35,896 [ERROR] LogOutputStream:75 - [STDERR_REDIRECT] 
2026-09-13 16:55:05,894 [ERROR] LogOutputStream:75 - [STDERR_REDIRECT] Sep 13, 2026 4:55:05 PM java.util.prefs.FileSystemPreferences checkLockFile0ErrorCode
2026-09-13 16:55:05,895 [ERROR] LogOutputStream:75 - [STDERR_REDIRECT] WARNING: Could not lock System prefs. Unix error code 5.
2026-09-13 16:55:05,895 [ERROR] LogOutputStream:75 - [STDERR_REDIRECT] 
2026-09-13 16:55:05,895 [ERROR] LogOutputStream:75 - [STDERR_REDIRECT] Sep 13, 2026 4:55:05 PM java.util.prefs.FileSystemPreferences syncWorld
2026-09-13 16:55:05,895 [ERROR] LogOutputStream:75 - [STDERR_REDIRECT] WARNING: Couldn't flush system prefs: java.util.prefs.BackingStoreException: Couldn't get file lock.
2026-09-13 16:55:05,895 [ERROR] LogOutputStream:75 - [STDERR_REDIRECT] 
2026-09-13 16:55:35,896 [ERROR] LogOutputStream:75 - [STDERR_REDIRECT] Sep 13, 2026 4:55:35 PM java.util.prefs.FileSystemPreferences checkLockFile0ErrorCode
2026-09-13 16:55:35,896 [ERROR] LogOutputStream:75 - [STDERR_REDIRECT] WARNING: Could not lock System prefs. Unix error code 5.
2026-09-13 16:55:35,896 [ERROR] LogOutputStream:75 - [STDERR_REDIRECT] 
2026-09-13 16:55:35,896 [ERROR] LogOutputStream:75 - [STDERR_REDIRECT] Sep 13, 2026 4:55:35 PM java.util.prefs.FileSystemPreferences syncWorld
2026-09-13 16:55:35,896 [ERROR] LogOutputStream:75 - [STDERR_REDIRECT] WARNING: Couldn't flush system prefs: java.util.prefs.BackingStoreException: Couldn't get file lock.
2026-09-13 16:55:35,896 [ERROR] LogOutputStream:75 - [STDERR_REDIRECT] 
2026-09-13 16:56:05,895 [ERROR] LogOutputStream:75 - [STDERR_REDIRECT] Sep 13, 2026 4:56:05 PM java.util.prefs.FileSystemPreferences checkLockFile0ErrorCode
2026-09-13 16:56:05,895 [ERROR] LogOutputStream:75 - [STDERR_REDIRECT] WARNING: Could not lock System prefs. Unix error code 5.
2026-09-13 16:56:05,896 [ERROR] LogOutputStream:75 - [STDERR_REDIRECT] 
2026-09-13 16:56:05,896 [ERROR] LogOutputStream:75 - [STDERR_REDIRECT] Sep 13, 2026 4:56:05 PM java.util.prefs.FileSystemPreferences syncWorld
2026-09-13 16:56:05,896 [ERROR] LogOutputStream:75 - [STDERR_REDIRECT] WARNING: Couldn't flush system prefs: java.util.prefs.BackingStoreException: Couldn't get file lock.
2026-09-13 16:56:05,896 [ERROR] LogOutputStream:75 - [STDERR_REDIRECT] 
2026-09-13 16:56:35,896 [ERROR] LogOutputStream:75 - [STDERR_REDIRECT] Sep 13, 2026 4:56:35 PM java.util.prefs.FileSystemPreferences checkLockFile0ErrorCode
2026-09-13 16:56:35,896 [ERROR] LogOutputStream:75 - [STDERR_REDIRECT] WARNING: Could not lock System prefs. Unix error code 5.
2026-09-13 16:56:35,896 [ERROR] LogOutputStream:75 - [STDERR_REDIRECT] 
2026-09-13 16:56:35,897 [ERROR] LogOutputStream:75 - [STDERR_REDIRECT] Sep 13, 2026 4:56:35 PM java.util.prefs.FileSystemPreferences syncWorld
2026-09-13 16:56:35,897 [ERROR] LogOutputStream:75 - [STDERR_REDIRECT] WARNING: Couldn't flush system prefs: java.util.prefs.BackingStoreException: Couldn't get file lock.
2026-09-13 16:56:35,897 [ERROR] LogOutputStream:75 - [STDERR_REDIRECT] 
2026-09-13 16:57:05,898 [ERROR] LogOutputStream:75 - [STDERR_REDIRECT] Sep 13, 2026 4:57:05 PM java.util.prefs.FileSystemPreferences checkLockFile0ErrorCode
2026-09-13 16:57:05,898 [ERROR] LogOutputStream:75 - [STDERR_REDIRECT] WARNING: Could not lock System prefs. Unix error code 5.
2026-09-13 16:57:05,898 [ERROR] LogOutputStream:75 - [STDERR_REDIRECT] 
2026-09-13 16:57:05,899 [ERROR] LogOutputStream:75 - [STDERR_REDIRECT] Sep 13, 2026 4:57:05 PM java.util.prefs.FileSystemPreferences syncWorld
2026-09-13 16:57:05,899 [ERROR] LogOutputStream:75 - [STDERR_REDIRECT] WARNING: Couldn't flush system prefs: java.util.prefs.BackingStoreException: Couldn't get file lock.
2026-09-13 16:57:05,899 [ERROR] LogOutputStream:75 - [STDERR_REDIRECT] 
2026-09-13 16:57:35,897 [ERROR] LogOutputStream:75 - [STDERR_REDIRECT] Sep 13, 2026 4:57:35 PM java.util.prefs.FileSystemPreferences checkLockFile0ErrorCode
2026-09-13 16:57:35,899 [ERROR] LogOutputStream:75 - [STDERR_REDIRECT] WARNING: Could not lock System prefs. Unix error code 5.
2026-09-13 16:57:35,899 [ERROR] LogOutputStream:75 - [STDERR_REDIRECT] 
2026-09-13 16:57:35,899 [ERROR] LogOutputStream:75 - [STDERR_REDIRECT] Sep 13, 2026 4:57:35 PM java.util.prefs.FileSystemPreferences syncWorld
2026-09-13 16:57:35,900 [ERROR] LogOutputStream:75 - [STDERR_REDIRECT] WARNING: Couldn't flush system prefs: java.util.prefs.BackingStoreException: Couldn't get file lock.
2026-09-13 16:57:35,900 [ERROR] LogOutputStream:75 - [STDERR_REDIRECT] 
2026-09-13 16:58:05,895 [ERROR] LogOutputStream:75 - [STDERR_REDIRECT] Sep 13, 2026 4:58:05 PM java.util.prefs.FileSystemPreferences checkLockFile0ErrorCode
2026-09-13 16:58:05,895 [ERROR] LogOutputStream:75 - [STDERR_REDIRECT] WARNING: Could not lock System prefs. Unix error code 5.
2026-09-13 16:58:05,896 [ERROR] LogOutputStream:75 - [STDERR_REDIRECT] 
2026-09-13 16:58:05,896 [ERROR] LogOutputStream:75 - [STDERR_REDIRECT] Sep 13, 2026 4:58:05 PM java.util.prefs.FileSystemPreferences syncWorld
2026-09-13 16:58:05,896 [ERROR] LogOutputStream:75 - [STDERR_REDIRECT] WARNING: Couldn't flush system prefs: java.util.prefs.BackingStoreException: Couldn't get file lock.
2026-09-13 16:58:05,896 [ERROR] LogOutputStream:75 - [STDERR_REDIRECT] 
2026-09-13 16:58:35,896 [ERROR] LogOutputStream:75 - [STDERR_REDIRECT] Sep 13, 2026 4:58:35 PM java.util.prefs.FileSystemPreferences checkLockFile0ErrorCode
2026-09-13 16:58:35,896 [ERROR] LogOutputStream:75 - [STDERR_REDIRECT] WARNING: Could not lock System prefs. Unix error code 5.
2026-09-13 16:58:35,896 [ERROR] LogOutputStream:75 - [STDERR_REDIRECT] 
2026-09-13 16:58:35,896 [ERROR] LogOutputStream:75 - [STDERR_REDIRECT] Sep 13, 2026 4:58:35 PM java.util.prefs.FileSystemPreferences syncWorld
2026-09-13 16:58:35,896 [ERROR] LogOutputStream:75 - [STDERR_REDIRECT] WARNING: Couldn't flush system prefs: java.util.prefs.BackingStoreException: Couldn't get file lock.
2026-09-13 16:58:35,897 [ERROR] LogOutputStream:75 - [STDERR_REDIRECT] 
2026-09-13 16:59:05,895 [ERROR] LogOutputStream:75 - [STDERR_REDIRECT] Sep 13, 2026 4:59:05 PM java.util.prefs.FileSystemPreferences checkLockFile0ErrorCode
2026-09-13 16:59:05,896 [ERROR] LogOutputStream:75 - [STDERR_REDIRECT] WARNING: Could not lock System prefs. Unix error code 5.
2026-09-13 16:59:05,896 [ERROR] LogOutputStream:75 - [STDERR_REDIRECT] 
2026-09-13 16:59:05,896 [ERROR] LogOutputStream:75 - [STDERR_REDIRECT] Sep 13, 2026 4:59:05 PM java.util.prefs.FileSystemPreferences syncWorld
2026-09-13 16:59:05,896 [ERROR] LogOutputStream:75 - [STDERR_REDIRECT] WARNING: Couldn't flush system prefs: java.util.prefs.BackingStoreException: Couldn't get file lock.
2026-09-13 16:59:05,896 [ERROR] LogOutputStream:75 - [STDERR_REDIRECT] 
2026-09-13 16:59:35,927 [ERROR] LogOutputStream:75 - [STDERR_REDIRECT] Sep 13, 2026 4:59:35 PM java.util.prefs.FileSystemPreferences checkLockFile0ErrorCode
2026-09-13 16:59:35,927 [ERROR] LogOutputStream:75 - [STDERR_REDIRECT] WARNING: Could not lock System prefs. Unix error code 5.
2026-09-13 16:59:35,927 [ERROR] LogOutputStream:75 - [STDERR_REDIRECT] 
2026-09-13 16:59:35,928 [ERROR] LogOutputStream:75 - [STDERR_REDIRECT] Sep 13, 2026 4:59:35 PM java.util.prefs.FileSystemPreferences syncWorld
2026-09-13 16:59:35,928 [ERROR] LogOutputStream:75 - [STDERR_REDIRECT] WARNING: Couldn't flush system prefs: java.util.prefs.BackingStoreException: Couldn't get file lock.
2026-09-13 16:59:35,928 [ERROR] LogOutputStream:75 - [STDERR_REDIRECT] 
2026-09-13 17:00:05,926 [ERROR] LogOutputStream:75 - [STDERR_REDIRECT] Sep 13, 2026 5:00:05 PM java.util.prefs.FileSystemPreferences checkLockFile0ErrorCode
2026-09-13 17:00:05,927 [ERROR] LogOutputStream:75 - [STDERR_REDIRECT] WARNING: Could not lock System prefs. Unix error code 5.
2026-09-13 17:00:05,927 [ERROR] LogOutputStream:75 - [STDERR_REDIRECT] 
2026-09-13 17:00:05,927 [ERROR] LogOutputStream:75 - [STDERR_REDIRECT] Sep 13, 2026 5:00:05 PM java.util.prefs.FileSystemPreferences syncWorld
2026-09-13 17:00:05,927 [ERROR] LogOutputStream:75 - [STDERR_REDIRECT] WARNING: Couldn't flush system prefs: java.util.prefs.BackingStoreException: Couldn't get file lock.
2026-09-13 17:00:05,927 [ERROR] LogOutputStream:75 - [STDERR_REDIRECT] 
2026-09-13 17:00:35,927 [ERROR] LogOutputStream:75 - [STDERR_REDIRECT] Sep 13, 2026 5:00:35 PM java.util.prefs.FileSystemPreferences checkLockFile0ErrorCode
2026-09-13 17:00:35,927 [ERROR] LogOutputStream:75 - [STDERR_REDIRECT] WARNING: Could not lock System prefs. Unix error code 5.
2026-09-13 17:00:35,927 [ERROR] LogOutputStream:75 - [STDERR_REDIRECT] 
2026-09-13 17:00:35,929 [ERROR] LogOutputStream:75 - [STDERR_REDIRECT] Sep 13, 2026 5:00:35 PM java.util.prefs.FileSystemPreferences syncWorld
2026-09-13 17:00:35,929 [ERROR] LogOutputStream:75 - [STDERR_REDIRECT] WARNING: Couldn't flush system prefs: java.util.prefs.BackingStoreException: Couldn't get file lock.
2026-09-13 17:00:35,929 [ERROR] LogOutputStream:75 - [STDERR_REDIRECT] 
2026-09-13 17:01:05,928 [ERROR] LogOutputStream:75 - [STDERR_REDIRECT] Sep 13, 2026 5:01:05 PM java.util.prefs.FileSystemPreferences checkLockFile0ErrorCode
2026-09-13 17:01:05,928 [ERROR] LogOutputStream:75 - [STDERR_REDIRECT] WARNING: Could not lock System prefs. Unix error code 5.
2026-09-13 17:01:05,928 [ERROR] LogOutputStream:75 - [STDERR_REDIRECT] 
2026-09-13 17:01:05,928 [ERROR] LogOutputStream:75 - [STDERR_REDIRECT] Sep 13, 2026 5:01:05 PM java.util.prefs.FileSystemPreferences syncWorld
2026-09-13 17:01:05,929 [ERROR] LogOutputStream:75 - [STDERR_REDIRECT] WARNING: Couldn't flush system prefs: java.util.prefs.BackingStoreException: Couldn't get file lock.
2026-09-13 17:01:05,929 [ERROR] LogOutputStream:75 - [STDERR_REDIRECT] 
2026-09-13 17:01:35,927 [ERROR] LogOutputStream:75 - [STDERR_REDIRECT] Sep 13, 2026 5:01:35 PM java.util.prefs.FileSystemPreferences checkLockFile0ErrorCode
2026-09-13 17:01:35,928 [ERROR] LogOutputStream:75 - [STDERR_REDIRECT] WARNING: Could not lock System prefs. Unix error code 5.
2026-09-13 17:01:35,928 [ERROR] LogOutputStream:75 - [STDERR_REDIRECT] 
2026-09-13 17:01:35,928 [ERROR] LogOutputStream:75 - [STDERR_REDIRECT] Sep 13, 2026 5:01:35 PM java.util.prefs.FileSystemPreferences syncWorld
2026-09-13 17:01:35,928 [ERROR] LogOutputStream:75 - [STDERR_REDIRECT] WARNING: Couldn't flush system prefs: java.util.prefs.BackingStoreException: Couldn't get file lock.
2026-09-13 17:01:35,928 [ERROR] LogOutputStream:75 - [STDERR_REDIRECT] 
2026-09-13 17:02:05,928 [ERROR] LogOutputStream:75 - [STDERR_REDIRECT] Sep 13, 2026 5:02:05 PM java.util.prefs.FileSystemPreferences checkLockFile0ErrorCode
2026-09-13 17:02:05,928 [ERROR] LogOutputStream:75 - [STDERR_REDIRECT] WARNING: Could not lock System prefs. Unix error code 5.
2026-09-13 17:02:05,928 [ERROR] LogOutputStream:75 - [STDERR_REDIRECT] 
2026-09-13 17:02:05,928 [ERROR] LogOutputStream:75 - [STDERR_REDIRECT] Sep 13, 2026 5:02:05 PM java.util.prefs.FileSystemPreferences syncWorld
2026-09-13 17:02:05,929 [ERROR] LogOutputStream:75 - [STDERR_REDIRECT] WARNING: Couldn't flush system prefs: java.util.prefs.BackingStoreException: Couldn't get file lock.
2026-09-13 17:02:05,929 [ERROR] LogOutputStream:75 - [STDERR_REDIRECT] 
2026-09-13 17:02:35,927 [ERROR] LogOutputStream:75 - [STDERR_REDIRECT] Sep 13, 2026 5:02:35 PM java.util.prefs.FileSystemPreferences checkLockFile0ErrorCode
2026-09-13 17:02:35,927 [ERROR] LogOutputStream:75 - [STDERR_REDIRECT] WARNING: Could not lock System prefs. Unix error code 5.
2026-09-13 17:02:35,927 [ERROR] LogOutputStream:75 - [STDERR_REDIRECT] 
2026-09-13 17:02:35,928 [ERROR] LogOutputStream:75 - [STDERR_REDIRECT] Sep 13, 2026 5:02:35 PM java.util.prefs.FileSystemPreferences syncWorld
2026-09-13 17:02:35,928 [ERROR] LogOutputStream:75 - [STDERR_REDIRECT] WARNING: Couldn't flush system prefs: java.util.prefs.BackingStoreException: Couldn't get file lock.
2026-09-13 17:02:35,928 [ERROR] LogOutputStream:75 - [STDERR_REDIRECT] 
2026-09-13 17:03:05,928 [ERROR] LogOutputStream:75 - [STDERR_REDIRECT] Sep 13, 2026 5:03:05 PM java.util.prefs.FileSystemPreferences checkLockFile0ErrorCode
2026-09-13 17:03:05,928 [ERROR] LogOutputStream:75 - [STDERR_REDIRECT] WARNING: Could not lock System prefs. Unix error code 5.
2026-09-13 17:03:05,928 [ERROR] LogOutputStream:75 - [STDERR_REDIRECT] 
2026-09-13 17:03:05,928 [ERROR] LogOutputStream:75 - [STDERR_REDIRECT] Sep 13, 2026 5:03:05 PM java.util.prefs.FileSystemPreferences syncWorld
2026-09-13 17:03:05,929 [ERROR] LogOutputStream:75 - [STDERR_REDIRECT] WARNING: Couldn't flush system prefs: java.util.prefs.BackingStoreException: Couldn't get file lock.
2026-09-13 17:03:05,929 [ERROR] LogOutputStream:75 - [STDERR_REDIRECT] 
2026-09-13 17:03:35,927 [ERROR] LogOutputStream:75 - [STDERR_REDIRECT] Sep 13, 2026 5:03:35 PM java.util.prefs.FileSystemPreferences checkLockFile0ErrorCode
2026-09-13 17:03:35,927 [ERROR] LogOutputStream:75 - [STDERR_REDIRECT] WARNING: Could not lock System prefs. Unix error code 5.
2026-09-13 17:03:35,929 [ERROR] LogOutputStream:75 - [STDERR_REDIRECT] 
2026-09-13 17:03:35,929 [ERROR] LogOutputStream:75 - [STDERR_REDIRECT] Sep 13, 2026 5:03:35 PM java.util.prefs.FileSystemPreferences syncWorld
2026-09-13 17:03:35,929 [ERROR] LogOutputStream:75 - [STDERR_REDIRECT] WARNING: Couldn't flush system prefs: java.util.prefs.BackingStoreException: Couldn't get file lock.
2026-09-13 17:03:35,929 [ERROR] LogOutputStream:75 - [STDERR_REDIRECT] 
2026-09-13 17:04:05,928 [ERROR] LogOutputStream:75 - [STDERR_REDIRECT] Sep 13, 2026 5:04:05 PM java.util.prefs.FileSystemPreferences checkLockFile0ErrorCode
2026-09-13 17:04:05,928 [ERROR] LogOutputStream:75 - [STDERR_REDIRECT] WARNING: Could not lock System prefs. Unix error code 5.
2026-09-13 17:04:05,928 [ERROR] LogOutputStream:75 - [STDERR_REDIRECT] 
2026-09-13 17:04:05,928 [ERROR] LogOutputStream:75 - [STDERR_REDIRECT] Sep 13, 2026 5:04:05 PM java.util.prefs.FileSystemPreferences syncWorld
2026-09-13 17:04:05,928 [ERROR] LogOutputStream:75 - [STDERR_REDIRECT] WARNING: Couldn't flush system prefs: java.util.prefs.BackingStoreException: Couldn't get file lock.
2026-09-13 17:04:05,928 [ERROR] LogOutputStream:75 - [STDERR_REDIRECT] 
2026-09-13 17:04:35,928 [ERROR] LogOutputStream:75 - [STDERR_REDIRECT] Sep 13, 2026 5:04:35 PM java.util.prefs.FileSystemPreferences checkLockFile0ErrorCode
2026-09-13 17:04:35,928 [ERROR] LogOutputStream:75 - [STDERR_REDIRECT] WARNING: Could not lock System prefs. Unix error code 5.
2026-09-13 17:04:35,929 [ERROR] LogOutputStream:75 - [STDERR_REDIRECT] 
2026-09-13 17:04:35,929 [ERROR] LogOutputStream:75 - [STDERR_REDIRECT] Sep 13, 2026 5:04:35 PM java.util.prefs.FileSystemPreferences syncWorld
2026-09-13 17:04:35,929 [ERROR] LogOutputStream:75 - [STDERR_REDIRECT] WARNING: Couldn't flush system prefs: java.util.prefs.BackingStoreException: Couldn't get file lock.
2026-09-13 17:04:35,929 [ERROR] LogOutputStream:75 - [STDERR_REDIRECT] 
2026-09-13 17:05:05,929 [ERROR] LogOutputStream:75 - [STDERR_REDIRECT] Sep 13, 2026 5:05:05 PM java.util.prefs.FileSystemPreferences checkLockFile0ErrorCode
2026-09-13 17:05:05,929 [ERROR] LogOutputStream:75 - [STDERR_REDIRECT] WARNING: Could not lock System prefs. Unix error code 5.
2026-09-13 17:05:05,929 [ERROR] LogOutputStream:75 - [STDERR_REDIRECT] 
2026-09-13 17:05:05,929 [ERROR] LogOutputStream:75 - [STDERR_REDIRECT] Sep 13, 2026 5:05:05 PM java.util.prefs.FileSystemPreferences syncWorld
2026-09-13 17:05:05,930 [ERROR] LogOutputStream:75 - [STDERR_REDIRECT] WARNING: Couldn't flush system prefs: java.util.prefs.BackingStoreException: Couldn't get file lock.
2026-09-13 17:05:05,930 [ERROR] LogOutputStream:75 - [STDERR_REDIRECT] 
2026-09-13 17:05:35,928 [ERROR] LogOutputStream:75 - [STDERR_REDIRECT] Sep 13, 2026 5:05:35 PM java.util.prefs.FileSystemPreferences checkLockFile0ErrorCode
2026-09-13 17:05:35,929 [ERROR] LogOutputStream:75 - [STDERR_REDIRECT] WARNING: Could not lock System prefs. Unix error code 5.
2026-09-13 17:05:35,929 [ERROR] LogOutputStream:75 - [STDERR_REDIRECT] 
2026-09-13 17:05:35,929 [ERROR] LogOutputStream:75 - [STDERR_REDIRECT] Sep 13, 2026 5:05:35 PM java.util.prefs.FileSystemPreferences syncWorld
2026-09-13 17:05:35,929 [ERROR] LogOutputStream:75 - [STDERR_REDIRECT] WARNING: Couldn't flush system prefs: java.util.prefs.BackingStoreException: Couldn't get file lock.
2026-09-13 17:05:35,929 [ERROR] LogOutputStream:75 - [STDERR_REDIRECT] 
2026-09-13 17:06:05,929 [ERROR] LogOutputStream:75 - [STDERR_REDIRECT] Sep 13, 2026 5:06:05 PM java.util.prefs.FileSystemPreferences checkLockFile0ErrorCode
2026-09-13 17:06:05,929 [ERROR] LogOutputStream:75 - [STDERR_REDIRECT] WARNING: Could not lock System prefs. Unix error code 5.
2026-09-13 17:06:05,929 [ERROR] LogOutputStream:75 - [STDERR_REDIRECT] 
2026-09-13 17:06:05,930 [ERROR] LogOutputStream:75 - [STDERR_REDIRECT] Sep 13, 2026 5:06:05 PM java.util.prefs.FileSystemPreferences syncWorld
2026-09-13 17:06:05,930 [ERROR] LogOutputStream:75 - [STDERR_REDIRECT] WARNING: Couldn't flush system prefs: java.util.prefs.BackingStoreException: Couldn't get file lock.
2026-09-13 17:06:05,930 [ERROR] LogOutputStream:75 - [STDERR_REDIRECT] 
2026-09-13 17:06:35,929 [ERROR] LogOutputStream:75 - [STDERR_REDIRECT] Sep 13, 2026 5:06:35 PM java.util.prefs.FileSystemPreferences checkLockFile0ErrorCode
2026-09-13 17:06:35,930 [ERROR] LogOutputStream:75 - [STDERR_REDIRECT] WARNING: Could not lock System prefs. Unix error code 5.
2026-09-13 17:06:35,930 [ERROR] LogOutputStream:75 - [STDERR_REDIRECT] 
2026-09-13 17:06:35,930 [ERROR] LogOutputStream:75 - [STDERR_REDIRECT] Sep 13, 2026 5:06:35 PM java.util.prefs.FileSystemPreferences syncWorld
2026-09-13 17:06:35,930 [ERROR] LogOutputStream:75 - [STDERR_REDIRECT] WARNING: Couldn't flush system prefs: java.util.prefs.BackingStoreException: Couldn't get file lock.
2026-09-13 17:06:35,930 [ERROR] LogOutputStream:75 - [STDERR_REDIRECT] 
2026-09-13 17:07:05,930 [ERROR] LogOutputStream:75 - [STDERR_REDIRECT] Sep 13, 2026 5:07:05 PM java.util.prefs.FileSystemPreferences checkLockFile0ErrorCode
2026-09-13 17:07:05,930 [ERROR] LogOutputStream:75 - [STDERR_REDIRECT] WARNING: Could not lock System prefs. Unix error code 5.
2026-09-13 17:07:05,931 [ERROR] LogOutputStream:75 - [STDERR_REDIRECT] 
2026-09-13 17:07:05,931 [ERROR] LogOutputStream:75 - [STDERR_REDIRECT] Sep 13, 2026 5:07:05 PM java.util.prefs.FileSystemPreferences syncWorld
2026-09-13 17:07:05,931 [ERROR] LogOutputStream:75 - [STDERR_REDIRECT] WARNING: Couldn't flush system prefs: java.util.prefs.BackingStoreException: Couldn't get file lock.
2026-09-13 17:07:05,931 [ERROR] LogOutputStream:75 - [STDERR_REDIRECT] 
2026-09-13 17:07:35,961 [ERROR] LogOutputStream:75 - [STDERR_REDIRECT] Sep 13, 2026 5:07:35 PM java.util.prefs.FileSystemPreferences checkLockFile0ErrorCode
2026-09-13 17:07:35,962 [ERROR] LogOutputStream:75 - [STDERR_REDIRECT] WARNING: Could not lock System prefs. Unix error code 5.
2026-09-13 17:07:35,962 [ERROR] LogOutputStream:75 - [STDERR_REDIRECT] 
2026-09-13 17:07:35,963 [ERROR] LogOutputStream:75 - [STDERR_REDIRECT] Sep 13, 2026 5:07:35 PM java.util.prefs.FileSystemPreferences syncWorld
2026-09-13 17:07:35,963 [ERROR] LogOutputStream:75 - [STDERR_REDIRECT] WARNING: Couldn't flush system prefs: java.util.prefs.BackingStoreException: Couldn't get file lock.
2026-09-13 17:07:35,963 [ERROR] LogOutputStream:75 - [STDERR_REDIRECT] 
2026-09-13 17:08:05,934 [ERROR] LogOutputStream:75 - [STDERR_REDIRECT] Sep 13, 2026 5:08:05 PM java.util.prefs.FileSystemPreferences checkLockFile0ErrorCode
2026-09-13 17:08:05,934 [ERROR] LogOutputStream:75 - [STDERR_REDIRECT] WARNING: Could not lock System prefs. Unix error code 5.
2026-09-13 17:08:05,935 [ERROR] LogOutputStream:75 - [STDERR_REDIRECT] 
2026-09-13 17:08:05,936 [ERROR] LogOutputStream:75 - [STDERR_REDIRECT] Sep 13, 2026 5:08:05 PM java.util.prefs.FileSystemPreferences syncWorld
2026-09-13 17:08:05,937 [ERROR] LogOutputStream:75 - [STDERR_REDIRECT] WARNING: Couldn't flush system prefs: java.util.prefs.BackingStoreException: Couldn't get file lock.
2026-09-13 17:08:05,937 [ERROR] LogOutputStream:75 - [STDERR_REDIRECT] 
2026-09-13 17:08:35,933 [ERROR] LogOutputStream:75 - [STDERR_REDIRECT] Sep 13, 2026 5:08:35 PM java.util.prefs.FileSystemPreferences checkLockFile0ErrorCode
2026-09-13 17:08:35,934 [ERROR] LogOutputStream:75 - [STDERR_REDIRECT] WARNING: Could not lock System prefs. Unix error code 5.
2026-09-13 17:08:35,934 [ERROR] LogOutputStream:75 - [STDERR_REDIRECT] 
2026-09-13 17:08:35,934 [ERROR] LogOutputStream:75 - [STDERR_REDIRECT] Sep 13, 2026 5:08:35 PM java.util.prefs.FileSystemPreferences syncWorld
2026-09-13 17:08:35,934 [ERROR] LogOutputStream:75 - [STDERR_REDIRECT] WARNING: Couldn't flush system prefs: java.util.prefs.BackingStoreException: Couldn't get file lock.
2026-09-13 17:08:35,934 [ERROR] LogOutputStream:75 - [STDERR_REDIRECT] 
2026-09-13 17:09:05,934 [ERROR] LogOutputStream:75 - [STDERR_REDIRECT] Sep 13, 2026 5:09:05 PM java.util.prefs.FileSystemPreferences checkLockFile0ErrorCode
2026-09-13 17:09:05,934 [ERROR] LogOutputStream:75 - [STDERR_REDIRECT] WARNING: Could not lock System prefs. Unix error code 5.
2026-09-13 17:09:05,934 [ERROR] LogOutputStream:75 - [STDERR_REDIRECT] 
2026-09-13 17:09:05,935 [ERROR] LogOutputStream:75 - [STDERR_REDIRECT] Sep 13, 2026 5:09:05 PM java.util.prefs.FileSystemPreferences syncWorld
2026-09-13 17:09:05,935 [ERROR] LogOutputStream:75 - [STDERR_REDIRECT] WARNING: Couldn't flush system prefs: java.util.prefs.BackingStoreException: Couldn't get file lock.
2026-09-13 17:09:05,935 [ERROR] LogOutputStream:75 - [STDERR_REDIRECT] 
2026-09-13 17:09:35,934 [ERROR] LogOutputStream:75 - [STDERR_REDIRECT] Sep 13, 2026 5:09:35 PM java.util.prefs.FileSystemPreferences checkLockFile0ErrorCode
2026-09-13 17:09:35,934 [ERROR] LogOutputStream:75 - [STDERR_REDIRECT] WARNING: Could not lock System prefs. Unix error code 5.
2026-09-13 17:09:35,934 [ERROR] LogOutputStream:75 - [STDERR_REDIRECT] 
2026-09-13 17:09:35,934 [ERROR] LogOutputStream:75 - [STDERR_REDIRECT] Sep 13, 2026 5:09:35 PM java.util.prefs.FileSystemPreferences syncWorld
2026-09-13 17:09:35,934 [ERROR] LogOutputStream:75 - [STDERR_REDIRECT] WARNING: Couldn't flush system prefs: java.util.prefs.BackingStoreException: Couldn't get file lock.
2026-09-13 17:09:35,934 [ERROR] LogOutputStream:75 - [STDERR_REDIRECT] 
2026-09-13 17:10:05,935 [ERROR] LogOutputStream:75 - [STDERR_REDIRECT] Sep 13, 2026 5:10:05 PM java.util.prefs.FileSystemPreferences checkLockFile0ErrorCode
2026-09-13 17:10:05,935 [ERROR] LogOutputStream:75 - [STDERR_REDIRECT] WARNING: Could not lock System prefs. Unix error code 5.
2026-09-13 17:10:05,936 [ERROR] LogOutputStream:75 - [STDERR_REDIRECT] 
2026-09-13 17:10:05,936 [ERROR] LogOutputStream:75 - [STDERR_REDIRECT] Sep 13, 2026 5:10:05 PM java.util.prefs.FileSystemPreferences syncWorld
2026-09-13 17:10:05,936 [ERROR] LogOutputStream:75 - [STDERR_REDIRECT] WARNING: Couldn't flush system prefs: java.util.prefs.BackingStoreException: Couldn't get file lock.
2026-09-13 17:10:05,936 [ERROR] LogOutputStream:75 - [STDERR_REDIRECT] 
2026-09-13 17:10:35,944 [ERROR] LogOutputStream:75 - [STDERR_REDIRECT] Sep 13, 2026 5:10:35 PM java.util.prefs.FileSystemPreferences checkLockFile0ErrorCode
2026-09-13 17:10:35,946 [ERROR] LogOutputStream:75 - [STDERR_REDIRECT] WARNING: Could not lock System prefs. Unix error code 5.
2026-09-13 17:10:35,946 [ERROR] LogOutputStream:75 - [STDERR_REDIRECT] 
2026-09-13 17:10:35,946 [ERROR] LogOutputStream:75 - [STDERR_REDIRECT] Sep 13, 2026 5:10:35 PM java.util.prefs.FileSystemPreferences syncWorld
2026-09-13 17:10:35,946 [ERROR] LogOutputStream:75 - [STDERR_REDIRECT] WARNING: Couldn't flush system prefs: java.util.prefs.BackingStoreException: Couldn't get file lock.
2026-09-13 17:10:35,946 [ERROR] LogOutputStream:75 - [STDERR_REDIRECT] 
2026-09-13 17:11:05,934 [ERROR] LogOutputStream:75 - [STDERR_REDIRECT] Sep 13, 2026 5:11:05 PM java.util.prefs.FileSystemPreferences checkLockFile0ErrorCode
2026-09-13 17:11:05,934 [ERROR] LogOutputStream:75 - [STDERR_REDIRECT] WARNING: Could not lock System prefs. Unix error code 5.
2026-09-13 17:11:05,934 [ERROR] LogOutputStream:75 - [STDERR_REDIRECT] 
2026-09-13 17:11:05,934 [ERROR] LogOutputStream:75 - [STDERR_REDIRECT] Sep 13, 2026 5:11:05 PM java.util.prefs.FileSystemPreferences syncWorld
2026-09-13 17:11:05,934 [ERROR] LogOutputStream:75 - [STDERR_REDIRECT] WARNING: Couldn't flush system prefs: java.util.prefs.BackingStoreException: Couldn't get file lock.
2026-09-13 17:11:05,935 [ERROR] LogOutputStream:75 - [STDERR_REDIRECT] 
2026-09-13 17:11:35,934 [ERROR] LogOutputStream:75 - [STDERR_REDIRECT] Sep 13, 2026 5:11:35 PM java.util.prefs.FileSystemPreferences checkLockFile0ErrorCode
2026-09-13 17:11:35,934 [ERROR] LogOutputStream:75 - [STDERR_REDIRECT] WARNING: Could not lock System prefs. Unix error code 5.
2026-09-13 17:11:35,934 [ERROR] LogOutputStream:75 - [STDERR_REDIRECT] 
2026-09-13 17:11:35,934 [ERROR] LogOutputStream:75 - [STDERR_REDIRECT] Sep 13, 2026 5:11:35 PM java.util.prefs.FileSystemPreferences syncWorld
2026-09-13 17:11:35,934 [ERROR] LogOutputStream:75 - [STDERR_REDIRECT] WARNING: Couldn't flush system prefs: java.util.prefs.BackingStoreException: Couldn't get file lock.
2026-09-13 17:11:35,935 [ERROR] LogOutputStream:75 - [STDERR_REDIRECT] 
2026-09-13 17:12:05,961 [ERROR] LogOutputStream:75 - [STDERR_REDIRECT] Sep 13, 2026 5:12:05 PM java.util.prefs.FileSystemPreferences checkLockFile0ErrorCode
2026-09-13 17:12:05,961 [ERROR] LogOutputStream:75 - [STDERR_REDIRECT] WARNING: Could not lock System prefs. Unix error code 5.
2026-09-13 17:12:05,961 [ERROR] LogOutputStream:75 - [STDERR_REDIRECT] 
2026-09-13 17:12:05,961 [ERROR] LogOutputStream:75 - [STDERR_REDIRECT] Sep 13, 2026 5:12:05 PM java.util.prefs.FileSystemPreferences syncWorld
2026-09-13 17:12:05,962 [ERROR] LogOutputStream:75 - [STDERR_REDIRECT] WARNING: Couldn't flush system prefs: java.util.prefs.BackingStoreException: Couldn't get file lock.
2026-09-13 17:12:05,962 [ERROR] LogOutputStream:75 - [STDERR_REDIRECT] 
2026-09-13 17:12:35,936 [ERROR] LogOutputStream:75 - [STDERR_REDIRECT] Sep 13, 2026 5:12:35 PM java.util.prefs.FileSystemPreferences checkLockFile0ErrorCode
2026-09-13 17:12:35,937 [ERROR] LogOutputStream:75 - [STDERR_REDIRECT] WARNING: Could not lock System prefs. Unix error code 5.
2026-09-13 17:12:35,937 [ERROR] LogOutputStream:75 - [STDERR_REDIRECT] 
2026-09-13 17:12:35,937 [ERROR] LogOutputStream:75 - [STDERR_REDIRECT] Sep 13, 2026 5:12:35 PM java.util.prefs.FileSystemPreferences syncWorld
2026-09-13 17:12:35,937 [ERROR] LogOutputStream:75 - [STDERR_REDIRECT] WARNING: Couldn't flush system prefs: java.util.prefs.BackingStoreException: Couldn't get file lock.
2026-09-13 17:12:35,937 [ERROR] LogOutputStream:75 - [STDERR_REDIRECT] 
2026-09-13 17:13:05,939 [ERROR] LogOutputStream:75 - [STDERR_REDIRECT] Sep 13, 2026 5:13:05 PM java.util.prefs.FileSystemPreferences checkLockFile0ErrorCode
2026-09-13 17:13:05,939 [ERROR] LogOutputStream:75 - [STDERR_REDIRECT] WARNING: Could not lock System prefs. Unix error code 5.
2026-09-13 17:13:05,939 [ERROR] LogOutputStream:75 - [STDERR_REDIRECT] 
2026-09-13 17:13:05,940 [ERROR] LogOutputStream:75 - [STDERR_REDIRECT] Sep 13, 2026 5:13:05 PM java.util.prefs.FileSystemPreferences syncWorld
2026-09-13 17:13:05,940 [ERROR] LogOutputStream:75 - [STDERR_REDIRECT] WARNING: Couldn't flush system prefs: java.util.prefs.BackingStoreException: Couldn't get file lock.
2026-09-13 17:13:05,940 [ERROR] LogOutputStream:75 - [STDERR_REDIRECT] 
2026-09-13 17:13:35,936 [ERROR] LogOutputStream:75 - [STDERR_REDIRECT] Sep 13, 2026 5:13:35 PM java.util.prefs.FileSystemPreferences checkLockFile0ErrorCode
2026-09-13 17:13:35,936 [ERROR] LogOutputStream:75 - [STDERR_REDIRECT] WARNING: Could not lock System prefs. Unix error code 5.
2026-09-13 17:13:35,936 [ERROR] LogOutputStream:75 - [STDERR_REDIRECT] 
2026-09-13 17:13:35,937 [ERROR] LogOutputStream:75 - [STDERR_REDIRECT] Sep 13, 2026 5:13:35 PM java.util.prefs.FileSystemPreferences syncWorld
2026-09-13 17:13:35,937 [ERROR] LogOutputStream:75 - [STDERR_REDIRECT] WARNING: Couldn't flush system prefs: java.util.prefs.BackingStoreException: Couldn't get file lock.
2026-09-13 17:13:35,937 [ERROR] LogOutputStream:75 - [STDERR_REDIRECT] 
2026-09-13 17:14:05,935 [ERROR] LogOutputStream:75 - [STDERR_REDIRECT] Sep 13, 2026 5:14:05 PM java.util.prefs.FileSystemPreferences checkLockFile0ErrorCode
2026-09-13 17:14:05,935 [ERROR] LogOutputStream:75 - [STDERR_REDIRECT] WARNING: Could not lock System prefs. Unix error code 5.
2026-09-13 17:14:05,935 [ERROR] LogOutputStream:75 - [STDERR_REDIRECT] 
2026-09-13 17:14:05,935 [ERROR] LogOutputStream:75 - [STDERR_REDIRECT] Sep 13, 2026 5:14:05 PM java.util.prefs.FileSystemPreferences syncWorld
2026-09-13 17:14:05,935 [ERROR] LogOutputStream:75 - [STDERR_REDIRECT] WARNING: Couldn't flush system prefs: java.util.prefs.BackingStoreException: Couldn't get file lock.
2026-09-13 17:14:05,935 [ERROR] LogOutputStream:75 - [STDERR_REDIRECT] 
2026-09-13 17:14:35,936 [ERROR] LogOutputStream:75 - [STDERR_REDIRECT] Sep 13, 2026 5:14:35 PM java.util.prefs.FileSystemPreferences checkLockFile0ErrorCode
2026-09-13 17:14:35,937 [ERROR] LogOutputStream:75 - [STDERR_REDIRECT] WARNING: Could not lock System prefs. Unix error code 5.
2026-09-13 17:14:35,937 [ERROR] LogOutputStream:75 - [STDERR_REDIRECT] 
2026-09-13 17:14:35,937 [ERROR] LogOutputStream:75 - [STDERR_REDIRECT] Sep 13, 2026 5:14:35 PM java.util.prefs.FileSystemPreferences syncWorld
2026-09-13 17:14:35,937 [ERROR] LogOutputStream:75 - [STDERR_REDIRECT] WARNING: Couldn't flush system prefs: java.util.prefs.BackingStoreException: Couldn't get file lock.
2026-09-13 17:14:35,937 [ERROR] LogOutputStream:75 - [STDERR_REDIRECT] 
2026-09-13 17:15:05,976 [ERROR] LogOutputStream:75 - [STDERR_REDIRECT] Sep 13, 2026 5:15:05 PM java.util.prefs.FileSystemPreferences checkLockFile0ErrorCode
2026-09-13 17:15:05,993 [ERROR] LogOutputStream:75 - [STDERR_REDIRECT] WARNING: Could not lock System prefs. Unix error code 5.
2026-09-13 17:15:05,993 [ERROR] LogOutputStream:75 - [STDERR_REDIRECT] 
2026-09-13 17:15:05,993 [ERROR] LogOutputStream:75 - [STDERR_REDIRECT] Sep 13, 2026 5:15:05 PM java.util.prefs.FileSystemPreferences syncWorld
2026-09-13 17:15:05,994 [ERROR] LogOutputStream:75 - [STDERR_REDIRECT] WARNING: Couldn't flush system prefs: java.util.prefs.BackingStoreException: Couldn't get file lock.
2026-09-13 17:15:05,994 [ERROR] LogOutputStream:75 - [STDERR_REDIRECT] 
2026-09-13 17:15:35,940 [ERROR] LogOutputStream:75 - [STDERR_REDIRECT] Sep 13, 2026 5:15:35 PM java.util.prefs.FileSystemPreferences checkLockFile0ErrorCode
2026-09-13 17:15:35,940 [ERROR] LogOutputStream:75 - [STDERR_REDIRECT] WARNING: Could not lock System prefs. Unix error code 5.
2026-09-13 17:15:35,940 [ERROR] LogOutputStream:75 - [STDERR_REDIRECT] 
2026-09-13 17:15:35,941 [ERROR] LogOutputStream:75 - [STDERR_REDIRECT] Sep 13, 2026 5:15:35 PM java.util.prefs.FileSystemPreferences syncWorld
2026-09-13 17:15:35,941 [ERROR] LogOutputStream:75 - [STDERR_REDIRECT] WARNING: Couldn't flush system prefs: java.util.prefs.BackingStoreException: Couldn't get file lock.
2026-09-13 17:15:35,941 [ERROR] LogOutputStream:75 - [STDERR_REDIRECT] 
2026-09-13 17:16:05,942 [ERROR] LogOutputStream:75 - [STDERR_REDIRECT] Sep 13, 2026 5:16:05 PM java.util.prefs.FileSystemPreferences checkLockFile0ErrorCode
2026-09-13 17:16:05,943 [ERROR] LogOutputStream:75 - [STDERR_REDIRECT] WARNING: Could not lock System prefs. Unix error code 5.
2026-09-13 17:16:05,943 [ERROR] LogOutputStream:75 - [STDERR_REDIRECT] 
2026-09-13 17:16:05,943 [ERROR] LogOutputStream:75 - [STDERR_REDIRECT] Sep 13, 2026 5:16:05 PM java.util.prefs.FileSystemPreferences syncWorld
2026-09-13 17:16:05,943 [ERROR] LogOutputStream:75 - [STDERR_REDIRECT] WARNING: Couldn't flush system prefs: java.util.prefs.BackingStoreException: Couldn't get file lock.
2026-09-13 17:16:05,943 [ERROR] LogOutputStream:75 - [STDERR_REDIRECT] 
2026-09-13 17:16:35,939 [ERROR] LogOutputStream:75 - [STDERR_REDIRECT] Sep 13, 2026 5:16:35 PM java.util.prefs.FileSystemPreferences checkLockFile0ErrorCode
2026-09-13 17:16:35,939 [ERROR] LogOutputStream:75 - [STDERR_REDIRECT] WARNING: Could not lock System prefs. Unix error code 5.
2026-09-13 17:16:35,939 [ERROR] LogOutputStream:75 - [STDERR_REDIRECT] 
2026-09-13 17:16:35,939 [ERROR] LogOutputStream:75 - [STDERR_REDIRECT] Sep 13, 2026 5:16:35 PM java.util.prefs.FileSystemPreferences syncWorld
2026-09-13 17:16:35,939 [ERROR] LogOutputStream:75 - [STDERR_REDIRECT] WARNING: Couldn't flush system prefs: java.util.prefs.BackingStoreException: Couldn't get file lock.
2026-09-13 17:16:35,940 [ERROR] LogOutputStream:75 - [STDERR_REDIRECT] 
2026-09-13 17:17:05,942 [ERROR] LogOutputStream:75 - [STDERR_REDIRECT] Sep 13, 2026 5:17:05 PM java.util.prefs.FileSystemPreferences checkLockFile0ErrorCode
2026-09-13 17:17:05,942 [ERROR] LogOutputStream:75 - [STDERR_REDIRECT] WARNING: Could not lock System prefs. Unix error code 5.
2026-09-13 17:17:05,942 [ERROR] LogOutputStream:75 - [STDERR_REDIRECT] 
2026-09-13 17:17:05,943 [ERROR] LogOutputStream:75 - [STDERR_REDIRECT] Sep 13, 2026 5:17:05 PM java.util.prefs.FileSystemPreferences syncWorld
2026-09-13 17:17:05,943 [ERROR] LogOutputStream:75 - [STDERR_REDIRECT] WARNING: Couldn't flush system prefs: java.util.prefs.BackingStoreException: Couldn't get file lock.
2026-09-13 17:17:05,943 [ERROR] LogOutputStream:75 - [STDERR_REDIRECT] 
2026-09-13 17:17:35,944 [ERROR] LogOutputStream:75 - [STDERR_REDIRECT] Sep 13, 2026 5:17:35 PM java.util.prefs.FileSystemPreferences checkLockFile0ErrorCode
2026-09-13 17:17:35,944 [ERROR] LogOutputStream:75 - [STDERR_REDIRECT] WARNING: Could not lock System prefs. Unix error code 5.
2026-09-13 17:17:35,944 [ERROR] LogOutputStream:75 - [STDERR_REDIRECT] 
2026-09-13 17:17:35,944 [ERROR] LogOutputStream:75 - [STDERR_REDIRECT] Sep 13, 2026 5:17:35 PM java.util.prefs.FileSystemPreferences syncWorld
2026-09-13 17:17:35,944 [ERROR] LogOutputStream:75 - [STDERR_REDIRECT] WARNING: Couldn't flush system prefs: java.util.prefs.BackingStoreException: Couldn't get file lock.
2026-09-13 17:17:35,944 [ERROR] LogOutputStream:75 - [STDERR_REDIRECT] 
2026-09-13 17:18:05,943 [ERROR] LogOutputStream:75 - [STDERR_REDIRECT] Sep 13, 2026 5:18:05 PM java.util.prefs.FileSystemPreferences checkLockFile0ErrorCode
2026-09-13 17:18:05,943 [ERROR] LogOutputStream:75 - [STDERR_REDIRECT] WARNING: Could not lock System prefs. Unix error code 5.
2026-09-13 17:18:05,943 [ERROR] LogOutputStream:75 - [STDERR_REDIRECT] 
2026-09-13 17:18:05,943 [ERROR] LogOutputStream:75 - [STDERR_REDIRECT] Sep 13, 2026 5:18:05 PM java.util.prefs.FileSystemPreferences syncWorld
2026-09-13 17:18:05,943 [ERROR] LogOutputStream:75 - [STDERR_REDIRECT] WARNING: Couldn't flush system prefs: java.util.prefs.BackingStoreException: Couldn't get file lock.
2026-09-13 17:18:05,943 [ERROR] LogOutputStream:75 - [STDERR_REDIRECT] 
2026-09-13 17:18:35,945 [ERROR] LogOutputStream:75 - [STDERR_REDIRECT] Sep 13, 2026 5:18:35 PM java.util.prefs.FileSystemPreferences checkLockFile0ErrorCode
2026-09-13 17:18:35,945 [ERROR] LogOutputStream:75 - [STDERR_REDIRECT] WARNING: Could not lock System prefs. Unix error code 5.
2026-09-13 17:18:35,945 [ERROR] LogOutputStream:75 - [STDERR_REDIRECT] 
2026-09-13 17:18:35,946 [ERROR] LogOutputStream:75 - [STDERR_REDIRECT] Sep 13, 2026 5:18:35 PM java.util.prefs.FileSystemPreferences syncWorld
2026-09-13 17:18:35,946 [ERROR] LogOutputStream:75 - [STDERR_REDIRECT] WARNING: Couldn't flush system prefs: java.util.prefs.BackingStoreException: Couldn't get file lock.
2026-09-13 17:18:35,946 [ERROR] LogOutputStream:75 - [STDERR_REDIRECT] 
2026-09-13 17:19:05,952 [ERROR] LogOutputStream:75 - [STDERR_REDIRECT] Sep 13, 2026 5:19:05 PM java.util.prefs.FileSystemPreferences checkLockFile0ErrorCode
2026-09-13 17:19:05,952 [ERROR] LogOutputStream:75 - [STDERR_REDIRECT] WARNING: Could not lock System prefs. Unix error code 5.
2026-09-13 17:19:05,952 [ERROR] LogOutputStream:75 - [STDERR_REDIRECT] 
2026-09-13 17:19:05,953 [ERROR] LogOutputStream:75 - [STDERR_REDIRECT] Sep 13, 2026 5:19:05 PM java.util.prefs.FileSystemPreferences syncWorld
2026-09-13 17:19:05,953 [ERROR] LogOutputStream:75 - [STDERR_REDIRECT] WARNING: Couldn't flush system prefs: java.util.prefs.BackingStoreException: Couldn't get file lock.
2026-09-13 17:19:05,953 [ERROR] LogOutputStream:75 - [STDERR_REDIRECT] 
2026-09-13 17:19:35,946 [ERROR] LogOutputStream:75 - [STDERR_REDIRECT] Sep 13, 2026 5:19:35 PM java.util.prefs.FileSystemPreferences checkLockFile0ErrorCode
2026-09-13 17:19:35,947 [ERROR] LogOutputStream:75 - [STDERR_REDIRECT] WARNING: Could not lock System prefs. Unix error code 5.
2026-09-13 17:19:35,947 [ERROR] LogOutputStream:75 - [STDERR_REDIRECT] 
2026-09-13 17:19:35,947 [ERROR] LogOutputStream:75 - [STDERR_REDIRECT] Sep 13, 2026 5:19:35 PM java.util.prefs.FileSystemPreferences syncWorld
2026-09-13 17:19:35,947 [ERROR] LogOutputStream:75 - [STDERR_REDIRECT] WARNING: Couldn't flush system prefs: java.util.prefs.BackingStoreException: Couldn't get file lock.
2026-09-13 17:19:35,947 [ERROR] LogOutputStream:75 - [STDERR_REDIRECT] 
2026-09-13 17:20:05,951 [ERROR] LogOutputStream:75 - [STDERR_REDIRECT] Sep 13, 2026 5:20:05 PM java.util.prefs.FileSystemPreferences checkLockFile0ErrorCode
2026-09-13 17:20:05,952 [ERROR] LogOutputStream:75 - [STDERR_REDIRECT] WARNING: Could not lock System prefs. Unix error code 5.
2026-09-13 17:20:05,952 [ERROR] LogOutputStream:75 - [STDERR_REDIRECT] 
2026-09-13 17:20:05,952 [ERROR] LogOutputStream:75 - [STDERR_REDIRECT] Sep 13, 2026 5:20:05 PM java.util.prefs.FileSystemPreferences syncWorld
2026-09-13 17:20:05,952 [ERROR] LogOutputStream:75 - [STDERR_REDIRECT] WARNING: Couldn't flush system prefs: java.util.prefs.BackingStoreException: Couldn't get file lock.
2026-09-13 17:20:05,952 [ERROR] LogOutputStream:75 - [STDERR_REDIRECT] 
2026-09-13 17:20:35,965 [ERROR] LogOutputStream:75 - [STDERR_REDIRECT] Sep 13, 2026 5:20:35 PM java.util.prefs.FileSystemPreferences checkLockFile0ErrorCode
2026-09-13 17:20:35,965 [ERROR] LogOutputStream:75 - [STDERR_REDIRECT] WARNING: Could not lock System prefs. Unix error code 5.
2026-09-13 17:20:35,966 [ERROR] LogOutputStream:75 - [STDERR_REDIRECT] 
2026-09-13 17:20:35,966 [ERROR] LogOutputStream:75 - [STDERR_REDIRECT] Sep 13, 2026 5:20:35 PM java.util.prefs.FileSystemPreferences syncWorld
2026-09-13 17:20:35,966 [ERROR] LogOutputStream:75 - [STDERR_REDIRECT] WARNING: Couldn't flush system prefs: java.util.prefs.BackingStoreException: Couldn't get file lock.
2026-09-13 17:20:35,966 [ERROR] LogOutputStream:75 - [STDERR_REDIRECT] 
2026-09-13 17:21:05,948 [ERROR] LogOutputStream:75 - [STDERR_REDIRECT] Sep 13, 2026 5:21:05 PM java.util.prefs.FileSystemPreferences checkLockFile0ErrorCode
2026-09-13 17:21:05,948 [ERROR] LogOutputStream:75 - [STDERR_REDIRECT] WARNING: Could not lock System prefs. Unix error code 5.
2026-09-13 17:21:05,948 [ERROR] LogOutputStream:75 - [STDERR_REDIRECT] 
2026-09-13 17:21:05,948 [ERROR] LogOutputStream:75 - [STDERR_REDIRECT] Sep 13, 2026 5:21:05 PM java.util.prefs.FileSystemPreferences syncWorld
2026-09-13 17:21:05,949 [ERROR] LogOutputStream:75 - [STDERR_REDIRECT] WARNING: Couldn't flush system prefs: java.util.prefs.BackingStoreException: Couldn't get file lock.
2026-09-13 17:21:05,949 [ERROR] LogOutputStream:75 - [STDERR_REDIRECT] 
2026-09-13 17:21:35,945 [ERROR] LogOutputStream:75 - [STDERR_REDIRECT] Sep 13, 2026 5:21:35 PM java.util.prefs.FileSystemPreferences checkLockFile0ErrorCode
2026-09-13 17:21:35,945 [ERROR] LogOutputStream:75 - [STDERR_REDIRECT] WARNING: Could not lock System prefs. Unix error code 5.
2026-09-13 17:21:35,945 [ERROR] LogOutputStream:75 - [STDERR_REDIRECT] 
2026-09-13 17:21:35,946 [ERROR] LogOutputStream:75 - [STDERR_REDIRECT] Sep 13, 2026 5:21:35 PM java.util.prefs.FileSystemPreferences syncWorld
2026-09-13 17:21:35,946 [ERROR] LogOutputStream:75 - [STDERR_REDIRECT] WARNING: Couldn't flush system prefs: java.util.prefs.BackingStoreException: Couldn't get file lock.
2026-09-13 17:21:35,946 [ERROR] LogOutputStream:75 - [STDERR_REDIRECT] 
2026-09-13 17:22:05,945 [ERROR] LogOutputStream:75 - [STDERR_REDIRECT] Sep 13, 2026 5:22:05 PM java.util.prefs.FileSystemPreferences checkLockFile0ErrorCode
2026-09-13 17:22:05,945 [ERROR] LogOutputStream:75 - [STDERR_REDIRECT] WARNING: Could not lock System prefs. Unix error code 5.
2026-09-13 17:22:05,945 [ERROR] LogOutputStream:75 - [STDERR_REDIRECT] 
2026-09-13 17:22:05,945 [ERROR] LogOutputStream:75 - [STDERR_REDIRECT] Sep 13, 2026 5:22:05 PM java.util.prefs.FileSystemPreferences syncWorld
2026-09-13 17:22:05,946 [ERROR] LogOutputStream:75 - [STDERR_REDIRECT] WARNING: Couldn't flush system prefs: java.util.prefs.BackingStoreException: Couldn't get file lock.
2026-09-13 17:22:05,946 [ERROR] LogOutputStream:75 - [STDERR_REDIRECT] 
2026-09-13 17:22:35,947 [ERROR] LogOutputStream:75 - [STDERR_REDIRECT] Sep 13, 2026 5:22:35 PM java.util.prefs.FileSystemPreferences checkLockFile0ErrorCode
2026-09-13 17:22:35,947 [ERROR] LogOutputStream:75 - [STDERR_REDIRECT] WARNING: Could not lock System prefs. Unix error code 5.
2026-09-13 17:22:35,948 [ERROR] LogOutputStream:75 - [STDERR_REDIRECT] 
2026-09-13 17:22:35,948 [ERROR] LogOutputStream:75 - [STDERR_REDIRECT] Sep 13, 2026 5:22:35 PM java.util.prefs.FileSystemPreferences syncWorld
2026-09-13 17:22:35,948 [ERROR] LogOutputStream:75 - [STDERR_REDIRECT] WARNING: Couldn't flush system prefs: java.util.prefs.BackingStoreException: Couldn't get file lock.
2026-09-13 17:22:35,948 [ERROR] LogOutputStream:75 - [STDERR_REDIRECT] 
2026-09-13 17:23:05,948 [ERROR] LogOutputStream:75 - [STDERR_REDIRECT] Sep 13, 2026 5:23:05 PM java.util.prefs.FileSystemPreferences checkLockFile0ErrorCode
2026-09-13 17:23:05,948 [ERROR] LogOutputStream:75 - [STDERR_REDIRECT] WARNING: Could not lock System prefs. Unix error code 5.
2026-09-13 17:23:05,949 [ERROR] LogOutputStream:75 - [STDERR_REDIRECT] 
2026-09-13 17:23:05,949 [ERROR] LogOutputStream:75 - [STDERR_REDIRECT] Sep 13, 2026 5:23:05 PM java.util.prefs.FileSystemPreferences syncWorld
2026-09-13 17:23:05,949 [ERROR] LogOutputStream:75 - [STDERR_REDIRECT] WARNING: Couldn't flush system prefs: java.util.prefs.BackingStoreException: Couldn't get file lock.
2026-09-13 17:23:05,949 [ERROR] LogOutputStream:75 - [STDERR_REDIRECT] 
2026-09-13 17:23:35,969 [ERROR] LogOutputStream:75 - [STDERR_REDIRECT] Sep 13, 2026 5:23:35 PM java.util.prefs.FileSystemPreferences checkLockFile0ErrorCode
2026-09-13 17:23:35,970 [ERROR] LogOutputStream:75 - [STDERR_REDIRECT] WARNING: Could not lock System prefs. Unix error code 5.
2026-09-13 17:23:35,970 [ERROR] LogOutputStream:75 - [STDERR_REDIRECT] 
2026-09-13 17:23:35,970 [ERROR] LogOutputStream:75 - [STDERR_REDIRECT] Sep 13, 2026 5:23:35 PM java.util.prefs.FileSystemPreferences syncWorld
2026-09-13 17:23:35,970 [ERROR] LogOutputStream:75 - [STDERR_REDIRECT] WARNING: Couldn't flush system prefs: java.util.prefs.BackingStoreException: Couldn't get file lock.
2026-09-13 17:23:35,970 [ERROR] LogOutputStream:75 - [STDERR_REDIRECT] 
2026-09-13 17:24:05,975 [ERROR] LogOutputStream:75 - [STDERR_REDIRECT] Sep 13, 2026 5:24:05 PM java.util.prefs.FileSystemPreferences checkLockFile0ErrorCode
2026-09-13 17:24:05,975 [ERROR] LogOutputStream:75 - [STDERR_REDIRECT] WARNING: Could not lock System prefs. Unix error code 5.
2026-09-13 17:24:05,979 [ERROR] LogOutputStream:75 - [STDERR_REDIRECT] 
2026-09-13 17:24:05,983 [ERROR] LogOutputStream:75 - [STDERR_REDIRECT] Sep 13, 2026 5:24:05 PM java.util.prefs.FileSystemPreferences syncWorld
2026-09-13 17:24:05,984 [ERROR] LogOutputStream:75 - [STDERR_REDIRECT] WARNING: Couldn't flush system prefs: java.util.prefs.BackingStoreException: Couldn't get file lock.
2026-09-13 17:24:05,984 [ERROR] LogOutputStream:75 - [STDERR_REDIRECT] 
2026-09-13 17:24:35,963 [ERROR] LogOutputStream:75 - [STDERR_REDIRECT] Sep 13, 2026 5:24:35 PM java.util.prefs.FileSystemPreferences checkLockFile0ErrorCode
2026-09-13 17:24:35,963 [ERROR] LogOutputStream:75 - [STDERR_REDIRECT] WARNING: Could not lock System prefs. Unix error code 5.
2026-09-13 17:24:35,963 [ERROR] LogOutputStream:75 - [STDERR_REDIRECT] 
2026-09-13 17:24:35,964 [ERROR] LogOutputStream:75 - [STDERR_REDIRECT] Sep 13, 2026 5:24:35 PM java.util.prefs.FileSystemPreferences syncWorld
2026-09-13 17:24:35,964 [ERROR] LogOutputStream:75 - [STDERR_REDIRECT] WARNING: Couldn't flush system prefs: java.util.prefs.BackingStoreException: Couldn't get file lock.
2026-09-13 17:24:35,964 [ERROR] LogOutputStream:75 - [STDERR_REDIRECT] 
2026-09-13 17:25:05,971 [ERROR] LogOutputStream:75 - [STDERR_REDIRECT] Sep 13, 2026 5:25:05 PM java.util.prefs.FileSystemPreferences checkLockFile0ErrorCode
2026-09-13 17:25:05,971 [ERROR] LogOutputStream:75 - [STDERR_REDIRECT] WARNING: Could not lock System prefs. Unix error code 5.
2026-09-13 17:25:05,972 [ERROR] LogOutputStream:75 - [STDERR_REDIRECT] 
2026-09-13 17:25:05,972 [ERROR] LogOutputStream:75 - [STDERR_REDIRECT] Sep 13, 2026 5:25:05 PM java.util.prefs.FileSystemPreferences syncWorld
2026-09-13 17:25:05,972 [ERROR] LogOutputStream:75 - [STDERR_REDIRECT] WARNING: Couldn't flush system prefs: java.util.prefs.BackingStoreException: Couldn't get file lock.
2026-09-13 17:25:05,972 [ERROR] LogOutputStream:75 - [STDERR_REDIRECT] 
2026-09-13 17:25:35,951 [ERROR] LogOutputStream:75 - [STDERR_REDIRECT] Sep 13, 2026 5:25:35 PM java.util.prefs.FileSystemPreferences checkLockFile0ErrorCode
2026-09-13 17:25:35,951 [ERROR] LogOutputStream:75 - [STDERR_REDIRECT] WARNING: Could not lock System prefs. Unix error code 5.
2026-09-13 17:25:35,951 [ERROR] LogOutputStream:75 - [STDERR_REDIRECT] 
2026-09-13 17:25:35,952 [ERROR] LogOutputStream:75 - [STDERR_REDIRECT] Sep 13, 2026 5:25:35 PM java.util.prefs.FileSystemPreferences syncWorld
2026-09-13 17:25:35,952 [ERROR] LogOutputStream:75 - [STDERR_REDIRECT] WARNING: Couldn't flush system prefs: java.util.prefs.BackingStoreException: Couldn't get file lock.
2026-09-13 17:25:35,952 [ERROR] LogOutputStream:75 - [STDERR_REDIRECT] 
2026-09-13 17:26:05,951 [ERROR] LogOutputStream:75 - [STDERR_REDIRECT] Sep 13, 2026 5:26:05 PM java.util.prefs.FileSystemPreferences checkLockFile0ErrorCode
2026-09-13 17:26:05,952 [ERROR] LogOutputStream:75 - [STDERR_REDIRECT] WARNING: Could not lock System prefs. Unix error code 5.
2026-09-13 17:26:05,952 [ERROR] LogOutputStream:75 - [STDERR_REDIRECT] 
2026-09-13 17:26:05,952 [ERROR] LogOutputStream:75 - [STDERR_REDIRECT] Sep 13, 2026 5:26:05 PM java.util.prefs.FileSystemPreferences syncWorld
2026-09-13 17:26:05,952 [ERROR] LogOutputStream:75 - [STDERR_REDIRECT] WARNING: Couldn't flush system prefs: java.util.prefs.BackingStoreException: Couldn't get file lock.
2026-09-13 17:26:05,952 [ERROR] LogOutputStream:75 - [STDERR_REDIRECT] 
2026-09-13 17:26:35,952 [ERROR] LogOutputStream:75 - [STDERR_REDIRECT] Sep 13, 2026 5:26:35 PM java.util.prefs.FileSystemPreferences checkLockFile0ErrorCode
2026-09-13 17:26:35,952 [ERROR] LogOutputStream:75 - [STDERR_REDIRECT] WARNING: Could not lock System prefs. Unix error code 5.
2026-09-13 17:26:35,953 [ERROR] LogOutputStream:75 - [STDERR_REDIRECT] 
2026-09-13 17:26:35,953 [ERROR] LogOutputStream:75 - [STDERR_REDIRECT] Sep 13, 2026 5:26:35 PM java.util.prefs.FileSystemPreferences syncWorld
2026-09-13 17:26:35,953 [ERROR] LogOutputStream:75 - [STDERR_REDIRECT] WARNING: Couldn't flush system prefs: java.util.prefs.BackingStoreException: Couldn't get file lock.
2026-09-13 17:26:35,953 [ERROR] LogOutputStream:75 - [STDERR_REDIRECT] 
2026-09-13 17:27:05,976 [ERROR] LogOutputStream:75 - [STDERR_REDIRECT] Sep 13, 2026 5:27:05 PM java.util.prefs.FileSystemPreferences checkLockFile0ErrorCode
2026-09-13 17:27:05,976 [ERROR] LogOutputStream:75 - [STDERR_REDIRECT] WARNING: Could not lock System prefs. Unix error code 5.
2026-09-13 17:27:05,976 [ERROR] LogOutputStream:75 - [STDERR_REDIRECT] 
2026-09-13 17:27:05,977 [ERROR] LogOutputStream:75 - [STDERR_REDIRECT] Sep 13, 2026 5:27:05 PM java.util.prefs.FileSystemPreferences syncWorld
2026-09-13 17:27:05,977 [ERROR] LogOutputStream:75 - [STDERR_REDIRECT] WARNING: Couldn't flush system prefs: java.util.prefs.BackingStoreException: Couldn't get file lock.
2026-09-13 17:27:05,977 [ERROR] LogOutputStream:75 - [STDERR_REDIRECT] 
2026-09-13 17:27:35,955 [ERROR] LogOutputStream:75 - [STDERR_REDIRECT] Sep 13, 2026 5:27:35 PM java.util.prefs.FileSystemPreferences checkLockFile0ErrorCode
2026-09-13 17:27:35,955 [ERROR] LogOutputStream:75 - [STDERR_REDIRECT] WARNING: Could not lock System prefs. Unix error code 5.
2026-09-13 17:27:35,955 [ERROR] LogOutputStream:75 - [STDERR_REDIRECT] 
2026-09-13 17:27:35,956 [ERROR] LogOutputStream:75 - [STDERR_REDIRECT] Sep 13, 2026 5:27:35 PM java.util.prefs.FileSystemPreferences syncWorld
2026-09-13 17:27:35,956 [ERROR] LogOutputStream:75 - [STDERR_REDIRECT] WARNING: Couldn't flush system prefs: java.util.prefs.BackingStoreException: Couldn't get file lock.
2026-09-13 17:27:35,956 [ERROR] LogOutputStream:75 - [STDERR_REDIRECT] 
2026-09-13 17:28:05,955 [ERROR] LogOutputStream:75 - [STDERR_REDIRECT] Sep 13, 2026 5:28:05 PM java.util.prefs.FileSystemPreferences checkLockFile0ErrorCode
2026-09-13 17:28:05,955 [ERROR] LogOutputStream:75 - [STDERR_REDIRECT] WARNING: Could not lock System prefs. Unix error code 5.
2026-09-13 17:28:05,955 [ERROR] LogOutputStream:75 - [STDERR_REDIRECT] 
2026-09-13 17:28:05,955 [ERROR] LogOutputStream:75 - [STDERR_REDIRECT] Sep 13, 2026 5:28:05 PM java.util.prefs.FileSystemPreferences syncWorld
2026-09-13 17:28:05,958 [ERROR] LogOutputStream:75 - [STDERR_REDIRECT] WARNING: Couldn't flush system prefs: java.util.prefs.BackingStoreException: Couldn't get file lock.
2026-09-13 17:28:05,959 [ERROR] LogOutputStream:75 - [STDERR_REDIRECT] 
2026-09-13 17:28:35,954 [ERROR] LogOutputStream:75 - [STDERR_REDIRECT] Sep 13, 2026 5:28:35 PM java.util.prefs.FileSystemPreferences checkLockFile0ErrorCode
2026-09-13 17:28:35,954 [ERROR] LogOutputStream:75 - [STDERR_REDIRECT] WARNING: Could not lock System prefs. Unix error code 5.
2026-09-13 17:28:35,955 [ERROR] LogOutputStream:75 - [STDERR_REDIRECT] 
2026-09-13 17:28:35,955 [ERROR] LogOutputStream:75 - [STDERR_REDIRECT] Sep 13, 2026 5:28:35 PM java.util.prefs.FileSystemPreferences syncWorld
2026-09-13 17:28:35,955 [ERROR] LogOutputStream:75 - [STDERR_REDIRECT] WARNING: Couldn't flush system prefs: java.util.prefs.BackingStoreException: Couldn't get file lock.
2026-09-13 17:28:35,958 [ERROR] LogOutputStream:75 - [STDERR_REDIRECT] 
2026-09-13 17:29:05,968 [ERROR] LogOutputStream:75 - [STDERR_REDIRECT] Sep 13, 2026 5:29:05 PM java.util.prefs.FileSystemPreferences checkLockFile0ErrorCode
2026-09-13 17:29:05,968 [ERROR] LogOutputStream:75 - [STDERR_REDIRECT] WARNING: Could not lock System prefs. Unix error code 5.
2026-09-13 17:29:05,968 [ERROR] LogOutputStream:75 - [STDERR_REDIRECT] 
2026-09-13 17:29:05,969 [ERROR] LogOutputStream:75 - [STDERR_REDIRECT] Sep 13, 2026 5:29:05 PM java.util.prefs.FileSystemPreferences syncWorld
2026-09-13 17:29:05,969 [ERROR] LogOutputStream:75 - [STDERR_REDIRECT] WARNING: Couldn't flush system prefs: java.util.prefs.BackingStoreException: Couldn't get file lock.
2026-09-13 17:29:05,969 [ERROR] LogOutputStream:75 - [STDERR_REDIRECT] 
2026-09-13 17:29:35,957 [ERROR] LogOutputStream:75 - [STDERR_REDIRECT] Sep 13, 2026 5:29:35 PM java.util.prefs.FileSystemPreferences checkLockFile0ErrorCode
2026-09-13 17:29:35,957 [ERROR] LogOutputStream:75 - [STDERR_REDIRECT] WARNING: Could not lock System prefs. Unix error code 5.
2026-09-13 17:29:35,957 [ERROR] LogOutputStream:75 - [STDERR_REDIRECT] 
2026-09-13 17:29:35,957 [ERROR] LogOutputStream:75 - [STDERR_REDIRECT] Sep 13, 2026 5:29:35 PM java.util.prefs.FileSystemPreferences syncWorld
2026-09-13 17:29:35,957 [ERROR] LogOutputStream:75 - [STDERR_REDIRECT] WARNING: Couldn't flush system prefs: java.util.prefs.BackingStoreException: Couldn't get file lock.
2026-09-13 17:29:35,958 [ERROR] LogOutputStream:75 - [STDERR_REDIRECT] 
2026-09-13 17:30:05,955 [ERROR] LogOutputStream:75 - [STDERR_REDIRECT] Sep 13, 2026 5:30:05 PM java.util.prefs.FileSystemPreferences checkLockFile0ErrorCode
2026-09-13 17:30:05,955 [ERROR] LogOutputStream:75 - [STDERR_REDIRECT] WARNING: Could not lock System prefs. Unix error code 5.
2026-09-13 17:30:05,955 [ERROR] LogOutputStream:75 - [STDERR_REDIRECT] 
2026-09-13 17:30:05,955 [ERROR] LogOutputStream:75 - [STDERR_REDIRECT] Sep 13, 2026 5:30:05 PM java.util.prefs.FileSystemPreferences syncWorld
2026-09-13 17:30:05,956 [ERROR] LogOutputStream:75 - [STDERR_REDIRECT] WARNING: Couldn't flush system prefs: java.util.prefs.BackingStoreException: Couldn't get file lock.
2026-09-13 17:30:05,956 [ERROR] LogOutputStream:75 - [STDERR_REDIRECT] 
2026-09-13 17:30:35,955 [ERROR] LogOutputStream:75 - [STDERR_REDIRECT] Sep 13, 2026 5:30:35 PM java.util.prefs.FileSystemPreferences checkLockFile0ErrorCode
2026-09-13 17:30:35,955 [ERROR] LogOutputStream:75 - [STDERR_REDIRECT] WARNING: Could not lock System prefs. Unix error code 5.
2026-09-13 17:30:35,955 [ERROR] LogOutputStream:75 - [STDERR_REDIRECT] 
2026-09-13 17:30:35,955 [ERROR] LogOutputStream:75 - [STDERR_REDIRECT] Sep 13, 2026 5:30:35 PM java.util.prefs.FileSystemPreferences syncWorld
2026-09-13 17:30:35,955 [ERROR] LogOutputStream:75 - [STDERR_REDIRECT] WARNING: Couldn't flush system prefs: java.util.prefs.BackingStoreException: Couldn't get file lock.
2026-09-13 17:30:35,955 [ERROR] LogOutputStream:75 - [STDERR_REDIRECT] 
2026-09-13 17:31:05,981 [ERROR] LogOutputStream:75 - [STDERR_REDIRECT] Sep 13, 2026 5:31:05 PM java.util.prefs.FileSystemPreferences checkLockFile0ErrorCode
2026-09-13 17:31:05,981 [ERROR] LogOutputStream:75 - [STDERR_REDIRECT] WARNING: Could not lock System prefs. Unix error code 5.
2026-09-13 17:31:05,981 [ERROR] LogOutputStream:75 - [STDERR_REDIRECT] 
2026-09-13 17:31:05,981 [ERROR] LogOutputStream:75 - [STDERR_REDIRECT] Sep 13, 2026 5:31:05 PM java.util.prefs.FileSystemPreferences syncWorld
2026-09-13 17:31:05,981 [ERROR] LogOutputStream:75 - [STDERR_REDIRECT] WARNING: Couldn't flush system prefs: java.util.prefs.BackingStoreException: Couldn't get file lock.
2026-09-13 17:31:05,981 [ERROR] LogOutputStream:75 - [STDERR_REDIRECT] 
2026-09-13 17:31:35,955 [ERROR] LogOutputStream:75 - [STDERR_REDIRECT] Sep 13, 2026 5:31:35 PM java.util.prefs.FileSystemPreferences checkLockFile0ErrorCode
2026-09-13 17:31:35,955 [ERROR] LogOutputStream:75 - [STDERR_REDIRECT] WARNING: Could not lock System prefs. Unix error code 5.
2026-09-13 17:31:35,955 [ERROR] LogOutputStream:75 - [STDERR_REDIRECT] 
2026-09-13 17:31:35,956 [ERROR] LogOutputStream:75 - [STDERR_REDIRECT] Sep 13, 2026 5:31:35 PM java.util.prefs.FileSystemPreferences syncWorld
2026-09-13 17:31:35,956 [ERROR] LogOutputStream:75 - [STDERR_REDIRECT] WARNING: Couldn't flush system prefs: java.util.prefs.BackingStoreException: Couldn't get file lock.
2026-09-13 17:31:35,956 [ERROR] LogOutputStream:75 - [STDERR_REDIRECT] 
2026-09-13 17:32:05,956 [ERROR] LogOutputStream:75 - [STDERR_REDIRECT] Sep 13, 2026 5:32:05 PM java.util.prefs.FileSystemPreferences checkLockFile0ErrorCode
2026-09-13 17:32:05,957 [ERROR] LogOutputStream:75 - [STDERR_REDIRECT] WARNING: Could not lock System prefs. Unix error code 5.
2026-09-13 17:32:05,957 [ERROR] LogOutputStream:75 - [STDERR_REDIRECT] 
2026-09-13 17:32:05,957 [ERROR] LogOutputStream:75 - [STDERR_REDIRECT] Sep 13, 2026 5:32:05 PM java.util.prefs.FileSystemPreferences syncWorld
2026-09-13 17:32:05,960 [ERROR] LogOutputStream:75 - [STDERR_REDIRECT] WARNING: Couldn't flush system prefs: java.util.prefs.BackingStoreException: Couldn't get file lock.
2026-09-13 17:32:05,961 [ERROR] LogOutputStream:75 - [STDERR_REDIRECT] 
2026-09-13 17:32:35,955 [ERROR] LogOutputStream:75 - [STDERR_REDIRECT] Sep 13, 2026 5:32:35 PM java.util.prefs.FileSystemPreferences checkLockFile0ErrorCode
2026-09-13 17:32:35,955 [ERROR] LogOutputStream:75 - [STDERR_REDIRECT] WARNING: Could not lock System prefs. Unix error code 5.
2026-09-13 17:32:35,955 [ERROR] LogOutputStream:75 - [STDERR_REDIRECT] 
2026-09-13 17:32:35,955 [ERROR] LogOutputStream:75 - [STDERR_REDIRECT] Sep 13, 2026 5:32:35 PM java.util.prefs.FileSystemPreferences syncWorld
2026-09-13 17:32:35,956 [ERROR] LogOutputStream:75 - [STDERR_REDIRECT] WARNING: Couldn't flush system prefs: java.util.prefs.BackingStoreException: Couldn't get file lock.
2026-09-13 17:32:35,956 [ERROR] LogOutputStream:75 - [STDERR_REDIRECT] 
2026-09-13 17:33:05,959 [ERROR] LogOutputStream:75 - [STDERR_REDIRECT] Sep 13, 2026 5:33:05 PM java.util.prefs.FileSystemPreferences checkLockFile0ErrorCode
2026-09-13 17:33:05,959 [ERROR] LogOutputStream:75 - [STDERR_REDIRECT] WARNING: Could not lock System prefs. Unix error code 5.
2026-09-13 17:33:05,959 [ERROR] LogOutputStream:75 - [STDERR_REDIRECT] 
2026-09-13 17:33:05,959 [ERROR] LogOutputStream:75 - [STDERR_REDIRECT] Sep 13, 2026 5:33:05 PM java.util.prefs.FileSystemPreferences syncWorld
2026-09-13 17:33:05,959 [ERROR] LogOutputStream:75 - [STDERR_REDIRECT] WARNING: Couldn't flush system prefs: java.util.prefs.BackingStoreException: Couldn't get file lock.
2026-09-13 17:33:05,959 [ERROR] LogOutputStream:75 - [STDERR_REDIRECT] 
2026-09-13 17:33:35,958 [ERROR] LogOutputStream:75 - [STDERR_REDIRECT] Sep 13, 2026 5:33:35 PM java.util.prefs.FileSystemPreferences checkLockFile0ErrorCode
2026-09-13 17:33:35,959 [ERROR] LogOutputStream:75 - [STDERR_REDIRECT] WARNING: Could not lock System prefs. Unix error code 5.
2026-09-13 17:33:35,959 [ERROR] LogOutputStream:75 - [STDERR_REDIRECT] 
2026-09-13 17:33:35,959 [ERROR] LogOutputStream:75 - [STDERR_REDIRECT] Sep 13, 2026 5:33:35 PM java.util.prefs.FileSystemPreferences syncWorld
2026-09-13 17:33:35,959 [ERROR] LogOutputStream:75 - [STDERR_REDIRECT] WARNING: Couldn't flush system prefs: java.util.prefs.BackingStoreException: Couldn't get file lock.
2026-09-13 17:33:35,959 [ERROR] LogOutputStream:75 - [STDERR_REDIRECT] 
2026-09-13 17:34:05,958 [ERROR] LogOutputStream:75 - [STDERR_REDIRECT] Sep 13, 2026 5:34:05 PM java.util.prefs.FileSystemPreferences checkLockFile0ErrorCode
2026-09-13 17:34:05,958 [ERROR] LogOutputStream:75 - [STDERR_REDIRECT] WARNING: Could not lock System prefs. Unix error code 5.
2026-09-13 17:34:05,958 [ERROR] LogOutputStream:75 - [STDERR_REDIRECT] 
2026-09-13 17:34:05,958 [ERROR] LogOutputStream:75 - [STDERR_REDIRECT] Sep 13, 2026 5:34:05 PM java.util.prefs.FileSystemPreferences syncWorld
2026-09-13 17:34:05,959 [ERROR] LogOutputStream:75 - [STDERR_REDIRECT] WARNING: Couldn't flush system prefs: java.util.prefs.BackingStoreException: Couldn't get file lock.
2026-09-13 17:34:05,959 [ERROR] LogOutputStream:75 - [STDERR_REDIRECT] 
2026-09-13 17:34:35,958 [ERROR] LogOutputStream:75 - [STDERR_REDIRECT] Sep 13, 2026 5:34:35 PM java.util.prefs.FileSystemPreferences checkLockFile0ErrorCode
2026-09-13 17:34:35,958 [ERROR] LogOutputStream:75 - [STDERR_REDIRECT] WARNING: Could not lock System prefs. Unix error code 5.
2026-09-13 17:34:35,958 [ERROR] LogOutputStream:75 - [STDERR_REDIRECT] 
2026-09-13 17:34:35,958 [ERROR] LogOutputStream:75 - [STDERR_REDIRECT] Sep 13, 2026 5:34:35 PM java.util.prefs.FileSystemPreferences syncWorld
2026-09-13 17:34:35,958 [ERROR] LogOutputStream:75 - [STDERR_REDIRECT] WARNING: Couldn't flush system prefs: java.util.prefs.BackingStoreException: Couldn't get file lock.
2026-09-13 17:34:35,958 [ERROR] LogOutputStream:75 - [STDERR_REDIRECT] 
2026-09-13 17:35:05,958 [ERROR] LogOutputStream:75 - [STDERR_REDIRECT] Sep 13, 2026 5:35:05 PM java.util.prefs.FileSystemPreferences checkLockFile0ErrorCode
2026-09-13 17:35:05,958 [ERROR] LogOutputStream:75 - [STDERR_REDIRECT] WARNING: Could not lock System prefs. Unix error code 5.
2026-09-13 17:35:05,958 [ERROR] LogOutputStream:75 - [STDERR_REDIRECT] 
2026-09-13 17:35:05,959 [ERROR] LogOutputStream:75 - [STDERR_REDIRECT] Sep 13, 2026 5:35:05 PM java.util.prefs.FileSystemPreferences syncWorld
2026-09-13 17:35:05,959 [ERROR] LogOutputStream:75 - [STDERR_REDIRECT] WARNING: Couldn't flush system prefs: java.util.prefs.BackingStoreException: Couldn't get file lock.
2026-09-13 17:35:05,959 [ERROR] LogOutputStream:75 - [STDERR_REDIRECT] 
2026-09-13 17:35:35,960 [ERROR] LogOutputStream:75 - [STDERR_REDIRECT] Sep 13, 2026 5:35:35 PM java.util.prefs.FileSystemPreferences checkLockFile0ErrorCode
2026-09-13 17:35:35,961 [ERROR] LogOutputStream:75 - [STDERR_REDIRECT] WARNING: Could not lock System prefs. Unix error code 5.
2026-09-13 17:35:35,962 [ERROR] LogOutputStream:75 - [STDERR_REDIRECT] 
2026-09-13 17:35:35,962 [ERROR] LogOutputStream:75 - [STDERR_REDIRECT] Sep 13, 2026 5:35:35 PM java.util.prefs.FileSystemPreferences syncWorld
2026-09-13 17:35:35,962 [ERROR] LogOutputStream:75 - [STDERR_REDIRECT] WARNING: Couldn't flush system prefs: java.util.prefs.BackingStoreException: Couldn't get file lock.
2026-09-13 17:35:35,962 [ERROR] LogOutputStream:75 - [STDERR_REDIRECT] 
2026-09-13 17:36:05,961 [ERROR] LogOutputStream:75 - [STDERR_REDIRECT] Sep 13, 2026 5:36:05 PM java.util.prefs.FileSystemPreferences checkLockFile0ErrorCode
2026-09-13 17:36:05,961 [ERROR] LogOutputStream:75 - [STDERR_REDIRECT] WARNING: Could not lock System prefs. Unix error code 5.
2026-09-13 17:36:05,961 [ERROR] LogOutputStream:75 - [STDERR_REDIRECT] 
2026-09-13 17:36:05,961 [ERROR] LogOutputStream:75 - [STDERR_REDIRECT] Sep 13, 2026 5:36:05 PM java.util.prefs.FileSystemPreferences syncWorld
2026-09-13 17:36:05,962 [ERROR] LogOutputStream:75 - [STDERR_REDIRECT] WARNING: Couldn't flush system prefs: java.util.prefs.BackingStoreException: Couldn't get file lock.
2026-09-13 17:36:05,962 [ERROR] LogOutputStream:75 - [STDERR_REDIRECT] 
2026-09-13 17:36:35,960 [ERROR] LogOutputStream:75 - [STDERR_REDIRECT] Sep 13, 2026 5:36:35 PM java.util.prefs.FileSystemPreferences checkLockFile0ErrorCode
2026-09-13 17:36:35,961 [ERROR] LogOutputStream:75 - [STDERR_REDIRECT] WARNING: Could not lock System prefs. Unix error code 5.
2026-09-13 17:36:35,961 [ERROR] LogOutputStream:75 - [STDERR_REDIRECT] 
2026-09-13 17:36:35,961 [ERROR] LogOutputStream:75 - [STDERR_REDIRECT] Sep 13, 2026 5:36:35 PM java.util.prefs.FileSystemPreferences syncWorld
2026-09-13 17:36:35,961 [ERROR] LogOutputStream:75 - [STDERR_REDIRECT] WARNING: Couldn't flush system prefs: java.util.prefs.BackingStoreException: Couldn't get file lock.
2026-09-13 17:36:35,961 [ERROR] LogOutputStream:75 - [STDERR_REDIRECT] 
2026-09-13 17:37:05,962 [ERROR] LogOutputStream:75 - [STDERR_REDIRECT] Sep 13, 2026 5:37:05 PM java.util.prefs.FileSystemPreferences checkLockFile0ErrorCode
2026-09-13 17:37:05,962 [ERROR] LogOutputStream:75 - [STDERR_REDIRECT] WARNING: Could not lock System prefs. Unix error code 5.
2026-09-13 17:37:05,962 [ERROR] LogOutputStream:75 - [STDERR_REDIRECT] 
2026-09-13 17:37:05,963 [ERROR] LogOutputStream:75 - [STDERR_REDIRECT] Sep 13, 2026 5:37:05 PM java.util.prefs.FileSystemPreferences syncWorld
2026-09-13 17:37:05,963 [ERROR] LogOutputStream:75 - [STDERR_REDIRECT] WARNING: Couldn't flush system prefs: java.util.prefs.BackingStoreException: Couldn't get file lock.
2026-09-13 17:37:05,963 [ERROR] LogOutputStream:75 - [STDERR_REDIRECT] 
2026-09-13 17:37:35,964 [ERROR] LogOutputStream:75 - [STDERR_REDIRECT] Sep 13, 2026 5:37:35 PM java.util.prefs.FileSystemPreferences checkLockFile0ErrorCode
2026-09-13 17:37:35,964 [ERROR] LogOutputStream:75 - [STDERR_REDIRECT] WARNING: Could not lock System prefs. Unix error code 5.
2026-09-13 17:37:35,964 [ERROR] LogOutputStream:75 - [STDERR_REDIRECT] 
2026-09-13 17:37:35,964 [ERROR] LogOutputStream:75 - [STDERR_REDIRECT] Sep 13, 2026 5:37:35 PM java.util.prefs.FileSystemPreferences syncWorld
2026-09-13 17:37:35,964 [ERROR] LogOutputStream:75 - [STDERR_REDIRECT] WARNING: Couldn't flush system prefs: java.util.prefs.BackingStoreException: Couldn't get file lock.
2026-09-13 17:37:35,964 [ERROR] LogOutputStream:75 - [STDERR_REDIRECT] 
2026-09-13 17:38:05,968 [ERROR] LogOutputStream:75 - [STDERR_REDIRECT] Sep 13, 2026 5:38:05 PM java.util.prefs.FileSystemPreferences checkLockFile0ErrorCode
2026-09-13 17:38:05,968 [ERROR] LogOutputStream:75 - [STDERR_REDIRECT] WARNING: Could not lock System prefs. Unix error code 5.
2026-09-13 17:38:05,968 [ERROR] LogOutputStream:75 - [STDERR_REDIRECT] 
2026-09-13 17:38:05,969 [ERROR] LogOutputStream:75 - [STDERR_REDIRECT] Sep 13, 2026 5:38:05 PM java.util.prefs.FileSystemPreferences syncWorld
2026-09-13 17:38:05,969 [ERROR] LogOutputStream:75 - [STDERR_REDIRECT] WARNING: Couldn't flush system prefs: java.util.prefs.BackingStoreException: Couldn't get file lock.
2026-09-13 17:38:05,969 [ERROR] LogOutputStream:75 - [STDERR_REDIRECT] 
2026-09-13 17:38:35,964 [ERROR] LogOutputStream:75 - [STDERR_REDIRECT] Sep 13, 2026 5:38:35 PM java.util.prefs.FileSystemPreferences checkLockFile0ErrorCode
2026-09-13 17:38:35,964 [ERROR] LogOutputStream:75 - [STDERR_REDIRECT] WARNING: Could not lock System prefs. Unix error code 5.
2026-09-13 17:38:35,964 [ERROR] LogOutputStream:75 - [STDERR_REDIRECT] 
2026-09-13 17:38:35,965 [ERROR] LogOutputStream:75 - [STDERR_REDIRECT] Sep 13, 2026 5:38:35 PM java.util.prefs.FileSystemPreferences syncWorld
2026-09-13 17:38:35,965 [ERROR] LogOutputStream:75 - [STDERR_REDIRECT] WARNING: Couldn't flush system prefs: java.util.prefs.BackingStoreException: Couldn't get file lock.
2026-09-13 17:38:35,965 [ERROR] LogOutputStream:75 - [STDERR_REDIRECT] 
2026-09-13 17:39:05,973 [ERROR] LogOutputStream:75 - [STDERR_REDIRECT] Sep 13, 2026 5:39:05 PM java.util.prefs.FileSystemPreferences checkLockFile0ErrorCode
2026-09-13 17:39:05,973 [ERROR] LogOutputStream:75 - [STDERR_REDIRECT] WARNING: Could not lock System prefs. Unix error code 5.
2026-09-13 17:39:05,973 [ERROR] LogOutputStream:75 - [STDERR_REDIRECT] 
2026-09-13 17:39:05,973 [ERROR] LogOutputStream:75 - [STDERR_REDIRECT] Sep 13, 2026 5:39:05 PM java.util.prefs.FileSystemPreferences syncWorld
2026-09-13 17:39:05,977 [ERROR] LogOutputStream:75 - [STDERR_REDIRECT] WARNING: Couldn't flush system prefs: java.util.prefs.BackingStoreException: Couldn't get file lock.
2026-09-13 17:39:05,977 [ERROR] LogOutputStream:75 - [STDERR_REDIRECT] 
2026-09-13 17:39:35,968 [ERROR] LogOutputStream:75 - [STDERR_REDIRECT] Sep 13, 2026 5:39:35 PM java.util.prefs.FileSystemPreferences checkLockFile0ErrorCode
2026-09-13 17:39:35,968 [ERROR] LogOutputStream:75 - [STDERR_REDIRECT] WARNING: Could not lock System prefs. Unix error code 5.
2026-09-13 17:39:35,968 [ERROR] LogOutputStream:75 - [STDERR_REDIRECT] 
2026-09-13 17:39:35,969 [ERROR] LogOutputStream:75 - [STDERR_REDIRECT] Sep 13, 2026 5:39:35 PM java.util.prefs.FileSystemPreferences syncWorld
2026-09-13 17:39:35,969 [ERROR] LogOutputStream:75 - [STDERR_REDIRECT] WARNING: Couldn't flush system prefs: java.util.prefs.BackingStoreException: Couldn't get file lock.
2026-09-13 17:39:35,969 [ERROR] LogOutputStream:75 - [STDERR_REDIRECT] 
2026-09-13 17:40:05,966 [ERROR] LogOutputStream:75 - [STDERR_REDIRECT] Sep 13, 2026 5:40:05 PM java.util.prefs.FileSystemPreferences checkLockFile0ErrorCode
2026-09-13 17:40:05,966 [ERROR] LogOutputStream:75 - [STDERR_REDIRECT] WARNING: Could not lock System prefs. Unix error code 5.
2026-09-13 17:40:05,966 [ERROR] LogOutputStream:75 - [STDERR_REDIRECT] 
2026-09-13 17:40:05,967 [ERROR] LogOutputStream:75 - [STDERR_REDIRECT] Sep 13, 2026 5:40:05 PM java.util.prefs.FileSystemPreferences syncWorld
2026-09-13 17:40:05,967 [ERROR] LogOutputStream:75 - [STDERR_REDIRECT] WARNING: Couldn't flush system prefs: java.util.prefs.BackingStoreException: Couldn't get file lock.
2026-09-13 17:40:05,967 [ERROR] LogOutputStream:75 - [STDERR_REDIRECT] 
2026-09-13 17:40:35,966 [ERROR] LogOutputStream:75 - [STDERR_REDIRECT] Sep 13, 2026 5:40:35 PM java.util.prefs.FileSystemPreferences checkLockFile0ErrorCode
2026-09-13 17:40:35,966 [ERROR] LogOutputStream:75 - [STDERR_REDIRECT] WARNING: Could not lock System prefs. Unix error code 5.
2026-09-13 17:40:35,966 [ERROR] LogOutputStream:75 - [STDERR_REDIRECT] 
2026-09-13 17:40:35,967 [ERROR] LogOutputStream:75 - [STDERR_REDIRECT] Sep 13, 2026 5:40:35 PM java.util.prefs.FileSystemPreferences syncWorld
2026-09-13 17:40:35,967 [ERROR] LogOutputStream:75 - [STDERR_REDIRECT] WARNING: Couldn't flush system prefs: java.util.prefs.BackingStoreException: Couldn't get file lock.
2026-09-13 17:40:35,967 [ERROR] LogOutputStream:75 - [STDERR_REDIRECT] 
2026-09-13 17:41:05,998 [ERROR] LogOutputStream:75 - [STDERR_REDIRECT] Sep 13, 2026 5:41:05 PM java.util.prefs.FileSystemPreferences checkLockFile0ErrorCode
2026-09-13 17:41:05,998 [ERROR] LogOutputStream:75 - [STDERR_REDIRECT] WARNING: Could not lock System prefs. Unix error code 5.
2026-09-13 17:41:05,998 [ERROR] LogOutputStream:75 - [STDERR_REDIRECT] 
2026-09-13 17:41:05,998 [ERROR] LogOutputStream:75 - [STDERR_REDIRECT] Sep 13, 2026 5:41:05 PM java.util.prefs.FileSystemPreferences syncWorld
2026-09-13 17:41:05,998 [ERROR] LogOutputStream:75 - [STDERR_REDIRECT] WARNING: Couldn't flush system prefs: java.util.prefs.BackingStoreException: Couldn't get file lock.
2026-09-13 17:41:05,998 [ERROR] LogOutputStream:75 - [STDERR_REDIRECT] 
2026-09-13 17:41:35,965 [ERROR] LogOutputStream:75 - [STDERR_REDIRECT] Sep 13, 2026 5:41:35 PM java.util.prefs.FileSystemPreferences checkLockFile0ErrorCode
2026-09-13 17:41:35,965 [ERROR] LogOutputStream:75 - [STDERR_REDIRECT] WARNING: Could not lock System prefs. Unix error code 5.
2026-09-13 17:41:35,966 [ERROR] LogOutputStream:75 - [STDERR_REDIRECT] 
2026-09-13 17:41:35,966 [ERROR] LogOutputStream:75 - [STDERR_REDIRECT] Sep 13, 2026 5:41:35 PM java.util.prefs.FileSystemPreferences syncWorld
2026-09-13 17:41:35,966 [ERROR] LogOutputStream:75 - [STDERR_REDIRECT] WARNING: Couldn't flush system prefs: java.util.prefs.BackingStoreException: Couldn't get file lock.
2026-09-13 17:41:35,967 [ERROR] LogOutputStream:75 - [STDERR_REDIRECT] 
2026-09-13 17:42:05,965 [ERROR] LogOutputStream:75 - [STDERR_REDIRECT] Sep 13, 2026 5:42:05 PM java.util.prefs.FileSystemPreferences checkLockFile0ErrorCode
2026-09-13 17:42:05,965 [ERROR] LogOutputStream:75 - [STDERR_REDIRECT] WARNING: Could not lock System prefs. Unix error code 5.
2026-09-13 17:42:05,965 [ERROR] LogOutputStream:75 - [STDERR_REDIRECT] 
2026-09-13 17:42:05,966 [ERROR] LogOutputStream:75 - [STDERR_REDIRECT] Sep 13, 2026 5:42:05 PM java.util.prefs.FileSystemPreferences syncWorld
2026-09-13 17:42:05,966 [ERROR] LogOutputStream:75 - [STDERR_REDIRECT] WARNING: Couldn't flush system prefs: java.util.prefs.BackingStoreException: Couldn't get file lock.
2026-09-13 17:42:05,966 [ERROR] LogOutputStream:75 - [STDERR_REDIRECT] 
2026-09-13 17:42:36,218 [ERROR] LogOutputStream:75 - [STDERR_REDIRECT] Sep 13, 2026 5:42:36 PM java.util.prefs.FileSystemPreferences checkLockFile0ErrorCode
2026-09-13 17:42:36,218 [ERROR] LogOutputStream:75 - [STDERR_REDIRECT] WARNING: Could not lock System prefs. Unix error code 5.
2026-09-13 17:42:36,218 [ERROR] LogOutputStream:75 - [STDERR_REDIRECT] 
2026-09-13 17:42:36,219 [ERROR] LogOutputStream:75 - [STDERR_REDIRECT] Sep 13, 2026 5:42:36 PM java.util.prefs.FileSystemPreferences syncWorld
2026-09-13 17:42:36,219 [ERROR] LogOutputStream:75 - [STDERR_REDIRECT] WARNING: Couldn't flush system prefs: java.util.prefs.BackingStoreException: Couldn't get file lock.
2026-09-13 17:42:36,219 [ERROR] LogOutputStream:75 - [STDERR_REDIRECT] 
2026-09-13 17:43:05,970 [ERROR] LogOutputStream:75 - [STDERR_REDIRECT] Sep 13, 2026 5:43:05 PM java.util.prefs.FileSystemPreferences checkLockFile0ErrorCode
2026-09-13 17:43:05,970 [ERROR] LogOutputStream:75 - [STDERR_REDIRECT] WARNING: Could not lock System prefs. Unix error code 5.
2026-09-13 17:43:05,970 [ERROR] LogOutputStream:75 - [STDERR_REDIRECT] 
2026-09-13 17:43:05,970 [ERROR] LogOutputStream:75 - [STDERR_REDIRECT] Sep 13, 2026 5:43:05 PM java.util.prefs.FileSystemPreferences syncWorld
2026-09-13 17:43:05,970 [ERROR] LogOutputStream:75 - [STDERR_REDIRECT] WARNING: Couldn't flush system prefs: java.util.prefs.BackingStoreException: Couldn't get file lock.
2026-09-13 17:43:05,970 [ERROR] LogOutputStream:75 - [STDERR_REDIRECT] 
2026-09-13 17:43:35,972 [ERROR] LogOutputStream:75 - [STDERR_REDIRECT] Sep 13, 2026 5:43:35 PM java.util.prefs.FileSystemPreferences checkLockFile0ErrorCode
2026-09-13 17:43:35,973 [ERROR] LogOutputStream:75 - [STDERR_REDIRECT] WARNING: Could not lock System prefs. Unix error code 5.
2026-09-13 17:43:35,973 [ERROR] LogOutputStream:75 - [STDERR_REDIRECT] 
2026-09-13 17:43:35,973 [ERROR] LogOutputStream:75 - [STDERR_REDIRECT] Sep 13, 2026 5:43:35 PM java.util.prefs.FileSystemPreferences syncWorld
2026-09-13 17:43:35,973 [ERROR] LogOutputStream:75 - [STDERR_REDIRECT] WARNING: Couldn't flush system prefs: java.util.prefs.BackingStoreException: Couldn't get file lock.
2026-09-13 17:43:35,973 [ERROR] LogOutputStream:75 - [STDERR_REDIRECT] 
2026-09-13 17:44:05,976 [ERROR] LogOutputStream:75 - [STDERR_REDIRECT] Sep 13, 2026 5:44:05 PM java.util.prefs.FileSystemPreferences checkLockFile0ErrorCode
2026-09-13 17:44:05,976 [ERROR] LogOutputStream:75 - [STDERR_REDIRECT] WARNING: Could not lock System prefs. Unix error code 5.
2026-09-13 17:44:05,976 [ERROR] LogOutputStream:75 - [STDERR_REDIRECT] 
2026-09-13 17:44:05,978 [ERROR] LogOutputStream:75 - [STDERR_REDIRECT] Sep 13, 2026 5:44:05 PM java.util.prefs.FileSystemPreferences syncWorld
2026-09-13 17:44:05,978 [ERROR] LogOutputStream:75 - [STDERR_REDIRECT] WARNING: Couldn't flush system prefs: java.util.prefs.BackingStoreException: Couldn't get file lock.
2026-09-13 17:44:05,978 [ERROR] LogOutputStream:75 - [STDERR_REDIRECT] 
2026-09-13 17:44:36,131 [ERROR] LogOutputStream:75 - [STDERR_REDIRECT] Sep 13, 2026 5:44:36 PM java.util.prefs.FileSystemPreferences checkLockFile0ErrorCode
2026-09-13 17:44:36,131 [ERROR] LogOutputStream:75 - [STDERR_REDIRECT] WARNING: Could not lock System prefs. Unix error code 5.
2026-09-13 17:44:36,131 [ERROR] LogOutputStream:75 - [STDERR_REDIRECT] 
2026-09-13 17:44:36,132 [ERROR] LogOutputStream:75 - [STDERR_REDIRECT] Sep 13, 2026 5:44:36 PM java.util.prefs.FileSystemPreferences syncWorld
2026-09-13 17:44:36,132 [ERROR] LogOutputStream:75 - [STDERR_REDIRECT] WARNING: Couldn't flush system prefs: java.util.prefs.BackingStoreException: Couldn't get file lock.
2026-09-13 17:44:36,132 [ERROR] LogOutputStream:75 - [STDERR_REDIRECT] 
2026-09-13 17:45:06,131 [ERROR] LogOutputStream:75 - [STDERR_REDIRECT] Sep 13, 2026 5:45:06 PM java.util.prefs.FileSystemPreferences checkLockFile0ErrorCode
2026-09-13 17:45:06,132 [ERROR] LogOutputStream:75 - [STDERR_REDIRECT] WARNING: Could not lock System prefs. Unix error code 5.
2026-09-13 17:45:06,132 [ERROR] LogOutputStream:75 - [STDERR_REDIRECT] 
2026-09-13 17:45:06,132 [ERROR] LogOutputStream:75 - [STDERR_REDIRECT] Sep 13, 2026 5:45:06 PM java.util.prefs.FileSystemPreferences syncWorld
2026-09-13 17:45:06,132 [ERROR] LogOutputStream:75 - [STDERR_REDIRECT] WARNING: Couldn't flush system prefs: java.util.prefs.BackingStoreException: Couldn't get file lock.
2026-09-13 17:45:06,132 [ERROR] LogOutputStream:75 - [STDERR_REDIRECT] 
2026-09-13 17:45:37,226 [ERROR] LogOutputStream:75 - [STDERR_REDIRECT] Sep 13, 2026 5:45:37 PM java.util.prefs.FileSystemPreferences checkLockFile0ErrorCode
2026-09-13 17:45:37,227 [ERROR] LogOutputStream:75 - [STDERR_REDIRECT] WARNING: Could not lock System prefs. Unix error code 5.
2026-09-13 17:45:37,227 [ERROR] LogOutputStream:75 - [STDERR_REDIRECT] 
2026-09-13 17:45:37,227 [ERROR] LogOutputStream:75 - [STDERR_REDIRECT] Sep 13, 2026 5:45:37 PM java.util.prefs.FileSystemPreferences syncWorld
2026-09-13 17:45:37,227 [ERROR] LogOutputStream:75 - [STDERR_REDIRECT] WARNING: Couldn't flush system prefs: java.util.prefs.BackingStoreException: Couldn't get file lock.
2026-09-13 17:45:37,227 [ERROR] LogOutputStream:75 - [STDERR_REDIRECT] 
2026-09-13 17:46:06,134 [ERROR] LogOutputStream:75 - [STDERR_REDIRECT] Sep 13, 2026 5:46:06 PM java.util.prefs.FileSystemPreferences checkLockFile0ErrorCode
2026-09-13 17:46:06,134 [ERROR] LogOutputStream:75 - [STDERR_REDIRECT] WARNING: Could not lock System prefs. Unix error code 5.
2026-09-13 17:46:06,134 [ERROR] LogOutputStream:75 - [STDERR_REDIRECT] 
2026-09-13 17:46:06,134 [ERROR] LogOutputStream:75 - [STDERR_REDIRECT] Sep 13, 2026 5:46:06 PM java.util.prefs.FileSystemPreferences syncWorld
2026-09-13 17:46:06,134 [ERROR] LogOutputStream:75 - [STDERR_REDIRECT] WARNING: Couldn't flush system prefs: java.util.prefs.BackingStoreException: Couldn't get file lock.
2026-09-13 17:46:06,137 [ERROR] LogOutputStream:75 - [STDERR_REDIRECT] 
2026-09-13 17:46:36,279 [ERROR] LogOutputStream:75 - [STDERR_REDIRECT] Sep 13, 2026 5:46:36 PM java.util.prefs.FileSystemPreferences checkLockFile0ErrorCode
2026-09-13 17:46:36,279 [ERROR] LogOutputStream:75 - [STDERR_REDIRECT] WARNING: Could not lock System prefs. Unix error code 5.
2026-09-13 17:46:36,279 [ERROR] LogOutputStream:75 - [STDERR_REDIRECT] 
2026-09-13 17:46:36,279 [ERROR] LogOutputStream:75 - [STDERR_REDIRECT] Sep 13, 2026 5:46:36 PM java.util.prefs.FileSystemPreferences syncWorld
2026-09-13 17:46:36,280 [ERROR] LogOutputStream:75 - [STDERR_REDIRECT] WARNING: Couldn't flush system prefs: java.util.prefs.BackingStoreException: Couldn't get file lock.
2026-09-13 17:46:36,280 [ERROR] LogOutputStream:75 - [STDERR_REDIRECT] 
2026-09-13 17:47:06,276 [ERROR] LogOutputStream:75 - [STDERR_REDIRECT] Sep 13, 2026 5:47:06 PM java.util.prefs.FileSystemPreferences checkLockFile0ErrorCode
2026-09-13 17:47:06,276 [ERROR] LogOutputStream:75 - [STDERR_REDIRECT] WARNING: Could not lock System prefs. Unix error code 5.
2026-09-13 17:47:06,278 [ERROR] LogOutputStream:75 - [STDERR_REDIRECT] 
2026-09-13 17:47:06,278 [ERROR] LogOutputStream:75 - [STDERR_REDIRECT] Sep 13, 2026 5:47:06 PM java.util.prefs.FileSystemPreferences syncWorld
2026-09-13 17:47:06,278 [ERROR] LogOutputStream:75 - [STDERR_REDIRECT] WARNING: Couldn't flush system prefs: java.util.prefs.BackingStoreException: Couldn't get file lock.
2026-09-13 17:47:06,278 [ERROR] LogOutputStream:75 - [STDERR_REDIRECT] 
2026-09-13 17:47:36,276 [ERROR] LogOutputStream:75 - [STDERR_REDIRECT] Sep 13, 2026 5:47:36 PM java.util.prefs.FileSystemPreferences checkLockFile0ErrorCode
2026-09-13 17:47:36,278 [ERROR] LogOutputStream:75 - [STDERR_REDIRECT] WARNING: Could not lock System prefs. Unix error code 5.
2026-09-13 17:47:36,278 [ERROR] LogOutputStream:75 - [STDERR_REDIRECT] 
2026-09-13 17:47:36,279 [ERROR] LogOutputStream:75 - [STDERR_REDIRECT] Sep 13, 2026 5:47:36 PM java.util.prefs.FileSystemPreferences syncWorld
2026-09-13 17:47:36,281 [ERROR] LogOutputStream:75 - [STDERR_REDIRECT] WARNING: Couldn't flush system prefs: java.util.prefs.BackingStoreException: Couldn't get file lock.
2026-09-13 17:47:36,281 [ERROR] LogOutputStream:75 - [STDERR_REDIRECT] 
2026-09-13 17:48:06,280 [ERROR] LogOutputStream:75 - [STDERR_REDIRECT] Sep 13, 2026 5:48:06 PM java.util.prefs.FileSystemPreferences checkLockFile0ErrorCode
2026-09-13 17:48:06,280 [ERROR] LogOutputStream:75 - [STDERR_REDIRECT] WARNING: Could not lock System prefs. Unix error code 5.
2026-09-13 17:48:06,280 [ERROR] LogOutputStream:75 - [STDERR_REDIRECT] 
2026-09-13 17:48:06,282 [ERROR] LogOutputStream:75 - [STDERR_REDIRECT] Sep 13, 2026 5:48:06 PM java.util.prefs.FileSystemPreferences syncWorld
2026-09-13 17:48:06,282 [ERROR] LogOutputStream:75 - [STDERR_REDIRECT] WARNING: Couldn't flush system prefs: java.util.prefs.BackingStoreException: Couldn't get file lock.
2026-09-13 17:48:06,282 [ERROR] LogOutputStream:75 - [STDERR_REDIRECT] 
2026-09-13 17:48:36,278 [ERROR] LogOutputStream:75 - [STDERR_REDIRECT] Sep 13, 2026 5:48:36 PM java.util.prefs.FileSystemPreferences checkLockFile0ErrorCode
2026-09-13 17:48:36,278 [ERROR] LogOutputStream:75 - [STDERR_REDIRECT] WARNING: Could not lock System prefs. Unix error code 5.
2026-09-13 17:48:36,278 [ERROR] LogOutputStream:75 - [STDERR_REDIRECT] 
2026-09-13 17:48:36,279 [ERROR] LogOutputStream:75 - [STDERR_REDIRECT] Sep 13, 2026 5:48:36 PM java.util.prefs.FileSystemPreferences syncWorld
2026-09-13 17:48:36,279 [ERROR] LogOutputStream:75 - [STDERR_REDIRECT] WARNING: Couldn't flush system prefs: java.util.prefs.BackingStoreException: Couldn't get file lock.
2026-09-13 17:48:36,279 [ERROR] LogOutputStream:75 - [STDERR_REDIRECT] 
2026-09-13 17:49:08,209 [ERROR] LogOutputStream:75 - [STDERR_REDIRECT] Sep 13, 2026 5:49:08 PM java.util.prefs.FileSystemPreferences checkLockFile0ErrorCode
2026-09-13 17:49:08,213 [ERROR] LogOutputStream:75 - [STDERR_REDIRECT] WARNING: Could not lock System prefs. Unix error code 5.
2026-09-13 17:49:08,213 [ERROR] LogOutputStream:75 - [STDERR_REDIRECT] 
2026-09-13 17:49:08,213 [ERROR] LogOutputStream:75 - [STDERR_REDIRECT] Sep 13, 2026 5:49:08 PM java.util.prefs.FileSystemPreferences syncWorld
2026-09-13 17:49:08,220 [ERROR] LogOutputStream:75 - [STDERR_REDIRECT] WARNING: Couldn't flush system prefs: java.util.prefs.BackingStoreException: Couldn't get file lock.
2026-09-13 17:49:08,220 [ERROR] LogOutputStream:75 - [STDERR_REDIRECT] 
2026-09-13 17:49:37,256 [ERROR] LogOutputStream:75 - [STDERR_REDIRECT] Sep 13, 2026 5:49:37 PM java.util.prefs.FileSystemPreferences checkLockFile0ErrorCode
2026-09-13 17:49:37,259 [ERROR] LogOutputStream:75 - [STDERR_REDIRECT] WARNING: Could not lock System prefs. Unix error code 5.
2026-09-13 17:49:37,259 [ERROR] LogOutputStream:75 - [STDERR_REDIRECT] 
2026-09-13 17:49:37,259 [ERROR] LogOutputStream:75 - [STDERR_REDIRECT] Sep 13, 2026 5:49:37 PM java.util.prefs.FileSystemPreferences syncWorld
2026-09-13 17:49:37,259 [ERROR] LogOutputStream:75 - [STDERR_REDIRECT] WARNING: Couldn't flush system prefs: java.util.prefs.BackingStoreException: Couldn't get file lock.
2026-09-13 17:49:37,259 [ERROR] LogOutputStream:75 - [STDERR_REDIRECT] 
2026-09-13 17:50:07,254 [ERROR] LogOutputStream:75 - [STDERR_REDIRECT] Sep 13, 2026 5:50:07 PM java.util.prefs.FileSystemPreferences checkLockFile0ErrorCode
2026-09-13 17:50:07,254 [ERROR] LogOutputStream:75 - [STDERR_REDIRECT] WARNING: Could not lock System prefs. Unix error code 5.
2026-09-13 17:50:07,254 [ERROR] LogOutputStream:75 - [STDERR_REDIRECT] 
2026-09-13 17:50:07,255 [ERROR] LogOutputStream:75 - [STDERR_REDIRECT] Sep 13, 2026 5:50:07 PM java.util.prefs.FileSystemPreferences syncWorld
2026-09-13 17:50:07,255 [ERROR] LogOutputStream:75 - [STDERR_REDIRECT] WARNING: Couldn't flush system prefs: java.util.prefs.BackingStoreException: Couldn't get file lock.
2026-09-13 17:50:07,255 [ERROR] LogOutputStream:75 - [STDERR_REDIRECT] 
2026-09-13 17:50:37,254 [ERROR] LogOutputStream:75 - [STDERR_REDIRECT] Sep 13, 2026 5:50:37 PM java.util.prefs.FileSystemPreferences checkLockFile0ErrorCode
2026-09-13 17:50:37,254 [ERROR] LogOutputStream:75 - [STDERR_REDIRECT] WARNING: Could not lock System prefs. Unix error code 5.
2026-09-13 17:50:37,255 [ERROR] LogOutputStream:75 - [STDERR_REDIRECT] 
2026-09-13 17:50:37,255 [ERROR] LogOutputStream:75 - [STDERR_REDIRECT] Sep 13, 2026 5:50:37 PM java.util.prefs.FileSystemPreferences syncWorld
2026-09-13 17:50:37,255 [ERROR] LogOutputStream:75 - [STDERR_REDIRECT] WARNING: Couldn't flush system prefs: java.util.prefs.BackingStoreException: Couldn't get file lock.
2026-09-13 17:50:37,255 [ERROR] LogOutputStream:75 - [STDERR_REDIRECT] 
2026-09-13 17:51:07,254 [ERROR] LogOutputStream:75 - [STDERR_REDIRECT] Sep 13, 2026 5:51:07 PM java.util.prefs.FileSystemPreferences checkLockFile0ErrorCode
2026-09-13 17:51:07,254 [ERROR] LogOutputStream:75 - [STDERR_REDIRECT] WARNING: Could not lock System prefs. Unix error code 5.
2026-09-13 17:51:07,254 [ERROR] LogOutputStream:75 - [STDERR_REDIRECT] 
2026-09-13 17:51:07,254 [ERROR] LogOutputStream:75 - [STDERR_REDIRECT] Sep 13, 2026 5:51:07 PM java.util.prefs.FileSystemPreferences syncWorld
2026-09-13 17:51:07,254 [ERROR] LogOutputStream:75 - [STDERR_REDIRECT] WARNING: Couldn't flush system prefs: java.util.prefs.BackingStoreException: Couldn't get file lock.
2026-09-13 17:51:07,254 [ERROR] LogOutputStream:75 - [STDERR_REDIRECT] 
2026-09-13 17:51:37,255 [ERROR] LogOutputStream:75 - [STDERR_REDIRECT] Sep 13, 2026 5:51:37 PM java.util.prefs.FileSystemPreferences checkLockFile0ErrorCode
2026-09-13 17:51:37,255 [ERROR] LogOutputStream:75 - [STDERR_REDIRECT] WARNING: Could not lock System prefs. Unix error code 5.
2026-09-13 17:51:37,255 [ERROR] LogOutputStream:75 - [STDERR_REDIRECT] 
2026-09-13 17:51:37,255 [ERROR] LogOutputStream:75 - [STDERR_REDIRECT] Sep 13, 2026 5:51:37 PM java.util.prefs.FileSystemPreferences syncWorld
2026-09-13 17:51:37,256 [ERROR] LogOutputStream:75 - [STDERR_REDIRECT] WARNING: Couldn't flush system prefs: java.util.prefs.BackingStoreException: Couldn't get file lock.
2026-09-13 17:51:37,256 [ERROR] LogOutputStream:75 - [STDERR_REDIRECT] 
2026-09-13 17:52:07,253 [ERROR] LogOutputStream:75 - [STDERR_REDIRECT] Sep 13, 2026 5:52:07 PM java.util.prefs.FileSystemPreferences checkLockFile0ErrorCode
2026-09-13 17:52:07,253 [ERROR] LogOutputStream:75 - [STDERR_REDIRECT] WARNING: Could not lock System prefs. Unix error code 5.
2026-09-13 17:52:07,254 [ERROR] LogOutputStream:75 - [STDERR_REDIRECT] 
2026-09-13 17:52:07,254 [ERROR] LogOutputStream:75 - [STDERR_REDIRECT] Sep 13, 2026 5:52:07 PM java.util.prefs.FileSystemPreferences syncWorld
2026-09-13 17:52:07,254 [ERROR] LogOutputStream:75 - [STDERR_REDIRECT] WARNING: Couldn't flush system prefs: java.util.prefs.BackingStoreException: Couldn't get file lock.
2026-09-13 17:52:07,254 [ERROR] LogOutputStream:75 - [STDERR_REDIRECT] 
2026-09-13 17:52:37,254 [ERROR] LogOutputStream:75 - [STDERR_REDIRECT] Sep 13, 2026 5:52:37 PM java.util.prefs.FileSystemPreferences checkLockFile0ErrorCode
2026-09-13 17:52:37,254 [ERROR] LogOutputStream:75 - [STDERR_REDIRECT] WARNING: Could not lock System prefs. Unix error code 5.
2026-09-13 17:52:37,254 [ERROR] LogOutputStream:75 - [STDERR_REDIRECT] 
2026-09-13 17:52:37,254 [ERROR] LogOutputStream:75 - [STDERR_REDIRECT] Sep 13, 2026 5:52:37 PM java.util.prefs.FileSystemPreferences syncWorld
2026-09-13 17:52:37,254 [ERROR] LogOutputStream:75 - [STDERR_REDIRECT] WARNING: Couldn't flush system prefs: java.util.prefs.BackingStoreException: Couldn't get file lock.
2026-09-13 17:52:37,254 [ERROR] LogOutputStream:75 - [STDERR_REDIRECT] 
2026-09-13 17:53:07,254 [ERROR] LogOutputStream:75 - [STDERR_REDIRECT] Sep 13, 2026 5:53:07 PM java.util.prefs.FileSystemPreferences checkLockFile0ErrorCode
2026-09-13 17:53:07,254 [ERROR] LogOutputStream:75 - [STDERR_REDIRECT] WARNING: Could not lock System prefs. Unix error code 5.
2026-09-13 17:53:07,254 [ERROR] LogOutputStream:75 - [STDERR_REDIRECT] 
2026-09-13 17:53:07,254 [ERROR] LogOutputStream:75 - [STDERR_REDIRECT] Sep 13, 2026 5:53:07 PM java.util.prefs.FileSystemPreferences syncWorld
2026-09-13 17:53:07,254 [ERROR] LogOutputStream:75 - [STDERR_REDIRECT] WARNING: Couldn't flush system prefs: java.util.prefs.BackingStoreException: Couldn't get file lock.
2026-09-13 17:53:07,255 [ERROR] LogOutputStream:75 - [STDERR_REDIRECT] 
2026-09-13 17:53:37,254 [ERROR] LogOutputStream:75 - [STDERR_REDIRECT] Sep 13, 2026 5:53:37 PM java.util.prefs.FileSystemPreferences checkLockFile0ErrorCode
2026-09-13 17:53:37,255 [ERROR] LogOutputStream:75 - [STDERR_REDIRECT] WARNING: Could not lock System prefs. Unix error code 5.
2026-09-13 17:53:37,255 [ERROR] LogOutputStream:75 - [STDERR_REDIRECT] 
2026-09-13 17:53:37,256 [ERROR] LogOutputStream:75 - [STDERR_REDIRECT] Sep 13, 2026 5:53:37 PM java.util.prefs.FileSystemPreferences syncWorld
2026-09-13 17:53:37,256 [ERROR] LogOutputStream:75 - [STDERR_REDIRECT] WARNING: Couldn't flush system prefs: java.util.prefs.BackingStoreException: Couldn't get file lock.
2026-09-13 17:53:37,256 [ERROR] LogOutputStream:75 - [STDERR_REDIRECT] 
2026-09-13 17:54:07,254 [ERROR] LogOutputStream:75 - [STDERR_REDIRECT] Sep 13, 2026 5:54:07 PM java.util.prefs.FileSystemPreferences checkLockFile0ErrorCode
2026-09-13 17:54:07,255 [ERROR] LogOutputStream:75 - [STDERR_REDIRECT] WARNING: Could not lock System prefs. Unix error code 5.
2026-09-13 17:54:07,255 [ERROR] LogOutputStream:75 - [STDERR_REDIRECT] 
2026-09-13 17:54:07,255 [ERROR] LogOutputStream:75 - [STDERR_REDIRECT] Sep 13, 2026 5:54:07 PM java.util.prefs.FileSystemPreferences syncWorld
2026-09-13 17:54:07,255 [ERROR] LogOutputStream:75 - [STDERR_REDIRECT] WARNING: Couldn't flush system prefs: java.util.prefs.BackingStoreException: Couldn't get file lock.
2026-09-13 17:54:07,255 [ERROR] LogOutputStream:75 - [STDERR_REDIRECT] 
2026-09-13 17:54:37,255 [ERROR] LogOutputStream:75 - [STDERR_REDIRECT] Sep 13, 2026 5:54:37 PM java.util.prefs.FileSystemPreferences checkLockFile0ErrorCode
2026-09-13 17:54:37,255 [ERROR] LogOutputStream:75 - [STDERR_REDIRECT] WARNING: Could not lock System prefs. Unix error code 5.
2026-09-13 17:54:37,255 [ERROR] LogOutputStream:75 - [STDERR_REDIRECT] 
2026-09-13 17:54:37,256 [ERROR] LogOutputStream:75 - [STDERR_REDIRECT] Sep 13, 2026 5:54:37 PM java.util.prefs.FileSystemPreferences syncWorld
2026-09-13 17:54:37,256 [ERROR] LogOutputStream:75 - [STDERR_REDIRECT] WARNING: Couldn't flush system prefs: java.util.prefs.BackingStoreException: Couldn't get file lock.
2026-09-13 17:54:37,256 [ERROR] LogOutputStream:75 - [STDERR_REDIRECT] 
2026-09-13 17:55:07,254 [ERROR] LogOutputStream:75 - [STDERR_REDIRECT] Sep 13, 2026 5:55:07 PM java.util.prefs.FileSystemPreferences checkLockFile0ErrorCode
2026-09-13 17:55:07,255 [ERROR] LogOutputStream:75 - [STDERR_REDIRECT] WARNING: Could not lock System prefs. Unix error code 5.
2026-09-13 17:55:07,255 [ERROR] LogOutputStream:75 - [STDERR_REDIRECT] 
2026-09-13 17:55:07,255 [ERROR] LogOutputStream:75 - [STDERR_REDIRECT] Sep 13, 2026 5:55:07 PM java.util.prefs.FileSystemPreferences syncWorld
2026-09-13 17:55:07,255 [ERROR] LogOutputStream:75 - [STDERR_REDIRECT] WARNING: Couldn't flush system prefs: java.util.prefs.BackingStoreException: Couldn't get file lock.
2026-09-13 17:55:07,255 [ERROR] LogOutputStream:75 - [STDERR_REDIRECT] 
2026-09-13 17:55:37,255 [ERROR] LogOutputStream:75 - [STDERR_REDIRECT] Sep 13, 2026 5:55:37 PM java.util.prefs.FileSystemPreferences checkLockFile0ErrorCode
2026-09-13 17:55:37,255 [ERROR] LogOutputStream:75 - [STDERR_REDIRECT] WARNING: Could not lock System prefs. Unix error code 5.
2026-09-13 17:55:37,255 [ERROR] LogOutputStream:75 - [STDERR_REDIRECT] 
2026-09-13 17:55:37,256 [ERROR] LogOutputStream:75 - [STDERR_REDIRECT] Sep 13, 2026 5:55:37 PM java.util.prefs.FileSystemPreferences syncWorld
2026-09-13 17:55:37,256 [ERROR] LogOutputStream:75 - [STDERR_REDIRECT] WARNING: Couldn't flush system prefs: java.util.prefs.BackingStoreException: Couldn't get file lock.
2026-09-13 17:55:37,256 [ERROR] LogOutputStream:75 - [STDERR_REDIRECT] 
2026-09-13 17:56:06,598 [INFO] Activator:176 - 


2026-09-13 17:56:06,602 [INFO] Activator:177 - !SESSION log4j initialized
2026-09-13 17:56:16,444 [INFO] LogOutputStream:77 - [STDOUT_REDIRECT] 
2026-09-13 17:56:18,007 [INFO] ApplicationProperties:184 - Using Application install path: /opt/st/stm32cubeide_1.15.0_2/plugins/com.st.stm32cube.common.mx_6.11.0.202403141607
2026-09-13 17:56:18,075 [INFO] DbMcusXml:78 - Set database path to: /opt/st/stm32cubeide_1.15.0_2/plugins/com.st.stm32cube.common.mx_6.11.0.202403141607//db//mcu/
2026-09-13 17:56:18,076 [INFO] ApiDb:274 - Set plugin database path to: /opt/st/stm32cubeide_1.15.0_2/plugins/com.st.stm32cube.common.mx_6.11.0.202403141607//db//plugins/boardmanager/
2026-09-13 17:56:18,076 [WARN] ApiDb:259 - Overriding images path with different value:  => /opt/st/stm32cubeide_1.15.0_2/plugins/com.st.stm32cube.common.mx_6.11.0.202403141607//db//plugins/mcufinder/images/
2026-09-13 17:56:18,088 [INFO] ApiDb:250 - Set database path to: /home/peter/.stmcufinder/plugins/mcufinder//mcu/
2026-09-13 17:56:18,091 [INFO] DbMcusAds:125 - Set database path to: /home/peter/.stmcufinder/plugins/mcufinder//mcu/
2026-09-13 17:56:18,096 [INFO] CrossReferenceDbSqlite:203 - Set database path to: /home/peter/.stmcufinder/plugins/mcufinder//mcu/cs/
2026-09-13 17:56:18,425 [INFO] RulesReader:64 - Compatibility file has been processed (297 Rules)
2026-09-13 17:56:18,614 [INFO] DbMcusXml:78 - Set database path to: /opt/st/stm32cubeide_1.15.0_2/plugins/com.st.stm32cube.common.mx_6.11.0.202403141607//db//mcu/
2026-09-13 17:56:18,614 [INFO] ApiDb:274 - Set plugin database path to: /opt/st/stm32cubeide_1.15.0_2/plugins/com.st.stm32cube.common.mx_6.11.0.202403141607//db//plugins/boardmanager/
2026-09-13 17:56:18,617 [INFO] ApiDb:261 - Set plugin images path to: /opt/st/stm32cubeide_1.15.0_2/plugins/com.st.stm32cube.common.mx_6.11.0.202403141607//db//plugins/mcufinder/images/
2026-09-13 17:56:18,617 [WARN] DbFile:41 - Overriding database path with different value: /home/peter/.stmcufinder/plugins/mcufinder/ => /home/peter/.stmcufinder/plugins/mcufinder
2026-09-13 17:56:18,618 [INFO] ApiDb:250 - Set database path to: /home/peter/.stmcufinder/plugins/mcufinder//mcu/
2026-09-13 17:56:18,618 [WARN] DbFile:41 - Overriding database path with different value: /home/peter/.stmcufinder/plugins/mcufinder/ => /home/peter/.stmcufinder/plugins/mcufinder
2026-09-13 17:56:18,620 [INFO] DbMcusAds:125 - Set database path to: /home/peter/.stmcufinder/plugins/mcufinder//mcu/
2026-09-13 17:56:18,620 [WARN] DbFile:41 - Overriding database path with different value: /home/peter/.stmcufinder/plugins/mcufinder/ => /home/peter/.stmcufinder/plugins/mcufinder
2026-09-13 17:56:18,620 [WARN] DbFile:41 - Overriding database path with different value: /home/peter/.stmcufinder/plugins/mcufinder/ => /home/peter/.stmcufinder/plugins/mcufinder
2026-09-13 17:56:18,620 [INFO] CrossReferenceDbSqlite:203 - Set database path to: /home/peter/.stmcufinder/plugins/mcufinder//mcu/cs/
2026-09-13 17:56:18,808 [INFO] MainPanel:264 - HeapMemory: 268435456
2026-09-13 17:56:19,008 [INFO] DbMcusXml:78 - Set database path to: /opt/st/stm32cubeide_1.15.0_2/plugins/com.st.stm32cube.common.mx_6.11.0.202403141607//db//mcu/
2026-09-13 17:56:19,009 [INFO] ApiDb:274 - Set plugin database path to: /opt/st/stm32cubeide_1.15.0_2/plugins/com.st.stm32cube.common.mx_6.11.0.202403141607//db//plugins/boardmanager/
2026-09-13 17:56:19,010 [INFO] ApiDb:261 - Set plugin images path to: /opt/st/stm32cubeide_1.15.0_2/plugins/com.st.stm32cube.common.mx_6.11.0.202403141607//db//plugins/mcufinder/images/
2026-09-13 17:56:19,010 [WARN] DbFile:41 - Overriding database path with different value: /home/peter/.stmcufinder/plugins/mcufinder/ => /home/peter/.stmcufinder/plugins/mcufinder
2026-09-13 17:56:19,011 [INFO] ApiDb:250 - Set database path to: /home/peter/.stmcufinder/plugins/mcufinder//mcu/
2026-09-13 17:56:19,011 [WARN] DbFile:41 - Overriding database path with different value: /home/peter/.stmcufinder/plugins/mcufinder/ => /home/peter/.stmcufinder/plugins/mcufinder
2026-09-13 17:56:19,011 [INFO] DbMcusAds:125 - Set database path to: /home/peter/.stmcufinder/plugins/mcufinder//mcu/
2026-09-13 17:56:19,011 [WARN] DbFile:41 - Overriding database path with different value: /home/peter/.stmcufinder/plugins/mcufinder/ => /home/peter/.stmcufinder/plugins/mcufinder
2026-09-13 17:56:19,012 [WARN] DbFile:41 - Overriding database path with different value: /home/peter/.stmcufinder/plugins/mcufinder/ => /home/peter/.stmcufinder/plugins/mcufinder
2026-09-13 17:56:19,012 [INFO] CrossReferenceDbSqlite:203 - Set database path to: /home/peter/.stmcufinder/plugins/mcufinder//mcu/cs/
2026-09-13 17:56:19,053 [INFO] ApplicationProperties:184 - Using Application install path: /opt/st/stm32cubeide_1.15.0_2/plugins/com.st.stm32cube.common.mx_6.11.0.202403141607
2026-09-13 17:56:19,057 [INFO] PluginManage:196 - Search for loadable plugins [exclusion list=, ]
2026-09-13 17:56:19,066 [INFO] PluginManage:310 - Check plugin analytics
2026-09-13 17:56:19,526 [INFO] AnalyticsPlugin:253 - Accepted Software Licenses: 
2026-09-13 17:56:19,526 [INFO] AnalyticsPlugin:255 - Accepted CMSIS Pack Licenses: 
2026-09-13 17:56:19,526 [INFO] AnalyticsPlugin:257 - Accepted Firmware Licenses: FW.C0.1.1.0
2026-09-13 17:56:19,536 [INFO] PluginManage:359 - Loaded plugin analytics (category:tool,tabindex:-1)
2026-09-13 17:56:19,537 [INFO] PluginManage:310 - Check plugin cadmodel
2026-09-13 17:56:19,616 [INFO] CADModel:105 - Init CAD model plugin
2026-09-13 17:56:19,617 [INFO] PluginManage:359 - Loaded plugin cadmodel (category:power,tabindex:5)
2026-09-13 17:56:19,617 [INFO] PluginManage:310 - Check plugin clock
2026-09-13 17:56:19,660 [INFO] PluginManage:359 - Loaded plugin clock (category:base,tabindex:2)
2026-09-13 17:56:19,660 [INFO] PluginManage:310 - Check plugin ddr
2026-09-13 17:56:19,668 [INFO] PluginManage:359 - Loaded plugin ddr (category:tool,tabindex:6)
2026-09-13 17:56:19,668 [INFO] PluginManage:310 - Check plugin filemanager
2026-09-13 17:56:20,054 [INFO] PluginManage:359 - Loaded plugin filemanager (category:base,tabindex:10)
2026-09-13 17:56:20,054 [INFO] PluginManage:310 - Check plugin ipmanager
2026-09-13 17:56:20,069 [INFO] PluginManage:359 - Loaded plugin ipmanager (category:base,tabindex:5)
2026-09-13 17:56:20,069 [INFO] PluginManage:310 - Check plugin lpbam
2026-09-13 17:56:20,094 [INFO] PluginManage:359 - Loaded plugin lpbam (category:base,tabindex:0)
2026-09-13 17:56:20,094 [INFO] PluginManage:310 - Check plugin memorymap
2026-09-13 17:56:20,121 [INFO] PluginManage:359 - Loaded plugin memorymap (category:base,tabindex:4)
2026-09-13 17:56:20,122 [INFO] PluginManage:310 - Check plugin pinoutandconfiguration
2026-09-13 17:56:20,143 [INFO] PluginManage:359 - Loaded plugin pinoutandconfiguration (category:base,tabindex:1)
2026-09-13 17:56:20,143 [INFO] PluginManage:310 - Check plugin pinoutconfig
2026-09-13 17:56:20,349 [WARN] SupportedApi:132 - Cannot load RTOS API schema: s4s-elt-must-match.1: The content of 'definitions' must match (annotation?, (simpleType | complexType)?, (unique | key | keyref)*)). A problem was found starting at: attribute.
2026-09-13 17:56:20,702 [INFO] PluginManage:359 - Loaded plugin pinoutconfig (category:base,tabindex:0)
2026-09-13 17:56:20,703 [INFO] PluginManage:310 - Check plugin power
2026-09-13 17:56:20,736 [INFO] PluginManage:359 - Loaded plugin power (category:power,tabindex:4)
2026-09-13 17:56:20,736 [INFO] PluginManage:310 - Check plugin projectmanager
2026-09-13 17:56:20,779 [INFO] PluginManage:359 - Loaded plugin projectmanager (category:projectmanager,tabindex:3)
2026-09-13 17:56:20,781 [INFO] PluginManage:310 - Check plugin thirdparty
2026-09-13 17:56:21,108 [INFO] PluginManage:359 - Loaded plugin thirdparty (category:base,tabindex:-1)
2026-09-13 17:56:21,108 [INFO] PluginManage:310 - Check plugin tools
2026-09-13 17:56:21,109 [WARN] IntegrityCheckThread:84 - waiting for thirdparty lock release [integrity check]
2026-09-13 17:56:21,109 [INFO] IntegrityCheckThread:86 - entering critical section [integrity check]
2026-09-13 17:56:21,110 [INFO] ThirdPartyUpdaterWithRetryManager:70 - Updater plugin not ready yet. [1/15]
2026-09-13 17:56:21,117 [INFO] PluginManage:359 - Loaded plugin tools (category:base,tabindex:7)
2026-09-13 17:56:21,117 [INFO] PluginManage:310 - Check plugin tutovideos
2026-09-13 17:56:21,523 [INFO] PluginManage:359 - Loaded plugin tutovideos (category:base,tabindex:-1)
2026-09-13 17:56:21,524 [INFO] PluginManage:310 - Check plugin updater
2026-09-13 17:56:21,554 [INFO] PluginManage:359 - Loaded plugin updater (category:base,tabindex:12)
2026-09-13 17:56:21,554 [INFO] PluginManage:310 - Check plugin userauth
2026-09-13 17:56:21,569 [INFO] UserAuth:114 - Init User Auth plugin
2026-09-13 17:56:21,569 [INFO] PluginManage:359 - Loaded plugin userauth (category:base,tabindex:14)
2026-09-13 17:56:21,571 [INFO] PluginManage:283 - PluginManage : Loaded plugins [17]
2026-09-13 17:56:22,074 [INFO] PinOutPanel:1561 - setPackage(No Configuration,No Configuration)
2026-09-13 17:56:22,237 [INFO] CADModel:165 - CPN selected for project level
2026-09-13 17:56:22,237 [INFO] CADModel:114 - Register for checkConnection events
2026-09-13 17:56:22,270 [INFO] IPUIPlugin:80 - create IPUIPlugin
2026-09-13 17:56:22,271 [INFO] PluginManager:220 - loadIPPluginJar : add mdma
2026-09-13 17:56:22,285 [INFO] IPUIPlugin:80 - create IPUIPlugin
2026-09-13 17:56:22,285 [INFO] PluginManager:220 - loadIPPluginJar : add cryp
2026-09-13 17:56:22,303 [INFO] IPUIPlugin:80 - create IPUIPlugin
2026-09-13 17:56:22,303 [INFO] PluginManager:220 - loadIPPluginJar : add freertos
2026-09-13 17:56:22,314 [INFO] IPUIPlugin:80 - create IPUIPlugin
2026-09-13 17:56:22,314 [INFO] PluginManager:220 - loadIPPluginJar : add gpio
2026-09-13 17:56:22,320 [INFO] IPUIPlugin:80 - create IPUIPlugin
2026-09-13 17:56:22,320 [INFO] PluginManager:220 - loadIPPluginJar : add usbx
2026-09-13 17:56:22,324 [INFO] IPUIPlugin:80 - create IPUIPlugin
2026-09-13 17:56:22,325 [INFO] PluginManager:220 - loadIPPluginJar : add lorawan
2026-09-13 17:56:22,332 [INFO] IPUIPlugin:80 - create IPUIPlugin
2026-09-13 17:56:22,332 [INFO] PluginManager:220 - loadIPPluginJar : add can
2026-09-13 17:56:22,337 [INFO] IPUIPlugin:80 - create IPUIPlugin
2026-09-13 17:56:22,337 [INFO] PluginManager:220 - loadIPPluginJar : add pdm2pcm
2026-09-13 17:56:22,339 [INFO] IPUIPlugin:80 - create IPUIPlugin
2026-09-13 17:56:22,340 [INFO] PluginManager:220 - loadIPPluginJar : add fatfs
2026-09-13 17:56:22,350 [INFO] IPUIPlugin:80 - create IPUIPlugin
2026-09-13 17:56:22,351 [INFO] PluginManager:220 - loadIPPluginJar : add resmgrutility
2026-09-13 17:56:22,355 [INFO] IPUIPlugin:80 - create IPUIPlugin
2026-09-13 17:56:22,355 [INFO] PluginManager:220 - loadIPPluginJar : add hash
2026-09-13 17:56:22,363 [INFO] IPUIPlugin:80 - create IPUIPlugin
2026-09-13 17:56:22,364 [INFO] PluginManager:220 - loadIPPluginJar : add nvic
2026-09-13 17:56:22,368 [INFO] IPUIPlugin:80 - create IPUIPlugin
2026-09-13 17:56:22,368 [INFO] PluginManager:220 - loadIPPluginJar : add gfxmmu
2026-09-13 17:56:22,371 [INFO] IPUIPlugin:80 - create IPUIPlugin
2026-09-13 17:56:22,372 [INFO] PluginManager:220 - loadIPPluginJar : add quadspi
2026-09-13 17:56:22,376 [INFO] IPUIPlugin:80 - create IPUIPlugin
2026-09-13 17:56:22,376 [INFO] PluginManager:220 - loadIPPluginJar : add aes
2026-09-13 17:56:22,390 [INFO] IPUIPlugin:80 - create IPUIPlugin
2026-09-13 17:56:22,391 [INFO] PluginManager:220 - loadIPPluginJar : add linkedlist
2026-09-13 17:56:22,393 [INFO] IPUIPlugin:80 - create IPUIPlugin
2026-09-13 17:56:22,393 [INFO] PluginManager:220 - loadIPPluginJar : add ts
2026-09-13 17:56:22,403 [INFO] IPUIPlugin:80 - create IPUIPlugin
2026-09-13 17:56:22,403 [INFO] PluginManager:220 - loadIPPluginJar : add stm32_wpan
2026-09-13 17:56:22,408 [INFO] IPUIPlugin:80 - create IPUIPlugin
2026-09-13 17:56:22,409 [INFO] PluginManager:220 - loadIPPluginJar : add touchsensing
2026-09-13 17:56:22,415 [INFO] IPUIPlugin:80 - create IPUIPlugin
2026-09-13 17:56:22,415 [INFO] PluginManager:220 - loadIPPluginJar : add dma3
2026-09-13 17:56:22,420 [INFO] IPUIPlugin:80 - create IPUIPlugin
2026-09-13 17:56:22,420 [INFO] PluginManager:220 - loadIPPluginJar : add spi
2026-09-13 17:56:22,425 [INFO] IPUIPlugin:80 - create IPUIPlugin
2026-09-13 17:56:22,425 [INFO] PluginManager:220 - loadIPPluginJar : add openamp
2026-09-13 17:56:22,432 [INFO] IPUIPlugin:80 - create IPUIPlugin
2026-09-13 17:56:22,433 [INFO] PluginManager:220 - loadIPPluginJar : add sai
2026-09-13 17:56:22,438 [INFO] IPUIPlugin:80 - create IPUIPlugin
2026-09-13 17:56:22,438 [INFO] PluginManager:220 - loadIPPluginJar : add opamp
2026-09-13 17:56:22,452 [INFO] IPUIPlugin:80 - create IPUIPlugin
2026-09-13 17:56:22,458 [INFO] PluginManager:220 - loadIPPluginJar : add plateformsettings
2026-09-13 17:56:22,467 [INFO] IPUIPlugin:80 - create IPUIPlugin
2026-09-13 17:56:22,468 [INFO] PluginManager:220 - loadIPPluginJar : add ipddr
2026-09-13 17:56:22,471 [INFO] IPUIPlugin:80 - create IPUIPlugin
2026-09-13 17:56:22,471 [INFO] PluginManager:220 - loadIPPluginJar : add ltdc
2026-09-13 17:56:22,481 [INFO] IPUIPlugin:80 - create IPUIPlugin
2026-09-13 17:56:22,482 [INFO] PluginManager:220 - loadIPPluginJar : add fmc
2026-09-13 17:56:22,493 [INFO] IPUIPlugin:80 - create IPUIPlugin
2026-09-13 17:56:22,495 [INFO] PluginManager:220 - loadIPPluginJar : add adc
2026-09-13 17:56:22,500 [INFO] IPUIPlugin:80 - create IPUIPlugin
2026-09-13 17:56:22,500 [INFO] PluginManager:220 - loadIPPluginJar : add i2s
2026-09-13 17:56:22,504 [INFO] IPUIPlugin:80 - create IPUIPlugin
2026-09-13 17:56:22,505 [INFO] PluginManager:220 - loadIPPluginJar : add tracer_emb
2026-09-13 17:56:22,508 [INFO] IPUIPlugin:80 - create IPUIPlugin
2026-09-13 17:56:22,509 [INFO] PluginManager:220 - loadIPPluginJar : add i2c
2026-09-13 17:56:22,515 [INFO] IPUIPlugin:80 - create IPUIPlugin
2026-09-13 17:56:22,515 [INFO] PluginManager:220 - loadIPPluginJar : add gtzc
2026-09-13 17:56:22,518 [INFO] IPUIPlugin:80 - create IPUIPlugin
2026-09-13 17:56:22,518 [INFO] PluginManager:220 - loadIPPluginJar : add tim
2026-09-13 17:56:22,521 [INFO] IPUIPlugin:80 - create IPUIPlugin
2026-09-13 17:56:22,521 [INFO] PluginManager:220 - loadIPPluginJar : add ucpd
2026-09-13 17:56:22,526 [INFO] IPUIPlugin:80 - create IPUIPlugin
2026-09-13 17:56:22,528 [INFO] PluginManager:220 - loadIPPluginJar : add usart
2026-09-13 17:56:22,533 [INFO] IPUIPlugin:80 - create IPUIPlugin
2026-09-13 17:56:22,533 [INFO] PluginManager:220 - loadIPPluginJar : add dfsdm
2026-09-13 17:56:22,537 [INFO] IPUIPlugin:80 - create IPUIPlugin
2026-09-13 17:56:22,538 [INFO] PluginManager:220 - loadIPPluginJar : add i3c
2026-09-13 17:56:22,549 [INFO] IPUIPlugin:80 - create IPUIPlugin
2026-09-13 17:56:22,549 [INFO] PluginManager:220 - loadIPPluginJar : add gic
2026-09-13 17:56:22,552 [INFO] IPUIPlugin:80 - create IPUIPlugin
2026-09-13 17:56:22,552 [INFO] PluginManager:220 - loadIPPluginJar : add comp
2026-09-13 17:56:22,554 [INFO] IPUIPlugin:80 - create IPUIPlugin
2026-09-13 17:56:22,555 [INFO] PluginManager:220 - loadIPPluginJar : add tsc
2026-09-13 17:56:22,557 [INFO] IPUIPlugin:80 - create IPUIPlugin
2026-09-13 17:56:22,557 [INFO] PluginManager:220 - loadIPPluginJar : add genericplugin
2026-09-13 17:56:22,564 [INFO] IPUIPlugin:80 - create IPUIPlugin
2026-09-13 17:56:22,567 [INFO] PluginManager:220 - loadIPPluginJar : add extmemmanager
2026-09-13 17:56:22,577 [INFO] IPUIPlugin:80 - create IPUIPlugin
2026-09-13 17:56:22,577 [INFO] PluginManager:220 - loadIPPluginJar : add dma
2026-09-13 17:56:22,753 [INFO] CADModel:165 - CPN selected for project level
2026-09-13 17:56:22,753 [INFO] CADModel:114 - Register for checkConnection events
2026-09-13 17:56:22,754 [FATAL] Updater:308 - Updater called before beeing initialized
2026-09-13 17:56:22,754 [ERROR] CADModel:125 - Updater not yet initialized, retry later 
2026-09-13 17:56:23,046 [INFO] CADModel:165 - CPN selected for project level
2026-09-13 17:56:23,047 [INFO] CADModel:114 - Register for checkConnection events
2026-09-13 17:56:23,047 [FATAL] Updater:308 - Updater called before beeing initialized
2026-09-13 17:56:23,047 [ERROR] CADModel:125 - Updater not yet initialized, retry later 
2026-09-13 17:56:23,057 [FATAL] Updater:308 - Updater called before beeing initialized
2026-09-13 17:56:23,242 [FATAL] Updater:308 - Updater called before beeing initialized
2026-09-13 17:56:23,249 [INFO] DbMcusAds:53 - JSON generation date=Wed Jul 15 05:44:54 EDT 2026 (1784108694001)
2026-09-13 17:56:23,250 [FATAL] Updater:308 - Updater called before beeing initialized
2026-09-13 17:56:23,322 [WARN] DetailPanel:346 - Failed to get advertising image, set to default
2026-09-13 17:56:23,500 [FATAL] Updater:308 - Updater called before beeing initialized
2026-09-13 17:56:23,503 [FATAL] Updater:308 - Updater called before beeing initialized
2026-09-13 17:56:23,504 [FATAL] Updater:308 - Updater called before beeing initialized
2026-09-13 17:56:23,504 [WARN] DetailPanel:346 - Failed to get advertising image, set to default
2026-09-13 17:56:23,505 [FATAL] Updater:308 - Updater called before beeing initialized
2026-09-13 17:56:23,566 [ERROR] Updater:1120 - MainUpdater not yet initialized. External WinMGr cannot be set.
2026-09-13 17:56:23,570 [INFO] Updater:1056 - Updater Version found : 6.11.0
2026-09-13 17:56:23,619 [INFO] ApplicationProperties:184 - Using Application install path: /opt/st/stm32cubeide_1.15.0_2/plugins/com.st.stm32cube.common.mx_6.11.0.202403141607
2026-09-13 17:56:23,651 [ERROR] LogOutputStream:75 - [STDERR_REDIRECT] Sep 13, 2026 5:56:23 PM java.util.prefs.FileSystemPreferences$2 run
2026-09-13 17:56:23,652 [ERROR] LogOutputStream:75 - [STDERR_REDIRECT] WARNING: Could not create system preferences directory. System preferences are unusable.
2026-09-13 17:56:23,652 [ERROR] LogOutputStream:75 - [STDERR_REDIRECT] 
2026-09-13 17:56:24,111 [INFO] ThirdPartyUpdaterWithRetryManager:70 - Updater plugin not ready yet. [2/15]
2026-09-13 17:56:24,254 [INFO] MainUpdater:2873 - connection check result : 10
2026-09-13 17:56:24,256 [INFO] MainUpdater:290 - Updater Check For Update Now.
2026-09-13 17:56:24,256 [INFO] MicroXplorer:498 - Change Database Version : DB.6.0.110
2026-09-13 17:56:24,272 [INFO] McuFinderGlobals:63 - Set McuFinder mode to 2 (CubeIDE integrated)
2026-09-13 17:56:24,272 [INFO] UserAuth:179 - activating auth plugin
2026-09-13 17:56:24,284 [INFO] UserAuth:415 - Internet connection configuration mode: 1
2026-09-13 17:56:24,349 [INFO] JxBrowserEngine:152 - Initiate JxBrowser Engine with user profile folder
2026-09-13 17:56:24,868 [INFO] CheckServerUpdateThread:120 - End of CheckServer Thread
2026-09-13 17:56:27,656 [WARN] PackLoader:240 - Cannot read IP mode file for STMicroelectronics.X-CUBE-AZRTOS-H7.3.5.0
2026-09-13 17:56:27,710 [WARN] PackLoader:240 - Cannot read IP mode file for STMicroelectronics.FP-ATR-ASTRA1.2.0.3
2026-09-13 17:56:27,734 [ERROR] Engine:466 - /home/peter/.stm32cubemx/thirdparties/pdsc/STMicroelectronics.X-CUBE-SMBUS.2.1.1.pdsc: PDSC version is not supported
2026-09-13 17:56:27,837 [WARN] PackLoader:240 - Cannot read IP mode file for STMicroelectronics.X-CUBE-AZRTOS-F7.1.1.0
2026-09-13 17:56:27,877 [ERROR] Engine:466 - /home/peter/.stm32cubemx/thirdparties/pdsc/STMicroelectronics.X-CUBE-FREERTOS.1.6.0.pdsc: PDSC version is not supported
2026-09-13 17:56:27,886 [ERROR] Engine:466 - /home/peter/.stm32cubemx/thirdparties/pdsc/STMicroelectronics.FP-SNS-MOTENV1.5.1.0.pdsc: PDSC version is not supported
2026-09-13 17:56:28,006 [WARN] PackLoader:240 - Cannot read IP mode file for STMicroelectronics.X-CUBE-AZRTOS-H7RS.1.3.0
2026-09-13 17:56:28,074 [ERROR] Engine:466 - /home/peter/.stm32cubemx/thirdparties/pdsc/WES.I-CUBE-Cesium.1.4.0.pdsc: PDSC version is not supported
2026-09-13 17:56:28,118 [WARN] PackLoader:240 - Cannot read IP mode file for STMicroelectronics.X-CUBE-DISPLAY.3.0.0
2026-09-13 17:56:28,178 [WARN] PackLoader:240 - Cannot read IP mode file for STMicroelectronics.X-CUBE-GNSS1.7.1.1
2026-09-13 17:56:28,194 [ERROR] Engine:466 - /home/peter/.stm32cubemx/thirdparties/pdsc/STMicroelectronics.FP-SNS-MOTENVWB1.1.5.0.pdsc: PDSC version is not supported
2026-09-13 17:56:28,218 [WARN] PackLoader:240 - Cannot read IP mode file for STMicroelectronics.X-CUBE-NFC10.1.0.0
2026-09-13 17:56:28,253 [ERROR] Engine:466 - /home/peter/.stm32cubemx/thirdparties/pdsc/STMicroelectronics.X-CUBE-ST60.1.1.0.pdsc: PDSC version is not supported
2026-09-13 17:56:28,266 [WARN] PackLoader:240 - Cannot read IP mode file for emotas.I-CUBE-CANOPEN.1.3.0
2026-09-13 17:56:28,284 [WARN] PackLoader:240 - Cannot read IP mode file for wolfSSL.I-CUBE-wolfSSL.5.9.2
2026-09-13 17:56:28,298 [ERROR] Engine:466 - /home/peter/.stm32cubemx/thirdparties/pdsc/STMicroelectronics.X-CUBE-WBA.1.1.0.pdsc: PDSC version is not supported
2026-09-13 17:56:28,314 [ERROR] Engine:466 - /home/peter/.stm32cubemx/thirdparties/pdsc/STMicroelectronics.FP-SNS-STBOX1.2.1.0.pdsc: PDSC version is not supported
2026-09-13 17:56:28,336 [WARN] PackLoader:240 - Cannot read IP mode file for STMicroelectronics.FP-SNS-SMARTAG2.1.2.0
2026-09-13 17:56:28,353 [ERROR] Engine:466 - /home/peter/.stm32cubemx/thirdparties/pdsc/STMicroelectronics.FP-SNS-FLIGHT1.5.1.0.pdsc: PDSC version is not supported
2026-09-13 17:56:28,398 [INFO] LogOutputStream:77 - [STDOUT_REDIRECT] 1 : Invalid condition id : UX_CORESTACK_Condition cause : null
2026-09-13 17:56:28,400 [INFO] LogOutputStream:77 - [STDOUT_REDIRECT] 1 : Invalid condition id : UX_CORESTACK_Condition cause : null
2026-09-13 17:56:28,401 [INFO] LogOutputStream:77 - [STDOUT_REDIRECT] 1 : Invalid condition id : UX_CORESTACK_Condition cause : null
2026-09-13 17:56:28,402 [INFO] LogOutputStream:77 - [STDOUT_REDIRECT] 1 : Invalid condition id : UX_CORESTACK_Condition cause : null
2026-09-13 17:56:28,405 [INFO] LogOutputStream:77 - [STDOUT_REDIRECT] 1 : Invalid condition id : UX_CORESTACK_Condition cause : null
2026-09-13 17:56:28,457 [WARN] PackLoader:240 - Cannot read IP mode file for STMicroelectronics.X-CUBE-AZRTOS-WL.2.0.0
2026-09-13 17:56:28,488 [WARN] PackLoader:240 - Cannot read IP mode file for STMicroelectronics.X-CUBE-BLE2.3.3.0
2026-09-13 17:56:28,510 [ERROR] Engine:466 - /home/peter/.stm32cubemx/thirdparties/pdsc/Avnet-IOTCONNECT.X-CUBE-iotc-st67-sdk.1.0.0.pdsc: PDSC version is not supported
2026-09-13 17:56:28,741 [WARN] PackLoader:240 - Cannot read IP mode file for Infineon.AIROC-Wi-Fi-Bluetooth-STM32.1.8.0
2026-09-13 17:56:28,795 [WARN] PackLoader:240 - Cannot read IP mode file for STMicroelectronics.X-CUBE-NFC9.1.0.0
2026-09-13 17:56:28,867 [WARN] PackLoader:240 - Cannot read IP mode file for STMicroelectronics.X-CUBE-BLE1.7.1.0
2026-09-13 17:56:28,895 [WARN] PackLoader:240 - Cannot read IP mode file for wolfSSL.I-CUBE-wolfMQTT.1.19.2
2026-09-13 17:56:28,930 [WARN] PackLoader:240 - Cannot read IP mode file for STMicroelectronics.X-CUBE-EEPRMA1.5.2.0
2026-09-13 17:56:28,955 [ERROR] Engine:466 - /home/peter/.stm32cubemx/thirdparties/pdsc/STMicroelectronics.FP-SNS-STAIOTCFT.1.1.0.pdsc: PDSC version is not supported
2026-09-13 17:56:29,010 [WARN] PackLoader:240 - Cannot read IP mode file for STMicroelectronics.X-CUBE-AZRTOS-G0.1.1.0
2026-09-13 17:56:29,036 [WARN] PackLoader:240 - Cannot read IP mode file for STMicroelectronics.X-CUBE-NFC4.3.0.0
2026-09-13 17:56:29,070 [WARN] PackLoader:240 - Cannot read IP mode file for EmbeddedOffice.I-CUBE-FS-RTOS.1.0.1
2026-09-13 17:56:29,070 [ERROR] ConditionMgr:805 - Attr not supported : Dmpu
2026-09-13 17:56:29,071 [ERROR] ConditionMgr:805 - Attr not supported : Dmpu
2026-09-13 17:56:29,071 [ERROR] ConditionMgr:805 - Attr not supported : Dmpu
2026-09-13 17:56:29,071 [ERROR] ConditionMgr:805 - Attr not supported : Dmpu
2026-09-13 17:56:29,072 [ERROR] ConditionMgr:805 - Attr not supported : Dmpu
2026-09-13 17:56:29,072 [ERROR] ConditionMgr:805 - Attr not supported : Dmpu
2026-09-13 17:56:29,072 [ERROR] ConditionMgr:805 - Attr not supported : Dmpu
2026-09-13 17:56:29,072 [ERROR] ConditionMgr:805 - Attr not supported : Dmpu
2026-09-13 17:56:29,072 [ERROR] ConditionMgr:805 - Attr not supported : Dmpu
2026-09-13 17:56:29,072 [ERROR] ConditionMgr:805 - Attr not supported : Dmpu
2026-09-13 17:56:29,072 [ERROR] ConditionMgr:805 - Attr not supported : Dmpu
2026-09-13 17:56:29,072 [ERROR] ConditionMgr:805 - Attr not supported : Dmpu
2026-09-13 17:56:29,073 [ERROR] ConditionMgr:805 - Attr not supported : Dmpu
2026-09-13 17:56:29,073 [ERROR] ConditionMgr:805 - Attr not supported : Dmpu
2026-09-13 17:56:29,073 [ERROR] ConditionMgr:805 - Attr not supported : Dmpu
2026-09-13 17:56:29,073 [ERROR] ConditionMgr:805 - Attr not supported : Dmpu
2026-09-13 17:56:29,073 [ERROR] ConditionMgr:805 - Attr not supported : Dmpu
2026-09-13 17:56:29,073 [ERROR] ConditionMgr:805 - Attr not supported : Dmpu
2026-09-13 17:56:29,073 [ERROR] ConditionMgr:805 - Attr not supported : Dmpu
2026-09-13 17:56:29,074 [ERROR] ConditionMgr:805 - Attr not supported : Dmpu
2026-09-13 17:56:29,074 [ERROR] ConditionMgr:805 - Attr not supported : Dmpu
2026-09-13 17:56:29,074 [ERROR] ConditionMgr:805 - Attr not supported : Dmpu
2026-09-13 17:56:29,074 [ERROR] ConditionMgr:805 - Attr not supported : Dmpu
2026-09-13 17:56:29,074 [ERROR] ConditionMgr:805 - Attr not supported : Dmpu
2026-09-13 17:56:29,074 [ERROR] ConditionMgr:805 - Attr not supported : Dmpu
2026-09-13 17:56:29,074 [ERROR] ConditionMgr:805 - Attr not supported : Dmpu
2026-09-13 17:56:29,074 [ERROR] ConditionMgr:805 - Attr not supported : Dmpu
2026-09-13 17:56:29,074 [ERROR] ConditionMgr:805 - Attr not supported : Dmpu
2026-09-13 17:56:29,075 [ERROR] ConditionMgr:805 - Attr not supported : Dmpu
2026-09-13 17:56:29,075 [ERROR] ConditionMgr:805 - Attr not supported : Dmpu
2026-09-13 17:56:29,075 [ERROR] ConditionMgr:805 - Attr not supported : Dmpu
2026-09-13 17:56:29,075 [ERROR] ConditionMgr:805 - Attr not supported : Dmpu
2026-09-13 17:56:29,075 [ERROR] ConditionMgr:805 - Attr not supported : Dmpu
2026-09-13 17:56:29,075 [ERROR] ConditionMgr:805 - Attr not supported : Dmpu
2026-09-13 17:56:29,075 [ERROR] ConditionMgr:805 - Attr not supported : Dmpu
2026-09-13 17:56:29,075 [ERROR] ConditionMgr:805 - Attr not supported : Dmpu
2026-09-13 17:56:29,076 [ERROR] ConditionMgr:805 - Attr not supported : Dmpu
2026-09-13 17:56:29,076 [ERROR] ConditionMgr:805 - Attr not supported : Dmpu
2026-09-13 17:56:29,076 [ERROR] ConditionMgr:805 - Attr not supported : Dmpu
2026-09-13 17:56:29,076 [ERROR] ConditionMgr:805 - Attr not supported : Dmpu
2026-09-13 17:56:29,076 [ERROR] ConditionMgr:805 - Attr not supported : Dmpu
2026-09-13 17:56:29,077 [ERROR] ConditionMgr:805 - Attr not supported : Dmpu
2026-09-13 17:56:29,077 [ERROR] ConditionMgr:805 - Attr not supported : Dmpu
2026-09-13 17:56:29,077 [ERROR] ConditionMgr:805 - Attr not supported : Dmpu
2026-09-13 17:56:29,077 [ERROR] ConditionMgr:805 - Attr not supported : Dmpu
2026-09-13 17:56:29,077 [ERROR] ConditionMgr:805 - Attr not supported : Dmpu
2026-09-13 17:56:29,077 [ERROR] ConditionMgr:805 - Attr not supported : Dmpu
2026-09-13 17:56:29,078 [ERROR] ConditionMgr:805 - Attr not supported : Dmpu
2026-09-13 17:56:29,078 [ERROR] ConditionMgr:805 - Attr not supported : Dmpu
2026-09-13 17:56:29,078 [ERROR] ConditionMgr:805 - Attr not supported : Dmpu
2026-09-13 17:56:29,078 [ERROR] ConditionMgr:805 - Attr not supported : Dmpu
2026-09-13 17:56:29,078 [ERROR] ConditionMgr:805 - Attr not supported : Dmpu
2026-09-13 17:56:29,078 [ERROR] ConditionMgr:805 - Attr not supported : Dmpu
2026-09-13 17:56:29,078 [ERROR] ConditionMgr:805 - Attr not supported : Dmpu
2026-09-13 17:56:29,078 [ERROR] ConditionMgr:805 - Attr not supported : Dmpu
2026-09-13 17:56:29,079 [ERROR] ConditionMgr:805 - Attr not supported : Dmpu
2026-09-13 17:56:29,079 [ERROR] ConditionMgr:805 - Attr not supported : Dmpu
2026-09-13 17:56:29,079 [ERROR] ConditionMgr:805 - Attr not supported : Dmpu
2026-09-13 17:56:29,079 [ERROR] ConditionMgr:805 - Attr not supported : Dmpu
2026-09-13 17:56:29,079 [ERROR] ConditionMgr:805 - Attr not supported : Dmpu
2026-09-13 17:56:29,079 [ERROR] ConditionMgr:805 - Attr not supported : Dmpu
2026-09-13 17:56:29,079 [ERROR] ConditionMgr:805 - Attr not supported : Dmpu
2026-09-13 17:56:29,080 [ERROR] ConditionMgr:805 - Attr not supported : Dmpu
2026-09-13 17:56:29,080 [ERROR] ConditionMgr:805 - Attr not supported : Dmpu
2026-09-13 17:56:29,089 [WARN] PackLoader:240 - Cannot read IP mode file for wolfSSL.I-CUBE-wolfTPM.3.8.0
2026-09-13 17:56:29,107 [ERROR] Engine:466 - /home/peter/.stm32cubemx/thirdparties/pdsc/STMicroelectronics.X-CUBE-TCPP.4.2.0.pdsc: PDSC version is not supported
2026-09-13 17:56:29,119 [WARN] PackLoader:240 - Cannot read IP mode file for RealThread.X-CUBE-RT-Thread_Nano.4.1.1
2026-09-13 17:56:29,129 [WARN] PackLoader:240 - Cannot read IP mode file for STMicroelectronics.FP-ATR-SIGFOX1.3.2.0
2026-09-13 17:56:29,152 [WARN] PackLoader:240 - Cannot read IP mode file for ITTIA_DB.I-CUBE-ITTIADB.8.9.0
2026-09-13 17:56:29,159 [ERROR] Engine:466 - /home/peter/.stm32cubemx/thirdparties/pdsc/Cesanta.I-CUBE-Mongoose.7.21.7.pdsc: PDSC version is not supported
2026-09-13 17:56:29,191 [WARN] PackLoader:240 - Cannot read IP mode file for STMicroelectronics.X-CUBE-NFC6.3.2.0
2026-09-13 17:56:29,208 [WARN] PackLoader:240 - Cannot read IP mode file for STMicroelectronics.X-CUBE-AI.10.2.1
2026-09-13 17:56:29,351 [WARN] PackLoader:240 - Cannot read IP mode file for SEGGER.I-CUBE-embOS.1.3.1
2026-09-13 17:56:29,593 [ERROR] Engine:466 - /home/peter/.stm32cubemx/thirdparties/pdsc/STMicroelectronics.FP-SNS-STAIOTCFT.2.0.0.pdsc: PDSC version is not supported
2026-09-13 17:56:29,632 [WARN] PackLoader:240 - Cannot read IP mode file for STMicroelectronics.X-CUBE-NFC13.1.0.0
2026-09-13 17:56:29,666 [WARN] PackLoader:240 - Cannot read IP mode file for STMicroelectronics.X-CUBE-PM33A1.1.0.0
2026-09-13 17:56:29,764 [WARN] PackLoader:240 - Cannot read IP mode file for STMicroelectronics.X-CUBE-AZRTOS-F4.1.1.0
2026-09-13 17:56:29,795 [WARN] PackLoader:240 - Cannot read IP mode file for STMicroelectronics.X-CUBE-ISPU.2.1.0
2026-09-13 17:56:29,863 [ERROR] Engine:466 - /home/peter/.stm32cubemx/thirdparties/pdsc/STMicroelectronics.X-CUBE-IPS.3.2.0.pdsc: PDSC version is not supported
2026-09-13 17:56:29,890 [ERROR] Engine:466 - /home/peter/.stm32cubemx/thirdparties/pdsc/STMicroelectronics.eDS-WB_DPC_TT-BIDIR.2.1.1.pdsc: PDSC version is not supported
2026-09-13 17:56:29,932 [WARN] PackLoader:240 - Cannot read IP mode file for STMicroelectronics.X-CUBE-NFC12.1.0.0
2026-09-13 17:56:30,018 [WARN] PackLoader:240 - Cannot read IP mode file for STMicroelectronics.X-CUBE-AZRTOS-L5.2.0.0
2026-09-13 17:56:30,081 [WARN] PackLoader:240 - Cannot read IP mode file for STMicroelectronics.X-CUBE-ALGOBUILD.1.5.0
2026-09-13 17:56:30,093 [ERROR] Engine:466 - /home/peter/.stm32cubemx/thirdparties/pdsc/STMicroelectronics.eDS-WB_DPC_VIENNA.1.2.0.pdsc: PDSC version is not supported
2026-09-13 17:56:30,269 [WARN] PackLoader:240 - Cannot read IP mode file for STMicroelectronics.X-CUBE-MEMS1.13.0.0
2026-09-13 17:56:30,689 [ERROR] Engine:466 - /home/peter/.stm32cubemx/thirdparties/pdsc/STMicroelectronics.eDS-WB_DPC_3PH2L-BIDIR.1.1.1.pdsc: PDSC version is not supported
2026-09-13 17:56:30,696 [ERROR] Engine:466 - /home/peter/.stm32cubemx/thirdparties/pdsc/STMicroelectronics.X-CUBE-ST67W61.1.3.0.pdsc: PDSC version is not supported
2026-09-13 17:56:30,707 [WARN] PackLoader:240 - Cannot read IP mode file for STMicroelectronics.X-CUBE-TOUCHGFX.4.26.1
2026-09-13 17:56:30,722 [WARN] PackLoader:240 - Cannot read IP mode file for STMicroelectronics.X-CUBE-DPower.1.3.0
2026-09-13 17:56:30,778 [WARN] ConditionMgr:438 - getConditionDescription Invalid condition id : LAN8742 Phy interface Condition cause : null
2026-09-13 17:56:30,779 [WARN] PackLoader:240 - Cannot read IP mode file for STMicroelectronics.X-CUBE-AZRTOS-L4.2.0.0
2026-09-13 17:56:30,781 [WARN] ConditionMgr:1039 - genDependencies : Invalid condition id : LAN8742 Phy interface Condition cause : null
2026-09-13 17:56:30,782 [WARN] ConditionMgr:1039 - genDependencies : Invalid condition id : LAN8742 Phy interface Condition cause : null
2026-09-13 17:56:30,783 [WARN] ConditionMgr:1039 - genDependencies : Invalid condition id : LAN8742 Phy interface Condition cause : null
2026-09-13 17:56:30,793 [WARN] PackLoader:240 - Cannot read IP mode file for STMicroelectronics.X-CUBE-SFXS2LP1.4.0.0
2026-09-13 17:56:30,811 [WARN] PackLoader:240 - Cannot read IP mode file for STMicroelectronics.X-CUBE-WB05N.2.1.0
2026-09-13 17:56:30,898 [WARN] ConditionMgr:438 - getConditionDescription Invalid condition id : UX DEVICE CLASS RTOS Condition cause : null
2026-09-13 17:56:30,902 [WARN] ConditionMgr:438 - getConditionDescription Invalid condition id : UX DEVICE CLASS RTOS Condition cause : null
2026-09-13 17:56:30,920 [WARN] PackLoader:240 - Cannot read IP mode file for STMicroelectronics.X-CUBE-AZRTOS-WB.2.0.0
2026-09-13 17:56:30,924 [WARN] ConditionMgr:1039 - genDependencies : Invalid condition id : UX DEVICE CLASS RTOS Condition cause : null
2026-09-13 17:56:30,924 [WARN] ConditionMgr:1039 - genDependencies : Invalid condition id : UX DEVICE CLASS RTOS Condition cause : null
2026-09-13 17:56:30,929 [WARN] ConditionMgr:1039 - genDependencies : Invalid condition id : UX DEVICE CLASS RTOS Condition cause : null
2026-09-13 17:56:30,932 [WARN] ConditionMgr:1039 - genDependencies : Invalid condition id : UX DEVICE CLASS RTOS Condition cause : null
2026-09-13 17:56:30,935 [WARN] ConditionMgr:1039 - genDependencies : Invalid condition id : UX DEVICE CLASS RTOS Condition cause : null
2026-09-13 17:56:30,951 [WARN] ConditionMgr:438 - getConditionDescription Invalid condition id : Cortex-A Device cause : null
2026-09-13 17:56:31,024 [WARN] ConditionMgr:1039 - genDependencies : Invalid condition id : Cortex-A Device cause : null
2026-09-13 17:56:31,025 [WARN] ConditionMgr:1039 - genDependencies : Invalid condition id : Cortex-A Device cause : null
2026-09-13 17:56:31,025 [WARN] ConditionMgr:1039 - genDependencies : Invalid condition id : Cortex-A Device cause : null
2026-09-13 17:56:31,069 [WARN] PackLoader:240 - Cannot read IP mode file for STMicroelectronics.X-CUBE-STSE01.2.0.0
2026-09-13 17:56:31,237 [WARN] PackLoader:240 - Cannot read IP mode file for STMicroelectronics.X-CUBE-SUBG2.5.0.0
2026-09-13 17:56:31,399 [WARN] PackLoader:240 - Cannot read IP mode file for STMicroelectronics.X-CUBE-AZRTOS-G4.2.0.0
2026-09-13 17:56:31,423 [WARN] PackLoader:240 - Cannot read IP mode file for wolfSSL.I-CUBE-wolfSSH.1.4.20
2026-09-13 17:56:31,438 [WARN] PackLoader:240 - Cannot read IP mode file for STMicroelectronics.X-CUBE-NFC7.2.0.0
2026-09-13 17:56:31,466 [ERROR] Engine:466 - /home/peter/.stm32cubemx/thirdparties/pdsc/STMicroelectronics.X-CUBE-BLEMGR.4.2.0.pdsc: PDSC version is not supported
2026-09-13 17:56:31,487 [WARN] PackLoader:240 - Cannot read IP mode file for STMicroelectronics.X-CUBE-ALS.1.0.2
2026-09-13 17:56:31,525 [ERROR] Engine:466 - /home/peter/.stm32cubemx/thirdparties/pdsc/STMicroelectronics.X-CUBE-TOF1.3.4.3.pdsc: PDSC version is not supported
2026-09-13 17:56:31,526 [INFO] ThirdParty:978 - Integrity check success = true
2026-09-13 17:56:31,526 [INFO] IntegrityCheckThread:100 - exiting critical section [integrity check]
2026-09-13 17:56:31,526 [INFO] IntegrityCheckThread:103 - End integrity checks thread
2026-09-13 17:56:31,951 [INFO] WebApp:161 - Instantiating new browser for Auth
2026-09-13 17:56:34,582 [INFO] WebApp:779 - Register for checkConnection events
2026-09-13 17:56:34,583 [INFO] WebApp:414 - Apply proxy settings
2026-09-13 17:56:34,583 [INFO] WebApp:499 - Chromium requires no authentication
2026-09-13 17:56:34,598 [INFO] WebApp:442 - Direct internet connection detected
2026-09-13 17:56:34,935 [INFO] WebApp:192 - Starting web application
2026-09-13 17:56:34,935 [INFO] WebApp:544 - Web application path used /opt/st/stm32cubeide_1.15.0_2/plugins/com.st.stm32cube.common.mx_6.11.0.202403141607/db/plugins/mcufinder/reactClient1/index.html
2026-09-13 17:56:48,614 [ERROR] LogOutputStream:75 - [STDERR_REDIRECT] Sep 13, 2026 5:56:48 PM java.util.prefs.FileSystemPreferences checkLockFile0ErrorCode
2026-09-13 17:56:48,615 [ERROR] LogOutputStream:75 - [STDERR_REDIRECT] WARNING: Could not lock System prefs. Unix error code 31549.
2026-09-13 17:56:48,616 [ERROR] LogOutputStream:75 - [STDERR_REDIRECT] 
2026-09-13 17:56:48,618 [ERROR] LogOutputStream:75 - [STDERR_REDIRECT] Sep 13, 2026 5:56:48 PM java.util.prefs.FileSystemPreferences syncWorld
2026-09-13 17:56:48,619 [ERROR] LogOutputStream:75 - [STDERR_REDIRECT] WARNING: Couldn't flush system prefs: java.util.prefs.BackingStoreException: Couldn't get file lock.
2026-09-13 17:56:48,619 [ERROR] LogOutputStream:75 - [STDERR_REDIRECT] 
2026-09-13 17:57:18,581 [ERROR] LogOutputStream:75 - [STDERR_REDIRECT] Sep 13, 2026 5:57:18 PM java.util.prefs.FileSystemPreferences checkLockFile0ErrorCode
2026-09-13 17:57:18,581 [ERROR] LogOutputStream:75 - [STDERR_REDIRECT] WARNING: Could not lock System prefs. Unix error code 31549.
2026-09-13 17:57:18,582 [ERROR] LogOutputStream:75 - [STDERR_REDIRECT] 
2026-09-13 17:57:18,582 [ERROR] LogOutputStream:75 - [STDERR_REDIRECT] Sep 13, 2026 5:57:18 PM java.util.prefs.FileSystemPreferences syncWorld
2026-09-13 17:57:18,583 [ERROR] LogOutputStream:75 - [STDERR_REDIRECT] WARNING: Couldn't flush system prefs: java.util.prefs.BackingStoreException: Couldn't get file lock.
2026-09-13 17:57:18,583 [ERROR] LogOutputStream:75 - [STDERR_REDIRECT] 
2026-09-13 17:57:48,581 [ERROR] LogOutputStream:75 - [STDERR_REDIRECT] Sep 13, 2026 5:57:48 PM java.util.prefs.FileSystemPreferences checkLockFile0ErrorCode
2026-09-13 17:57:48,582 [ERROR] LogOutputStream:75 - [STDERR_REDIRECT] WARNING: Could not lock System prefs. Unix error code 31549.
2026-09-13 17:57:48,582 [ERROR] LogOutputStream:75 - [STDERR_REDIRECT] 
2026-09-13 17:57:48,586 [ERROR] LogOutputStream:75 - [STDERR_REDIRECT] Sep 13, 2026 5:57:48 PM java.util.prefs.FileSystemPreferences syncWorld
2026-09-13 17:57:48,586 [ERROR] LogOutputStream:75 - [STDERR_REDIRECT] WARNING: Couldn't flush system prefs: java.util.prefs.BackingStoreException: Couldn't get file lock.
2026-09-13 17:57:48,587 [ERROR] LogOutputStream:75 - [STDERR_REDIRECT] 
2026-09-13 17:58:18,580 [ERROR] LogOutputStream:75 - [STDERR_REDIRECT] Sep 13, 2026 5:58:18 PM java.util.prefs.FileSystemPreferences checkLockFile0ErrorCode
2026-09-13 17:58:18,581 [ERROR] LogOutputStream:75 - [STDERR_REDIRECT] WARNING: Could not lock System prefs. Unix error code 31549.
2026-09-13 17:58:18,582 [ERROR] LogOutputStream:75 - [STDERR_REDIRECT] 
2026-09-13 17:58:18,583 [ERROR] LogOutputStream:75 - [STDERR_REDIRECT] Sep 13, 2026 5:58:18 PM java.util.prefs.FileSystemPreferences syncWorld
2026-09-13 17:58:18,583 [ERROR] LogOutputStream:75 - [STDERR_REDIRECT] WARNING: Couldn't flush system prefs: java.util.prefs.BackingStoreException: Couldn't get file lock.
2026-09-13 17:58:18,583 [ERROR] LogOutputStream:75 - [STDERR_REDIRECT] 
2026-09-13 17:58:48,581 [ERROR] LogOutputStream:75 - [STDERR_REDIRECT] Sep 13, 2026 5:58:48 PM java.util.prefs.FileSystemPreferences checkLockFile0ErrorCode
2026-09-13 17:58:48,583 [ERROR] LogOutputStream:75 - [STDERR_REDIRECT] WARNING: Could not lock System prefs. Unix error code 31549.
2026-09-13 17:58:48,583 [ERROR] LogOutputStream:75 - [STDERR_REDIRECT] 
2026-09-13 17:58:48,584 [ERROR] LogOutputStream:75 - [STDERR_REDIRECT] Sep 13, 2026 5:58:48 PM java.util.prefs.FileSystemPreferences syncWorld
2026-09-13 17:58:48,584 [ERROR] LogOutputStream:75 - [STDERR_REDIRECT] WARNING: Couldn't flush system prefs: java.util.prefs.BackingStoreException: Couldn't get file lock.
2026-09-13 17:58:48,584 [ERROR] LogOutputStream:75 - [STDERR_REDIRECT] 
2026-09-13 17:59:18,582 [ERROR] LogOutputStream:75 - [STDERR_REDIRECT] Sep 13, 2026 5:59:18 PM java.util.prefs.FileSystemPreferences checkLockFile0ErrorCode
2026-09-13 17:59:18,582 [ERROR] LogOutputStream:75 - [STDERR_REDIRECT] WARNING: Could not lock System prefs. Unix error code 31549.
2026-09-13 17:59:18,582 [ERROR] LogOutputStream:75 - [STDERR_REDIRECT] 
2026-09-13 17:59:18,583 [ERROR] LogOutputStream:75 - [STDERR_REDIRECT] Sep 13, 2026 5:59:18 PM java.util.prefs.FileSystemPreferences syncWorld
2026-09-13 17:59:18,584 [ERROR] LogOutputStream:75 - [STDERR_REDIRECT] WARNING: Couldn't flush system prefs: java.util.prefs.BackingStoreException: Couldn't get file lock.
2026-09-13 17:59:18,584 [ERROR] LogOutputStream:75 - [STDERR_REDIRECT] 
2026-09-13 17:59:48,581 [ERROR] LogOutputStream:75 - [STDERR_REDIRECT] Sep 13, 2026 5:59:48 PM java.util.prefs.FileSystemPreferences checkLockFile0ErrorCode
2026-09-13 17:59:48,582 [ERROR] LogOutputStream:75 - [STDERR_REDIRECT] WARNING: Could not lock System prefs. Unix error code 31549.
2026-09-13 17:59:48,582 [ERROR] LogOutputStream:75 - [STDERR_REDIRECT] 
2026-09-13 17:59:48,583 [ERROR] LogOutputStream:75 - [STDERR_REDIRECT] Sep 13, 2026 5:59:48 PM java.util.prefs.FileSystemPreferences syncWorld
2026-09-13 17:59:48,583 [ERROR] LogOutputStream:75 - [STDERR_REDIRECT] WARNING: Couldn't flush system prefs: java.util.prefs.BackingStoreException: Couldn't get file lock.
2026-09-13 17:59:48,583 [ERROR] LogOutputStream:75 - [STDERR_REDIRECT] 
2026-09-13 18:00:18,582 [ERROR] LogOutputStream:75 - [STDERR_REDIRECT] Sep 13, 2026 6:00:18 PM java.util.prefs.FileSystemPreferences checkLockFile0ErrorCode
2026-09-13 18:00:18,582 [ERROR] LogOutputStream:75 - [STDERR_REDIRECT] WARNING: Could not lock System prefs. Unix error code 31549.
2026-09-13 18:00:18,582 [ERROR] LogOutputStream:75 - [STDERR_REDIRECT] 
2026-09-13 18:00:18,583 [ERROR] LogOutputStream:75 - [STDERR_REDIRECT] Sep 13, 2026 6:00:18 PM java.util.prefs.FileSystemPreferences syncWorld
2026-09-13 18:00:18,584 [ERROR] LogOutputStream:75 - [STDERR_REDIRECT] WARNING: Couldn't flush system prefs: java.util.prefs.BackingStoreException: Couldn't get file lock.
2026-09-13 18:00:18,584 [ERROR] LogOutputStream:75 - [STDERR_REDIRECT] 
2026-09-13 18:00:48,581 [ERROR] LogOutputStream:75 - [STDERR_REDIRECT] Sep 13, 2026 6:00:48 PM java.util.prefs.FileSystemPreferences checkLockFile0ErrorCode
2026-09-13 18:00:48,582 [ERROR] LogOutputStream:75 - [STDERR_REDIRECT] WARNING: Could not lock System prefs. Unix error code 31549.
2026-09-13 18:00:48,582 [ERROR] LogOutputStream:75 - [STDERR_REDIRECT] 
2026-09-13 18:00:48,585 [ERROR] LogOutputStream:75 - [STDERR_REDIRECT] Sep 13, 2026 6:00:48 PM java.util.prefs.FileSystemPreferences syncWorld
2026-09-13 18:00:48,585 [ERROR] LogOutputStream:75 - [STDERR_REDIRECT] WARNING: Couldn't flush system prefs: java.util.prefs.BackingStoreException: Couldn't get file lock.
2026-09-13 18:00:48,585 [ERROR] LogOutputStream:75 - [STDERR_REDIRECT] 
2026-09-13 18:01:18,582 [ERROR] LogOutputStream:75 - [STDERR_REDIRECT] Sep 13, 2026 6:01:18 PM java.util.prefs.FileSystemPreferences checkLockFile0ErrorCode
2026-09-13 18:01:18,583 [ERROR] LogOutputStream:75 - [STDERR_REDIRECT] WARNING: Could not lock System prefs. Unix error code 31549.
2026-09-13 18:01:18,583 [ERROR] LogOutputStream:75 - [STDERR_REDIRECT] 
2026-09-13 18:01:18,586 [ERROR] LogOutputStream:75 - [STDERR_REDIRECT] Sep 13, 2026 6:01:18 PM java.util.prefs.FileSystemPreferences syncWorld
2026-09-13 18:01:18,586 [ERROR] LogOutputStream:75 - [STDERR_REDIRECT] WARNING: Couldn't flush system prefs: java.util.prefs.BackingStoreException: Couldn't get file lock.
2026-09-13 18:01:18,586 [ERROR] LogOutputStream:75 - [STDERR_REDIRECT] 
2026-09-13 18:01:48,582 [ERROR] LogOutputStream:75 - [STDERR_REDIRECT] Sep 13, 2026 6:01:48 PM java.util.prefs.FileSystemPreferences checkLockFile0ErrorCode
2026-09-13 18:01:48,583 [ERROR] LogOutputStream:75 - [STDERR_REDIRECT] WARNING: Could not lock System prefs. Unix error code 31549.
2026-09-13 18:01:48,583 [ERROR] LogOutputStream:75 - [STDERR_REDIRECT] 
2026-09-13 18:01:48,585 [ERROR] LogOutputStream:75 - [STDERR_REDIRECT] Sep 13, 2026 6:01:48 PM java.util.prefs.FileSystemPreferences syncWorld
2026-09-13 18:01:48,585 [ERROR] LogOutputStream:75 - [STDERR_REDIRECT] WARNING: Couldn't flush system prefs: java.util.prefs.BackingStoreException: Couldn't get file lock.
2026-09-13 18:01:48,585 [ERROR] LogOutputStream:75 - [STDERR_REDIRECT] 
2026-09-13 18:02:18,583 [ERROR] LogOutputStream:75 - [STDERR_REDIRECT] Sep 13, 2026 6:02:18 PM java.util.prefs.FileSystemPreferences checkLockFile0ErrorCode
2026-09-13 18:02:18,583 [ERROR] LogOutputStream:75 - [STDERR_REDIRECT] WARNING: Could not lock System prefs. Unix error code 31549.
2026-09-13 18:02:18,583 [ERROR] LogOutputStream:75 - [STDERR_REDIRECT] 
2026-09-13 18:02:18,584 [ERROR] LogOutputStream:75 - [STDERR_REDIRECT] Sep 13, 2026 6:02:18 PM java.util.prefs.FileSystemPreferences syncWorld
2026-09-13 18:02:18,584 [ERROR] LogOutputStream:75 - [STDERR_REDIRECT] WARNING: Couldn't flush system prefs: java.util.prefs.BackingStoreException: Couldn't get file lock.
2026-09-13 18:02:18,584 [ERROR] LogOutputStream:75 - [STDERR_REDIRECT] 
2026-09-13 18:02:48,583 [ERROR] LogOutputStream:75 - [STDERR_REDIRECT] Sep 13, 2026 6:02:48 PM java.util.prefs.FileSystemPreferences checkLockFile0ErrorCode
2026-09-13 18:02:48,584 [ERROR] LogOutputStream:75 - [STDERR_REDIRECT] WARNING: Could not lock System prefs. Unix error code 31549.
2026-09-13 18:02:48,586 [ERROR] LogOutputStream:75 - [STDERR_REDIRECT] 
2026-09-13 18:02:48,587 [ERROR] LogOutputStream:75 - [STDERR_REDIRECT] Sep 13, 2026 6:02:48 PM java.util.prefs.FileSystemPreferences syncWorld
2026-09-13 18:02:48,587 [ERROR] LogOutputStream:75 - [STDERR_REDIRECT] WARNING: Couldn't flush system prefs: java.util.prefs.BackingStoreException: Couldn't get file lock.
2026-09-13 18:02:48,587 [ERROR] LogOutputStream:75 - [STDERR_REDIRECT] 
2026-09-13 18:03:18,583 [ERROR] LogOutputStream:75 - [STDERR_REDIRECT] Sep 13, 2026 6:03:18 PM java.util.prefs.FileSystemPreferences checkLockFile0ErrorCode
2026-09-13 18:03:18,584 [ERROR] LogOutputStream:75 - [STDERR_REDIRECT] WARNING: Could not lock System prefs. Unix error code 31549.
2026-09-13 18:03:18,601 [ERROR] LogOutputStream:75 - [STDERR_REDIRECT] 
2026-09-13 18:03:18,602 [ERROR] LogOutputStream:75 - [STDERR_REDIRECT] Sep 13, 2026 6:03:18 PM java.util.prefs.FileSystemPreferences syncWorld
2026-09-13 18:03:18,602 [ERROR] LogOutputStream:75 - [STDERR_REDIRECT] WARNING: Couldn't flush system prefs: java.util.prefs.BackingStoreException: Couldn't get file lock.
2026-09-13 18:03:18,602 [ERROR] LogOutputStream:75 - [STDERR_REDIRECT] 
2026-09-13 18:03:48,583 [ERROR] LogOutputStream:75 - [STDERR_REDIRECT] Sep 13, 2026 6:03:48 PM java.util.prefs.FileSystemPreferences checkLockFile0ErrorCode
2026-09-13 18:03:48,583 [ERROR] LogOutputStream:75 - [STDERR_REDIRECT] WARNING: Could not lock System prefs. Unix error code 31549.
2026-09-13 18:03:48,583 [ERROR] LogOutputStream:75 - [STDERR_REDIRECT] 
2026-09-13 18:03:48,585 [ERROR] LogOutputStream:75 - [STDERR_REDIRECT] Sep 13, 2026 6:03:48 PM java.util.prefs.FileSystemPreferences syncWorld
2026-09-13 18:03:48,601 [ERROR] LogOutputStream:75 - [STDERR_REDIRECT] WARNING: Couldn't flush system prefs: java.util.prefs.BackingStoreException: Couldn't get file lock.
2026-09-13 18:03:48,601 [ERROR] LogOutputStream:75 - [STDERR_REDIRECT] 
2026-09-13 18:04:18,583 [ERROR] LogOutputStream:75 - [STDERR_REDIRECT] Sep 13, 2026 6:04:18 PM java.util.prefs.FileSystemPreferences checkLockFile0ErrorCode
2026-09-13 18:04:18,585 [ERROR] LogOutputStream:75 - [STDERR_REDIRECT] WARNING: Could not lock System prefs. Unix error code 0.
2026-09-13 18:04:18,601 [ERROR] LogOutputStream:75 - [STDERR_REDIRECT] 
2026-09-13 18:04:18,602 [ERROR] LogOutputStream:75 - [STDERR_REDIRECT] Sep 13, 2026 6:04:18 PM java.util.prefs.FileSystemPreferences syncWorld
2026-09-13 18:04:18,602 [ERROR] LogOutputStream:75 - [STDERR_REDIRECT] WARNING: Couldn't flush system prefs: java.util.prefs.BackingStoreException: Couldn't get file lock.
2026-09-13 18:04:18,602 [ERROR] LogOutputStream:75 - [STDERR_REDIRECT] 
2026-09-13 18:04:48,584 [ERROR] LogOutputStream:75 - [STDERR_REDIRECT] Sep 13, 2026 6:04:48 PM java.util.prefs.FileSystemPreferences checkLockFile0ErrorCode
2026-09-13 18:04:48,584 [ERROR] LogOutputStream:75 - [STDERR_REDIRECT] WARNING: Could not lock System prefs. Unix error code 0.
2026-09-13 18:04:48,584 [ERROR] LogOutputStream:75 - [STDERR_REDIRECT] 
2026-09-13 18:04:48,586 [ERROR] LogOutputStream:75 - [STDERR_REDIRECT] Sep 13, 2026 6:04:48 PM java.util.prefs.FileSystemPreferences syncWorld
2026-09-13 18:04:48,587 [ERROR] LogOutputStream:75 - [STDERR_REDIRECT] WARNING: Couldn't flush system prefs: java.util.prefs.BackingStoreException: Couldn't get file lock.
2026-09-13 18:04:48,587 [ERROR] LogOutputStream:75 - [STDERR_REDIRECT] 
2026-09-13 18:05:18,585 [ERROR] LogOutputStream:75 - [STDERR_REDIRECT] Sep 13, 2026 6:05:18 PM java.util.prefs.FileSystemPreferences checkLockFile0ErrorCode
2026-09-13 18:05:18,585 [ERROR] LogOutputStream:75 - [STDERR_REDIRECT] WARNING: Could not lock System prefs. Unix error code 0.
2026-09-13 18:05:18,585 [ERROR] LogOutputStream:75 - [STDERR_REDIRECT] 
2026-09-13 18:05:18,586 [ERROR] LogOutputStream:75 - [STDERR_REDIRECT] Sep 13, 2026 6:05:18 PM java.util.prefs.FileSystemPreferences syncWorld
2026-09-13 18:05:18,603 [ERROR] LogOutputStream:75 - [STDERR_REDIRECT] WARNING: Couldn't flush system prefs: java.util.prefs.BackingStoreException: Couldn't get file lock.
2026-09-13 18:05:18,603 [ERROR] LogOutputStream:75 - [STDERR_REDIRECT] 
2026-09-13 18:05:48,585 [ERROR] LogOutputStream:75 - [STDERR_REDIRECT] Sep 13, 2026 6:05:48 PM java.util.prefs.FileSystemPreferences checkLockFile0ErrorCode
2026-09-13 18:05:48,585 [ERROR] LogOutputStream:75 - [STDERR_REDIRECT] WARNING: Could not lock System prefs. Unix error code 0.
2026-09-13 18:05:48,585 [ERROR] LogOutputStream:75 - [STDERR_REDIRECT] 
2026-09-13 18:05:48,587 [ERROR] LogOutputStream:75 - [STDERR_REDIRECT] Sep 13, 2026 6:05:48 PM java.util.prefs.FileSystemPreferences syncWorld
2026-09-13 18:05:48,604 [ERROR] LogOutputStream:75 - [STDERR_REDIRECT] WARNING: Couldn't flush system prefs: java.util.prefs.BackingStoreException: Couldn't get file lock.
2026-09-13 18:05:48,605 [ERROR] LogOutputStream:75 - [STDERR_REDIRECT] 
2026-09-13 18:06:18,584 [ERROR] LogOutputStream:75 - [STDERR_REDIRECT] Sep 13, 2026 6:06:18 PM java.util.prefs.FileSystemPreferences checkLockFile0ErrorCode
2026-09-13 18:06:18,585 [ERROR] LogOutputStream:75 - [STDERR_REDIRECT] WARNING: Could not lock System prefs. Unix error code 0.
2026-09-13 18:06:18,586 [ERROR] LogOutputStream:75 - [STDERR_REDIRECT] 
2026-09-13 18:06:18,587 [ERROR] LogOutputStream:75 - [STDERR_REDIRECT] Sep 13, 2026 6:06:18 PM java.util.prefs.FileSystemPreferences syncWorld
2026-09-13 18:06:18,588 [ERROR] LogOutputStream:75 - [STDERR_REDIRECT] WARNING: Couldn't flush system prefs: java.util.prefs.BackingStoreException: Couldn't get file lock.
2026-09-13 18:06:18,588 [ERROR] LogOutputStream:75 - [STDERR_REDIRECT] 
2026-09-13 18:06:48,585 [ERROR] LogOutputStream:75 - [STDERR_REDIRECT] Sep 13, 2026 6:06:48 PM java.util.prefs.FileSystemPreferences checkLockFile0ErrorCode
2026-09-13 18:06:48,585 [ERROR] LogOutputStream:75 - [STDERR_REDIRECT] WARNING: Could not lock System prefs. Unix error code 0.
2026-09-13 18:06:48,585 [ERROR] LogOutputStream:75 - [STDERR_REDIRECT] 
2026-09-13 18:06:48,588 [ERROR] LogOutputStream:75 - [STDERR_REDIRECT] Sep 13, 2026 6:06:48 PM java.util.prefs.FileSystemPreferences syncWorld
2026-09-13 18:06:48,588 [ERROR] LogOutputStream:75 - [STDERR_REDIRECT] WARNING: Couldn't flush system prefs: java.util.prefs.BackingStoreException: Couldn't get file lock.
2026-09-13 18:06:48,589 [ERROR] LogOutputStream:75 - [STDERR_REDIRECT] 
2026-09-13 18:07:18,585 [ERROR] LogOutputStream:75 - [STDERR_REDIRECT] Sep 13, 2026 6:07:18 PM java.util.prefs.FileSystemPreferences checkLockFile0ErrorCode
2026-09-13 18:07:18,585 [ERROR] LogOutputStream:75 - [STDERR_REDIRECT] WARNING: Could not lock System prefs. Unix error code 0.
2026-09-13 18:07:18,586 [ERROR] LogOutputStream:75 - [STDERR_REDIRECT] 
2026-09-13 18:07:18,586 [ERROR] LogOutputStream:75 - [STDERR_REDIRECT] Sep 13, 2026 6:07:18 PM java.util.prefs.FileSystemPreferences syncWorld
2026-09-13 18:07:18,588 [ERROR] LogOutputStream:75 - [STDERR_REDIRECT] WARNING: Couldn't flush system prefs: java.util.prefs.BackingStoreException: Couldn't get file lock.
2026-09-13 18:07:18,603 [ERROR] LogOutputStream:75 - [STDERR_REDIRECT] 
2026-09-13 18:07:48,585 [ERROR] LogOutputStream:75 - [STDERR_REDIRECT] Sep 13, 2026 6:07:48 PM java.util.prefs.FileSystemPreferences checkLockFile0ErrorCode
2026-09-13 18:07:48,587 [ERROR] LogOutputStream:75 - [STDERR_REDIRECT] WARNING: Could not lock System prefs. Unix error code 0.
2026-09-13 18:07:48,587 [ERROR] LogOutputStream:75 - [STDERR_REDIRECT] 
2026-09-13 18:07:48,588 [ERROR] LogOutputStream:75 - [STDERR_REDIRECT] Sep 13, 2026 6:07:48 PM java.util.prefs.FileSystemPreferences syncWorld
2026-09-13 18:07:48,588 [ERROR] LogOutputStream:75 - [STDERR_REDIRECT] WARNING: Couldn't flush system prefs: java.util.prefs.BackingStoreException: Couldn't get file lock.
2026-09-13 18:07:48,588 [ERROR] LogOutputStream:75 - [STDERR_REDIRECT] 
2026-09-13 18:08:18,586 [ERROR] LogOutputStream:75 - [STDERR_REDIRECT] Sep 13, 2026 6:08:18 PM java.util.prefs.FileSystemPreferences checkLockFile0ErrorCode
2026-09-13 18:08:18,603 [ERROR] LogOutputStream:75 - [STDERR_REDIRECT] WARNING: Could not lock System prefs. Unix error code 0.
2026-09-13 18:08:18,603 [ERROR] LogOutputStream:75 - [STDERR_REDIRECT] 
2026-09-13 18:08:18,605 [ERROR] LogOutputStream:75 - [STDERR_REDIRECT] Sep 13, 2026 6:08:18 PM java.util.prefs.FileSystemPreferences syncWorld
2026-09-13 18:08:18,605 [ERROR] LogOutputStream:75 - [STDERR_REDIRECT] WARNING: Couldn't flush system prefs: java.util.prefs.BackingStoreException: Couldn't get file lock.
2026-09-13 18:08:18,605 [ERROR] LogOutputStream:75 - [STDERR_REDIRECT] 
2026-09-13 18:08:48,585 [ERROR] LogOutputStream:75 - [STDERR_REDIRECT] Sep 13, 2026 6:08:48 PM java.util.prefs.FileSystemPreferences checkLockFile0ErrorCode
2026-09-13 18:08:48,586 [ERROR] LogOutputStream:75 - [STDERR_REDIRECT] WARNING: Could not lock System prefs. Unix error code 0.
2026-09-13 18:08:48,587 [ERROR] LogOutputStream:75 - [STDERR_REDIRECT] 
2026-09-13 18:08:48,588 [ERROR] LogOutputStream:75 - [STDERR_REDIRECT] Sep 13, 2026 6:08:48 PM java.util.prefs.FileSystemPreferences syncWorld
2026-09-13 18:08:48,588 [ERROR] LogOutputStream:75 - [STDERR_REDIRECT] WARNING: Couldn't flush system prefs: java.util.prefs.BackingStoreException: Couldn't get file lock.
2026-09-13 18:08:48,588 [ERROR] LogOutputStream:75 - [STDERR_REDIRECT] 
2026-09-13 18:09:18,587 [ERROR] LogOutputStream:75 - [STDERR_REDIRECT] Sep 13, 2026 6:09:18 PM java.util.prefs.FileSystemPreferences checkLockFile0ErrorCode
2026-09-13 18:09:18,587 [ERROR] LogOutputStream:75 - [STDERR_REDIRECT] WARNING: Could not lock System prefs. Unix error code 31549.
2026-09-13 18:09:18,587 [ERROR] LogOutputStream:75 - [STDERR_REDIRECT] 
2026-09-13 18:09:18,589 [ERROR] LogOutputStream:75 - [STDERR_REDIRECT] Sep 13, 2026 6:09:18 PM java.util.prefs.FileSystemPreferences syncWorld
2026-09-13 18:09:18,590 [ERROR] LogOutputStream:75 - [STDERR_REDIRECT] WARNING: Couldn't flush system prefs: java.util.prefs.BackingStoreException: Couldn't get file lock.
2026-09-13 18:09:18,590 [ERROR] LogOutputStream:75 - [STDERR_REDIRECT] 
2026-09-13 18:09:48,587 [ERROR] LogOutputStream:75 - [STDERR_REDIRECT] Sep 13, 2026 6:09:48 PM java.util.prefs.FileSystemPreferences checkLockFile0ErrorCode
2026-09-13 18:09:48,587 [ERROR] LogOutputStream:75 - [STDERR_REDIRECT] WARNING: Could not lock System prefs. Unix error code 31549.
2026-09-13 18:09:48,587 [ERROR] LogOutputStream:75 - [STDERR_REDIRECT] 
2026-09-13 18:09:48,588 [ERROR] LogOutputStream:75 - [STDERR_REDIRECT] Sep 13, 2026 6:09:48 PM java.util.prefs.FileSystemPreferences syncWorld
2026-09-13 18:09:48,588 [ERROR] LogOutputStream:75 - [STDERR_REDIRECT] WARNING: Couldn't flush system prefs: java.util.prefs.BackingStoreException: Couldn't get file lock.
2026-09-13 18:09:48,588 [ERROR] LogOutputStream:75 - [STDERR_REDIRECT] 
2026-09-13 18:10:18,586 [ERROR] LogOutputStream:75 - [STDERR_REDIRECT] Sep 13, 2026 6:10:18 PM java.util.prefs.FileSystemPreferences checkLockFile0ErrorCode
2026-09-13 18:10:18,587 [ERROR] LogOutputStream:75 - [STDERR_REDIRECT] WARNING: Could not lock System prefs. Unix error code 31549.
2026-09-13 18:10:18,587 [ERROR] LogOutputStream:75 - [STDERR_REDIRECT] 
2026-09-13 18:10:18,588 [ERROR] LogOutputStream:75 - [STDERR_REDIRECT] Sep 13, 2026 6:10:18 PM java.util.prefs.FileSystemPreferences syncWorld
2026-09-13 18:10:18,588 [ERROR] LogOutputStream:75 - [STDERR_REDIRECT] WARNING: Couldn't flush system prefs: java.util.prefs.BackingStoreException: Couldn't get file lock.
2026-09-13 18:10:18,588 [ERROR] LogOutputStream:75 - [STDERR_REDIRECT] 
2026-09-13 18:10:48,586 [ERROR] LogOutputStream:75 - [STDERR_REDIRECT] Sep 13, 2026 6:10:48 PM java.util.prefs.FileSystemPreferences checkLockFile0ErrorCode
2026-09-13 18:10:48,587 [ERROR] LogOutputStream:75 - [STDERR_REDIRECT] WARNING: Could not lock System prefs. Unix error code 31549.
2026-09-13 18:10:48,588 [ERROR] LogOutputStream:75 - [STDERR_REDIRECT] 
2026-09-13 18:10:48,590 [ERROR] LogOutputStream:75 - [STDERR_REDIRECT] Sep 13, 2026 6:10:48 PM java.util.prefs.FileSystemPreferences syncWorld
2026-09-13 18:10:48,591 [ERROR] LogOutputStream:75 - [STDERR_REDIRECT] WARNING: Couldn't flush system prefs: java.util.prefs.BackingStoreException: Couldn't get file lock.
2026-09-13 18:10:48,591 [ERROR] LogOutputStream:75 - [STDERR_REDIRECT] 
2026-09-13 18:11:18,587 [ERROR] LogOutputStream:75 - [STDERR_REDIRECT] Sep 13, 2026 6:11:18 PM java.util.prefs.FileSystemPreferences checkLockFile0ErrorCode
2026-09-13 18:11:18,587 [ERROR] LogOutputStream:75 - [STDERR_REDIRECT] WARNING: Could not lock System prefs. Unix error code 31549.
2026-09-13 18:11:18,589 [ERROR] LogOutputStream:75 - [STDERR_REDIRECT] 
2026-09-13 18:11:18,590 [ERROR] LogOutputStream:75 - [STDERR_REDIRECT] Sep 13, 2026 6:11:18 PM java.util.prefs.FileSystemPreferences syncWorld
2026-09-13 18:11:18,591 [ERROR] LogOutputStream:75 - [STDERR_REDIRECT] WARNING: Couldn't flush system prefs: java.util.prefs.BackingStoreException: Couldn't get file lock.
2026-09-13 18:11:18,591 [ERROR] LogOutputStream:75 - [STDERR_REDIRECT] 
2026-09-13 18:11:48,587 [ERROR] LogOutputStream:75 - [STDERR_REDIRECT] Sep 13, 2026 6:11:48 PM java.util.prefs.FileSystemPreferences checkLockFile0ErrorCode
2026-09-13 18:11:48,589 [ERROR] LogOutputStream:75 - [STDERR_REDIRECT] WARNING: Could not lock System prefs. Unix error code 31549.
2026-09-13 18:11:48,589 [ERROR] LogOutputStream:75 - [STDERR_REDIRECT] 
2026-09-13 18:11:48,595 [ERROR] LogOutputStream:75 - [STDERR_REDIRECT] Sep 13, 2026 6:11:48 PM java.util.prefs.FileSystemPreferences syncWorld
2026-09-13 18:11:48,596 [ERROR] LogOutputStream:75 - [STDERR_REDIRECT] WARNING: Couldn't flush system prefs: java.util.prefs.BackingStoreException: Couldn't get file lock.
2026-09-13 18:11:48,597 [ERROR] LogOutputStream:75 - [STDERR_REDIRECT] 
2026-09-13 18:12:18,586 [ERROR] LogOutputStream:75 - [STDERR_REDIRECT] Sep 13, 2026 6:12:18 PM java.util.prefs.FileSystemPreferences checkLockFile0ErrorCode
2026-09-13 18:12:18,588 [ERROR] LogOutputStream:75 - [STDERR_REDIRECT] WARNING: Could not lock System prefs. Unix error code 31549.
2026-09-13 18:12:18,588 [ERROR] LogOutputStream:75 - [STDERR_REDIRECT] 
2026-09-13 18:12:18,592 [ERROR] LogOutputStream:75 - [STDERR_REDIRECT] Sep 13, 2026 6:12:18 PM java.util.prefs.FileSystemPreferences syncWorld
2026-09-13 18:12:18,595 [ERROR] LogOutputStream:75 - [STDERR_REDIRECT] WARNING: Couldn't flush system prefs: java.util.prefs.BackingStoreException: Couldn't get file lock.
2026-09-13 18:12:18,596 [ERROR] LogOutputStream:75 - [STDERR_REDIRECT] 
2026-09-13 18:12:48,589 [ERROR] LogOutputStream:75 - [STDERR_REDIRECT] Sep 13, 2026 6:12:48 PM java.util.prefs.FileSystemPreferences checkLockFile0ErrorCode
2026-09-13 18:12:48,592 [ERROR] LogOutputStream:75 - [STDERR_REDIRECT] WARNING: Could not lock System prefs. Unix error code 31549.
2026-09-13 18:12:48,592 [ERROR] LogOutputStream:75 - [STDERR_REDIRECT] 
2026-09-13 18:12:48,593 [ERROR] LogOutputStream:75 - [STDERR_REDIRECT] Sep 13, 2026 6:12:48 PM java.util.prefs.FileSystemPreferences syncWorld
2026-09-13 18:12:48,594 [ERROR] LogOutputStream:75 - [STDERR_REDIRECT] WARNING: Couldn't flush system prefs: java.util.prefs.BackingStoreException: Couldn't get file lock.
2026-09-13 18:12:48,594 [ERROR] LogOutputStream:75 - [STDERR_REDIRECT] 
2026-09-13 18:13:18,588 [ERROR] LogOutputStream:75 - [STDERR_REDIRECT] Sep 13, 2026 6:13:18 PM java.util.prefs.FileSystemPreferences checkLockFile0ErrorCode
2026-09-13 18:13:18,590 [ERROR] LogOutputStream:75 - [STDERR_REDIRECT] WARNING: Could not lock System prefs. Unix error code 31549.
2026-09-13 18:13:18,590 [ERROR] LogOutputStream:75 - [STDERR_REDIRECT] 
2026-09-13 18:13:18,591 [ERROR] LogOutputStream:75 - [STDERR_REDIRECT] Sep 13, 2026 6:13:18 PM java.util.prefs.FileSystemPreferences syncWorld
2026-09-13 18:13:18,591 [ERROR] LogOutputStream:75 - [STDERR_REDIRECT] WARNING: Couldn't flush system prefs: java.util.prefs.BackingStoreException: Couldn't get file lock.
2026-09-13 18:13:18,591 [ERROR] LogOutputStream:75 - [STDERR_REDIRECT] 
2026-09-13 18:13:48,590 [ERROR] LogOutputStream:75 - [STDERR_REDIRECT] Sep 13, 2026 6:13:48 PM java.util.prefs.FileSystemPreferences checkLockFile0ErrorCode
2026-09-13 18:13:48,590 [ERROR] LogOutputStream:75 - [STDERR_REDIRECT] WARNING: Could not lock System prefs. Unix error code 31549.
2026-09-13 18:13:48,590 [ERROR] LogOutputStream:75 - [STDERR_REDIRECT] 
2026-09-13 18:13:48,591 [ERROR] LogOutputStream:75 - [STDERR_REDIRECT] Sep 13, 2026 6:13:48 PM java.util.prefs.FileSystemPreferences syncWorld
2026-09-13 18:13:48,592 [ERROR] LogOutputStream:75 - [STDERR_REDIRECT] WARNING: Couldn't flush system prefs: java.util.prefs.BackingStoreException: Couldn't get file lock.
2026-09-13 18:13:48,592 [ERROR] LogOutputStream:75 - [STDERR_REDIRECT] 
2026-09-13 18:14:18,588 [ERROR] LogOutputStream:75 - [STDERR_REDIRECT] Sep 13, 2026 6:14:18 PM java.util.prefs.FileSystemPreferences checkLockFile0ErrorCode
2026-09-13 18:14:18,588 [ERROR] LogOutputStream:75 - [STDERR_REDIRECT] WARNING: Could not lock System prefs. Unix error code 31549.
2026-09-13 18:14:18,589 [ERROR] LogOutputStream:75 - [STDERR_REDIRECT] 
2026-09-13 18:14:18,589 [ERROR] LogOutputStream:75 - [STDERR_REDIRECT] Sep 13, 2026 6:14:18 PM java.util.prefs.FileSystemPreferences syncWorld
2026-09-13 18:14:18,591 [ERROR] LogOutputStream:75 - [STDERR_REDIRECT] WARNING: Couldn't flush system prefs: java.util.prefs.BackingStoreException: Couldn't get file lock.
2026-09-13 18:14:18,591 [ERROR] LogOutputStream:75 - [STDERR_REDIRECT] 
2026-09-13 18:14:48,588 [ERROR] LogOutputStream:75 - [STDERR_REDIRECT] Sep 13, 2026 6:14:48 PM java.util.prefs.FileSystemPreferences checkLockFile0ErrorCode
2026-09-13 18:14:48,589 [ERROR] LogOutputStream:75 - [STDERR_REDIRECT] WARNING: Could not lock System prefs. Unix error code 31549.
2026-09-13 18:14:48,589 [ERROR] LogOutputStream:75 - [STDERR_REDIRECT] 
2026-09-13 18:14:48,589 [ERROR] LogOutputStream:75 - [STDERR_REDIRECT] Sep 13, 2026 6:14:48 PM java.util.prefs.FileSystemPreferences syncWorld
2026-09-13 18:14:48,591 [ERROR] LogOutputStream:75 - [STDERR_REDIRECT] WARNING: Couldn't flush system prefs: java.util.prefs.BackingStoreException: Couldn't get file lock.
2026-09-13 18:14:48,592 [ERROR] LogOutputStream:75 - [STDERR_REDIRECT] 
2026-09-13 18:15:18,589 [ERROR] LogOutputStream:75 - [STDERR_REDIRECT] Sep 13, 2026 6:15:18 PM java.util.prefs.FileSystemPreferences checkLockFile0ErrorCode
2026-09-13 18:15:18,590 [ERROR] LogOutputStream:75 - [STDERR_REDIRECT] WARNING: Could not lock System prefs. Unix error code 31549.
2026-09-13 18:15:18,590 [ERROR] LogOutputStream:75 - [STDERR_REDIRECT] 
2026-09-13 18:15:18,590 [ERROR] LogOutputStream:75 - [STDERR_REDIRECT] Sep 13, 2026 6:15:18 PM java.util.prefs.FileSystemPreferences syncWorld
2026-09-13 18:15:18,591 [ERROR] LogOutputStream:75 - [STDERR_REDIRECT] WARNING: Couldn't flush system prefs: java.util.prefs.BackingStoreException: Couldn't get file lock.
2026-09-13 18:15:18,591 [ERROR] LogOutputStream:75 - [STDERR_REDIRECT] 
2026-09-13 18:15:48,589 [ERROR] LogOutputStream:75 - [STDERR_REDIRECT] Sep 13, 2026 6:15:48 PM java.util.prefs.FileSystemPreferences checkLockFile0ErrorCode
2026-09-13 18:15:48,589 [ERROR] LogOutputStream:75 - [STDERR_REDIRECT] WARNING: Could not lock System prefs. Unix error code 31549.
2026-09-13 18:15:48,589 [ERROR] LogOutputStream:75 - [STDERR_REDIRECT] 
2026-09-13 18:15:48,590 [ERROR] LogOutputStream:75 - [STDERR_REDIRECT] Sep 13, 2026 6:15:48 PM java.util.prefs.FileSystemPreferences syncWorld
2026-09-13 18:15:48,590 [ERROR] LogOutputStream:75 - [STDERR_REDIRECT] WARNING: Couldn't flush system prefs: java.util.prefs.BackingStoreException: Couldn't get file lock.
2026-09-13 18:15:48,590 [ERROR] LogOutputStream:75 - [STDERR_REDIRECT] 
2026-09-13 18:16:18,590 [ERROR] LogOutputStream:75 - [STDERR_REDIRECT] Sep 13, 2026 6:16:18 PM java.util.prefs.FileSystemPreferences checkLockFile0ErrorCode
2026-09-13 18:16:18,590 [ERROR] LogOutputStream:75 - [STDERR_REDIRECT] WARNING: Could not lock System prefs. Unix error code 31549.
2026-09-13 18:16:18,591 [ERROR] LogOutputStream:75 - [STDERR_REDIRECT] 
2026-09-13 18:16:18,592 [ERROR] LogOutputStream:75 - [STDERR_REDIRECT] Sep 13, 2026 6:16:18 PM java.util.prefs.FileSystemPreferences syncWorld
2026-09-13 18:16:18,593 [ERROR] LogOutputStream:75 - [STDERR_REDIRECT] WARNING: Couldn't flush system prefs: java.util.prefs.BackingStoreException: Couldn't get file lock.
2026-09-13 18:16:18,593 [ERROR] LogOutputStream:75 - [STDERR_REDIRECT] 
2026-09-13 18:16:48,593 [ERROR] LogOutputStream:75 - [STDERR_REDIRECT] Sep 13, 2026 6:16:48 PM java.util.prefs.FileSystemPreferences checkLockFile0ErrorCode
2026-09-13 18:16:48,597 [ERROR] LogOutputStream:75 - [STDERR_REDIRECT] WARNING: Could not lock System prefs. Unix error code 31549.
2026-09-13 18:16:48,597 [ERROR] LogOutputStream:75 - [STDERR_REDIRECT] 
2026-09-13 18:16:48,599 [ERROR] LogOutputStream:75 - [STDERR_REDIRECT] Sep 13, 2026 6:16:48 PM java.util.prefs.FileSystemPreferences syncWorld
2026-09-13 18:16:48,599 [ERROR] LogOutputStream:75 - [STDERR_REDIRECT] WARNING: Couldn't flush system prefs: java.util.prefs.BackingStoreException: Couldn't get file lock.
2026-09-13 18:16:48,601 [ERROR] LogOutputStream:75 - [STDERR_REDIRECT] 
2026-09-13 18:17:18,591 [ERROR] LogOutputStream:75 - [STDERR_REDIRECT] Sep 13, 2026 6:17:18 PM java.util.prefs.FileSystemPreferences checkLockFile0ErrorCode
2026-09-13 18:17:18,591 [ERROR] LogOutputStream:75 - [STDERR_REDIRECT] WARNING: Could not lock System prefs. Unix error code 31549.
2026-09-13 18:17:18,592 [ERROR] LogOutputStream:75 - [STDERR_REDIRECT] 
2026-09-13 18:17:18,592 [ERROR] LogOutputStream:75 - [STDERR_REDIRECT] Sep 13, 2026 6:17:18 PM java.util.prefs.FileSystemPreferences syncWorld
2026-09-13 18:17:18,593 [ERROR] LogOutputStream:75 - [STDERR_REDIRECT] WARNING: Couldn't flush system prefs: java.util.prefs.BackingStoreException: Couldn't get file lock.
2026-09-13 18:17:18,593 [ERROR] LogOutputStream:75 - [STDERR_REDIRECT] 
2026-09-13 18:17:48,591 [ERROR] LogOutputStream:75 - [STDERR_REDIRECT] Sep 13, 2026 6:17:48 PM java.util.prefs.FileSystemPreferences checkLockFile0ErrorCode
2026-09-13 18:17:48,591 [ERROR] LogOutputStream:75 - [STDERR_REDIRECT] WARNING: Could not lock System prefs. Unix error code -37819349.
2026-09-13 18:17:48,592 [ERROR] LogOutputStream:75 - [STDERR_REDIRECT] 
2026-09-13 18:17:48,592 [ERROR] LogOutputStream:75 - [STDERR_REDIRECT] Sep 13, 2026 6:17:48 PM java.util.prefs.FileSystemPreferences syncWorld
2026-09-13 18:17:48,593 [ERROR] LogOutputStream:75 - [STDERR_REDIRECT] WARNING: Couldn't flush system prefs: java.util.prefs.BackingStoreException: Couldn't get file lock.
2026-09-13 18:17:48,593 [ERROR] LogOutputStream:75 - [STDERR_REDIRECT] 
2026-09-13 18:18:18,592 [ERROR] LogOutputStream:75 - [STDERR_REDIRECT] Sep 13, 2026 6:18:18 PM java.util.prefs.FileSystemPreferences checkLockFile0ErrorCode
2026-09-13 18:18:18,592 [ERROR] LogOutputStream:75 - [STDERR_REDIRECT] WARNING: Could not lock System prefs. Unix error code -37819349.
2026-09-13 18:18:18,592 [ERROR] LogOutputStream:75 - [STDERR_REDIRECT] 
2026-09-13 18:18:18,593 [ERROR] LogOutputStream:75 - [STDERR_REDIRECT] Sep 13, 2026 6:18:18 PM java.util.prefs.FileSystemPreferences syncWorld
2026-09-13 18:18:18,594 [ERROR] LogOutputStream:75 - [STDERR_REDIRECT] WARNING: Couldn't flush system prefs: java.util.prefs.BackingStoreException: Couldn't get file lock.
2026-09-13 18:18:18,594 [ERROR] LogOutputStream:75 - [STDERR_REDIRECT] 
2026-09-13 18:18:48,591 [ERROR] LogOutputStream:75 - [STDERR_REDIRECT] Sep 13, 2026 6:18:48 PM java.util.prefs.FileSystemPreferences checkLockFile0ErrorCode
2026-09-13 18:18:48,592 [ERROR] LogOutputStream:75 - [STDERR_REDIRECT] WARNING: Could not lock System prefs. Unix error code -37819349.
2026-09-13 18:18:48,592 [ERROR] LogOutputStream:75 - [STDERR_REDIRECT] 
2026-09-13 18:18:48,592 [ERROR] LogOutputStream:75 - [STDERR_REDIRECT] Sep 13, 2026 6:18:48 PM java.util.prefs.FileSystemPreferences syncWorld
2026-09-13 18:18:48,593 [ERROR] LogOutputStream:75 - [STDERR_REDIRECT] WARNING: Couldn't flush system prefs: java.util.prefs.BackingStoreException: Couldn't get file lock.
2026-09-13 18:18:48,593 [ERROR] LogOutputStream:75 - [STDERR_REDIRECT] 
2026-09-13 18:19:18,592 [ERROR] LogOutputStream:75 - [STDERR_REDIRECT] Sep 13, 2026 6:19:18 PM java.util.prefs.FileSystemPreferences checkLockFile0ErrorCode
2026-09-13 18:19:18,592 [ERROR] LogOutputStream:75 - [STDERR_REDIRECT] WARNING: Could not lock System prefs. Unix error code -37819349.
2026-09-13 18:19:18,593 [ERROR] LogOutputStream:75 - [STDERR_REDIRECT] 
2026-09-13 18:19:18,593 [ERROR] LogOutputStream:75 - [STDERR_REDIRECT] Sep 13, 2026 6:19:18 PM java.util.prefs.FileSystemPreferences syncWorld
2026-09-13 18:19:18,593 [ERROR] LogOutputStream:75 - [STDERR_REDIRECT] WARNING: Couldn't flush system prefs: java.util.prefs.BackingStoreException: Couldn't get file lock.
2026-09-13 18:19:18,593 [ERROR] LogOutputStream:75 - [STDERR_REDIRECT] 
2026-09-13 18:19:48,592 [ERROR] LogOutputStream:75 - [STDERR_REDIRECT] Sep 13, 2026 6:19:48 PM java.util.prefs.FileSystemPreferences checkLockFile0ErrorCode
2026-09-13 18:19:48,592 [ERROR] LogOutputStream:75 - [STDERR_REDIRECT] WARNING: Could not lock System prefs. Unix error code -37819349.
2026-09-13 18:19:48,592 [ERROR] LogOutputStream:75 - [STDERR_REDIRECT] 
2026-09-13 18:19:48,593 [ERROR] LogOutputStream:75 - [STDERR_REDIRECT] Sep 13, 2026 6:19:48 PM java.util.prefs.FileSystemPreferences syncWorld
2026-09-13 18:19:48,593 [ERROR] LogOutputStream:75 - [STDERR_REDIRECT] WARNING: Couldn't flush system prefs: java.util.prefs.BackingStoreException: Couldn't get file lock.
2026-09-13 18:19:48,593 [ERROR] LogOutputStream:75 - [STDERR_REDIRECT] 
2026-09-13 18:20:18,593 [ERROR] LogOutputStream:75 - [STDERR_REDIRECT] Sep 13, 2026 6:20:18 PM java.util.prefs.FileSystemPreferences checkLockFile0ErrorCode
2026-09-13 18:20:18,593 [ERROR] LogOutputStream:75 - [STDERR_REDIRECT] WARNING: Could not lock System prefs. Unix error code -37819349.
2026-09-13 18:20:18,594 [ERROR] LogOutputStream:75 - [STDERR_REDIRECT] 
2026-09-13 18:20:18,594 [ERROR] LogOutputStream:75 - [STDERR_REDIRECT] Sep 13, 2026 6:20:18 PM java.util.prefs.FileSystemPreferences syncWorld
2026-09-13 18:20:18,595 [ERROR] LogOutputStream:75 - [STDERR_REDIRECT] WARNING: Couldn't flush system prefs: java.util.prefs.BackingStoreException: Couldn't get file lock.
2026-09-13 18:20:18,595 [ERROR] LogOutputStream:75 - [STDERR_REDIRECT] 
2026-09-13 18:20:48,594 [ERROR] LogOutputStream:75 - [STDERR_REDIRECT] Sep 13, 2026 6:20:48 PM java.util.prefs.FileSystemPreferences checkLockFile0ErrorCode
2026-09-13 18:20:48,594 [ERROR] LogOutputStream:75 - [STDERR_REDIRECT] WARNING: Could not lock System prefs. Unix error code -37819349.
2026-09-13 18:20:48,594 [ERROR] LogOutputStream:75 - [STDERR_REDIRECT] 
2026-09-13 18:20:48,595 [ERROR] LogOutputStream:75 - [STDERR_REDIRECT] Sep 13, 2026 6:20:48 PM java.util.prefs.FileSystemPreferences syncWorld
2026-09-13 18:20:48,595 [ERROR] LogOutputStream:75 - [STDERR_REDIRECT] WARNING: Couldn't flush system prefs: java.util.prefs.BackingStoreException: Couldn't get file lock.
2026-09-13 18:20:48,595 [ERROR] LogOutputStream:75 - [STDERR_REDIRECT] 
2026-09-13 18:21:18,594 [ERROR] LogOutputStream:75 - [STDERR_REDIRECT] Sep 13, 2026 6:21:18 PM java.util.prefs.FileSystemPreferences checkLockFile0ErrorCode
2026-09-13 18:21:18,595 [ERROR] LogOutputStream:75 - [STDERR_REDIRECT] WARNING: Could not lock System prefs. Unix error code -37819349.
2026-09-13 18:21:18,595 [ERROR] LogOutputStream:75 - [STDERR_REDIRECT] 
2026-09-13 18:21:18,595 [ERROR] LogOutputStream:75 - [STDERR_REDIRECT] Sep 13, 2026 6:21:18 PM java.util.prefs.FileSystemPreferences syncWorld
2026-09-13 18:21:18,596 [ERROR] LogOutputStream:75 - [STDERR_REDIRECT] WARNING: Couldn't flush system prefs: java.util.prefs.BackingStoreException: Couldn't get file lock.
2026-09-13 18:21:18,596 [ERROR] LogOutputStream:75 - [STDERR_REDIRECT] 
2026-09-13 18:21:48,595 [ERROR] LogOutputStream:75 - [STDERR_REDIRECT] Sep 13, 2026 6:21:48 PM java.util.prefs.FileSystemPreferences checkLockFile0ErrorCode
2026-09-13 18:21:48,595 [ERROR] LogOutputStream:75 - [STDERR_REDIRECT] WARNING: Could not lock System prefs. Unix error code -37819349.
2026-09-13 18:21:48,596 [ERROR] LogOutputStream:75 - [STDERR_REDIRECT] 
2026-09-13 18:21:48,596 [ERROR] LogOutputStream:75 - [STDERR_REDIRECT] Sep 13, 2026 6:21:48 PM java.util.prefs.FileSystemPreferences syncWorld
2026-09-13 18:21:48,596 [ERROR] LogOutputStream:75 - [STDERR_REDIRECT] WARNING: Couldn't flush system prefs: java.util.prefs.BackingStoreException: Couldn't get file lock.
2026-09-13 18:21:48,597 [ERROR] LogOutputStream:75 - [STDERR_REDIRECT] 
2026-09-13 18:22:18,595 [ERROR] LogOutputStream:75 - [STDERR_REDIRECT] Sep 13, 2026 6:22:18 PM java.util.prefs.FileSystemPreferences checkLockFile0ErrorCode
2026-09-13 18:22:18,595 [ERROR] LogOutputStream:75 - [STDERR_REDIRECT] WARNING: Could not lock System prefs. Unix error code -37819349.
2026-09-13 18:22:18,595 [ERROR] LogOutputStream:75 - [STDERR_REDIRECT] 
2026-09-13 18:22:18,596 [ERROR] LogOutputStream:75 - [STDERR_REDIRECT] Sep 13, 2026 6:22:18 PM java.util.prefs.FileSystemPreferences syncWorld
2026-09-13 18:22:18,596 [ERROR] LogOutputStream:75 - [STDERR_REDIRECT] WARNING: Couldn't flush system prefs: java.util.prefs.BackingStoreException: Couldn't get file lock.
2026-09-13 18:22:18,596 [ERROR] LogOutputStream:75 - [STDERR_REDIRECT] 
2026-09-13 18:22:48,595 [ERROR] LogOutputStream:75 - [STDERR_REDIRECT] Sep 13, 2026 6:22:48 PM java.util.prefs.FileSystemPreferences checkLockFile0ErrorCode
2026-09-13 18:22:48,595 [ERROR] LogOutputStream:75 - [STDERR_REDIRECT] WARNING: Could not lock System prefs. Unix error code -37819349.
2026-09-13 18:22:48,596 [ERROR] LogOutputStream:75 - [STDERR_REDIRECT] 
2026-09-13 18:22:48,596 [ERROR] LogOutputStream:75 - [STDERR_REDIRECT] Sep 13, 2026 6:22:48 PM java.util.prefs.FileSystemPreferences syncWorld
2026-09-13 18:22:48,597 [ERROR] LogOutputStream:75 - [STDERR_REDIRECT] WARNING: Couldn't flush system prefs: java.util.prefs.BackingStoreException: Couldn't get file lock.
2026-09-13 18:22:48,597 [ERROR] LogOutputStream:75 - [STDERR_REDIRECT] 
2026-09-13 18:23:18,596 [ERROR] LogOutputStream:75 - [STDERR_REDIRECT] Sep 13, 2026 6:23:18 PM java.util.prefs.FileSystemPreferences checkLockFile0ErrorCode
2026-09-13 18:23:18,596 [ERROR] LogOutputStream:75 - [STDERR_REDIRECT] WARNING: Could not lock System prefs. Unix error code -37819349.
2026-09-13 18:23:18,596 [ERROR] LogOutputStream:75 - [STDERR_REDIRECT] 
2026-09-13 18:23:18,597 [ERROR] LogOutputStream:75 - [STDERR_REDIRECT] Sep 13, 2026 6:23:18 PM java.util.prefs.FileSystemPreferences syncWorld
2026-09-13 18:23:18,597 [ERROR] LogOutputStream:75 - [STDERR_REDIRECT] WARNING: Couldn't flush system prefs: java.util.prefs.BackingStoreException: Couldn't get file lock.
2026-09-13 18:23:18,597 [ERROR] LogOutputStream:75 - [STDERR_REDIRECT] 
2026-09-13 18:23:48,596 [ERROR] LogOutputStream:75 - [STDERR_REDIRECT] Sep 13, 2026 6:23:48 PM java.util.prefs.FileSystemPreferences checkLockFile0ErrorCode
2026-09-13 18:23:48,596 [ERROR] LogOutputStream:75 - [STDERR_REDIRECT] WARNING: Could not lock System prefs. Unix error code -37819349.
2026-09-13 18:23:48,597 [ERROR] LogOutputStream:75 - [STDERR_REDIRECT] 
2026-09-13 18:23:48,597 [ERROR] LogOutputStream:75 - [STDERR_REDIRECT] Sep 13, 2026 6:23:48 PM java.util.prefs.FileSystemPreferences syncWorld
2026-09-13 18:23:48,598 [ERROR] LogOutputStream:75 - [STDERR_REDIRECT] WARNING: Couldn't flush system prefs: java.util.prefs.BackingStoreException: Couldn't get file lock.
2026-09-13 18:23:48,598 [ERROR] LogOutputStream:75 - [STDERR_REDIRECT] 
2026-09-13 18:24:18,596 [ERROR] LogOutputStream:75 - [STDERR_REDIRECT] Sep 13, 2026 6:24:18 PM java.util.prefs.FileSystemPreferences checkLockFile0ErrorCode
2026-09-13 18:24:18,597 [ERROR] LogOutputStream:75 - [STDERR_REDIRECT] WARNING: Could not lock System prefs. Unix error code -37819349.
2026-09-13 18:24:18,597 [ERROR] LogOutputStream:75 - [STDERR_REDIRECT] 
2026-09-13 18:24:18,598 [ERROR] LogOutputStream:75 - [STDERR_REDIRECT] Sep 13, 2026 6:24:18 PM java.util.prefs.FileSystemPreferences syncWorld
2026-09-13 18:24:18,598 [ERROR] LogOutputStream:75 - [STDERR_REDIRECT] WARNING: Couldn't flush system prefs: java.util.prefs.BackingStoreException: Couldn't get file lock.
2026-09-13 18:24:18,598 [ERROR] LogOutputStream:75 - [STDERR_REDIRECT] 
2026-09-13 18:24:48,596 [ERROR] LogOutputStream:75 - [STDERR_REDIRECT] Sep 13, 2026 6:24:48 PM java.util.prefs.FileSystemPreferences checkLockFile0ErrorCode
2026-09-13 18:24:48,596 [ERROR] LogOutputStream:75 - [STDERR_REDIRECT] WARNING: Could not lock System prefs. Unix error code -37819349.
2026-09-13 18:24:48,596 [ERROR] LogOutputStream:75 - [STDERR_REDIRECT] 
2026-09-13 18:24:48,597 [ERROR] LogOutputStream:75 - [STDERR_REDIRECT] Sep 13, 2026 6:24:48 PM java.util.prefs.FileSystemPreferences syncWorld
2026-09-13 18:24:48,597 [ERROR] LogOutputStream:75 - [STDERR_REDIRECT] WARNING: Couldn't flush system prefs: java.util.prefs.BackingStoreException: Couldn't get file lock.
2026-09-13 18:24:48,597 [ERROR] LogOutputStream:75 - [STDERR_REDIRECT] 
2026-09-13 18:25:18,597 [ERROR] LogOutputStream:75 - [STDERR_REDIRECT] Sep 13, 2026 6:25:18 PM java.util.prefs.FileSystemPreferences checkLockFile0ErrorCode
2026-09-13 18:25:18,597 [ERROR] LogOutputStream:75 - [STDERR_REDIRECT] WARNING: Could not lock System prefs. Unix error code -37819349.
2026-09-13 18:25:18,597 [ERROR] LogOutputStream:75 - [STDERR_REDIRECT] 
2026-09-13 18:25:18,597 [ERROR] LogOutputStream:75 - [STDERR_REDIRECT] Sep 13, 2026 6:25:18 PM java.util.prefs.FileSystemPreferences syncWorld
2026-09-13 18:25:18,599 [ERROR] LogOutputStream:75 - [STDERR_REDIRECT] WARNING: Couldn't flush system prefs: java.util.prefs.BackingStoreException: Couldn't get file lock.
2026-09-13 18:25:18,599 [ERROR] LogOutputStream:75 - [STDERR_REDIRECT] 
2026-09-13 18:25:48,596 [ERROR] LogOutputStream:75 - [STDERR_REDIRECT] Sep 13, 2026 6:25:48 PM java.util.prefs.FileSystemPreferences checkLockFile0ErrorCode
2026-09-13 18:25:48,596 [ERROR] LogOutputStream:75 - [STDERR_REDIRECT] WARNING: Could not lock System prefs. Unix error code -37819349.
2026-09-13 18:25:48,597 [ERROR] LogOutputStream:75 - [STDERR_REDIRECT] 
2026-09-13 18:25:48,597 [ERROR] LogOutputStream:75 - [STDERR_REDIRECT] Sep 13, 2026 6:25:48 PM java.util.prefs.FileSystemPreferences syncWorld
2026-09-13 18:25:48,597 [ERROR] LogOutputStream:75 - [STDERR_REDIRECT] WARNING: Couldn't flush system prefs: java.util.prefs.BackingStoreException: Couldn't get file lock.
2026-09-13 18:25:48,597 [ERROR] LogOutputStream:75 - [STDERR_REDIRECT] 
2026-09-13 18:26:18,596 [ERROR] LogOutputStream:75 - [STDERR_REDIRECT] Sep 13, 2026 6:26:18 PM java.util.prefs.FileSystemPreferences checkLockFile0ErrorCode
2026-09-13 18:26:18,597 [ERROR] LogOutputStream:75 - [STDERR_REDIRECT] WARNING: Could not lock System prefs. Unix error code -37819349.
2026-09-13 18:26:18,597 [ERROR] LogOutputStream:75 - [STDERR_REDIRECT] 
2026-09-13 18:26:18,597 [ERROR] LogOutputStream:75 - [STDERR_REDIRECT] Sep 13, 2026 6:26:18 PM java.util.prefs.FileSystemPreferences syncWorld
2026-09-13 18:26:18,597 [ERROR] LogOutputStream:75 - [STDERR_REDIRECT] WARNING: Couldn't flush system prefs: java.util.prefs.BackingStoreException: Couldn't get file lock.
2026-09-13 18:26:18,597 [ERROR] LogOutputStream:75 - [STDERR_REDIRECT] 
2026-09-13 18:26:48,602 [ERROR] LogOutputStream:75 - [STDERR_REDIRECT] Sep 13, 2026 6:26:48 PM java.util.prefs.FileSystemPreferences checkLockFile0ErrorCode
2026-09-13 18:26:48,602 [ERROR] LogOutputStream:75 - [STDERR_REDIRECT] WARNING: Could not lock System prefs. Unix error code -37819349.
2026-09-13 18:26:48,603 [ERROR] LogOutputStream:75 - [STDERR_REDIRECT] 
2026-09-13 18:26:48,603 [ERROR] LogOutputStream:75 - [STDERR_REDIRECT] Sep 13, 2026 6:26:48 PM java.util.prefs.FileSystemPreferences syncWorld
2026-09-13 18:26:48,603 [ERROR] LogOutputStream:75 - [STDERR_REDIRECT] WARNING: Couldn't flush system prefs: java.util.prefs.BackingStoreException: Couldn't get file lock.
2026-09-13 18:26:48,603 [ERROR] LogOutputStream:75 - [STDERR_REDIRECT] 
2026-09-13 18:27:18,601 [ERROR] LogOutputStream:75 - [STDERR_REDIRECT] Sep 13, 2026 6:27:18 PM java.util.prefs.FileSystemPreferences checkLockFile0ErrorCode
2026-09-13 18:27:18,601 [ERROR] LogOutputStream:75 - [STDERR_REDIRECT] WARNING: Could not lock System prefs. Unix error code -37819349.
2026-09-13 18:27:18,601 [ERROR] LogOutputStream:75 - [STDERR_REDIRECT] 
2026-09-13 18:27:18,603 [ERROR] LogOutputStream:75 - [STDERR_REDIRECT] Sep 13, 2026 6:27:18 PM java.util.prefs.FileSystemPreferences syncWorld
2026-09-13 18:27:18,603 [ERROR] LogOutputStream:75 - [STDERR_REDIRECT] WARNING: Couldn't flush system prefs: java.util.prefs.BackingStoreException: Couldn't get file lock.
2026-09-13 18:27:18,603 [ERROR] LogOutputStream:75 - [STDERR_REDIRECT] 
2026-09-13 18:27:48,600 [ERROR] LogOutputStream:75 - [STDERR_REDIRECT] Sep 13, 2026 6:27:48 PM java.util.prefs.FileSystemPreferences checkLockFile0ErrorCode
2026-09-13 18:27:48,601 [ERROR] LogOutputStream:75 - [STDERR_REDIRECT] WARNING: Could not lock System prefs. Unix error code -37819349.
2026-09-13 18:27:48,601 [ERROR] LogOutputStream:75 - [STDERR_REDIRECT] 
2026-09-13 18:27:48,603 [ERROR] LogOutputStream:75 - [STDERR_REDIRECT] Sep 13, 2026 6:27:48 PM java.util.prefs.FileSystemPreferences syncWorld
2026-09-13 18:27:48,604 [ERROR] LogOutputStream:75 - [STDERR_REDIRECT] WARNING: Couldn't flush system prefs: java.util.prefs.BackingStoreException: Couldn't get file lock.
2026-09-13 18:27:48,604 [ERROR] LogOutputStream:75 - [STDERR_REDIRECT] 
2026-09-13 18:28:18,603 [ERROR] LogOutputStream:75 - [STDERR_REDIRECT] Sep 13, 2026 6:28:18 PM java.util.prefs.FileSystemPreferences checkLockFile0ErrorCode
2026-09-13 18:28:18,603 [ERROR] LogOutputStream:75 - [STDERR_REDIRECT] WARNING: Could not lock System prefs. Unix error code 31548.
2026-09-13 18:28:18,603 [ERROR] LogOutputStream:75 - [STDERR_REDIRECT] 
2026-09-13 18:28:18,605 [ERROR] LogOutputStream:75 - [STDERR_REDIRECT] Sep 13, 2026 6:28:18 PM java.util.prefs.FileSystemPreferences syncWorld
2026-09-13 18:28:18,606 [ERROR] LogOutputStream:75 - [STDERR_REDIRECT] WARNING: Couldn't flush system prefs: java.util.prefs.BackingStoreException: Couldn't get file lock.
2026-09-13 18:28:18,606 [ERROR] LogOutputStream:75 - [STDERR_REDIRECT] 
2026-09-13 18:28:48,600 [ERROR] LogOutputStream:75 - [STDERR_REDIRECT] Sep 13, 2026 6:28:48 PM java.util.prefs.FileSystemPreferences checkLockFile0ErrorCode
2026-09-13 18:28:48,600 [ERROR] LogOutputStream:75 - [STDERR_REDIRECT] WARNING: Could not lock System prefs. Unix error code -37819349.
2026-09-13 18:28:48,600 [ERROR] LogOutputStream:75 - [STDERR_REDIRECT] 
2026-09-13 18:28:48,601 [ERROR] LogOutputStream:75 - [STDERR_REDIRECT] Sep 13, 2026 6:28:48 PM java.util.prefs.FileSystemPreferences syncWorld
2026-09-13 18:28:48,601 [ERROR] LogOutputStream:75 - [STDERR_REDIRECT] WARNING: Couldn't flush system prefs: java.util.prefs.BackingStoreException: Couldn't get file lock.
2026-09-13 18:28:48,601 [ERROR] LogOutputStream:75 - [STDERR_REDIRECT] 
2026-09-13 18:29:18,600 [ERROR] LogOutputStream:75 - [STDERR_REDIRECT] Sep 13, 2026 6:29:18 PM java.util.prefs.FileSystemPreferences checkLockFile0ErrorCode
2026-09-13 18:29:18,601 [ERROR] LogOutputStream:75 - [STDERR_REDIRECT] WARNING: Could not lock System prefs. Unix error code -37819349.
2026-09-13 18:29:18,602 [ERROR] LogOutputStream:75 - [STDERR_REDIRECT] 
2026-09-13 18:29:18,602 [ERROR] LogOutputStream:75 - [STDERR_REDIRECT] Sep 13, 2026 6:29:18 PM java.util.prefs.FileSystemPreferences syncWorld
2026-09-13 18:29:18,602 [ERROR] LogOutputStream:75 - [STDERR_REDIRECT] WARNING: Couldn't flush system prefs: java.util.prefs.BackingStoreException: Couldn't get file lock.
2026-09-13 18:29:18,603 [ERROR] LogOutputStream:75 - [STDERR_REDIRECT] 
2026-09-13 18:29:48,600 [ERROR] LogOutputStream:75 - [STDERR_REDIRECT] Sep 13, 2026 6:29:48 PM java.util.prefs.FileSystemPreferences checkLockFile0ErrorCode
2026-09-13 18:29:48,600 [ERROR] LogOutputStream:75 - [STDERR_REDIRECT] WARNING: Could not lock System prefs. Unix error code -37819349.
2026-09-13 18:29:48,601 [ERROR] LogOutputStream:75 - [STDERR_REDIRECT] 
2026-09-13 18:29:48,601 [ERROR] LogOutputStream:75 - [STDERR_REDIRECT] Sep 13, 2026 6:29:48 PM java.util.prefs.FileSystemPreferences syncWorld
2026-09-13 18:29:48,601 [ERROR] LogOutputStream:75 - [STDERR_REDIRECT] WARNING: Couldn't flush system prefs: java.util.prefs.BackingStoreException: Couldn't get file lock.
2026-09-13 18:29:48,602 [ERROR] LogOutputStream:75 - [STDERR_REDIRECT] 
2026-09-13 18:30:18,600 [ERROR] LogOutputStream:75 - [STDERR_REDIRECT] Sep 13, 2026 6:30:18 PM java.util.prefs.FileSystemPreferences checkLockFile0ErrorCode
2026-09-13 18:30:18,601 [ERROR] LogOutputStream:75 - [STDERR_REDIRECT] WARNING: Could not lock System prefs. Unix error code -37819349.
2026-09-13 18:30:18,601 [ERROR] LogOutputStream:75 - [STDERR_REDIRECT] 
2026-09-13 18:30:18,601 [ERROR] LogOutputStream:75 - [STDERR_REDIRECT] Sep 13, 2026 6:30:18 PM java.util.prefs.FileSystemPreferences syncWorld
2026-09-13 18:30:18,602 [ERROR] LogOutputStream:75 - [STDERR_REDIRECT] WARNING: Couldn't flush system prefs: java.util.prefs.BackingStoreException: Couldn't get file lock.
2026-09-13 18:30:18,602 [ERROR] LogOutputStream:75 - [STDERR_REDIRECT] 
2026-09-13 18:30:48,600 [ERROR] LogOutputStream:75 - [STDERR_REDIRECT] Sep 13, 2026 6:30:48 PM java.util.prefs.FileSystemPreferences checkLockFile0ErrorCode
2026-09-13 18:30:48,600 [ERROR] LogOutputStream:75 - [STDERR_REDIRECT] WARNING: Could not lock System prefs. Unix error code -37819349.
2026-09-13 18:30:48,601 [ERROR] LogOutputStream:75 - [STDERR_REDIRECT] 
2026-09-13 18:30:48,601 [ERROR] LogOutputStream:75 - [STDERR_REDIRECT] Sep 13, 2026 6:30:48 PM java.util.prefs.FileSystemPreferences syncWorld
2026-09-13 18:30:48,601 [ERROR] LogOutputStream:75 - [STDERR_REDIRECT] WARNING: Couldn't flush system prefs: java.util.prefs.BackingStoreException: Couldn't get file lock.
2026-09-13 18:30:48,602 [ERROR] LogOutputStream:75 - [STDERR_REDIRECT] 
2026-09-13 18:31:18,600 [ERROR] LogOutputStream:75 - [STDERR_REDIRECT] Sep 13, 2026 6:31:18 PM java.util.prefs.FileSystemPreferences checkLockFile0ErrorCode
2026-09-13 18:31:18,601 [ERROR] LogOutputStream:75 - [STDERR_REDIRECT] WARNING: Could not lock System prefs. Unix error code -37819349.
2026-09-13 18:31:18,601 [ERROR] LogOutputStream:75 - [STDERR_REDIRECT] 
2026-09-13 18:31:18,603 [ERROR] LogOutputStream:75 - [STDERR_REDIRECT] Sep 13, 2026 6:31:18 PM java.util.prefs.FileSystemPreferences syncWorld
2026-09-13 18:31:18,603 [ERROR] LogOutputStream:75 - [STDERR_REDIRECT] WARNING: Couldn't flush system prefs: java.util.prefs.BackingStoreException: Couldn't get file lock.
2026-09-13 18:31:18,604 [ERROR] LogOutputStream:75 - [STDERR_REDIRECT] 
2026-09-13 18:31:48,600 [ERROR] LogOutputStream:75 - [STDERR_REDIRECT] Sep 13, 2026 6:31:48 PM java.util.prefs.FileSystemPreferences checkLockFile0ErrorCode
2026-09-13 18:31:48,601 [ERROR] LogOutputStream:75 - [STDERR_REDIRECT] WARNING: Could not lock System prefs. Unix error code -37819349.
2026-09-13 18:31:48,601 [ERROR] LogOutputStream:75 - [STDERR_REDIRECT] 
2026-09-13 18:31:48,601 [ERROR] LogOutputStream:75 - [STDERR_REDIRECT] Sep 13, 2026 6:31:48 PM java.util.prefs.FileSystemPreferences syncWorld
2026-09-13 18:31:48,602 [ERROR] LogOutputStream:75 - [STDERR_REDIRECT] WARNING: Couldn't flush system prefs: java.util.prefs.BackingStoreException: Couldn't get file lock.
2026-09-13 18:31:48,602 [ERROR] LogOutputStream:75 - [STDERR_REDIRECT] 
2026-09-13 18:32:18,600 [ERROR] LogOutputStream:75 - [STDERR_REDIRECT] Sep 13, 2026 6:32:18 PM java.util.prefs.FileSystemPreferences checkLockFile0ErrorCode
2026-09-13 18:32:18,600 [ERROR] LogOutputStream:75 - [STDERR_REDIRECT] WARNING: Could not lock System prefs. Unix error code -37819349.
2026-09-13 18:32:18,601 [ERROR] LogOutputStream:75 - [STDERR_REDIRECT] 
2026-09-13 18:32:18,601 [ERROR] LogOutputStream:75 - [STDERR_REDIRECT] Sep 13, 2026 6:32:18 PM java.util.prefs.FileSystemPreferences syncWorld
2026-09-13 18:32:18,601 [ERROR] LogOutputStream:75 - [STDERR_REDIRECT] WARNING: Couldn't flush system prefs: java.util.prefs.BackingStoreException: Couldn't get file lock.
2026-09-13 18:32:18,602 [ERROR] LogOutputStream:75 - [STDERR_REDIRECT] 
2026-09-13 18:32:48,600 [ERROR] LogOutputStream:75 - [STDERR_REDIRECT] Sep 13, 2026 6:32:48 PM java.util.prefs.FileSystemPreferences checkLockFile0ErrorCode
2026-09-13 18:32:48,600 [ERROR] LogOutputStream:75 - [STDERR_REDIRECT] WARNING: Could not lock System prefs. Unix error code -37819349.
2026-09-13 18:32:48,600 [ERROR] LogOutputStream:75 - [STDERR_REDIRECT] 
2026-09-13 18:32:48,601 [ERROR] LogOutputStream:75 - [STDERR_REDIRECT] Sep 13, 2026 6:32:48 PM java.util.prefs.FileSystemPreferences syncWorld
2026-09-13 18:32:48,601 [ERROR] LogOutputStream:75 - [STDERR_REDIRECT] WARNING: Couldn't flush system prefs: java.util.prefs.BackingStoreException: Couldn't get file lock.
2026-09-13 18:32:48,601 [ERROR] LogOutputStream:75 - [STDERR_REDIRECT] 
2026-09-13 18:33:18,600 [ERROR] LogOutputStream:75 - [STDERR_REDIRECT] Sep 13, 2026 6:33:18 PM java.util.prefs.FileSystemPreferences checkLockFile0ErrorCode
2026-09-13 18:33:18,601 [ERROR] LogOutputStream:75 - [STDERR_REDIRECT] WARNING: Could not lock System prefs. Unix error code -37819349.
2026-09-13 18:33:18,601 [ERROR] LogOutputStream:75 - [STDERR_REDIRECT] 
2026-09-13 18:33:18,601 [ERROR] LogOutputStream:75 - [STDERR_REDIRECT] Sep 13, 2026 6:33:18 PM java.util.prefs.FileSystemPreferences syncWorld
2026-09-13 18:33:18,602 [ERROR] LogOutputStream:75 - [STDERR_REDIRECT] WARNING: Couldn't flush system prefs: java.util.prefs.BackingStoreException: Couldn't get file lock.
2026-09-13 18:33:18,602 [ERROR] LogOutputStream:75 - [STDERR_REDIRECT] 
2026-09-13 18:33:48,600 [ERROR] LogOutputStream:75 - [STDERR_REDIRECT] Sep 13, 2026 6:33:48 PM java.util.prefs.FileSystemPreferences checkLockFile0ErrorCode
2026-09-13 18:33:48,601 [ERROR] LogOutputStream:75 - [STDERR_REDIRECT] WARNING: Could not lock System prefs. Unix error code -37819349.
2026-09-13 18:33:48,601 [ERROR] LogOutputStream:75 - [STDERR_REDIRECT] 
2026-09-13 18:33:48,601 [ERROR] LogOutputStream:75 - [STDERR_REDIRECT] Sep 13, 2026 6:33:48 PM java.util.prefs.FileSystemPreferences syncWorld
2026-09-13 18:33:48,601 [ERROR] LogOutputStream:75 - [STDERR_REDIRECT] WARNING: Couldn't flush system prefs: java.util.prefs.BackingStoreException: Couldn't get file lock.
2026-09-13 18:33:48,602 [ERROR] LogOutputStream:75 - [STDERR_REDIRECT] 
2026-09-13 18:34:18,600 [ERROR] LogOutputStream:75 - [STDERR_REDIRECT] Sep 13, 2026 6:34:18 PM java.util.prefs.FileSystemPreferences checkLockFile0ErrorCode
2026-09-13 18:34:18,601 [ERROR] LogOutputStream:75 - [STDERR_REDIRECT] WARNING: Could not lock System prefs. Unix error code -37819349.
2026-09-13 18:34:18,601 [ERROR] LogOutputStream:75 - [STDERR_REDIRECT] 
2026-09-13 18:34:18,601 [ERROR] LogOutputStream:75 - [STDERR_REDIRECT] Sep 13, 2026 6:34:18 PM java.util.prefs.FileSystemPreferences syncWorld
2026-09-13 18:34:18,602 [ERROR] LogOutputStream:75 - [STDERR_REDIRECT] WARNING: Couldn't flush system prefs: java.util.prefs.BackingStoreException: Couldn't get file lock.
2026-09-13 18:34:18,602 [ERROR] LogOutputStream:75 - [STDERR_REDIRECT] 
2026-09-13 18:34:48,600 [ERROR] LogOutputStream:75 - [STDERR_REDIRECT] Sep 13, 2026 6:34:48 PM java.util.prefs.FileSystemPreferences checkLockFile0ErrorCode
2026-09-13 18:34:48,601 [ERROR] LogOutputStream:75 - [STDERR_REDIRECT] WARNING: Could not lock System prefs. Unix error code -37819349.
2026-09-13 18:34:48,601 [ERROR] LogOutputStream:75 - [STDERR_REDIRECT] 
2026-09-13 18:34:48,602 [ERROR] LogOutputStream:75 - [STDERR_REDIRECT] Sep 13, 2026 6:34:48 PM java.util.prefs.FileSystemPreferences syncWorld
2026-09-13 18:34:48,602 [ERROR] LogOutputStream:75 - [STDERR_REDIRECT] WARNING: Couldn't flush system prefs: java.util.prefs.BackingStoreException: Couldn't get file lock.
2026-09-13 18:34:48,602 [ERROR] LogOutputStream:75 - [STDERR_REDIRECT] 
2026-09-13 18:35:18,601 [ERROR] LogOutputStream:75 - [STDERR_REDIRECT] Sep 13, 2026 6:35:18 PM java.util.prefs.FileSystemPreferences checkLockFile0ErrorCode
2026-09-13 18:35:18,601 [ERROR] LogOutputStream:75 - [STDERR_REDIRECT] WARNING: Could not lock System prefs. Unix error code -37819349.
2026-09-13 18:35:18,601 [ERROR] LogOutputStream:75 - [STDERR_REDIRECT] 
2026-09-13 18:35:18,603 [ERROR] LogOutputStream:75 - [STDERR_REDIRECT] Sep 13, 2026 6:35:18 PM java.util.prefs.FileSystemPreferences syncWorld
2026-09-13 18:35:18,603 [ERROR] LogOutputStream:75 - [STDERR_REDIRECT] WARNING: Couldn't flush system prefs: java.util.prefs.BackingStoreException: Couldn't get file lock.
2026-09-13 18:35:18,604 [ERROR] LogOutputStream:75 - [STDERR_REDIRECT] 
2026-09-13 18:35:48,601 [ERROR] LogOutputStream:75 - [STDERR_REDIRECT] Sep 13, 2026 6:35:48 PM java.util.prefs.FileSystemPreferences checkLockFile0ErrorCode
2026-09-13 18:35:48,601 [ERROR] LogOutputStream:75 - [STDERR_REDIRECT] WARNING: Could not lock System prefs. Unix error code -37819349.
2026-09-13 18:35:48,602 [ERROR] LogOutputStream:75 - [STDERR_REDIRECT] 
2026-09-13 18:35:48,602 [ERROR] LogOutputStream:75 - [STDERR_REDIRECT] Sep 13, 2026 6:35:48 PM java.util.prefs.FileSystemPreferences syncWorld
2026-09-13 18:35:48,602 [ERROR] LogOutputStream:75 - [STDERR_REDIRECT] WARNING: Couldn't flush system prefs: java.util.prefs.BackingStoreException: Couldn't get file lock.
2026-09-13 18:35:48,602 [ERROR] LogOutputStream:75 - [STDERR_REDIRECT] 
2026-09-13 18:36:18,601 [ERROR] LogOutputStream:75 - [STDERR_REDIRECT] Sep 13, 2026 6:36:18 PM java.util.prefs.FileSystemPreferences checkLockFile0ErrorCode
2026-09-13 18:36:18,601 [ERROR] LogOutputStream:75 - [STDERR_REDIRECT] WARNING: Could not lock System prefs. Unix error code -37819349.
2026-09-13 18:36:18,601 [ERROR] LogOutputStream:75 - [STDERR_REDIRECT] 
2026-09-13 18:36:18,602 [ERROR] LogOutputStream:75 - [STDERR_REDIRECT] Sep 13, 2026 6:36:18 PM java.util.prefs.FileSystemPreferences syncWorld
2026-09-13 18:36:18,602 [ERROR] LogOutputStream:75 - [STDERR_REDIRECT] WARNING: Couldn't flush system prefs: java.util.prefs.BackingStoreException: Couldn't get file lock.
2026-09-13 18:36:18,602 [ERROR] LogOutputStream:75 - [STDERR_REDIRECT] 
2026-09-13 18:36:48,601 [ERROR] LogOutputStream:75 - [STDERR_REDIRECT] Sep 13, 2026 6:36:48 PM java.util.prefs.FileSystemPreferences checkLockFile0ErrorCode
2026-09-13 18:36:48,601 [ERROR] LogOutputStream:75 - [STDERR_REDIRECT] WARNING: Could not lock System prefs. Unix error code -37819349.
2026-09-13 18:36:48,602 [ERROR] LogOutputStream:75 - [STDERR_REDIRECT] 
2026-09-13 18:36:48,602 [ERROR] LogOutputStream:75 - [STDERR_REDIRECT] Sep 13, 2026 6:36:48 PM java.util.prefs.FileSystemPreferences syncWorld
2026-09-13 18:36:48,602 [ERROR] LogOutputStream:75 - [STDERR_REDIRECT] WARNING: Couldn't flush system prefs: java.util.prefs.BackingStoreException: Couldn't get file lock.
2026-09-13 18:36:48,603 [ERROR] LogOutputStream:75 - [STDERR_REDIRECT] 
2026-09-13 18:37:18,601 [ERROR] LogOutputStream:75 - [STDERR_REDIRECT] Sep 13, 2026 6:37:18 PM java.util.prefs.FileSystemPreferences checkLockFile0ErrorCode
2026-09-13 18:37:18,601 [ERROR] LogOutputStream:75 - [STDERR_REDIRECT] WARNING: Could not lock System prefs. Unix error code -37819349.
2026-09-13 18:37:18,602 [ERROR] LogOutputStream:75 - [STDERR_REDIRECT] 
2026-09-13 18:37:18,602 [ERROR] LogOutputStream:75 - [STDERR_REDIRECT] Sep 13, 2026 6:37:18 PM java.util.prefs.FileSystemPreferences syncWorld
2026-09-13 18:37:18,603 [ERROR] LogOutputStream:75 - [STDERR_REDIRECT] WARNING: Couldn't flush system prefs: java.util.prefs.BackingStoreException: Couldn't get file lock.
2026-09-13 18:37:18,603 [ERROR] LogOutputStream:75 - [STDERR_REDIRECT] 
2026-09-13 18:37:48,601 [ERROR] LogOutputStream:75 - [STDERR_REDIRECT] Sep 13, 2026 6:37:48 PM java.util.prefs.FileSystemPreferences checkLockFile0ErrorCode
2026-09-13 18:37:48,601 [ERROR] LogOutputStream:75 - [STDERR_REDIRECT] WARNING: Could not lock System prefs. Unix error code -37819349.
2026-09-13 18:37:48,602 [ERROR] LogOutputStream:75 - [STDERR_REDIRECT] 
2026-09-13 18:37:48,602 [ERROR] LogOutputStream:75 - [STDERR_REDIRECT] Sep 13, 2026 6:37:48 PM java.util.prefs.FileSystemPreferences syncWorld
2026-09-13 18:37:48,603 [ERROR] LogOutputStream:75 - [STDERR_REDIRECT] WARNING: Couldn't flush system prefs: java.util.prefs.BackingStoreException: Couldn't get file lock.
2026-09-13 18:37:48,603 [ERROR] LogOutputStream:75 - [STDERR_REDIRECT] 
2026-09-13 18:38:18,602 [ERROR] LogOutputStream:75 - [STDERR_REDIRECT] Sep 13, 2026 6:38:18 PM java.util.prefs.FileSystemPreferences checkLockFile0ErrorCode
2026-09-13 18:38:18,602 [ERROR] LogOutputStream:75 - [STDERR_REDIRECT] WARNING: Could not lock System prefs. Unix error code -37819349.
2026-09-13 18:38:18,602 [ERROR] LogOutputStream:75 - [STDERR_REDIRECT] 
2026-09-13 18:38:18,603 [ERROR] LogOutputStream:75 - [STDERR_REDIRECT] Sep 13, 2026 6:38:18 PM java.util.prefs.FileSystemPreferences syncWorld
2026-09-13 18:38:18,604 [ERROR] LogOutputStream:75 - [STDERR_REDIRECT] WARNING: Couldn't flush system prefs: java.util.prefs.BackingStoreException: Couldn't get file lock.
2026-09-13 18:38:18,604 [ERROR] LogOutputStream:75 - [STDERR_REDIRECT] 
2026-09-13 18:38:48,601 [ERROR] LogOutputStream:75 - [STDERR_REDIRECT] Sep 13, 2026 6:38:48 PM java.util.prefs.FileSystemPreferences checkLockFile0ErrorCode
2026-09-13 18:38:48,602 [ERROR] LogOutputStream:75 - [STDERR_REDIRECT] WARNING: Could not lock System prefs. Unix error code -37819349.
2026-09-13 18:38:48,602 [ERROR] LogOutputStream:75 - [STDERR_REDIRECT] 
2026-09-13 18:38:48,604 [ERROR] LogOutputStream:75 - [STDERR_REDIRECT] Sep 13, 2026 6:38:48 PM java.util.prefs.FileSystemPreferences syncWorld
2026-09-13 18:38:48,604 [ERROR] LogOutputStream:75 - [STDERR_REDIRECT] WARNING: Couldn't flush system prefs: java.util.prefs.BackingStoreException: Couldn't get file lock.
2026-09-13 18:38:48,604 [ERROR] LogOutputStream:75 - [STDERR_REDIRECT] 
2026-09-13 18:39:18,601 [ERROR] LogOutputStream:75 - [STDERR_REDIRECT] Sep 13, 2026 6:39:18 PM java.util.prefs.FileSystemPreferences checkLockFile0ErrorCode
2026-09-13 18:39:18,602 [ERROR] LogOutputStream:75 - [STDERR_REDIRECT] WARNING: Could not lock System prefs. Unix error code -37819349.
2026-09-13 18:39:18,602 [ERROR] LogOutputStream:75 - [STDERR_REDIRECT] 
2026-09-13 18:39:18,602 [ERROR] LogOutputStream:75 - [STDERR_REDIRECT] Sep 13, 2026 6:39:18 PM java.util.prefs.FileSystemPreferences syncWorld
2026-09-13 18:39:18,602 [ERROR] LogOutputStream:75 - [STDERR_REDIRECT] WARNING: Couldn't flush system prefs: java.util.prefs.BackingStoreException: Couldn't get file lock.
2026-09-13 18:39:18,603 [ERROR] LogOutputStream:75 - [STDERR_REDIRECT] 
2026-09-13 18:39:48,601 [ERROR] LogOutputStream:75 - [STDERR_REDIRECT] Sep 13, 2026 6:39:48 PM java.util.prefs.FileSystemPreferences checkLockFile0ErrorCode
2026-09-13 18:39:48,602 [ERROR] LogOutputStream:75 - [STDERR_REDIRECT] WARNING: Could not lock System prefs. Unix error code -37819349.
2026-09-13 18:39:48,602 [ERROR] LogOutputStream:75 - [STDERR_REDIRECT] 
2026-09-13 18:39:48,602 [ERROR] LogOutputStream:75 - [STDERR_REDIRECT] Sep 13, 2026 6:39:48 PM java.util.prefs.FileSystemPreferences syncWorld
2026-09-13 18:39:48,603 [ERROR] LogOutputStream:75 - [STDERR_REDIRECT] WARNING: Couldn't flush system prefs: java.util.prefs.BackingStoreException: Couldn't get file lock.
2026-09-13 18:39:48,603 [ERROR] LogOutputStream:75 - [STDERR_REDIRECT] 
2026-09-13 18:40:18,601 [ERROR] LogOutputStream:75 - [STDERR_REDIRECT] Sep 13, 2026 6:40:18 PM java.util.prefs.FileSystemPreferences checkLockFile0ErrorCode
2026-09-13 18:40:18,601 [ERROR] LogOutputStream:75 - [STDERR_REDIRECT] WARNING: Could not lock System prefs. Unix error code -37819349.
2026-09-13 18:40:18,601 [ERROR] LogOutputStream:75 - [STDERR_REDIRECT] 
2026-09-13 18:40:18,602 [ERROR] LogOutputStream:75 - [STDERR_REDIRECT] Sep 13, 2026 6:40:18 PM java.util.prefs.FileSystemPreferences syncWorld
2026-09-13 18:40:18,602 [ERROR] LogOutputStream:75 - [STDERR_REDIRECT] WARNING: Couldn't flush system prefs: java.util.prefs.BackingStoreException: Couldn't get file lock.
2026-09-13 18:40:18,602 [ERROR] LogOutputStream:75 - [STDERR_REDIRECT] 
2026-09-13 18:40:48,602 [ERROR] LogOutputStream:75 - [STDERR_REDIRECT] Sep 13, 2026 6:40:48 PM java.util.prefs.FileSystemPreferences checkLockFile0ErrorCode
2026-09-13 18:40:48,602 [ERROR] LogOutputStream:75 - [STDERR_REDIRECT] WARNING: Could not lock System prefs. Unix error code -37819349.
2026-09-13 18:40:48,602 [ERROR] LogOutputStream:75 - [STDERR_REDIRECT] 
2026-09-13 18:40:48,603 [ERROR] LogOutputStream:75 - [STDERR_REDIRECT] Sep 13, 2026 6:40:48 PM java.util.prefs.FileSystemPreferences syncWorld
2026-09-13 18:40:48,603 [ERROR] LogOutputStream:75 - [STDERR_REDIRECT] WARNING: Couldn't flush system prefs: java.util.prefs.BackingStoreException: Couldn't get file lock.
2026-09-13 18:40:48,604 [ERROR] LogOutputStream:75 - [STDERR_REDIRECT] 
2026-09-13 18:41:18,601 [ERROR] LogOutputStream:75 - [STDERR_REDIRECT] Sep 13, 2026 6:41:18 PM java.util.prefs.FileSystemPreferences checkLockFile0ErrorCode
2026-09-13 18:41:18,602 [ERROR] LogOutputStream:75 - [STDERR_REDIRECT] WARNING: Could not lock System prefs. Unix error code -37819349.
2026-09-13 18:41:18,602 [ERROR] LogOutputStream:75 - [STDERR_REDIRECT] 
2026-09-13 18:41:18,603 [ERROR] LogOutputStream:75 - [STDERR_REDIRECT] Sep 13, 2026 6:41:18 PM java.util.prefs.FileSystemPreferences syncWorld
2026-09-13 18:41:18,603 [ERROR] LogOutputStream:75 - [STDERR_REDIRECT] WARNING: Couldn't flush system prefs: java.util.prefs.BackingStoreException: Couldn't get file lock.
2026-09-13 18:41:18,603 [ERROR] LogOutputStream:75 - [STDERR_REDIRECT] 
2026-09-13 18:41:48,602 [ERROR] LogOutputStream:75 - [STDERR_REDIRECT] Sep 13, 2026 6:41:48 PM java.util.prefs.FileSystemPreferences checkLockFile0ErrorCode
2026-09-13 18:41:48,602 [ERROR] LogOutputStream:75 - [STDERR_REDIRECT] WARNING: Could not lock System prefs. Unix error code -37819349.
2026-09-13 18:41:48,602 [ERROR] LogOutputStream:75 - [STDERR_REDIRECT] 
2026-09-13 18:41:48,603 [ERROR] LogOutputStream:75 - [STDERR_REDIRECT] Sep 13, 2026 6:41:48 PM java.util.prefs.FileSystemPreferences syncWorld
2026-09-13 18:41:48,603 [ERROR] LogOutputStream:75 - [STDERR_REDIRECT] WARNING: Couldn't flush system prefs: java.util.prefs.BackingStoreException: Couldn't get file lock.
2026-09-13 18:41:48,603 [ERROR] LogOutputStream:75 - [STDERR_REDIRECT] 
2026-09-13 18:42:18,601 [ERROR] LogOutputStream:75 - [STDERR_REDIRECT] Sep 13, 2026 6:42:18 PM java.util.prefs.FileSystemPreferences checkLockFile0ErrorCode
2026-09-13 18:42:18,602 [ERROR] LogOutputStream:75 - [STDERR_REDIRECT] WARNING: Could not lock System prefs. Unix error code -37819349.
2026-09-13 18:42:18,602 [ERROR] LogOutputStream:75 - [STDERR_REDIRECT] 
2026-09-13 18:42:18,602 [ERROR] LogOutputStream:75 - [STDERR_REDIRECT] Sep 13, 2026 6:42:18 PM java.util.prefs.FileSystemPreferences syncWorld
2026-09-13 18:42:18,602 [ERROR] LogOutputStream:75 - [STDERR_REDIRECT] WARNING: Couldn't flush system prefs: java.util.prefs.BackingStoreException: Couldn't get file lock.
2026-09-13 18:42:18,603 [ERROR] LogOutputStream:75 - [STDERR_REDIRECT] 
2026-09-13 18:42:48,601 [ERROR] LogOutputStream:75 - [STDERR_REDIRECT] Sep 13, 2026 6:42:48 PM java.util.prefs.FileSystemPreferences checkLockFile0ErrorCode
2026-09-13 18:42:48,602 [ERROR] LogOutputStream:75 - [STDERR_REDIRECT] WARNING: Could not lock System prefs. Unix error code -37819349.
2026-09-13 18:42:48,602 [ERROR] LogOutputStream:75 - [STDERR_REDIRECT] 
2026-09-13 18:42:48,602 [ERROR] LogOutputStream:75 - [STDERR_REDIRECT] Sep 13, 2026 6:42:48 PM java.util.prefs.FileSystemPreferences syncWorld
2026-09-13 18:42:48,603 [ERROR] LogOutputStream:75 - [STDERR_REDIRECT] WARNING: Couldn't flush system prefs: java.util.prefs.BackingStoreException: Couldn't get file lock.
2026-09-13 18:42:48,603 [ERROR] LogOutputStream:75 - [STDERR_REDIRECT] 
2026-09-13 18:43:18,601 [ERROR] LogOutputStream:75 - [STDERR_REDIRECT] Sep 13, 2026 6:43:18 PM java.util.prefs.FileSystemPreferences checkLockFile0ErrorCode
2026-09-13 18:43:18,601 [ERROR] LogOutputStream:75 - [STDERR_REDIRECT] WARNING: Could not lock System prefs. Unix error code -37819349.
2026-09-13 18:43:18,602 [ERROR] LogOutputStream:75 - [STDERR_REDIRECT] 
2026-09-13 18:43:18,602 [ERROR] LogOutputStream:75 - [STDERR_REDIRECT] Sep 13, 2026 6:43:18 PM java.util.prefs.FileSystemPreferences syncWorld
2026-09-13 18:43:18,603 [ERROR] LogOutputStream:75 - [STDERR_REDIRECT] WARNING: Couldn't flush system prefs: java.util.prefs.BackingStoreException: Couldn't get file lock.
2026-09-13 18:43:18,603 [ERROR] LogOutputStream:75 - [STDERR_REDIRECT] 
2026-09-13 18:43:48,601 [ERROR] LogOutputStream:75 - [STDERR_REDIRECT] Sep 13, 2026 6:43:48 PM java.util.prefs.FileSystemPreferences checkLockFile0ErrorCode
2026-09-13 18:43:48,601 [ERROR] LogOutputStream:75 - [STDERR_REDIRECT] WARNING: Could not lock System prefs. Unix error code -37819349.
2026-09-13 18:43:48,602 [ERROR] LogOutputStream:75 - [STDERR_REDIRECT] 
2026-09-13 18:43:48,602 [ERROR] LogOutputStream:75 - [STDERR_REDIRECT] Sep 13, 2026 6:43:48 PM java.util.prefs.FileSystemPreferences syncWorld
2026-09-13 18:43:48,603 [ERROR] LogOutputStream:75 - [STDERR_REDIRECT] WARNING: Couldn't flush system prefs: java.util.prefs.BackingStoreException: Couldn't get file lock.
2026-09-13 18:43:48,603 [ERROR] LogOutputStream:75 - [STDERR_REDIRECT] 
2026-09-13 18:44:18,602 [ERROR] LogOutputStream:75 - [STDERR_REDIRECT] Sep 13, 2026 6:44:18 PM java.util.prefs.FileSystemPreferences checkLockFile0ErrorCode
2026-09-13 18:44:18,602 [ERROR] LogOutputStream:75 - [STDERR_REDIRECT] WARNING: Could not lock System prefs. Unix error code -37819349.
2026-09-13 18:44:18,602 [ERROR] LogOutputStream:75 - [STDERR_REDIRECT] 
2026-09-13 18:44:18,603 [ERROR] LogOutputStream:75 - [STDERR_REDIRECT] Sep 13, 2026 6:44:18 PM java.util.prefs.FileSystemPreferences syncWorld
2026-09-13 18:44:18,603 [ERROR] LogOutputStream:75 - [STDERR_REDIRECT] WARNING: Couldn't flush system prefs: java.util.prefs.BackingStoreException: Couldn't get file lock.
2026-09-13 18:44:18,603 [ERROR] LogOutputStream:75 - [STDERR_REDIRECT] 
2026-09-13 18:44:48,601 [ERROR] LogOutputStream:75 - [STDERR_REDIRECT] Sep 13, 2026 6:44:48 PM java.util.prefs.FileSystemPreferences checkLockFile0ErrorCode
2026-09-13 18:44:48,602 [ERROR] LogOutputStream:75 - [STDERR_REDIRECT] WARNING: Could not lock System prefs. Unix error code -37819349.
2026-09-13 18:44:48,602 [ERROR] LogOutputStream:75 - [STDERR_REDIRECT] 
2026-09-13 18:44:48,603 [ERROR] LogOutputStream:75 - [STDERR_REDIRECT] Sep 13, 2026 6:44:48 PM java.util.prefs.FileSystemPreferences syncWorld
2026-09-13 18:44:48,603 [ERROR] LogOutputStream:75 - [STDERR_REDIRECT] WARNING: Couldn't flush system prefs: java.util.prefs.BackingStoreException: Couldn't get file lock.
2026-09-13 18:44:48,603 [ERROR] LogOutputStream:75 - [STDERR_REDIRECT] 
2026-09-13 18:45:18,603 [ERROR] LogOutputStream:75 - [STDERR_REDIRECT] Sep 13, 2026 6:45:18 PM java.util.prefs.FileSystemPreferences checkLockFile0ErrorCode
2026-09-13 18:45:18,603 [ERROR] LogOutputStream:75 - [STDERR_REDIRECT] WARNING: Could not lock System prefs. Unix error code -37819349.
2026-09-13 18:45:18,603 [ERROR] LogOutputStream:75 - [STDERR_REDIRECT] 
2026-09-13 18:45:18,605 [ERROR] LogOutputStream:75 - [STDERR_REDIRECT] Sep 13, 2026 6:45:18 PM java.util.prefs.FileSystemPreferences syncWorld
2026-09-13 18:45:18,605 [ERROR] LogOutputStream:75 - [STDERR_REDIRECT] WARNING: Couldn't flush system prefs: java.util.prefs.BackingStoreException: Couldn't get file lock.
2026-09-13 18:45:18,605 [ERROR] LogOutputStream:75 - [STDERR_REDIRECT] 
2026-09-13 18:45:48,603 [ERROR] LogOutputStream:75 - [STDERR_REDIRECT] Sep 13, 2026 6:45:48 PM java.util.prefs.FileSystemPreferences checkLockFile0ErrorCode
2026-09-13 18:45:48,603 [ERROR] LogOutputStream:75 - [STDERR_REDIRECT] WARNING: Could not lock System prefs. Unix error code -37819349.
2026-09-13 18:45:48,604 [ERROR] LogOutputStream:75 - [STDERR_REDIRECT] 
2026-09-13 18:45:48,604 [ERROR] LogOutputStream:75 - [STDERR_REDIRECT] Sep 13, 2026 6:45:48 PM java.util.prefs.FileSystemPreferences syncWorld
2026-09-13 18:45:48,604 [ERROR] LogOutputStream:75 - [STDERR_REDIRECT] WARNING: Couldn't flush system prefs: java.util.prefs.BackingStoreException: Couldn't get file lock.
2026-09-13 18:45:48,604 [ERROR] LogOutputStream:75 - [STDERR_REDIRECT] 
2026-09-13 18:46:18,603 [ERROR] LogOutputStream:75 - [STDERR_REDIRECT] Sep 13, 2026 6:46:18 PM java.util.prefs.FileSystemPreferences checkLockFile0ErrorCode
2026-09-13 18:46:18,603 [ERROR] LogOutputStream:75 - [STDERR_REDIRECT] WARNING: Could not lock System prefs. Unix error code -37819349.
2026-09-13 18:46:18,604 [ERROR] LogOutputStream:75 - [STDERR_REDIRECT] 
2026-09-13 18:46:18,604 [ERROR] LogOutputStream:75 - [STDERR_REDIRECT] Sep 13, 2026 6:46:18 PM java.util.prefs.FileSystemPreferences syncWorld
2026-09-13 18:46:18,604 [ERROR] LogOutputStream:75 - [STDERR_REDIRECT] WARNING: Couldn't flush system prefs: java.util.prefs.BackingStoreException: Couldn't get file lock.
2026-09-13 18:46:18,604 [ERROR] LogOutputStream:75 - [STDERR_REDIRECT] 
2026-09-13 18:46:48,604 [ERROR] LogOutputStream:75 - [STDERR_REDIRECT] Sep 13, 2026 6:46:48 PM java.util.prefs.FileSystemPreferences checkLockFile0ErrorCode
2026-09-13 18:46:48,604 [ERROR] LogOutputStream:75 - [STDERR_REDIRECT] WARNING: Could not lock System prefs. Unix error code -37819349.
2026-09-13 18:46:48,604 [ERROR] LogOutputStream:75 - [STDERR_REDIRECT] 
2026-09-13 18:46:48,605 [ERROR] LogOutputStream:75 - [STDERR_REDIRECT] Sep 13, 2026 6:46:48 PM java.util.prefs.FileSystemPreferences syncWorld
2026-09-13 18:46:48,606 [ERROR] LogOutputStream:75 - [STDERR_REDIRECT] WARNING: Couldn't flush system prefs: java.util.prefs.BackingStoreException: Couldn't get file lock.
2026-09-13 18:46:48,607 [ERROR] LogOutputStream:75 - [STDERR_REDIRECT] 
2026-09-13 18:47:18,605 [ERROR] LogOutputStream:75 - [STDERR_REDIRECT] Sep 13, 2026 6:47:18 PM java.util.prefs.FileSystemPreferences checkLockFile0ErrorCode
2026-09-13 18:47:18,605 [ERROR] LogOutputStream:75 - [STDERR_REDIRECT] WARNING: Could not lock System prefs. Unix error code -37819349.
2026-09-13 18:47:18,606 [ERROR] LogOutputStream:75 - [STDERR_REDIRECT] 
2026-09-13 18:47:18,606 [ERROR] LogOutputStream:75 - [STDERR_REDIRECT] Sep 13, 2026 6:47:18 PM java.util.prefs.FileSystemPreferences syncWorld
2026-09-13 18:47:18,607 [ERROR] LogOutputStream:75 - [STDERR_REDIRECT] WARNING: Couldn't flush system prefs: java.util.prefs.BackingStoreException: Couldn't get file lock.
2026-09-13 18:47:18,607 [ERROR] LogOutputStream:75 - [STDERR_REDIRECT] 
2026-09-13 18:47:48,604 [ERROR] LogOutputStream:75 - [STDERR_REDIRECT] Sep 13, 2026 6:47:48 PM java.util.prefs.FileSystemPreferences checkLockFile0ErrorCode
2026-09-13 18:47:48,605 [ERROR] LogOutputStream:75 - [STDERR_REDIRECT] WARNING: Could not lock System prefs. Unix error code -37819349.
2026-09-13 18:47:48,605 [ERROR] LogOutputStream:75 - [STDERR_REDIRECT] 
2026-09-13 18:47:48,606 [ERROR] LogOutputStream:75 - [STDERR_REDIRECT] Sep 13, 2026 6:47:48 PM java.util.prefs.FileSystemPreferences syncWorld
2026-09-13 18:47:48,606 [ERROR] LogOutputStream:75 - [STDERR_REDIRECT] WARNING: Couldn't flush system prefs: java.util.prefs.BackingStoreException: Couldn't get file lock.
2026-09-13 18:47:48,606 [ERROR] LogOutputStream:75 - [STDERR_REDIRECT] 
2026-09-13 18:48:18,605 [ERROR] LogOutputStream:75 - [STDERR_REDIRECT] Sep 13, 2026 6:48:18 PM java.util.prefs.FileSystemPreferences checkLockFile0ErrorCode
2026-09-13 18:48:18,605 [ERROR] LogOutputStream:75 - [STDERR_REDIRECT] WARNING: Could not lock System prefs. Unix error code -37819349.
2026-09-13 18:48:18,606 [ERROR] LogOutputStream:75 - [STDERR_REDIRECT] 
2026-09-13 18:48:18,606 [ERROR] LogOutputStream:75 - [STDERR_REDIRECT] Sep 13, 2026 6:48:18 PM java.util.prefs.FileSystemPreferences syncWorld
2026-09-13 18:48:18,608 [ERROR] LogOutputStream:75 - [STDERR_REDIRECT] WARNING: Couldn't flush system prefs: java.util.prefs.BackingStoreException: Couldn't get file lock.
2026-09-13 18:48:18,608 [ERROR] LogOutputStream:75 - [STDERR_REDIRECT] 
2026-09-13 18:48:48,605 [ERROR] LogOutputStream:75 - [STDERR_REDIRECT] Sep 13, 2026 6:48:48 PM java.util.prefs.FileSystemPreferences checkLockFile0ErrorCode
2026-09-13 18:48:48,605 [ERROR] LogOutputStream:75 - [STDERR_REDIRECT] WARNING: Could not lock System prefs. Unix error code -37819349.
2026-09-13 18:48:48,606 [ERROR] LogOutputStream:75 - [STDERR_REDIRECT] 
2026-09-13 18:48:48,606 [ERROR] LogOutputStream:75 - [STDERR_REDIRECT] Sep 13, 2026 6:48:48 PM java.util.prefs.FileSystemPreferences syncWorld
2026-09-13 18:48:48,606 [ERROR] LogOutputStream:75 - [STDERR_REDIRECT] WARNING: Couldn't flush system prefs: java.util.prefs.BackingStoreException: Couldn't get file lock.
2026-09-13 18:48:48,607 [ERROR] LogOutputStream:75 - [STDERR_REDIRECT] 
2026-09-13 18:49:18,605 [ERROR] LogOutputStream:75 - [STDERR_REDIRECT] Sep 13, 2026 6:49:18 PM java.util.prefs.FileSystemPreferences checkLockFile0ErrorCode
2026-09-13 18:49:18,605 [ERROR] LogOutputStream:75 - [STDERR_REDIRECT] WARNING: Could not lock System prefs. Unix error code -37819349.
2026-09-13 18:49:18,606 [ERROR] LogOutputStream:75 - [STDERR_REDIRECT] 
2026-09-13 18:49:18,606 [ERROR] LogOutputStream:75 - [STDERR_REDIRECT] Sep 13, 2026 6:49:18 PM java.util.prefs.FileSystemPreferences syncWorld
2026-09-13 18:49:18,606 [ERROR] LogOutputStream:75 - [STDERR_REDIRECT] WARNING: Couldn't flush system prefs: java.util.prefs.BackingStoreException: Couldn't get file lock.
2026-09-13 18:49:18,608 [ERROR] LogOutputStream:75 - [STDERR_REDIRECT] 
2026-09-13 18:49:48,605 [ERROR] LogOutputStream:75 - [STDERR_REDIRECT] Sep 13, 2026 6:49:48 PM java.util.prefs.FileSystemPreferences checkLockFile0ErrorCode
2026-09-13 18:49:48,605 [ERROR] LogOutputStream:75 - [STDERR_REDIRECT] WARNING: Could not lock System prefs. Unix error code -37819349.
2026-09-13 18:49:48,606 [ERROR] LogOutputStream:75 - [STDERR_REDIRECT] 
2026-09-13 18:49:48,606 [ERROR] LogOutputStream:75 - [STDERR_REDIRECT] Sep 13, 2026 6:49:48 PM java.util.prefs.FileSystemPreferences syncWorld
2026-09-13 18:49:48,606 [ERROR] LogOutputStream:75 - [STDERR_REDIRECT] WARNING: Couldn't flush system prefs: java.util.prefs.BackingStoreException: Couldn't get file lock.
2026-09-13 18:49:48,606 [ERROR] LogOutputStream:75 - [STDERR_REDIRECT] 
2026-09-13 18:50:18,604 [ERROR] LogOutputStream:75 - [STDERR_REDIRECT] Sep 13, 2026 6:50:18 PM java.util.prefs.FileSystemPreferences checkLockFile0ErrorCode
2026-09-13 18:50:18,605 [ERROR] LogOutputStream:75 - [STDERR_REDIRECT] WARNING: Could not lock System prefs. Unix error code -37819349.
2026-09-13 18:50:18,605 [ERROR] LogOutputStream:75 - [STDERR_REDIRECT] 
2026-09-13 18:50:18,606 [ERROR] LogOutputStream:75 - [STDERR_REDIRECT] Sep 13, 2026 6:50:18 PM java.util.prefs.FileSystemPreferences syncWorld
2026-09-13 18:50:18,606 [ERROR] LogOutputStream:75 - [STDERR_REDIRECT] WARNING: Couldn't flush system prefs: java.util.prefs.BackingStoreException: Couldn't get file lock.
2026-09-13 18:50:18,606 [ERROR] LogOutputStream:75 - [STDERR_REDIRECT] 
2026-09-13 18:50:48,606 [ERROR] LogOutputStream:75 - [STDERR_REDIRECT] Sep 13, 2026 6:50:48 PM java.util.prefs.FileSystemPreferences checkLockFile0ErrorCode
2026-09-13 18:50:48,606 [ERROR] LogOutputStream:75 - [STDERR_REDIRECT] WARNING: Could not lock System prefs. Unix error code -37819349.
2026-09-13 18:50:48,606 [ERROR] LogOutputStream:75 - [STDERR_REDIRECT] 
2026-09-13 18:50:48,607 [ERROR] LogOutputStream:75 - [STDERR_REDIRECT] Sep 13, 2026 6:50:48 PM java.util.prefs.FileSystemPreferences syncWorld
2026-09-13 18:50:48,607 [ERROR] LogOutputStream:75 - [STDERR_REDIRECT] WARNING: Couldn't flush system prefs: java.util.prefs.BackingStoreException: Couldn't get file lock.
2026-09-13 18:50:48,607 [ERROR] LogOutputStream:75 - [STDERR_REDIRECT] 
2026-09-13 18:51:18,605 [ERROR] LogOutputStream:75 - [STDERR_REDIRECT] Sep 13, 2026 6:51:18 PM java.util.prefs.FileSystemPreferences checkLockFile0ErrorCode
2026-09-13 18:51:18,606 [ERROR] LogOutputStream:75 - [STDERR_REDIRECT] WARNING: Could not lock System prefs. Unix error code -37819349.
2026-09-13 18:51:18,606 [ERROR] LogOutputStream:75 - [STDERR_REDIRECT] 
2026-09-13 18:51:18,607 [ERROR] LogOutputStream:75 - [STDERR_REDIRECT] Sep 13, 2026 6:51:18 PM java.util.prefs.FileSystemPreferences syncWorld
2026-09-13 18:51:18,607 [ERROR] LogOutputStream:75 - [STDERR_REDIRECT] WARNING: Couldn't flush system prefs: java.util.prefs.BackingStoreException: Couldn't get file lock.
2026-09-13 18:51:18,607 [ERROR] LogOutputStream:75 - [STDERR_REDIRECT] 
2026-09-13 18:51:48,606 [ERROR] LogOutputStream:75 - [STDERR_REDIRECT] Sep 13, 2026 6:51:48 PM java.util.prefs.FileSystemPreferences checkLockFile0ErrorCode
2026-09-13 18:51:48,606 [ERROR] LogOutputStream:75 - [STDERR_REDIRECT] WARNING: Could not lock System prefs. Unix error code -37819349.
2026-09-13 18:51:48,606 [ERROR] LogOutputStream:75 - [STDERR_REDIRECT] 
2026-09-13 18:51:48,607 [ERROR] LogOutputStream:75 - [STDERR_REDIRECT] Sep 13, 2026 6:51:48 PM java.util.prefs.FileSystemPreferences syncWorld
2026-09-13 18:51:48,607 [ERROR] LogOutputStream:75 - [STDERR_REDIRECT] WARNING: Couldn't flush system prefs: java.util.prefs.BackingStoreException: Couldn't get file lock.
2026-09-13 18:51:48,607 [ERROR] LogOutputStream:75 - [STDERR_REDIRECT] 
2026-09-13 18:52:18,606 [ERROR] LogOutputStream:75 - [STDERR_REDIRECT] Sep 13, 2026 6:52:18 PM java.util.prefs.FileSystemPreferences checkLockFile0ErrorCode
2026-09-13 18:52:18,606 [ERROR] LogOutputStream:75 - [STDERR_REDIRECT] WARNING: Could not lock System prefs. Unix error code -37819349.
2026-09-13 18:52:18,607 [ERROR] LogOutputStream:75 - [STDERR_REDIRECT] 
2026-09-13 18:52:18,607 [ERROR] LogOutputStream:75 - [STDERR_REDIRECT] Sep 13, 2026 6:52:18 PM java.util.prefs.FileSystemPreferences syncWorld
2026-09-13 18:52:18,608 [ERROR] LogOutputStream:75 - [STDERR_REDIRECT] WARNING: Couldn't flush system prefs: java.util.prefs.BackingStoreException: Couldn't get file lock.
2026-09-13 18:52:18,608 [ERROR] LogOutputStream:75 - [STDERR_REDIRECT] 
2026-09-13 18:52:48,606 [ERROR] LogOutputStream:75 - [STDERR_REDIRECT] Sep 13, 2026 6:52:48 PM java.util.prefs.FileSystemPreferences checkLockFile0ErrorCode
2026-09-13 18:52:48,607 [ERROR] LogOutputStream:75 - [STDERR_REDIRECT] WARNING: Could not lock System prefs. Unix error code -37819349.
2026-09-13 18:52:48,607 [ERROR] LogOutputStream:75 - [STDERR_REDIRECT] 
2026-09-13 18:52:48,607 [ERROR] LogOutputStream:75 - [STDERR_REDIRECT] Sep 13, 2026 6:52:48 PM java.util.prefs.FileSystemPreferences syncWorld
2026-09-13 18:52:48,609 [ERROR] LogOutputStream:75 - [STDERR_REDIRECT] WARNING: Couldn't flush system prefs: java.util.prefs.BackingStoreException: Couldn't get file lock.
2026-09-13 18:52:48,609 [ERROR] LogOutputStream:75 - [STDERR_REDIRECT] 
2026-09-13 18:53:18,606 [ERROR] LogOutputStream:75 - [STDERR_REDIRECT] Sep 13, 2026 6:53:18 PM java.util.prefs.FileSystemPreferences checkLockFile0ErrorCode
2026-09-13 18:53:18,607 [ERROR] LogOutputStream:75 - [STDERR_REDIRECT] WARNING: Could not lock System prefs. Unix error code -37819349.
2026-09-13 18:53:18,607 [ERROR] LogOutputStream:75 - [STDERR_REDIRECT] 
2026-09-13 18:53:18,607 [ERROR] LogOutputStream:75 - [STDERR_REDIRECT] Sep 13, 2026 6:53:18 PM java.util.prefs.FileSystemPreferences syncWorld
2026-09-13 18:53:18,608 [ERROR] LogOutputStream:75 - [STDERR_REDIRECT] WARNING: Couldn't flush system prefs: java.util.prefs.BackingStoreException: Couldn't get file lock.
2026-09-13 18:53:18,608 [ERROR] LogOutputStream:75 - [STDERR_REDIRECT] 
2026-09-13 18:53:48,606 [ERROR] LogOutputStream:75 - [STDERR_REDIRECT] Sep 13, 2026 6:53:48 PM java.util.prefs.FileSystemPreferences checkLockFile0ErrorCode
2026-09-13 18:53:48,606 [ERROR] LogOutputStream:75 - [STDERR_REDIRECT] WARNING: Could not lock System prefs. Unix error code -37819349.
2026-09-13 18:53:48,607 [ERROR] LogOutputStream:75 - [STDERR_REDIRECT] 
2026-09-13 18:53:48,607 [ERROR] LogOutputStream:75 - [STDERR_REDIRECT] Sep 13, 2026 6:53:48 PM java.util.prefs.FileSystemPreferences syncWorld
2026-09-13 18:53:48,607 [ERROR] LogOutputStream:75 - [STDERR_REDIRECT] WARNING: Couldn't flush system prefs: java.util.prefs.BackingStoreException: Couldn't get file lock.
2026-09-13 18:53:48,607 [ERROR] LogOutputStream:75 - [STDERR_REDIRECT] 
2026-09-13 18:54:18,607 [ERROR] LogOutputStream:75 - [STDERR_REDIRECT] Sep 13, 2026 6:54:18 PM java.util.prefs.FileSystemPreferences checkLockFile0ErrorCode
2026-09-13 18:54:18,607 [ERROR] LogOutputStream:75 - [STDERR_REDIRECT] WARNING: Could not lock System prefs. Unix error code -37819349.
2026-09-13 18:54:18,607 [ERROR] LogOutputStream:75 - [STDERR_REDIRECT] 
2026-09-13 18:54:18,608 [ERROR] LogOutputStream:75 - [STDERR_REDIRECT] Sep 13, 2026 6:54:18 PM java.util.prefs.FileSystemPreferences syncWorld
2026-09-13 18:54:18,608 [ERROR] LogOutputStream:75 - [STDERR_REDIRECT] WARNING: Couldn't flush system prefs: java.util.prefs.BackingStoreException: Couldn't get file lock.
2026-09-13 18:54:18,608 [ERROR] LogOutputStream:75 - [STDERR_REDIRECT] 
2026-09-13 18:54:48,607 [ERROR] LogOutputStream:75 - [STDERR_REDIRECT] Sep 13, 2026 6:54:48 PM java.util.prefs.FileSystemPreferences checkLockFile0ErrorCode
2026-09-13 18:54:48,608 [ERROR] LogOutputStream:75 - [STDERR_REDIRECT] WARNING: Could not lock System prefs. Unix error code -37819349.
2026-09-13 18:54:48,608 [ERROR] LogOutputStream:75 - [STDERR_REDIRECT] 
2026-09-13 18:54:48,608 [ERROR] LogOutputStream:75 - [STDERR_REDIRECT] Sep 13, 2026 6:54:48 PM java.util.prefs.FileSystemPreferences syncWorld
2026-09-13 18:54:48,609 [ERROR] LogOutputStream:75 - [STDERR_REDIRECT] WARNING: Couldn't flush system prefs: java.util.prefs.BackingStoreException: Couldn't get file lock.
2026-09-13 18:54:48,609 [ERROR] LogOutputStream:75 - [STDERR_REDIRECT] 
2026-09-13 18:55:18,607 [ERROR] LogOutputStream:75 - [STDERR_REDIRECT] Sep 13, 2026 6:55:18 PM java.util.prefs.FileSystemPreferences checkLockFile0ErrorCode
2026-09-13 18:55:18,607 [ERROR] LogOutputStream:75 - [STDERR_REDIRECT] WARNING: Could not lock System prefs. Unix error code -37819349.
2026-09-13 18:55:18,607 [ERROR] LogOutputStream:75 - [STDERR_REDIRECT] 
2026-09-13 18:55:18,608 [ERROR] LogOutputStream:75 - [STDERR_REDIRECT] Sep 13, 2026 6:55:18 PM java.util.prefs.FileSystemPreferences syncWorld
2026-09-13 18:55:18,608 [ERROR] LogOutputStream:75 - [STDERR_REDIRECT] WARNING: Couldn't flush system prefs: java.util.prefs.BackingStoreException: Couldn't get file lock.
2026-09-13 18:55:18,608 [ERROR] LogOutputStream:75 - [STDERR_REDIRECT] 
2026-09-13 18:55:48,607 [ERROR] LogOutputStream:75 - [STDERR_REDIRECT] Sep 13, 2026 6:55:48 PM java.util.prefs.FileSystemPreferences checkLockFile0ErrorCode
2026-09-13 18:55:48,607 [ERROR] LogOutputStream:75 - [STDERR_REDIRECT] WARNING: Could not lock System prefs. Unix error code -37819349.
2026-09-13 18:55:48,607 [ERROR] LogOutputStream:75 - [STDERR_REDIRECT] 
2026-09-13 18:55:48,608 [ERROR] LogOutputStream:75 - [STDERR_REDIRECT] Sep 13, 2026 6:55:48 PM java.util.prefs.FileSystemPreferences syncWorld
2026-09-13 18:55:48,608 [ERROR] LogOutputStream:75 - [STDERR_REDIRECT] WARNING: Couldn't flush system prefs: java.util.prefs.BackingStoreException: Couldn't get file lock.
2026-09-13 18:55:48,608 [ERROR] LogOutputStream:75 - [STDERR_REDIRECT] 
2026-09-13 18:56:18,607 [ERROR] LogOutputStream:75 - [STDERR_REDIRECT] Sep 13, 2026 6:56:18 PM java.util.prefs.FileSystemPreferences checkLockFile0ErrorCode
2026-09-13 18:56:18,608 [ERROR] LogOutputStream:75 - [STDERR_REDIRECT] WARNING: Could not lock System prefs. Unix error code -37819349.
2026-09-13 18:56:18,608 [ERROR] LogOutputStream:75 - [STDERR_REDIRECT] 
2026-09-13 18:56:18,608 [ERROR] LogOutputStream:75 - [STDERR_REDIRECT] Sep 13, 2026 6:56:18 PM java.util.prefs.FileSystemPreferences syncWorld
2026-09-13 18:56:18,609 [ERROR] LogOutputStream:75 - [STDERR_REDIRECT] WARNING: Couldn't flush system prefs: java.util.prefs.BackingStoreException: Couldn't get file lock.
2026-09-13 18:56:18,609 [ERROR] LogOutputStream:75 - [STDERR_REDIRECT] 
2026-09-13 18:56:48,607 [ERROR] LogOutputStream:75 - [STDERR_REDIRECT] Sep 13, 2026 6:56:48 PM java.util.prefs.FileSystemPreferences checkLockFile0ErrorCode
2026-09-13 18:56:48,607 [ERROR] LogOutputStream:75 - [STDERR_REDIRECT] WARNING: Could not lock System prefs. Unix error code -37819349.
2026-09-13 18:56:48,607 [ERROR] LogOutputStream:75 - [STDERR_REDIRECT] 
2026-09-13 18:56:48,608 [ERROR] LogOutputStream:75 - [STDERR_REDIRECT] Sep 13, 2026 6:56:48 PM java.util.prefs.FileSystemPreferences syncWorld
2026-09-13 18:56:48,608 [ERROR] LogOutputStream:75 - [STDERR_REDIRECT] WARNING: Couldn't flush system prefs: java.util.prefs.BackingStoreException: Couldn't get file lock.
2026-09-13 18:56:48,608 [ERROR] LogOutputStream:75 - [STDERR_REDIRECT] 
2026-09-13 18:57:18,608 [ERROR] LogOutputStream:75 - [STDERR_REDIRECT] Sep 13, 2026 6:57:18 PM java.util.prefs.FileSystemPreferences checkLockFile0ErrorCode
2026-09-13 18:57:18,608 [ERROR] LogOutputStream:75 - [STDERR_REDIRECT] WARNING: Could not lock System prefs. Unix error code -37819349.
2026-09-13 18:57:18,609 [ERROR] LogOutputStream:75 - [STDERR_REDIRECT] 
2026-09-13 18:57:18,609 [ERROR] LogOutputStream:75 - [STDERR_REDIRECT] Sep 13, 2026 6:57:18 PM java.util.prefs.FileSystemPreferences syncWorld
2026-09-13 18:57:18,609 [ERROR] LogOutputStream:75 - [STDERR_REDIRECT] WARNING: Couldn't flush system prefs: java.util.prefs.BackingStoreException: Couldn't get file lock.
2026-09-13 18:57:18,609 [ERROR] LogOutputStream:75 - [STDERR_REDIRECT] 
2026-09-13 18:57:48,609 [ERROR] LogOutputStream:75 - [STDERR_REDIRECT] Sep 13, 2026 6:57:48 PM java.util.prefs.FileSystemPreferences checkLockFile0ErrorCode
2026-09-13 18:57:48,609 [ERROR] LogOutputStream:75 - [STDERR_REDIRECT] WARNING: Could not lock System prefs. Unix error code -37819349.
2026-09-13 18:57:48,610 [ERROR] LogOutputStream:75 - [STDERR_REDIRECT] 
2026-09-13 18:57:48,611 [ERROR] LogOutputStream:75 - [STDERR_REDIRECT] Sep 13, 2026 6:57:48 PM java.util.prefs.FileSystemPreferences syncWorld
2026-09-13 18:57:48,611 [ERROR] LogOutputStream:75 - [STDERR_REDIRECT] WARNING: Couldn't flush system prefs: java.util.prefs.BackingStoreException: Couldn't get file lock.
2026-09-13 18:57:48,611 [ERROR] LogOutputStream:75 - [STDERR_REDIRECT] 
2026-09-13 18:58:18,610 [ERROR] LogOutputStream:75 - [STDERR_REDIRECT] Sep 13, 2026 6:58:18 PM java.util.prefs.FileSystemPreferences checkLockFile0ErrorCode
2026-09-13 18:58:18,610 [ERROR] LogOutputStream:75 - [STDERR_REDIRECT] WARNING: Could not lock System prefs. Unix error code -37819349.
2026-09-13 18:58:18,610 [ERROR] LogOutputStream:75 - [STDERR_REDIRECT] 
2026-09-13 18:58:18,611 [ERROR] LogOutputStream:75 - [STDERR_REDIRECT] Sep 13, 2026 6:58:18 PM java.util.prefs.FileSystemPreferences syncWorld
2026-09-13 18:58:18,611 [ERROR] LogOutputStream:75 - [STDERR_REDIRECT] WARNING: Couldn't flush system prefs: java.util.prefs.BackingStoreException: Couldn't get file lock.
2026-09-13 18:58:18,611 [ERROR] LogOutputStream:75 - [STDERR_REDIRECT] 
2026-09-13 18:58:48,610 [ERROR] LogOutputStream:75 - [STDERR_REDIRECT] Sep 13, 2026 6:58:48 PM java.util.prefs.FileSystemPreferences checkLockFile0ErrorCode
2026-09-13 18:58:48,610 [ERROR] LogOutputStream:75 - [STDERR_REDIRECT] WARNING: Could not lock System prefs. Unix error code -37819349.
2026-09-13 18:58:48,611 [ERROR] LogOutputStream:75 - [STDERR_REDIRECT] 
2026-09-13 18:58:48,611 [ERROR] LogOutputStream:75 - [STDERR_REDIRECT] Sep 13, 2026 6:58:48 PM java.util.prefs.FileSystemPreferences syncWorld
2026-09-13 18:58:48,612 [ERROR] LogOutputStream:75 - [STDERR_REDIRECT] WARNING: Couldn't flush system prefs: java.util.prefs.BackingStoreException: Couldn't get file lock.
2026-09-13 18:58:48,612 [ERROR] LogOutputStream:75 - [STDERR_REDIRECT] 
2026-09-13 18:59:18,610 [ERROR] LogOutputStream:75 - [STDERR_REDIRECT] Sep 13, 2026 6:59:18 PM java.util.prefs.FileSystemPreferences checkLockFile0ErrorCode
2026-09-13 18:59:18,611 [ERROR] LogOutputStream:75 - [STDERR_REDIRECT] WARNING: Could not lock System prefs. Unix error code -37819349.
2026-09-13 18:59:18,611 [ERROR] LogOutputStream:75 - [STDERR_REDIRECT] 
2026-09-13 18:59:18,612 [ERROR] LogOutputStream:75 - [STDERR_REDIRECT] Sep 13, 2026 6:59:18 PM java.util.prefs.FileSystemPreferences syncWorld
2026-09-13 18:59:18,612 [ERROR] LogOutputStream:75 - [STDERR_REDIRECT] WARNING: Couldn't flush system prefs: java.util.prefs.BackingStoreException: Couldn't get file lock.
2026-09-13 18:59:18,612 [ERROR] LogOutputStream:75 - [STDERR_REDIRECT] 
2026-09-13 18:59:48,611 [ERROR] LogOutputStream:75 - [STDERR_REDIRECT] Sep 13, 2026 6:59:48 PM java.util.prefs.FileSystemPreferences checkLockFile0ErrorCode
2026-09-13 18:59:48,612 [ERROR] LogOutputStream:75 - [STDERR_REDIRECT] WARNING: Could not lock System prefs. Unix error code -37819349.
2026-09-13 18:59:48,612 [ERROR] LogOutputStream:75 - [STDERR_REDIRECT] 
2026-09-13 18:59:48,613 [ERROR] LogOutputStream:75 - [STDERR_REDIRECT] Sep 13, 2026 6:59:48 PM java.util.prefs.FileSystemPreferences syncWorld
2026-09-13 18:59:48,613 [ERROR] LogOutputStream:75 - [STDERR_REDIRECT] WARNING: Couldn't flush system prefs: java.util.prefs.BackingStoreException: Couldn't get file lock.
2026-09-13 18:59:48,613 [ERROR] LogOutputStream:75 - [STDERR_REDIRECT] 
2026-09-13 19:00:18,610 [ERROR] LogOutputStream:75 - [STDERR_REDIRECT] Sep 13, 2026 7:00:18 PM java.util.prefs.FileSystemPreferences checkLockFile0ErrorCode
2026-09-13 19:00:18,611 [ERROR] LogOutputStream:75 - [STDERR_REDIRECT] WARNING: Could not lock System prefs. Unix error code 31548.
2026-09-13 19:00:18,612 [ERROR] LogOutputStream:75 - [STDERR_REDIRECT] 
2026-09-13 19:00:18,612 [ERROR] LogOutputStream:75 - [STDERR_REDIRECT] Sep 13, 2026 7:00:18 PM java.util.prefs.FileSystemPreferences syncWorld
2026-09-13 19:00:18,612 [ERROR] LogOutputStream:75 - [STDERR_REDIRECT] WARNING: Couldn't flush system prefs: java.util.prefs.BackingStoreException: Couldn't get file lock.
2026-09-13 19:00:18,613 [ERROR] LogOutputStream:75 - [STDERR_REDIRECT] 
2026-09-13 19:00:48,610 [ERROR] LogOutputStream:75 - [STDERR_REDIRECT] Sep 13, 2026 7:00:48 PM java.util.prefs.FileSystemPreferences checkLockFile0ErrorCode
2026-09-13 19:00:48,610 [ERROR] LogOutputStream:75 - [STDERR_REDIRECT] WARNING: Could not lock System prefs. Unix error code 5.
2026-09-13 19:00:48,610 [ERROR] LogOutputStream:75 - [STDERR_REDIRECT] 
2026-09-13 19:00:48,610 [ERROR] LogOutputStream:75 - [STDERR_REDIRECT] Sep 13, 2026 7:00:48 PM java.util.prefs.FileSystemPreferences syncWorld
2026-09-13 19:00:48,612 [ERROR] LogOutputStream:75 - [STDERR_REDIRECT] WARNING: Couldn't flush system prefs: java.util.prefs.BackingStoreException: Couldn't get file lock.
2026-09-13 19:00:48,612 [ERROR] LogOutputStream:75 - [STDERR_REDIRECT] 
2026-09-13 19:01:18,610 [ERROR] LogOutputStream:75 - [STDERR_REDIRECT] Sep 13, 2026 7:01:18 PM java.util.prefs.FileSystemPreferences checkLockFile0ErrorCode
2026-09-13 19:01:18,610 [ERROR] LogOutputStream:75 - [STDERR_REDIRECT] WARNING: Could not lock System prefs. Unix error code 5.
2026-09-13 19:01:18,611 [ERROR] LogOutputStream:75 - [STDERR_REDIRECT] 
2026-09-13 19:01:18,611 [ERROR] LogOutputStream:75 - [STDERR_REDIRECT] Sep 13, 2026 7:01:18 PM java.util.prefs.FileSystemPreferences syncWorld
2026-09-13 19:01:18,611 [ERROR] LogOutputStream:75 - [STDERR_REDIRECT] WARNING: Couldn't flush system prefs: java.util.prefs.BackingStoreException: Couldn't get file lock.
2026-09-13 19:01:18,611 [ERROR] LogOutputStream:75 - [STDERR_REDIRECT] 
2026-09-13 19:01:48,609 [ERROR] LogOutputStream:75 - [STDERR_REDIRECT] Sep 13, 2026 7:01:48 PM java.util.prefs.FileSystemPreferences checkLockFile0ErrorCode
2026-09-13 19:01:48,610 [ERROR] LogOutputStream:75 - [STDERR_REDIRECT] WARNING: Could not lock System prefs. Unix error code 5.
2026-09-13 19:01:48,610 [ERROR] LogOutputStream:75 - [STDERR_REDIRECT] 
2026-09-13 19:01:48,612 [ERROR] LogOutputStream:75 - [STDERR_REDIRECT] Sep 13, 2026 7:01:48 PM java.util.prefs.FileSystemPreferences syncWorld
2026-09-13 19:01:48,612 [ERROR] LogOutputStream:75 - [STDERR_REDIRECT] WARNING: Couldn't flush system prefs: java.util.prefs.BackingStoreException: Couldn't get file lock.
2026-09-13 19:01:48,612 [ERROR] LogOutputStream:75 - [STDERR_REDIRECT] 
2026-09-13 19:02:18,610 [ERROR] LogOutputStream:75 - [STDERR_REDIRECT] Sep 13, 2026 7:02:18 PM java.util.prefs.FileSystemPreferences checkLockFile0ErrorCode
2026-09-13 19:02:18,611 [ERROR] LogOutputStream:75 - [STDERR_REDIRECT] WARNING: Could not lock System prefs. Unix error code 5.
2026-09-13 19:02:18,611 [ERROR] LogOutputStream:75 - [STDERR_REDIRECT] 
2026-09-13 19:02:18,612 [ERROR] LogOutputStream:75 - [STDERR_REDIRECT] Sep 13, 2026 7:02:18 PM java.util.prefs.FileSystemPreferences syncWorld
2026-09-13 19:02:18,612 [ERROR] LogOutputStream:75 - [STDERR_REDIRECT] WARNING: Couldn't flush system prefs: java.util.prefs.BackingStoreException: Couldn't get file lock.
2026-09-13 19:02:18,612 [ERROR] LogOutputStream:75 - [STDERR_REDIRECT] 
2026-09-13 19:02:48,611 [ERROR] LogOutputStream:75 - [STDERR_REDIRECT] Sep 13, 2026 7:02:48 PM java.util.prefs.FileSystemPreferences checkLockFile0ErrorCode
2026-09-13 19:02:48,611 [ERROR] LogOutputStream:75 - [STDERR_REDIRECT] WARNING: Could not lock System prefs. Unix error code 5.
2026-09-13 19:02:48,611 [ERROR] LogOutputStream:75 - [STDERR_REDIRECT] 
2026-09-13 19:02:48,612 [ERROR] LogOutputStream:75 - [STDERR_REDIRECT] Sep 13, 2026 7:02:48 PM java.util.prefs.FileSystemPreferences syncWorld
2026-09-13 19:02:48,612 [ERROR] LogOutputStream:75 - [STDERR_REDIRECT] WARNING: Couldn't flush system prefs: java.util.prefs.BackingStoreException: Couldn't get file lock.
2026-09-13 19:02:48,612 [ERROR] LogOutputStream:75 - [STDERR_REDIRECT] 
2026-09-13 19:03:18,611 [ERROR] LogOutputStream:75 - [STDERR_REDIRECT] Sep 13, 2026 7:03:18 PM java.util.prefs.FileSystemPreferences checkLockFile0ErrorCode
2026-09-13 19:03:18,611 [ERROR] LogOutputStream:75 - [STDERR_REDIRECT] WARNING: Could not lock System prefs. Unix error code 5.
2026-09-13 19:03:18,612 [ERROR] LogOutputStream:75 - [STDERR_REDIRECT] 
2026-09-13 19:03:18,612 [ERROR] LogOutputStream:75 - [STDERR_REDIRECT] Sep 13, 2026 7:03:18 PM java.util.prefs.FileSystemPreferences syncWorld
2026-09-13 19:03:18,613 [ERROR] LogOutputStream:75 - [STDERR_REDIRECT] WARNING: Couldn't flush system prefs: java.util.prefs.BackingStoreException: Couldn't get file lock.
2026-09-13 19:03:18,613 [ERROR] LogOutputStream:75 - [STDERR_REDIRECT] 
2026-09-13 19:03:48,611 [ERROR] LogOutputStream:75 - [STDERR_REDIRECT] Sep 13, 2026 7:03:48 PM java.util.prefs.FileSystemPreferences checkLockFile0ErrorCode
2026-09-13 19:03:48,611 [ERROR] LogOutputStream:75 - [STDERR_REDIRECT] WARNING: Could not lock System prefs. Unix error code 5.
2026-09-13 19:03:48,611 [ERROR] LogOutputStream:75 - [STDERR_REDIRECT] 
2026-09-13 19:03:48,612 [ERROR] LogOutputStream:75 - [STDERR_REDIRECT] Sep 13, 2026 7:03:48 PM java.util.prefs.FileSystemPreferences syncWorld
2026-09-13 19:03:48,612 [ERROR] LogOutputStream:75 - [STDERR_REDIRECT] WARNING: Couldn't flush system prefs: java.util.prefs.BackingStoreException: Couldn't get file lock.
2026-09-13 19:03:48,612 [ERROR] LogOutputStream:75 - [STDERR_REDIRECT] 
2026-09-13 19:04:18,611 [ERROR] LogOutputStream:75 - [STDERR_REDIRECT] Sep 13, 2026 7:04:18 PM java.util.prefs.FileSystemPreferences checkLockFile0ErrorCode
2026-09-13 19:04:18,612 [ERROR] LogOutputStream:75 - [STDERR_REDIRECT] WARNING: Could not lock System prefs. Unix error code 5.
2026-09-13 19:04:18,612 [ERROR] LogOutputStream:75 - [STDERR_REDIRECT] 
2026-09-13 19:04:18,612 [ERROR] LogOutputStream:75 - [STDERR_REDIRECT] Sep 13, 2026 7:04:18 PM java.util.prefs.FileSystemPreferences syncWorld
2026-09-13 19:04:18,614 [ERROR] LogOutputStream:75 - [STDERR_REDIRECT] WARNING: Couldn't flush system prefs: java.util.prefs.BackingStoreException: Couldn't get file lock.
2026-09-13 19:04:18,614 [ERROR] LogOutputStream:75 - [STDERR_REDIRECT] 
2026-09-13 19:04:48,611 [ERROR] LogOutputStream:75 - [STDERR_REDIRECT] Sep 13, 2026 7:04:48 PM java.util.prefs.FileSystemPreferences checkLockFile0ErrorCode
2026-09-13 19:04:48,612 [ERROR] LogOutputStream:75 - [STDERR_REDIRECT] WARNING: Could not lock System prefs. Unix error code 5.
2026-09-13 19:04:48,612 [ERROR] LogOutputStream:75 - [STDERR_REDIRECT] 
2026-09-13 19:04:48,613 [ERROR] LogOutputStream:75 - [STDERR_REDIRECT] Sep 13, 2026 7:04:48 PM java.util.prefs.FileSystemPreferences syncWorld
2026-09-13 19:04:48,613 [ERROR] LogOutputStream:75 - [STDERR_REDIRECT] WARNING: Couldn't flush system prefs: java.util.prefs.BackingStoreException: Couldn't get file lock.
2026-09-13 19:04:48,613 [ERROR] LogOutputStream:75 - [STDERR_REDIRECT] 
2026-09-13 19:05:18,611 [ERROR] LogOutputStream:75 - [STDERR_REDIRECT] Sep 13, 2026 7:05:18 PM java.util.prefs.FileSystemPreferences checkLockFile0ErrorCode
2026-09-13 19:05:18,612 [ERROR] LogOutputStream:75 - [STDERR_REDIRECT] WARNING: Could not lock System prefs. Unix error code 5.
2026-09-13 19:05:18,612 [ERROR] LogOutputStream:75 - [STDERR_REDIRECT] 
2026-09-13 19:05:18,612 [ERROR] LogOutputStream:75 - [STDERR_REDIRECT] Sep 13, 2026 7:05:18 PM java.util.prefs.FileSystemPreferences syncWorld
2026-09-13 19:05:18,612 [ERROR] LogOutputStream:75 - [STDERR_REDIRECT] WARNING: Couldn't flush system prefs: java.util.prefs.BackingStoreException: Couldn't get file lock.
2026-09-13 19:05:18,612 [ERROR] LogOutputStream:75 - [STDERR_REDIRECT] 
2026-09-13 19:05:48,611 [ERROR] LogOutputStream:75 - [STDERR_REDIRECT] Sep 13, 2026 7:05:48 PM java.util.prefs.FileSystemPreferences checkLockFile0ErrorCode
2026-09-13 19:05:48,611 [ERROR] LogOutputStream:75 - [STDERR_REDIRECT] WARNING: Could not lock System prefs. Unix error code 5.
2026-09-13 19:05:48,611 [ERROR] LogOutputStream:75 - [STDERR_REDIRECT] 
2026-09-13 19:05:48,612 [ERROR] LogOutputStream:75 - [STDERR_REDIRECT] Sep 13, 2026 7:05:48 PM java.util.prefs.FileSystemPreferences syncWorld
2026-09-13 19:05:48,612 [ERROR] LogOutputStream:75 - [STDERR_REDIRECT] WARNING: Couldn't flush system prefs: java.util.prefs.BackingStoreException: Couldn't get file lock.
2026-09-13 19:05:48,612 [ERROR] LogOutputStream:75 - [STDERR_REDIRECT] 
2026-09-13 19:06:18,611 [ERROR] LogOutputStream:75 - [STDERR_REDIRECT] Sep 13, 2026 7:06:18 PM java.util.prefs.FileSystemPreferences checkLockFile0ErrorCode
2026-09-13 19:06:18,612 [ERROR] LogOutputStream:75 - [STDERR_REDIRECT] WARNING: Could not lock System prefs. Unix error code 5.
2026-09-13 19:06:18,612 [ERROR] LogOutputStream:75 - [STDERR_REDIRECT] 
2026-09-13 19:06:18,612 [ERROR] LogOutputStream:75 - [STDERR_REDIRECT] Sep 13, 2026 7:06:18 PM java.util.prefs.FileSystemPreferences syncWorld
2026-09-13 19:06:18,613 [ERROR] LogOutputStream:75 - [STDERR_REDIRECT] WARNING: Couldn't flush system prefs: java.util.prefs.BackingStoreException: Couldn't get file lock.
2026-09-13 19:06:18,613 [ERROR] LogOutputStream:75 - [STDERR_REDIRECT] 
2026-09-13 19:06:48,611 [ERROR] LogOutputStream:75 - [STDERR_REDIRECT] Sep 13, 2026 7:06:48 PM java.util.prefs.FileSystemPreferences checkLockFile0ErrorCode
2026-09-13 19:06:48,611 [ERROR] LogOutputStream:75 - [STDERR_REDIRECT] WARNING: Could not lock System prefs. Unix error code 5.
2026-09-13 19:06:48,611 [ERROR] LogOutputStream:75 - [STDERR_REDIRECT] 
2026-09-13 19:06:48,612 [ERROR] LogOutputStream:75 - [STDERR_REDIRECT] Sep 13, 2026 7:06:48 PM java.util.prefs.FileSystemPreferences syncWorld
2026-09-13 19:06:48,613 [ERROR] LogOutputStream:75 - [STDERR_REDIRECT] WARNING: Couldn't flush system prefs: java.util.prefs.BackingStoreException: Couldn't get file lock.
2026-09-13 19:06:48,614 [ERROR] LogOutputStream:75 - [STDERR_REDIRECT] 
2026-09-13 19:07:18,611 [ERROR] LogOutputStream:75 - [STDERR_REDIRECT] Sep 13, 2026 7:07:18 PM java.util.prefs.FileSystemPreferences checkLockFile0ErrorCode
2026-09-13 19:07:18,611 [ERROR] LogOutputStream:75 - [STDERR_REDIRECT] WARNING: Could not lock System prefs. Unix error code 5.
2026-09-13 19:07:18,611 [ERROR] LogOutputStream:75 - [STDERR_REDIRECT] 
2026-09-13 19:07:18,612 [ERROR] LogOutputStream:75 - [STDERR_REDIRECT] Sep 13, 2026 7:07:18 PM java.util.prefs.FileSystemPreferences syncWorld
2026-09-13 19:07:18,612 [ERROR] LogOutputStream:75 - [STDERR_REDIRECT] WARNING: Couldn't flush system prefs: java.util.prefs.BackingStoreException: Couldn't get file lock.
2026-09-13 19:07:18,612 [ERROR] LogOutputStream:75 - [STDERR_REDIRECT] 
2026-09-13 19:07:48,611 [ERROR] LogOutputStream:75 - [STDERR_REDIRECT] Sep 13, 2026 7:07:48 PM java.util.prefs.FileSystemPreferences checkLockFile0ErrorCode
2026-09-13 19:07:48,611 [ERROR] LogOutputStream:75 - [STDERR_REDIRECT] WARNING: Could not lock System prefs. Unix error code 5.
2026-09-13 19:07:48,612 [ERROR] LogOutputStream:75 - [STDERR_REDIRECT] 
2026-09-13 19:07:48,612 [ERROR] LogOutputStream:75 - [STDERR_REDIRECT] Sep 13, 2026 7:07:48 PM java.util.prefs.FileSystemPreferences syncWorld
2026-09-13 19:07:48,612 [ERROR] LogOutputStream:75 - [STDERR_REDIRECT] WARNING: Couldn't flush system prefs: java.util.prefs.BackingStoreException: Couldn't get file lock.
2026-09-13 19:07:48,612 [ERROR] LogOutputStream:75 - [STDERR_REDIRECT] 
2026-09-13 19:08:18,611 [ERROR] LogOutputStream:75 - [STDERR_REDIRECT] Sep 13, 2026 7:08:18 PM java.util.prefs.FileSystemPreferences checkLockFile0ErrorCode
2026-09-13 19:08:18,612 [ERROR] LogOutputStream:75 - [STDERR_REDIRECT] WARNING: Could not lock System prefs. Unix error code 5.
2026-09-13 19:08:18,612 [ERROR] LogOutputStream:75 - [STDERR_REDIRECT] 
2026-09-13 19:08:18,612 [ERROR] LogOutputStream:75 - [STDERR_REDIRECT] Sep 13, 2026 7:08:18 PM java.util.prefs.FileSystemPreferences syncWorld
2026-09-13 19:08:18,613 [ERROR] LogOutputStream:75 - [STDERR_REDIRECT] WARNING: Couldn't flush system prefs: java.util.prefs.BackingStoreException: Couldn't get file lock.
2026-09-13 19:08:18,613 [ERROR] LogOutputStream:75 - [STDERR_REDIRECT] 
2026-09-13 19:08:48,612 [ERROR] LogOutputStream:75 - [STDERR_REDIRECT] Sep 13, 2026 7:08:48 PM java.util.prefs.FileSystemPreferences checkLockFile0ErrorCode
2026-09-13 19:08:48,612 [ERROR] LogOutputStream:75 - [STDERR_REDIRECT] WARNING: Could not lock System prefs. Unix error code 5.
2026-09-13 19:08:48,612 [ERROR] LogOutputStream:75 - [STDERR_REDIRECT] 
2026-09-13 19:08:48,613 [ERROR] LogOutputStream:75 - [STDERR_REDIRECT] Sep 13, 2026 7:08:48 PM java.util.prefs.FileSystemPreferences syncWorld
2026-09-13 19:08:48,614 [ERROR] LogOutputStream:75 - [STDERR_REDIRECT] WARNING: Couldn't flush system prefs: java.util.prefs.BackingStoreException: Couldn't get file lock.
2026-09-13 19:08:48,614 [ERROR] LogOutputStream:75 - [STDERR_REDIRECT] 
2026-09-13 19:09:18,612 [ERROR] LogOutputStream:75 - [STDERR_REDIRECT] Sep 13, 2026 7:09:18 PM java.util.prefs.FileSystemPreferences checkLockFile0ErrorCode
2026-09-13 19:09:18,612 [ERROR] LogOutputStream:75 - [STDERR_REDIRECT] WARNING: Could not lock System prefs. Unix error code 5.
2026-09-13 19:09:18,613 [ERROR] LogOutputStream:75 - [STDERR_REDIRECT] 
2026-09-13 19:09:18,613 [ERROR] LogOutputStream:75 - [STDERR_REDIRECT] Sep 13, 2026 7:09:18 PM java.util.prefs.FileSystemPreferences syncWorld
2026-09-13 19:09:18,613 [ERROR] LogOutputStream:75 - [STDERR_REDIRECT] WARNING: Couldn't flush system prefs: java.util.prefs.BackingStoreException: Couldn't get file lock.
2026-09-13 19:09:18,613 [ERROR] LogOutputStream:75 - [STDERR_REDIRECT] 
2026-09-13 19:09:48,613 [ERROR] LogOutputStream:75 - [STDERR_REDIRECT] Sep 13, 2026 7:09:48 PM java.util.prefs.FileSystemPreferences checkLockFile0ErrorCode
2026-09-13 19:09:48,613 [ERROR] LogOutputStream:75 - [STDERR_REDIRECT] WARNING: Could not lock System prefs. Unix error code 5.
2026-09-13 19:09:48,613 [ERROR] LogOutputStream:75 - [STDERR_REDIRECT] 
2026-09-13 19:09:48,614 [ERROR] LogOutputStream:75 - [STDERR_REDIRECT] Sep 13, 2026 7:09:48 PM java.util.prefs.FileSystemPreferences syncWorld
2026-09-13 19:09:48,614 [ERROR] LogOutputStream:75 - [STDERR_REDIRECT] WARNING: Couldn't flush system prefs: java.util.prefs.BackingStoreException: Couldn't get file lock.
2026-09-13 19:09:48,614 [ERROR] LogOutputStream:75 - [STDERR_REDIRECT] 
2026-09-13 19:10:18,613 [ERROR] LogOutputStream:75 - [STDERR_REDIRECT] Sep 13, 2026 7:10:18 PM java.util.prefs.FileSystemPreferences checkLockFile0ErrorCode
2026-09-13 19:10:18,614 [ERROR] LogOutputStream:75 - [STDERR_REDIRECT] WARNING: Could not lock System prefs. Unix error code 5.
2026-09-13 19:10:18,614 [ERROR] LogOutputStream:75 - [STDERR_REDIRECT] 
2026-09-13 19:10:18,614 [ERROR] LogOutputStream:75 - [STDERR_REDIRECT] Sep 13, 2026 7:10:18 PM java.util.prefs.FileSystemPreferences syncWorld
2026-09-13 19:10:18,617 [ERROR] LogOutputStream:75 - [STDERR_REDIRECT] WARNING: Couldn't flush system prefs: java.util.prefs.BackingStoreException: Couldn't get file lock.
2026-09-13 19:10:18,617 [ERROR] LogOutputStream:75 - [STDERR_REDIRECT] 
2026-09-13 19:10:48,614 [ERROR] LogOutputStream:75 - [STDERR_REDIRECT] Sep 13, 2026 7:10:48 PM java.util.prefs.FileSystemPreferences checkLockFile0ErrorCode
2026-09-13 19:10:48,614 [ERROR] LogOutputStream:75 - [STDERR_REDIRECT] WARNING: Could not lock System prefs. Unix error code 5.
2026-09-13 19:10:48,614 [ERROR] LogOutputStream:75 - [STDERR_REDIRECT] 
2026-09-13 19:10:48,615 [ERROR] LogOutputStream:75 - [STDERR_REDIRECT] Sep 13, 2026 7:10:48 PM java.util.prefs.FileSystemPreferences syncWorld
2026-09-13 19:10:48,615 [ERROR] LogOutputStream:75 - [STDERR_REDIRECT] WARNING: Couldn't flush system prefs: java.util.prefs.BackingStoreException: Couldn't get file lock.
2026-09-13 19:10:48,615 [ERROR] LogOutputStream:75 - [STDERR_REDIRECT] 
2026-09-13 19:11:18,614 [ERROR] LogOutputStream:75 - [STDERR_REDIRECT] Sep 13, 2026 7:11:18 PM java.util.prefs.FileSystemPreferences checkLockFile0ErrorCode
2026-09-13 19:11:18,615 [ERROR] LogOutputStream:75 - [STDERR_REDIRECT] WARNING: Could not lock System prefs. Unix error code 5.
2026-09-13 19:11:18,615 [ERROR] LogOutputStream:75 - [STDERR_REDIRECT] 
2026-09-13 19:11:18,615 [ERROR] LogOutputStream:75 - [STDERR_REDIRECT] Sep 13, 2026 7:11:18 PM java.util.prefs.FileSystemPreferences syncWorld
2026-09-13 19:11:18,615 [ERROR] LogOutputStream:75 - [STDERR_REDIRECT] WARNING: Couldn't flush system prefs: java.util.prefs.BackingStoreException: Couldn't get file lock.
2026-09-13 19:11:18,615 [ERROR] LogOutputStream:75 - [STDERR_REDIRECT] 
2026-09-13 19:11:48,614 [ERROR] LogOutputStream:75 - [STDERR_REDIRECT] Sep 13, 2026 7:11:48 PM java.util.prefs.FileSystemPreferences checkLockFile0ErrorCode
2026-09-13 19:11:48,615 [ERROR] LogOutputStream:75 - [STDERR_REDIRECT] WARNING: Could not lock System prefs. Unix error code 5.
2026-09-13 19:11:48,615 [ERROR] LogOutputStream:75 - [STDERR_REDIRECT] 
2026-09-13 19:11:48,615 [ERROR] LogOutputStream:75 - [STDERR_REDIRECT] Sep 13, 2026 7:11:48 PM java.util.prefs.FileSystemPreferences syncWorld
2026-09-13 19:11:48,616 [ERROR] LogOutputStream:75 - [STDERR_REDIRECT] WARNING: Couldn't flush system prefs: java.util.prefs.BackingStoreException: Couldn't get file lock.
2026-09-13 19:11:48,616 [ERROR] LogOutputStream:75 - [STDERR_REDIRECT] 
2026-09-13 19:12:18,649 [ERROR] LogOutputStream:75 - [STDERR_REDIRECT] Sep 13, 2026 7:12:18 PM java.util.prefs.FileSystemPreferences checkLockFile0ErrorCode
2026-09-13 19:12:18,649 [ERROR] LogOutputStream:75 - [STDERR_REDIRECT] WARNING: Could not lock System prefs. Unix error code 5.
2026-09-13 19:12:18,649 [ERROR] LogOutputStream:75 - [STDERR_REDIRECT] 
2026-09-13 19:12:18,650 [ERROR] LogOutputStream:75 - [STDERR_REDIRECT] Sep 13, 2026 7:12:18 PM java.util.prefs.FileSystemPreferences syncWorld
2026-09-13 19:12:18,650 [ERROR] LogOutputStream:75 - [STDERR_REDIRECT] WARNING: Couldn't flush system prefs: java.util.prefs.BackingStoreException: Couldn't get file lock.
2026-09-13 19:12:18,650 [ERROR] LogOutputStream:75 - [STDERR_REDIRECT] 
2026-09-13 19:12:48,618 [ERROR] LogOutputStream:75 - [STDERR_REDIRECT] Sep 13, 2026 7:12:48 PM java.util.prefs.FileSystemPreferences checkLockFile0ErrorCode
2026-09-13 19:12:48,618 [ERROR] LogOutputStream:75 - [STDERR_REDIRECT] WARNING: Could not lock System prefs. Unix error code 5.
2026-09-13 19:12:48,619 [ERROR] LogOutputStream:75 - [STDERR_REDIRECT] 
2026-09-13 19:12:48,619 [ERROR] LogOutputStream:75 - [STDERR_REDIRECT] Sep 13, 2026 7:12:48 PM java.util.prefs.FileSystemPreferences syncWorld
2026-09-13 19:12:48,619 [ERROR] LogOutputStream:75 - [STDERR_REDIRECT] WARNING: Couldn't flush system prefs: java.util.prefs.BackingStoreException: Couldn't get file lock.
2026-09-13 19:12:48,619 [ERROR] LogOutputStream:75 - [STDERR_REDIRECT] 
2026-09-13 19:13:18,615 [ERROR] LogOutputStream:75 - [STDERR_REDIRECT] Sep 13, 2026 7:13:18 PM java.util.prefs.FileSystemPreferences checkLockFile0ErrorCode
2026-09-13 19:13:18,616 [ERROR] LogOutputStream:75 - [STDERR_REDIRECT] WARNING: Could not lock System prefs. Unix error code 5.
2026-09-13 19:13:18,616 [ERROR] LogOutputStream:75 - [STDERR_REDIRECT] 
2026-09-13 19:13:18,616 [ERROR] LogOutputStream:75 - [STDERR_REDIRECT] Sep 13, 2026 7:13:18 PM java.util.prefs.FileSystemPreferences syncWorld
2026-09-13 19:13:18,616 [ERROR] LogOutputStream:75 - [STDERR_REDIRECT] WARNING: Couldn't flush system prefs: java.util.prefs.BackingStoreException: Couldn't get file lock.
2026-09-13 19:13:18,617 [ERROR] LogOutputStream:75 - [STDERR_REDIRECT] 
2026-09-13 19:13:48,614 [ERROR] LogOutputStream:75 - [STDERR_REDIRECT] Sep 13, 2026 7:13:48 PM java.util.prefs.FileSystemPreferences checkLockFile0ErrorCode
2026-09-13 19:13:48,615 [ERROR] LogOutputStream:75 - [STDERR_REDIRECT] WARNING: Could not lock System prefs. Unix error code 5.
2026-09-13 19:13:48,615 [ERROR] LogOutputStream:75 - [STDERR_REDIRECT] 
2026-09-13 19:13:48,616 [ERROR] LogOutputStream:75 - [STDERR_REDIRECT] Sep 13, 2026 7:13:48 PM java.util.prefs.FileSystemPreferences syncWorld
2026-09-13 19:13:48,616 [ERROR] LogOutputStream:75 - [STDERR_REDIRECT] WARNING: Couldn't flush system prefs: java.util.prefs.BackingStoreException: Couldn't get file lock.
2026-09-13 19:13:48,616 [ERROR] LogOutputStream:75 - [STDERR_REDIRECT] 
2026-09-13 19:14:18,615 [ERROR] LogOutputStream:75 - [STDERR_REDIRECT] Sep 13, 2026 7:14:18 PM java.util.prefs.FileSystemPreferences checkLockFile0ErrorCode
2026-09-13 19:14:18,616 [ERROR] LogOutputStream:75 - [STDERR_REDIRECT] WARNING: Could not lock System prefs. Unix error code 5.
2026-09-13 19:14:18,616 [ERROR] LogOutputStream:75 - [STDERR_REDIRECT] 
2026-09-13 19:14:18,617 [ERROR] LogOutputStream:75 - [STDERR_REDIRECT] Sep 13, 2026 7:14:18 PM java.util.prefs.FileSystemPreferences syncWorld
2026-09-13 19:14:18,617 [ERROR] LogOutputStream:75 - [STDERR_REDIRECT] WARNING: Couldn't flush system prefs: java.util.prefs.BackingStoreException: Couldn't get file lock.
2026-09-13 19:14:18,617 [ERROR] LogOutputStream:75 - [STDERR_REDIRECT] 
2026-09-13 19:14:48,617 [ERROR] LogOutputStream:75 - [STDERR_REDIRECT] Sep 13, 2026 7:14:48 PM java.util.prefs.FileSystemPreferences checkLockFile0ErrorCode
2026-09-13 19:14:48,617 [ERROR] LogOutputStream:75 - [STDERR_REDIRECT] WARNING: Could not lock System prefs. Unix error code 5.
2026-09-13 19:14:48,617 [ERROR] LogOutputStream:75 - [STDERR_REDIRECT] 
2026-09-13 19:14:48,618 [ERROR] LogOutputStream:75 - [STDERR_REDIRECT] Sep 13, 2026 7:14:48 PM java.util.prefs.FileSystemPreferences syncWorld
2026-09-13 19:14:48,618 [ERROR] LogOutputStream:75 - [STDERR_REDIRECT] WARNING: Couldn't flush system prefs: java.util.prefs.BackingStoreException: Couldn't get file lock.
2026-09-13 19:14:48,618 [ERROR] LogOutputStream:75 - [STDERR_REDIRECT] 
2026-09-13 19:15:18,617 [ERROR] LogOutputStream:75 - [STDERR_REDIRECT] Sep 13, 2026 7:15:18 PM java.util.prefs.FileSystemPreferences checkLockFile0ErrorCode
2026-09-13 19:15:18,617 [ERROR] LogOutputStream:75 - [STDERR_REDIRECT] WARNING: Could not lock System prefs. Unix error code 5.
2026-09-13 19:15:18,617 [ERROR] LogOutputStream:75 - [STDERR_REDIRECT] 
2026-09-13 19:15:18,618 [ERROR] LogOutputStream:75 - [STDERR_REDIRECT] Sep 13, 2026 7:15:18 PM java.util.prefs.FileSystemPreferences syncWorld
2026-09-13 19:15:18,618 [ERROR] LogOutputStream:75 - [STDERR_REDIRECT] WARNING: Couldn't flush system prefs: java.util.prefs.BackingStoreException: Couldn't get file lock.
2026-09-13 19:15:18,618 [ERROR] LogOutputStream:75 - [STDERR_REDIRECT] 
2026-09-13 19:15:48,617 [ERROR] LogOutputStream:75 - [STDERR_REDIRECT] Sep 13, 2026 7:15:48 PM java.util.prefs.FileSystemPreferences checkLockFile0ErrorCode
2026-09-13 19:15:48,617 [ERROR] LogOutputStream:75 - [STDERR_REDIRECT] WARNING: Could not lock System prefs. Unix error code 5.
2026-09-13 19:15:48,617 [ERROR] LogOutputStream:75 - [STDERR_REDIRECT] 
2026-09-13 19:15:48,618 [ERROR] LogOutputStream:75 - [STDERR_REDIRECT] Sep 13, 2026 7:15:48 PM java.util.prefs.FileSystemPreferences syncWorld
2026-09-13 19:15:48,618 [ERROR] LogOutputStream:75 - [STDERR_REDIRECT] WARNING: Couldn't flush system prefs: java.util.prefs.BackingStoreException: Couldn't get file lock.
2026-09-13 19:15:48,618 [ERROR] LogOutputStream:75 - [STDERR_REDIRECT] 
2026-09-13 19:16:18,617 [ERROR] LogOutputStream:75 - [STDERR_REDIRECT] Sep 13, 2026 7:16:18 PM java.util.prefs.FileSystemPreferences checkLockFile0ErrorCode
2026-09-13 19:16:18,617 [ERROR] LogOutputStream:75 - [STDERR_REDIRECT] WARNING: Could not lock System prefs. Unix error code 5.
2026-09-13 19:16:18,617 [ERROR] LogOutputStream:75 - [STDERR_REDIRECT] 
2026-09-13 19:16:18,618 [ERROR] LogOutputStream:75 - [STDERR_REDIRECT] Sep 13, 2026 7:16:18 PM java.util.prefs.FileSystemPreferences syncWorld
2026-09-13 19:16:18,618 [ERROR] LogOutputStream:75 - [STDERR_REDIRECT] WARNING: Couldn't flush system prefs: java.util.prefs.BackingStoreException: Couldn't get file lock.
2026-09-13 19:16:18,618 [ERROR] LogOutputStream:75 - [STDERR_REDIRECT] 
2026-09-13 19:16:48,617 [ERROR] LogOutputStream:75 - [STDERR_REDIRECT] Sep 13, 2026 7:16:48 PM java.util.prefs.FileSystemPreferences checkLockFile0ErrorCode
2026-09-13 19:16:48,617 [ERROR] LogOutputStream:75 - [STDERR_REDIRECT] WARNING: Could not lock System prefs. Unix error code 5.
2026-09-13 19:16:48,617 [ERROR] LogOutputStream:75 - [STDERR_REDIRECT] 
2026-09-13 19:16:48,618 [ERROR] LogOutputStream:75 - [STDERR_REDIRECT] Sep 13, 2026 7:16:48 PM java.util.prefs.FileSystemPreferences syncWorld
2026-09-13 19:16:48,619 [ERROR] LogOutputStream:75 - [STDERR_REDIRECT] WARNING: Couldn't flush system prefs: java.util.prefs.BackingStoreException: Couldn't get file lock.
2026-09-13 19:16:48,619 [ERROR] LogOutputStream:75 - [STDERR_REDIRECT] 
2026-09-13 19:17:18,617 [ERROR] LogOutputStream:75 - [STDERR_REDIRECT] Sep 13, 2026 7:17:18 PM java.util.prefs.FileSystemPreferences checkLockFile0ErrorCode
2026-09-13 19:17:18,617 [ERROR] LogOutputStream:75 - [STDERR_REDIRECT] WARNING: Could not lock System prefs. Unix error code 5.
2026-09-13 19:17:18,618 [ERROR] LogOutputStream:75 - [STDERR_REDIRECT] 
2026-09-13 19:17:18,618 [ERROR] LogOutputStream:75 - [STDERR_REDIRECT] Sep 13, 2026 7:17:18 PM java.util.prefs.FileSystemPreferences syncWorld
2026-09-13 19:17:18,618 [ERROR] LogOutputStream:75 - [STDERR_REDIRECT] WARNING: Couldn't flush system prefs: java.util.prefs.BackingStoreException: Couldn't get file lock.
2026-09-13 19:17:18,618 [ERROR] LogOutputStream:75 - [STDERR_REDIRECT] 
2026-09-13 19:17:48,617 [ERROR] LogOutputStream:75 - [STDERR_REDIRECT] Sep 13, 2026 7:17:48 PM java.util.prefs.FileSystemPreferences checkLockFile0ErrorCode
2026-09-13 19:17:48,618 [ERROR] LogOutputStream:75 - [STDERR_REDIRECT] WARNING: Could not lock System prefs. Unix error code 5.
2026-09-13 19:17:48,618 [ERROR] LogOutputStream:75 - [STDERR_REDIRECT] 
2026-09-13 19:17:48,618 [ERROR] LogOutputStream:75 - [STDERR_REDIRECT] Sep 13, 2026 7:17:48 PM java.util.prefs.FileSystemPreferences syncWorld
2026-09-13 19:17:48,618 [ERROR] LogOutputStream:75 - [STDERR_REDIRECT] WARNING: Couldn't flush system prefs: java.util.prefs.BackingStoreException: Couldn't get file lock.
2026-09-13 19:17:48,619 [ERROR] LogOutputStream:75 - [STDERR_REDIRECT] 
2026-09-13 19:18:18,617 [ERROR] LogOutputStream:75 - [STDERR_REDIRECT] Sep 13, 2026 7:18:18 PM java.util.prefs.FileSystemPreferences checkLockFile0ErrorCode
2026-09-13 19:18:18,618 [ERROR] LogOutputStream:75 - [STDERR_REDIRECT] WARNING: Could not lock System prefs. Unix error code 5.
2026-09-13 19:18:18,618 [ERROR] LogOutputStream:75 - [STDERR_REDIRECT] 
2026-09-13 19:18:18,618 [ERROR] LogOutputStream:75 - [STDERR_REDIRECT] Sep 13, 2026 7:18:18 PM java.util.prefs.FileSystemPreferences syncWorld
2026-09-13 19:18:18,619 [ERROR] LogOutputStream:75 - [STDERR_REDIRECT] WARNING: Couldn't flush system prefs: java.util.prefs.BackingStoreException: Couldn't get file lock.
2026-09-13 19:18:18,619 [ERROR] LogOutputStream:75 - [STDERR_REDIRECT] 
2026-09-13 19:18:48,617 [ERROR] LogOutputStream:75 - [STDERR_REDIRECT] Sep 13, 2026 7:18:48 PM java.util.prefs.FileSystemPreferences checkLockFile0ErrorCode
2026-09-13 19:18:48,618 [ERROR] LogOutputStream:75 - [STDERR_REDIRECT] WARNING: Could not lock System prefs. Unix error code 5.
2026-09-13 19:18:48,618 [ERROR] LogOutputStream:75 - [STDERR_REDIRECT] 
2026-09-13 19:18:48,618 [ERROR] LogOutputStream:75 - [STDERR_REDIRECT] Sep 13, 2026 7:18:48 PM java.util.prefs.FileSystemPreferences syncWorld
2026-09-13 19:18:48,620 [ERROR] LogOutputStream:75 - [STDERR_REDIRECT] WARNING: Couldn't flush system prefs: java.util.prefs.BackingStoreException: Couldn't get file lock.
2026-09-13 19:18:48,620 [ERROR] LogOutputStream:75 - [STDERR_REDIRECT] 
2026-09-13 19:19:18,617 [ERROR] LogOutputStream:75 - [STDERR_REDIRECT] Sep 13, 2026 7:19:18 PM java.util.prefs.FileSystemPreferences checkLockFile0ErrorCode
2026-09-13 19:19:18,618 [ERROR] LogOutputStream:75 - [STDERR_REDIRECT] WARNING: Could not lock System prefs. Unix error code 5.
2026-09-13 19:19:18,618 [ERROR] LogOutputStream:75 - [STDERR_REDIRECT] 
2026-09-13 19:19:18,618 [ERROR] LogOutputStream:75 - [STDERR_REDIRECT] Sep 13, 2026 7:19:18 PM java.util.prefs.FileSystemPreferences syncWorld
2026-09-13 19:19:18,619 [ERROR] LogOutputStream:75 - [STDERR_REDIRECT] WARNING: Couldn't flush system prefs: java.util.prefs.BackingStoreException: Couldn't get file lock.
2026-09-13 19:19:18,619 [ERROR] LogOutputStream:75 - [STDERR_REDIRECT] 
2026-09-13 19:19:48,618 [ERROR] LogOutputStream:75 - [STDERR_REDIRECT] Sep 13, 2026 7:19:48 PM java.util.prefs.FileSystemPreferences checkLockFile0ErrorCode
2026-09-13 19:19:48,618 [ERROR] LogOutputStream:75 - [STDERR_REDIRECT] WARNING: Could not lock System prefs. Unix error code 5.
2026-09-13 19:19:48,618 [ERROR] LogOutputStream:75 - [STDERR_REDIRECT] 
2026-09-13 19:19:48,619 [ERROR] LogOutputStream:75 - [STDERR_REDIRECT] Sep 13, 2026 7:19:48 PM java.util.prefs.FileSystemPreferences syncWorld
2026-09-13 19:19:48,619 [ERROR] LogOutputStream:75 - [STDERR_REDIRECT] WARNING: Couldn't flush system prefs: java.util.prefs.BackingStoreException: Couldn't get file lock.
2026-09-13 19:19:48,619 [ERROR] LogOutputStream:75 - [STDERR_REDIRECT] 
2026-09-13 19:20:18,618 [ERROR] LogOutputStream:75 - [STDERR_REDIRECT] Sep 13, 2026 7:20:18 PM java.util.prefs.FileSystemPreferences checkLockFile0ErrorCode
2026-09-13 19:20:18,618 [ERROR] LogOutputStream:75 - [STDERR_REDIRECT] WARNING: Could not lock System prefs. Unix error code 5.
2026-09-13 19:20:18,618 [ERROR] LogOutputStream:75 - [STDERR_REDIRECT] 
2026-09-13 19:20:18,619 [ERROR] LogOutputStream:75 - [STDERR_REDIRECT] Sep 13, 2026 7:20:18 PM java.util.prefs.FileSystemPreferences syncWorld
2026-09-13 19:20:18,619 [ERROR] LogOutputStream:75 - [STDERR_REDIRECT] WARNING: Couldn't flush system prefs: java.util.prefs.BackingStoreException: Couldn't get file lock.
2026-09-13 19:20:18,620 [ERROR] LogOutputStream:75 - [STDERR_REDIRECT] 
2026-09-13 19:20:48,617 [ERROR] LogOutputStream:75 - [STDERR_REDIRECT] Sep 13, 2026 7:20:48 PM java.util.prefs.FileSystemPreferences checkLockFile0ErrorCode
2026-09-13 19:20:48,617 [ERROR] LogOutputStream:75 - [STDERR_REDIRECT] WARNING: Could not lock System prefs. Unix error code 5.
2026-09-13 19:20:48,618 [ERROR] LogOutputStream:75 - [STDERR_REDIRECT] 
2026-09-13 19:20:48,618 [ERROR] LogOutputStream:75 - [STDERR_REDIRECT] Sep 13, 2026 7:20:48 PM java.util.prefs.FileSystemPreferences syncWorld
2026-09-13 19:20:48,618 [ERROR] LogOutputStream:75 - [STDERR_REDIRECT] WARNING: Couldn't flush system prefs: java.util.prefs.BackingStoreException: Couldn't get file lock.
2026-09-13 19:20:48,619 [ERROR] LogOutputStream:75 - [STDERR_REDIRECT] 
2026-09-13 19:21:18,618 [ERROR] LogOutputStream:75 - [STDERR_REDIRECT] Sep 13, 2026 7:21:18 PM java.util.prefs.FileSystemPreferences checkLockFile0ErrorCode
2026-09-13 19:21:18,618 [ERROR] LogOutputStream:75 - [STDERR_REDIRECT] WARNING: Could not lock System prefs. Unix error code 5.
2026-09-13 19:21:18,619 [ERROR] LogOutputStream:75 - [STDERR_REDIRECT] 
2026-09-13 19:21:18,619 [ERROR] LogOutputStream:75 - [STDERR_REDIRECT] Sep 13, 2026 7:21:18 PM java.util.prefs.FileSystemPreferences syncWorld
2026-09-13 19:21:18,620 [ERROR] LogOutputStream:75 - [STDERR_REDIRECT] WARNING: Couldn't flush system prefs: java.util.prefs.BackingStoreException: Couldn't get file lock.
2026-09-13 19:21:18,620 [ERROR] LogOutputStream:75 - [STDERR_REDIRECT] 
2026-09-13 19:21:48,618 [ERROR] LogOutputStream:75 - [STDERR_REDIRECT] Sep 13, 2026 7:21:48 PM java.util.prefs.FileSystemPreferences checkLockFile0ErrorCode
2026-09-13 19:21:48,618 [ERROR] LogOutputStream:75 - [STDERR_REDIRECT] WARNING: Could not lock System prefs. Unix error code 5.
2026-09-13 19:21:48,618 [ERROR] LogOutputStream:75 - [STDERR_REDIRECT] 
2026-09-13 19:21:48,618 [ERROR] LogOutputStream:75 - [STDERR_REDIRECT] Sep 13, 2026 7:21:48 PM java.util.prefs.FileSystemPreferences syncWorld
2026-09-13 19:21:48,619 [ERROR] LogOutputStream:75 - [STDERR_REDIRECT] WARNING: Couldn't flush system prefs: java.util.prefs.BackingStoreException: Couldn't get file lock.
2026-09-13 19:21:48,620 [ERROR] LogOutputStream:75 - [STDERR_REDIRECT] 
2026-09-13 19:22:18,617 [ERROR] LogOutputStream:75 - [STDERR_REDIRECT] Sep 13, 2026 7:22:18 PM java.util.prefs.FileSystemPreferences checkLockFile0ErrorCode
2026-09-13 19:22:18,618 [ERROR] LogOutputStream:75 - [STDERR_REDIRECT] WARNING: Could not lock System prefs. Unix error code 5.
2026-09-13 19:22:18,618 [ERROR] LogOutputStream:75 - [STDERR_REDIRECT] 
2026-09-13 19:22:18,618 [ERROR] LogOutputStream:75 - [STDERR_REDIRECT] Sep 13, 2026 7:22:18 PM java.util.prefs.FileSystemPreferences syncWorld
2026-09-13 19:22:18,618 [ERROR] LogOutputStream:75 - [STDERR_REDIRECT] WARNING: Couldn't flush system prefs: java.util.prefs.BackingStoreException: Couldn't get file lock.
2026-09-13 19:22:18,619 [ERROR] LogOutputStream:75 - [STDERR_REDIRECT] 
2026-09-13 19:22:48,617 [ERROR] LogOutputStream:75 - [STDERR_REDIRECT] Sep 13, 2026 7:22:48 PM java.util.prefs.FileSystemPreferences checkLockFile0ErrorCode
2026-09-13 19:22:48,618 [ERROR] LogOutputStream:75 - [STDERR_REDIRECT] WARNING: Could not lock System prefs. Unix error code 5.
2026-09-13 19:22:48,618 [ERROR] LogOutputStream:75 - [STDERR_REDIRECT] 
2026-09-13 19:22:48,618 [ERROR] LogOutputStream:75 - [STDERR_REDIRECT] Sep 13, 2026 7:22:48 PM java.util.prefs.FileSystemPreferences syncWorld
2026-09-13 19:22:48,618 [ERROR] LogOutputStream:75 - [STDERR_REDIRECT] WARNING: Couldn't flush system prefs: java.util.prefs.BackingStoreException: Couldn't get file lock.
2026-09-13 19:22:48,618 [ERROR] LogOutputStream:75 - [STDERR_REDIRECT] 
2026-09-13 19:23:18,617 [ERROR] LogOutputStream:75 - [STDERR_REDIRECT] Sep 13, 2026 7:23:18 PM java.util.prefs.FileSystemPreferences checkLockFile0ErrorCode
2026-09-13 19:23:18,617 [ERROR] LogOutputStream:75 - [STDERR_REDIRECT] WARNING: Could not lock System prefs. Unix error code 5.
2026-09-13 19:23:18,618 [ERROR] LogOutputStream:75 - [STDERR_REDIRECT] 
2026-09-13 19:23:18,618 [ERROR] LogOutputStream:75 - [STDERR_REDIRECT] Sep 13, 2026 7:23:18 PM java.util.prefs.FileSystemPreferences syncWorld
2026-09-13 19:23:18,618 [ERROR] LogOutputStream:75 - [STDERR_REDIRECT] WARNING: Couldn't flush system prefs: java.util.prefs.BackingStoreException: Couldn't get file lock.
2026-09-13 19:23:18,618 [ERROR] LogOutputStream:75 - [STDERR_REDIRECT] 
2026-09-13 19:23:48,617 [ERROR] LogOutputStream:75 - [STDERR_REDIRECT] Sep 13, 2026 7:23:48 PM java.util.prefs.FileSystemPreferences checkLockFile0ErrorCode
2026-09-13 19:23:48,617 [ERROR] LogOutputStream:75 - [STDERR_REDIRECT] WARNING: Could not lock System prefs. Unix error code 5.
2026-09-13 19:23:48,618 [ERROR] LogOutputStream:75 - [STDERR_REDIRECT] 
2026-09-13 19:23:48,618 [ERROR] LogOutputStream:75 - [STDERR_REDIRECT] Sep 13, 2026 7:23:48 PM java.util.prefs.FileSystemPreferences syncWorld
2026-09-13 19:23:48,618 [ERROR] LogOutputStream:75 - [STDERR_REDIRECT] WARNING: Couldn't flush system prefs: java.util.prefs.BackingStoreException: Couldn't get file lock.
2026-09-13 19:23:48,618 [ERROR] LogOutputStream:75 - [STDERR_REDIRECT] 
2026-09-13 19:24:18,618 [ERROR] LogOutputStream:75 - [STDERR_REDIRECT] Sep 13, 2026 7:24:18 PM java.util.prefs.FileSystemPreferences checkLockFile0ErrorCode
2026-09-13 19:24:18,618 [ERROR] LogOutputStream:75 - [STDERR_REDIRECT] WARNING: Could not lock System prefs. Unix error code 5.
2026-09-13 19:24:18,619 [ERROR] LogOutputStream:75 - [STDERR_REDIRECT] 
2026-09-13 19:24:18,619 [ERROR] LogOutputStream:75 - [STDERR_REDIRECT] Sep 13, 2026 7:24:18 PM java.util.prefs.FileSystemPreferences syncWorld
2026-09-13 19:24:18,619 [ERROR] LogOutputStream:75 - [STDERR_REDIRECT] WARNING: Couldn't flush system prefs: java.util.prefs.BackingStoreException: Couldn't get file lock.
2026-09-13 19:24:18,619 [ERROR] LogOutputStream:75 - [STDERR_REDIRECT] 
2026-09-13 19:24:48,619 [ERROR] LogOutputStream:75 - [STDERR_REDIRECT] Sep 13, 2026 7:24:48 PM java.util.prefs.FileSystemPreferences checkLockFile0ErrorCode
2026-09-13 19:24:48,619 [ERROR] LogOutputStream:75 - [STDERR_REDIRECT] WARNING: Could not lock System prefs. Unix error code 5.
2026-09-13 19:24:48,620 [ERROR] LogOutputStream:75 - [STDERR_REDIRECT] 
2026-09-13 19:24:48,620 [ERROR] LogOutputStream:75 - [STDERR_REDIRECT] Sep 13, 2026 7:24:48 PM java.util.prefs.FileSystemPreferences syncWorld
2026-09-13 19:24:48,620 [ERROR] LogOutputStream:75 - [STDERR_REDIRECT] WARNING: Couldn't flush system prefs: java.util.prefs.BackingStoreException: Couldn't get file lock.
2026-09-13 19:24:48,620 [ERROR] LogOutputStream:75 - [STDERR_REDIRECT] 
2026-09-13 19:25:18,620 [ERROR] LogOutputStream:75 - [STDERR_REDIRECT] Sep 13, 2026 7:25:18 PM java.util.prefs.FileSystemPreferences checkLockFile0ErrorCode
2026-09-13 19:25:18,620 [ERROR] LogOutputStream:75 - [STDERR_REDIRECT] WARNING: Could not lock System prefs. Unix error code 5.
2026-09-13 19:25:18,620 [ERROR] LogOutputStream:75 - [STDERR_REDIRECT] 
2026-09-13 19:25:18,621 [ERROR] LogOutputStream:75 - [STDERR_REDIRECT] Sep 13, 2026 7:25:18 PM java.util.prefs.FileSystemPreferences syncWorld
2026-09-13 19:25:18,621 [ERROR] LogOutputStream:75 - [STDERR_REDIRECT] WARNING: Couldn't flush system prefs: java.util.prefs.BackingStoreException: Couldn't get file lock.
2026-09-13 19:25:18,621 [ERROR] LogOutputStream:75 - [STDERR_REDIRECT] 
2026-09-13 19:25:48,619 [ERROR] LogOutputStream:75 - [STDERR_REDIRECT] Sep 13, 2026 7:25:48 PM java.util.prefs.FileSystemPreferences checkLockFile0ErrorCode
2026-09-13 19:25:48,620 [ERROR] LogOutputStream:75 - [STDERR_REDIRECT] WARNING: Could not lock System prefs. Unix error code 5.
2026-09-13 19:25:48,620 [ERROR] LogOutputStream:75 - [STDERR_REDIRECT] 
2026-09-13 19:25:48,620 [ERROR] LogOutputStream:75 - [STDERR_REDIRECT] Sep 13, 2026 7:25:48 PM java.util.prefs.FileSystemPreferences syncWorld
2026-09-13 19:25:48,621 [ERROR] LogOutputStream:75 - [STDERR_REDIRECT] WARNING: Couldn't flush system prefs: java.util.prefs.BackingStoreException: Couldn't get file lock.
2026-09-13 19:25:48,621 [ERROR] LogOutputStream:75 - [STDERR_REDIRECT] 
2026-09-13 19:26:18,620 [ERROR] LogOutputStream:75 - [STDERR_REDIRECT] Sep 13, 2026 7:26:18 PM java.util.prefs.FileSystemPreferences checkLockFile0ErrorCode
2026-09-13 19:26:18,620 [ERROR] LogOutputStream:75 - [STDERR_REDIRECT] WARNING: Could not lock System prefs. Unix error code 5.
2026-09-13 19:26:18,620 [ERROR] LogOutputStream:75 - [STDERR_REDIRECT] 
2026-09-13 19:26:18,620 [ERROR] LogOutputStream:75 - [STDERR_REDIRECT] Sep 13, 2026 7:26:18 PM java.util.prefs.FileSystemPreferences syncWorld
2026-09-13 19:26:18,621 [ERROR] LogOutputStream:75 - [STDERR_REDIRECT] WARNING: Couldn't flush system prefs: java.util.prefs.BackingStoreException: Couldn't get file lock.
2026-09-13 19:26:18,621 [ERROR] LogOutputStream:75 - [STDERR_REDIRECT] 
2026-09-13 19:26:48,620 [ERROR] LogOutputStream:75 - [STDERR_REDIRECT] Sep 13, 2026 7:26:48 PM java.util.prefs.FileSystemPreferences checkLockFile0ErrorCode
2026-09-13 19:26:48,620 [ERROR] LogOutputStream:75 - [STDERR_REDIRECT] WARNING: Could not lock System prefs. Unix error code 5.
2026-09-13 19:26:48,620 [ERROR] LogOutputStream:75 - [STDERR_REDIRECT] 
2026-09-13 19:26:48,621 [ERROR] LogOutputStream:75 - [STDERR_REDIRECT] Sep 13, 2026 7:26:48 PM java.util.prefs.FileSystemPreferences syncWorld
2026-09-13 19:26:48,621 [ERROR] LogOutputStream:75 - [STDERR_REDIRECT] WARNING: Couldn't flush system prefs: java.util.prefs.BackingStoreException: Couldn't get file lock.
2026-09-13 19:26:48,621 [ERROR] LogOutputStream:75 - [STDERR_REDIRECT] 
2026-09-13 19:27:18,619 [ERROR] LogOutputStream:75 - [STDERR_REDIRECT] Sep 13, 2026 7:27:18 PM java.util.prefs.FileSystemPreferences checkLockFile0ErrorCode
2026-09-13 19:27:18,620 [ERROR] LogOutputStream:75 - [STDERR_REDIRECT] WARNING: Could not lock System prefs. Unix error code 5.
2026-09-13 19:27:18,620 [ERROR] LogOutputStream:75 - [STDERR_REDIRECT] 
2026-09-13 19:27:18,620 [ERROR] LogOutputStream:75 - [STDERR_REDIRECT] Sep 13, 2026 7:27:18 PM java.util.prefs.FileSystemPreferences syncWorld
2026-09-13 19:27:18,620 [ERROR] LogOutputStream:75 - [STDERR_REDIRECT] WARNING: Couldn't flush system prefs: java.util.prefs.BackingStoreException: Couldn't get file lock.
2026-09-13 19:27:18,620 [ERROR] LogOutputStream:75 - [STDERR_REDIRECT] 
2026-09-13 19:27:48,620 [ERROR] LogOutputStream:75 - [STDERR_REDIRECT] Sep 13, 2026 7:27:48 PM java.util.prefs.FileSystemPreferences checkLockFile0ErrorCode
2026-09-13 19:27:48,620 [ERROR] LogOutputStream:75 - [STDERR_REDIRECT] WARNING: Could not lock System prefs. Unix error code 5.
2026-09-13 19:27:48,620 [ERROR] LogOutputStream:75 - [STDERR_REDIRECT] 
2026-09-13 19:27:48,621 [ERROR] LogOutputStream:75 - [STDERR_REDIRECT] Sep 13, 2026 7:27:48 PM java.util.prefs.FileSystemPreferences syncWorld
2026-09-13 19:27:48,621 [ERROR] LogOutputStream:75 - [STDERR_REDIRECT] WARNING: Couldn't flush system prefs: java.util.prefs.BackingStoreException: Couldn't get file lock.
2026-09-13 19:27:48,621 [ERROR] LogOutputStream:75 - [STDERR_REDIRECT] 
2026-09-13 19:28:18,620 [ERROR] LogOutputStream:75 - [STDERR_REDIRECT] Sep 13, 2026 7:28:18 PM java.util.prefs.FileSystemPreferences checkLockFile0ErrorCode
2026-09-13 19:28:18,621 [ERROR] LogOutputStream:75 - [STDERR_REDIRECT] WARNING: Could not lock System prefs. Unix error code 5.
2026-09-13 19:28:18,621 [ERROR] LogOutputStream:75 - [STDERR_REDIRECT] 
2026-09-13 19:28:18,621 [ERROR] LogOutputStream:75 - [STDERR_REDIRECT] Sep 13, 2026 7:28:18 PM java.util.prefs.FileSystemPreferences syncWorld
2026-09-13 19:28:18,621 [ERROR] LogOutputStream:75 - [STDERR_REDIRECT] WARNING: Couldn't flush system prefs: java.util.prefs.BackingStoreException: Couldn't get file lock.
2026-09-13 19:28:18,621 [ERROR] LogOutputStream:75 - [STDERR_REDIRECT] 
2026-09-13 19:28:48,621 [ERROR] LogOutputStream:75 - [STDERR_REDIRECT] Sep 13, 2026 7:28:48 PM java.util.prefs.FileSystemPreferences checkLockFile0ErrorCode
2026-09-13 19:28:48,621 [ERROR] LogOutputStream:75 - [STDERR_REDIRECT] WARNING: Could not lock System prefs. Unix error code 5.
2026-09-13 19:28:48,622 [ERROR] LogOutputStream:75 - [STDERR_REDIRECT] 
2026-09-13 19:28:48,622 [ERROR] LogOutputStream:75 - [STDERR_REDIRECT] Sep 13, 2026 7:28:48 PM java.util.prefs.FileSystemPreferences syncWorld
2026-09-13 19:28:48,622 [ERROR] LogOutputStream:75 - [STDERR_REDIRECT] WARNING: Couldn't flush system prefs: java.util.prefs.BackingStoreException: Couldn't get file lock.
2026-09-13 19:28:48,622 [ERROR] LogOutputStream:75 - [STDERR_REDIRECT] 
2026-09-13 19:29:18,621 [ERROR] LogOutputStream:75 - [STDERR_REDIRECT] Sep 13, 2026 7:29:18 PM java.util.prefs.FileSystemPreferences checkLockFile0ErrorCode
2026-09-13 19:29:18,622 [ERROR] LogOutputStream:75 - [STDERR_REDIRECT] WARNING: Could not lock System prefs. Unix error code 5.
2026-09-13 19:29:18,622 [ERROR] LogOutputStream:75 - [STDERR_REDIRECT] 
2026-09-13 19:29:18,622 [ERROR] LogOutputStream:75 - [STDERR_REDIRECT] Sep 13, 2026 7:29:18 PM java.util.prefs.FileSystemPreferences syncWorld
2026-09-13 19:29:18,622 [ERROR] LogOutputStream:75 - [STDERR_REDIRECT] WARNING: Couldn't flush system prefs: java.util.prefs.BackingStoreException: Couldn't get file lock.
2026-09-13 19:29:18,623 [ERROR] LogOutputStream:75 - [STDERR_REDIRECT] 
2026-09-13 19:29:48,621 [ERROR] LogOutputStream:75 - [STDERR_REDIRECT] Sep 13, 2026 7:29:48 PM java.util.prefs.FileSystemPreferences checkLockFile0ErrorCode
2026-09-13 19:29:48,622 [ERROR] LogOutputStream:75 - [STDERR_REDIRECT] WARNING: Could not lock System prefs. Unix error code 5.
2026-09-13 19:29:48,622 [ERROR] LogOutputStream:75 - [STDERR_REDIRECT] 
2026-09-13 19:29:48,622 [ERROR] LogOutputStream:75 - [STDERR_REDIRECT] Sep 13, 2026 7:29:48 PM java.util.prefs.FileSystemPreferences syncWorld
2026-09-13 19:29:48,623 [ERROR] LogOutputStream:75 - [STDERR_REDIRECT] WARNING: Couldn't flush system prefs: java.util.prefs.BackingStoreException: Couldn't get file lock.
2026-09-13 19:29:48,623 [ERROR] LogOutputStream:75 - [STDERR_REDIRECT] 
2026-09-13 19:30:18,622 [ERROR] LogOutputStream:75 - [STDERR_REDIRECT] Sep 13, 2026 7:30:18 PM java.util.prefs.FileSystemPreferences checkLockFile0ErrorCode
2026-09-13 19:30:18,622 [ERROR] LogOutputStream:75 - [STDERR_REDIRECT] WARNING: Could not lock System prefs. Unix error code 5.
2026-09-13 19:30:18,622 [ERROR] LogOutputStream:75 - [STDERR_REDIRECT] 
2026-09-13 19:30:18,623 [ERROR] LogOutputStream:75 - [STDERR_REDIRECT] Sep 13, 2026 7:30:18 PM java.util.prefs.FileSystemPreferences syncWorld
2026-09-13 19:30:18,623 [ERROR] LogOutputStream:75 - [STDERR_REDIRECT] WARNING: Couldn't flush system prefs: java.util.prefs.BackingStoreException: Couldn't get file lock.
2026-09-13 19:30:18,623 [ERROR] LogOutputStream:75 - [STDERR_REDIRECT] 
2026-09-13 19:30:48,622 [ERROR] LogOutputStream:75 - [STDERR_REDIRECT] Sep 13, 2026 7:30:48 PM java.util.prefs.FileSystemPreferences checkLockFile0ErrorCode
2026-09-13 19:30:48,622 [ERROR] LogOutputStream:75 - [STDERR_REDIRECT] WARNING: Could not lock System prefs. Unix error code 5.
2026-09-13 19:30:48,623 [ERROR] LogOutputStream:75 - [STDERR_REDIRECT] 
2026-09-13 19:30:48,623 [ERROR] LogOutputStream:75 - [STDERR_REDIRECT] Sep 13, 2026 7:30:48 PM java.util.prefs.FileSystemPreferences syncWorld
2026-09-13 19:30:48,623 [ERROR] LogOutputStream:75 - [STDERR_REDIRECT] WARNING: Couldn't flush system prefs: java.util.prefs.BackingStoreException: Couldn't get file lock.
2026-09-13 19:30:48,623 [ERROR] LogOutputStream:75 - [STDERR_REDIRECT] 
2026-09-13 19:31:18,622 [ERROR] LogOutputStream:75 - [STDERR_REDIRECT] Sep 13, 2026 7:31:18 PM java.util.prefs.FileSystemPreferences checkLockFile0ErrorCode
2026-09-13 19:31:18,622 [ERROR] LogOutputStream:75 - [STDERR_REDIRECT] WARNING: Could not lock System prefs. Unix error code 5.
2026-09-13 19:31:18,623 [ERROR] LogOutputStream:75 - [STDERR_REDIRECT] 
2026-09-13 19:31:18,623 [ERROR] LogOutputStream:75 - [STDERR_REDIRECT] Sep 13, 2026 7:31:18 PM java.util.prefs.FileSystemPreferences syncWorld
2026-09-13 19:31:18,623 [ERROR] LogOutputStream:75 - [STDERR_REDIRECT] WARNING: Couldn't flush system prefs: java.util.prefs.BackingStoreException: Couldn't get file lock.
2026-09-13 19:31:18,623 [ERROR] LogOutputStream:75 - [STDERR_REDIRECT] 
2026-09-13 19:31:48,621 [ERROR] LogOutputStream:75 - [STDERR_REDIRECT] Sep 13, 2026 7:31:48 PM java.util.prefs.FileSystemPreferences checkLockFile0ErrorCode
2026-09-13 19:31:48,622 [ERROR] LogOutputStream:75 - [STDERR_REDIRECT] WARNING: Could not lock System prefs. Unix error code 5.
2026-09-13 19:31:48,622 [ERROR] LogOutputStream:75 - [STDERR_REDIRECT] 
2026-09-13 19:31:48,622 [ERROR] LogOutputStream:75 - [STDERR_REDIRECT] Sep 13, 2026 7:31:48 PM java.util.prefs.FileSystemPreferences syncWorld
2026-09-13 19:31:48,622 [ERROR] LogOutputStream:75 - [STDERR_REDIRECT] WARNING: Couldn't flush system prefs: java.util.prefs.BackingStoreException: Couldn't get file lock.
2026-09-13 19:31:48,624 [ERROR] LogOutputStream:75 - [STDERR_REDIRECT] 
2026-09-13 19:32:18,621 [ERROR] LogOutputStream:75 - [STDERR_REDIRECT] Sep 13, 2026 7:32:18 PM java.util.prefs.FileSystemPreferences checkLockFile0ErrorCode
2026-09-13 19:32:18,622 [ERROR] LogOutputStream:75 - [STDERR_REDIRECT] WARNING: Could not lock System prefs. Unix error code 5.
2026-09-13 19:32:18,622 [ERROR] LogOutputStream:75 - [STDERR_REDIRECT] 
2026-09-13 19:32:18,622 [ERROR] LogOutputStream:75 - [STDERR_REDIRECT] Sep 13, 2026 7:32:18 PM java.util.prefs.FileSystemPreferences syncWorld
2026-09-13 19:32:18,622 [ERROR] LogOutputStream:75 - [STDERR_REDIRECT] WARNING: Couldn't flush system prefs: java.util.prefs.BackingStoreException: Couldn't get file lock.
2026-09-13 19:32:18,625 [ERROR] LogOutputStream:75 - [STDERR_REDIRECT] 
2026-09-13 19:32:48,622 [ERROR] LogOutputStream:75 - [STDERR_REDIRECT] Sep 13, 2026 7:32:48 PM java.util.prefs.FileSystemPreferences checkLockFile0ErrorCode
2026-09-13 19:32:48,622 [ERROR] LogOutputStream:75 - [STDERR_REDIRECT] WARNING: Could not lock System prefs. Unix error code 31548.
2026-09-13 19:32:48,622 [ERROR] LogOutputStream:75 - [STDERR_REDIRECT] 
2026-09-13 19:32:48,623 [ERROR] LogOutputStream:75 - [STDERR_REDIRECT] Sep 13, 2026 7:32:48 PM java.util.prefs.FileSystemPreferences syncWorld
2026-09-13 19:32:48,623 [ERROR] LogOutputStream:75 - [STDERR_REDIRECT] WARNING: Couldn't flush system prefs: java.util.prefs.BackingStoreException: Couldn't get file lock.
2026-09-13 19:32:48,623 [ERROR] LogOutputStream:75 - [STDERR_REDIRECT] 
2026-09-13 19:33:18,621 [ERROR] LogOutputStream:75 - [STDERR_REDIRECT] Sep 13, 2026 7:33:18 PM java.util.prefs.FileSystemPreferences checkLockFile0ErrorCode
2026-09-13 19:33:18,622 [ERROR] LogOutputStream:75 - [STDERR_REDIRECT] WARNING: Could not lock System prefs. Unix error code 31548.
2026-09-13 19:33:18,622 [ERROR] LogOutputStream:75 - [STDERR_REDIRECT] 
2026-09-13 19:33:18,622 [ERROR] LogOutputStream:75 - [STDERR_REDIRECT] Sep 13, 2026 7:33:18 PM java.util.prefs.FileSystemPreferences syncWorld
2026-09-13 19:33:18,622 [ERROR] LogOutputStream:75 - [STDERR_REDIRECT] WARNING: Couldn't flush system prefs: java.util.prefs.BackingStoreException: Couldn't get file lock.
2026-09-13 19:33:18,622 [ERROR] LogOutputStream:75 - [STDERR_REDIRECT] 
2026-09-13 19:33:48,621 [ERROR] LogOutputStream:75 - [STDERR_REDIRECT] Sep 13, 2026 7:33:48 PM java.util.prefs.FileSystemPreferences checkLockFile0ErrorCode
2026-09-13 19:33:48,621 [ERROR] LogOutputStream:75 - [STDERR_REDIRECT] WARNING: Could not lock System prefs. Unix error code 31548.
2026-09-13 19:33:48,621 [ERROR] LogOutputStream:75 - [STDERR_REDIRECT] 
2026-09-13 19:33:48,622 [ERROR] LogOutputStream:75 - [STDERR_REDIRECT] Sep 13, 2026 7:33:48 PM java.util.prefs.FileSystemPreferences syncWorld
2026-09-13 19:33:48,622 [ERROR] LogOutputStream:75 - [STDERR_REDIRECT] WARNING: Couldn't flush system prefs: java.util.prefs.BackingStoreException: Couldn't get file lock.
2026-09-13 19:33:48,622 [ERROR] LogOutputStream:75 - [STDERR_REDIRECT] 
2026-09-13 19:34:18,621 [ERROR] LogOutputStream:75 - [STDERR_REDIRECT] Sep 13, 2026 7:34:18 PM java.util.prefs.FileSystemPreferences checkLockFile0ErrorCode
2026-09-13 19:34:18,622 [ERROR] LogOutputStream:75 - [STDERR_REDIRECT] WARNING: Could not lock System prefs. Unix error code 31548.
2026-09-13 19:34:18,622 [ERROR] LogOutputStream:75 - [STDERR_REDIRECT] 
2026-09-13 19:34:18,622 [ERROR] LogOutputStream:75 - [STDERR_REDIRECT] Sep 13, 2026 7:34:18 PM java.util.prefs.FileSystemPreferences syncWorld
2026-09-13 19:34:18,622 [ERROR] LogOutputStream:75 - [STDERR_REDIRECT] WARNING: Couldn't flush system prefs: java.util.prefs.BackingStoreException: Couldn't get file lock.
2026-09-13 19:34:18,622 [ERROR] LogOutputStream:75 - [STDERR_REDIRECT] 
2026-09-13 19:34:48,622 [ERROR] LogOutputStream:75 - [STDERR_REDIRECT] Sep 13, 2026 7:34:48 PM java.util.prefs.FileSystemPreferences checkLockFile0ErrorCode
2026-09-13 19:34:48,623 [ERROR] LogOutputStream:75 - [STDERR_REDIRECT] WARNING: Could not lock System prefs. Unix error code 31548.
2026-09-13 19:34:48,623 [ERROR] LogOutputStream:75 - [STDERR_REDIRECT] 
2026-09-13 19:34:48,623 [ERROR] LogOutputStream:75 - [STDERR_REDIRECT] Sep 13, 2026 7:34:48 PM java.util.prefs.FileSystemPreferences syncWorld
2026-09-13 19:34:48,623 [ERROR] LogOutputStream:75 - [STDERR_REDIRECT] WARNING: Couldn't flush system prefs: java.util.prefs.BackingStoreException: Couldn't get file lock.
2026-09-13 19:34:48,623 [ERROR] LogOutputStream:75 - [STDERR_REDIRECT] 
2026-09-13 19:35:18,622 [ERROR] LogOutputStream:75 - [STDERR_REDIRECT] Sep 13, 2026 7:35:18 PM java.util.prefs.FileSystemPreferences checkLockFile0ErrorCode
2026-09-13 19:35:18,623 [ERROR] LogOutputStream:75 - [STDERR_REDIRECT] WARNING: Could not lock System prefs. Unix error code 31548.
2026-09-13 19:35:18,623 [ERROR] LogOutputStream:75 - [STDERR_REDIRECT] 
2026-09-13 19:35:18,623 [ERROR] LogOutputStream:75 - [STDERR_REDIRECT] Sep 13, 2026 7:35:18 PM java.util.prefs.FileSystemPreferences syncWorld
2026-09-13 19:35:18,623 [ERROR] LogOutputStream:75 - [STDERR_REDIRECT] WARNING: Couldn't flush system prefs: java.util.prefs.BackingStoreException: Couldn't get file lock.
2026-09-13 19:35:18,623 [ERROR] LogOutputStream:75 - [STDERR_REDIRECT] 
2026-09-13 19:35:48,623 [ERROR] LogOutputStream:75 - [STDERR_REDIRECT] Sep 13, 2026 7:35:48 PM java.util.prefs.FileSystemPreferences checkLockFile0ErrorCode
2026-09-13 19:35:48,624 [ERROR] LogOutputStream:75 - [STDERR_REDIRECT] WARNING: Could not lock System prefs. Unix error code 31548.
2026-09-13 19:35:48,624 [ERROR] LogOutputStream:75 - [STDERR_REDIRECT] 
2026-09-13 19:35:48,624 [ERROR] LogOutputStream:75 - [STDERR_REDIRECT] Sep 13, 2026 7:35:48 PM java.util.prefs.FileSystemPreferences syncWorld
2026-09-13 19:35:48,624 [ERROR] LogOutputStream:75 - [STDERR_REDIRECT] WARNING: Couldn't flush system prefs: java.util.prefs.BackingStoreException: Couldn't get file lock.
2026-09-13 19:35:48,625 [ERROR] LogOutputStream:75 - [STDERR_REDIRECT] 
2026-09-13 19:36:18,623 [ERROR] LogOutputStream:75 - [STDERR_REDIRECT] Sep 13, 2026 7:36:18 PM java.util.prefs.FileSystemPreferences checkLockFile0ErrorCode
2026-09-13 19:36:18,623 [ERROR] LogOutputStream:75 - [STDERR_REDIRECT] WARNING: Could not lock System prefs. Unix error code 31548.
2026-09-13 19:36:18,623 [ERROR] LogOutputStream:75 - [STDERR_REDIRECT] 
2026-09-13 19:36:18,624 [ERROR] LogOutputStream:75 - [STDERR_REDIRECT] Sep 13, 2026 7:36:18 PM java.util.prefs.FileSystemPreferences syncWorld
2026-09-13 19:36:18,624 [ERROR] LogOutputStream:75 - [STDERR_REDIRECT] WARNING: Couldn't flush system prefs: java.util.prefs.BackingStoreException: Couldn't get file lock.
2026-09-13 19:36:18,624 [ERROR] LogOutputStream:75 - [STDERR_REDIRECT] 
2026-09-13 19:36:48,624 [ERROR] LogOutputStream:75 - [STDERR_REDIRECT] Sep 13, 2026 7:36:48 PM java.util.prefs.FileSystemPreferences checkLockFile0ErrorCode
2026-09-13 19:36:48,624 [ERROR] LogOutputStream:75 - [STDERR_REDIRECT] WARNING: Could not lock System prefs. Unix error code 31548.
2026-09-13 19:36:48,624 [ERROR] LogOutputStream:75 - [STDERR_REDIRECT] 
2026-09-13 19:36:48,624 [ERROR] LogOutputStream:75 - [STDERR_REDIRECT] Sep 13, 2026 7:36:48 PM java.util.prefs.FileSystemPreferences syncWorld
2026-09-13 19:36:48,625 [ERROR] LogOutputStream:75 - [STDERR_REDIRECT] WARNING: Couldn't flush system prefs: java.util.prefs.BackingStoreException: Couldn't get file lock.
2026-09-13 19:36:48,625 [ERROR] LogOutputStream:75 - [STDERR_REDIRECT] 
2026-09-13 19:37:18,623 [ERROR] LogOutputStream:75 - [STDERR_REDIRECT] Sep 13, 2026 7:37:18 PM java.util.prefs.FileSystemPreferences checkLockFile0ErrorCode
2026-09-13 19:37:18,623 [ERROR] LogOutputStream:75 - [STDERR_REDIRECT] WARNING: Could not lock System prefs. Unix error code 31548.
2026-09-13 19:37:18,623 [ERROR] LogOutputStream:75 - [STDERR_REDIRECT] 
2026-09-13 19:37:18,624 [ERROR] LogOutputStream:75 - [STDERR_REDIRECT] Sep 13, 2026 7:37:18 PM java.util.prefs.FileSystemPreferences syncWorld
2026-09-13 19:37:18,624 [ERROR] LogOutputStream:75 - [STDERR_REDIRECT] WARNING: Couldn't flush system prefs: java.util.prefs.BackingStoreException: Couldn't get file lock.
2026-09-13 19:37:18,624 [ERROR] LogOutputStream:75 - [STDERR_REDIRECT] 
2026-09-13 19:37:48,623 [ERROR] LogOutputStream:75 - [STDERR_REDIRECT] Sep 13, 2026 7:37:48 PM java.util.prefs.FileSystemPreferences checkLockFile0ErrorCode
2026-09-13 19:37:48,624 [ERROR] LogOutputStream:75 - [STDERR_REDIRECT] WARNING: Could not lock System prefs. Unix error code 31548.
2026-09-13 19:37:48,624 [ERROR] LogOutputStream:75 - [STDERR_REDIRECT] 
2026-09-13 19:37:48,624 [ERROR] LogOutputStream:75 - [STDERR_REDIRECT] Sep 13, 2026 7:37:48 PM java.util.prefs.FileSystemPreferences syncWorld
2026-09-13 19:37:48,624 [ERROR] LogOutputStream:75 - [STDERR_REDIRECT] WARNING: Couldn't flush system prefs: java.util.prefs.BackingStoreException: Couldn't get file lock.
2026-09-13 19:37:48,624 [ERROR] LogOutputStream:75 - [STDERR_REDIRECT] 
2026-09-13 19:38:18,624 [ERROR] LogOutputStream:75 - [STDERR_REDIRECT] Sep 13, 2026 7:38:18 PM java.util.prefs.FileSystemPreferences checkLockFile0ErrorCode
2026-09-13 19:38:18,624 [ERROR] LogOutputStream:75 - [STDERR_REDIRECT] WARNING: Could not lock System prefs. Unix error code 31548.
2026-09-13 19:38:18,624 [ERROR] LogOutputStream:75 - [STDERR_REDIRECT] 
2026-09-13 19:38:18,626 [ERROR] LogOutputStream:75 - [STDERR_REDIRECT] Sep 13, 2026 7:38:18 PM java.util.prefs.FileSystemPreferences syncWorld
2026-09-13 19:38:18,626 [ERROR] LogOutputStream:75 - [STDERR_REDIRECT] WARNING: Couldn't flush system prefs: java.util.prefs.BackingStoreException: Couldn't get file lock.
2026-09-13 19:38:18,626 [ERROR] LogOutputStream:75 - [STDERR_REDIRECT] 
2026-09-13 19:38:48,625 [ERROR] LogOutputStream:75 - [STDERR_REDIRECT] Sep 13, 2026 7:38:48 PM java.util.prefs.FileSystemPreferences checkLockFile0ErrorCode
2026-09-13 19:38:48,625 [ERROR] LogOutputStream:75 - [STDERR_REDIRECT] WARNING: Could not lock System prefs. Unix error code 31548.
2026-09-13 19:38:48,625 [ERROR] LogOutputStream:75 - [STDERR_REDIRECT] 
2026-09-13 19:38:48,626 [ERROR] LogOutputStream:75 - [STDERR_REDIRECT] Sep 13, 2026 7:38:48 PM java.util.prefs.FileSystemPreferences syncWorld
2026-09-13 19:38:48,626 [ERROR] LogOutputStream:75 - [STDERR_REDIRECT] WARNING: Couldn't flush system prefs: java.util.prefs.BackingStoreException: Couldn't get file lock.
2026-09-13 19:38:48,626 [ERROR] LogOutputStream:75 - [STDERR_REDIRECT] 
2026-09-13 19:39:18,625 [ERROR] LogOutputStream:75 - [STDERR_REDIRECT] Sep 13, 2026 7:39:18 PM java.util.prefs.FileSystemPreferences checkLockFile0ErrorCode
2026-09-13 19:39:18,625 [ERROR] LogOutputStream:75 - [STDERR_REDIRECT] WARNING: Could not lock System prefs. Unix error code 31548.
2026-09-13 19:39:18,625 [ERROR] LogOutputStream:75 - [STDERR_REDIRECT] 
2026-09-13 19:39:18,625 [ERROR] LogOutputStream:75 - [STDERR_REDIRECT] Sep 13, 2026 7:39:18 PM java.util.prefs.FileSystemPreferences syncWorld
2026-09-13 19:39:18,626 [ERROR] LogOutputStream:75 - [STDERR_REDIRECT] WARNING: Couldn't flush system prefs: java.util.prefs.BackingStoreException: Couldn't get file lock.
2026-09-13 19:39:18,626 [ERROR] LogOutputStream:75 - [STDERR_REDIRECT] 
2026-09-13 19:39:48,624 [ERROR] LogOutputStream:75 - [STDERR_REDIRECT] Sep 13, 2026 7:39:48 PM java.util.prefs.FileSystemPreferences checkLockFile0ErrorCode
2026-09-13 19:39:48,624 [ERROR] LogOutputStream:75 - [STDERR_REDIRECT] WARNING: Could not lock System prefs. Unix error code 31548.
2026-09-13 19:39:48,625 [ERROR] LogOutputStream:75 - [STDERR_REDIRECT] 
2026-09-13 19:39:48,625 [ERROR] LogOutputStream:75 - [STDERR_REDIRECT] Sep 13, 2026 7:39:48 PM java.util.prefs.FileSystemPreferences syncWorld
2026-09-13 19:39:48,625 [ERROR] LogOutputStream:75 - [STDERR_REDIRECT] WARNING: Couldn't flush system prefs: java.util.prefs.BackingStoreException: Couldn't get file lock.
2026-09-13 19:39:48,625 [ERROR] LogOutputStream:75 - [STDERR_REDIRECT] 
2026-09-13 19:40:18,625 [ERROR] LogOutputStream:75 - [STDERR_REDIRECT] Sep 13, 2026 7:40:18 PM java.util.prefs.FileSystemPreferences checkLockFile0ErrorCode
2026-09-13 19:40:18,625 [ERROR] LogOutputStream:75 - [STDERR_REDIRECT] WARNING: Could not lock System prefs. Unix error code 31548.
2026-09-13 19:40:18,625 [ERROR] LogOutputStream:75 - [STDERR_REDIRECT] 
2026-09-13 19:40:18,625 [ERROR] LogOutputStream:75 - [STDERR_REDIRECT] Sep 13, 2026 7:40:18 PM java.util.prefs.FileSystemPreferences syncWorld
2026-09-13 19:40:18,626 [ERROR] LogOutputStream:75 - [STDERR_REDIRECT] WARNING: Couldn't flush system prefs: java.util.prefs.BackingStoreException: Couldn't get file lock.
2026-09-13 19:40:18,626 [ERROR] LogOutputStream:75 - [STDERR_REDIRECT] 
2026-09-13 19:40:48,624 [ERROR] LogOutputStream:75 - [STDERR_REDIRECT] Sep 13, 2026 7:40:48 PM java.util.prefs.FileSystemPreferences checkLockFile0ErrorCode
2026-09-13 19:40:48,625 [ERROR] LogOutputStream:75 - [STDERR_REDIRECT] WARNING: Could not lock System prefs. Unix error code 31548.
2026-09-13 19:40:48,625 [ERROR] LogOutputStream:75 - [STDERR_REDIRECT] 
2026-09-13 19:40:48,625 [ERROR] LogOutputStream:75 - [STDERR_REDIRECT] Sep 13, 2026 7:40:48 PM java.util.prefs.FileSystemPreferences syncWorld
2026-09-13 19:40:48,625 [ERROR] LogOutputStream:75 - [STDERR_REDIRECT] WARNING: Couldn't flush system prefs: java.util.prefs.BackingStoreException: Couldn't get file lock.
2026-09-13 19:40:48,626 [ERROR] LogOutputStream:75 - [STDERR_REDIRECT] 
2026-09-13 19:41:18,625 [ERROR] LogOutputStream:75 - [STDERR_REDIRECT] Sep 13, 2026 7:41:18 PM java.util.prefs.FileSystemPreferences checkLockFile0ErrorCode
2026-09-13 19:41:18,625 [ERROR] LogOutputStream:75 - [STDERR_REDIRECT] WARNING: Could not lock System prefs. Unix error code 31548.
2026-09-13 19:41:18,625 [ERROR] LogOutputStream:75 - [STDERR_REDIRECT] 
2026-09-13 19:41:18,625 [ERROR] LogOutputStream:75 - [STDERR_REDIRECT] Sep 13, 2026 7:41:18 PM java.util.prefs.FileSystemPreferences syncWorld
2026-09-13 19:41:18,626 [ERROR] LogOutputStream:75 - [STDERR_REDIRECT] WARNING: Couldn't flush system prefs: java.util.prefs.BackingStoreException: Couldn't get file lock.
2026-09-13 19:41:18,626 [ERROR] LogOutputStream:75 - [STDERR_REDIRECT] 
2026-09-13 19:41:48,624 [ERROR] LogOutputStream:75 - [STDERR_REDIRECT] Sep 13, 2026 7:41:48 PM java.util.prefs.FileSystemPreferences checkLockFile0ErrorCode
2026-09-13 19:41:48,624 [ERROR] LogOutputStream:75 - [STDERR_REDIRECT] WARNING: Could not lock System prefs. Unix error code 31548.
2026-09-13 19:41:48,625 [ERROR] LogOutputStream:75 - [STDERR_REDIRECT] 
2026-09-13 19:41:48,625 [ERROR] LogOutputStream:75 - [STDERR_REDIRECT] Sep 13, 2026 7:41:48 PM java.util.prefs.FileSystemPreferences syncWorld
2026-09-13 19:41:48,625 [ERROR] LogOutputStream:75 - [STDERR_REDIRECT] WARNING: Couldn't flush system prefs: java.util.prefs.BackingStoreException: Couldn't get file lock.
2026-09-13 19:41:48,625 [ERROR] LogOutputStream:75 - [STDERR_REDIRECT] 
2026-09-13 19:42:18,625 [ERROR] LogOutputStream:75 - [STDERR_REDIRECT] Sep 13, 2026 7:42:18 PM java.util.prefs.FileSystemPreferences checkLockFile0ErrorCode
2026-09-13 19:42:18,625 [ERROR] LogOutputStream:75 - [STDERR_REDIRECT] WARNING: Could not lock System prefs. Unix error code 31548.
2026-09-13 19:42:18,625 [ERROR] LogOutputStream:75 - [STDERR_REDIRECT] 
2026-09-13 19:42:18,625 [ERROR] LogOutputStream:75 - [STDERR_REDIRECT] Sep 13, 2026 7:42:18 PM java.util.prefs.FileSystemPreferences syncWorld
2026-09-13 19:42:18,626 [ERROR] LogOutputStream:75 - [STDERR_REDIRECT] WARNING: Couldn't flush system prefs: java.util.prefs.BackingStoreException: Couldn't get file lock.
2026-09-13 19:42:18,626 [ERROR] LogOutputStream:75 - [STDERR_REDIRECT] 
2026-09-13 19:42:48,624 [ERROR] LogOutputStream:75 - [STDERR_REDIRECT] Sep 13, 2026 7:42:48 PM java.util.prefs.FileSystemPreferences checkLockFile0ErrorCode
2026-09-13 19:42:48,624 [ERROR] LogOutputStream:75 - [STDERR_REDIRECT] WARNING: Could not lock System prefs. Unix error code 31548.
2026-09-13 19:42:48,624 [ERROR] LogOutputStream:75 - [STDERR_REDIRECT] 
2026-09-13 19:42:48,624 [ERROR] LogOutputStream:75 - [STDERR_REDIRECT] Sep 13, 2026 7:42:48 PM java.util.prefs.FileSystemPreferences syncWorld
2026-09-13 19:42:48,625 [ERROR] LogOutputStream:75 - [STDERR_REDIRECT] WARNING: Couldn't flush system prefs: java.util.prefs.BackingStoreException: Couldn't get file lock.
2026-09-13 19:42:48,625 [ERROR] LogOutputStream:75 - [STDERR_REDIRECT] 
2026-09-13 19:43:18,624 [ERROR] LogOutputStream:75 - [STDERR_REDIRECT] Sep 13, 2026 7:43:18 PM java.util.prefs.FileSystemPreferences checkLockFile0ErrorCode
2026-09-13 19:43:18,625 [ERROR] LogOutputStream:75 - [STDERR_REDIRECT] WARNING: Could not lock System prefs. Unix error code 31548.
2026-09-13 19:43:18,625 [ERROR] LogOutputStream:75 - [STDERR_REDIRECT] 
2026-09-13 19:43:18,625 [ERROR] LogOutputStream:75 - [STDERR_REDIRECT] Sep 13, 2026 7:43:18 PM java.util.prefs.FileSystemPreferences syncWorld
2026-09-13 19:43:18,625 [ERROR] LogOutputStream:75 - [STDERR_REDIRECT] WARNING: Couldn't flush system prefs: java.util.prefs.BackingStoreException: Couldn't get file lock.
2026-09-13 19:43:18,625 [ERROR] LogOutputStream:75 - [STDERR_REDIRECT] 
2026-09-13 19:43:48,624 [ERROR] LogOutputStream:75 - [STDERR_REDIRECT] Sep 13, 2026 7:43:48 PM java.util.prefs.FileSystemPreferences checkLockFile0ErrorCode
2026-09-13 19:43:48,624 [ERROR] LogOutputStream:75 - [STDERR_REDIRECT] WARNING: Could not lock System prefs. Unix error code 31548.
2026-09-13 19:43:48,624 [ERROR] LogOutputStream:75 - [STDERR_REDIRECT] 
2026-09-13 19:43:48,625 [ERROR] LogOutputStream:75 - [STDERR_REDIRECT] Sep 13, 2026 7:43:48 PM java.util.prefs.FileSystemPreferences syncWorld
2026-09-13 19:43:48,625 [ERROR] LogOutputStream:75 - [STDERR_REDIRECT] WARNING: Couldn't flush system prefs: java.util.prefs.BackingStoreException: Couldn't get file lock.
2026-09-13 19:43:48,625 [ERROR] LogOutputStream:75 - [STDERR_REDIRECT] 
2026-09-13 19:44:18,624 [ERROR] LogOutputStream:75 - [STDERR_REDIRECT] Sep 13, 2026 7:44:18 PM java.util.prefs.FileSystemPreferences checkLockFile0ErrorCode
2026-09-13 19:44:18,624 [ERROR] LogOutputStream:75 - [STDERR_REDIRECT] WARNING: Could not lock System prefs. Unix error code 31548.
2026-09-13 19:44:18,625 [ERROR] LogOutputStream:75 - [STDERR_REDIRECT] 
2026-09-13 19:44:18,625 [ERROR] LogOutputStream:75 - [STDERR_REDIRECT] Sep 13, 2026 7:44:18 PM java.util.prefs.FileSystemPreferences syncWorld
2026-09-13 19:44:18,625 [ERROR] LogOutputStream:75 - [STDERR_REDIRECT] WARNING: Couldn't flush system prefs: java.util.prefs.BackingStoreException: Couldn't get file lock.
2026-09-13 19:44:18,625 [ERROR] LogOutputStream:75 - [STDERR_REDIRECT] 
2026-09-13 19:44:48,625 [ERROR] LogOutputStream:75 - [STDERR_REDIRECT] Sep 13, 2026 7:44:48 PM java.util.prefs.FileSystemPreferences checkLockFile0ErrorCode
2026-09-13 19:44:48,625 [ERROR] LogOutputStream:75 - [STDERR_REDIRECT] WARNING: Could not lock System prefs. Unix error code 31548.
2026-09-13 19:44:48,626 [ERROR] LogOutputStream:75 - [STDERR_REDIRECT] 
2026-09-13 19:44:48,626 [ERROR] LogOutputStream:75 - [STDERR_REDIRECT] Sep 13, 2026 7:44:48 PM java.util.prefs.FileSystemPreferences syncWorld
2026-09-13 19:44:48,626 [ERROR] LogOutputStream:75 - [STDERR_REDIRECT] WARNING: Couldn't flush system prefs: java.util.prefs.BackingStoreException: Couldn't get file lock.
2026-09-13 19:44:48,626 [ERROR] LogOutputStream:75 - [STDERR_REDIRECT] 
2026-09-13 19:45:18,626 [ERROR] LogOutputStream:75 - [STDERR_REDIRECT] Sep 13, 2026 7:45:18 PM java.util.prefs.FileSystemPreferences checkLockFile0ErrorCode
2026-09-13 19:45:18,626 [ERROR] LogOutputStream:75 - [STDERR_REDIRECT] WARNING: Could not lock System prefs. Unix error code 31548.
2026-09-13 19:45:18,626 [ERROR] LogOutputStream:75 - [STDERR_REDIRECT] 
2026-09-13 19:45:18,626 [ERROR] LogOutputStream:75 - [STDERR_REDIRECT] Sep 13, 2026 7:45:18 PM java.util.prefs.FileSystemPreferences syncWorld
2026-09-13 19:45:18,626 [ERROR] LogOutputStream:75 - [STDERR_REDIRECT] WARNING: Couldn't flush system prefs: java.util.prefs.BackingStoreException: Couldn't get file lock.
2026-09-13 19:45:18,626 [ERROR] LogOutputStream:75 - [STDERR_REDIRECT] 
2026-09-13 19:45:48,627 [ERROR] LogOutputStream:75 - [STDERR_REDIRECT] Sep 13, 2026 7:45:48 PM java.util.prefs.FileSystemPreferences checkLockFile0ErrorCode
2026-09-13 19:45:48,628 [ERROR] LogOutputStream:75 - [STDERR_REDIRECT] WARNING: Could not lock System prefs. Unix error code 31548.
2026-09-13 19:45:48,628 [ERROR] LogOutputStream:75 - [STDERR_REDIRECT] 
2026-09-13 19:45:48,628 [ERROR] LogOutputStream:75 - [STDERR_REDIRECT] Sep 13, 2026 7:45:48 PM java.util.prefs.FileSystemPreferences syncWorld
2026-09-13 19:45:48,628 [ERROR] LogOutputStream:75 - [STDERR_REDIRECT] WARNING: Couldn't flush system prefs: java.util.prefs.BackingStoreException: Couldn't get file lock.
2026-09-13 19:45:48,628 [ERROR] LogOutputStream:75 - [STDERR_REDIRECT] 
2026-09-13 19:46:18,628 [ERROR] LogOutputStream:75 - [STDERR_REDIRECT] Sep 13, 2026 7:46:18 PM java.util.prefs.FileSystemPreferences checkLockFile0ErrorCode
2026-09-13 19:46:18,628 [ERROR] LogOutputStream:75 - [STDERR_REDIRECT] WARNING: Could not lock System prefs. Unix error code 31548.
2026-09-13 19:46:18,628 [ERROR] LogOutputStream:75 - [STDERR_REDIRECT] 
2026-09-13 19:46:18,629 [ERROR] LogOutputStream:75 - [STDERR_REDIRECT] Sep 13, 2026 7:46:18 PM java.util.prefs.FileSystemPreferences syncWorld
2026-09-13 19:46:18,629 [ERROR] LogOutputStream:75 - [STDERR_REDIRECT] WARNING: Couldn't flush system prefs: java.util.prefs.BackingStoreException: Couldn't get file lock.
2026-09-13 19:46:18,629 [ERROR] LogOutputStream:75 - [STDERR_REDIRECT] 
2026-09-13 19:46:48,627 [ERROR] LogOutputStream:75 - [STDERR_REDIRECT] Sep 13, 2026 7:46:48 PM java.util.prefs.FileSystemPreferences checkLockFile0ErrorCode
2026-09-13 19:46:48,627 [ERROR] LogOutputStream:75 - [STDERR_REDIRECT] WARNING: Could not lock System prefs. Unix error code 31548.
2026-09-13 19:46:48,627 [ERROR] LogOutputStream:75 - [STDERR_REDIRECT] 
2026-09-13 19:46:48,628 [ERROR] LogOutputStream:75 - [STDERR_REDIRECT] Sep 13, 2026 7:46:48 PM java.util.prefs.FileSystemPreferences syncWorld
2026-09-13 19:46:48,628 [ERROR] LogOutputStream:75 - [STDERR_REDIRECT] WARNING: Couldn't flush system prefs: java.util.prefs.BackingStoreException: Couldn't get file lock.
2026-09-13 19:46:48,628 [ERROR] LogOutputStream:75 - [STDERR_REDIRECT] 
2026-09-13 19:47:18,627 [ERROR] LogOutputStream:75 - [STDERR_REDIRECT] Sep 13, 2026 7:47:18 PM java.util.prefs.FileSystemPreferences checkLockFile0ErrorCode
2026-09-13 19:47:18,627 [ERROR] LogOutputStream:75 - [STDERR_REDIRECT] WARNING: Could not lock System prefs. Unix error code 31548.
2026-09-13 19:47:18,627 [ERROR] LogOutputStream:75 - [STDERR_REDIRECT] 
2026-09-13 19:47:18,628 [ERROR] LogOutputStream:75 - [STDERR_REDIRECT] Sep 13, 2026 7:47:18 PM java.util.prefs.FileSystemPreferences syncWorld
2026-09-13 19:47:18,628 [ERROR] LogOutputStream:75 - [STDERR_REDIRECT] WARNING: Couldn't flush system prefs: java.util.prefs.BackingStoreException: Couldn't get file lock.
2026-09-13 19:47:18,628 [ERROR] LogOutputStream:75 - [STDERR_REDIRECT] 
2026-09-13 19:47:48,628 [ERROR] LogOutputStream:75 - [STDERR_REDIRECT] Sep 13, 2026 7:47:48 PM java.util.prefs.FileSystemPreferences checkLockFile0ErrorCode
2026-09-13 19:47:48,628 [ERROR] LogOutputStream:75 - [STDERR_REDIRECT] WARNING: Could not lock System prefs. Unix error code 31548.
2026-09-13 19:47:48,628 [ERROR] LogOutputStream:75 - [STDERR_REDIRECT] 
2026-09-13 19:47:48,629 [ERROR] LogOutputStream:75 - [STDERR_REDIRECT] Sep 13, 2026 7:47:48 PM java.util.prefs.FileSystemPreferences syncWorld
2026-09-13 19:47:48,629 [ERROR] LogOutputStream:75 - [STDERR_REDIRECT] WARNING: Couldn't flush system prefs: java.util.prefs.BackingStoreException: Couldn't get file lock.
2026-09-13 19:47:48,629 [ERROR] LogOutputStream:75 - [STDERR_REDIRECT] 
2026-09-13 19:48:18,627 [ERROR] LogOutputStream:75 - [STDERR_REDIRECT] Sep 13, 2026 7:48:18 PM java.util.prefs.FileSystemPreferences checkLockFile0ErrorCode
2026-09-13 19:48:18,627 [ERROR] LogOutputStream:75 - [STDERR_REDIRECT] WARNING: Could not lock System prefs. Unix error code 31548.
2026-09-13 19:48:18,627 [ERROR] LogOutputStream:75 - [STDERR_REDIRECT] 
2026-09-13 19:48:18,628 [ERROR] LogOutputStream:75 - [STDERR_REDIRECT] Sep 13, 2026 7:48:18 PM java.util.prefs.FileSystemPreferences syncWorld
2026-09-13 19:48:18,628 [ERROR] LogOutputStream:75 - [STDERR_REDIRECT] WARNING: Couldn't flush system prefs: java.util.prefs.BackingStoreException: Couldn't get file lock.
2026-09-13 19:48:18,628 [ERROR] LogOutputStream:75 - [STDERR_REDIRECT] 
2026-09-13 19:48:48,627 [ERROR] LogOutputStream:75 - [STDERR_REDIRECT] Sep 13, 2026 7:48:48 PM java.util.prefs.FileSystemPreferences checkLockFile0ErrorCode
2026-09-13 19:48:48,627 [ERROR] LogOutputStream:75 - [STDERR_REDIRECT] WARNING: Could not lock System prefs. Unix error code 31548.
2026-09-13 19:48:48,628 [ERROR] LogOutputStream:75 - [STDERR_REDIRECT] 
2026-09-13 19:48:48,628 [ERROR] LogOutputStream:75 - [STDERR_REDIRECT] Sep 13, 2026 7:48:48 PM java.util.prefs.FileSystemPreferences syncWorld
2026-09-13 19:48:48,628 [ERROR] LogOutputStream:75 - [STDERR_REDIRECT] WARNING: Couldn't flush system prefs: java.util.prefs.BackingStoreException: Couldn't get file lock.
2026-09-13 19:48:48,628 [ERROR] LogOutputStream:75 - [STDERR_REDIRECT] 
2026-09-13 19:49:18,628 [ERROR] LogOutputStream:75 - [STDERR_REDIRECT] Sep 13, 2026 7:49:18 PM java.util.prefs.FileSystemPreferences checkLockFile0ErrorCode
2026-09-13 19:49:18,628 [ERROR] LogOutputStream:75 - [STDERR_REDIRECT] WARNING: Could not lock System prefs. Unix error code 31548.
2026-09-13 19:49:18,628 [ERROR] LogOutputStream:75 - [STDERR_REDIRECT] 
2026-09-13 19:49:18,629 [ERROR] LogOutputStream:75 - [STDERR_REDIRECT] Sep 13, 2026 7:49:18 PM java.util.prefs.FileSystemPreferences syncWorld
2026-09-13 19:49:18,629 [ERROR] LogOutputStream:75 - [STDERR_REDIRECT] WARNING: Couldn't flush system prefs: java.util.prefs.BackingStoreException: Couldn't get file lock.
2026-09-13 19:49:18,629 [ERROR] LogOutputStream:75 - [STDERR_REDIRECT] 
2026-09-13 19:49:48,629 [ERROR] LogOutputStream:75 - [STDERR_REDIRECT] Sep 13, 2026 7:49:48 PM java.util.prefs.FileSystemPreferences checkLockFile0ErrorCode
2026-09-13 19:49:48,629 [ERROR] LogOutputStream:75 - [STDERR_REDIRECT] WARNING: Could not lock System prefs. Unix error code 31548.
2026-09-13 19:49:48,629 [ERROR] LogOutputStream:75 - [STDERR_REDIRECT] 
2026-09-13 19:49:48,629 [ERROR] LogOutputStream:75 - [STDERR_REDIRECT] Sep 13, 2026 7:49:48 PM java.util.prefs.FileSystemPreferences syncWorld
2026-09-13 19:49:48,629 [ERROR] LogOutputStream:75 - [STDERR_REDIRECT] WARNING: Couldn't flush system prefs: java.util.prefs.BackingStoreException: Couldn't get file lock.
2026-09-13 19:49:48,630 [ERROR] LogOutputStream:75 - [STDERR_REDIRECT] 
2026-09-13 19:50:18,628 [ERROR] LogOutputStream:75 - [STDERR_REDIRECT] Sep 13, 2026 7:50:18 PM java.util.prefs.FileSystemPreferences checkLockFile0ErrorCode
2026-09-13 19:50:18,628 [ERROR] LogOutputStream:75 - [STDERR_REDIRECT] WARNING: Could not lock System prefs. Unix error code 31548.
2026-09-13 19:50:18,629 [ERROR] LogOutputStream:75 - [STDERR_REDIRECT] 
2026-09-13 19:50:18,629 [ERROR] LogOutputStream:75 - [STDERR_REDIRECT] Sep 13, 2026 7:50:18 PM java.util.prefs.FileSystemPreferences syncWorld
2026-09-13 19:50:18,629 [ERROR] LogOutputStream:75 - [STDERR_REDIRECT] WARNING: Couldn't flush system prefs: java.util.prefs.BackingStoreException: Couldn't get file lock.
2026-09-13 19:50:18,629 [ERROR] LogOutputStream:75 - [STDERR_REDIRECT] 
2026-09-13 19:50:48,629 [ERROR] LogOutputStream:75 - [STDERR_REDIRECT] Sep 13, 2026 7:50:48 PM java.util.prefs.FileSystemPreferences checkLockFile0ErrorCode
2026-09-13 19:50:48,630 [ERROR] LogOutputStream:75 - [STDERR_REDIRECT] WARNING: Could not lock System prefs. Unix error code 31548.
2026-09-13 19:50:48,630 [ERROR] LogOutputStream:75 - [STDERR_REDIRECT] 
2026-09-13 19:50:48,630 [ERROR] LogOutputStream:75 - [STDERR_REDIRECT] Sep 13, 2026 7:50:48 PM java.util.prefs.FileSystemPreferences syncWorld
2026-09-13 19:50:48,630 [ERROR] LogOutputStream:75 - [STDERR_REDIRECT] WARNING: Couldn't flush system prefs: java.util.prefs.BackingStoreException: Couldn't get file lock.
2026-09-13 19:50:48,630 [ERROR] LogOutputStream:75 - [STDERR_REDIRECT] 
2026-09-13 19:51:18,630 [ERROR] LogOutputStream:75 - [STDERR_REDIRECT] Sep 13, 2026 7:51:18 PM java.util.prefs.FileSystemPreferences checkLockFile0ErrorCode
2026-09-13 19:51:18,630 [ERROR] LogOutputStream:75 - [STDERR_REDIRECT] WARNING: Could not lock System prefs. Unix error code 31548.
2026-09-13 19:51:18,630 [ERROR] LogOutputStream:75 - [STDERR_REDIRECT] 
2026-09-13 19:51:18,631 [ERROR] LogOutputStream:75 - [STDERR_REDIRECT] Sep 13, 2026 7:51:18 PM java.util.prefs.FileSystemPreferences syncWorld
2026-09-13 19:51:18,631 [ERROR] LogOutputStream:75 - [STDERR_REDIRECT] WARNING: Couldn't flush system prefs: java.util.prefs.BackingStoreException: Couldn't get file lock.
2026-09-13 19:51:18,631 [ERROR] LogOutputStream:75 - [STDERR_REDIRECT] 
2026-09-13 19:51:48,630 [ERROR] LogOutputStream:75 - [STDERR_REDIRECT] Sep 13, 2026 7:51:48 PM java.util.prefs.FileSystemPreferences checkLockFile0ErrorCode
2026-09-13 19:51:48,630 [ERROR] LogOutputStream:75 - [STDERR_REDIRECT] WARNING: Could not lock System prefs. Unix error code 31548.
2026-09-13 19:51:48,630 [ERROR] LogOutputStream:75 - [STDERR_REDIRECT] 
2026-09-13 19:51:48,631 [ERROR] LogOutputStream:75 - [STDERR_REDIRECT] Sep 13, 2026 7:51:48 PM java.util.prefs.FileSystemPreferences syncWorld
2026-09-13 19:51:48,631 [ERROR] LogOutputStream:75 - [STDERR_REDIRECT] WARNING: Couldn't flush system prefs: java.util.prefs.BackingStoreException: Couldn't get file lock.
2026-09-13 19:51:48,631 [ERROR] LogOutputStream:75 - [STDERR_REDIRECT] 
2026-09-13 19:52:18,630 [ERROR] LogOutputStream:75 - [STDERR_REDIRECT] Sep 13, 2026 7:52:18 PM java.util.prefs.FileSystemPreferences checkLockFile0ErrorCode
2026-09-13 19:52:18,631 [ERROR] LogOutputStream:75 - [STDERR_REDIRECT] WARNING: Could not lock System prefs. Unix error code 31548.
2026-09-13 19:52:18,631 [ERROR] LogOutputStream:75 - [STDERR_REDIRECT] 
2026-09-13 19:52:18,631 [ERROR] LogOutputStream:75 - [STDERR_REDIRECT] Sep 13, 2026 7:52:18 PM java.util.prefs.FileSystemPreferences syncWorld
2026-09-13 19:52:18,631 [ERROR] LogOutputStream:75 - [STDERR_REDIRECT] WARNING: Couldn't flush system prefs: java.util.prefs.BackingStoreException: Couldn't get file lock.
2026-09-13 19:52:18,631 [ERROR] LogOutputStream:75 - [STDERR_REDIRECT] 
2026-09-13 19:52:48,631 [ERROR] LogOutputStream:75 - [STDERR_REDIRECT] Sep 13, 2026 7:52:48 PM java.util.prefs.FileSystemPreferences checkLockFile0ErrorCode
2026-09-13 19:52:48,631 [ERROR] LogOutputStream:75 - [STDERR_REDIRECT] WARNING: Could not lock System prefs. Unix error code 31548.
2026-09-13 19:52:48,631 [ERROR] LogOutputStream:75 - [STDERR_REDIRECT] 
2026-09-13 19:52:48,632 [ERROR] LogOutputStream:75 - [STDERR_REDIRECT] Sep 13, 2026 7:52:48 PM java.util.prefs.FileSystemPreferences syncWorld
2026-09-13 19:52:48,632 [ERROR] LogOutputStream:75 - [STDERR_REDIRECT] WARNING: Couldn't flush system prefs: java.util.prefs.BackingStoreException: Couldn't get file lock.
2026-09-13 19:52:48,632 [ERROR] LogOutputStream:75 - [STDERR_REDIRECT] 
2026-09-13 19:53:18,632 [ERROR] LogOutputStream:75 - [STDERR_REDIRECT] Sep 13, 2026 7:53:18 PM java.util.prefs.FileSystemPreferences checkLockFile0ErrorCode
2026-09-13 19:53:18,632 [ERROR] LogOutputStream:75 - [STDERR_REDIRECT] WARNING: Could not lock System prefs. Unix error code 31548.
2026-09-13 19:53:18,632 [ERROR] LogOutputStream:75 - [STDERR_REDIRECT] 
2026-09-13 19:53:18,633 [ERROR] LogOutputStream:75 - [STDERR_REDIRECT] Sep 13, 2026 7:53:18 PM java.util.prefs.FileSystemPreferences syncWorld
2026-09-13 19:53:18,633 [ERROR] LogOutputStream:75 - [STDERR_REDIRECT] WARNING: Couldn't flush system prefs: java.util.prefs.BackingStoreException: Couldn't get file lock.
2026-09-13 19:53:18,633 [ERROR] LogOutputStream:75 - [STDERR_REDIRECT] 
2026-09-13 19:53:48,632 [ERROR] LogOutputStream:75 - [STDERR_REDIRECT] Sep 13, 2026 7:53:48 PM java.util.prefs.FileSystemPreferences checkLockFile0ErrorCode
2026-09-13 19:53:48,632 [ERROR] LogOutputStream:75 - [STDERR_REDIRECT] WARNING: Could not lock System prefs. Unix error code 31548.
2026-09-13 19:53:48,632 [ERROR] LogOutputStream:75 - [STDERR_REDIRECT] 
2026-09-13 19:53:48,633 [ERROR] LogOutputStream:75 - [STDERR_REDIRECT] Sep 13, 2026 7:53:48 PM java.util.prefs.FileSystemPreferences syncWorld
2026-09-13 19:53:48,633 [ERROR] LogOutputStream:75 - [STDERR_REDIRECT] WARNING: Couldn't flush system prefs: java.util.prefs.BackingStoreException: Couldn't get file lock.
2026-09-13 19:53:48,633 [ERROR] LogOutputStream:75 - [STDERR_REDIRECT] 
2026-09-13 19:54:18,631 [ERROR] LogOutputStream:75 - [STDERR_REDIRECT] Sep 13, 2026 7:54:18 PM java.util.prefs.FileSystemPreferences checkLockFile0ErrorCode
2026-09-13 19:54:18,631 [ERROR] LogOutputStream:75 - [STDERR_REDIRECT] WARNING: Could not lock System prefs. Unix error code 31548.
2026-09-13 19:54:18,632 [ERROR] LogOutputStream:75 - [STDERR_REDIRECT] 
2026-09-13 19:54:18,632 [ERROR] LogOutputStream:75 - [STDERR_REDIRECT] Sep 13, 2026 7:54:18 PM java.util.prefs.FileSystemPreferences syncWorld
2026-09-13 19:54:18,632 [ERROR] LogOutputStream:75 - [STDERR_REDIRECT] WARNING: Couldn't flush system prefs: java.util.prefs.BackingStoreException: Couldn't get file lock.
2026-09-13 19:54:18,632 [ERROR] LogOutputStream:75 - [STDERR_REDIRECT] 
2026-09-13 19:54:48,632 [ERROR] LogOutputStream:75 - [STDERR_REDIRECT] Sep 13, 2026 7:54:48 PM java.util.prefs.FileSystemPreferences checkLockFile0ErrorCode
2026-09-13 19:54:48,632 [ERROR] LogOutputStream:75 - [STDERR_REDIRECT] WARNING: Could not lock System prefs. Unix error code 31548.
2026-09-13 19:54:48,632 [ERROR] LogOutputStream:75 - [STDERR_REDIRECT] 
2026-09-13 19:54:48,633 [ERROR] LogOutputStream:75 - [STDERR_REDIRECT] Sep 13, 2026 7:54:48 PM java.util.prefs.FileSystemPreferences syncWorld
2026-09-13 19:54:48,633 [ERROR] LogOutputStream:75 - [STDERR_REDIRECT] WARNING: Couldn't flush system prefs: java.util.prefs.BackingStoreException: Couldn't get file lock.
2026-09-13 19:54:48,633 [ERROR] LogOutputStream:75 - [STDERR_REDIRECT] 
2026-09-13 19:55:18,632 [ERROR] LogOutputStream:75 - [STDERR_REDIRECT] Sep 13, 2026 7:55:18 PM java.util.prefs.FileSystemPreferences checkLockFile0ErrorCode
2026-09-13 19:55:18,632 [ERROR] LogOutputStream:75 - [STDERR_REDIRECT] WARNING: Could not lock System prefs. Unix error code 31548.
2026-09-13 19:55:18,632 [ERROR] LogOutputStream:75 - [STDERR_REDIRECT] 
2026-09-13 19:55:18,633 [ERROR] LogOutputStream:75 - [STDERR_REDIRECT] Sep 13, 2026 7:55:18 PM java.util.prefs.FileSystemPreferences syncWorld
2026-09-13 19:55:18,633 [ERROR] LogOutputStream:75 - [STDERR_REDIRECT] WARNING: Couldn't flush system prefs: java.util.prefs.BackingStoreException: Couldn't get file lock.
2026-09-13 19:55:18,633 [ERROR] LogOutputStream:75 - [STDERR_REDIRECT] 
2026-09-13 19:55:48,633 [ERROR] LogOutputStream:75 - [STDERR_REDIRECT] Sep 13, 2026 7:55:48 PM java.util.prefs.FileSystemPreferences checkLockFile0ErrorCode
2026-09-13 19:55:48,633 [ERROR] LogOutputStream:75 - [STDERR_REDIRECT] WARNING: Could not lock System prefs. Unix error code 31548.
2026-09-13 19:55:48,633 [ERROR] LogOutputStream:75 - [STDERR_REDIRECT] 
2026-09-13 19:55:48,633 [ERROR] LogOutputStream:75 - [STDERR_REDIRECT] Sep 13, 2026 7:55:48 PM java.util.prefs.FileSystemPreferences syncWorld
2026-09-13 19:55:48,634 [ERROR] LogOutputStream:75 - [STDERR_REDIRECT] WARNING: Couldn't flush system prefs: java.util.prefs.BackingStoreException: Couldn't get file lock.
2026-09-13 19:55:48,634 [ERROR] LogOutputStream:75 - [STDERR_REDIRECT] 
2026-09-13 19:56:18,632 [ERROR] LogOutputStream:75 - [STDERR_REDIRECT] Sep 13, 2026 7:56:18 PM java.util.prefs.FileSystemPreferences checkLockFile0ErrorCode
2026-09-13 19:56:18,632 [ERROR] LogOutputStream:75 - [STDERR_REDIRECT] WARNING: Could not lock System prefs. Unix error code 31548.
2026-09-13 19:56:18,632 [ERROR] LogOutputStream:75 - [STDERR_REDIRECT] 
2026-09-13 19:56:18,633 [ERROR] LogOutputStream:75 - [STDERR_REDIRECT] Sep 13, 2026 7:56:18 PM java.util.prefs.FileSystemPreferences syncWorld
2026-09-13 19:56:18,633 [ERROR] LogOutputStream:75 - [STDERR_REDIRECT] WARNING: Couldn't flush system prefs: java.util.prefs.BackingStoreException: Couldn't get file lock.
2026-09-13 19:56:18,633 [ERROR] LogOutputStream:75 - [STDERR_REDIRECT] 
2026-09-13 19:56:48,632 [ERROR] LogOutputStream:75 - [STDERR_REDIRECT] Sep 13, 2026 7:56:48 PM java.util.prefs.FileSystemPreferences checkLockFile0ErrorCode
2026-09-13 19:56:48,632 [ERROR] LogOutputStream:75 - [STDERR_REDIRECT] WARNING: Could not lock System prefs. Unix error code 31548.
2026-09-13 19:56:48,633 [ERROR] LogOutputStream:75 - [STDERR_REDIRECT] 
2026-09-13 19:56:48,633 [ERROR] LogOutputStream:75 - [STDERR_REDIRECT] Sep 13, 2026 7:56:48 PM java.util.prefs.FileSystemPreferences syncWorld
2026-09-13 19:56:48,633 [ERROR] LogOutputStream:75 - [STDERR_REDIRECT] WARNING: Couldn't flush system prefs: java.util.prefs.BackingStoreException: Couldn't get file lock.
2026-09-13 19:56:48,633 [ERROR] LogOutputStream:75 - [STDERR_REDIRECT] 
2026-09-13 19:57:18,633 [ERROR] LogOutputStream:75 - [STDERR_REDIRECT] Sep 13, 2026 7:57:18 PM java.util.prefs.FileSystemPreferences checkLockFile0ErrorCode
2026-09-13 19:57:18,633 [ERROR] LogOutputStream:75 - [STDERR_REDIRECT] WARNING: Could not lock System prefs. Unix error code 31548.
2026-09-13 19:57:18,633 [ERROR] LogOutputStream:75 - [STDERR_REDIRECT] 
2026-09-13 19:57:18,634 [ERROR] LogOutputStream:75 - [STDERR_REDIRECT] Sep 13, 2026 7:57:18 PM java.util.prefs.FileSystemPreferences syncWorld
2026-09-13 19:57:18,634 [ERROR] LogOutputStream:75 - [STDERR_REDIRECT] WARNING: Couldn't flush system prefs: java.util.prefs.BackingStoreException: Couldn't get file lock.
2026-09-13 19:57:18,634 [ERROR] LogOutputStream:75 - [STDERR_REDIRECT] 
2026-09-13 19:57:48,632 [ERROR] LogOutputStream:75 - [STDERR_REDIRECT] Sep 13, 2026 7:57:48 PM java.util.prefs.FileSystemPreferences checkLockFile0ErrorCode
2026-09-13 19:57:48,632 [ERROR] LogOutputStream:75 - [STDERR_REDIRECT] WARNING: Could not lock System prefs. Unix error code 31548.
2026-09-13 19:57:48,632 [ERROR] LogOutputStream:75 - [STDERR_REDIRECT] 
2026-09-13 19:57:48,633 [ERROR] LogOutputStream:75 - [STDERR_REDIRECT] Sep 13, 2026 7:57:48 PM java.util.prefs.FileSystemPreferences syncWorld
2026-09-13 19:57:48,633 [ERROR] LogOutputStream:75 - [STDERR_REDIRECT] WARNING: Couldn't flush system prefs: java.util.prefs.BackingStoreException: Couldn't get file lock.
2026-09-13 19:57:48,633 [ERROR] LogOutputStream:75 - [STDERR_REDIRECT] 
2026-09-13 19:58:18,633 [ERROR] LogOutputStream:75 - [STDERR_REDIRECT] Sep 13, 2026 7:58:18 PM java.util.prefs.FileSystemPreferences checkLockFile0ErrorCode
2026-09-13 19:58:18,634 [ERROR] LogOutputStream:75 - [STDERR_REDIRECT] WARNING: Could not lock System prefs. Unix error code 31548.
2026-09-13 19:58:18,634 [ERROR] LogOutputStream:75 - [STDERR_REDIRECT] 
2026-09-13 19:58:18,634 [ERROR] LogOutputStream:75 - [STDERR_REDIRECT] Sep 13, 2026 7:58:18 PM java.util.prefs.FileSystemPreferences syncWorld
2026-09-13 19:58:18,634 [ERROR] LogOutputStream:75 - [STDERR_REDIRECT] WARNING: Couldn't flush system prefs: java.util.prefs.BackingStoreException: Couldn't get file lock.
2026-09-13 19:58:18,634 [ERROR] LogOutputStream:75 - [STDERR_REDIRECT] 
2026-09-13 19:58:48,633 [ERROR] LogOutputStream:75 - [STDERR_REDIRECT] Sep 13, 2026 7:58:48 PM java.util.prefs.FileSystemPreferences checkLockFile0ErrorCode
2026-09-13 19:58:48,633 [ERROR] LogOutputStream:75 - [STDERR_REDIRECT] WARNING: Could not lock System prefs. Unix error code 31548.
2026-09-13 19:58:48,634 [ERROR] LogOutputStream:75 - [STDERR_REDIRECT] 
2026-09-13 19:58:48,634 [ERROR] LogOutputStream:75 - [STDERR_REDIRECT] Sep 13, 2026 7:58:48 PM java.util.prefs.FileSystemPreferences syncWorld
2026-09-13 19:58:48,634 [ERROR] LogOutputStream:75 - [STDERR_REDIRECT] WARNING: Couldn't flush system prefs: java.util.prefs.BackingStoreException: Couldn't get file lock.
2026-09-13 19:58:48,634 [ERROR] LogOutputStream:75 - [STDERR_REDIRECT] 
2026-09-13 19:59:18,634 [ERROR] LogOutputStream:75 - [STDERR_REDIRECT] Sep 13, 2026 7:59:18 PM java.util.prefs.FileSystemPreferences checkLockFile0ErrorCode
2026-09-13 19:59:18,634 [ERROR] LogOutputStream:75 - [STDERR_REDIRECT] WARNING: Could not lock System prefs. Unix error code 31548.
2026-09-13 19:59:18,634 [ERROR] LogOutputStream:75 - [STDERR_REDIRECT] 
2026-09-13 19:59:18,635 [ERROR] LogOutputStream:75 - [STDERR_REDIRECT] Sep 13, 2026 7:59:18 PM java.util.prefs.FileSystemPreferences syncWorld
2026-09-13 19:59:18,635 [ERROR] LogOutputStream:75 - [STDERR_REDIRECT] WARNING: Couldn't flush system prefs: java.util.prefs.BackingStoreException: Couldn't get file lock.
2026-09-13 19:59:18,635 [ERROR] LogOutputStream:75 - [STDERR_REDIRECT] 
2026-09-13 19:59:48,635 [ERROR] LogOutputStream:75 - [STDERR_REDIRECT] Sep 13, 2026 7:59:48 PM java.util.prefs.FileSystemPreferences checkLockFile0ErrorCode
2026-09-13 19:59:48,635 [ERROR] LogOutputStream:75 - [STDERR_REDIRECT] WARNING: Could not lock System prefs. Unix error code 31548.
2026-09-13 19:59:48,636 [ERROR] LogOutputStream:75 - [STDERR_REDIRECT] 
2026-09-13 19:59:48,636 [ERROR] LogOutputStream:75 - [STDERR_REDIRECT] Sep 13, 2026 7:59:48 PM java.util.prefs.FileSystemPreferences syncWorld
2026-09-13 19:59:48,636 [ERROR] LogOutputStream:75 - [STDERR_REDIRECT] WARNING: Couldn't flush system prefs: java.util.prefs.BackingStoreException: Couldn't get file lock.
2026-09-13 19:59:48,636 [ERROR] LogOutputStream:75 - [STDERR_REDIRECT] 
2026-09-13 20:00:18,635 [ERROR] LogOutputStream:75 - [STDERR_REDIRECT] Sep 13, 2026 8:00:18 PM java.util.prefs.FileSystemPreferences checkLockFile0ErrorCode
2026-09-13 20:00:18,635 [ERROR] LogOutputStream:75 - [STDERR_REDIRECT] WARNING: Could not lock System prefs. Unix error code 31548.
2026-09-13 20:00:18,635 [ERROR] LogOutputStream:75 - [STDERR_REDIRECT] 
2026-09-13 20:00:18,636 [ERROR] LogOutputStream:75 - [STDERR_REDIRECT] Sep 13, 2026 8:00:18 PM java.util.prefs.FileSystemPreferences syncWorld
2026-09-13 20:00:18,636 [ERROR] LogOutputStream:75 - [STDERR_REDIRECT] WARNING: Couldn't flush system prefs: java.util.prefs.BackingStoreException: Couldn't get file lock.
2026-09-13 20:00:18,636 [ERROR] LogOutputStream:75 - [STDERR_REDIRECT] 
2026-09-13 20:00:48,635 [ERROR] LogOutputStream:75 - [STDERR_REDIRECT] Sep 13, 2026 8:00:48 PM java.util.prefs.FileSystemPreferences checkLockFile0ErrorCode
2026-09-13 20:00:48,636 [ERROR] LogOutputStream:75 - [STDERR_REDIRECT] WARNING: Could not lock System prefs. Unix error code 31548.
2026-09-13 20:00:48,636 [ERROR] LogOutputStream:75 - [STDERR_REDIRECT] 
2026-09-13 20:00:48,636 [ERROR] LogOutputStream:75 - [STDERR_REDIRECT] Sep 13, 2026 8:00:48 PM java.util.prefs.FileSystemPreferences syncWorld
2026-09-13 20:00:48,636 [ERROR] LogOutputStream:75 - [STDERR_REDIRECT] WARNING: Couldn't flush system prefs: java.util.prefs.BackingStoreException: Couldn't get file lock.
2026-09-13 20:00:48,636 [ERROR] LogOutputStream:75 - [STDERR_REDIRECT] 
2026-09-13 20:01:18,636 [ERROR] LogOutputStream:75 - [STDERR_REDIRECT] Sep 13, 2026 8:01:18 PM java.util.prefs.FileSystemPreferences checkLockFile0ErrorCode
2026-09-13 20:01:18,636 [ERROR] LogOutputStream:75 - [STDERR_REDIRECT] WARNING: Could not lock System prefs. Unix error code 31548.
2026-09-13 20:01:18,636 [ERROR] LogOutputStream:75 - [STDERR_REDIRECT] 
2026-09-13 20:01:18,637 [ERROR] LogOutputStream:75 - [STDERR_REDIRECT] Sep 13, 2026 8:01:18 PM java.util.prefs.FileSystemPreferences syncWorld
2026-09-13 20:01:18,637 [ERROR] LogOutputStream:75 - [STDERR_REDIRECT] WARNING: Couldn't flush system prefs: java.util.prefs.BackingStoreException: Couldn't get file lock.
2026-09-13 20:01:18,637 [ERROR] LogOutputStream:75 - [STDERR_REDIRECT] 
2026-09-13 20:01:48,637 [ERROR] LogOutputStream:75 - [STDERR_REDIRECT] Sep 13, 2026 8:01:48 PM java.util.prefs.FileSystemPreferences checkLockFile0ErrorCode
2026-09-13 20:01:48,637 [ERROR] LogOutputStream:75 - [STDERR_REDIRECT] WARNING: Could not lock System prefs. Unix error code 31548.
2026-09-13 20:01:48,637 [ERROR] LogOutputStream:75 - [STDERR_REDIRECT] 
2026-09-13 20:01:48,637 [ERROR] LogOutputStream:75 - [STDERR_REDIRECT] Sep 13, 2026 8:01:48 PM java.util.prefs.FileSystemPreferences syncWorld
2026-09-13 20:01:48,638 [ERROR] LogOutputStream:75 - [STDERR_REDIRECT] WARNING: Couldn't flush system prefs: java.util.prefs.BackingStoreException: Couldn't get file lock.
2026-09-13 20:01:48,638 [ERROR] LogOutputStream:75 - [STDERR_REDIRECT] 
2026-09-13 20:02:18,636 [ERROR] LogOutputStream:75 - [STDERR_REDIRECT] Sep 13, 2026 8:02:18 PM java.util.prefs.FileSystemPreferences checkLockFile0ErrorCode
2026-09-13 20:02:18,636 [ERROR] LogOutputStream:75 - [STDERR_REDIRECT] WARNING: Could not lock System prefs. Unix error code 31548.
2026-09-13 20:02:18,636 [ERROR] LogOutputStream:75 - [STDERR_REDIRECT] 
2026-09-13 20:02:18,637 [ERROR] LogOutputStream:75 - [STDERR_REDIRECT] Sep 13, 2026 8:02:18 PM java.util.prefs.FileSystemPreferences syncWorld
2026-09-13 20:02:18,637 [ERROR] LogOutputStream:75 - [STDERR_REDIRECT] WARNING: Couldn't flush system prefs: java.util.prefs.BackingStoreException: Couldn't get file lock.
2026-09-13 20:02:18,637 [ERROR] LogOutputStream:75 - [STDERR_REDIRECT] 
2026-09-13 20:02:48,637 [ERROR] LogOutputStream:75 - [STDERR_REDIRECT] Sep 13, 2026 8:02:48 PM java.util.prefs.FileSystemPreferences checkLockFile0ErrorCode
2026-09-13 20:02:48,637 [ERROR] LogOutputStream:75 - [STDERR_REDIRECT] WARNING: Could not lock System prefs. Unix error code 31548.
2026-09-13 20:02:48,637 [ERROR] LogOutputStream:75 - [STDERR_REDIRECT] 
2026-09-13 20:02:48,637 [ERROR] LogOutputStream:75 - [STDERR_REDIRECT] Sep 13, 2026 8:02:48 PM java.util.prefs.FileSystemPreferences syncWorld
2026-09-13 20:02:48,638 [ERROR] LogOutputStream:75 - [STDERR_REDIRECT] WARNING: Couldn't flush system prefs: java.util.prefs.BackingStoreException: Couldn't get file lock.
2026-09-13 20:02:48,638 [ERROR] LogOutputStream:75 - [STDERR_REDIRECT] 
2026-09-13 20:03:18,636 [ERROR] LogOutputStream:75 - [STDERR_REDIRECT] Sep 13, 2026 8:03:18 PM java.util.prefs.FileSystemPreferences checkLockFile0ErrorCode
2026-09-13 20:03:18,637 [ERROR] LogOutputStream:75 - [STDERR_REDIRECT] WARNING: Could not lock System prefs. Unix error code 31548.
2026-09-13 20:03:18,637 [ERROR] LogOutputStream:75 - [STDERR_REDIRECT] 
2026-09-13 20:03:18,637 [ERROR] LogOutputStream:75 - [STDERR_REDIRECT] Sep 13, 2026 8:03:18 PM java.util.prefs.FileSystemPreferences syncWorld
2026-09-13 20:03:18,637 [ERROR] LogOutputStream:75 - [STDERR_REDIRECT] WARNING: Couldn't flush system prefs: java.util.prefs.BackingStoreException: Couldn't get file lock.
2026-09-13 20:03:18,637 [ERROR] LogOutputStream:75 - [STDERR_REDIRECT] 
2026-09-13 20:03:48,637 [ERROR] LogOutputStream:75 - [STDERR_REDIRECT] Sep 13, 2026 8:03:48 PM java.util.prefs.FileSystemPreferences checkLockFile0ErrorCode
2026-09-13 20:03:48,638 [ERROR] LogOutputStream:75 - [STDERR_REDIRECT] WARNING: Could not lock System prefs. Unix error code 31548.
2026-09-13 20:03:48,638 [ERROR] LogOutputStream:75 - [STDERR_REDIRECT] 
2026-09-13 20:03:48,638 [ERROR] LogOutputStream:75 - [STDERR_REDIRECT] Sep 13, 2026 8:03:48 PM java.util.prefs.FileSystemPreferences syncWorld
2026-09-13 20:03:48,639 [ERROR] LogOutputStream:75 - [STDERR_REDIRECT] WARNING: Couldn't flush system prefs: java.util.prefs.BackingStoreException: Couldn't get file lock.
2026-09-13 20:03:48,640 [ERROR] LogOutputStream:75 - [STDERR_REDIRECT] 
2026-09-13 20:04:18,638 [ERROR] LogOutputStream:75 - [STDERR_REDIRECT] Sep 13, 2026 8:04:18 PM java.util.prefs.FileSystemPreferences checkLockFile0ErrorCode
2026-09-13 20:04:18,638 [ERROR] LogOutputStream:75 - [STDERR_REDIRECT] WARNING: Could not lock System prefs. Unix error code 31548.
2026-09-13 20:04:18,638 [ERROR] LogOutputStream:75 - [STDERR_REDIRECT] 
2026-09-13 20:04:18,638 [ERROR] LogOutputStream:75 - [STDERR_REDIRECT] Sep 13, 2026 8:04:18 PM java.util.prefs.FileSystemPreferences syncWorld
2026-09-13 20:04:18,638 [ERROR] LogOutputStream:75 - [STDERR_REDIRECT] WARNING: Couldn't flush system prefs: java.util.prefs.BackingStoreException: Couldn't get file lock.
2026-09-13 20:04:18,640 [ERROR] LogOutputStream:75 - [STDERR_REDIRECT] 
2026-09-13 20:04:48,638 [ERROR] LogOutputStream:75 - [STDERR_REDIRECT] Sep 13, 2026 8:04:48 PM java.util.prefs.FileSystemPreferences checkLockFile0ErrorCode
2026-09-13 20:04:48,638 [ERROR] LogOutputStream:75 - [STDERR_REDIRECT] WARNING: Could not lock System prefs. Unix error code 31548.
2026-09-13 20:04:48,639 [ERROR] LogOutputStream:75 - [STDERR_REDIRECT] 
2026-09-13 20:04:48,639 [ERROR] LogOutputStream:75 - [STDERR_REDIRECT] Sep 13, 2026 8:04:48 PM java.util.prefs.FileSystemPreferences syncWorld
2026-09-13 20:04:48,639 [ERROR] LogOutputStream:75 - [STDERR_REDIRECT] WARNING: Couldn't flush system prefs: java.util.prefs.BackingStoreException: Couldn't get file lock.
2026-09-13 20:04:48,640 [ERROR] LogOutputStream:75 - [STDERR_REDIRECT] 
2026-09-13 20:05:18,637 [ERROR] LogOutputStream:75 - [STDERR_REDIRECT] Sep 13, 2026 8:05:18 PM java.util.prefs.FileSystemPreferences checkLockFile0ErrorCode
2026-09-13 20:05:18,638 [ERROR] LogOutputStream:75 - [STDERR_REDIRECT] WARNING: Could not lock System prefs. Unix error code 31548.
2026-09-13 20:05:18,638 [ERROR] LogOutputStream:75 - [STDERR_REDIRECT] 
2026-09-13 20:05:18,638 [ERROR] LogOutputStream:75 - [STDERR_REDIRECT] Sep 13, 2026 8:05:18 PM java.util.prefs.FileSystemPreferences syncWorld
2026-09-13 20:05:18,638 [ERROR] LogOutputStream:75 - [STDERR_REDIRECT] WARNING: Couldn't flush system prefs: java.util.prefs.BackingStoreException: Couldn't get file lock.
2026-09-13 20:05:18,638 [ERROR] LogOutputStream:75 - [STDERR_REDIRECT] 
2026-09-13 20:05:48,638 [ERROR] LogOutputStream:75 - [STDERR_REDIRECT] Sep 13, 2026 8:05:48 PM java.util.prefs.FileSystemPreferences checkLockFile0ErrorCode
2026-09-13 20:05:48,638 [ERROR] LogOutputStream:75 - [STDERR_REDIRECT] WARNING: Could not lock System prefs. Unix error code 31548.
2026-09-13 20:05:48,638 [ERROR] LogOutputStream:75 - [STDERR_REDIRECT] 
2026-09-13 20:05:48,638 [ERROR] LogOutputStream:75 - [STDERR_REDIRECT] Sep 13, 2026 8:05:48 PM java.util.prefs.FileSystemPreferences syncWorld
2026-09-13 20:05:48,638 [ERROR] LogOutputStream:75 - [STDERR_REDIRECT] WARNING: Couldn't flush system prefs: java.util.prefs.BackingStoreException: Couldn't get file lock.
2026-09-13 20:05:48,638 [ERROR] LogOutputStream:75 - [STDERR_REDIRECT] 
2026-09-13 20:06:18,638 [ERROR] LogOutputStream:75 - [STDERR_REDIRECT] Sep 13, 2026 8:06:18 PM java.util.prefs.FileSystemPreferences checkLockFile0ErrorCode
2026-09-13 20:06:18,639 [ERROR] LogOutputStream:75 - [STDERR_REDIRECT] WARNING: Could not lock System prefs. Unix error code 31548.
2026-09-13 20:06:18,639 [ERROR] LogOutputStream:75 - [STDERR_REDIRECT] 
2026-09-13 20:06:18,639 [ERROR] LogOutputStream:75 - [STDERR_REDIRECT] Sep 13, 2026 8:06:18 PM java.util.prefs.FileSystemPreferences syncWorld
2026-09-13 20:06:18,639 [ERROR] LogOutputStream:75 - [STDERR_REDIRECT] WARNING: Couldn't flush system prefs: java.util.prefs.BackingStoreException: Couldn't get file lock.
2026-09-13 20:06:18,639 [ERROR] LogOutputStream:75 - [STDERR_REDIRECT] 
2026-09-13 20:06:48,639 [ERROR] LogOutputStream:75 - [STDERR_REDIRECT] Sep 13, 2026 8:06:48 PM java.util.prefs.FileSystemPreferences checkLockFile0ErrorCode
2026-09-13 20:06:48,639 [ERROR] LogOutputStream:75 - [STDERR_REDIRECT] WARNING: Could not lock System prefs. Unix error code 31548.
2026-09-13 20:06:48,639 [ERROR] LogOutputStream:75 - [STDERR_REDIRECT] 
2026-09-13 20:06:48,639 [ERROR] LogOutputStream:75 - [STDERR_REDIRECT] Sep 13, 2026 8:06:48 PM java.util.prefs.FileSystemPreferences syncWorld
2026-09-13 20:06:48,640 [ERROR] LogOutputStream:75 - [STDERR_REDIRECT] WARNING: Couldn't flush system prefs: java.util.prefs.BackingStoreException: Couldn't get file lock.
2026-09-13 20:06:48,640 [ERROR] LogOutputStream:75 - [STDERR_REDIRECT] 
2026-09-13 20:07:18,639 [ERROR] LogOutputStream:75 - [STDERR_REDIRECT] Sep 13, 2026 8:07:18 PM java.util.prefs.FileSystemPreferences checkLockFile0ErrorCode
2026-09-13 20:07:18,640 [ERROR] LogOutputStream:75 - [STDERR_REDIRECT] WARNING: Could not lock System prefs. Unix error code 31548.
2026-09-13 20:07:18,640 [ERROR] LogOutputStream:75 - [STDERR_REDIRECT] 
2026-09-13 20:07:18,640 [ERROR] LogOutputStream:75 - [STDERR_REDIRECT] Sep 13, 2026 8:07:18 PM java.util.prefs.FileSystemPreferences syncWorld
2026-09-13 20:07:18,640 [ERROR] LogOutputStream:75 - [STDERR_REDIRECT] WARNING: Couldn't flush system prefs: java.util.prefs.BackingStoreException: Couldn't get file lock.
2026-09-13 20:07:18,640 [ERROR] LogOutputStream:75 - [STDERR_REDIRECT] 
2026-09-13 20:07:48,640 [ERROR] LogOutputStream:75 - [STDERR_REDIRECT] Sep 13, 2026 8:07:48 PM java.util.prefs.FileSystemPreferences checkLockFile0ErrorCode
2026-09-13 20:07:48,640 [ERROR] LogOutputStream:75 - [STDERR_REDIRECT] WARNING: Could not lock System prefs. Unix error code 31548.
2026-09-13 20:07:48,640 [ERROR] LogOutputStream:75 - [STDERR_REDIRECT] 
2026-09-13 20:07:48,641 [ERROR] LogOutputStream:75 - [STDERR_REDIRECT] Sep 13, 2026 8:07:48 PM java.util.prefs.FileSystemPreferences syncWorld
2026-09-13 20:07:48,641 [ERROR] LogOutputStream:75 - [STDERR_REDIRECT] WARNING: Couldn't flush system prefs: java.util.prefs.BackingStoreException: Couldn't get file lock.
2026-09-13 20:07:48,641 [ERROR] LogOutputStream:75 - [STDERR_REDIRECT] 
2026-09-13 20:08:18,641 [ERROR] LogOutputStream:75 - [STDERR_REDIRECT] Sep 13, 2026 8:08:18 PM java.util.prefs.FileSystemPreferences checkLockFile0ErrorCode
2026-09-13 20:08:18,641 [ERROR] LogOutputStream:75 - [STDERR_REDIRECT] WARNING: Could not lock System prefs. Unix error code 31548.
2026-09-13 20:08:18,641 [ERROR] LogOutputStream:75 - [STDERR_REDIRECT] 
2026-09-13 20:08:18,642 [ERROR] LogOutputStream:75 - [STDERR_REDIRECT] Sep 13, 2026 8:08:18 PM java.util.prefs.FileSystemPreferences syncWorld
2026-09-13 20:08:18,642 [ERROR] LogOutputStream:75 - [STDERR_REDIRECT] WARNING: Couldn't flush system prefs: java.util.prefs.BackingStoreException: Couldn't get file lock.
2026-09-13 20:08:18,642 [ERROR] LogOutputStream:75 - [STDERR_REDIRECT] 
2026-09-13 20:08:48,641 [ERROR] LogOutputStream:75 - [STDERR_REDIRECT] Sep 13, 2026 8:08:48 PM java.util.prefs.FileSystemPreferences checkLockFile0ErrorCode
2026-09-13 20:08:48,641 [ERROR] LogOutputStream:75 - [STDERR_REDIRECT] WARNING: Could not lock System prefs. Unix error code 31548.
2026-09-13 20:08:48,641 [ERROR] LogOutputStream:75 - [STDERR_REDIRECT] 
2026-09-13 20:08:48,641 [ERROR] LogOutputStream:75 - [STDERR_REDIRECT] Sep 13, 2026 8:08:48 PM java.util.prefs.FileSystemPreferences syncWorld
2026-09-13 20:08:48,642 [ERROR] LogOutputStream:75 - [STDERR_REDIRECT] WARNING: Couldn't flush system prefs: java.util.prefs.BackingStoreException: Couldn't get file lock.
2026-09-13 20:08:48,642 [ERROR] LogOutputStream:75 - [STDERR_REDIRECT] 
2026-09-13 20:09:18,641 [ERROR] LogOutputStream:75 - [STDERR_REDIRECT] Sep 13, 2026 8:09:18 PM java.util.prefs.FileSystemPreferences checkLockFile0ErrorCode
2026-09-13 20:09:18,641 [ERROR] LogOutputStream:75 - [STDERR_REDIRECT] WARNING: Could not lock System prefs. Unix error code 31548.
2026-09-13 20:09:18,641 [ERROR] LogOutputStream:75 - [STDERR_REDIRECT] 
2026-09-13 20:09:18,641 [ERROR] LogOutputStream:75 - [STDERR_REDIRECT] Sep 13, 2026 8:09:18 PM java.util.prefs.FileSystemPreferences syncWorld
2026-09-13 20:09:18,642 [ERROR] LogOutputStream:75 - [STDERR_REDIRECT] WARNING: Couldn't flush system prefs: java.util.prefs.BackingStoreException: Couldn't get file lock.
2026-09-13 20:09:18,642 [ERROR] LogOutputStream:75 - [STDERR_REDIRECT] 
2026-09-13 20:09:48,640 [ERROR] LogOutputStream:75 - [STDERR_REDIRECT] Sep 13, 2026 8:09:48 PM java.util.prefs.FileSystemPreferences checkLockFile0ErrorCode
2026-09-13 20:09:48,641 [ERROR] LogOutputStream:75 - [STDERR_REDIRECT] WARNING: Could not lock System prefs. Unix error code 31548.
2026-09-13 20:09:48,641 [ERROR] LogOutputStream:75 - [STDERR_REDIRECT] 
2026-09-13 20:09:48,641 [ERROR] LogOutputStream:75 - [STDERR_REDIRECT] Sep 13, 2026 8:09:48 PM java.util.prefs.FileSystemPreferences syncWorld
2026-09-13 20:09:48,641 [ERROR] LogOutputStream:75 - [STDERR_REDIRECT] WARNING: Couldn't flush system prefs: java.util.prefs.BackingStoreException: Couldn't get file lock.
2026-09-13 20:09:48,642 [ERROR] LogOutputStream:75 - [STDERR_REDIRECT] 
2026-09-13 20:10:18,640 [ERROR] LogOutputStream:75 - [STDERR_REDIRECT] Sep 13, 2026 8:10:18 PM java.util.prefs.FileSystemPreferences checkLockFile0ErrorCode
2026-09-13 20:10:18,640 [ERROR] LogOutputStream:75 - [STDERR_REDIRECT] WARNING: Could not lock System prefs. Unix error code 31548.
2026-09-13 20:10:18,640 [ERROR] LogOutputStream:75 - [STDERR_REDIRECT] 
2026-09-13 20:10:18,641 [ERROR] LogOutputStream:75 - [STDERR_REDIRECT] Sep 13, 2026 8:10:18 PM java.util.prefs.FileSystemPreferences syncWorld
2026-09-13 20:10:18,641 [ERROR] LogOutputStream:75 - [STDERR_REDIRECT] WARNING: Couldn't flush system prefs: java.util.prefs.BackingStoreException: Couldn't get file lock.
2026-09-13 20:10:18,641 [ERROR] LogOutputStream:75 - [STDERR_REDIRECT] 
2026-09-13 20:10:48,641 [ERROR] LogOutputStream:75 - [STDERR_REDIRECT] Sep 13, 2026 8:10:48 PM java.util.prefs.FileSystemPreferences checkLockFile0ErrorCode
2026-09-13 20:10:48,641 [ERROR] LogOutputStream:75 - [STDERR_REDIRECT] WARNING: Could not lock System prefs. Unix error code 31548.
2026-09-13 20:10:48,641 [ERROR] LogOutputStream:75 - [STDERR_REDIRECT] 
2026-09-13 20:10:48,641 [ERROR] LogOutputStream:75 - [STDERR_REDIRECT] Sep 13, 2026 8:10:48 PM java.util.prefs.FileSystemPreferences syncWorld
2026-09-13 20:10:48,641 [ERROR] LogOutputStream:75 - [STDERR_REDIRECT] WARNING: Couldn't flush system prefs: java.util.prefs.BackingStoreException: Couldn't get file lock.
2026-09-13 20:10:48,641 [ERROR] LogOutputStream:75 - [STDERR_REDIRECT] 
2026-09-13 20:11:18,641 [ERROR] LogOutputStream:75 - [STDERR_REDIRECT] Sep 13, 2026 8:11:18 PM java.util.prefs.FileSystemPreferences checkLockFile0ErrorCode
2026-09-13 20:11:18,641 [ERROR] LogOutputStream:75 - [STDERR_REDIRECT] WARNING: Could not lock System prefs. Unix error code 31548.
2026-09-13 20:11:18,641 [ERROR] LogOutputStream:75 - [STDERR_REDIRECT] 
2026-09-13 20:11:18,641 [ERROR] LogOutputStream:75 - [STDERR_REDIRECT] Sep 13, 2026 8:11:18 PM java.util.prefs.FileSystemPreferences syncWorld
2026-09-13 20:11:18,642 [ERROR] LogOutputStream:75 - [STDERR_REDIRECT] WARNING: Couldn't flush system prefs: java.util.prefs.BackingStoreException: Couldn't get file lock.
2026-09-13 20:11:18,642 [ERROR] LogOutputStream:75 - [STDERR_REDIRECT] 
2026-09-13 20:11:48,641 [ERROR] LogOutputStream:75 - [STDERR_REDIRECT] Sep 13, 2026 8:11:48 PM java.util.prefs.FileSystemPreferences checkLockFile0ErrorCode
2026-09-13 20:11:48,641 [ERROR] LogOutputStream:75 - [STDERR_REDIRECT] WARNING: Could not lock System prefs. Unix error code 31548.
2026-09-13 20:11:48,641 [ERROR] LogOutputStream:75 - [STDERR_REDIRECT] 
2026-09-13 20:11:48,642 [ERROR] LogOutputStream:75 - [STDERR_REDIRECT] Sep 13, 2026 8:11:48 PM java.util.prefs.FileSystemPreferences syncWorld
2026-09-13 20:11:48,642 [ERROR] LogOutputStream:75 - [STDERR_REDIRECT] WARNING: Couldn't flush system prefs: java.util.prefs.BackingStoreException: Couldn't get file lock.
2026-09-13 20:11:48,642 [ERROR] LogOutputStream:75 - [STDERR_REDIRECT] 
2026-09-13 20:12:18,641 [ERROR] LogOutputStream:75 - [STDERR_REDIRECT] Sep 13, 2026 8:12:18 PM java.util.prefs.FileSystemPreferences checkLockFile0ErrorCode
2026-09-13 20:12:18,641 [ERROR] LogOutputStream:75 - [STDERR_REDIRECT] WARNING: Could not lock System prefs. Unix error code 31548.
2026-09-13 20:12:18,641 [ERROR] LogOutputStream:75 - [STDERR_REDIRECT] 
2026-09-13 20:12:18,642 [ERROR] LogOutputStream:75 - [STDERR_REDIRECT] Sep 13, 2026 8:12:18 PM java.util.prefs.FileSystemPreferences syncWorld
2026-09-13 20:12:18,642 [ERROR] LogOutputStream:75 - [STDERR_REDIRECT] WARNING: Couldn't flush system prefs: java.util.prefs.BackingStoreException: Couldn't get file lock.
2026-09-13 20:12:18,642 [ERROR] LogOutputStream:75 - [STDERR_REDIRECT] 
2026-09-13 20:12:48,642 [ERROR] LogOutputStream:75 - [STDERR_REDIRECT] Sep 13, 2026 8:12:48 PM java.util.prefs.FileSystemPreferences checkLockFile0ErrorCode
2026-09-13 20:12:48,642 [ERROR] LogOutputStream:75 - [STDERR_REDIRECT] WARNING: Could not lock System prefs. Unix error code 31548.
2026-09-13 20:12:48,642 [ERROR] LogOutputStream:75 - [STDERR_REDIRECT] 
2026-09-13 20:12:48,643 [ERROR] LogOutputStream:75 - [STDERR_REDIRECT] Sep 13, 2026 8:12:48 PM java.util.prefs.FileSystemPreferences syncWorld
2026-09-13 20:12:48,643 [ERROR] LogOutputStream:75 - [STDERR_REDIRECT] WARNING: Couldn't flush system prefs: java.util.prefs.BackingStoreException: Couldn't get file lock.
2026-09-13 20:12:48,643 [ERROR] LogOutputStream:75 - [STDERR_REDIRECT] 
2026-09-13 22:26:38,964 [ERROR] LogOutputStream:75 - [STDERR_REDIRECT] Sep 13, 2026 10:26:38 PM java.util.prefs.FileSystemPreferences checkLockFile0ErrorCode
2026-09-13 22:26:38,965 [ERROR] LogOutputStream:75 - [STDERR_REDIRECT] WARNING: Could not lock System prefs. Unix error code 31548.
2026-09-13 22:26:38,965 [ERROR] LogOutputStream:75 - [STDERR_REDIRECT] 
2026-09-13 22:26:38,965 [ERROR] LogOutputStream:75 - [STDERR_REDIRECT] Sep 13, 2026 10:26:38 PM java.util.prefs.FileSystemPreferences syncWorld
2026-09-13 22:26:38,965 [ERROR] LogOutputStream:75 - [STDERR_REDIRECT] WARNING: Couldn't flush system prefs: java.util.prefs.BackingStoreException: Couldn't get file lock.
2026-09-13 22:26:38,965 [ERROR] LogOutputStream:75 - [STDERR_REDIRECT] 
2026-09-13 22:27:05,941 [ERROR] LogOutputStream:75 - [STDERR_REDIRECT] 
2026-09-13 22:27:05,942 [ERROR] LogOutputStream:75 - [STDERR_REDIRECT] 
2026-09-13 23:35:33,942 [INFO] Activator:176 - 


2026-09-13 23:35:33,946 [INFO] Activator:177 - !SESSION log4j initialized
2026-09-13 23:35:43,564 [INFO] LogOutputStream:77 - [STDOUT_REDIRECT] 
2026-09-13 23:35:45,015 [INFO] ApplicationProperties:184 - Using Application install path: /opt/st/stm32cubeide_1.15.0_2/plugins/com.st.stm32cube.common.mx_6.11.0.202403141607
2026-09-13 23:35:45,057 [INFO] DbMcusXml:78 - Set database path to: /opt/st/stm32cubeide_1.15.0_2/plugins/com.st.stm32cube.common.mx_6.11.0.202403141607//db//mcu/
2026-09-13 23:35:45,057 [INFO] ApiDb:274 - Set plugin database path to: /opt/st/stm32cubeide_1.15.0_2/plugins/com.st.stm32cube.common.mx_6.11.0.202403141607//db//plugins/boardmanager/
2026-09-13 23:35:45,058 [WARN] ApiDb:259 - Overriding images path with different value:  => /opt/st/stm32cubeide_1.15.0_2/plugins/com.st.stm32cube.common.mx_6.11.0.202403141607//db//plugins/mcufinder/images/
2026-09-13 23:35:45,078 [INFO] ApiDb:250 - Set database path to: /home/peter/.stmcufinder/plugins/mcufinder//mcu/
2026-09-13 23:35:45,085 [INFO] DbMcusAds:125 - Set database path to: /home/peter/.stmcufinder/plugins/mcufinder//mcu/
2026-09-13 23:35:45,090 [INFO] CrossReferenceDbSqlite:203 - Set database path to: /home/peter/.stmcufinder/plugins/mcufinder//mcu/cs/
2026-09-13 23:35:45,480 [INFO] RulesReader:64 - Compatibility file has been processed (297 Rules)
2026-09-13 23:35:45,706 [INFO] DbMcusXml:78 - Set database path to: /opt/st/stm32cubeide_1.15.0_2/plugins/com.st.stm32cube.common.mx_6.11.0.202403141607//db//mcu/
2026-09-13 23:35:45,706 [INFO] ApiDb:274 - Set plugin database path to: /opt/st/stm32cubeide_1.15.0_2/plugins/com.st.stm32cube.common.mx_6.11.0.202403141607//db//plugins/boardmanager/
2026-09-13 23:35:45,709 [INFO] ApiDb:261 - Set plugin images path to: /opt/st/stm32cubeide_1.15.0_2/plugins/com.st.stm32cube.common.mx_6.11.0.202403141607//db//plugins/mcufinder/images/
2026-09-13 23:35:45,710 [WARN] DbFile:41 - Overriding database path with different value: /home/peter/.stmcufinder/plugins/mcufinder/ => /home/peter/.stmcufinder/plugins/mcufinder
2026-09-13 23:35:45,710 [INFO] ApiDb:250 - Set database path to: /home/peter/.stmcufinder/plugins/mcufinder//mcu/
2026-09-13 23:35:45,710 [WARN] DbFile:41 - Overriding database path with different value: /home/peter/.stmcufinder/plugins/mcufinder/ => /home/peter/.stmcufinder/plugins/mcufinder
2026-09-13 23:35:45,710 [INFO] DbMcusAds:125 - Set database path to: /home/peter/.stmcufinder/plugins/mcufinder//mcu/
2026-09-13 23:35:45,710 [WARN] DbFile:41 - Overriding database path with different value: /home/peter/.stmcufinder/plugins/mcufinder/ => /home/peter/.stmcufinder/plugins/mcufinder
2026-09-13 23:35:45,711 [WARN] DbFile:41 - Overriding database path with different value: /home/peter/.stmcufinder/plugins/mcufinder/ => /home/peter/.stmcufinder/plugins/mcufinder
2026-09-13 23:35:45,716 [INFO] CrossReferenceDbSqlite:203 - Set database path to: /home/peter/.stmcufinder/plugins/mcufinder//mcu/cs/
2026-09-13 23:35:45,909 [INFO] MainPanel:264 - HeapMemory: 268435456
2026-09-13 23:35:46,137 [INFO] DbMcusXml:78 - Set database path to: /opt/st/stm32cubeide_1.15.0_2/plugins/com.st.stm32cube.common.mx_6.11.0.202403141607//db//mcu/
2026-09-13 23:35:46,137 [INFO] ApiDb:274 - Set plugin database path to: /opt/st/stm32cubeide_1.15.0_2/plugins/com.st.stm32cube.common.mx_6.11.0.202403141607//db//plugins/boardmanager/
2026-09-13 23:35:46,137 [INFO] ApiDb:261 - Set plugin images path to: /opt/st/stm32cubeide_1.15.0_2/plugins/com.st.stm32cube.common.mx_6.11.0.202403141607//db//plugins/mcufinder/images/
2026-09-13 23:35:46,138 [WARN] DbFile:41 - Overriding database path with different value: /home/peter/.stmcufinder/plugins/mcufinder/ => /home/peter/.stmcufinder/plugins/mcufinder
2026-09-13 23:35:46,138 [INFO] ApiDb:250 - Set database path to: /home/peter/.stmcufinder/plugins/mcufinder//mcu/
2026-09-13 23:35:46,138 [WARN] DbFile:41 - Overriding database path with different value: /home/peter/.stmcufinder/plugins/mcufinder/ => /home/peter/.stmcufinder/plugins/mcufinder
2026-09-13 23:35:46,139 [INFO] DbMcusAds:125 - Set database path to: /home/peter/.stmcufinder/plugins/mcufinder//mcu/
2026-09-13 23:35:46,139 [WARN] DbFile:41 - Overriding database path with different value: /home/peter/.stmcufinder/plugins/mcufinder/ => /home/peter/.stmcufinder/plugins/mcufinder
2026-09-13 23:35:46,139 [WARN] DbFile:41 - Overriding database path with different value: /home/peter/.stmcufinder/plugins/mcufinder/ => /home/peter/.stmcufinder/plugins/mcufinder
2026-09-13 23:35:46,139 [INFO] CrossReferenceDbSqlite:203 - Set database path to: /home/peter/.stmcufinder/plugins/mcufinder//mcu/cs/
2026-09-13 23:35:46,179 [INFO] ApplicationProperties:184 - Using Application install path: /opt/st/stm32cubeide_1.15.0_2/plugins/com.st.stm32cube.common.mx_6.11.0.202403141607
2026-09-13 23:35:46,183 [INFO] PluginManage:196 - Search for loadable plugins [exclusion list=, ]
2026-09-13 23:35:46,191 [INFO] PluginManage:310 - Check plugin analytics
2026-09-13 23:35:46,677 [INFO] AnalyticsPlugin:253 - Accepted Software Licenses: 
2026-09-13 23:35:46,677 [INFO] AnalyticsPlugin:255 - Accepted CMSIS Pack Licenses: 
2026-09-13 23:35:46,678 [INFO] AnalyticsPlugin:257 - Accepted Firmware Licenses: FW.C0.1.1.0
2026-09-13 23:35:46,690 [INFO] PluginManage:359 - Loaded plugin analytics (category:tool,tabindex:-1)
2026-09-13 23:35:46,690 [INFO] PluginManage:310 - Check plugin cadmodel
2026-09-13 23:35:46,791 [INFO] CADModel:105 - Init CAD model plugin
2026-09-13 23:35:46,791 [INFO] PluginManage:359 - Loaded plugin cadmodel (category:power,tabindex:5)
2026-09-13 23:35:46,794 [INFO] PluginManage:310 - Check plugin clock
2026-09-13 23:35:46,828 [INFO] PluginManage:359 - Loaded plugin clock (category:base,tabindex:2)
2026-09-13 23:35:46,829 [INFO] PluginManage:310 - Check plugin ddr
2026-09-13 23:35:46,835 [INFO] PluginManage:359 - Loaded plugin ddr (category:tool,tabindex:6)
2026-09-13 23:35:46,835 [INFO] PluginManage:310 - Check plugin filemanager
2026-09-13 23:35:47,198 [INFO] PluginManage:359 - Loaded plugin filemanager (category:base,tabindex:10)
2026-09-13 23:35:47,199 [INFO] PluginManage:310 - Check plugin ipmanager
2026-09-13 23:35:47,215 [INFO] PluginManage:359 - Loaded plugin ipmanager (category:base,tabindex:5)
2026-09-13 23:35:47,216 [INFO] PluginManage:310 - Check plugin lpbam
2026-09-13 23:35:47,236 [INFO] PluginManage:359 - Loaded plugin lpbam (category:base,tabindex:0)
2026-09-13 23:35:47,236 [INFO] PluginManage:310 - Check plugin memorymap
2026-09-13 23:35:47,266 [INFO] PluginManage:359 - Loaded plugin memorymap (category:base,tabindex:4)
2026-09-13 23:35:47,266 [INFO] PluginManage:310 - Check plugin pinoutandconfiguration
2026-09-13 23:35:47,286 [INFO] PluginManage:359 - Loaded plugin pinoutandconfiguration (category:base,tabindex:1)
2026-09-13 23:35:47,286 [INFO] PluginManage:310 - Check plugin pinoutconfig
2026-09-13 23:35:47,504 [WARN] SupportedApi:132 - Cannot load RTOS API schema: s4s-elt-must-match.1: The content of 'definitions' must match (annotation?, (simpleType | complexType)?, (unique | key | keyref)*)). A problem was found starting at: attribute.
2026-09-13 23:35:47,863 [INFO] PluginManage:359 - Loaded plugin pinoutconfig (category:base,tabindex:0)
2026-09-13 23:35:47,864 [INFO] PluginManage:310 - Check plugin power
2026-09-13 23:35:47,892 [INFO] PluginManage:359 - Loaded plugin power (category:power,tabindex:4)
2026-09-13 23:35:47,892 [INFO] PluginManage:310 - Check plugin projectmanager
2026-09-13 23:35:47,938 [INFO] PluginManage:359 - Loaded plugin projectmanager (category:projectmanager,tabindex:3)
2026-09-13 23:35:47,938 [INFO] PluginManage:310 - Check plugin thirdparty
2026-09-13 23:35:48,278 [WARN] IntegrityCheckThread:84 - waiting for thirdparty lock release [integrity check]
2026-09-13 23:35:48,278 [INFO] IntegrityCheckThread:86 - entering critical section [integrity check]
2026-09-13 23:35:48,279 [INFO] ThirdPartyUpdaterWithRetryManager:70 - Updater plugin not ready yet. [1/15]
2026-09-13 23:35:48,280 [INFO] PluginManage:359 - Loaded plugin thirdparty (category:base,tabindex:-1)
2026-09-13 23:35:48,280 [INFO] PluginManage:310 - Check plugin tools
2026-09-13 23:35:48,284 [INFO] PluginManage:359 - Loaded plugin tools (category:base,tabindex:7)
2026-09-13 23:35:48,285 [INFO] PluginManage:310 - Check plugin tutovideos
2026-09-13 23:35:48,707 [INFO] PluginManage:359 - Loaded plugin tutovideos (category:base,tabindex:-1)
2026-09-13 23:35:48,708 [INFO] PluginManage:310 - Check plugin updater
2026-09-13 23:35:48,735 [INFO] PluginManage:359 - Loaded plugin updater (category:base,tabindex:12)
2026-09-13 23:35:48,735 [INFO] PluginManage:310 - Check plugin userauth
2026-09-13 23:35:48,748 [INFO] UserAuth:114 - Init User Auth plugin
2026-09-13 23:35:48,750 [INFO] PluginManage:359 - Loaded plugin userauth (category:base,tabindex:14)
2026-09-13 23:35:48,751 [INFO] PluginManage:283 - PluginManage : Loaded plugins [17]
2026-09-13 23:35:49,250 [INFO] PinOutPanel:1561 - setPackage(No Configuration,No Configuration)
2026-09-13 23:35:49,407 [INFO] CADModel:165 - CPN selected for project level
2026-09-13 23:35:49,407 [INFO] CADModel:114 - Register for checkConnection events
2026-09-13 23:35:49,436 [INFO] IPUIPlugin:80 - create IPUIPlugin
2026-09-13 23:35:49,440 [INFO] PluginManager:220 - loadIPPluginJar : add mdma
2026-09-13 23:35:49,495 [INFO] IPUIPlugin:80 - create IPUIPlugin
2026-09-13 23:35:49,495 [INFO] PluginManager:220 - loadIPPluginJar : add cryp
2026-09-13 23:35:49,513 [INFO] IPUIPlugin:80 - create IPUIPlugin
2026-09-13 23:35:49,514 [INFO] PluginManager:220 - loadIPPluginJar : add freertos
2026-09-13 23:35:49,526 [INFO] IPUIPlugin:80 - create IPUIPlugin
2026-09-13 23:35:49,528 [INFO] PluginManager:220 - loadIPPluginJar : add gpio
2026-09-13 23:35:49,532 [INFO] IPUIPlugin:80 - create IPUIPlugin
2026-09-13 23:35:49,533 [INFO] PluginManager:220 - loadIPPluginJar : add usbx
2026-09-13 23:35:49,536 [INFO] IPUIPlugin:80 - create IPUIPlugin
2026-09-13 23:35:49,536 [INFO] PluginManager:220 - loadIPPluginJar : add lorawan
2026-09-13 23:35:49,544 [INFO] IPUIPlugin:80 - create IPUIPlugin
2026-09-13 23:35:49,544 [INFO] PluginManager:220 - loadIPPluginJar : add can
2026-09-13 23:35:49,550 [INFO] IPUIPlugin:80 - create IPUIPlugin
2026-09-13 23:35:49,550 [INFO] PluginManager:220 - loadIPPluginJar : add pdm2pcm
2026-09-13 23:35:49,552 [INFO] IPUIPlugin:80 - create IPUIPlugin
2026-09-13 23:35:49,552 [INFO] PluginManager:220 - loadIPPluginJar : add fatfs
2026-09-13 23:35:49,564 [INFO] IPUIPlugin:80 - create IPUIPlugin
2026-09-13 23:35:49,564 [INFO] PluginManager:220 - loadIPPluginJar : add resmgrutility
2026-09-13 23:35:49,568 [INFO] IPUIPlugin:80 - create IPUIPlugin
2026-09-13 23:35:49,568 [INFO] PluginManager:220 - loadIPPluginJar : add hash
2026-09-13 23:35:49,577 [INFO] IPUIPlugin:80 - create IPUIPlugin
2026-09-13 23:35:49,577 [INFO] PluginManager:220 - loadIPPluginJar : add nvic
2026-09-13 23:35:49,581 [INFO] IPUIPlugin:80 - create IPUIPlugin
2026-09-13 23:35:49,583 [INFO] PluginManager:220 - loadIPPluginJar : add gfxmmu
2026-09-13 23:35:49,586 [INFO] IPUIPlugin:80 - create IPUIPlugin
2026-09-13 23:35:49,586 [INFO] PluginManager:220 - loadIPPluginJar : add quadspi
2026-09-13 23:35:49,592 [INFO] IPUIPlugin:80 - create IPUIPlugin
2026-09-13 23:35:49,593 [INFO] PluginManager:220 - loadIPPluginJar : add aes
2026-09-13 23:35:49,608 [INFO] IPUIPlugin:80 - create IPUIPlugin
2026-09-13 23:35:49,609 [INFO] PluginManager:220 - loadIPPluginJar : add linkedlist
2026-09-13 23:35:49,612 [INFO] IPUIPlugin:80 - create IPUIPlugin
2026-09-13 23:35:49,612 [INFO] PluginManager:220 - loadIPPluginJar : add ts
2026-09-13 23:35:49,619 [INFO] IPUIPlugin:80 - create IPUIPlugin
2026-09-13 23:35:49,622 [INFO] PluginManager:220 - loadIPPluginJar : add stm32_wpan
2026-09-13 23:35:49,628 [INFO] IPUIPlugin:80 - create IPUIPlugin
2026-09-13 23:35:49,628 [INFO] PluginManager:220 - loadIPPluginJar : add touchsensing
2026-09-13 23:35:49,631 [INFO] IPUIPlugin:80 - create IPUIPlugin
2026-09-13 23:35:49,632 [INFO] PluginManager:220 - loadIPPluginJar : add dma3
2026-09-13 23:35:49,638 [INFO] IPUIPlugin:80 - create IPUIPlugin
2026-09-13 23:35:49,639 [INFO] PluginManager:220 - loadIPPluginJar : add spi
2026-09-13 23:35:49,645 [INFO] IPUIPlugin:80 - create IPUIPlugin
2026-09-13 23:35:49,646 [INFO] PluginManager:220 - loadIPPluginJar : add openamp
2026-09-13 23:35:49,650 [INFO] IPUIPlugin:80 - create IPUIPlugin
2026-09-13 23:35:49,650 [INFO] PluginManager:220 - loadIPPluginJar : add sai
2026-09-13 23:35:49,656 [INFO] IPUIPlugin:80 - create IPUIPlugin
2026-09-13 23:35:49,658 [INFO] PluginManager:220 - loadIPPluginJar : add opamp
2026-09-13 23:35:49,668 [INFO] IPUIPlugin:80 - create IPUIPlugin
2026-09-13 23:35:49,676 [INFO] PluginManager:220 - loadIPPluginJar : add plateformsettings
2026-09-13 23:35:49,684 [INFO] IPUIPlugin:80 - create IPUIPlugin
2026-09-13 23:35:49,684 [INFO] PluginManager:220 - loadIPPluginJar : add ipddr
2026-09-13 23:35:49,688 [INFO] IPUIPlugin:80 - create IPUIPlugin
2026-09-13 23:35:49,690 [INFO] PluginManager:220 - loadIPPluginJar : add ltdc
2026-09-13 23:35:49,697 [INFO] IPUIPlugin:80 - create IPUIPlugin
2026-09-13 23:35:49,698 [INFO] PluginManager:220 - loadIPPluginJar : add fmc
2026-09-13 23:35:49,711 [INFO] IPUIPlugin:80 - create IPUIPlugin
2026-09-13 23:35:49,711 [INFO] PluginManager:220 - loadIPPluginJar : add adc
2026-09-13 23:35:49,715 [INFO] IPUIPlugin:80 - create IPUIPlugin
2026-09-13 23:35:49,715 [INFO] PluginManager:220 - loadIPPluginJar : add i2s
2026-09-13 23:35:49,718 [INFO] IPUIPlugin:80 - create IPUIPlugin
2026-09-13 23:35:49,718 [INFO] PluginManager:220 - loadIPPluginJar : add tracer_emb
2026-09-13 23:35:49,723 [INFO] IPUIPlugin:80 - create IPUIPlugin
2026-09-13 23:35:49,724 [INFO] PluginManager:220 - loadIPPluginJar : add i2c
2026-09-13 23:35:49,730 [INFO] IPUIPlugin:80 - create IPUIPlugin
2026-09-13 23:35:49,731 [INFO] PluginManager:220 - loadIPPluginJar : add gtzc
2026-09-13 23:35:49,734 [INFO] IPUIPlugin:80 - create IPUIPlugin
2026-09-13 23:35:49,734 [INFO] PluginManager:220 - loadIPPluginJar : add tim
2026-09-13 23:35:49,736 [INFO] IPUIPlugin:80 - create IPUIPlugin
2026-09-13 23:35:49,739 [INFO] PluginManager:220 - loadIPPluginJar : add ucpd
2026-09-13 23:35:49,744 [INFO] IPUIPlugin:80 - create IPUIPlugin
2026-09-13 23:35:49,745 [INFO] PluginManager:220 - loadIPPluginJar : add usart
2026-09-13 23:35:49,748 [INFO] IPUIPlugin:80 - create IPUIPlugin
2026-09-13 23:35:49,748 [INFO] PluginManager:220 - loadIPPluginJar : add dfsdm
2026-09-13 23:35:49,752 [INFO] IPUIPlugin:80 - create IPUIPlugin
2026-09-13 23:35:49,753 [INFO] PluginManager:220 - loadIPPluginJar : add i3c
2026-09-13 23:35:49,764 [INFO] IPUIPlugin:80 - create IPUIPlugin
2026-09-13 23:35:49,765 [INFO] PluginManager:220 - loadIPPluginJar : add gic
2026-09-13 23:35:49,767 [INFO] IPUIPlugin:80 - create IPUIPlugin
2026-09-13 23:35:49,767 [INFO] PluginManager:220 - loadIPPluginJar : add comp
2026-09-13 23:35:49,772 [INFO] IPUIPlugin:80 - create IPUIPlugin
2026-09-13 23:35:49,772 [INFO] PluginManager:220 - loadIPPluginJar : add tsc
2026-09-13 23:35:49,774 [INFO] IPUIPlugin:80 - create IPUIPlugin
2026-09-13 23:35:49,774 [INFO] PluginManager:220 - loadIPPluginJar : add genericplugin
2026-09-13 23:35:49,783 [INFO] IPUIPlugin:80 - create IPUIPlugin
2026-09-13 23:35:49,783 [INFO] PluginManager:220 - loadIPPluginJar : add extmemmanager
2026-09-13 23:35:49,796 [INFO] IPUIPlugin:80 - create IPUIPlugin
2026-09-13 23:35:49,796 [INFO] PluginManager:220 - loadIPPluginJar : add dma
2026-09-13 23:35:49,974 [INFO] CADModel:165 - CPN selected for project level
2026-09-13 23:35:49,975 [INFO] CADModel:114 - Register for checkConnection events
2026-09-13 23:35:49,977 [FATAL] Updater:308 - Updater called before beeing initialized
2026-09-13 23:35:49,977 [ERROR] CADModel:125 - Updater not yet initialized, retry later 
2026-09-13 23:35:50,583 [INFO] CADModel:165 - CPN selected for project level
2026-09-13 23:35:50,585 [INFO] CADModel:114 - Register for checkConnection events
2026-09-13 23:35:50,585 [FATAL] Updater:308 - Updater called before beeing initialized
2026-09-13 23:35:50,585 [ERROR] CADModel:125 - Updater not yet initialized, retry later 
2026-09-13 23:35:50,598 [FATAL] Updater:308 - Updater called before beeing initialized
2026-09-13 23:35:50,773 [FATAL] Updater:308 - Updater called before beeing initialized
2026-09-13 23:35:50,780 [INFO] DbMcusAds:53 - JSON generation date=Wed Jul 15 05:44:54 EDT 2026 (1784108694001)
2026-09-13 23:35:50,781 [FATAL] Updater:308 - Updater called before beeing initialized
2026-09-13 23:35:50,845 [WARN] DetailPanel:346 - Failed to get advertising image, set to default
2026-09-13 23:35:51,021 [FATAL] Updater:308 - Updater called before beeing initialized
2026-09-13 23:35:51,025 [FATAL] Updater:308 - Updater called before beeing initialized
2026-09-13 23:35:51,025 [FATAL] Updater:308 - Updater called before beeing initialized
2026-09-13 23:35:51,025 [WARN] DetailPanel:346 - Failed to get advertising image, set to default
2026-09-13 23:35:51,027 [FATAL] Updater:308 - Updater called before beeing initialized
2026-09-13 23:35:51,102 [ERROR] Updater:1120 - MainUpdater not yet initialized. External WinMGr cannot be set.
2026-09-13 23:35:51,106 [INFO] Updater:1056 - Updater Version found : 6.11.0
2026-09-13 23:35:51,144 [INFO] ApplicationProperties:184 - Using Application install path: /opt/st/stm32cubeide_1.15.0_2/plugins/com.st.stm32cube.common.mx_6.11.0.202403141607
2026-09-13 23:35:51,180 [ERROR] LogOutputStream:75 - [STDERR_REDIRECT] Sep 13, 2026 11:35:51 PM java.util.prefs.FileSystemPreferences$2 run
2026-09-13 23:35:51,180 [ERROR] LogOutputStream:75 - [STDERR_REDIRECT] WARNING: Could not create system preferences directory. System preferences are unusable.
2026-09-13 23:35:51,180 [ERROR] LogOutputStream:75 - [STDERR_REDIRECT] 
2026-09-13 23:35:51,280 [INFO] ThirdPartyUpdaterWithRetryManager:70 - Updater plugin not ready yet. [2/15]
2026-09-13 23:35:51,891 [INFO] MainUpdater:2873 - connection check result : 10
2026-09-13 23:35:51,893 [INFO] MainUpdater:290 - Updater Check For Update Now.
2026-09-13 23:35:51,894 [INFO] MicroXplorer:498 - Change Database Version : DB.6.0.110
2026-09-13 23:35:51,909 [INFO] McuFinderGlobals:63 - Set McuFinder mode to 2 (CubeIDE integrated)
2026-09-13 23:35:51,912 [INFO] UserAuth:179 - activating auth plugin
2026-09-13 23:35:51,924 [INFO] UserAuth:415 - Internet connection configuration mode: 1
2026-09-13 23:35:51,957 [INFO] JxBrowserEngine:152 - Initiate JxBrowser Engine with user profile folder
2026-09-13 23:35:52,293 [INFO] CheckServerUpdateThread:120 - End of CheckServer Thread
2026-09-13 23:35:53,583 [INFO] WebApp:161 - Instantiating new browser for Auth
2026-09-13 23:35:55,274 [WARN] PackLoader:240 - Cannot read IP mode file for STMicroelectronics.X-CUBE-AZRTOS-H7.3.5.0
2026-09-13 23:35:55,333 [INFO] WebApp:779 - Register for checkConnection events
2026-09-13 23:35:55,333 [INFO] WebApp:414 - Apply proxy settings
2026-09-13 23:35:55,335 [WARN] PackLoader:240 - Cannot read IP mode file for STMicroelectronics.FP-ATR-ASTRA1.2.0.3
2026-09-13 23:35:55,336 [INFO] WebApp:499 - Chromium requires no authentication
2026-09-13 23:35:55,360 [ERROR] Engine:466 - /home/peter/.stm32cubemx/thirdparties/pdsc/STMicroelectronics.X-CUBE-SMBUS.2.1.1.pdsc: PDSC version is not supported
2026-09-13 23:35:55,362 [INFO] WebApp:442 - Direct internet connection detected
2026-09-13 23:35:55,509 [WARN] PackLoader:240 - Cannot read IP mode file for STMicroelectronics.X-CUBE-AZRTOS-F7.1.1.0
2026-09-13 23:35:55,563 [ERROR] Engine:466 - /home/peter/.stm32cubemx/thirdparties/pdsc/STMicroelectronics.X-CUBE-FREERTOS.1.6.0.pdsc: PDSC version is not supported
2026-09-13 23:35:55,577 [ERROR] Engine:466 - /home/peter/.stm32cubemx/thirdparties/pdsc/STMicroelectronics.FP-SNS-MOTENV1.5.1.0.pdsc: PDSC version is not supported
2026-09-13 23:35:55,730 [WARN] PackLoader:240 - Cannot read IP mode file for STMicroelectronics.X-CUBE-AZRTOS-H7RS.1.3.0
2026-09-13 23:35:55,782 [ERROR] Engine:466 - /home/peter/.stm32cubemx/thirdparties/pdsc/WES.I-CUBE-Cesium.1.4.0.pdsc: PDSC version is not supported
2026-09-13 23:35:55,803 [WARN] PackLoader:240 - Cannot read IP mode file for STMicroelectronics.X-CUBE-DISPLAY.3.0.0
2026-09-13 23:35:55,835 [WARN] PackLoader:240 - Cannot read IP mode file for STMicroelectronics.X-CUBE-GNSS1.7.1.1
2026-09-13 23:35:55,847 [ERROR] Engine:466 - /home/peter/.stm32cubemx/thirdparties/pdsc/STMicroelectronics.FP-SNS-MOTENVWB1.1.5.0.pdsc: PDSC version is not supported
2026-09-13 23:35:55,865 [WARN] PackLoader:240 - Cannot read IP mode file for STMicroelectronics.X-CUBE-NFC10.1.0.0
2026-09-13 23:35:55,880 [ERROR] Engine:466 - /home/peter/.stm32cubemx/thirdparties/pdsc/STMicroelectronics.X-CUBE-ST60.1.1.0.pdsc: PDSC version is not supported
2026-09-13 23:35:55,896 [WARN] PackLoader:240 - Cannot read IP mode file for emotas.I-CUBE-CANOPEN.1.3.0
2026-09-13 23:35:55,913 [WARN] PackLoader:240 - Cannot read IP mode file for wolfSSL.I-CUBE-wolfSSL.5.9.2
2026-09-13 23:35:55,920 [ERROR] Engine:466 - /home/peter/.stm32cubemx/thirdparties/pdsc/STMicroelectronics.X-CUBE-WBA.1.1.0.pdsc: PDSC version is not supported
2026-09-13 23:35:55,928 [ERROR] Engine:466 - /home/peter/.stm32cubemx/thirdparties/pdsc/STMicroelectronics.FP-SNS-STBOX1.2.1.0.pdsc: PDSC version is not supported
2026-09-13 23:35:55,939 [WARN] PackLoader:240 - Cannot read IP mode file for STMicroelectronics.FP-SNS-SMARTAG2.1.2.0
2026-09-13 23:35:55,945 [ERROR] Engine:466 - /home/peter/.stm32cubemx/thirdparties/pdsc/STMicroelectronics.FP-SNS-FLIGHT1.5.1.0.pdsc: PDSC version is not supported
2026-09-13 23:35:55,979 [INFO] LogOutputStream:77 - [STDOUT_REDIRECT] 1 : Invalid condition id : UX_CORESTACK_Condition cause : null
2026-09-13 23:35:55,980 [INFO] LogOutputStream:77 - [STDOUT_REDIRECT] 1 : Invalid condition id : UX_CORESTACK_Condition cause : null
2026-09-13 23:35:55,982 [INFO] LogOutputStream:77 - [STDOUT_REDIRECT] 1 : Invalid condition id : UX_CORESTACK_Condition cause : null
2026-09-13 23:35:55,983 [INFO] LogOutputStream:77 - [STDOUT_REDIRECT] 1 : Invalid condition id : UX_CORESTACK_Condition cause : null
2026-09-13 23:35:55,983 [INFO] LogOutputStream:77 - [STDOUT_REDIRECT] 1 : Invalid condition id : UX_CORESTACK_Condition cause : null
2026-09-13 23:35:55,998 [WARN] PackLoader:240 - Cannot read IP mode file for STMicroelectronics.X-CUBE-AZRTOS-WL.2.0.0
2026-09-13 23:35:56,016 [WARN] PackLoader:240 - Cannot read IP mode file for STMicroelectronics.X-CUBE-BLE2.3.3.0
2026-09-13 23:35:56,024 [ERROR] Engine:466 - /home/peter/.stm32cubemx/thirdparties/pdsc/Avnet-IOTCONNECT.X-CUBE-iotc-st67-sdk.1.0.0.pdsc: PDSC version is not supported
2026-09-13 23:35:56,049 [INFO] WebApp:192 - Starting web application
2026-09-13 23:35:56,049 [INFO] WebApp:544 - Web application path used /opt/st/stm32cubeide_1.15.0_2/plugins/com.st.stm32cube.common.mx_6.11.0.202403141607/db/plugins/mcufinder/reactClient1/index.html
2026-09-13 23:35:56,158 [WARN] PackLoader:240 - Cannot read IP mode file for Infineon.AIROC-Wi-Fi-Bluetooth-STM32.1.8.0
2026-09-13 23:35:56,200 [WARN] PackLoader:240 - Cannot read IP mode file for STMicroelectronics.X-CUBE-NFC9.1.0.0
2026-09-13 23:35:56,220 [WARN] PackLoader:240 - Cannot read IP mode file for STMicroelectronics.X-CUBE-BLE1.7.1.0
2026-09-13 23:35:56,224 [WARN] PackLoader:240 - Cannot read IP mode file for wolfSSL.I-CUBE-wolfMQTT.1.19.2
2026-09-13 23:35:56,255 [WARN] PackLoader:240 - Cannot read IP mode file for STMicroelectronics.X-CUBE-EEPRMA1.5.2.0
2026-09-13 23:35:56,286 [ERROR] Engine:466 - /home/peter/.stm32cubemx/thirdparties/pdsc/STMicroelectronics.FP-SNS-STAIOTCFT.1.1.0.pdsc: PDSC version is not supported
2026-09-13 23:35:56,405 [WARN] PackLoader:240 - Cannot read IP mode file for STMicroelectronics.X-CUBE-AZRTOS-G0.1.1.0
2026-09-13 23:35:56,464 [WARN] PackLoader:240 - Cannot read IP mode file for STMicroelectronics.X-CUBE-NFC4.3.0.0
2026-09-13 23:35:56,556 [WARN] PackLoader:240 - Cannot read IP mode file for EmbeddedOffice.I-CUBE-FS-RTOS.1.0.1
2026-09-13 23:35:56,558 [ERROR] ConditionMgr:805 - Attr not supported : Dmpu
2026-09-13 23:35:56,558 [ERROR] ConditionMgr:805 - Attr not supported : Dmpu
2026-09-13 23:35:56,561 [ERROR] ConditionMgr:805 - Attr not supported : Dmpu
2026-09-13 23:35:56,563 [ERROR] ConditionMgr:805 - Attr not supported : Dmpu
2026-09-13 23:35:56,563 [ERROR] ConditionMgr:805 - Attr not supported : Dmpu
2026-09-13 23:35:56,563 [ERROR] ConditionMgr:805 - Attr not supported : Dmpu
2026-09-13 23:35:56,563 [ERROR] ConditionMgr:805 - Attr not supported : Dmpu
2026-09-13 23:35:56,563 [ERROR] ConditionMgr:805 - Attr not supported : Dmpu
2026-09-13 23:35:56,563 [ERROR] ConditionMgr:805 - Attr not supported : Dmpu
2026-09-13 23:35:56,564 [ERROR] ConditionMgr:805 - Attr not supported : Dmpu
2026-09-13 23:35:56,569 [ERROR] ConditionMgr:805 - Attr not supported : Dmpu
2026-09-13 23:35:56,569 [ERROR] ConditionMgr:805 - Attr not supported : Dmpu
2026-09-13 23:35:56,569 [ERROR] ConditionMgr:805 - Attr not supported : Dmpu
2026-09-13 23:35:56,569 [ERROR] ConditionMgr:805 - Attr not supported : Dmpu
2026-09-13 23:35:56,570 [ERROR] ConditionMgr:805 - Attr not supported : Dmpu
2026-09-13 23:35:56,571 [ERROR] ConditionMgr:805 - Attr not supported : Dmpu
2026-09-13 23:35:56,573 [ERROR] ConditionMgr:805 - Attr not supported : Dmpu
2026-09-13 23:35:56,573 [ERROR] ConditionMgr:805 - Attr not supported : Dmpu
2026-09-13 23:35:56,575 [ERROR] ConditionMgr:805 - Attr not supported : Dmpu
2026-09-13 23:35:56,575 [ERROR] ConditionMgr:805 - Attr not supported : Dmpu
2026-09-13 23:35:56,576 [ERROR] ConditionMgr:805 - Attr not supported : Dmpu
2026-09-13 23:35:56,576 [ERROR] ConditionMgr:805 - Attr not supported : Dmpu
2026-09-13 23:35:56,576 [ERROR] ConditionMgr:805 - Attr not supported : Dmpu
2026-09-13 23:35:56,576 [ERROR] ConditionMgr:805 - Attr not supported : Dmpu
2026-09-13 23:35:56,576 [ERROR] ConditionMgr:805 - Attr not supported : Dmpu
2026-09-13 23:35:56,576 [ERROR] ConditionMgr:805 - Attr not supported : Dmpu
2026-09-13 23:35:56,576 [ERROR] ConditionMgr:805 - Attr not supported : Dmpu
2026-09-13 23:35:56,576 [ERROR] ConditionMgr:805 - Attr not supported : Dmpu
2026-09-13 23:35:56,577 [ERROR] ConditionMgr:805 - Attr not supported : Dmpu
2026-09-13 23:35:56,589 [ERROR] ConditionMgr:805 - Attr not supported : Dmpu
2026-09-13 23:35:56,589 [ERROR] ConditionMgr:805 - Attr not supported : Dmpu
2026-09-13 23:35:56,589 [ERROR] ConditionMgr:805 - Attr not supported : Dmpu
2026-09-13 23:35:56,590 [ERROR] ConditionMgr:805 - Attr not supported : Dmpu
2026-09-13 23:35:56,590 [ERROR] ConditionMgr:805 - Attr not supported : Dmpu
2026-09-13 23:35:56,590 [ERROR] ConditionMgr:805 - Attr not supported : Dmpu
2026-09-13 23:35:56,590 [ERROR] ConditionMgr:805 - Attr not supported : Dmpu
2026-09-13 23:35:56,590 [ERROR] ConditionMgr:805 - Attr not supported : Dmpu
2026-09-13 23:35:56,590 [ERROR] ConditionMgr:805 - Attr not supported : Dmpu
2026-09-13 23:35:56,590 [ERROR] ConditionMgr:805 - Attr not supported : Dmpu
2026-09-13 23:35:56,591 [ERROR] ConditionMgr:805 - Attr not supported : Dmpu
2026-09-13 23:35:56,603 [ERROR] ConditionMgr:805 - Attr not supported : Dmpu
2026-09-13 23:35:56,603 [ERROR] ConditionMgr:805 - Attr not supported : Dmpu
2026-09-13 23:35:56,603 [ERROR] ConditionMgr:805 - Attr not supported : Dmpu
2026-09-13 23:35:56,603 [ERROR] ConditionMgr:805 - Attr not supported : Dmpu
2026-09-13 23:35:56,603 [ERROR] ConditionMgr:805 - Attr not supported : Dmpu
2026-09-13 23:35:56,603 [ERROR] ConditionMgr:805 - Attr not supported : Dmpu
2026-09-13 23:35:56,604 [ERROR] ConditionMgr:805 - Attr not supported : Dmpu
2026-09-13 23:35:56,610 [ERROR] ConditionMgr:805 - Attr not supported : Dmpu
2026-09-13 23:35:56,611 [ERROR] ConditionMgr:805 - Attr not supported : Dmpu
2026-09-13 23:35:56,611 [ERROR] ConditionMgr:805 - Attr not supported : Dmpu
2026-09-13 23:35:56,611 [ERROR] ConditionMgr:805 - Attr not supported : Dmpu
2026-09-13 23:35:56,611 [ERROR] ConditionMgr:805 - Attr not supported : Dmpu
2026-09-13 23:35:56,611 [ERROR] ConditionMgr:805 - Attr not supported : Dmpu
2026-09-13 23:35:56,611 [ERROR] ConditionMgr:805 - Attr not supported : Dmpu
2026-09-13 23:35:56,612 [ERROR] ConditionMgr:805 - Attr not supported : Dmpu
2026-09-13 23:35:56,620 [ERROR] ConditionMgr:805 - Attr not supported : Dmpu
2026-09-13 23:35:56,621 [ERROR] ConditionMgr:805 - Attr not supported : Dmpu
2026-09-13 23:35:56,621 [ERROR] ConditionMgr:805 - Attr not supported : Dmpu
2026-09-13 23:35:56,621 [ERROR] ConditionMgr:805 - Attr not supported : Dmpu
2026-09-13 23:35:56,621 [ERROR] ConditionMgr:805 - Attr not supported : Dmpu
2026-09-13 23:35:56,621 [ERROR] ConditionMgr:805 - Attr not supported : Dmpu
2026-09-13 23:35:56,621 [ERROR] ConditionMgr:805 - Attr not supported : Dmpu
2026-09-13 23:35:56,622 [ERROR] ConditionMgr:805 - Attr not supported : Dmpu
2026-09-13 23:35:56,632 [ERROR] ConditionMgr:805 - Attr not supported : Dmpu
2026-09-13 23:35:56,657 [WARN] PackLoader:240 - Cannot read IP mode file for wolfSSL.I-CUBE-wolfTPM.3.8.0
2026-09-13 23:35:56,681 [ERROR] Engine:466 - /home/peter/.stm32cubemx/thirdparties/pdsc/STMicroelectronics.X-CUBE-TCPP.4.2.0.pdsc: PDSC version is not supported
2026-09-13 23:35:56,714 [WARN] PackLoader:240 - Cannot read IP mode file for RealThread.X-CUBE-RT-Thread_Nano.4.1.1
2026-09-13 23:35:56,760 [WARN] PackLoader:240 - Cannot read IP mode file for STMicroelectronics.FP-ATR-SIGFOX1.3.2.0
2026-09-13 23:35:56,812 [WARN] PackLoader:240 - Cannot read IP mode file for ITTIA_DB.I-CUBE-ITTIADB.8.9.0
2026-09-13 23:35:56,829 [ERROR] Engine:466 - /home/peter/.stm32cubemx/thirdparties/pdsc/Cesanta.I-CUBE-Mongoose.7.21.7.pdsc: PDSC version is not supported
2026-09-13 23:35:56,874 [WARN] PackLoader:240 - Cannot read IP mode file for STMicroelectronics.X-CUBE-NFC6.3.2.0
2026-09-13 23:35:56,939 [WARN] PackLoader:240 - Cannot read IP mode file for STMicroelectronics.X-CUBE-AI.10.2.1
2026-09-13 23:35:57,230 [WARN] PackLoader:240 - Cannot read IP mode file for SEGGER.I-CUBE-embOS.1.3.1
2026-09-13 23:35:57,498 [ERROR] Engine:466 - /home/peter/.stm32cubemx/thirdparties/pdsc/STMicroelectronics.FP-SNS-STAIOTCFT.2.0.0.pdsc: PDSC version is not supported
2026-09-13 23:35:57,508 [WARN] PackLoader:240 - Cannot read IP mode file for STMicroelectronics.X-CUBE-NFC13.1.0.0
2026-09-13 23:35:57,520 [WARN] PackLoader:240 - Cannot read IP mode file for STMicroelectronics.X-CUBE-PM33A1.1.0.0
2026-09-13 23:35:57,570 [WARN] PackLoader:240 - Cannot read IP mode file for STMicroelectronics.X-CUBE-AZRTOS-F4.1.1.0
2026-09-13 23:35:57,596 [WARN] PackLoader:240 - Cannot read IP mode file for STMicroelectronics.X-CUBE-ISPU.2.1.0
2026-09-13 23:35:57,616 [ERROR] Engine:466 - /home/peter/.stm32cubemx/thirdparties/pdsc/STMicroelectronics.X-CUBE-IPS.3.2.0.pdsc: PDSC version is not supported
2026-09-13 23:35:57,619 [ERROR] Engine:466 - /home/peter/.stm32cubemx/thirdparties/pdsc/STMicroelectronics.eDS-WB_DPC_TT-BIDIR.2.1.1.pdsc: PDSC version is not supported
2026-09-13 23:35:57,653 [WARN] PackLoader:240 - Cannot read IP mode file for STMicroelectronics.X-CUBE-NFC12.1.0.0
2026-09-13 23:35:57,685 [WARN] PackLoader:240 - Cannot read IP mode file for STMicroelectronics.X-CUBE-AZRTOS-L5.2.0.0
2026-09-13 23:35:57,734 [WARN] PackLoader:240 - Cannot read IP mode file for STMicroelectronics.X-CUBE-ALGOBUILD.1.5.0
2026-09-13 23:35:57,738 [ERROR] Engine:466 - /home/peter/.stm32cubemx/thirdparties/pdsc/STMicroelectronics.eDS-WB_DPC_VIENNA.1.2.0.pdsc: PDSC version is not supported
2026-09-13 23:35:57,816 [WARN] PackLoader:240 - Cannot read IP mode file for STMicroelectronics.X-CUBE-MEMS1.13.0.0
2026-09-13 23:35:58,095 [ERROR] Engine:466 - /home/peter/.stm32cubemx/thirdparties/pdsc/STMicroelectronics.eDS-WB_DPC_3PH2L-BIDIR.1.1.1.pdsc: PDSC version is not supported
2026-09-13 23:35:58,101 [ERROR] Engine:466 - /home/peter/.stm32cubemx/thirdparties/pdsc/STMicroelectronics.X-CUBE-ST67W61.1.3.0.pdsc: PDSC version is not supported
2026-09-13 23:35:58,106 [WARN] PackLoader:240 - Cannot read IP mode file for STMicroelectronics.X-CUBE-TOUCHGFX.4.26.1
2026-09-13 23:35:58,113 [WARN] PackLoader:240 - Cannot read IP mode file for STMicroelectronics.X-CUBE-DPower.1.3.0
2026-09-13 23:35:58,142 [WARN] ConditionMgr:438 - getConditionDescription Invalid condition id : LAN8742 Phy interface Condition cause : null
2026-09-13 23:35:58,143 [WARN] PackLoader:240 - Cannot read IP mode file for STMicroelectronics.X-CUBE-AZRTOS-L4.2.0.0
2026-09-13 23:35:58,145 [WARN] ConditionMgr:1039 - genDependencies : Invalid condition id : LAN8742 Phy interface Condition cause : null
2026-09-13 23:35:58,146 [WARN] ConditionMgr:1039 - genDependencies : Invalid condition id : LAN8742 Phy interface Condition cause : null
2026-09-13 23:35:58,147 [WARN] ConditionMgr:1039 - genDependencies : Invalid condition id : LAN8742 Phy interface Condition cause : null
2026-09-13 23:35:58,157 [WARN] PackLoader:240 - Cannot read IP mode file for STMicroelectronics.X-CUBE-SFXS2LP1.4.0.0
2026-09-13 23:35:58,166 [WARN] PackLoader:240 - Cannot read IP mode file for STMicroelectronics.X-CUBE-WB05N.2.1.0
2026-09-13 23:35:58,187 [WARN] ConditionMgr:438 - getConditionDescription Invalid condition id : UX DEVICE CLASS RTOS Condition cause : null
2026-09-13 23:35:58,187 [WARN] ConditionMgr:438 - getConditionDescription Invalid condition id : UX DEVICE CLASS RTOS Condition cause : null
2026-09-13 23:35:58,192 [WARN] PackLoader:240 - Cannot read IP mode file for STMicroelectronics.X-CUBE-AZRTOS-WB.2.0.0
2026-09-13 23:35:58,193 [WARN] ConditionMgr:1039 - genDependencies : Invalid condition id : UX DEVICE CLASS RTOS Condition cause : null
2026-09-13 23:35:58,193 [WARN] ConditionMgr:1039 - genDependencies : Invalid condition id : UX DEVICE CLASS RTOS Condition cause : null
2026-09-13 23:35:58,193 [WARN] ConditionMgr:1039 - genDependencies : Invalid condition id : UX DEVICE CLASS RTOS Condition cause : null
2026-09-13 23:35:58,194 [WARN] ConditionMgr:1039 - genDependencies : Invalid condition id : UX DEVICE CLASS RTOS Condition cause : null
2026-09-13 23:35:58,194 [WARN] ConditionMgr:1039 - genDependencies : Invalid condition id : UX DEVICE CLASS RTOS Condition cause : null
2026-09-13 23:35:58,199 [WARN] ConditionMgr:438 - getConditionDescription Invalid condition id : Cortex-A Device cause : null
2026-09-13 23:35:58,229 [WARN] ConditionMgr:1039 - genDependencies : Invalid condition id : Cortex-A Device cause : null
2026-09-13 23:35:58,229 [WARN] ConditionMgr:1039 - genDependencies : Invalid condition id : Cortex-A Device cause : null
2026-09-13 23:35:58,229 [WARN] ConditionMgr:1039 - genDependencies : Invalid condition id : Cortex-A Device cause : null
2026-09-13 23:35:58,240 [WARN] PackLoader:240 - Cannot read IP mode file for STMicroelectronics.X-CUBE-STSE01.2.0.0
2026-09-13 23:35:58,272 [WARN] PackLoader:240 - Cannot read IP mode file for STMicroelectronics.X-CUBE-SUBG2.5.0.0
2026-09-13 23:35:58,308 [WARN] PackLoader:240 - Cannot read IP mode file for STMicroelectronics.X-CUBE-AZRTOS-G4.2.0.0
2026-09-13 23:35:58,317 [WARN] PackLoader:240 - Cannot read IP mode file for wolfSSL.I-CUBE-wolfSSH.1.4.20
2026-09-13 23:35:58,323 [WARN] PackLoader:240 - Cannot read IP mode file for STMicroelectronics.X-CUBE-NFC7.2.0.0
2026-09-13 23:35:58,332 [ERROR] Engine:466 - /home/peter/.stm32cubemx/thirdparties/pdsc/STMicroelectronics.X-CUBE-BLEMGR.4.2.0.pdsc: PDSC version is not supported
2026-09-13 23:35:58,349 [WARN] PackLoader:240 - Cannot read IP mode file for STMicroelectronics.X-CUBE-ALS.1.0.2
2026-09-13 23:35:58,363 [ERROR] Engine:466 - /home/peter/.stm32cubemx/thirdparties/pdsc/STMicroelectronics.X-CUBE-TOF1.3.4.3.pdsc: PDSC version is not supported
2026-09-13 23:35:58,363 [INFO] ThirdParty:978 - Integrity check success = true
2026-09-13 23:35:58,363 [INFO] IntegrityCheckThread:100 - exiting critical section [integrity check]
2026-09-13 23:35:58,364 [INFO] IntegrityCheckThread:103 - End integrity checks thread
2026-09-13 23:36:15,724 [ERROR] LogOutputStream:75 - [STDERR_REDIRECT] Sep 13, 2026 11:36:15 PM java.util.prefs.FileSystemPreferences checkLockFile0ErrorCode
2026-09-13 23:36:15,724 [ERROR] LogOutputStream:75 - [STDERR_REDIRECT] WARNING: Could not lock System prefs. Unix error code 31587.
2026-09-13 23:36:15,725 [ERROR] LogOutputStream:75 - [STDERR_REDIRECT] 
2026-09-13 23:36:15,726 [ERROR] LogOutputStream:75 - [STDERR_REDIRECT] Sep 13, 2026 11:36:15 PM java.util.prefs.FileSystemPreferences syncWorld
2026-09-13 23:36:15,727 [ERROR] LogOutputStream:75 - [STDERR_REDIRECT] WARNING: Couldn't flush system prefs: java.util.prefs.BackingStoreException: Couldn't get file lock.
2026-09-13 23:36:15,727 [ERROR] LogOutputStream:75 - [STDERR_REDIRECT] 
2026-09-13 23:36:45,683 [ERROR] LogOutputStream:75 - [STDERR_REDIRECT] Sep 13, 2026 11:36:45 PM java.util.prefs.FileSystemPreferences checkLockFile0ErrorCode
2026-09-13 23:36:45,684 [ERROR] LogOutputStream:75 - [STDERR_REDIRECT] WARNING: Could not lock System prefs. Unix error code 31587.
2026-09-13 23:36:45,684 [ERROR] LogOutputStream:75 - [STDERR_REDIRECT] 
2026-09-13 23:36:45,685 [ERROR] LogOutputStream:75 - [STDERR_REDIRECT] Sep 13, 2026 11:36:45 PM java.util.prefs.FileSystemPreferences syncWorld
2026-09-13 23:36:45,686 [ERROR] LogOutputStream:75 - [STDERR_REDIRECT] WARNING: Couldn't flush system prefs: java.util.prefs.BackingStoreException: Couldn't get file lock.
2026-09-13 23:36:45,686 [ERROR] LogOutputStream:75 - [STDERR_REDIRECT] 
2026-09-13 23:37:15,686 [ERROR] LogOutputStream:75 - [STDERR_REDIRECT] Sep 13, 2026 11:37:15 PM java.util.prefs.FileSystemPreferences checkLockFile0ErrorCode
2026-09-13 23:37:15,686 [ERROR] LogOutputStream:75 - [STDERR_REDIRECT] WARNING: Could not lock System prefs. Unix error code 31587.
2026-09-13 23:37:15,686 [ERROR] LogOutputStream:75 - [STDERR_REDIRECT] 
2026-09-13 23:37:15,690 [ERROR] LogOutputStream:75 - [STDERR_REDIRECT] Sep 13, 2026 11:37:15 PM java.util.prefs.FileSystemPreferences syncWorld
2026-09-13 23:37:15,691 [ERROR] LogOutputStream:75 - [STDERR_REDIRECT] WARNING: Couldn't flush system prefs: java.util.prefs.BackingStoreException: Couldn't get file lock.
2026-09-13 23:37:15,691 [ERROR] LogOutputStream:75 - [STDERR_REDIRECT] 
2026-09-13 23:37:45,687 [ERROR] LogOutputStream:75 - [STDERR_REDIRECT] Sep 13, 2026 11:37:45 PM java.util.prefs.FileSystemPreferences checkLockFile0ErrorCode
2026-09-13 23:37:45,688 [ERROR] LogOutputStream:75 - [STDERR_REDIRECT] WARNING: Could not lock System prefs. Unix error code 31587.
2026-09-13 23:37:45,688 [ERROR] LogOutputStream:75 - [STDERR_REDIRECT] 
2026-09-13 23:37:45,690 [ERROR] LogOutputStream:75 - [STDERR_REDIRECT] Sep 13, 2026 11:37:45 PM java.util.prefs.FileSystemPreferences syncWorld
2026-09-13 23:37:45,692 [ERROR] LogOutputStream:75 - [STDERR_REDIRECT] WARNING: Couldn't flush system prefs: java.util.prefs.BackingStoreException: Couldn't get file lock.
2026-09-13 23:37:45,692 [ERROR] LogOutputStream:75 - [STDERR_REDIRECT] 
2026-09-13 23:38:15,685 [ERROR] LogOutputStream:75 - [STDERR_REDIRECT] Sep 13, 2026 11:38:15 PM java.util.prefs.FileSystemPreferences checkLockFile0ErrorCode
2026-09-13 23:38:15,685 [ERROR] LogOutputStream:75 - [STDERR_REDIRECT] WARNING: Could not lock System prefs. Unix error code 31587.
2026-09-13 23:38:15,686 [ERROR] LogOutputStream:75 - [STDERR_REDIRECT] 
2026-09-13 23:38:15,689 [ERROR] LogOutputStream:75 - [STDERR_REDIRECT] Sep 13, 2026 11:38:15 PM java.util.prefs.FileSystemPreferences syncWorld
2026-09-13 23:38:15,690 [ERROR] LogOutputStream:75 - [STDERR_REDIRECT] WARNING: Couldn't flush system prefs: java.util.prefs.BackingStoreException: Couldn't get file lock.
2026-09-13 23:38:15,690 [ERROR] LogOutputStream:75 - [STDERR_REDIRECT] 
2026-09-13 23:38:45,685 [ERROR] LogOutputStream:75 - [STDERR_REDIRECT] Sep 13, 2026 11:38:45 PM java.util.prefs.FileSystemPreferences checkLockFile0ErrorCode
2026-09-13 23:38:45,685 [ERROR] LogOutputStream:75 - [STDERR_REDIRECT] WARNING: Could not lock System prefs. Unix error code 31587.
2026-09-13 23:38:45,685 [ERROR] LogOutputStream:75 - [STDERR_REDIRECT] 
2026-09-13 23:38:45,686 [ERROR] LogOutputStream:75 - [STDERR_REDIRECT] Sep 13, 2026 11:38:45 PM java.util.prefs.FileSystemPreferences syncWorld
2026-09-13 23:38:45,686 [ERROR] LogOutputStream:75 - [STDERR_REDIRECT] WARNING: Couldn't flush system prefs: java.util.prefs.BackingStoreException: Couldn't get file lock.
2026-09-13 23:38:45,686 [ERROR] LogOutputStream:75 - [STDERR_REDIRECT] 
2026-09-13 23:39:15,686 [ERROR] LogOutputStream:75 - [STDERR_REDIRECT] Sep 13, 2026 11:39:15 PM java.util.prefs.FileSystemPreferences checkLockFile0ErrorCode
2026-09-13 23:39:15,687 [ERROR] LogOutputStream:75 - [STDERR_REDIRECT] WARNING: Could not lock System prefs. Unix error code 31587.
2026-09-13 23:39:15,687 [ERROR] LogOutputStream:75 - [STDERR_REDIRECT] 
2026-09-13 23:39:15,689 [ERROR] LogOutputStream:75 - [STDERR_REDIRECT] Sep 13, 2026 11:39:15 PM java.util.prefs.FileSystemPreferences syncWorld
2026-09-13 23:39:15,689 [ERROR] LogOutputStream:75 - [STDERR_REDIRECT] WARNING: Couldn't flush system prefs: java.util.prefs.BackingStoreException: Couldn't get file lock.
2026-09-13 23:39:15,689 [ERROR] LogOutputStream:75 - [STDERR_REDIRECT] 
2026-09-13 23:39:45,687 [ERROR] LogOutputStream:75 - [STDERR_REDIRECT] Sep 13, 2026 11:39:45 PM java.util.prefs.FileSystemPreferences checkLockFile0ErrorCode
2026-09-13 23:39:45,688 [ERROR] LogOutputStream:75 - [STDERR_REDIRECT] WARNING: Could not lock System prefs. Unix error code 31587.
2026-09-13 23:39:45,688 [ERROR] LogOutputStream:75 - [STDERR_REDIRECT] 
2026-09-13 23:39:45,689 [ERROR] LogOutputStream:75 - [STDERR_REDIRECT] Sep 13, 2026 11:39:45 PM java.util.prefs.FileSystemPreferences syncWorld
2026-09-13 23:39:45,689 [ERROR] LogOutputStream:75 - [STDERR_REDIRECT] WARNING: Couldn't flush system prefs: java.util.prefs.BackingStoreException: Couldn't get file lock.
2026-09-13 23:39:45,689 [ERROR] LogOutputStream:75 - [STDERR_REDIRECT] 
2026-09-13 23:40:15,688 [ERROR] LogOutputStream:75 - [STDERR_REDIRECT] Sep 13, 2026 11:40:15 PM java.util.prefs.FileSystemPreferences checkLockFile0ErrorCode
2026-09-13 23:40:15,688 [ERROR] LogOutputStream:75 - [STDERR_REDIRECT] WARNING: Could not lock System prefs. Unix error code 31587.
2026-09-13 23:40:15,689 [ERROR] LogOutputStream:75 - [STDERR_REDIRECT] 
2026-09-13 23:40:15,690 [ERROR] LogOutputStream:75 - [STDERR_REDIRECT] Sep 13, 2026 11:40:15 PM java.util.prefs.FileSystemPreferences syncWorld
2026-09-13 23:40:15,691 [ERROR] LogOutputStream:75 - [STDERR_REDIRECT] WARNING: Couldn't flush system prefs: java.util.prefs.BackingStoreException: Couldn't get file lock.
2026-09-13 23:40:15,691 [ERROR] LogOutputStream:75 - [STDERR_REDIRECT] 
2026-09-13 23:40:45,688 [ERROR] LogOutputStream:75 - [STDERR_REDIRECT] Sep 13, 2026 11:40:45 PM java.util.prefs.FileSystemPreferences checkLockFile0ErrorCode
2026-09-13 23:40:45,689 [ERROR] LogOutputStream:75 - [STDERR_REDIRECT] WARNING: Could not lock System prefs. Unix error code 31587.
2026-09-13 23:40:45,689 [ERROR] LogOutputStream:75 - [STDERR_REDIRECT] 
2026-09-13 23:40:45,690 [ERROR] LogOutputStream:75 - [STDERR_REDIRECT] Sep 13, 2026 11:40:45 PM java.util.prefs.FileSystemPreferences syncWorld
2026-09-13 23:40:45,690 [ERROR] LogOutputStream:75 - [STDERR_REDIRECT] WARNING: Couldn't flush system prefs: java.util.prefs.BackingStoreException: Couldn't get file lock.
2026-09-13 23:40:45,690 [ERROR] LogOutputStream:75 - [STDERR_REDIRECT] 
2026-09-13 23:41:15,690 [ERROR] LogOutputStream:75 - [STDERR_REDIRECT] Sep 13, 2026 11:41:15 PM java.util.prefs.FileSystemPreferences checkLockFile0ErrorCode
2026-09-13 23:41:15,690 [ERROR] LogOutputStream:75 - [STDERR_REDIRECT] WARNING: Could not lock System prefs. Unix error code 31587.
2026-09-13 23:41:15,690 [ERROR] LogOutputStream:75 - [STDERR_REDIRECT] 
2026-09-13 23:41:15,692 [ERROR] LogOutputStream:75 - [STDERR_REDIRECT] Sep 13, 2026 11:41:15 PM java.util.prefs.FileSystemPreferences syncWorld
2026-09-13 23:41:15,692 [ERROR] LogOutputStream:75 - [STDERR_REDIRECT] WARNING: Couldn't flush system prefs: java.util.prefs.BackingStoreException: Couldn't get file lock.
2026-09-13 23:41:15,692 [ERROR] LogOutputStream:75 - [STDERR_REDIRECT] 
2026-09-13 23:41:45,690 [ERROR] LogOutputStream:75 - [STDERR_REDIRECT] Sep 13, 2026 11:41:45 PM java.util.prefs.FileSystemPreferences checkLockFile0ErrorCode
2026-09-13 23:41:45,690 [ERROR] LogOutputStream:75 - [STDERR_REDIRECT] WARNING: Could not lock System prefs. Unix error code 31587.
2026-09-13 23:41:45,691 [ERROR] LogOutputStream:75 - [STDERR_REDIRECT] 
2026-09-13 23:41:45,691 [ERROR] LogOutputStream:75 - [STDERR_REDIRECT] Sep 13, 2026 11:41:45 PM java.util.prefs.FileSystemPreferences syncWorld
2026-09-13 23:41:45,692 [ERROR] LogOutputStream:75 - [STDERR_REDIRECT] WARNING: Couldn't flush system prefs: java.util.prefs.BackingStoreException: Couldn't get file lock.
2026-09-13 23:41:45,692 [ERROR] LogOutputStream:75 - [STDERR_REDIRECT] 
2026-09-13 23:42:15,690 [ERROR] LogOutputStream:75 - [STDERR_REDIRECT] Sep 13, 2026 11:42:15 PM java.util.prefs.FileSystemPreferences checkLockFile0ErrorCode
2026-09-13 23:42:15,691 [ERROR] LogOutputStream:75 - [STDERR_REDIRECT] WARNING: Could not lock System prefs. Unix error code 31587.
2026-09-13 23:42:15,691 [ERROR] LogOutputStream:75 - [STDERR_REDIRECT] 
2026-09-13 23:42:15,691 [ERROR] LogOutputStream:75 - [STDERR_REDIRECT] Sep 13, 2026 11:42:15 PM java.util.prefs.FileSystemPreferences syncWorld
2026-09-13 23:42:15,693 [ERROR] LogOutputStream:75 - [STDERR_REDIRECT] WARNING: Couldn't flush system prefs: java.util.prefs.BackingStoreException: Couldn't get file lock.
2026-09-13 23:42:15,693 [ERROR] LogOutputStream:75 - [STDERR_REDIRECT] 
2026-09-13 23:42:45,690 [ERROR] LogOutputStream:75 - [STDERR_REDIRECT] Sep 13, 2026 11:42:45 PM java.util.prefs.FileSystemPreferences checkLockFile0ErrorCode
2026-09-13 23:42:45,690 [ERROR] LogOutputStream:75 - [STDERR_REDIRECT] WARNING: Could not lock System prefs. Unix error code 31587.
2026-09-13 23:42:45,691 [ERROR] LogOutputStream:75 - [STDERR_REDIRECT] 
2026-09-13 23:42:45,691 [ERROR] LogOutputStream:75 - [STDERR_REDIRECT] Sep 13, 2026 11:42:45 PM java.util.prefs.FileSystemPreferences syncWorld
2026-09-13 23:42:45,692 [ERROR] LogOutputStream:75 - [STDERR_REDIRECT] WARNING: Couldn't flush system prefs: java.util.prefs.BackingStoreException: Couldn't get file lock.
2026-09-13 23:42:45,692 [ERROR] LogOutputStream:75 - [STDERR_REDIRECT] 
2026-09-13 23:43:15,690 [ERROR] LogOutputStream:75 - [STDERR_REDIRECT] Sep 13, 2026 11:43:15 PM java.util.prefs.FileSystemPreferences checkLockFile0ErrorCode
2026-09-13 23:43:15,691 [ERROR] LogOutputStream:75 - [STDERR_REDIRECT] WARNING: Could not lock System prefs. Unix error code 31587.
2026-09-13 23:43:15,691 [ERROR] LogOutputStream:75 - [STDERR_REDIRECT] 
2026-09-13 23:43:15,692 [ERROR] LogOutputStream:75 - [STDERR_REDIRECT] Sep 13, 2026 11:43:15 PM java.util.prefs.FileSystemPreferences syncWorld
2026-09-13 23:43:15,692 [ERROR] LogOutputStream:75 - [STDERR_REDIRECT] WARNING: Couldn't flush system prefs: java.util.prefs.BackingStoreException: Couldn't get file lock.
2026-09-13 23:43:15,692 [ERROR] LogOutputStream:75 - [STDERR_REDIRECT] 
2026-09-13 23:43:45,691 [ERROR] LogOutputStream:75 - [STDERR_REDIRECT] Sep 13, 2026 11:43:45 PM java.util.prefs.FileSystemPreferences checkLockFile0ErrorCode
2026-09-13 23:43:45,692 [ERROR] LogOutputStream:75 - [STDERR_REDIRECT] WARNING: Could not lock System prefs. Unix error code 0.
2026-09-13 23:43:45,692 [ERROR] LogOutputStream:75 - [STDERR_REDIRECT] 
2026-09-13 23:43:45,693 [ERROR] LogOutputStream:75 - [STDERR_REDIRECT] Sep 13, 2026 11:43:45 PM java.util.prefs.FileSystemPreferences syncWorld
2026-09-13 23:43:45,693 [ERROR] LogOutputStream:75 - [STDERR_REDIRECT] WARNING: Couldn't flush system prefs: java.util.prefs.BackingStoreException: Couldn't get file lock.
2026-09-13 23:43:45,693 [ERROR] LogOutputStream:75 - [STDERR_REDIRECT] 
2026-09-13 23:44:15,692 [ERROR] LogOutputStream:75 - [STDERR_REDIRECT] Sep 13, 2026 11:44:15 PM java.util.prefs.FileSystemPreferences checkLockFile0ErrorCode
2026-09-13 23:44:15,693 [ERROR] LogOutputStream:75 - [STDERR_REDIRECT] WARNING: Could not lock System prefs. Unix error code 0.
2026-09-13 23:44:15,693 [ERROR] LogOutputStream:75 - [STDERR_REDIRECT] 
2026-09-13 23:44:15,694 [ERROR] LogOutputStream:75 - [STDERR_REDIRECT] Sep 13, 2026 11:44:15 PM java.util.prefs.FileSystemPreferences syncWorld
2026-09-13 23:44:15,694 [ERROR] LogOutputStream:75 - [STDERR_REDIRECT] WARNING: Couldn't flush system prefs: java.util.prefs.BackingStoreException: Couldn't get file lock.
2026-09-13 23:44:15,694 [ERROR] LogOutputStream:75 - [STDERR_REDIRECT] 
2026-09-13 23:44:45,693 [ERROR] LogOutputStream:75 - [STDERR_REDIRECT] Sep 13, 2026 11:44:45 PM java.util.prefs.FileSystemPreferences checkLockFile0ErrorCode
2026-09-13 23:44:45,694 [ERROR] LogOutputStream:75 - [STDERR_REDIRECT] WARNING: Could not lock System prefs. Unix error code 0.
2026-09-13 23:44:45,694 [ERROR] LogOutputStream:75 - [STDERR_REDIRECT] 
2026-09-13 23:44:45,695 [ERROR] LogOutputStream:75 - [STDERR_REDIRECT] Sep 13, 2026 11:44:45 PM java.util.prefs.FileSystemPreferences syncWorld
2026-09-13 23:44:45,695 [ERROR] LogOutputStream:75 - [STDERR_REDIRECT] WARNING: Couldn't flush system prefs: java.util.prefs.BackingStoreException: Couldn't get file lock.
2026-09-13 23:44:45,695 [ERROR] LogOutputStream:75 - [STDERR_REDIRECT] 
2026-09-13 23:45:15,693 [ERROR] LogOutputStream:75 - [STDERR_REDIRECT] Sep 13, 2026 11:45:15 PM java.util.prefs.FileSystemPreferences checkLockFile0ErrorCode
2026-09-13 23:45:15,694 [ERROR] LogOutputStream:75 - [STDERR_REDIRECT] WARNING: Could not lock System prefs. Unix error code 0.
2026-09-13 23:45:15,694 [ERROR] LogOutputStream:75 - [STDERR_REDIRECT] 
2026-09-13 23:45:15,696 [ERROR] LogOutputStream:75 - [STDERR_REDIRECT] Sep 13, 2026 11:45:15 PM java.util.prefs.FileSystemPreferences syncWorld
2026-09-13 23:45:15,696 [ERROR] LogOutputStream:75 - [STDERR_REDIRECT] WARNING: Couldn't flush system prefs: java.util.prefs.BackingStoreException: Couldn't get file lock.
2026-09-13 23:45:15,696 [ERROR] LogOutputStream:75 - [STDERR_REDIRECT] 
2026-09-13 23:45:45,694 [ERROR] LogOutputStream:75 - [STDERR_REDIRECT] Sep 13, 2026 11:45:45 PM java.util.prefs.FileSystemPreferences checkLockFile0ErrorCode
2026-09-13 23:45:45,695 [ERROR] LogOutputStream:75 - [STDERR_REDIRECT] WARNING: Could not lock System prefs. Unix error code 0.
2026-09-13 23:45:45,696 [ERROR] LogOutputStream:75 - [STDERR_REDIRECT] 
2026-09-13 23:45:45,697 [ERROR] LogOutputStream:75 - [STDERR_REDIRECT] Sep 13, 2026 11:45:45 PM java.util.prefs.FileSystemPreferences syncWorld
2026-09-13 23:45:45,697 [ERROR] LogOutputStream:75 - [STDERR_REDIRECT] WARNING: Couldn't flush system prefs: java.util.prefs.BackingStoreException: Couldn't get file lock.
2026-09-13 23:45:45,697 [ERROR] LogOutputStream:75 - [STDERR_REDIRECT] 
2026-09-13 23:46:15,695 [ERROR] LogOutputStream:75 - [STDERR_REDIRECT] Sep 13, 2026 11:46:15 PM java.util.prefs.FileSystemPreferences checkLockFile0ErrorCode
2026-09-13 23:46:15,696 [ERROR] LogOutputStream:75 - [STDERR_REDIRECT] WARNING: Could not lock System prefs. Unix error code 0.
2026-09-13 23:46:15,696 [ERROR] LogOutputStream:75 - [STDERR_REDIRECT] 
2026-09-13 23:46:15,697 [ERROR] LogOutputStream:75 - [STDERR_REDIRECT] Sep 13, 2026 11:46:15 PM java.util.prefs.FileSystemPreferences syncWorld
2026-09-13 23:46:15,697 [ERROR] LogOutputStream:75 - [STDERR_REDIRECT] WARNING: Couldn't flush system prefs: java.util.prefs.BackingStoreException: Couldn't get file lock.
2026-09-13 23:46:15,697 [ERROR] LogOutputStream:75 - [STDERR_REDIRECT] 
2026-09-13 23:46:45,695 [ERROR] LogOutputStream:75 - [STDERR_REDIRECT] Sep 13, 2026 11:46:45 PM java.util.prefs.FileSystemPreferences checkLockFile0ErrorCode
2026-09-13 23:46:45,696 [ERROR] LogOutputStream:75 - [STDERR_REDIRECT] WARNING: Could not lock System prefs. Unix error code 0.
2026-09-13 23:46:45,696 [ERROR] LogOutputStream:75 - [STDERR_REDIRECT] 
2026-09-13 23:46:45,696 [ERROR] LogOutputStream:75 - [STDERR_REDIRECT] Sep 13, 2026 11:46:45 PM java.util.prefs.FileSystemPreferences syncWorld
2026-09-13 23:46:45,698 [ERROR] LogOutputStream:75 - [STDERR_REDIRECT] WARNING: Couldn't flush system prefs: java.util.prefs.BackingStoreException: Couldn't get file lock.
2026-09-13 23:46:45,699 [ERROR] LogOutputStream:75 - [STDERR_REDIRECT] 
2026-09-13 23:47:15,695 [ERROR] LogOutputStream:75 - [STDERR_REDIRECT] Sep 13, 2026 11:47:15 PM java.util.prefs.FileSystemPreferences checkLockFile0ErrorCode
2026-09-13 23:47:15,696 [ERROR] LogOutputStream:75 - [STDERR_REDIRECT] WARNING: Could not lock System prefs. Unix error code 0.
2026-09-13 23:47:15,696 [ERROR] LogOutputStream:75 - [STDERR_REDIRECT] 
2026-09-13 23:47:15,697 [ERROR] LogOutputStream:75 - [STDERR_REDIRECT] Sep 13, 2026 11:47:15 PM java.util.prefs.FileSystemPreferences syncWorld
2026-09-13 23:47:15,697 [ERROR] LogOutputStream:75 - [STDERR_REDIRECT] WARNING: Couldn't flush system prefs: java.util.prefs.BackingStoreException: Couldn't get file lock.
2026-09-13 23:47:15,698 [ERROR] LogOutputStream:75 - [STDERR_REDIRECT] 
2026-09-13 23:47:45,696 [ERROR] LogOutputStream:75 - [STDERR_REDIRECT] Sep 13, 2026 11:47:45 PM java.util.prefs.FileSystemPreferences checkLockFile0ErrorCode
2026-09-13 23:47:45,697 [ERROR] LogOutputStream:75 - [STDERR_REDIRECT] WARNING: Could not lock System prefs. Unix error code 0.
2026-09-13 23:47:45,697 [ERROR] LogOutputStream:75 - [STDERR_REDIRECT] 
2026-09-13 23:47:45,697 [ERROR] LogOutputStream:75 - [STDERR_REDIRECT] Sep 13, 2026 11:47:45 PM java.util.prefs.FileSystemPreferences syncWorld
2026-09-13 23:47:45,698 [ERROR] LogOutputStream:75 - [STDERR_REDIRECT] WARNING: Couldn't flush system prefs: java.util.prefs.BackingStoreException: Couldn't get file lock.
2026-09-13 23:47:45,698 [ERROR] LogOutputStream:75 - [STDERR_REDIRECT] 
2026-09-13 23:48:15,695 [ERROR] LogOutputStream:75 - [STDERR_REDIRECT] Sep 13, 2026 11:48:15 PM java.util.prefs.FileSystemPreferences checkLockFile0ErrorCode
2026-09-13 23:48:15,696 [ERROR] LogOutputStream:75 - [STDERR_REDIRECT] WARNING: Could not lock System prefs. Unix error code 0.
2026-09-13 23:48:15,696 [ERROR] LogOutputStream:75 - [STDERR_REDIRECT] 
2026-09-13 23:48:15,697 [ERROR] LogOutputStream:75 - [STDERR_REDIRECT] Sep 13, 2026 11:48:15 PM java.util.prefs.FileSystemPreferences syncWorld
2026-09-13 23:48:15,697 [ERROR] LogOutputStream:75 - [STDERR_REDIRECT] WARNING: Couldn't flush system prefs: java.util.prefs.BackingStoreException: Couldn't get file lock.
2026-09-13 23:48:15,697 [ERROR] LogOutputStream:75 - [STDERR_REDIRECT] 
2026-09-13 23:48:45,696 [ERROR] LogOutputStream:75 - [STDERR_REDIRECT] Sep 13, 2026 11:48:45 PM java.util.prefs.FileSystemPreferences checkLockFile0ErrorCode
2026-09-13 23:48:45,697 [ERROR] LogOutputStream:75 - [STDERR_REDIRECT] WARNING: Could not lock System prefs. Unix error code 0.
2026-09-13 23:48:45,697 [ERROR] LogOutputStream:75 - [STDERR_REDIRECT] 
2026-09-13 23:48:45,697 [ERROR] LogOutputStream:75 - [STDERR_REDIRECT] Sep 13, 2026 11:48:45 PM java.util.prefs.FileSystemPreferences syncWorld
2026-09-13 23:48:45,698 [ERROR] LogOutputStream:75 - [STDERR_REDIRECT] WARNING: Couldn't flush system prefs: java.util.prefs.BackingStoreException: Couldn't get file lock.
2026-09-13 23:48:45,699 [ERROR] LogOutputStream:75 - [STDERR_REDIRECT] 
2026-09-13 23:49:15,697 [ERROR] LogOutputStream:75 - [STDERR_REDIRECT] Sep 13, 2026 11:49:15 PM java.util.prefs.FileSystemPreferences checkLockFile0ErrorCode
2026-09-13 23:49:15,698 [ERROR] LogOutputStream:75 - [STDERR_REDIRECT] WARNING: Could not lock System prefs. Unix error code 0.
2026-09-13 23:49:15,698 [ERROR] LogOutputStream:75 - [STDERR_REDIRECT] 
2026-09-13 23:49:15,699 [ERROR] LogOutputStream:75 - [STDERR_REDIRECT] Sep 13, 2026 11:49:15 PM java.util.prefs.FileSystemPreferences syncWorld
2026-09-13 23:49:15,700 [ERROR] LogOutputStream:75 - [STDERR_REDIRECT] WARNING: Couldn't flush system prefs: java.util.prefs.BackingStoreException: Couldn't get file lock.
2026-09-13 23:49:15,700 [ERROR] LogOutputStream:75 - [STDERR_REDIRECT] 
2026-09-13 23:49:45,697 [ERROR] LogOutputStream:75 - [STDERR_REDIRECT] Sep 13, 2026 11:49:45 PM java.util.prefs.FileSystemPreferences checkLockFile0ErrorCode
2026-09-13 23:49:45,698 [ERROR] LogOutputStream:75 - [STDERR_REDIRECT] WARNING: Could not lock System prefs. Unix error code 0.
2026-09-13 23:49:45,698 [ERROR] LogOutputStream:75 - [STDERR_REDIRECT] 
2026-09-13 23:49:45,698 [ERROR] LogOutputStream:75 - [STDERR_REDIRECT] Sep 13, 2026 11:49:45 PM java.util.prefs.FileSystemPreferences syncWorld
2026-09-13 23:49:45,699 [ERROR] LogOutputStream:75 - [STDERR_REDIRECT] WARNING: Couldn't flush system prefs: java.util.prefs.BackingStoreException: Couldn't get file lock.
2026-09-13 23:49:45,700 [ERROR] LogOutputStream:75 - [STDERR_REDIRECT] 
2026-09-13 23:50:15,697 [ERROR] LogOutputStream:75 - [STDERR_REDIRECT] Sep 13, 2026 11:50:15 PM java.util.prefs.FileSystemPreferences checkLockFile0ErrorCode
2026-09-13 23:50:15,698 [ERROR] LogOutputStream:75 - [STDERR_REDIRECT] WARNING: Could not lock System prefs. Unix error code 0.
2026-09-13 23:50:15,698 [ERROR] LogOutputStream:75 - [STDERR_REDIRECT] 
2026-09-13 23:50:15,699 [ERROR] LogOutputStream:75 - [STDERR_REDIRECT] Sep 13, 2026 11:50:15 PM java.util.prefs.FileSystemPreferences syncWorld
2026-09-13 23:50:15,700 [ERROR] LogOutputStream:75 - [STDERR_REDIRECT] WARNING: Couldn't flush system prefs: java.util.prefs.BackingStoreException: Couldn't get file lock.
2026-09-13 23:50:15,700 [ERROR] LogOutputStream:75 - [STDERR_REDIRECT] 
2026-09-13 23:50:45,698 [ERROR] LogOutputStream:75 - [STDERR_REDIRECT] Sep 13, 2026 11:50:45 PM java.util.prefs.FileSystemPreferences checkLockFile0ErrorCode
2026-09-13 23:50:45,698 [ERROR] LogOutputStream:75 - [STDERR_REDIRECT] WARNING: Could not lock System prefs. Unix error code 0.
2026-09-13 23:50:45,700 [ERROR] LogOutputStream:75 - [STDERR_REDIRECT] 
2026-09-13 23:50:45,701 [ERROR] LogOutputStream:75 - [STDERR_REDIRECT] Sep 13, 2026 11:50:45 PM java.util.prefs.FileSystemPreferences syncWorld
2026-09-13 23:50:45,701 [ERROR] LogOutputStream:75 - [STDERR_REDIRECT] WARNING: Couldn't flush system prefs: java.util.prefs.BackingStoreException: Couldn't get file lock.
2026-09-13 23:50:45,701 [ERROR] LogOutputStream:75 - [STDERR_REDIRECT] 
2026-09-13 23:51:15,698 [ERROR] LogOutputStream:75 - [STDERR_REDIRECT] Sep 13, 2026 11:51:15 PM java.util.prefs.FileSystemPreferences checkLockFile0ErrorCode
2026-09-13 23:51:15,698 [ERROR] LogOutputStream:75 - [STDERR_REDIRECT] WARNING: Could not lock System prefs. Unix error code 0.
2026-09-13 23:51:15,698 [ERROR] LogOutputStream:75 - [STDERR_REDIRECT] 
2026-09-13 23:51:15,700 [ERROR] LogOutputStream:75 - [STDERR_REDIRECT] Sep 13, 2026 11:51:15 PM java.util.prefs.FileSystemPreferences syncWorld
2026-09-13 23:51:15,700 [ERROR] LogOutputStream:75 - [STDERR_REDIRECT] WARNING: Couldn't flush system prefs: java.util.prefs.BackingStoreException: Couldn't get file lock.
2026-09-13 23:51:15,701 [ERROR] LogOutputStream:75 - [STDERR_REDIRECT] 
2026-09-13 23:51:45,698 [ERROR] LogOutputStream:75 - [STDERR_REDIRECT] Sep 13, 2026 11:51:45 PM java.util.prefs.FileSystemPreferences checkLockFile0ErrorCode
2026-09-13 23:51:45,698 [ERROR] LogOutputStream:75 - [STDERR_REDIRECT] WARNING: Could not lock System prefs. Unix error code 0.
2026-09-13 23:51:45,698 [ERROR] LogOutputStream:75 - [STDERR_REDIRECT] 
2026-09-13 23:51:45,699 [ERROR] LogOutputStream:75 - [STDERR_REDIRECT] Sep 13, 2026 11:51:45 PM java.util.prefs.FileSystemPreferences syncWorld
2026-09-13 23:51:45,699 [ERROR] LogOutputStream:75 - [STDERR_REDIRECT] WARNING: Couldn't flush system prefs: java.util.prefs.BackingStoreException: Couldn't get file lock.
2026-09-13 23:51:45,700 [ERROR] LogOutputStream:75 - [STDERR_REDIRECT] 
2026-09-13 23:52:15,697 [ERROR] LogOutputStream:75 - [STDERR_REDIRECT] Sep 13, 2026 11:52:15 PM java.util.prefs.FileSystemPreferences checkLockFile0ErrorCode
2026-09-13 23:52:15,699 [ERROR] LogOutputStream:75 - [STDERR_REDIRECT] WARNING: Could not lock System prefs. Unix error code 0.
2026-09-13 23:52:15,699 [ERROR] LogOutputStream:75 - [STDERR_REDIRECT] 
2026-09-13 23:52:15,700 [ERROR] LogOutputStream:75 - [STDERR_REDIRECT] Sep 13, 2026 11:52:15 PM java.util.prefs.FileSystemPreferences syncWorld
2026-09-13 23:52:15,700 [ERROR] LogOutputStream:75 - [STDERR_REDIRECT] WARNING: Couldn't flush system prefs: java.util.prefs.BackingStoreException: Couldn't get file lock.
2026-09-13 23:52:15,700 [ERROR] LogOutputStream:75 - [STDERR_REDIRECT] 
2026-09-13 23:52:45,698 [ERROR] LogOutputStream:75 - [STDERR_REDIRECT] Sep 13, 2026 11:52:45 PM java.util.prefs.FileSystemPreferences checkLockFile0ErrorCode
2026-09-13 23:52:45,698 [ERROR] LogOutputStream:75 - [STDERR_REDIRECT] WARNING: Could not lock System prefs. Unix error code 0.
2026-09-13 23:52:45,698 [ERROR] LogOutputStream:75 - [STDERR_REDIRECT] 
2026-09-13 23:52:45,699 [ERROR] LogOutputStream:75 - [STDERR_REDIRECT] Sep 13, 2026 11:52:45 PM java.util.prefs.FileSystemPreferences syncWorld
2026-09-13 23:52:45,699 [ERROR] LogOutputStream:75 - [STDERR_REDIRECT] WARNING: Couldn't flush system prefs: java.util.prefs.BackingStoreException: Couldn't get file lock.
2026-09-13 23:52:45,699 [ERROR] LogOutputStream:75 - [STDERR_REDIRECT] 
2026-09-13 23:53:15,698 [ERROR] LogOutputStream:75 - [STDERR_REDIRECT] Sep 13, 2026 11:53:15 PM java.util.prefs.FileSystemPreferences checkLockFile0ErrorCode
2026-09-13 23:53:15,699 [ERROR] LogOutputStream:75 - [STDERR_REDIRECT] WARNING: Could not lock System prefs. Unix error code 0.
2026-09-13 23:53:15,699 [ERROR] LogOutputStream:75 - [STDERR_REDIRECT] 
2026-09-13 23:53:15,700 [ERROR] LogOutputStream:75 - [STDERR_REDIRECT] Sep 13, 2026 11:53:15 PM java.util.prefs.FileSystemPreferences syncWorld
2026-09-13 23:53:15,700 [ERROR] LogOutputStream:75 - [STDERR_REDIRECT] WARNING: Couldn't flush system prefs: java.util.prefs.BackingStoreException: Couldn't get file lock.
2026-09-13 23:53:15,700 [ERROR] LogOutputStream:75 - [STDERR_REDIRECT] 
2026-09-13 23:53:45,699 [ERROR] LogOutputStream:75 - [STDERR_REDIRECT] Sep 13, 2026 11:53:45 PM java.util.prefs.FileSystemPreferences checkLockFile0ErrorCode
2026-09-13 23:53:45,699 [ERROR] LogOutputStream:75 - [STDERR_REDIRECT] WARNING: Could not lock System prefs. Unix error code 0.
2026-09-13 23:53:45,699 [ERROR] LogOutputStream:75 - [STDERR_REDIRECT] 
2026-09-13 23:53:45,700 [ERROR] LogOutputStream:75 - [STDERR_REDIRECT] Sep 13, 2026 11:53:45 PM java.util.prefs.FileSystemPreferences syncWorld
2026-09-13 23:53:45,700 [ERROR] LogOutputStream:75 - [STDERR_REDIRECT] WARNING: Couldn't flush system prefs: java.util.prefs.BackingStoreException: Couldn't get file lock.
2026-09-13 23:53:45,700 [ERROR] LogOutputStream:75 - [STDERR_REDIRECT] 
2026-09-13 23:54:15,699 [ERROR] LogOutputStream:75 - [STDERR_REDIRECT] Sep 13, 2026 11:54:15 PM java.util.prefs.FileSystemPreferences checkLockFile0ErrorCode
2026-09-13 23:54:15,700 [ERROR] LogOutputStream:75 - [STDERR_REDIRECT] WARNING: Could not lock System prefs. Unix error code 31587.
2026-09-13 23:54:15,700 [ERROR] LogOutputStream:75 - [STDERR_REDIRECT] 
2026-09-13 23:54:15,700 [ERROR] LogOutputStream:75 - [STDERR_REDIRECT] Sep 13, 2026 11:54:15 PM java.util.prefs.FileSystemPreferences syncWorld
2026-09-13 23:54:15,701 [ERROR] LogOutputStream:75 - [STDERR_REDIRECT] WARNING: Couldn't flush system prefs: java.util.prefs.BackingStoreException: Couldn't get file lock.
2026-09-13 23:54:15,701 [ERROR] LogOutputStream:75 - [STDERR_REDIRECT] 
2026-09-13 23:54:45,700 [ERROR] LogOutputStream:75 - [STDERR_REDIRECT] Sep 13, 2026 11:54:45 PM java.util.prefs.FileSystemPreferences checkLockFile0ErrorCode
2026-09-13 23:54:45,700 [ERROR] LogOutputStream:75 - [STDERR_REDIRECT] WARNING: Could not lock System prefs. Unix error code 31587.
2026-09-13 23:54:45,701 [ERROR] LogOutputStream:75 - [STDERR_REDIRECT] 
2026-09-13 23:54:45,704 [ERROR] LogOutputStream:75 - [STDERR_REDIRECT] Sep 13, 2026 11:54:45 PM java.util.prefs.FileSystemPreferences syncWorld
2026-09-13 23:54:45,704 [ERROR] LogOutputStream:75 - [STDERR_REDIRECT] WARNING: Couldn't flush system prefs: java.util.prefs.BackingStoreException: Couldn't get file lock.
2026-09-13 23:54:45,704 [ERROR] LogOutputStream:75 - [STDERR_REDIRECT] 
2026-09-13 23:55:15,700 [ERROR] LogOutputStream:75 - [STDERR_REDIRECT] Sep 13, 2026 11:55:15 PM java.util.prefs.FileSystemPreferences checkLockFile0ErrorCode
2026-09-13 23:55:15,700 [ERROR] LogOutputStream:75 - [STDERR_REDIRECT] WARNING: Could not lock System prefs. Unix error code 31587.
2026-09-13 23:55:15,701 [ERROR] LogOutputStream:75 - [STDERR_REDIRECT] 
2026-09-13 23:55:15,702 [ERROR] LogOutputStream:75 - [STDERR_REDIRECT] Sep 13, 2026 11:55:15 PM java.util.prefs.FileSystemPreferences syncWorld
2026-09-13 23:55:15,702 [ERROR] LogOutputStream:75 - [STDERR_REDIRECT] WARNING: Couldn't flush system prefs: java.util.prefs.BackingStoreException: Couldn't get file lock.
2026-09-13 23:55:15,702 [ERROR] LogOutputStream:75 - [STDERR_REDIRECT] 
2026-09-13 23:55:45,701 [ERROR] LogOutputStream:75 - [STDERR_REDIRECT] Sep 13, 2026 11:55:45 PM java.util.prefs.FileSystemPreferences checkLockFile0ErrorCode
2026-09-13 23:55:45,701 [ERROR] LogOutputStream:75 - [STDERR_REDIRECT] WARNING: Could not lock System prefs. Unix error code 31587.
2026-09-13 23:55:45,702 [ERROR] LogOutputStream:75 - [STDERR_REDIRECT] 
2026-09-13 23:55:45,702 [ERROR] LogOutputStream:75 - [STDERR_REDIRECT] Sep 13, 2026 11:55:45 PM java.util.prefs.FileSystemPreferences syncWorld
2026-09-13 23:55:45,702 [ERROR] LogOutputStream:75 - [STDERR_REDIRECT] WARNING: Couldn't flush system prefs: java.util.prefs.BackingStoreException: Couldn't get file lock.
2026-09-13 23:55:45,703 [ERROR] LogOutputStream:75 - [STDERR_REDIRECT] 
2026-09-13 23:56:15,701 [ERROR] LogOutputStream:75 - [STDERR_REDIRECT] Sep 13, 2026 11:56:15 PM java.util.prefs.FileSystemPreferences checkLockFile0ErrorCode
2026-09-13 23:56:15,702 [ERROR] LogOutputStream:75 - [STDERR_REDIRECT] WARNING: Could not lock System prefs. Unix error code 31587.
2026-09-13 23:56:15,702 [ERROR] LogOutputStream:75 - [STDERR_REDIRECT] 
2026-09-13 23:56:15,703 [ERROR] LogOutputStream:75 - [STDERR_REDIRECT] Sep 13, 2026 11:56:15 PM java.util.prefs.FileSystemPreferences syncWorld
2026-09-13 23:56:15,706 [ERROR] LogOutputStream:75 - [STDERR_REDIRECT] WARNING: Couldn't flush system prefs: java.util.prefs.BackingStoreException: Couldn't get file lock.
2026-09-13 23:56:15,706 [ERROR] LogOutputStream:75 - [STDERR_REDIRECT] 
2026-09-13 23:56:45,701 [ERROR] LogOutputStream:75 - [STDERR_REDIRECT] Sep 13, 2026 11:56:45 PM java.util.prefs.FileSystemPreferences checkLockFile0ErrorCode
2026-09-13 23:56:45,702 [ERROR] LogOutputStream:75 - [STDERR_REDIRECT] WARNING: Could not lock System prefs. Unix error code 31587.
2026-09-13 23:56:45,702 [ERROR] LogOutputStream:75 - [STDERR_REDIRECT] 
2026-09-13 23:56:45,702 [ERROR] LogOutputStream:75 - [STDERR_REDIRECT] Sep 13, 2026 11:56:45 PM java.util.prefs.FileSystemPreferences syncWorld
2026-09-13 23:56:45,703 [ERROR] LogOutputStream:75 - [STDERR_REDIRECT] WARNING: Couldn't flush system prefs: java.util.prefs.BackingStoreException: Couldn't get file lock.
2026-09-13 23:56:45,703 [ERROR] LogOutputStream:75 - [STDERR_REDIRECT] 
2026-09-13 23:57:15,702 [ERROR] LogOutputStream:75 - [STDERR_REDIRECT] Sep 13, 2026 11:57:15 PM java.util.prefs.FileSystemPreferences checkLockFile0ErrorCode
2026-09-13 23:57:15,702 [ERROR] LogOutputStream:75 - [STDERR_REDIRECT] WARNING: Could not lock System prefs. Unix error code 1235736055.
2026-09-13 23:57:15,702 [ERROR] LogOutputStream:75 - [STDERR_REDIRECT] 
2026-09-13 23:57:15,704 [ERROR] LogOutputStream:75 - [STDERR_REDIRECT] Sep 13, 2026 11:57:15 PM java.util.prefs.FileSystemPreferences syncWorld
2026-09-13 23:57:15,704 [ERROR] LogOutputStream:75 - [STDERR_REDIRECT] WARNING: Couldn't flush system prefs: java.util.prefs.BackingStoreException: Couldn't get file lock.
2026-09-13 23:57:15,705 [ERROR] LogOutputStream:75 - [STDERR_REDIRECT] 
2026-09-13 23:57:45,701 [ERROR] LogOutputStream:75 - [STDERR_REDIRECT] Sep 13, 2026 11:57:45 PM java.util.prefs.FileSystemPreferences checkLockFile0ErrorCode
2026-09-13 23:57:45,701 [ERROR] LogOutputStream:75 - [STDERR_REDIRECT] WARNING: Could not lock System prefs. Unix error code 1235736055.
2026-09-13 23:57:45,702 [ERROR] LogOutputStream:75 - [STDERR_REDIRECT] 
2026-09-13 23:57:45,702 [ERROR] LogOutputStream:75 - [STDERR_REDIRECT] Sep 13, 2026 11:57:45 PM java.util.prefs.FileSystemPreferences syncWorld
2026-09-13 23:57:45,702 [ERROR] LogOutputStream:75 - [STDERR_REDIRECT] WARNING: Couldn't flush system prefs: java.util.prefs.BackingStoreException: Couldn't get file lock.
2026-09-13 23:57:45,703 [ERROR] LogOutputStream:75 - [STDERR_REDIRECT] 
2026-09-13 23:58:15,701 [ERROR] LogOutputStream:75 - [STDERR_REDIRECT] Sep 13, 2026 11:58:15 PM java.util.prefs.FileSystemPreferences checkLockFile0ErrorCode
2026-09-13 23:58:15,702 [ERROR] LogOutputStream:75 - [STDERR_REDIRECT] WARNING: Could not lock System prefs. Unix error code 1235736055.
2026-09-13 23:58:15,702 [ERROR] LogOutputStream:75 - [STDERR_REDIRECT] 
2026-09-13 23:58:15,703 [ERROR] LogOutputStream:75 - [STDERR_REDIRECT] Sep 13, 2026 11:58:15 PM java.util.prefs.FileSystemPreferences syncWorld
2026-09-13 23:58:15,703 [ERROR] LogOutputStream:75 - [STDERR_REDIRECT] WARNING: Couldn't flush system prefs: java.util.prefs.BackingStoreException: Couldn't get file lock.
2026-09-13 23:58:15,703 [ERROR] LogOutputStream:75 - [STDERR_REDIRECT] 
2026-09-13 23:58:45,702 [ERROR] LogOutputStream:75 - [STDERR_REDIRECT] Sep 13, 2026 11:58:45 PM java.util.prefs.FileSystemPreferences checkLockFile0ErrorCode
2026-09-13 23:58:45,702 [ERROR] LogOutputStream:75 - [STDERR_REDIRECT] WARNING: Could not lock System prefs. Unix error code 1235736055.
2026-09-13 23:58:45,702 [ERROR] LogOutputStream:75 - [STDERR_REDIRECT] 
2026-09-13 23:58:45,703 [ERROR] LogOutputStream:75 - [STDERR_REDIRECT] Sep 13, 2026 11:58:45 PM java.util.prefs.FileSystemPreferences syncWorld
2026-09-13 23:58:45,703 [ERROR] LogOutputStream:75 - [STDERR_REDIRECT] WARNING: Couldn't flush system prefs: java.util.prefs.BackingStoreException: Couldn't get file lock.
2026-09-13 23:58:45,703 [ERROR] LogOutputStream:75 - [STDERR_REDIRECT] 
2026-09-13 23:59:15,701 [ERROR] LogOutputStream:75 - [STDERR_REDIRECT] Sep 13, 2026 11:59:15 PM java.util.prefs.FileSystemPreferences checkLockFile0ErrorCode
2026-09-13 23:59:15,702 [ERROR] LogOutputStream:75 - [STDERR_REDIRECT] WARNING: Could not lock System prefs. Unix error code 1235736055.
2026-09-13 23:59:15,702 [ERROR] LogOutputStream:75 - [STDERR_REDIRECT] 
2026-09-13 23:59:15,702 [ERROR] LogOutputStream:75 - [STDERR_REDIRECT] Sep 13, 2026 11:59:15 PM java.util.prefs.FileSystemPreferences syncWorld
2026-09-13 23:59:15,703 [ERROR] LogOutputStream:75 - [STDERR_REDIRECT] WARNING: Couldn't flush system prefs: java.util.prefs.BackingStoreException: Couldn't get file lock.
2026-09-13 23:59:15,703 [ERROR] LogOutputStream:75 - [STDERR_REDIRECT] 
2026-09-13 23:59:45,702 [ERROR] LogOutputStream:75 - [STDERR_REDIRECT] Sep 13, 2026 11:59:45 PM java.util.prefs.FileSystemPreferences checkLockFile0ErrorCode
2026-09-13 23:59:45,702 [ERROR] LogOutputStream:75 - [STDERR_REDIRECT] WARNING: Could not lock System prefs. Unix error code 1235736055.
2026-09-13 23:59:45,703 [ERROR] LogOutputStream:75 - [STDERR_REDIRECT] 
2026-09-13 23:59:45,703 [ERROR] LogOutputStream:75 - [STDERR_REDIRECT] Sep 13, 2026 11:59:45 PM java.util.prefs.FileSystemPreferences syncWorld
2026-09-13 23:59:45,703 [ERROR] LogOutputStream:75 - [STDERR_REDIRECT] WARNING: Couldn't flush system prefs: java.util.prefs.BackingStoreException: Couldn't get file lock.
2026-09-13 23:59:45,703 [ERROR] LogOutputStream:75 - [STDERR_REDIRECT] 
