2026-08-18 00:00:12,757 [ERROR] LogOutputStream:75 - [STDERR_REDIRECT] Aug 18, 2026 12:00:12 AM java.util.prefs.FileSystemPreferences checkLockFile0ErrorCode
2026-08-18 00:00:12,758 [ERROR] LogOutputStream:75 - [STDERR_REDIRECT] WARNING: Could not lock System prefs. Unix error code 5.
2026-08-18 00:00:12,758 [ERROR] LogOutputStream:75 - [STDERR_REDIRECT] 
2026-08-18 00:00:12,758 [ERROR] LogOutputStream:75 - [STDERR_REDIRECT] Aug 18, 2026 12:00:12 AM java.util.prefs.FileSystemPreferences syncWorld
2026-08-18 00:00:12,758 [ERROR] LogOutputStream:75 - [STDERR_REDIRECT] WARNING: Couldn't flush system prefs: java.util.prefs.BackingStoreException: Couldn't get file lock.
2026-08-18 00:00:12,758 [ERROR] LogOutputStream:75 - [STDERR_REDIRECT] 
2026-08-18 00:00:42,756 [ERROR] LogOutputStream:75 - [STDERR_REDIRECT] Aug 18, 2026 12:00:42 AM java.util.prefs.FileSystemPreferences checkLockFile0ErrorCode
2026-08-18 00:00:42,756 [ERROR] LogOutputStream:75 - [STDERR_REDIRECT] WARNING: Could not lock System prefs. Unix error code 5.
2026-08-18 00:00:42,756 [ERROR] LogOutputStream:75 - [STDERR_REDIRECT] 
2026-08-18 00:00:42,756 [ERROR] LogOutputStream:75 - [STDERR_REDIRECT] Aug 18, 2026 12:00:42 AM java.util.prefs.FileSystemPreferences syncWorld
2026-08-18 00:00:42,756 [ERROR] LogOutputStream:75 - [STDERR_REDIRECT] WARNING: Couldn't flush system prefs: java.util.prefs.BackingStoreException: Couldn't get file lock.
2026-08-18 00:00:42,757 [ERROR] LogOutputStream:75 - [STDERR_REDIRECT] 
2026-08-18 00:01:12,757 [ERROR] LogOutputStream:75 - [STDERR_REDIRECT] Aug 18, 2026 12:01:12 AM java.util.prefs.FileSystemPreferences checkLockFile0ErrorCode
2026-08-18 00:01:12,757 [ERROR] LogOutputStream:75 - [STDERR_REDIRECT] WARNING: Could not lock System prefs. Unix error code 5.
2026-08-18 00:01:12,757 [ERROR] LogOutputStream:75 - [STDERR_REDIRECT] 
2026-08-18 00:01:12,757 [ERROR] LogOutputStream:75 - [STDERR_REDIRECT] Aug 18, 2026 12:01:12 AM java.util.prefs.FileSystemPreferences syncWorld
2026-08-18 00:01:12,757 [ERROR] LogOutputStream:75 - [STDERR_REDIRECT] WARNING: Couldn't flush system prefs: java.util.prefs.BackingStoreException: Couldn't get file lock.
2026-08-18 00:01:12,759 [ERROR] LogOutputStream:75 - [STDERR_REDIRECT] 
2026-08-18 00:01:42,756 [ERROR] LogOutputStream:75 - [STDERR_REDIRECT] Aug 18, 2026 12:01:42 AM java.util.prefs.FileSystemPreferences checkLockFile0ErrorCode
2026-08-18 00:01:42,757 [ERROR] LogOutputStream:75 - [STDERR_REDIRECT] WARNING: Could not lock System prefs. Unix error code 5.
2026-08-18 00:01:42,757 [ERROR] LogOutputStream:75 - [STDERR_REDIRECT] 
2026-08-18 00:01:42,757 [ERROR] LogOutputStream:75 - [STDERR_REDIRECT] Aug 18, 2026 12:01:42 AM java.util.prefs.FileSystemPreferences syncWorld
2026-08-18 00:01:42,757 [ERROR] LogOutputStream:75 - [STDERR_REDIRECT] WARNING: Couldn't flush system prefs: java.util.prefs.BackingStoreException: Couldn't get file lock.
2026-08-18 00:01:42,757 [ERROR] LogOutputStream:75 - [STDERR_REDIRECT] 
2026-08-18 00:02:12,757 [ERROR] LogOutputStream:75 - [STDERR_REDIRECT] Aug 18, 2026 12:02:12 AM java.util.prefs.FileSystemPreferences checkLockFile0ErrorCode
2026-08-18 00:02:12,757 [ERROR] LogOutputStream:75 - [STDERR_REDIRECT] WARNING: Could not lock System prefs. Unix error code 5.
2026-08-18 00:02:12,758 [ERROR] LogOutputStream:75 - [STDERR_REDIRECT] 
2026-08-18 00:02:12,758 [ERROR] LogOutputStream:75 - [STDERR_REDIRECT] Aug 18, 2026 12:02:12 AM java.util.prefs.FileSystemPreferences syncWorld
2026-08-18 00:02:12,758 [ERROR] LogOutputStream:75 - [STDERR_REDIRECT] WARNING: Couldn't flush system prefs: java.util.prefs.BackingStoreException: Couldn't get file lock.
2026-08-18 00:02:12,758 [ERROR] LogOutputStream:75 - [STDERR_REDIRECT] 
2026-08-18 00:02:42,757 [ERROR] LogOutputStream:75 - [STDERR_REDIRECT] Aug 18, 2026 12:02:42 AM java.util.prefs.FileSystemPreferences checkLockFile0ErrorCode
2026-08-18 00:02:42,757 [ERROR] LogOutputStream:75 - [STDERR_REDIRECT] WARNING: Could not lock System prefs. Unix error code 5.
2026-08-18 00:02:42,757 [ERROR] LogOutputStream:75 - [STDERR_REDIRECT] 
2026-08-18 00:02:42,758 [ERROR] LogOutputStream:75 - [STDERR_REDIRECT] Aug 18, 2026 12:02:42 AM java.util.prefs.FileSystemPreferences syncWorld
2026-08-18 00:02:42,758 [ERROR] LogOutputStream:75 - [STDERR_REDIRECT] WARNING: Couldn't flush system prefs: java.util.prefs.BackingStoreException: Couldn't get file lock.
2026-08-18 00:02:42,758 [ERROR] LogOutputStream:75 - [STDERR_REDIRECT] 
2026-08-18 00:03:12,756 [ERROR] LogOutputStream:75 - [STDERR_REDIRECT] Aug 18, 2026 12:03:12 AM java.util.prefs.FileSystemPreferences checkLockFile0ErrorCode
2026-08-18 00:03:12,756 [ERROR] LogOutputStream:75 - [STDERR_REDIRECT] WARNING: Could not lock System prefs. Unix error code 5.
2026-08-18 00:03:12,757 [ERROR] LogOutputStream:75 - [STDERR_REDIRECT] 
2026-08-18 00:03:12,757 [ERROR] LogOutputStream:75 - [STDERR_REDIRECT] Aug 18, 2026 12:03:12 AM java.util.prefs.FileSystemPreferences syncWorld
2026-08-18 00:03:12,757 [ERROR] LogOutputStream:75 - [STDERR_REDIRECT] WARNING: Couldn't flush system prefs: java.util.prefs.BackingStoreException: Couldn't get file lock.
2026-08-18 00:03:12,757 [ERROR] LogOutputStream:75 - [STDERR_REDIRECT] 
2026-08-18 00:03:42,758 [ERROR] LogOutputStream:75 - [STDERR_REDIRECT] Aug 18, 2026 12:03:42 AM java.util.prefs.FileSystemPreferences checkLockFile0ErrorCode
2026-08-18 00:03:42,758 [ERROR] LogOutputStream:75 - [STDERR_REDIRECT] WARNING: Could not lock System prefs. Unix error code 5.
2026-08-18 00:03:42,758 [ERROR] LogOutputStream:75 - [STDERR_REDIRECT] 
2026-08-18 00:03:42,758 [ERROR] LogOutputStream:75 - [STDERR_REDIRECT] Aug 18, 2026 12:03:42 AM java.util.prefs.FileSystemPreferences syncWorld
2026-08-18 00:03:42,758 [ERROR] LogOutputStream:75 - [STDERR_REDIRECT] WARNING: Couldn't flush system prefs: java.util.prefs.BackingStoreException: Couldn't get file lock.
2026-08-18 00:03:42,758 [ERROR] LogOutputStream:75 - [STDERR_REDIRECT] 
2026-08-18 00:04:12,758 [ERROR] LogOutputStream:75 - [STDERR_REDIRECT] Aug 18, 2026 12:04:12 AM java.util.prefs.FileSystemPreferences checkLockFile0ErrorCode
2026-08-18 00:04:12,758 [ERROR] LogOutputStream:75 - [STDERR_REDIRECT] WARNING: Could not lock System prefs. Unix error code 5.
2026-08-18 00:04:12,758 [ERROR] LogOutputStream:75 - [STDERR_REDIRECT] 
2026-08-18 00:04:12,758 [ERROR] LogOutputStream:75 - [STDERR_REDIRECT] Aug 18, 2026 12:04:12 AM java.util.prefs.FileSystemPreferences syncWorld
2026-08-18 00:04:12,758 [ERROR] LogOutputStream:75 - [STDERR_REDIRECT] WARNING: Couldn't flush system prefs: java.util.prefs.BackingStoreException: Couldn't get file lock.
2026-08-18 00:04:12,758 [ERROR] LogOutputStream:75 - [STDERR_REDIRECT] 
2026-08-18 00:04:42,758 [ERROR] LogOutputStream:75 - [STDERR_REDIRECT] Aug 18, 2026 12:04:42 AM java.util.prefs.FileSystemPreferences checkLockFile0ErrorCode
2026-08-18 00:04:42,758 [ERROR] LogOutputStream:75 - [STDERR_REDIRECT] WARNING: Could not lock System prefs. Unix error code 5.
2026-08-18 00:04:42,758 [ERROR] LogOutputStream:75 - [STDERR_REDIRECT] 
2026-08-18 00:04:42,758 [ERROR] LogOutputStream:75 - [STDERR_REDIRECT] Aug 18, 2026 12:04:42 AM java.util.prefs.FileSystemPreferences syncWorld
2026-08-18 00:04:42,758 [ERROR] LogOutputStream:75 - [STDERR_REDIRECT] WARNING: Couldn't flush system prefs: java.util.prefs.BackingStoreException: Couldn't get file lock.
2026-08-18 00:04:42,759 [ERROR] LogOutputStream:75 - [STDERR_REDIRECT] 
2026-08-18 00:05:12,759 [ERROR] LogOutputStream:75 - [STDERR_REDIRECT] Aug 18, 2026 12:05:12 AM java.util.prefs.FileSystemPreferences checkLockFile0ErrorCode
2026-08-18 00:05:12,759 [ERROR] LogOutputStream:75 - [STDERR_REDIRECT] WARNING: Could not lock System prefs. Unix error code 5.
2026-08-18 00:05:12,759 [ERROR] LogOutputStream:75 - [STDERR_REDIRECT] 
2026-08-18 00:05:12,760 [ERROR] LogOutputStream:75 - [STDERR_REDIRECT] Aug 18, 2026 12:05:12 AM java.util.prefs.FileSystemPreferences syncWorld
2026-08-18 00:05:12,760 [ERROR] LogOutputStream:75 - [STDERR_REDIRECT] WARNING: Couldn't flush system prefs: java.util.prefs.BackingStoreException: Couldn't get file lock.
2026-08-18 00:05:12,760 [ERROR] LogOutputStream:75 - [STDERR_REDIRECT] 
2026-08-18 00:05:42,758 [ERROR] LogOutputStream:75 - [STDERR_REDIRECT] Aug 18, 2026 12:05:42 AM java.util.prefs.FileSystemPreferences checkLockFile0ErrorCode
2026-08-18 00:05:42,759 [ERROR] LogOutputStream:75 - [STDERR_REDIRECT] WARNING: Could not lock System prefs. Unix error code 5.
2026-08-18 00:05:42,759 [ERROR] LogOutputStream:75 - [STDERR_REDIRECT] 
2026-08-18 00:05:42,759 [ERROR] LogOutputStream:75 - [STDERR_REDIRECT] Aug 18, 2026 12:05:42 AM java.util.prefs.FileSystemPreferences syncWorld
2026-08-18 00:05:42,759 [ERROR] LogOutputStream:75 - [STDERR_REDIRECT] WARNING: Couldn't flush system prefs: java.util.prefs.BackingStoreException: Couldn't get file lock.
2026-08-18 00:05:42,759 [ERROR] LogOutputStream:75 - [STDERR_REDIRECT] 
2026-08-18 00:06:12,759 [ERROR] LogOutputStream:75 - [STDERR_REDIRECT] Aug 18, 2026 12:06:12 AM java.util.prefs.FileSystemPreferences checkLockFile0ErrorCode
2026-08-18 00:06:12,759 [ERROR] LogOutputStream:75 - [STDERR_REDIRECT] WARNING: Could not lock System prefs. Unix error code 5.
2026-08-18 00:06:12,759 [ERROR] LogOutputStream:75 - [STDERR_REDIRECT] 
2026-08-18 00:06:12,759 [ERROR] LogOutputStream:75 - [STDERR_REDIRECT] Aug 18, 2026 12:06:12 AM java.util.prefs.FileSystemPreferences syncWorld
2026-08-18 00:06:12,759 [ERROR] LogOutputStream:75 - [STDERR_REDIRECT] WARNING: Couldn't flush system prefs: java.util.prefs.BackingStoreException: Couldn't get file lock.
2026-08-18 00:06:12,760 [ERROR] LogOutputStream:75 - [STDERR_REDIRECT] 
2026-08-18 00:06:42,758 [ERROR] LogOutputStream:75 - [STDERR_REDIRECT] Aug 18, 2026 12:06:42 AM java.util.prefs.FileSystemPreferences checkLockFile0ErrorCode
2026-08-18 00:06:42,759 [ERROR] LogOutputStream:75 - [STDERR_REDIRECT] WARNING: Could not lock System prefs. Unix error code 5.
2026-08-18 00:06:42,759 [ERROR] LogOutputStream:75 - [STDERR_REDIRECT] 
2026-08-18 00:06:42,759 [ERROR] LogOutputStream:75 - [STDERR_REDIRECT] Aug 18, 2026 12:06:42 AM java.util.prefs.FileSystemPreferences syncWorld
2026-08-18 00:06:42,759 [ERROR] LogOutputStream:75 - [STDERR_REDIRECT] WARNING: Couldn't flush system prefs: java.util.prefs.BackingStoreException: Couldn't get file lock.
2026-08-18 00:06:42,759 [ERROR] LogOutputStream:75 - [STDERR_REDIRECT] 
2026-08-18 00:07:12,759 [ERROR] LogOutputStream:75 - [STDERR_REDIRECT] Aug 18, 2026 12:07:12 AM java.util.prefs.FileSystemPreferences checkLockFile0ErrorCode
2026-08-18 00:07:12,759 [ERROR] LogOutputStream:75 - [STDERR_REDIRECT] WARNING: Could not lock System prefs. Unix error code 5.
2026-08-18 00:07:12,759 [ERROR] LogOutputStream:75 - [STDERR_REDIRECT] 
2026-08-18 00:07:12,759 [ERROR] LogOutputStream:75 - [STDERR_REDIRECT] Aug 18, 2026 12:07:12 AM java.util.prefs.FileSystemPreferences syncWorld
2026-08-18 00:07:12,759 [ERROR] LogOutputStream:75 - [STDERR_REDIRECT] WARNING: Couldn't flush system prefs: java.util.prefs.BackingStoreException: Couldn't get file lock.
2026-08-18 00:07:12,759 [ERROR] LogOutputStream:75 - [STDERR_REDIRECT] 
2026-08-18 00:07:42,759 [ERROR] LogOutputStream:75 - [STDERR_REDIRECT] Aug 18, 2026 12:07:42 AM java.util.prefs.FileSystemPreferences checkLockFile0ErrorCode
2026-08-18 00:07:42,759 [ERROR] LogOutputStream:75 - [STDERR_REDIRECT] WARNING: Could not lock System prefs. Unix error code 5.
2026-08-18 00:07:42,760 [ERROR] LogOutputStream:75 - [STDERR_REDIRECT] 
2026-08-18 00:07:42,760 [ERROR] LogOutputStream:75 - [STDERR_REDIRECT] Aug 18, 2026 12:07:42 AM java.util.prefs.FileSystemPreferences syncWorld
2026-08-18 00:07:42,760 [ERROR] LogOutputStream:75 - [STDERR_REDIRECT] WARNING: Couldn't flush system prefs: java.util.prefs.BackingStoreException: Couldn't get file lock.
2026-08-18 00:07:42,760 [ERROR] LogOutputStream:75 - [STDERR_REDIRECT] 
2026-08-18 00:08:12,760 [ERROR] LogOutputStream:75 - [STDERR_REDIRECT] Aug 18, 2026 12:08:12 AM java.util.prefs.FileSystemPreferences checkLockFile0ErrorCode
2026-08-18 00:08:12,760 [ERROR] LogOutputStream:75 - [STDERR_REDIRECT] WARNING: Could not lock System prefs. Unix error code 5.
2026-08-18 00:08:12,760 [ERROR] LogOutputStream:75 - [STDERR_REDIRECT] 
2026-08-18 00:08:12,760 [ERROR] LogOutputStream:75 - [STDERR_REDIRECT] Aug 18, 2026 12:08:12 AM java.util.prefs.FileSystemPreferences syncWorld
2026-08-18 00:08:12,761 [ERROR] LogOutputStream:75 - [STDERR_REDIRECT] WARNING: Couldn't flush system prefs: java.util.prefs.BackingStoreException: Couldn't get file lock.
2026-08-18 00:08:12,761 [ERROR] LogOutputStream:75 - [STDERR_REDIRECT] 
2026-08-18 00:08:42,760 [ERROR] LogOutputStream:75 - [STDERR_REDIRECT] Aug 18, 2026 12:08:42 AM java.util.prefs.FileSystemPreferences checkLockFile0ErrorCode
2026-08-18 00:08:42,760 [ERROR] LogOutputStream:75 - [STDERR_REDIRECT] WARNING: Could not lock System prefs. Unix error code 5.
2026-08-18 00:08:42,760 [ERROR] LogOutputStream:75 - [STDERR_REDIRECT] 
2026-08-18 00:08:42,761 [ERROR] LogOutputStream:75 - [STDERR_REDIRECT] Aug 18, 2026 12:08:42 AM java.util.prefs.FileSystemPreferences syncWorld
2026-08-18 00:08:42,761 [ERROR] LogOutputStream:75 - [STDERR_REDIRECT] WARNING: Couldn't flush system prefs: java.util.prefs.BackingStoreException: Couldn't get file lock.
2026-08-18 00:08:42,761 [ERROR] LogOutputStream:75 - [STDERR_REDIRECT] 
2026-08-18 00:09:12,760 [ERROR] LogOutputStream:75 - [STDERR_REDIRECT] Aug 18, 2026 12:09:12 AM java.util.prefs.FileSystemPreferences checkLockFile0ErrorCode
2026-08-18 00:09:12,760 [ERROR] LogOutputStream:75 - [STDERR_REDIRECT] WARNING: Could not lock System prefs. Unix error code 5.
2026-08-18 00:09:12,760 [ERROR] LogOutputStream:75 - [STDERR_REDIRECT] 
2026-08-18 00:09:12,760 [ERROR] LogOutputStream:75 - [STDERR_REDIRECT] Aug 18, 2026 12:09:12 AM java.util.prefs.FileSystemPreferences syncWorld
2026-08-18 00:09:12,761 [ERROR] LogOutputStream:75 - [STDERR_REDIRECT] WARNING: Couldn't flush system prefs: java.util.prefs.BackingStoreException: Couldn't get file lock.
2026-08-18 00:09:12,761 [ERROR] LogOutputStream:75 - [STDERR_REDIRECT] 
2026-08-18 00:09:42,760 [ERROR] LogOutputStream:75 - [STDERR_REDIRECT] Aug 18, 2026 12:09:42 AM java.util.prefs.FileSystemPreferences checkLockFile0ErrorCode
2026-08-18 00:09:42,760 [ERROR] LogOutputStream:75 - [STDERR_REDIRECT] WARNING: Could not lock System prefs. Unix error code 5.
2026-08-18 00:09:42,760 [ERROR] LogOutputStream:75 - [STDERR_REDIRECT] 
2026-08-18 00:09:42,760 [ERROR] LogOutputStream:75 - [STDERR_REDIRECT] Aug 18, 2026 12:09:42 AM java.util.prefs.FileSystemPreferences syncWorld
2026-08-18 00:09:42,760 [ERROR] LogOutputStream:75 - [STDERR_REDIRECT] WARNING: Couldn't flush system prefs: java.util.prefs.BackingStoreException: Couldn't get file lock.
2026-08-18 00:09:42,760 [ERROR] LogOutputStream:75 - [STDERR_REDIRECT] 
2026-08-18 00:10:12,761 [ERROR] LogOutputStream:75 - [STDERR_REDIRECT] Aug 18, 2026 12:10:12 AM java.util.prefs.FileSystemPreferences checkLockFile0ErrorCode
2026-08-18 00:10:12,762 [ERROR] LogOutputStream:75 - [STDERR_REDIRECT] WARNING: Could not lock System prefs. Unix error code 5.
2026-08-18 00:10:12,762 [ERROR] LogOutputStream:75 - [STDERR_REDIRECT] 
2026-08-18 00:10:12,762 [ERROR] LogOutputStream:75 - [STDERR_REDIRECT] Aug 18, 2026 12:10:12 AM java.util.prefs.FileSystemPreferences syncWorld
2026-08-18 00:10:12,762 [ERROR] LogOutputStream:75 - [STDERR_REDIRECT] WARNING: Couldn't flush system prefs: java.util.prefs.BackingStoreException: Couldn't get file lock.
2026-08-18 00:10:12,762 [ERROR] LogOutputStream:75 - [STDERR_REDIRECT] 
2026-08-18 00:10:42,761 [ERROR] LogOutputStream:75 - [STDERR_REDIRECT] Aug 18, 2026 12:10:42 AM java.util.prefs.FileSystemPreferences checkLockFile0ErrorCode
2026-08-18 00:10:42,761 [ERROR] LogOutputStream:75 - [STDERR_REDIRECT] WARNING: Could not lock System prefs. Unix error code 5.
2026-08-18 00:10:42,761 [ERROR] LogOutputStream:75 - [STDERR_REDIRECT] 
2026-08-18 00:10:42,762 [ERROR] LogOutputStream:75 - [STDERR_REDIRECT] Aug 18, 2026 12:10:42 AM java.util.prefs.FileSystemPreferences syncWorld
2026-08-18 00:10:42,762 [ERROR] LogOutputStream:75 - [STDERR_REDIRECT] WARNING: Couldn't flush system prefs: java.util.prefs.BackingStoreException: Couldn't get file lock.
2026-08-18 00:10:42,762 [ERROR] LogOutputStream:75 - [STDERR_REDIRECT] 
2026-08-18 00:11:12,761 [ERROR] LogOutputStream:75 - [STDERR_REDIRECT] Aug 18, 2026 12:11:12 AM java.util.prefs.FileSystemPreferences checkLockFile0ErrorCode
2026-08-18 00:11:12,761 [ERROR] LogOutputStream:75 - [STDERR_REDIRECT] WARNING: Could not lock System prefs. Unix error code 5.
2026-08-18 00:11:12,761 [ERROR] LogOutputStream:75 - [STDERR_REDIRECT] 
2026-08-18 00:11:12,761 [ERROR] LogOutputStream:75 - [STDERR_REDIRECT] Aug 18, 2026 12:11:12 AM java.util.prefs.FileSystemPreferences syncWorld
2026-08-18 00:11:12,761 [ERROR] LogOutputStream:75 - [STDERR_REDIRECT] WARNING: Couldn't flush system prefs: java.util.prefs.BackingStoreException: Couldn't get file lock.
2026-08-18 00:11:12,762 [ERROR] LogOutputStream:75 - [STDERR_REDIRECT] 
2026-08-18 00:11:42,761 [ERROR] LogOutputStream:75 - [STDERR_REDIRECT] Aug 18, 2026 12:11:42 AM java.util.prefs.FileSystemPreferences checkLockFile0ErrorCode
2026-08-18 00:11:42,761 [ERROR] LogOutputStream:75 - [STDERR_REDIRECT] WARNING: Could not lock System prefs. Unix error code 5.
2026-08-18 00:11:42,761 [ERROR] LogOutputStream:75 - [STDERR_REDIRECT] 
2026-08-18 00:11:42,762 [ERROR] LogOutputStream:75 - [STDERR_REDIRECT] Aug 18, 2026 12:11:42 AM java.util.prefs.FileSystemPreferences syncWorld
2026-08-18 00:11:42,762 [ERROR] LogOutputStream:75 - [STDERR_REDIRECT] WARNING: Couldn't flush system prefs: java.util.prefs.BackingStoreException: Couldn't get file lock.
2026-08-18 00:11:42,762 [ERROR] LogOutputStream:75 - [STDERR_REDIRECT] 
2026-08-18 00:12:12,761 [ERROR] LogOutputStream:75 - [STDERR_REDIRECT] Aug 18, 2026 12:12:12 AM java.util.prefs.FileSystemPreferences checkLockFile0ErrorCode
2026-08-18 00:12:12,761 [ERROR] LogOutputStream:75 - [STDERR_REDIRECT] WARNING: Could not lock System prefs. Unix error code 5.
2026-08-18 00:12:12,761 [ERROR] LogOutputStream:75 - [STDERR_REDIRECT] 
2026-08-18 00:12:12,761 [ERROR] LogOutputStream:75 - [STDERR_REDIRECT] Aug 18, 2026 12:12:12 AM java.util.prefs.FileSystemPreferences syncWorld
2026-08-18 00:12:12,762 [ERROR] LogOutputStream:75 - [STDERR_REDIRECT] WARNING: Couldn't flush system prefs: java.util.prefs.BackingStoreException: Couldn't get file lock.
2026-08-18 00:12:12,762 [ERROR] LogOutputStream:75 - [STDERR_REDIRECT] 
2026-08-18 00:12:42,762 [ERROR] LogOutputStream:75 - [STDERR_REDIRECT] Aug 18, 2026 12:12:42 AM java.util.prefs.FileSystemPreferences checkLockFile0ErrorCode
2026-08-18 00:12:42,762 [ERROR] LogOutputStream:75 - [STDERR_REDIRECT] WARNING: Could not lock System prefs. Unix error code 5.
2026-08-18 00:12:42,762 [ERROR] LogOutputStream:75 - [STDERR_REDIRECT] 
2026-08-18 00:12:42,763 [ERROR] LogOutputStream:75 - [STDERR_REDIRECT] Aug 18, 2026 12:12:42 AM java.util.prefs.FileSystemPreferences syncWorld
2026-08-18 00:12:42,763 [ERROR] LogOutputStream:75 - [STDERR_REDIRECT] WARNING: Couldn't flush system prefs: java.util.prefs.BackingStoreException: Couldn't get file lock.
2026-08-18 00:12:42,763 [ERROR] LogOutputStream:75 - [STDERR_REDIRECT] 
2026-08-18 00:13:12,761 [ERROR] LogOutputStream:75 - [STDERR_REDIRECT] Aug 18, 2026 12:13:12 AM java.util.prefs.FileSystemPreferences checkLockFile0ErrorCode
2026-08-18 00:13:12,761 [ERROR] LogOutputStream:75 - [STDERR_REDIRECT] WARNING: Could not lock System prefs. Unix error code 5.
2026-08-18 00:13:12,761 [ERROR] LogOutputStream:75 - [STDERR_REDIRECT] 
2026-08-18 00:13:12,761 [ERROR] LogOutputStream:75 - [STDERR_REDIRECT] Aug 18, 2026 12:13:12 AM java.util.prefs.FileSystemPreferences syncWorld
2026-08-18 00:13:12,761 [ERROR] LogOutputStream:75 - [STDERR_REDIRECT] WARNING: Couldn't flush system prefs: java.util.prefs.BackingStoreException: Couldn't get file lock.
2026-08-18 00:13:12,761 [ERROR] LogOutputStream:75 - [STDERR_REDIRECT] 
2026-08-18 00:13:42,762 [ERROR] LogOutputStream:75 - [STDERR_REDIRECT] Aug 18, 2026 12:13:42 AM java.util.prefs.FileSystemPreferences checkLockFile0ErrorCode
2026-08-18 00:13:42,762 [ERROR] LogOutputStream:75 - [STDERR_REDIRECT] WARNING: Could not lock System prefs. Unix error code 5.
2026-08-18 00:13:42,762 [ERROR] LogOutputStream:75 - [STDERR_REDIRECT] 
2026-08-18 00:13:42,763 [ERROR] LogOutputStream:75 - [STDERR_REDIRECT] Aug 18, 2026 12:13:42 AM java.util.prefs.FileSystemPreferences syncWorld
2026-08-18 00:13:42,763 [ERROR] LogOutputStream:75 - [STDERR_REDIRECT] WARNING: Couldn't flush system prefs: java.util.prefs.BackingStoreException: Couldn't get file lock.
2026-08-18 00:13:42,763 [ERROR] LogOutputStream:75 - [STDERR_REDIRECT] 
2026-08-18 00:14:12,761 [ERROR] LogOutputStream:75 - [STDERR_REDIRECT] Aug 18, 2026 12:14:12 AM java.util.prefs.FileSystemPreferences checkLockFile0ErrorCode
2026-08-18 00:14:12,761 [ERROR] LogOutputStream:75 - [STDERR_REDIRECT] WARNING: Could not lock System prefs. Unix error code 5.
2026-08-18 00:14:12,761 [ERROR] LogOutputStream:75 - [STDERR_REDIRECT] 
2026-08-18 00:14:12,761 [ERROR] LogOutputStream:75 - [STDERR_REDIRECT] Aug 18, 2026 12:14:12 AM java.util.prefs.FileSystemPreferences syncWorld
2026-08-18 00:14:12,761 [ERROR] LogOutputStream:75 - [STDERR_REDIRECT] WARNING: Couldn't flush system prefs: java.util.prefs.BackingStoreException: Couldn't get file lock.
2026-08-18 00:14:12,761 [ERROR] LogOutputStream:75 - [STDERR_REDIRECT] 
2026-08-18 00:14:42,761 [ERROR] LogOutputStream:75 - [STDERR_REDIRECT] Aug 18, 2026 12:14:42 AM java.util.prefs.FileSystemPreferences checkLockFile0ErrorCode
2026-08-18 00:14:42,761 [ERROR] LogOutputStream:75 - [STDERR_REDIRECT] WARNING: Could not lock System prefs. Unix error code 5.
2026-08-18 00:14:42,761 [ERROR] LogOutputStream:75 - [STDERR_REDIRECT] 
2026-08-18 00:14:42,761 [ERROR] LogOutputStream:75 - [STDERR_REDIRECT] Aug 18, 2026 12:14:42 AM java.util.prefs.FileSystemPreferences syncWorld
2026-08-18 00:14:42,761 [ERROR] LogOutputStream:75 - [STDERR_REDIRECT] WARNING: Couldn't flush system prefs: java.util.prefs.BackingStoreException: Couldn't get file lock.
2026-08-18 00:14:42,762 [ERROR] LogOutputStream:75 - [STDERR_REDIRECT] 
2026-08-18 00:15:12,760 [ERROR] LogOutputStream:75 - [STDERR_REDIRECT] Aug 18, 2026 12:15:12 AM java.util.prefs.FileSystemPreferences checkLockFile0ErrorCode
2026-08-18 00:15:12,761 [ERROR] LogOutputStream:75 - [STDERR_REDIRECT] WARNING: Could not lock System prefs. Unix error code 5.
2026-08-18 00:15:12,761 [ERROR] LogOutputStream:75 - [STDERR_REDIRECT] 
2026-08-18 00:15:12,761 [ERROR] LogOutputStream:75 - [STDERR_REDIRECT] Aug 18, 2026 12:15:12 AM java.util.prefs.FileSystemPreferences syncWorld
2026-08-18 00:15:12,761 [ERROR] LogOutputStream:75 - [STDERR_REDIRECT] WARNING: Couldn't flush system prefs: java.util.prefs.BackingStoreException: Couldn't get file lock.
2026-08-18 00:15:12,761 [ERROR] LogOutputStream:75 - [STDERR_REDIRECT] 
2026-08-18 00:15:42,761 [ERROR] LogOutputStream:75 - [STDERR_REDIRECT] Aug 18, 2026 12:15:42 AM java.util.prefs.FileSystemPreferences checkLockFile0ErrorCode
2026-08-18 00:15:42,761 [ERROR] LogOutputStream:75 - [STDERR_REDIRECT] WARNING: Could not lock System prefs. Unix error code 5.
2026-08-18 00:15:42,761 [ERROR] LogOutputStream:75 - [STDERR_REDIRECT] 
2026-08-18 00:15:42,762 [ERROR] LogOutputStream:75 - [STDERR_REDIRECT] Aug 18, 2026 12:15:42 AM java.util.prefs.FileSystemPreferences syncWorld
2026-08-18 00:15:42,762 [ERROR] LogOutputStream:75 - [STDERR_REDIRECT] WARNING: Couldn't flush system prefs: java.util.prefs.BackingStoreException: Couldn't get file lock.
2026-08-18 00:15:42,762 [ERROR] LogOutputStream:75 - [STDERR_REDIRECT] 
2026-08-18 00:16:12,761 [ERROR] LogOutputStream:75 - [STDERR_REDIRECT] Aug 18, 2026 12:16:12 AM java.util.prefs.FileSystemPreferences checkLockFile0ErrorCode
2026-08-18 00:16:12,761 [ERROR] LogOutputStream:75 - [STDERR_REDIRECT] WARNING: Could not lock System prefs. Unix error code 5.
2026-08-18 00:16:12,761 [ERROR] LogOutputStream:75 - [STDERR_REDIRECT] 
2026-08-18 00:16:12,761 [ERROR] LogOutputStream:75 - [STDERR_REDIRECT] Aug 18, 2026 12:16:12 AM java.util.prefs.FileSystemPreferences syncWorld
2026-08-18 00:16:12,761 [ERROR] LogOutputStream:75 - [STDERR_REDIRECT] WARNING: Couldn't flush system prefs: java.util.prefs.BackingStoreException: Couldn't get file lock.
2026-08-18 00:16:12,761 [ERROR] LogOutputStream:75 - [STDERR_REDIRECT] 
2026-08-18 00:16:42,762 [ERROR] LogOutputStream:75 - [STDERR_REDIRECT] Aug 18, 2026 12:16:42 AM java.util.prefs.FileSystemPreferences checkLockFile0ErrorCode
2026-08-18 00:16:42,762 [ERROR] LogOutputStream:75 - [STDERR_REDIRECT] WARNING: Could not lock System prefs. Unix error code 5.
2026-08-18 00:16:42,762 [ERROR] LogOutputStream:75 - [STDERR_REDIRECT] 
2026-08-18 00:16:42,762 [ERROR] LogOutputStream:75 - [STDERR_REDIRECT] Aug 18, 2026 12:16:42 AM java.util.prefs.FileSystemPreferences syncWorld
2026-08-18 00:16:42,762 [ERROR] LogOutputStream:75 - [STDERR_REDIRECT] WARNING: Couldn't flush system prefs: java.util.prefs.BackingStoreException: Couldn't get file lock.
2026-08-18 00:16:42,762 [ERROR] LogOutputStream:75 - [STDERR_REDIRECT] 
2026-08-18 00:17:12,763 [ERROR] LogOutputStream:75 - [STDERR_REDIRECT] Aug 18, 2026 12:17:12 AM java.util.prefs.FileSystemPreferences checkLockFile0ErrorCode
2026-08-18 00:17:12,763 [ERROR] LogOutputStream:75 - [STDERR_REDIRECT] WARNING: Could not lock System prefs. Unix error code 5.
2026-08-18 00:17:12,763 [ERROR] LogOutputStream:75 - [STDERR_REDIRECT] 
2026-08-18 00:17:12,764 [ERROR] LogOutputStream:75 - [STDERR_REDIRECT] Aug 18, 2026 12:17:12 AM java.util.prefs.FileSystemPreferences syncWorld
2026-08-18 00:17:12,764 [ERROR] LogOutputStream:75 - [STDERR_REDIRECT] WARNING: Couldn't flush system prefs: java.util.prefs.BackingStoreException: Couldn't get file lock.
2026-08-18 00:17:12,764 [ERROR] LogOutputStream:75 - [STDERR_REDIRECT] 
2026-08-18 00:17:42,763 [ERROR] LogOutputStream:75 - [STDERR_REDIRECT] Aug 18, 2026 12:17:42 AM java.util.prefs.FileSystemPreferences checkLockFile0ErrorCode
2026-08-18 00:17:42,763 [ERROR] LogOutputStream:75 - [STDERR_REDIRECT] WARNING: Could not lock System prefs. Unix error code 5.
2026-08-18 00:17:42,763 [ERROR] LogOutputStream:75 - [STDERR_REDIRECT] 
2026-08-18 00:17:42,763 [ERROR] LogOutputStream:75 - [STDERR_REDIRECT] Aug 18, 2026 12:17:42 AM java.util.prefs.FileSystemPreferences syncWorld
2026-08-18 00:17:42,763 [ERROR] LogOutputStream:75 - [STDERR_REDIRECT] WARNING: Couldn't flush system prefs: java.util.prefs.BackingStoreException: Couldn't get file lock.
2026-08-18 00:17:42,763 [ERROR] LogOutputStream:75 - [STDERR_REDIRECT] 
2026-08-18 00:18:12,764 [ERROR] LogOutputStream:75 - [STDERR_REDIRECT] Aug 18, 2026 12:18:12 AM java.util.prefs.FileSystemPreferences checkLockFile0ErrorCode
2026-08-18 00:18:12,764 [ERROR] LogOutputStream:75 - [STDERR_REDIRECT] WARNING: Could not lock System prefs. Unix error code 5.
2026-08-18 00:18:12,764 [ERROR] LogOutputStream:75 - [STDERR_REDIRECT] 
2026-08-18 00:18:12,764 [ERROR] LogOutputStream:75 - [STDERR_REDIRECT] Aug 18, 2026 12:18:12 AM java.util.prefs.FileSystemPreferences syncWorld
2026-08-18 00:18:12,765 [ERROR] LogOutputStream:75 - [STDERR_REDIRECT] WARNING: Couldn't flush system prefs: java.util.prefs.BackingStoreException: Couldn't get file lock.
2026-08-18 00:18:12,765 [ERROR] LogOutputStream:75 - [STDERR_REDIRECT] 
2026-08-18 00:18:42,763 [ERROR] LogOutputStream:75 - [STDERR_REDIRECT] Aug 18, 2026 12:18:42 AM java.util.prefs.FileSystemPreferences checkLockFile0ErrorCode
2026-08-18 00:18:42,763 [ERROR] LogOutputStream:75 - [STDERR_REDIRECT] WARNING: Could not lock System prefs. Unix error code 5.
2026-08-18 00:18:42,764 [ERROR] LogOutputStream:75 - [STDERR_REDIRECT] 
2026-08-18 00:18:42,764 [ERROR] LogOutputStream:75 - [STDERR_REDIRECT] Aug 18, 2026 12:18:42 AM java.util.prefs.FileSystemPreferences syncWorld
2026-08-18 00:18:42,764 [ERROR] LogOutputStream:75 - [STDERR_REDIRECT] WARNING: Couldn't flush system prefs: java.util.prefs.BackingStoreException: Couldn't get file lock.
2026-08-18 00:18:42,764 [ERROR] LogOutputStream:75 - [STDERR_REDIRECT] 
2026-08-18 00:19:12,764 [ERROR] LogOutputStream:75 - [STDERR_REDIRECT] Aug 18, 2026 12:19:12 AM java.util.prefs.FileSystemPreferences checkLockFile0ErrorCode
2026-08-18 00:19:12,764 [ERROR] LogOutputStream:75 - [STDERR_REDIRECT] WARNING: Could not lock System prefs. Unix error code 5.
2026-08-18 00:19:12,764 [ERROR] LogOutputStream:75 - [STDERR_REDIRECT] 
2026-08-18 00:19:12,764 [ERROR] LogOutputStream:75 - [STDERR_REDIRECT] Aug 18, 2026 12:19:12 AM java.util.prefs.FileSystemPreferences syncWorld
2026-08-18 00:19:12,764 [ERROR] LogOutputStream:75 - [STDERR_REDIRECT] WARNING: Couldn't flush system prefs: java.util.prefs.BackingStoreException: Couldn't get file lock.
2026-08-18 00:19:12,764 [ERROR] LogOutputStream:75 - [STDERR_REDIRECT] 
2026-08-18 00:19:42,765 [ERROR] LogOutputStream:75 - [STDERR_REDIRECT] Aug 18, 2026 12:19:42 AM java.util.prefs.FileSystemPreferences checkLockFile0ErrorCode
2026-08-18 00:19:42,765 [ERROR] LogOutputStream:75 - [STDERR_REDIRECT] WARNING: Could not lock System prefs. Unix error code 5.
2026-08-18 00:19:42,765 [ERROR] LogOutputStream:75 - [STDERR_REDIRECT] 
2026-08-18 00:19:42,765 [ERROR] LogOutputStream:75 - [STDERR_REDIRECT] Aug 18, 2026 12:19:42 AM java.util.prefs.FileSystemPreferences syncWorld
2026-08-18 00:19:42,766 [ERROR] LogOutputStream:75 - [STDERR_REDIRECT] WARNING: Couldn't flush system prefs: java.util.prefs.BackingStoreException: Couldn't get file lock.
2026-08-18 00:19:42,766 [ERROR] LogOutputStream:75 - [STDERR_REDIRECT] 
2026-08-18 00:20:12,763 [ERROR] LogOutputStream:75 - [STDERR_REDIRECT] Aug 18, 2026 12:20:12 AM java.util.prefs.FileSystemPreferences checkLockFile0ErrorCode
2026-08-18 00:20:12,763 [ERROR] LogOutputStream:75 - [STDERR_REDIRECT] WARNING: Could not lock System prefs. Unix error code 5.
2026-08-18 00:20:12,763 [ERROR] LogOutputStream:75 - [STDERR_REDIRECT] 
2026-08-18 00:20:12,764 [ERROR] LogOutputStream:75 - [STDERR_REDIRECT] Aug 18, 2026 12:20:12 AM java.util.prefs.FileSystemPreferences syncWorld
2026-08-18 00:20:12,764 [ERROR] LogOutputStream:75 - [STDERR_REDIRECT] WARNING: Couldn't flush system prefs: java.util.prefs.BackingStoreException: Couldn't get file lock.
2026-08-18 00:20:12,764 [ERROR] LogOutputStream:75 - [STDERR_REDIRECT] 
2026-08-18 00:20:42,763 [ERROR] LogOutputStream:75 - [STDERR_REDIRECT] Aug 18, 2026 12:20:42 AM java.util.prefs.FileSystemPreferences checkLockFile0ErrorCode
2026-08-18 00:20:42,763 [ERROR] LogOutputStream:75 - [STDERR_REDIRECT] WARNING: Could not lock System prefs. Unix error code 5.
2026-08-18 00:20:42,764 [ERROR] LogOutputStream:75 - [STDERR_REDIRECT] 
2026-08-18 00:20:42,764 [ERROR] LogOutputStream:75 - [STDERR_REDIRECT] Aug 18, 2026 12:20:42 AM java.util.prefs.FileSystemPreferences syncWorld
2026-08-18 00:20:42,764 [ERROR] LogOutputStream:75 - [STDERR_REDIRECT] WARNING: Couldn't flush system prefs: java.util.prefs.BackingStoreException: Couldn't get file lock.
2026-08-18 00:20:42,764 [ERROR] LogOutputStream:75 - [STDERR_REDIRECT] 
2026-08-18 00:21:12,764 [ERROR] LogOutputStream:75 - [STDERR_REDIRECT] Aug 18, 2026 12:21:12 AM java.util.prefs.FileSystemPreferences checkLockFile0ErrorCode
2026-08-18 00:21:12,764 [ERROR] LogOutputStream:75 - [STDERR_REDIRECT] WARNING: Could not lock System prefs. Unix error code 5.
2026-08-18 00:21:12,764 [ERROR] LogOutputStream:75 - [STDERR_REDIRECT] 
2026-08-18 00:21:12,764 [ERROR] LogOutputStream:75 - [STDERR_REDIRECT] Aug 18, 2026 12:21:12 AM java.util.prefs.FileSystemPreferences syncWorld
2026-08-18 00:21:12,765 [ERROR] LogOutputStream:75 - [STDERR_REDIRECT] WARNING: Couldn't flush system prefs: java.util.prefs.BackingStoreException: Couldn't get file lock.
2026-08-18 00:21:12,765 [ERROR] LogOutputStream:75 - [STDERR_REDIRECT] 
2026-08-18 00:21:42,764 [ERROR] LogOutputStream:75 - [STDERR_REDIRECT] Aug 18, 2026 12:21:42 AM java.util.prefs.FileSystemPreferences checkLockFile0ErrorCode
2026-08-18 00:21:42,764 [ERROR] LogOutputStream:75 - [STDERR_REDIRECT] WARNING: Could not lock System prefs. Unix error code 5.
2026-08-18 00:21:42,764 [ERROR] LogOutputStream:75 - [STDERR_REDIRECT] 
2026-08-18 00:21:42,765 [ERROR] LogOutputStream:75 - [STDERR_REDIRECT] Aug 18, 2026 12:21:42 AM java.util.prefs.FileSystemPreferences syncWorld
2026-08-18 00:21:42,765 [ERROR] LogOutputStream:75 - [STDERR_REDIRECT] WARNING: Couldn't flush system prefs: java.util.prefs.BackingStoreException: Couldn't get file lock.
2026-08-18 00:21:42,765 [ERROR] LogOutputStream:75 - [STDERR_REDIRECT] 
2026-08-18 00:22:12,764 [ERROR] LogOutputStream:75 - [STDERR_REDIRECT] Aug 18, 2026 12:22:12 AM java.util.prefs.FileSystemPreferences checkLockFile0ErrorCode
2026-08-18 00:22:12,764 [ERROR] LogOutputStream:75 - [STDERR_REDIRECT] WARNING: Could not lock System prefs. Unix error code 5.
2026-08-18 00:22:12,764 [ERROR] LogOutputStream:75 - [STDERR_REDIRECT] 
2026-08-18 00:22:12,764 [ERROR] LogOutputStream:75 - [STDERR_REDIRECT] Aug 18, 2026 12:22:12 AM java.util.prefs.FileSystemPreferences syncWorld
2026-08-18 00:22:12,764 [ERROR] LogOutputStream:75 - [STDERR_REDIRECT] WARNING: Couldn't flush system prefs: java.util.prefs.BackingStoreException: Couldn't get file lock.
2026-08-18 00:22:12,764 [ERROR] LogOutputStream:75 - [STDERR_REDIRECT] 
2026-08-18 00:22:42,764 [ERROR] LogOutputStream:75 - [STDERR_REDIRECT] Aug 18, 2026 12:22:42 AM java.util.prefs.FileSystemPreferences checkLockFile0ErrorCode
2026-08-18 00:22:42,764 [ERROR] LogOutputStream:75 - [STDERR_REDIRECT] WARNING: Could not lock System prefs. Unix error code 5.
2026-08-18 00:22:42,764 [ERROR] LogOutputStream:75 - [STDERR_REDIRECT] 
2026-08-18 00:22:42,764 [ERROR] LogOutputStream:75 - [STDERR_REDIRECT] Aug 18, 2026 12:22:42 AM java.util.prefs.FileSystemPreferences syncWorld
2026-08-18 00:22:42,764 [ERROR] LogOutputStream:75 - [STDERR_REDIRECT] WARNING: Couldn't flush system prefs: java.util.prefs.BackingStoreException: Couldn't get file lock.
2026-08-18 00:22:42,764 [ERROR] LogOutputStream:75 - [STDERR_REDIRECT] 
2026-08-18 00:23:12,763 [ERROR] LogOutputStream:75 - [STDERR_REDIRECT] Aug 18, 2026 12:23:12 AM java.util.prefs.FileSystemPreferences checkLockFile0ErrorCode
2026-08-18 00:23:12,763 [ERROR] LogOutputStream:75 - [STDERR_REDIRECT] WARNING: Could not lock System prefs. Unix error code 5.
2026-08-18 00:23:12,763 [ERROR] LogOutputStream:75 - [STDERR_REDIRECT] 
2026-08-18 00:23:12,764 [ERROR] LogOutputStream:75 - [STDERR_REDIRECT] Aug 18, 2026 12:23:12 AM java.util.prefs.FileSystemPreferences syncWorld
2026-08-18 00:23:12,764 [ERROR] LogOutputStream:75 - [STDERR_REDIRECT] WARNING: Couldn't flush system prefs: java.util.prefs.BackingStoreException: Couldn't get file lock.
2026-08-18 00:23:12,764 [ERROR] LogOutputStream:75 - [STDERR_REDIRECT] 
2026-08-18 00:23:42,764 [ERROR] LogOutputStream:75 - [STDERR_REDIRECT] Aug 18, 2026 12:23:42 AM java.util.prefs.FileSystemPreferences checkLockFile0ErrorCode
2026-08-18 00:23:42,764 [ERROR] LogOutputStream:75 - [STDERR_REDIRECT] WARNING: Could not lock System prefs. Unix error code 5.
2026-08-18 00:23:42,764 [ERROR] LogOutputStream:75 - [STDERR_REDIRECT] 
2026-08-18 00:23:42,764 [ERROR] LogOutputStream:75 - [STDERR_REDIRECT] Aug 18, 2026 12:23:42 AM java.util.prefs.FileSystemPreferences syncWorld
2026-08-18 00:23:42,764 [ERROR] LogOutputStream:75 - [STDERR_REDIRECT] WARNING: Couldn't flush system prefs: java.util.prefs.BackingStoreException: Couldn't get file lock.
2026-08-18 00:23:42,765 [ERROR] LogOutputStream:75 - [STDERR_REDIRECT] 
2026-08-18 00:24:12,763 [ERROR] LogOutputStream:75 - [STDERR_REDIRECT] Aug 18, 2026 12:24:12 AM java.util.prefs.FileSystemPreferences checkLockFile0ErrorCode
2026-08-18 00:24:12,763 [ERROR] LogOutputStream:75 - [STDERR_REDIRECT] WARNING: Could not lock System prefs. Unix error code 5.
2026-08-18 00:24:12,764 [ERROR] LogOutputStream:75 - [STDERR_REDIRECT] 
2026-08-18 00:24:12,764 [ERROR] LogOutputStream:75 - [STDERR_REDIRECT] Aug 18, 2026 12:24:12 AM java.util.prefs.FileSystemPreferences syncWorld
2026-08-18 00:24:12,764 [ERROR] LogOutputStream:75 - [STDERR_REDIRECT] WARNING: Couldn't flush system prefs: java.util.prefs.BackingStoreException: Couldn't get file lock.
2026-08-18 00:24:12,764 [ERROR] LogOutputStream:75 - [STDERR_REDIRECT] 
2026-08-18 00:24:42,764 [ERROR] LogOutputStream:75 - [STDERR_REDIRECT] Aug 18, 2026 12:24:42 AM java.util.prefs.FileSystemPreferences checkLockFile0ErrorCode
2026-08-18 00:24:42,764 [ERROR] LogOutputStream:75 - [STDERR_REDIRECT] WARNING: Could not lock System prefs. Unix error code 5.
2026-08-18 00:24:42,764 [ERROR] LogOutputStream:75 - [STDERR_REDIRECT] 
2026-08-18 00:24:42,764 [ERROR] LogOutputStream:75 - [STDERR_REDIRECT] Aug 18, 2026 12:24:42 AM java.util.prefs.FileSystemPreferences syncWorld
2026-08-18 00:24:42,764 [ERROR] LogOutputStream:75 - [STDERR_REDIRECT] WARNING: Couldn't flush system prefs: java.util.prefs.BackingStoreException: Couldn't get file lock.
2026-08-18 00:24:42,764 [ERROR] LogOutputStream:75 - [STDERR_REDIRECT] 
2026-08-18 00:25:12,765 [ERROR] LogOutputStream:75 - [STDERR_REDIRECT] Aug 18, 2026 12:25:12 AM java.util.prefs.FileSystemPreferences checkLockFile0ErrorCode
2026-08-18 00:25:12,765 [ERROR] LogOutputStream:75 - [STDERR_REDIRECT] WARNING: Could not lock System prefs. Unix error code 5.
2026-08-18 00:25:12,765 [ERROR] LogOutputStream:75 - [STDERR_REDIRECT] 
2026-08-18 00:25:12,765 [ERROR] LogOutputStream:75 - [STDERR_REDIRECT] Aug 18, 2026 12:25:12 AM java.util.prefs.FileSystemPreferences syncWorld
2026-08-18 00:25:12,765 [ERROR] LogOutputStream:75 - [STDERR_REDIRECT] WARNING: Couldn't flush system prefs: java.util.prefs.BackingStoreException: Couldn't get file lock.
2026-08-18 00:25:12,765 [ERROR] LogOutputStream:75 - [STDERR_REDIRECT] 
2026-08-18 00:25:42,766 [ERROR] LogOutputStream:75 - [STDERR_REDIRECT] Aug 18, 2026 12:25:42 AM java.util.prefs.FileSystemPreferences checkLockFile0ErrorCode
2026-08-18 00:25:42,766 [ERROR] LogOutputStream:75 - [STDERR_REDIRECT] WARNING: Could not lock System prefs. Unix error code 5.
2026-08-18 00:25:42,766 [ERROR] LogOutputStream:75 - [STDERR_REDIRECT] 
2026-08-18 00:25:42,766 [ERROR] LogOutputStream:75 - [STDERR_REDIRECT] Aug 18, 2026 12:25:42 AM java.util.prefs.FileSystemPreferences syncWorld
2026-08-18 00:25:42,766 [ERROR] LogOutputStream:75 - [STDERR_REDIRECT] WARNING: Couldn't flush system prefs: java.util.prefs.BackingStoreException: Couldn't get file lock.
2026-08-18 00:25:42,766 [ERROR] LogOutputStream:75 - [STDERR_REDIRECT] 
2026-08-18 00:26:12,766 [ERROR] LogOutputStream:75 - [STDERR_REDIRECT] Aug 18, 2026 12:26:12 AM java.util.prefs.FileSystemPreferences checkLockFile0ErrorCode
2026-08-18 00:26:12,766 [ERROR] LogOutputStream:75 - [STDERR_REDIRECT] WARNING: Could not lock System prefs. Unix error code 5.
2026-08-18 00:26:12,766 [ERROR] LogOutputStream:75 - [STDERR_REDIRECT] 
2026-08-18 00:26:12,767 [ERROR] LogOutputStream:75 - [STDERR_REDIRECT] Aug 18, 2026 12:26:12 AM java.util.prefs.FileSystemPreferences syncWorld
2026-08-18 00:26:12,767 [ERROR] LogOutputStream:75 - [STDERR_REDIRECT] WARNING: Couldn't flush system prefs: java.util.prefs.BackingStoreException: Couldn't get file lock.
2026-08-18 00:26:12,767 [ERROR] LogOutputStream:75 - [STDERR_REDIRECT] 
2026-08-18 00:26:42,767 [ERROR] LogOutputStream:75 - [STDERR_REDIRECT] Aug 18, 2026 12:26:42 AM java.util.prefs.FileSystemPreferences checkLockFile0ErrorCode
2026-08-18 00:26:42,767 [ERROR] LogOutputStream:75 - [STDERR_REDIRECT] WARNING: Could not lock System prefs. Unix error code 5.
2026-08-18 00:26:42,767 [ERROR] LogOutputStream:75 - [STDERR_REDIRECT] 
2026-08-18 00:26:42,767 [ERROR] LogOutputStream:75 - [STDERR_REDIRECT] Aug 18, 2026 12:26:42 AM java.util.prefs.FileSystemPreferences syncWorld
2026-08-18 00:26:42,767 [ERROR] LogOutputStream:75 - [STDERR_REDIRECT] WARNING: Couldn't flush system prefs: java.util.prefs.BackingStoreException: Couldn't get file lock.
2026-08-18 00:26:42,768 [ERROR] LogOutputStream:75 - [STDERR_REDIRECT] 
2026-08-18 00:27:12,767 [ERROR] LogOutputStream:75 - [STDERR_REDIRECT] Aug 18, 2026 12:27:12 AM java.util.prefs.FileSystemPreferences checkLockFile0ErrorCode
2026-08-18 00:27:12,767 [ERROR] LogOutputStream:75 - [STDERR_REDIRECT] WARNING: Could not lock System prefs. Unix error code 5.
2026-08-18 00:27:12,767 [ERROR] LogOutputStream:75 - [STDERR_REDIRECT] 
2026-08-18 00:27:12,767 [ERROR] LogOutputStream:75 - [STDERR_REDIRECT] Aug 18, 2026 12:27:12 AM java.util.prefs.FileSystemPreferences syncWorld
2026-08-18 00:27:12,768 [ERROR] LogOutputStream:75 - [STDERR_REDIRECT] WARNING: Couldn't flush system prefs: java.util.prefs.BackingStoreException: Couldn't get file lock.
2026-08-18 00:27:12,768 [ERROR] LogOutputStream:75 - [STDERR_REDIRECT] 
2026-08-18 00:27:42,766 [ERROR] LogOutputStream:75 - [STDERR_REDIRECT] Aug 18, 2026 12:27:42 AM java.util.prefs.FileSystemPreferences checkLockFile0ErrorCode
2026-08-18 00:27:42,766 [ERROR] LogOutputStream:75 - [STDERR_REDIRECT] WARNING: Could not lock System prefs. Unix error code 5.
2026-08-18 00:27:42,767 [ERROR] LogOutputStream:75 - [STDERR_REDIRECT] 
2026-08-18 00:27:42,767 [ERROR] LogOutputStream:75 - [STDERR_REDIRECT] Aug 18, 2026 12:27:42 AM java.util.prefs.FileSystemPreferences syncWorld
2026-08-18 00:27:42,767 [ERROR] LogOutputStream:75 - [STDERR_REDIRECT] WARNING: Couldn't flush system prefs: java.util.prefs.BackingStoreException: Couldn't get file lock.
2026-08-18 00:27:42,767 [ERROR] LogOutputStream:75 - [STDERR_REDIRECT] 
2026-08-18 00:28:12,767 [ERROR] LogOutputStream:75 - [STDERR_REDIRECT] Aug 18, 2026 12:28:12 AM java.util.prefs.FileSystemPreferences checkLockFile0ErrorCode
2026-08-18 00:28:12,767 [ERROR] LogOutputStream:75 - [STDERR_REDIRECT] WARNING: Could not lock System prefs. Unix error code 5.
2026-08-18 00:28:12,767 [ERROR] LogOutputStream:75 - [STDERR_REDIRECT] 
2026-08-18 00:28:12,767 [ERROR] LogOutputStream:75 - [STDERR_REDIRECT] Aug 18, 2026 12:28:12 AM java.util.prefs.FileSystemPreferences syncWorld
2026-08-18 00:28:12,767 [ERROR] LogOutputStream:75 - [STDERR_REDIRECT] WARNING: Couldn't flush system prefs: java.util.prefs.BackingStoreException: Couldn't get file lock.
2026-08-18 00:28:12,767 [ERROR] LogOutputStream:75 - [STDERR_REDIRECT] 
2026-08-18 00:28:42,768 [ERROR] LogOutputStream:75 - [STDERR_REDIRECT] Aug 18, 2026 12:28:42 AM java.util.prefs.FileSystemPreferences checkLockFile0ErrorCode
2026-08-18 00:28:42,768 [ERROR] LogOutputStream:75 - [STDERR_REDIRECT] WARNING: Could not lock System prefs. Unix error code 5.
2026-08-18 00:28:42,768 [ERROR] LogOutputStream:75 - [STDERR_REDIRECT] 
2026-08-18 00:28:42,768 [ERROR] LogOutputStream:75 - [STDERR_REDIRECT] Aug 18, 2026 12:28:42 AM java.util.prefs.FileSystemPreferences syncWorld
2026-08-18 00:28:42,769 [ERROR] LogOutputStream:75 - [STDERR_REDIRECT] WARNING: Couldn't flush system prefs: java.util.prefs.BackingStoreException: Couldn't get file lock.
2026-08-18 00:28:42,769 [ERROR] LogOutputStream:75 - [STDERR_REDIRECT] 
2026-08-18 00:29:12,767 [ERROR] LogOutputStream:75 - [STDERR_REDIRECT] Aug 18, 2026 12:29:12 AM java.util.prefs.FileSystemPreferences checkLockFile0ErrorCode
2026-08-18 00:29:12,767 [ERROR] LogOutputStream:75 - [STDERR_REDIRECT] WARNING: Could not lock System prefs. Unix error code 5.
2026-08-18 00:29:12,767 [ERROR] LogOutputStream:75 - [STDERR_REDIRECT] 
2026-08-18 00:29:12,768 [ERROR] LogOutputStream:75 - [STDERR_REDIRECT] Aug 18, 2026 12:29:12 AM java.util.prefs.FileSystemPreferences syncWorld
2026-08-18 00:29:12,768 [ERROR] LogOutputStream:75 - [STDERR_REDIRECT] WARNING: Couldn't flush system prefs: java.util.prefs.BackingStoreException: Couldn't get file lock.
2026-08-18 00:29:12,768 [ERROR] LogOutputStream:75 - [STDERR_REDIRECT] 
2026-08-18 00:29:42,767 [ERROR] LogOutputStream:75 - [STDERR_REDIRECT] Aug 18, 2026 12:29:42 AM java.util.prefs.FileSystemPreferences checkLockFile0ErrorCode
2026-08-18 00:29:42,768 [ERROR] LogOutputStream:75 - [STDERR_REDIRECT] WARNING: Could not lock System prefs. Unix error code 5.
2026-08-18 00:29:42,768 [ERROR] LogOutputStream:75 - [STDERR_REDIRECT] 
2026-08-18 00:29:42,768 [ERROR] LogOutputStream:75 - [STDERR_REDIRECT] Aug 18, 2026 12:29:42 AM java.util.prefs.FileSystemPreferences syncWorld
2026-08-18 00:29:42,768 [ERROR] LogOutputStream:75 - [STDERR_REDIRECT] WARNING: Couldn't flush system prefs: java.util.prefs.BackingStoreException: Couldn't get file lock.
2026-08-18 00:29:42,768 [ERROR] LogOutputStream:75 - [STDERR_REDIRECT] 
2026-08-18 00:30:12,768 [ERROR] LogOutputStream:75 - [STDERR_REDIRECT] Aug 18, 2026 12:30:12 AM java.util.prefs.FileSystemPreferences checkLockFile0ErrorCode
2026-08-18 00:30:12,768 [ERROR] LogOutputStream:75 - [STDERR_REDIRECT] WARNING: Could not lock System prefs. Unix error code 5.
2026-08-18 00:30:12,768 [ERROR] LogOutputStream:75 - [STDERR_REDIRECT] 
2026-08-18 00:30:12,769 [ERROR] LogOutputStream:75 - [STDERR_REDIRECT] Aug 18, 2026 12:30:12 AM java.util.prefs.FileSystemPreferences syncWorld
2026-08-18 00:30:12,769 [ERROR] LogOutputStream:75 - [STDERR_REDIRECT] WARNING: Couldn't flush system prefs: java.util.prefs.BackingStoreException: Couldn't get file lock.
2026-08-18 00:30:12,769 [ERROR] LogOutputStream:75 - [STDERR_REDIRECT] 
2026-08-18 00:30:42,769 [ERROR] LogOutputStream:75 - [STDERR_REDIRECT] Aug 18, 2026 12:30:42 AM java.util.prefs.FileSystemPreferences checkLockFile0ErrorCode
2026-08-18 00:30:42,769 [ERROR] LogOutputStream:75 - [STDERR_REDIRECT] WARNING: Could not lock System prefs. Unix error code 5.
2026-08-18 00:30:42,769 [ERROR] LogOutputStream:75 - [STDERR_REDIRECT] 
2026-08-18 00:30:42,769 [ERROR] LogOutputStream:75 - [STDERR_REDIRECT] Aug 18, 2026 12:30:42 AM java.util.prefs.FileSystemPreferences syncWorld
2026-08-18 00:30:42,770 [ERROR] LogOutputStream:75 - [STDERR_REDIRECT] WARNING: Couldn't flush system prefs: java.util.prefs.BackingStoreException: Couldn't get file lock.
2026-08-18 00:30:42,770 [ERROR] LogOutputStream:75 - [STDERR_REDIRECT] 
2026-08-18 00:31:12,768 [ERROR] LogOutputStream:75 - [STDERR_REDIRECT] Aug 18, 2026 12:31:12 AM java.util.prefs.FileSystemPreferences checkLockFile0ErrorCode
2026-08-18 00:31:12,768 [ERROR] LogOutputStream:75 - [STDERR_REDIRECT] WARNING: Could not lock System prefs. Unix error code 5.
2026-08-18 00:31:12,769 [ERROR] LogOutputStream:75 - [STDERR_REDIRECT] 
2026-08-18 00:31:12,769 [ERROR] LogOutputStream:75 - [STDERR_REDIRECT] Aug 18, 2026 12:31:12 AM java.util.prefs.FileSystemPreferences syncWorld
2026-08-18 00:31:12,769 [ERROR] LogOutputStream:75 - [STDERR_REDIRECT] WARNING: Couldn't flush system prefs: java.util.prefs.BackingStoreException: Couldn't get file lock.
2026-08-18 00:31:12,769 [ERROR] LogOutputStream:75 - [STDERR_REDIRECT] 
2026-08-18 00:31:42,769 [ERROR] LogOutputStream:75 - [STDERR_REDIRECT] Aug 18, 2026 12:31:42 AM java.util.prefs.FileSystemPreferences checkLockFile0ErrorCode
2026-08-18 00:31:42,769 [ERROR] LogOutputStream:75 - [STDERR_REDIRECT] WARNING: Could not lock System prefs. Unix error code 5.
2026-08-18 00:31:42,769 [ERROR] LogOutputStream:75 - [STDERR_REDIRECT] 
2026-08-18 00:31:42,769 [ERROR] LogOutputStream:75 - [STDERR_REDIRECT] Aug 18, 2026 12:31:42 AM java.util.prefs.FileSystemPreferences syncWorld
2026-08-18 00:31:42,769 [ERROR] LogOutputStream:75 - [STDERR_REDIRECT] WARNING: Couldn't flush system prefs: java.util.prefs.BackingStoreException: Couldn't get file lock.
2026-08-18 00:31:42,770 [ERROR] LogOutputStream:75 - [STDERR_REDIRECT] 
2026-08-18 00:32:12,769 [ERROR] LogOutputStream:75 - [STDERR_REDIRECT] Aug 18, 2026 12:32:12 AM java.util.prefs.FileSystemPreferences checkLockFile0ErrorCode
2026-08-18 00:32:12,769 [ERROR] LogOutputStream:75 - [STDERR_REDIRECT] WARNING: Could not lock System prefs. Unix error code 5.
2026-08-18 00:32:12,769 [ERROR] LogOutputStream:75 - [STDERR_REDIRECT] 
2026-08-18 00:32:12,769 [ERROR] LogOutputStream:75 - [STDERR_REDIRECT] Aug 18, 2026 12:32:12 AM java.util.prefs.FileSystemPreferences syncWorld
2026-08-18 00:32:12,769 [ERROR] LogOutputStream:75 - [STDERR_REDIRECT] WARNING: Couldn't flush system prefs: java.util.prefs.BackingStoreException: Couldn't get file lock.
2026-08-18 00:32:12,769 [ERROR] LogOutputStream:75 - [STDERR_REDIRECT] 
2026-08-18 00:32:42,768 [ERROR] LogOutputStream:75 - [STDERR_REDIRECT] Aug 18, 2026 12:32:42 AM java.util.prefs.FileSystemPreferences checkLockFile0ErrorCode
2026-08-18 00:32:42,769 [ERROR] LogOutputStream:75 - [STDERR_REDIRECT] WARNING: Could not lock System prefs. Unix error code 5.
2026-08-18 00:32:42,769 [ERROR] LogOutputStream:75 - [STDERR_REDIRECT] 
2026-08-18 00:32:42,769 [ERROR] LogOutputStream:75 - [STDERR_REDIRECT] Aug 18, 2026 12:32:42 AM java.util.prefs.FileSystemPreferences syncWorld
2026-08-18 00:32:42,769 [ERROR] LogOutputStream:75 - [STDERR_REDIRECT] WARNING: Couldn't flush system prefs: java.util.prefs.BackingStoreException: Couldn't get file lock.
2026-08-18 00:32:42,769 [ERROR] LogOutputStream:75 - [STDERR_REDIRECT] 
2026-08-18 00:33:12,769 [ERROR] LogOutputStream:75 - [STDERR_REDIRECT] Aug 18, 2026 12:33:12 AM java.util.prefs.FileSystemPreferences checkLockFile0ErrorCode
2026-08-18 00:33:12,769 [ERROR] LogOutputStream:75 - [STDERR_REDIRECT] WARNING: Could not lock System prefs. Unix error code 5.
2026-08-18 00:33:12,769 [ERROR] LogOutputStream:75 - [STDERR_REDIRECT] 
2026-08-18 00:33:12,769 [ERROR] LogOutputStream:75 - [STDERR_REDIRECT] Aug 18, 2026 12:33:12 AM java.util.prefs.FileSystemPreferences syncWorld
2026-08-18 00:33:12,769 [ERROR] LogOutputStream:75 - [STDERR_REDIRECT] WARNING: Couldn't flush system prefs: java.util.prefs.BackingStoreException: Couldn't get file lock.
2026-08-18 00:33:12,769 [ERROR] LogOutputStream:75 - [STDERR_REDIRECT] 
2026-08-18 00:33:42,769 [ERROR] LogOutputStream:75 - [STDERR_REDIRECT] Aug 18, 2026 12:33:42 AM java.util.prefs.FileSystemPreferences checkLockFile0ErrorCode
2026-08-18 00:33:42,769 [ERROR] LogOutputStream:75 - [STDERR_REDIRECT] WARNING: Could not lock System prefs. Unix error code 5.
2026-08-18 00:33:42,769 [ERROR] LogOutputStream:75 - [STDERR_REDIRECT] 
2026-08-18 00:33:42,770 [ERROR] LogOutputStream:75 - [STDERR_REDIRECT] Aug 18, 2026 12:33:42 AM java.util.prefs.FileSystemPreferences syncWorld
2026-08-18 00:33:42,770 [ERROR] LogOutputStream:75 - [STDERR_REDIRECT] WARNING: Couldn't flush system prefs: java.util.prefs.BackingStoreException: Couldn't get file lock.
2026-08-18 00:33:42,770 [ERROR] LogOutputStream:75 - [STDERR_REDIRECT] 
2026-08-18 00:34:12,769 [ERROR] LogOutputStream:75 - [STDERR_REDIRECT] Aug 18, 2026 12:34:12 AM java.util.prefs.FileSystemPreferences checkLockFile0ErrorCode
2026-08-18 00:34:12,770 [ERROR] LogOutputStream:75 - [STDERR_REDIRECT] WARNING: Could not lock System prefs. Unix error code 5.
2026-08-18 00:34:12,770 [ERROR] LogOutputStream:75 - [STDERR_REDIRECT] 
2026-08-18 00:34:12,770 [ERROR] LogOutputStream:75 - [STDERR_REDIRECT] Aug 18, 2026 12:34:12 AM java.util.prefs.FileSystemPreferences syncWorld
2026-08-18 00:34:12,770 [ERROR] LogOutputStream:75 - [STDERR_REDIRECT] WARNING: Couldn't flush system prefs: java.util.prefs.BackingStoreException: Couldn't get file lock.
2026-08-18 00:34:12,770 [ERROR] LogOutputStream:75 - [STDERR_REDIRECT] 
2026-08-18 00:34:42,769 [ERROR] LogOutputStream:75 - [STDERR_REDIRECT] Aug 18, 2026 12:34:42 AM java.util.prefs.FileSystemPreferences checkLockFile0ErrorCode
2026-08-18 00:34:42,770 [ERROR] LogOutputStream:75 - [STDERR_REDIRECT] WARNING: Could not lock System prefs. Unix error code 5.
2026-08-18 00:34:42,770 [ERROR] LogOutputStream:75 - [STDERR_REDIRECT] 
2026-08-18 00:34:42,770 [ERROR] LogOutputStream:75 - [STDERR_REDIRECT] Aug 18, 2026 12:34:42 AM java.util.prefs.FileSystemPreferences syncWorld
2026-08-18 00:34:42,770 [ERROR] LogOutputStream:75 - [STDERR_REDIRECT] WARNING: Couldn't flush system prefs: java.util.prefs.BackingStoreException: Couldn't get file lock.
2026-08-18 00:34:42,770 [ERROR] LogOutputStream:75 - [STDERR_REDIRECT] 
2026-08-18 00:35:12,770 [ERROR] LogOutputStream:75 - [STDERR_REDIRECT] Aug 18, 2026 12:35:12 AM java.util.prefs.FileSystemPreferences checkLockFile0ErrorCode
2026-08-18 00:35:12,770 [ERROR] LogOutputStream:75 - [STDERR_REDIRECT] WARNING: Could not lock System prefs. Unix error code 5.
2026-08-18 00:35:12,770 [ERROR] LogOutputStream:75 - [STDERR_REDIRECT] 
2026-08-18 00:35:12,770 [ERROR] LogOutputStream:75 - [STDERR_REDIRECT] Aug 18, 2026 12:35:12 AM java.util.prefs.FileSystemPreferences syncWorld
2026-08-18 00:35:12,770 [ERROR] LogOutputStream:75 - [STDERR_REDIRECT] WARNING: Couldn't flush system prefs: java.util.prefs.BackingStoreException: Couldn't get file lock.
2026-08-18 00:35:12,770 [ERROR] LogOutputStream:75 - [STDERR_REDIRECT] 
2026-08-18 00:35:42,770 [ERROR] LogOutputStream:75 - [STDERR_REDIRECT] Aug 18, 2026 12:35:42 AM java.util.prefs.FileSystemPreferences checkLockFile0ErrorCode
2026-08-18 00:35:42,770 [ERROR] LogOutputStream:75 - [STDERR_REDIRECT] WARNING: Could not lock System prefs. Unix error code 5.
2026-08-18 00:35:42,770 [ERROR] LogOutputStream:75 - [STDERR_REDIRECT] 
2026-08-18 00:35:42,771 [ERROR] LogOutputStream:75 - [STDERR_REDIRECT] Aug 18, 2026 12:35:42 AM java.util.prefs.FileSystemPreferences syncWorld
2026-08-18 00:35:42,771 [ERROR] LogOutputStream:75 - [STDERR_REDIRECT] WARNING: Couldn't flush system prefs: java.util.prefs.BackingStoreException: Couldn't get file lock.
2026-08-18 00:35:42,771 [ERROR] LogOutputStream:75 - [STDERR_REDIRECT] 
2026-08-18 00:36:12,770 [ERROR] LogOutputStream:75 - [STDERR_REDIRECT] Aug 18, 2026 12:36:12 AM java.util.prefs.FileSystemPreferences checkLockFile0ErrorCode
2026-08-18 00:36:12,771 [ERROR] LogOutputStream:75 - [STDERR_REDIRECT] WARNING: Could not lock System prefs. Unix error code 5.
2026-08-18 00:36:12,771 [ERROR] LogOutputStream:75 - [STDERR_REDIRECT] 
2026-08-18 00:36:12,771 [ERROR] LogOutputStream:75 - [STDERR_REDIRECT] Aug 18, 2026 12:36:12 AM java.util.prefs.FileSystemPreferences syncWorld
2026-08-18 00:36:12,771 [ERROR] LogOutputStream:75 - [STDERR_REDIRECT] WARNING: Couldn't flush system prefs: java.util.prefs.BackingStoreException: Couldn't get file lock.
2026-08-18 00:36:12,771 [ERROR] LogOutputStream:75 - [STDERR_REDIRECT] 
2026-08-18 00:36:42,771 [ERROR] LogOutputStream:75 - [STDERR_REDIRECT] Aug 18, 2026 12:36:42 AM java.util.prefs.FileSystemPreferences checkLockFile0ErrorCode
2026-08-18 00:36:42,771 [ERROR] LogOutputStream:75 - [STDERR_REDIRECT] WARNING: Could not lock System prefs. Unix error code 5.
2026-08-18 00:36:42,771 [ERROR] LogOutputStream:75 - [STDERR_REDIRECT] 
2026-08-18 00:36:42,771 [ERROR] LogOutputStream:75 - [STDERR_REDIRECT] Aug 18, 2026 12:36:42 AM java.util.prefs.FileSystemPreferences syncWorld
2026-08-18 00:36:42,772 [ERROR] LogOutputStream:75 - [STDERR_REDIRECT] WARNING: Couldn't flush system prefs: java.util.prefs.BackingStoreException: Couldn't get file lock.
2026-08-18 00:36:42,772 [ERROR] LogOutputStream:75 - [STDERR_REDIRECT] 
2026-08-18 00:37:12,772 [ERROR] LogOutputStream:75 - [STDERR_REDIRECT] Aug 18, 2026 12:37:12 AM java.util.prefs.FileSystemPreferences checkLockFile0ErrorCode
2026-08-18 00:37:12,772 [ERROR] LogOutputStream:75 - [STDERR_REDIRECT] WARNING: Could not lock System prefs. Unix error code 5.
2026-08-18 00:37:12,772 [ERROR] LogOutputStream:75 - [STDERR_REDIRECT] 
2026-08-18 00:37:12,773 [ERROR] LogOutputStream:75 - [STDERR_REDIRECT] Aug 18, 2026 12:37:12 AM java.util.prefs.FileSystemPreferences syncWorld
2026-08-18 00:37:12,774 [ERROR] LogOutputStream:75 - [STDERR_REDIRECT] WARNING: Couldn't flush system prefs: java.util.prefs.BackingStoreException: Couldn't get file lock.
2026-08-18 00:37:12,774 [ERROR] LogOutputStream:75 - [STDERR_REDIRECT] 
2026-08-18 00:37:42,771 [ERROR] LogOutputStream:75 - [STDERR_REDIRECT] Aug 18, 2026 12:37:42 AM java.util.prefs.FileSystemPreferences checkLockFile0ErrorCode
2026-08-18 00:37:42,771 [ERROR] LogOutputStream:75 - [STDERR_REDIRECT] WARNING: Could not lock System prefs. Unix error code 5.
2026-08-18 00:37:42,771 [ERROR] LogOutputStream:75 - [STDERR_REDIRECT] 
2026-08-18 00:37:42,771 [ERROR] LogOutputStream:75 - [STDERR_REDIRECT] Aug 18, 2026 12:37:42 AM java.util.prefs.FileSystemPreferences syncWorld
2026-08-18 00:37:42,772 [ERROR] LogOutputStream:75 - [STDERR_REDIRECT] WARNING: Couldn't flush system prefs: java.util.prefs.BackingStoreException: Couldn't get file lock.
2026-08-18 00:37:42,772 [ERROR] LogOutputStream:75 - [STDERR_REDIRECT] 
2026-08-18 00:38:12,770 [ERROR] LogOutputStream:75 - [STDERR_REDIRECT] Aug 18, 2026 12:38:12 AM java.util.prefs.FileSystemPreferences checkLockFile0ErrorCode
2026-08-18 00:38:12,771 [ERROR] LogOutputStream:75 - [STDERR_REDIRECT] WARNING: Could not lock System prefs. Unix error code 5.
2026-08-18 00:38:12,771 [ERROR] LogOutputStream:75 - [STDERR_REDIRECT] 
2026-08-18 00:38:12,771 [ERROR] LogOutputStream:75 - [STDERR_REDIRECT] Aug 18, 2026 12:38:12 AM java.util.prefs.FileSystemPreferences syncWorld
2026-08-18 00:38:12,771 [ERROR] LogOutputStream:75 - [STDERR_REDIRECT] WARNING: Couldn't flush system prefs: java.util.prefs.BackingStoreException: Couldn't get file lock.
2026-08-18 00:38:12,771 [ERROR] LogOutputStream:75 - [STDERR_REDIRECT] 
2026-08-18 00:38:42,771 [ERROR] LogOutputStream:75 - [STDERR_REDIRECT] Aug 18, 2026 12:38:42 AM java.util.prefs.FileSystemPreferences checkLockFile0ErrorCode
2026-08-18 00:38:42,771 [ERROR] LogOutputStream:75 - [STDERR_REDIRECT] WARNING: Could not lock System prefs. Unix error code 5.
2026-08-18 00:38:42,771 [ERROR] LogOutputStream:75 - [STDERR_REDIRECT] 
2026-08-18 00:38:42,771 [ERROR] LogOutputStream:75 - [STDERR_REDIRECT] Aug 18, 2026 12:38:42 AM java.util.prefs.FileSystemPreferences syncWorld
2026-08-18 00:38:42,771 [ERROR] LogOutputStream:75 - [STDERR_REDIRECT] WARNING: Couldn't flush system prefs: java.util.prefs.BackingStoreException: Couldn't get file lock.
2026-08-18 00:38:42,771 [ERROR] LogOutputStream:75 - [STDERR_REDIRECT] 
2026-08-18 00:39:12,771 [ERROR] LogOutputStream:75 - [STDERR_REDIRECT] Aug 18, 2026 12:39:12 AM java.util.prefs.FileSystemPreferences checkLockFile0ErrorCode
2026-08-18 00:39:12,771 [ERROR] LogOutputStream:75 - [STDERR_REDIRECT] WARNING: Could not lock System prefs. Unix error code 5.
2026-08-18 00:39:12,772 [ERROR] LogOutputStream:75 - [STDERR_REDIRECT] 
2026-08-18 00:39:12,772 [ERROR] LogOutputStream:75 - [STDERR_REDIRECT] Aug 18, 2026 12:39:12 AM java.util.prefs.FileSystemPreferences syncWorld
2026-08-18 00:39:12,772 [ERROR] LogOutputStream:75 - [STDERR_REDIRECT] WARNING: Couldn't flush system prefs: java.util.prefs.BackingStoreException: Couldn't get file lock.
2026-08-18 00:39:12,772 [ERROR] LogOutputStream:75 - [STDERR_REDIRECT] 
2026-08-18 00:39:42,773 [ERROR] LogOutputStream:75 - [STDERR_REDIRECT] Aug 18, 2026 12:39:42 AM java.util.prefs.FileSystemPreferences checkLockFile0ErrorCode
2026-08-18 00:39:42,773 [ERROR] LogOutputStream:75 - [STDERR_REDIRECT] WARNING: Could not lock System prefs. Unix error code 5.
2026-08-18 00:39:42,773 [ERROR] LogOutputStream:75 - [STDERR_REDIRECT] 
2026-08-18 00:39:42,773 [ERROR] LogOutputStream:75 - [STDERR_REDIRECT] Aug 18, 2026 12:39:42 AM java.util.prefs.FileSystemPreferences syncWorld
2026-08-18 00:39:42,773 [ERROR] LogOutputStream:75 - [STDERR_REDIRECT] WARNING: Couldn't flush system prefs: java.util.prefs.BackingStoreException: Couldn't get file lock.
2026-08-18 00:39:42,773 [ERROR] LogOutputStream:75 - [STDERR_REDIRECT] 
2026-08-18 00:40:12,773 [ERROR] LogOutputStream:75 - [STDERR_REDIRECT] Aug 18, 2026 12:40:12 AM java.util.prefs.FileSystemPreferences checkLockFile0ErrorCode
2026-08-18 00:40:12,773 [ERROR] LogOutputStream:75 - [STDERR_REDIRECT] WARNING: Could not lock System prefs. Unix error code 5.
2026-08-18 00:40:12,773 [ERROR] LogOutputStream:75 - [STDERR_REDIRECT] 
2026-08-18 00:40:12,773 [ERROR] LogOutputStream:75 - [STDERR_REDIRECT] Aug 18, 2026 12:40:12 AM java.util.prefs.FileSystemPreferences syncWorld
2026-08-18 00:40:12,773 [ERROR] LogOutputStream:75 - [STDERR_REDIRECT] WARNING: Couldn't flush system prefs: java.util.prefs.BackingStoreException: Couldn't get file lock.
2026-08-18 00:40:12,773 [ERROR] LogOutputStream:75 - [STDERR_REDIRECT] 
2026-08-18 00:40:42,772 [ERROR] LogOutputStream:75 - [STDERR_REDIRECT] Aug 18, 2026 12:40:42 AM java.util.prefs.FileSystemPreferences checkLockFile0ErrorCode
2026-08-18 00:40:42,772 [ERROR] LogOutputStream:75 - [STDERR_REDIRECT] WARNING: Could not lock System prefs. Unix error code 5.
2026-08-18 00:40:42,772 [ERROR] LogOutputStream:75 - [STDERR_REDIRECT] 
2026-08-18 00:40:42,772 [ERROR] LogOutputStream:75 - [STDERR_REDIRECT] Aug 18, 2026 12:40:42 AM java.util.prefs.FileSystemPreferences syncWorld
2026-08-18 00:40:42,773 [ERROR] LogOutputStream:75 - [STDERR_REDIRECT] WARNING: Couldn't flush system prefs: java.util.prefs.BackingStoreException: Couldn't get file lock.
2026-08-18 00:40:42,773 [ERROR] LogOutputStream:75 - [STDERR_REDIRECT] 
2026-08-18 00:41:12,772 [ERROR] LogOutputStream:75 - [STDERR_REDIRECT] Aug 18, 2026 12:41:12 AM java.util.prefs.FileSystemPreferences checkLockFile0ErrorCode
2026-08-18 00:41:12,773 [ERROR] LogOutputStream:75 - [STDERR_REDIRECT] WARNING: Could not lock System prefs. Unix error code 5.
2026-08-18 00:41:12,773 [ERROR] LogOutputStream:75 - [STDERR_REDIRECT] 
2026-08-18 00:41:12,773 [ERROR] LogOutputStream:75 - [STDERR_REDIRECT] Aug 18, 2026 12:41:12 AM java.util.prefs.FileSystemPreferences syncWorld
2026-08-18 00:41:12,773 [ERROR] LogOutputStream:75 - [STDERR_REDIRECT] WARNING: Couldn't flush system prefs: java.util.prefs.BackingStoreException: Couldn't get file lock.
2026-08-18 00:41:12,773 [ERROR] LogOutputStream:75 - [STDERR_REDIRECT] 
2026-08-18 00:41:42,774 [ERROR] LogOutputStream:75 - [STDERR_REDIRECT] Aug 18, 2026 12:41:42 AM java.util.prefs.FileSystemPreferences checkLockFile0ErrorCode
2026-08-18 00:41:42,774 [ERROR] LogOutputStream:75 - [STDERR_REDIRECT] WARNING: Could not lock System prefs. Unix error code 5.
2026-08-18 00:41:42,774 [ERROR] LogOutputStream:75 - [STDERR_REDIRECT] 
2026-08-18 00:41:42,774 [ERROR] LogOutputStream:75 - [STDERR_REDIRECT] Aug 18, 2026 12:41:42 AM java.util.prefs.FileSystemPreferences syncWorld
2026-08-18 00:41:42,774 [ERROR] LogOutputStream:75 - [STDERR_REDIRECT] WARNING: Couldn't flush system prefs: java.util.prefs.BackingStoreException: Couldn't get file lock.
2026-08-18 00:41:42,774 [ERROR] LogOutputStream:75 - [STDERR_REDIRECT] 
2026-08-18 00:42:12,773 [ERROR] LogOutputStream:75 - [STDERR_REDIRECT] Aug 18, 2026 12:42:12 AM java.util.prefs.FileSystemPreferences checkLockFile0ErrorCode
2026-08-18 00:42:12,773 [ERROR] LogOutputStream:75 - [STDERR_REDIRECT] WARNING: Could not lock System prefs. Unix error code 5.
2026-08-18 00:42:12,773 [ERROR] LogOutputStream:75 - [STDERR_REDIRECT] 
2026-08-18 00:42:12,773 [ERROR] LogOutputStream:75 - [STDERR_REDIRECT] Aug 18, 2026 12:42:12 AM java.util.prefs.FileSystemPreferences syncWorld
2026-08-18 00:42:12,773 [ERROR] LogOutputStream:75 - [STDERR_REDIRECT] WARNING: Couldn't flush system prefs: java.util.prefs.BackingStoreException: Couldn't get file lock.
2026-08-18 00:42:12,774 [ERROR] LogOutputStream:75 - [STDERR_REDIRECT] 
2026-08-18 00:42:42,772 [ERROR] LogOutputStream:75 - [STDERR_REDIRECT] Aug 18, 2026 12:42:42 AM java.util.prefs.FileSystemPreferences checkLockFile0ErrorCode
2026-08-18 00:42:42,772 [ERROR] LogOutputStream:75 - [STDERR_REDIRECT] WARNING: Could not lock System prefs. Unix error code 5.
2026-08-18 00:42:42,772 [ERROR] LogOutputStream:75 - [STDERR_REDIRECT] 
2026-08-18 00:42:42,772 [ERROR] LogOutputStream:75 - [STDERR_REDIRECT] Aug 18, 2026 12:42:42 AM java.util.prefs.FileSystemPreferences syncWorld
2026-08-18 00:42:42,773 [ERROR] LogOutputStream:75 - [STDERR_REDIRECT] WARNING: Couldn't flush system prefs: java.util.prefs.BackingStoreException: Couldn't get file lock.
2026-08-18 00:42:42,773 [ERROR] LogOutputStream:75 - [STDERR_REDIRECT] 
2026-08-18 00:43:12,774 [ERROR] LogOutputStream:75 - [STDERR_REDIRECT] Aug 18, 2026 12:43:12 AM java.util.prefs.FileSystemPreferences checkLockFile0ErrorCode
2026-08-18 00:43:12,774 [ERROR] LogOutputStream:75 - [STDERR_REDIRECT] WARNING: Could not lock System prefs. Unix error code 5.
2026-08-18 00:43:12,774 [ERROR] LogOutputStream:75 - [STDERR_REDIRECT] 
2026-08-18 00:43:12,774 [ERROR] LogOutputStream:75 - [STDERR_REDIRECT] Aug 18, 2026 12:43:12 AM java.util.prefs.FileSystemPreferences syncWorld
2026-08-18 00:43:12,774 [ERROR] LogOutputStream:75 - [STDERR_REDIRECT] WARNING: Couldn't flush system prefs: java.util.prefs.BackingStoreException: Couldn't get file lock.
2026-08-18 00:43:12,774 [ERROR] LogOutputStream:75 - [STDERR_REDIRECT] 
2026-08-18 00:43:42,774 [ERROR] LogOutputStream:75 - [STDERR_REDIRECT] Aug 18, 2026 12:43:42 AM java.util.prefs.FileSystemPreferences checkLockFile0ErrorCode
2026-08-18 00:43:42,774 [ERROR] LogOutputStream:75 - [STDERR_REDIRECT] WARNING: Could not lock System prefs. Unix error code 5.
2026-08-18 00:43:42,774 [ERROR] LogOutputStream:75 - [STDERR_REDIRECT] 
2026-08-18 00:43:42,774 [ERROR] LogOutputStream:75 - [STDERR_REDIRECT] Aug 18, 2026 12:43:42 AM java.util.prefs.FileSystemPreferences syncWorld
2026-08-18 00:43:42,774 [ERROR] LogOutputStream:75 - [STDERR_REDIRECT] WARNING: Couldn't flush system prefs: java.util.prefs.BackingStoreException: Couldn't get file lock.
2026-08-18 00:43:42,774 [ERROR] LogOutputStream:75 - [STDERR_REDIRECT] 
2026-08-18 00:44:12,774 [ERROR] LogOutputStream:75 - [STDERR_REDIRECT] Aug 18, 2026 12:44:12 AM java.util.prefs.FileSystemPreferences checkLockFile0ErrorCode
2026-08-18 00:44:12,774 [ERROR] LogOutputStream:75 - [STDERR_REDIRECT] WARNING: Could not lock System prefs. Unix error code 5.
2026-08-18 00:44:12,774 [ERROR] LogOutputStream:75 - [STDERR_REDIRECT] 
2026-08-18 00:44:12,774 [ERROR] LogOutputStream:75 - [STDERR_REDIRECT] Aug 18, 2026 12:44:12 AM java.util.prefs.FileSystemPreferences syncWorld
2026-08-18 00:44:12,774 [ERROR] LogOutputStream:75 - [STDERR_REDIRECT] WARNING: Couldn't flush system prefs: java.util.prefs.BackingStoreException: Couldn't get file lock.
2026-08-18 00:44:12,774 [ERROR] LogOutputStream:75 - [STDERR_REDIRECT] 
2026-08-18 00:44:42,774 [ERROR] LogOutputStream:75 - [STDERR_REDIRECT] Aug 18, 2026 12:44:42 AM java.util.prefs.FileSystemPreferences checkLockFile0ErrorCode
2026-08-18 00:44:42,774 [ERROR] LogOutputStream:75 - [STDERR_REDIRECT] WARNING: Could not lock System prefs. Unix error code 5.
2026-08-18 00:44:42,774 [ERROR] LogOutputStream:75 - [STDERR_REDIRECT] 
2026-08-18 00:44:42,775 [ERROR] LogOutputStream:75 - [STDERR_REDIRECT] Aug 18, 2026 12:44:42 AM java.util.prefs.FileSystemPreferences syncWorld
2026-08-18 00:44:42,775 [ERROR] LogOutputStream:75 - [STDERR_REDIRECT] WARNING: Couldn't flush system prefs: java.util.prefs.BackingStoreException: Couldn't get file lock.
2026-08-18 00:44:42,775 [ERROR] LogOutputStream:75 - [STDERR_REDIRECT] 
2026-08-18 00:45:12,775 [ERROR] LogOutputStream:75 - [STDERR_REDIRECT] Aug 18, 2026 12:45:12 AM java.util.prefs.FileSystemPreferences checkLockFile0ErrorCode
2026-08-18 00:45:12,775 [ERROR] LogOutputStream:75 - [STDERR_REDIRECT] WARNING: Could not lock System prefs. Unix error code 5.
2026-08-18 00:45:12,775 [ERROR] LogOutputStream:75 - [STDERR_REDIRECT] 
2026-08-18 00:45:12,775 [ERROR] LogOutputStream:75 - [STDERR_REDIRECT] Aug 18, 2026 12:45:12 AM java.util.prefs.FileSystemPreferences syncWorld
2026-08-18 00:45:12,775 [ERROR] LogOutputStream:75 - [STDERR_REDIRECT] WARNING: Couldn't flush system prefs: java.util.prefs.BackingStoreException: Couldn't get file lock.
2026-08-18 00:45:12,775 [ERROR] LogOutputStream:75 - [STDERR_REDIRECT] 
2026-08-18 00:45:42,774 [ERROR] LogOutputStream:75 - [STDERR_REDIRECT] Aug 18, 2026 12:45:42 AM java.util.prefs.FileSystemPreferences checkLockFile0ErrorCode
2026-08-18 00:45:42,774 [ERROR] LogOutputStream:75 - [STDERR_REDIRECT] WARNING: Could not lock System prefs. Unix error code 5.
2026-08-18 00:45:42,774 [ERROR] LogOutputStream:75 - [STDERR_REDIRECT] 
2026-08-18 00:45:42,775 [ERROR] LogOutputStream:75 - [STDERR_REDIRECT] Aug 18, 2026 12:45:42 AM java.util.prefs.FileSystemPreferences syncWorld
2026-08-18 00:45:42,775 [ERROR] LogOutputStream:75 - [STDERR_REDIRECT] WARNING: Couldn't flush system prefs: java.util.prefs.BackingStoreException: Couldn't get file lock.
2026-08-18 00:45:42,775 [ERROR] LogOutputStream:75 - [STDERR_REDIRECT] 
2026-08-18 00:46:12,774 [ERROR] LogOutputStream:75 - [STDERR_REDIRECT] Aug 18, 2026 12:46:12 AM java.util.prefs.FileSystemPreferences checkLockFile0ErrorCode
2026-08-18 00:46:12,775 [ERROR] LogOutputStream:75 - [STDERR_REDIRECT] WARNING: Could not lock System prefs. Unix error code 5.
2026-08-18 00:46:12,775 [ERROR] LogOutputStream:75 - [STDERR_REDIRECT] 
2026-08-18 00:46:12,775 [ERROR] LogOutputStream:75 - [STDERR_REDIRECT] Aug 18, 2026 12:46:12 AM java.util.prefs.FileSystemPreferences syncWorld
2026-08-18 00:46:12,775 [ERROR] LogOutputStream:75 - [STDERR_REDIRECT] WARNING: Couldn't flush system prefs: java.util.prefs.BackingStoreException: Couldn't get file lock.
2026-08-18 00:46:12,775 [ERROR] LogOutputStream:75 - [STDERR_REDIRECT] 
2026-08-18 00:46:42,775 [ERROR] LogOutputStream:75 - [STDERR_REDIRECT] Aug 18, 2026 12:46:42 AM java.util.prefs.FileSystemPreferences checkLockFile0ErrorCode
2026-08-18 00:46:42,775 [ERROR] LogOutputStream:75 - [STDERR_REDIRECT] WARNING: Could not lock System prefs. Unix error code 5.
2026-08-18 00:46:42,775 [ERROR] LogOutputStream:75 - [STDERR_REDIRECT] 
2026-08-18 00:46:42,775 [ERROR] LogOutputStream:75 - [STDERR_REDIRECT] Aug 18, 2026 12:46:42 AM java.util.prefs.FileSystemPreferences syncWorld
2026-08-18 00:46:42,775 [ERROR] LogOutputStream:75 - [STDERR_REDIRECT] WARNING: Couldn't flush system prefs: java.util.prefs.BackingStoreException: Couldn't get file lock.
2026-08-18 00:46:42,775 [ERROR] LogOutputStream:75 - [STDERR_REDIRECT] 
2026-08-18 00:47:12,775 [ERROR] LogOutputStream:75 - [STDERR_REDIRECT] Aug 18, 2026 12:47:12 AM java.util.prefs.FileSystemPreferences checkLockFile0ErrorCode
2026-08-18 00:47:12,775 [ERROR] LogOutputStream:75 - [STDERR_REDIRECT] WARNING: Could not lock System prefs. Unix error code 5.
2026-08-18 00:47:12,775 [ERROR] LogOutputStream:75 - [STDERR_REDIRECT] 
2026-08-18 00:47:12,775 [ERROR] LogOutputStream:75 - [STDERR_REDIRECT] Aug 18, 2026 12:47:12 AM java.util.prefs.FileSystemPreferences syncWorld
2026-08-18 00:47:12,775 [ERROR] LogOutputStream:75 - [STDERR_REDIRECT] WARNING: Couldn't flush system prefs: java.util.prefs.BackingStoreException: Couldn't get file lock.
2026-08-18 00:47:12,776 [ERROR] LogOutputStream:75 - [STDERR_REDIRECT] 
2026-08-18 00:47:42,774 [ERROR] LogOutputStream:75 - [STDERR_REDIRECT] Aug 18, 2026 12:47:42 AM java.util.prefs.FileSystemPreferences checkLockFile0ErrorCode
2026-08-18 00:47:42,774 [ERROR] LogOutputStream:75 - [STDERR_REDIRECT] WARNING: Could not lock System prefs. Unix error code 5.
2026-08-18 00:47:42,775 [ERROR] LogOutputStream:75 - [STDERR_REDIRECT] 
2026-08-18 00:47:42,775 [ERROR] LogOutputStream:75 - [STDERR_REDIRECT] Aug 18, 2026 12:47:42 AM java.util.prefs.FileSystemPreferences syncWorld
2026-08-18 00:47:42,775 [ERROR] LogOutputStream:75 - [STDERR_REDIRECT] WARNING: Couldn't flush system prefs: java.util.prefs.BackingStoreException: Couldn't get file lock.
2026-08-18 00:47:42,775 [ERROR] LogOutputStream:75 - [STDERR_REDIRECT] 
2026-08-18 00:48:12,775 [ERROR] LogOutputStream:75 - [STDERR_REDIRECT] Aug 18, 2026 12:48:12 AM java.util.prefs.FileSystemPreferences checkLockFile0ErrorCode
2026-08-18 00:48:12,775 [ERROR] LogOutputStream:75 - [STDERR_REDIRECT] WARNING: Could not lock System prefs. Unix error code 5.
2026-08-18 00:48:12,775 [ERROR] LogOutputStream:75 - [STDERR_REDIRECT] 
2026-08-18 00:48:12,776 [ERROR] LogOutputStream:75 - [STDERR_REDIRECT] Aug 18, 2026 12:48:12 AM java.util.prefs.FileSystemPreferences syncWorld
2026-08-18 00:48:12,776 [ERROR] LogOutputStream:75 - [STDERR_REDIRECT] WARNING: Couldn't flush system prefs: java.util.prefs.BackingStoreException: Couldn't get file lock.
2026-08-18 00:48:12,776 [ERROR] LogOutputStream:75 - [STDERR_REDIRECT] 
2026-08-18 00:48:42,775 [ERROR] LogOutputStream:75 - [STDERR_REDIRECT] Aug 18, 2026 12:48:42 AM java.util.prefs.FileSystemPreferences checkLockFile0ErrorCode
2026-08-18 00:48:42,775 [ERROR] LogOutputStream:75 - [STDERR_REDIRECT] WARNING: Could not lock System prefs. Unix error code 5.
2026-08-18 00:48:42,775 [ERROR] LogOutputStream:75 - [STDERR_REDIRECT] 
2026-08-18 00:48:42,775 [ERROR] LogOutputStream:75 - [STDERR_REDIRECT] Aug 18, 2026 12:48:42 AM java.util.prefs.FileSystemPreferences syncWorld
2026-08-18 00:48:42,775 [ERROR] LogOutputStream:75 - [STDERR_REDIRECT] WARNING: Couldn't flush system prefs: java.util.prefs.BackingStoreException: Couldn't get file lock.
2026-08-18 00:48:42,775 [ERROR] LogOutputStream:75 - [STDERR_REDIRECT] 
2026-08-18 00:49:12,776 [ERROR] LogOutputStream:75 - [STDERR_REDIRECT] Aug 18, 2026 12:49:12 AM java.util.prefs.FileSystemPreferences checkLockFile0ErrorCode
2026-08-18 00:49:12,776 [ERROR] LogOutputStream:75 - [STDERR_REDIRECT] WARNING: Could not lock System prefs. Unix error code 5.
2026-08-18 00:49:12,776 [ERROR] LogOutputStream:75 - [STDERR_REDIRECT] 
2026-08-18 00:49:12,776 [ERROR] LogOutputStream:75 - [STDERR_REDIRECT] Aug 18, 2026 12:49:12 AM java.util.prefs.FileSystemPreferences syncWorld
2026-08-18 00:49:12,777 [ERROR] LogOutputStream:75 - [STDERR_REDIRECT] WARNING: Couldn't flush system prefs: java.util.prefs.BackingStoreException: Couldn't get file lock.
2026-08-18 00:49:12,777 [ERROR] LogOutputStream:75 - [STDERR_REDIRECT] 
2026-08-18 00:49:42,775 [ERROR] LogOutputStream:75 - [STDERR_REDIRECT] Aug 18, 2026 12:49:42 AM java.util.prefs.FileSystemPreferences checkLockFile0ErrorCode
2026-08-18 00:49:42,775 [ERROR] LogOutputStream:75 - [STDERR_REDIRECT] WARNING: Could not lock System prefs. Unix error code 5.
2026-08-18 00:49:42,775 [ERROR] LogOutputStream:75 - [STDERR_REDIRECT] 
2026-08-18 00:49:42,775 [ERROR] LogOutputStream:75 - [STDERR_REDIRECT] Aug 18, 2026 12:49:42 AM java.util.prefs.FileSystemPreferences syncWorld
2026-08-18 00:49:42,775 [ERROR] LogOutputStream:75 - [STDERR_REDIRECT] WARNING: Couldn't flush system prefs: java.util.prefs.BackingStoreException: Couldn't get file lock.
2026-08-18 00:49:42,775 [ERROR] LogOutputStream:75 - [STDERR_REDIRECT] 
2026-08-18 00:50:12,775 [ERROR] LogOutputStream:75 - [STDERR_REDIRECT] Aug 18, 2026 12:50:12 AM java.util.prefs.FileSystemPreferences checkLockFile0ErrorCode
2026-08-18 00:50:12,776 [ERROR] LogOutputStream:75 - [STDERR_REDIRECT] WARNING: Could not lock System prefs. Unix error code 5.
2026-08-18 00:50:12,776 [ERROR] LogOutputStream:75 - [STDERR_REDIRECT] 
2026-08-18 00:50:12,776 [ERROR] LogOutputStream:75 - [STDERR_REDIRECT] Aug 18, 2026 12:50:12 AM java.util.prefs.FileSystemPreferences syncWorld
2026-08-18 00:50:12,776 [ERROR] LogOutputStream:75 - [STDERR_REDIRECT] WARNING: Couldn't flush system prefs: java.util.prefs.BackingStoreException: Couldn't get file lock.
2026-08-18 00:50:12,776 [ERROR] LogOutputStream:75 - [STDERR_REDIRECT] 
2026-08-18 00:50:42,775 [ERROR] LogOutputStream:75 - [STDERR_REDIRECT] Aug 18, 2026 12:50:42 AM java.util.prefs.FileSystemPreferences checkLockFile0ErrorCode
2026-08-18 00:50:42,775 [ERROR] LogOutputStream:75 - [STDERR_REDIRECT] WARNING: Could not lock System prefs. Unix error code 5.
2026-08-18 00:50:42,775 [ERROR] LogOutputStream:75 - [STDERR_REDIRECT] 
2026-08-18 00:50:42,775 [ERROR] LogOutputStream:75 - [STDERR_REDIRECT] Aug 18, 2026 12:50:42 AM java.util.prefs.FileSystemPreferences syncWorld
2026-08-18 00:50:42,775 [ERROR] LogOutputStream:75 - [STDERR_REDIRECT] WARNING: Couldn't flush system prefs: java.util.prefs.BackingStoreException: Couldn't get file lock.
2026-08-18 00:50:42,775 [ERROR] LogOutputStream:75 - [STDERR_REDIRECT] 
2026-08-18 00:51:12,775 [ERROR] LogOutputStream:75 - [STDERR_REDIRECT] Aug 18, 2026 12:51:12 AM java.util.prefs.FileSystemPreferences checkLockFile0ErrorCode
2026-08-18 00:51:12,775 [ERROR] LogOutputStream:75 - [STDERR_REDIRECT] WARNING: Could not lock System prefs. Unix error code 5.
2026-08-18 00:51:12,775 [ERROR] LogOutputStream:75 - [STDERR_REDIRECT] 
2026-08-18 00:51:12,775 [ERROR] LogOutputStream:75 - [STDERR_REDIRECT] Aug 18, 2026 12:51:12 AM java.util.prefs.FileSystemPreferences syncWorld
2026-08-18 00:51:12,776 [ERROR] LogOutputStream:75 - [STDERR_REDIRECT] WARNING: Couldn't flush system prefs: java.util.prefs.BackingStoreException: Couldn't get file lock.
2026-08-18 00:51:12,776 [ERROR] LogOutputStream:75 - [STDERR_REDIRECT] 
2026-08-18 00:51:42,775 [ERROR] LogOutputStream:75 - [STDERR_REDIRECT] Aug 18, 2026 12:51:42 AM java.util.prefs.FileSystemPreferences checkLockFile0ErrorCode
2026-08-18 00:51:42,775 [ERROR] LogOutputStream:75 - [STDERR_REDIRECT] WARNING: Could not lock System prefs. Unix error code 5.
2026-08-18 00:51:42,775 [ERROR] LogOutputStream:75 - [STDERR_REDIRECT] 
2026-08-18 00:51:42,775 [ERROR] LogOutputStream:75 - [STDERR_REDIRECT] Aug 18, 2026 12:51:42 AM java.util.prefs.FileSystemPreferences syncWorld
2026-08-18 00:51:42,775 [ERROR] LogOutputStream:75 - [STDERR_REDIRECT] WARNING: Couldn't flush system prefs: java.util.prefs.BackingStoreException: Couldn't get file lock.
2026-08-18 00:51:42,775 [ERROR] LogOutputStream:75 - [STDERR_REDIRECT] 
2026-08-18 00:52:12,775 [ERROR] LogOutputStream:75 - [STDERR_REDIRECT] Aug 18, 2026 12:52:12 AM java.util.prefs.FileSystemPreferences checkLockFile0ErrorCode
2026-08-18 00:52:12,775 [ERROR] LogOutputStream:75 - [STDERR_REDIRECT] WARNING: Could not lock System prefs. Unix error code 5.
2026-08-18 00:52:12,775 [ERROR] LogOutputStream:75 - [STDERR_REDIRECT] 
2026-08-18 00:52:12,776 [ERROR] LogOutputStream:75 - [STDERR_REDIRECT] Aug 18, 2026 12:52:12 AM java.util.prefs.FileSystemPreferences syncWorld
2026-08-18 00:52:12,776 [ERROR] LogOutputStream:75 - [STDERR_REDIRECT] WARNING: Couldn't flush system prefs: java.util.prefs.BackingStoreException: Couldn't get file lock.
2026-08-18 00:52:12,776 [ERROR] LogOutputStream:75 - [STDERR_REDIRECT] 
2026-08-18 00:52:42,777 [ERROR] LogOutputStream:75 - [STDERR_REDIRECT] Aug 18, 2026 12:52:42 AM java.util.prefs.FileSystemPreferences checkLockFile0ErrorCode
2026-08-18 00:52:42,778 [ERROR] LogOutputStream:75 - [STDERR_REDIRECT] WARNING: Could not lock System prefs. Unix error code 5.
2026-08-18 00:52:42,778 [ERROR] LogOutputStream:75 - [STDERR_REDIRECT] 
2026-08-18 00:52:42,778 [ERROR] LogOutputStream:75 - [STDERR_REDIRECT] Aug 18, 2026 12:52:42 AM java.util.prefs.FileSystemPreferences syncWorld
2026-08-18 00:52:42,778 [ERROR] LogOutputStream:75 - [STDERR_REDIRECT] WARNING: Couldn't flush system prefs: java.util.prefs.BackingStoreException: Couldn't get file lock.
2026-08-18 00:52:42,778 [ERROR] LogOutputStream:75 - [STDERR_REDIRECT] 
2026-08-18 00:53:12,776 [ERROR] LogOutputStream:75 - [STDERR_REDIRECT] Aug 18, 2026 12:53:12 AM java.util.prefs.FileSystemPreferences checkLockFile0ErrorCode
2026-08-18 00:53:12,776 [ERROR] LogOutputStream:75 - [STDERR_REDIRECT] WARNING: Could not lock System prefs. Unix error code 5.
2026-08-18 00:53:12,777 [ERROR] LogOutputStream:75 - [STDERR_REDIRECT] 
2026-08-18 00:53:12,777 [ERROR] LogOutputStream:75 - [STDERR_REDIRECT] Aug 18, 2026 12:53:12 AM java.util.prefs.FileSystemPreferences syncWorld
2026-08-18 00:53:12,777 [ERROR] LogOutputStream:75 - [STDERR_REDIRECT] WARNING: Couldn't flush system prefs: java.util.prefs.BackingStoreException: Couldn't get file lock.
2026-08-18 00:53:12,777 [ERROR] LogOutputStream:75 - [STDERR_REDIRECT] 
2026-08-18 00:53:42,776 [ERROR] LogOutputStream:75 - [STDERR_REDIRECT] Aug 18, 2026 12:53:42 AM java.util.prefs.FileSystemPreferences checkLockFile0ErrorCode
2026-08-18 00:53:42,776 [ERROR] LogOutputStream:75 - [STDERR_REDIRECT] WARNING: Could not lock System prefs. Unix error code 5.
2026-08-18 00:53:42,776 [ERROR] LogOutputStream:75 - [STDERR_REDIRECT] 
2026-08-18 00:53:42,777 [ERROR] LogOutputStream:75 - [STDERR_REDIRECT] Aug 18, 2026 12:53:42 AM java.util.prefs.FileSystemPreferences syncWorld
2026-08-18 00:53:42,777 [ERROR] LogOutputStream:75 - [STDERR_REDIRECT] WARNING: Couldn't flush system prefs: java.util.prefs.BackingStoreException: Couldn't get file lock.
2026-08-18 00:53:42,777 [ERROR] LogOutputStream:75 - [STDERR_REDIRECT] 
2026-08-18 00:54:12,775 [ERROR] LogOutputStream:75 - [STDERR_REDIRECT] Aug 18, 2026 12:54:12 AM java.util.prefs.FileSystemPreferences checkLockFile0ErrorCode
2026-08-18 00:54:12,776 [ERROR] LogOutputStream:75 - [STDERR_REDIRECT] WARNING: Could not lock System prefs. Unix error code 5.
2026-08-18 00:54:12,776 [ERROR] LogOutputStream:75 - [STDERR_REDIRECT] 
2026-08-18 00:54:12,776 [ERROR] LogOutputStream:75 - [STDERR_REDIRECT] Aug 18, 2026 12:54:12 AM java.util.prefs.FileSystemPreferences syncWorld
2026-08-18 00:54:12,776 [ERROR] LogOutputStream:75 - [STDERR_REDIRECT] WARNING: Couldn't flush system prefs: java.util.prefs.BackingStoreException: Couldn't get file lock.
2026-08-18 00:54:12,776 [ERROR] LogOutputStream:75 - [STDERR_REDIRECT] 
2026-08-18 00:54:42,776 [ERROR] LogOutputStream:75 - [STDERR_REDIRECT] Aug 18, 2026 12:54:42 AM java.util.prefs.FileSystemPreferences checkLockFile0ErrorCode
2026-08-18 00:54:42,776 [ERROR] LogOutputStream:75 - [STDERR_REDIRECT] WARNING: Could not lock System prefs. Unix error code 5.
2026-08-18 00:54:42,776 [ERROR] LogOutputStream:75 - [STDERR_REDIRECT] 
2026-08-18 00:54:42,776 [ERROR] LogOutputStream:75 - [STDERR_REDIRECT] Aug 18, 2026 12:54:42 AM java.util.prefs.FileSystemPreferences syncWorld
2026-08-18 00:54:42,776 [ERROR] LogOutputStream:75 - [STDERR_REDIRECT] WARNING: Couldn't flush system prefs: java.util.prefs.BackingStoreException: Couldn't get file lock.
2026-08-18 00:54:42,777 [ERROR] LogOutputStream:75 - [STDERR_REDIRECT] 
2026-08-18 00:55:12,775 [ERROR] LogOutputStream:75 - [STDERR_REDIRECT] Aug 18, 2026 12:55:12 AM java.util.prefs.FileSystemPreferences checkLockFile0ErrorCode
2026-08-18 00:55:12,775 [ERROR] LogOutputStream:75 - [STDERR_REDIRECT] WARNING: Could not lock System prefs. Unix error code 5.
2026-08-18 00:55:12,776 [ERROR] LogOutputStream:75 - [STDERR_REDIRECT] 
2026-08-18 00:55:12,776 [ERROR] LogOutputStream:75 - [STDERR_REDIRECT] Aug 18, 2026 12:55:12 AM java.util.prefs.FileSystemPreferences syncWorld
2026-08-18 00:55:12,776 [ERROR] LogOutputStream:75 - [STDERR_REDIRECT] WARNING: Couldn't flush system prefs: java.util.prefs.BackingStoreException: Couldn't get file lock.
2026-08-18 00:55:12,776 [ERROR] LogOutputStream:75 - [STDERR_REDIRECT] 
2026-08-18 00:55:42,776 [ERROR] LogOutputStream:75 - [STDERR_REDIRECT] Aug 18, 2026 12:55:42 AM java.util.prefs.FileSystemPreferences checkLockFile0ErrorCode
2026-08-18 00:55:42,776 [ERROR] LogOutputStream:75 - [STDERR_REDIRECT] WARNING: Could not lock System prefs. Unix error code 5.
2026-08-18 00:55:42,776 [ERROR] LogOutputStream:75 - [STDERR_REDIRECT] 
2026-08-18 00:55:42,776 [ERROR] LogOutputStream:75 - [STDERR_REDIRECT] Aug 18, 2026 12:55:42 AM java.util.prefs.FileSystemPreferences syncWorld
2026-08-18 00:55:42,776 [ERROR] LogOutputStream:75 - [STDERR_REDIRECT] WARNING: Couldn't flush system prefs: java.util.prefs.BackingStoreException: Couldn't get file lock.
2026-08-18 00:55:42,776 [ERROR] LogOutputStream:75 - [STDERR_REDIRECT] 
2026-08-18 00:56:12,776 [ERROR] LogOutputStream:75 - [STDERR_REDIRECT] Aug 18, 2026 12:56:12 AM java.util.prefs.FileSystemPreferences checkLockFile0ErrorCode
2026-08-18 00:56:12,776 [ERROR] LogOutputStream:75 - [STDERR_REDIRECT] WARNING: Could not lock System prefs. Unix error code 5.
2026-08-18 00:56:12,776 [ERROR] LogOutputStream:75 - [STDERR_REDIRECT] 
2026-08-18 00:56:12,776 [ERROR] LogOutputStream:75 - [STDERR_REDIRECT] Aug 18, 2026 12:56:12 AM java.util.prefs.FileSystemPreferences syncWorld
2026-08-18 00:56:12,777 [ERROR] LogOutputStream:75 - [STDERR_REDIRECT] WARNING: Couldn't flush system prefs: java.util.prefs.BackingStoreException: Couldn't get file lock.
2026-08-18 00:56:12,777 [ERROR] LogOutputStream:75 - [STDERR_REDIRECT] 
2026-08-18 00:56:42,775 [ERROR] LogOutputStream:75 - [STDERR_REDIRECT] Aug 18, 2026 12:56:42 AM java.util.prefs.FileSystemPreferences checkLockFile0ErrorCode
2026-08-18 00:56:42,776 [ERROR] LogOutputStream:75 - [STDERR_REDIRECT] WARNING: Could not lock System prefs. Unix error code 5.
2026-08-18 00:56:42,776 [ERROR] LogOutputStream:75 - [STDERR_REDIRECT] 
2026-08-18 00:56:42,776 [ERROR] LogOutputStream:75 - [STDERR_REDIRECT] Aug 18, 2026 12:56:42 AM java.util.prefs.FileSystemPreferences syncWorld
2026-08-18 00:56:42,776 [ERROR] LogOutputStream:75 - [STDERR_REDIRECT] WARNING: Couldn't flush system prefs: java.util.prefs.BackingStoreException: Couldn't get file lock.
2026-08-18 00:56:42,776 [ERROR] LogOutputStream:75 - [STDERR_REDIRECT] 
2026-08-18 00:57:12,776 [ERROR] LogOutputStream:75 - [STDERR_REDIRECT] Aug 18, 2026 12:57:12 AM java.util.prefs.FileSystemPreferences checkLockFile0ErrorCode
2026-08-18 00:57:12,776 [ERROR] LogOutputStream:75 - [STDERR_REDIRECT] WARNING: Could not lock System prefs. Unix error code 5.
2026-08-18 00:57:12,776 [ERROR] LogOutputStream:75 - [STDERR_REDIRECT] 
2026-08-18 00:57:12,776 [ERROR] LogOutputStream:75 - [STDERR_REDIRECT] Aug 18, 2026 12:57:12 AM java.util.prefs.FileSystemPreferences syncWorld
2026-08-18 00:57:12,776 [ERROR] LogOutputStream:75 - [STDERR_REDIRECT] WARNING: Couldn't flush system prefs: java.util.prefs.BackingStoreException: Couldn't get file lock.
2026-08-18 00:57:12,777 [ERROR] LogOutputStream:75 - [STDERR_REDIRECT] 
2026-08-18 00:57:42,775 [ERROR] LogOutputStream:75 - [STDERR_REDIRECT] Aug 18, 2026 12:57:42 AM java.util.prefs.FileSystemPreferences checkLockFile0ErrorCode
2026-08-18 00:57:42,776 [ERROR] LogOutputStream:75 - [STDERR_REDIRECT] WARNING: Could not lock System prefs. Unix error code 5.
2026-08-18 00:57:42,776 [ERROR] LogOutputStream:75 - [STDERR_REDIRECT] 
2026-08-18 00:57:42,776 [ERROR] LogOutputStream:75 - [STDERR_REDIRECT] Aug 18, 2026 12:57:42 AM java.util.prefs.FileSystemPreferences syncWorld
2026-08-18 00:57:42,776 [ERROR] LogOutputStream:75 - [STDERR_REDIRECT] WARNING: Couldn't flush system prefs: java.util.prefs.BackingStoreException: Couldn't get file lock.
2026-08-18 00:57:42,776 [ERROR] LogOutputStream:75 - [STDERR_REDIRECT] 
2026-08-18 00:58:12,776 [ERROR] LogOutputStream:75 - [STDERR_REDIRECT] Aug 18, 2026 12:58:12 AM java.util.prefs.FileSystemPreferences checkLockFile0ErrorCode
2026-08-18 00:58:12,776 [ERROR] LogOutputStream:75 - [STDERR_REDIRECT] WARNING: Could not lock System prefs. Unix error code 5.
2026-08-18 00:58:12,776 [ERROR] LogOutputStream:75 - [STDERR_REDIRECT] 
2026-08-18 00:58:12,776 [ERROR] LogOutputStream:75 - [STDERR_REDIRECT] Aug 18, 2026 12:58:12 AM java.util.prefs.FileSystemPreferences syncWorld
2026-08-18 00:58:12,776 [ERROR] LogOutputStream:75 - [STDERR_REDIRECT] WARNING: Couldn't flush system prefs: java.util.prefs.BackingStoreException: Couldn't get file lock.
2026-08-18 00:58:12,776 [ERROR] LogOutputStream:75 - [STDERR_REDIRECT] 
2026-08-18 00:58:42,776 [ERROR] LogOutputStream:75 - [STDERR_REDIRECT] Aug 18, 2026 12:58:42 AM java.util.prefs.FileSystemPreferences checkLockFile0ErrorCode
2026-08-18 00:58:42,776 [ERROR] LogOutputStream:75 - [STDERR_REDIRECT] WARNING: Could not lock System prefs. Unix error code 5.
2026-08-18 00:58:42,777 [ERROR] LogOutputStream:75 - [STDERR_REDIRECT] 
2026-08-18 00:58:42,777 [ERROR] LogOutputStream:75 - [STDERR_REDIRECT] Aug 18, 2026 12:58:42 AM java.util.prefs.FileSystemPreferences syncWorld
2026-08-18 00:58:42,777 [ERROR] LogOutputStream:75 - [STDERR_REDIRECT] WARNING: Couldn't flush system prefs: java.util.prefs.BackingStoreException: Couldn't get file lock.
2026-08-18 00:58:42,777 [ERROR] LogOutputStream:75 - [STDERR_REDIRECT] 
2026-08-18 00:59:12,777 [ERROR] LogOutputStream:75 - [STDERR_REDIRECT] Aug 18, 2026 12:59:12 AM java.util.prefs.FileSystemPreferences checkLockFile0ErrorCode
2026-08-18 00:59:12,777 [ERROR] LogOutputStream:75 - [STDERR_REDIRECT] WARNING: Could not lock System prefs. Unix error code 5.
2026-08-18 00:59:12,778 [ERROR] LogOutputStream:75 - [STDERR_REDIRECT] 
2026-08-18 00:59:12,778 [ERROR] LogOutputStream:75 - [STDERR_REDIRECT] Aug 18, 2026 12:59:12 AM java.util.prefs.FileSystemPreferences syncWorld
2026-08-18 00:59:12,778 [ERROR] LogOutputStream:75 - [STDERR_REDIRECT] WARNING: Couldn't flush system prefs: java.util.prefs.BackingStoreException: Couldn't get file lock.
2026-08-18 00:59:12,778 [ERROR] LogOutputStream:75 - [STDERR_REDIRECT] 
2026-08-18 00:59:42,777 [ERROR] LogOutputStream:75 - [STDERR_REDIRECT] Aug 18, 2026 12:59:42 AM java.util.prefs.FileSystemPreferences checkLockFile0ErrorCode
2026-08-18 00:59:42,777 [ERROR] LogOutputStream:75 - [STDERR_REDIRECT] WARNING: Could not lock System prefs. Unix error code 5.
2026-08-18 00:59:42,777 [ERROR] LogOutputStream:75 - [STDERR_REDIRECT] 
2026-08-18 00:59:42,777 [ERROR] LogOutputStream:75 - [STDERR_REDIRECT] Aug 18, 2026 12:59:42 AM java.util.prefs.FileSystemPreferences syncWorld
2026-08-18 00:59:42,777 [ERROR] LogOutputStream:75 - [STDERR_REDIRECT] WARNING: Couldn't flush system prefs: java.util.prefs.BackingStoreException: Couldn't get file lock.
2026-08-18 00:59:42,777 [ERROR] LogOutputStream:75 - [STDERR_REDIRECT] 
2026-08-18 01:00:12,777 [ERROR] LogOutputStream:75 - [STDERR_REDIRECT] Aug 18, 2026 1:00:12 AM java.util.prefs.FileSystemPreferences checkLockFile0ErrorCode
2026-08-18 01:00:12,777 [ERROR] LogOutputStream:75 - [STDERR_REDIRECT] WARNING: Could not lock System prefs. Unix error code 5.
2026-08-18 01:00:12,777 [ERROR] LogOutputStream:75 - [STDERR_REDIRECT] 
2026-08-18 01:00:12,778 [ERROR] LogOutputStream:75 - [STDERR_REDIRECT] Aug 18, 2026 1:00:12 AM java.util.prefs.FileSystemPreferences syncWorld
2026-08-18 01:00:12,778 [ERROR] LogOutputStream:75 - [STDERR_REDIRECT] WARNING: Couldn't flush system prefs: java.util.prefs.BackingStoreException: Couldn't get file lock.
2026-08-18 01:00:12,778 [ERROR] LogOutputStream:75 - [STDERR_REDIRECT] 
2026-08-18 01:00:42,778 [ERROR] LogOutputStream:75 - [STDERR_REDIRECT] Aug 18, 2026 1:00:42 AM java.util.prefs.FileSystemPreferences checkLockFile0ErrorCode
2026-08-18 01:00:42,778 [ERROR] LogOutputStream:75 - [STDERR_REDIRECT] WARNING: Could not lock System prefs. Unix error code 5.
2026-08-18 01:00:42,778 [ERROR] LogOutputStream:75 - [STDERR_REDIRECT] 
2026-08-18 01:00:42,778 [ERROR] LogOutputStream:75 - [STDERR_REDIRECT] Aug 18, 2026 1:00:42 AM java.util.prefs.FileSystemPreferences syncWorld
2026-08-18 01:00:42,778 [ERROR] LogOutputStream:75 - [STDERR_REDIRECT] WARNING: Couldn't flush system prefs: java.util.prefs.BackingStoreException: Couldn't get file lock.
2026-08-18 01:00:42,778 [ERROR] LogOutputStream:75 - [STDERR_REDIRECT] 
2026-08-18 01:01:12,779 [ERROR] LogOutputStream:75 - [STDERR_REDIRECT] Aug 18, 2026 1:01:12 AM java.util.prefs.FileSystemPreferences checkLockFile0ErrorCode
2026-08-18 01:01:12,779 [ERROR] LogOutputStream:75 - [STDERR_REDIRECT] WARNING: Could not lock System prefs. Unix error code 5.
2026-08-18 01:01:12,779 [ERROR] LogOutputStream:75 - [STDERR_REDIRECT] 
2026-08-18 01:01:12,779 [ERROR] LogOutputStream:75 - [STDERR_REDIRECT] Aug 18, 2026 1:01:12 AM java.util.prefs.FileSystemPreferences syncWorld
2026-08-18 01:01:12,779 [ERROR] LogOutputStream:75 - [STDERR_REDIRECT] WARNING: Couldn't flush system prefs: java.util.prefs.BackingStoreException: Couldn't get file lock.
2026-08-18 01:01:12,779 [ERROR] LogOutputStream:75 - [STDERR_REDIRECT] 
2026-08-18 01:01:42,779 [ERROR] LogOutputStream:75 - [STDERR_REDIRECT] Aug 18, 2026 1:01:42 AM java.util.prefs.FileSystemPreferences checkLockFile0ErrorCode
2026-08-18 01:01:42,779 [ERROR] LogOutputStream:75 - [STDERR_REDIRECT] WARNING: Could not lock System prefs. Unix error code 5.
2026-08-18 01:01:42,779 [ERROR] LogOutputStream:75 - [STDERR_REDIRECT] 
2026-08-18 01:01:42,779 [ERROR] LogOutputStream:75 - [STDERR_REDIRECT] Aug 18, 2026 1:01:42 AM java.util.prefs.FileSystemPreferences syncWorld
2026-08-18 01:01:42,779 [ERROR] LogOutputStream:75 - [STDERR_REDIRECT] WARNING: Couldn't flush system prefs: java.util.prefs.BackingStoreException: Couldn't get file lock.
2026-08-18 01:01:42,779 [ERROR] LogOutputStream:75 - [STDERR_REDIRECT] 
2026-08-18 01:02:12,779 [ERROR] LogOutputStream:75 - [STDERR_REDIRECT] Aug 18, 2026 1:02:12 AM java.util.prefs.FileSystemPreferences checkLockFile0ErrorCode
2026-08-18 01:02:12,779 [ERROR] LogOutputStream:75 - [STDERR_REDIRECT] WARNING: Could not lock System prefs. Unix error code 5.
2026-08-18 01:02:12,780 [ERROR] LogOutputStream:75 - [STDERR_REDIRECT] 
2026-08-18 01:02:12,780 [ERROR] LogOutputStream:75 - [STDERR_REDIRECT] Aug 18, 2026 1:02:12 AM java.util.prefs.FileSystemPreferences syncWorld
2026-08-18 01:02:12,780 [ERROR] LogOutputStream:75 - [STDERR_REDIRECT] WARNING: Couldn't flush system prefs: java.util.prefs.BackingStoreException: Couldn't get file lock.
2026-08-18 01:02:12,780 [ERROR] LogOutputStream:75 - [STDERR_REDIRECT] 
2026-08-18 01:02:42,780 [ERROR] LogOutputStream:75 - [STDERR_REDIRECT] Aug 18, 2026 1:02:42 AM java.util.prefs.FileSystemPreferences checkLockFile0ErrorCode
2026-08-18 01:02:42,780 [ERROR] LogOutputStream:75 - [STDERR_REDIRECT] WARNING: Could not lock System prefs. Unix error code 5.
2026-08-18 01:02:42,780 [ERROR] LogOutputStream:75 - [STDERR_REDIRECT] 
2026-08-18 01:02:42,780 [ERROR] LogOutputStream:75 - [STDERR_REDIRECT] Aug 18, 2026 1:02:42 AM java.util.prefs.FileSystemPreferences syncWorld
2026-08-18 01:02:42,780 [ERROR] LogOutputStream:75 - [STDERR_REDIRECT] WARNING: Couldn't flush system prefs: java.util.prefs.BackingStoreException: Couldn't get file lock.
2026-08-18 01:02:42,780 [ERROR] LogOutputStream:75 - [STDERR_REDIRECT] 
2026-08-18 01:03:12,780 [ERROR] LogOutputStream:75 - [STDERR_REDIRECT] Aug 18, 2026 1:03:12 AM java.util.prefs.FileSystemPreferences checkLockFile0ErrorCode
2026-08-18 01:03:12,780 [ERROR] LogOutputStream:75 - [STDERR_REDIRECT] WARNING: Could not lock System prefs. Unix error code 5.
2026-08-18 01:03:12,780 [ERROR] LogOutputStream:75 - [STDERR_REDIRECT] 
2026-08-18 01:03:12,781 [ERROR] LogOutputStream:75 - [STDERR_REDIRECT] Aug 18, 2026 1:03:12 AM java.util.prefs.FileSystemPreferences syncWorld
2026-08-18 01:03:12,781 [ERROR] LogOutputStream:75 - [STDERR_REDIRECT] WARNING: Couldn't flush system prefs: java.util.prefs.BackingStoreException: Couldn't get file lock.
2026-08-18 01:03:12,781 [ERROR] LogOutputStream:75 - [STDERR_REDIRECT] 
2026-08-18 01:03:42,780 [ERROR] LogOutputStream:75 - [STDERR_REDIRECT] Aug 18, 2026 1:03:42 AM java.util.prefs.FileSystemPreferences checkLockFile0ErrorCode
2026-08-18 01:03:42,781 [ERROR] LogOutputStream:75 - [STDERR_REDIRECT] WARNING: Could not lock System prefs. Unix error code 5.
2026-08-18 01:03:42,781 [ERROR] LogOutputStream:75 - [STDERR_REDIRECT] 
2026-08-18 01:03:42,781 [ERROR] LogOutputStream:75 - [STDERR_REDIRECT] Aug 18, 2026 1:03:42 AM java.util.prefs.FileSystemPreferences syncWorld
2026-08-18 01:03:42,781 [ERROR] LogOutputStream:75 - [STDERR_REDIRECT] WARNING: Couldn't flush system prefs: java.util.prefs.BackingStoreException: Couldn't get file lock.
2026-08-18 01:03:42,781 [ERROR] LogOutputStream:75 - [STDERR_REDIRECT] 
2026-08-18 01:04:12,781 [ERROR] LogOutputStream:75 - [STDERR_REDIRECT] Aug 18, 2026 1:04:12 AM java.util.prefs.FileSystemPreferences checkLockFile0ErrorCode
2026-08-18 01:04:12,781 [ERROR] LogOutputStream:75 - [STDERR_REDIRECT] WARNING: Could not lock System prefs. Unix error code 5.
2026-08-18 01:04:12,781 [ERROR] LogOutputStream:75 - [STDERR_REDIRECT] 
2026-08-18 01:04:12,781 [ERROR] LogOutputStream:75 - [STDERR_REDIRECT] Aug 18, 2026 1:04:12 AM java.util.prefs.FileSystemPreferences syncWorld
2026-08-18 01:04:12,781 [ERROR] LogOutputStream:75 - [STDERR_REDIRECT] WARNING: Couldn't flush system prefs: java.util.prefs.BackingStoreException: Couldn't get file lock.
2026-08-18 01:04:12,781 [ERROR] LogOutputStream:75 - [STDERR_REDIRECT] 
2026-08-18 01:04:42,781 [ERROR] LogOutputStream:75 - [STDERR_REDIRECT] Aug 18, 2026 1:04:42 AM java.util.prefs.FileSystemPreferences checkLockFile0ErrorCode
2026-08-18 01:04:42,781 [ERROR] LogOutputStream:75 - [STDERR_REDIRECT] WARNING: Could not lock System prefs. Unix error code 5.
2026-08-18 01:04:42,781 [ERROR] LogOutputStream:75 - [STDERR_REDIRECT] 
2026-08-18 01:04:42,781 [ERROR] LogOutputStream:75 - [STDERR_REDIRECT] Aug 18, 2026 1:04:42 AM java.util.prefs.FileSystemPreferences syncWorld
2026-08-18 01:04:42,781 [ERROR] LogOutputStream:75 - [STDERR_REDIRECT] WARNING: Couldn't flush system prefs: java.util.prefs.BackingStoreException: Couldn't get file lock.
2026-08-18 01:04:42,781 [ERROR] LogOutputStream:75 - [STDERR_REDIRECT] 
2026-08-18 01:05:12,782 [ERROR] LogOutputStream:75 - [STDERR_REDIRECT] Aug 18, 2026 1:05:12 AM java.util.prefs.FileSystemPreferences checkLockFile0ErrorCode
2026-08-18 01:05:12,782 [ERROR] LogOutputStream:75 - [STDERR_REDIRECT] WARNING: Could not lock System prefs. Unix error code 5.
2026-08-18 01:05:12,782 [ERROR] LogOutputStream:75 - [STDERR_REDIRECT] 
2026-08-18 01:05:12,783 [ERROR] LogOutputStream:75 - [STDERR_REDIRECT] Aug 18, 2026 1:05:12 AM java.util.prefs.FileSystemPreferences syncWorld
2026-08-18 01:05:12,783 [ERROR] LogOutputStream:75 - [STDERR_REDIRECT] WARNING: Couldn't flush system prefs: java.util.prefs.BackingStoreException: Couldn't get file lock.
2026-08-18 01:05:12,783 [ERROR] LogOutputStream:75 - [STDERR_REDIRECT] 
2026-08-18 01:05:42,782 [ERROR] LogOutputStream:75 - [STDERR_REDIRECT] Aug 18, 2026 1:05:42 AM java.util.prefs.FileSystemPreferences checkLockFile0ErrorCode
2026-08-18 01:05:42,782 [ERROR] LogOutputStream:75 - [STDERR_REDIRECT] WARNING: Could not lock System prefs. Unix error code 5.
2026-08-18 01:05:42,782 [ERROR] LogOutputStream:75 - [STDERR_REDIRECT] 
2026-08-18 01:05:42,782 [ERROR] LogOutputStream:75 - [STDERR_REDIRECT] Aug 18, 2026 1:05:42 AM java.util.prefs.FileSystemPreferences syncWorld
2026-08-18 01:05:42,782 [ERROR] LogOutputStream:75 - [STDERR_REDIRECT] WARNING: Couldn't flush system prefs: java.util.prefs.BackingStoreException: Couldn't get file lock.
2026-08-18 01:05:42,782 [ERROR] LogOutputStream:75 - [STDERR_REDIRECT] 
2026-08-18 01:06:12,782 [ERROR] LogOutputStream:75 - [STDERR_REDIRECT] Aug 18, 2026 1:06:12 AM java.util.prefs.FileSystemPreferences checkLockFile0ErrorCode
2026-08-18 01:06:12,782 [ERROR] LogOutputStream:75 - [STDERR_REDIRECT] WARNING: Could not lock System prefs. Unix error code 5.
2026-08-18 01:06:12,783 [ERROR] LogOutputStream:75 - [STDERR_REDIRECT] 
2026-08-18 01:06:12,783 [ERROR] LogOutputStream:75 - [STDERR_REDIRECT] Aug 18, 2026 1:06:12 AM java.util.prefs.FileSystemPreferences syncWorld
2026-08-18 01:06:12,783 [ERROR] LogOutputStream:75 - [STDERR_REDIRECT] WARNING: Couldn't flush system prefs: java.util.prefs.BackingStoreException: Couldn't get file lock.
2026-08-18 01:06:12,783 [ERROR] LogOutputStream:75 - [STDERR_REDIRECT] 
2026-08-18 01:06:42,783 [ERROR] LogOutputStream:75 - [STDERR_REDIRECT] Aug 18, 2026 1:06:42 AM java.util.prefs.FileSystemPreferences checkLockFile0ErrorCode
2026-08-18 01:06:42,783 [ERROR] LogOutputStream:75 - [STDERR_REDIRECT] WARNING: Could not lock System prefs. Unix error code 5.
2026-08-18 01:06:42,783 [ERROR] LogOutputStream:75 - [STDERR_REDIRECT] 
2026-08-18 01:06:42,783 [ERROR] LogOutputStream:75 - [STDERR_REDIRECT] Aug 18, 2026 1:06:42 AM java.util.prefs.FileSystemPreferences syncWorld
2026-08-18 01:06:42,783 [ERROR] LogOutputStream:75 - [STDERR_REDIRECT] WARNING: Couldn't flush system prefs: java.util.prefs.BackingStoreException: Couldn't get file lock.
2026-08-18 01:06:42,783 [ERROR] LogOutputStream:75 - [STDERR_REDIRECT] 
2026-08-18 01:07:12,783 [ERROR] LogOutputStream:75 - [STDERR_REDIRECT] Aug 18, 2026 1:07:12 AM java.util.prefs.FileSystemPreferences checkLockFile0ErrorCode
2026-08-18 01:07:12,783 [ERROR] LogOutputStream:75 - [STDERR_REDIRECT] WARNING: Could not lock System prefs. Unix error code 5.
2026-08-18 01:07:12,783 [ERROR] LogOutputStream:75 - [STDERR_REDIRECT] 
2026-08-18 01:07:12,784 [ERROR] LogOutputStream:75 - [STDERR_REDIRECT] Aug 18, 2026 1:07:12 AM java.util.prefs.FileSystemPreferences syncWorld
2026-08-18 01:07:12,784 [ERROR] LogOutputStream:75 - [STDERR_REDIRECT] WARNING: Couldn't flush system prefs: java.util.prefs.BackingStoreException: Couldn't get file lock.
2026-08-18 01:07:12,784 [ERROR] LogOutputStream:75 - [STDERR_REDIRECT] 
2026-08-18 01:07:42,785 [ERROR] LogOutputStream:75 - [STDERR_REDIRECT] Aug 18, 2026 1:07:42 AM java.util.prefs.FileSystemPreferences checkLockFile0ErrorCode
2026-08-18 01:07:42,785 [ERROR] LogOutputStream:75 - [STDERR_REDIRECT] WARNING: Could not lock System prefs. Unix error code 5.
2026-08-18 01:07:42,785 [ERROR] LogOutputStream:75 - [STDERR_REDIRECT] 
2026-08-18 01:07:42,785 [ERROR] LogOutputStream:75 - [STDERR_REDIRECT] Aug 18, 2026 1:07:42 AM java.util.prefs.FileSystemPreferences syncWorld
2026-08-18 01:07:42,785 [ERROR] LogOutputStream:75 - [STDERR_REDIRECT] WARNING: Couldn't flush system prefs: java.util.prefs.BackingStoreException: Couldn't get file lock.
2026-08-18 01:07:42,785 [ERROR] LogOutputStream:75 - [STDERR_REDIRECT] 
2026-08-18 01:08:12,784 [ERROR] LogOutputStream:75 - [STDERR_REDIRECT] Aug 18, 2026 1:08:12 AM java.util.prefs.FileSystemPreferences checkLockFile0ErrorCode
2026-08-18 01:08:12,784 [ERROR] LogOutputStream:75 - [STDERR_REDIRECT] WARNING: Could not lock System prefs. Unix error code 5.
2026-08-18 01:08:12,784 [ERROR] LogOutputStream:75 - [STDERR_REDIRECT] 
2026-08-18 01:08:12,784 [ERROR] LogOutputStream:75 - [STDERR_REDIRECT] Aug 18, 2026 1:08:12 AM java.util.prefs.FileSystemPreferences syncWorld
2026-08-18 01:08:12,785 [ERROR] LogOutputStream:75 - [STDERR_REDIRECT] WARNING: Couldn't flush system prefs: java.util.prefs.BackingStoreException: Couldn't get file lock.
2026-08-18 01:08:12,785 [ERROR] LogOutputStream:75 - [STDERR_REDIRECT] 
2026-08-18 01:08:42,783 [ERROR] LogOutputStream:75 - [STDERR_REDIRECT] Aug 18, 2026 1:08:42 AM java.util.prefs.FileSystemPreferences checkLockFile0ErrorCode
2026-08-18 01:08:42,784 [ERROR] LogOutputStream:75 - [STDERR_REDIRECT] WARNING: Could not lock System prefs. Unix error code 5.
2026-08-18 01:08:42,784 [ERROR] LogOutputStream:75 - [STDERR_REDIRECT] 
2026-08-18 01:08:42,784 [ERROR] LogOutputStream:75 - [STDERR_REDIRECT] Aug 18, 2026 1:08:42 AM java.util.prefs.FileSystemPreferences syncWorld
2026-08-18 01:08:42,784 [ERROR] LogOutputStream:75 - [STDERR_REDIRECT] WARNING: Couldn't flush system prefs: java.util.prefs.BackingStoreException: Couldn't get file lock.
2026-08-18 01:08:42,784 [ERROR] LogOutputStream:75 - [STDERR_REDIRECT] 
2026-08-18 01:09:12,784 [ERROR] LogOutputStream:75 - [STDERR_REDIRECT] Aug 18, 2026 1:09:12 AM java.util.prefs.FileSystemPreferences checkLockFile0ErrorCode
2026-08-18 01:09:12,784 [ERROR] LogOutputStream:75 - [STDERR_REDIRECT] WARNING: Could not lock System prefs. Unix error code 5.
2026-08-18 01:09:12,784 [ERROR] LogOutputStream:75 - [STDERR_REDIRECT] 
2026-08-18 01:09:12,784 [ERROR] LogOutputStream:75 - [STDERR_REDIRECT] Aug 18, 2026 1:09:12 AM java.util.prefs.FileSystemPreferences syncWorld
2026-08-18 01:09:12,784 [ERROR] LogOutputStream:75 - [STDERR_REDIRECT] WARNING: Couldn't flush system prefs: java.util.prefs.BackingStoreException: Couldn't get file lock.
2026-08-18 01:09:12,784 [ERROR] LogOutputStream:75 - [STDERR_REDIRECT] 
2026-08-18 01:09:42,784 [ERROR] LogOutputStream:75 - [STDERR_REDIRECT] Aug 18, 2026 1:09:42 AM java.util.prefs.FileSystemPreferences checkLockFile0ErrorCode
2026-08-18 01:09:42,785 [ERROR] LogOutputStream:75 - [STDERR_REDIRECT] WARNING: Could not lock System prefs. Unix error code 5.
2026-08-18 01:09:42,785 [ERROR] LogOutputStream:75 - [STDERR_REDIRECT] 
2026-08-18 01:09:42,785 [ERROR] LogOutputStream:75 - [STDERR_REDIRECT] Aug 18, 2026 1:09:42 AM java.util.prefs.FileSystemPreferences syncWorld
2026-08-18 01:09:42,785 [ERROR] LogOutputStream:75 - [STDERR_REDIRECT] WARNING: Couldn't flush system prefs: java.util.prefs.BackingStoreException: Couldn't get file lock.
2026-08-18 01:09:42,785 [ERROR] LogOutputStream:75 - [STDERR_REDIRECT] 
2026-08-18 01:10:12,785 [ERROR] LogOutputStream:75 - [STDERR_REDIRECT] Aug 18, 2026 1:10:12 AM java.util.prefs.FileSystemPreferences checkLockFile0ErrorCode
2026-08-18 01:10:12,785 [ERROR] LogOutputStream:75 - [STDERR_REDIRECT] WARNING: Could not lock System prefs. Unix error code 5.
2026-08-18 01:10:12,785 [ERROR] LogOutputStream:75 - [STDERR_REDIRECT] 
2026-08-18 01:10:12,786 [ERROR] LogOutputStream:75 - [STDERR_REDIRECT] Aug 18, 2026 1:10:12 AM java.util.prefs.FileSystemPreferences syncWorld
2026-08-18 01:10:12,786 [ERROR] LogOutputStream:75 - [STDERR_REDIRECT] WARNING: Couldn't flush system prefs: java.util.prefs.BackingStoreException: Couldn't get file lock.
2026-08-18 01:10:12,786 [ERROR] LogOutputStream:75 - [STDERR_REDIRECT] 
2026-08-18 01:10:42,785 [ERROR] LogOutputStream:75 - [STDERR_REDIRECT] Aug 18, 2026 1:10:42 AM java.util.prefs.FileSystemPreferences checkLockFile0ErrorCode
2026-08-18 01:10:42,785 [ERROR] LogOutputStream:75 - [STDERR_REDIRECT] WARNING: Could not lock System prefs. Unix error code 5.
2026-08-18 01:10:42,785 [ERROR] LogOutputStream:75 - [STDERR_REDIRECT] 
2026-08-18 01:10:42,785 [ERROR] LogOutputStream:75 - [STDERR_REDIRECT] Aug 18, 2026 1:10:42 AM java.util.prefs.FileSystemPreferences syncWorld
2026-08-18 01:10:42,785 [ERROR] LogOutputStream:75 - [STDERR_REDIRECT] WARNING: Couldn't flush system prefs: java.util.prefs.BackingStoreException: Couldn't get file lock.
2026-08-18 01:10:42,785 [ERROR] LogOutputStream:75 - [STDERR_REDIRECT] 
2026-08-18 01:11:12,787 [ERROR] LogOutputStream:75 - [STDERR_REDIRECT] Aug 18, 2026 1:11:12 AM java.util.prefs.FileSystemPreferences checkLockFile0ErrorCode
2026-08-18 01:11:12,787 [ERROR] LogOutputStream:75 - [STDERR_REDIRECT] WARNING: Could not lock System prefs. Unix error code 5.
2026-08-18 01:11:12,787 [ERROR] LogOutputStream:75 - [STDERR_REDIRECT] 
2026-08-18 01:11:12,788 [ERROR] LogOutputStream:75 - [STDERR_REDIRECT] Aug 18, 2026 1:11:12 AM java.util.prefs.FileSystemPreferences syncWorld
2026-08-18 01:11:12,788 [ERROR] LogOutputStream:75 - [STDERR_REDIRECT] WARNING: Couldn't flush system prefs: java.util.prefs.BackingStoreException: Couldn't get file lock.
2026-08-18 01:11:12,788 [ERROR] LogOutputStream:75 - [STDERR_REDIRECT] 
2026-08-18 01:11:42,785 [ERROR] LogOutputStream:75 - [STDERR_REDIRECT] Aug 18, 2026 1:11:42 AM java.util.prefs.FileSystemPreferences checkLockFile0ErrorCode
2026-08-18 01:11:42,785 [ERROR] LogOutputStream:75 - [STDERR_REDIRECT] WARNING: Could not lock System prefs. Unix error code 5.
2026-08-18 01:11:42,785 [ERROR] LogOutputStream:75 - [STDERR_REDIRECT] 
2026-08-18 01:11:42,785 [ERROR] LogOutputStream:75 - [STDERR_REDIRECT] Aug 18, 2026 1:11:42 AM java.util.prefs.FileSystemPreferences syncWorld
2026-08-18 01:11:42,785 [ERROR] LogOutputStream:75 - [STDERR_REDIRECT] WARNING: Couldn't flush system prefs: java.util.prefs.BackingStoreException: Couldn't get file lock.
2026-08-18 01:11:42,786 [ERROR] LogOutputStream:75 - [STDERR_REDIRECT] 
2026-08-18 01:12:12,784 [ERROR] LogOutputStream:75 - [STDERR_REDIRECT] Aug 18, 2026 1:12:12 AM java.util.prefs.FileSystemPreferences checkLockFile0ErrorCode
2026-08-18 01:12:12,784 [ERROR] LogOutputStream:75 - [STDERR_REDIRECT] WARNING: Could not lock System prefs. Unix error code 5.
2026-08-18 01:12:12,784 [ERROR] LogOutputStream:75 - [STDERR_REDIRECT] 
2026-08-18 01:12:12,785 [ERROR] LogOutputStream:75 - [STDERR_REDIRECT] Aug 18, 2026 1:12:12 AM java.util.prefs.FileSystemPreferences syncWorld
2026-08-18 01:12:12,785 [ERROR] LogOutputStream:75 - [STDERR_REDIRECT] WARNING: Couldn't flush system prefs: java.util.prefs.BackingStoreException: Couldn't get file lock.
2026-08-18 01:12:12,785 [ERROR] LogOutputStream:75 - [STDERR_REDIRECT] 
2026-08-18 01:12:42,785 [ERROR] LogOutputStream:75 - [STDERR_REDIRECT] Aug 18, 2026 1:12:42 AM java.util.prefs.FileSystemPreferences checkLockFile0ErrorCode
2026-08-18 01:12:42,785 [ERROR] LogOutputStream:75 - [STDERR_REDIRECT] WARNING: Could not lock System prefs. Unix error code 5.
2026-08-18 01:12:42,785 [ERROR] LogOutputStream:75 - [STDERR_REDIRECT] 
2026-08-18 01:12:42,785 [ERROR] LogOutputStream:75 - [STDERR_REDIRECT] Aug 18, 2026 1:12:42 AM java.util.prefs.FileSystemPreferences syncWorld
2026-08-18 01:12:42,785 [ERROR] LogOutputStream:75 - [STDERR_REDIRECT] WARNING: Couldn't flush system prefs: java.util.prefs.BackingStoreException: Couldn't get file lock.
2026-08-18 01:12:42,785 [ERROR] LogOutputStream:75 - [STDERR_REDIRECT] 
2026-08-18 01:13:12,785 [ERROR] LogOutputStream:75 - [STDERR_REDIRECT] Aug 18, 2026 1:13:12 AM java.util.prefs.FileSystemPreferences checkLockFile0ErrorCode
2026-08-18 01:13:12,785 [ERROR] LogOutputStream:75 - [STDERR_REDIRECT] WARNING: Could not lock System prefs. Unix error code 5.
2026-08-18 01:13:12,785 [ERROR] LogOutputStream:75 - [STDERR_REDIRECT] 
2026-08-18 01:13:12,786 [ERROR] LogOutputStream:75 - [STDERR_REDIRECT] Aug 18, 2026 1:13:12 AM java.util.prefs.FileSystemPreferences syncWorld
2026-08-18 01:13:12,786 [ERROR] LogOutputStream:75 - [STDERR_REDIRECT] WARNING: Couldn't flush system prefs: java.util.prefs.BackingStoreException: Couldn't get file lock.
2026-08-18 01:13:12,786 [ERROR] LogOutputStream:75 - [STDERR_REDIRECT] 
2026-08-18 01:13:42,786 [ERROR] LogOutputStream:75 - [STDERR_REDIRECT] Aug 18, 2026 1:13:42 AM java.util.prefs.FileSystemPreferences checkLockFile0ErrorCode
2026-08-18 01:13:42,786 [ERROR] LogOutputStream:75 - [STDERR_REDIRECT] WARNING: Could not lock System prefs. Unix error code 5.
2026-08-18 01:13:42,786 [ERROR] LogOutputStream:75 - [STDERR_REDIRECT] 
2026-08-18 01:13:42,786 [ERROR] LogOutputStream:75 - [STDERR_REDIRECT] Aug 18, 2026 1:13:42 AM java.util.prefs.FileSystemPreferences syncWorld
2026-08-18 01:13:42,786 [ERROR] LogOutputStream:75 - [STDERR_REDIRECT] WARNING: Couldn't flush system prefs: java.util.prefs.BackingStoreException: Couldn't get file lock.
2026-08-18 01:13:42,786 [ERROR] LogOutputStream:75 - [STDERR_REDIRECT] 
2026-08-18 01:14:12,786 [ERROR] LogOutputStream:75 - [STDERR_REDIRECT] Aug 18, 2026 1:14:12 AM java.util.prefs.FileSystemPreferences checkLockFile0ErrorCode
2026-08-18 01:14:12,786 [ERROR] LogOutputStream:75 - [STDERR_REDIRECT] WARNING: Could not lock System prefs. Unix error code 5.
2026-08-18 01:14:12,786 [ERROR] LogOutputStream:75 - [STDERR_REDIRECT] 
2026-08-18 01:14:12,787 [ERROR] LogOutputStream:75 - [STDERR_REDIRECT] Aug 18, 2026 1:14:12 AM java.util.prefs.FileSystemPreferences syncWorld
2026-08-18 01:14:12,787 [ERROR] LogOutputStream:75 - [STDERR_REDIRECT] WARNING: Couldn't flush system prefs: java.util.prefs.BackingStoreException: Couldn't get file lock.
2026-08-18 01:14:12,787 [ERROR] LogOutputStream:75 - [STDERR_REDIRECT] 
2026-08-18 01:14:42,786 [ERROR] LogOutputStream:75 - [STDERR_REDIRECT] Aug 18, 2026 1:14:42 AM java.util.prefs.FileSystemPreferences checkLockFile0ErrorCode
2026-08-18 01:14:42,787 [ERROR] LogOutputStream:75 - [STDERR_REDIRECT] WARNING: Could not lock System prefs. Unix error code 5.
2026-08-18 01:14:42,787 [ERROR] LogOutputStream:75 - [STDERR_REDIRECT] 
2026-08-18 01:14:42,787 [ERROR] LogOutputStream:75 - [STDERR_REDIRECT] Aug 18, 2026 1:14:42 AM java.util.prefs.FileSystemPreferences syncWorld
2026-08-18 01:14:42,787 [ERROR] LogOutputStream:75 - [STDERR_REDIRECT] WARNING: Couldn't flush system prefs: java.util.prefs.BackingStoreException: Couldn't get file lock.
2026-08-18 01:14:42,787 [ERROR] LogOutputStream:75 - [STDERR_REDIRECT] 
2026-08-18 01:15:12,787 [ERROR] LogOutputStream:75 - [STDERR_REDIRECT] Aug 18, 2026 1:15:12 AM java.util.prefs.FileSystemPreferences checkLockFile0ErrorCode
2026-08-18 01:15:12,787 [ERROR] LogOutputStream:75 - [STDERR_REDIRECT] WARNING: Could not lock System prefs. Unix error code 5.
2026-08-18 01:15:12,787 [ERROR] LogOutputStream:75 - [STDERR_REDIRECT] 
2026-08-18 01:15:12,787 [ERROR] LogOutputStream:75 - [STDERR_REDIRECT] Aug 18, 2026 1:15:12 AM java.util.prefs.FileSystemPreferences syncWorld
2026-08-18 01:15:12,787 [ERROR] LogOutputStream:75 - [STDERR_REDIRECT] WARNING: Couldn't flush system prefs: java.util.prefs.BackingStoreException: Couldn't get file lock.
2026-08-18 01:15:12,788 [ERROR] LogOutputStream:75 - [STDERR_REDIRECT] 
2026-08-18 01:15:42,786 [ERROR] LogOutputStream:75 - [STDERR_REDIRECT] Aug 18, 2026 1:15:42 AM java.util.prefs.FileSystemPreferences checkLockFile0ErrorCode
2026-08-18 01:15:42,786 [ERROR] LogOutputStream:75 - [STDERR_REDIRECT] WARNING: Could not lock System prefs. Unix error code 5.
2026-08-18 01:15:42,786 [ERROR] LogOutputStream:75 - [STDERR_REDIRECT] 
2026-08-18 01:15:42,787 [ERROR] LogOutputStream:75 - [STDERR_REDIRECT] Aug 18, 2026 1:15:42 AM java.util.prefs.FileSystemPreferences syncWorld
2026-08-18 01:15:42,787 [ERROR] LogOutputStream:75 - [STDERR_REDIRECT] WARNING: Couldn't flush system prefs: java.util.prefs.BackingStoreException: Couldn't get file lock.
2026-08-18 01:15:42,787 [ERROR] LogOutputStream:75 - [STDERR_REDIRECT] 
2026-08-18 01:16:12,786 [ERROR] LogOutputStream:75 - [STDERR_REDIRECT] Aug 18, 2026 1:16:12 AM java.util.prefs.FileSystemPreferences checkLockFile0ErrorCode
2026-08-18 01:16:12,786 [ERROR] LogOutputStream:75 - [STDERR_REDIRECT] WARNING: Could not lock System prefs. Unix error code 5.
2026-08-18 01:16:12,787 [ERROR] LogOutputStream:75 - [STDERR_REDIRECT] 
2026-08-18 01:16:12,787 [ERROR] LogOutputStream:75 - [STDERR_REDIRECT] Aug 18, 2026 1:16:12 AM java.util.prefs.FileSystemPreferences syncWorld
2026-08-18 01:16:12,787 [ERROR] LogOutputStream:75 - [STDERR_REDIRECT] WARNING: Couldn't flush system prefs: java.util.prefs.BackingStoreException: Couldn't get file lock.
2026-08-18 01:16:12,787 [ERROR] LogOutputStream:75 - [STDERR_REDIRECT] 
2026-08-18 01:16:42,787 [ERROR] LogOutputStream:75 - [STDERR_REDIRECT] Aug 18, 2026 1:16:42 AM java.util.prefs.FileSystemPreferences checkLockFile0ErrorCode
2026-08-18 01:16:42,787 [ERROR] LogOutputStream:75 - [STDERR_REDIRECT] WARNING: Could not lock System prefs. Unix error code 5.
2026-08-18 01:16:42,787 [ERROR] LogOutputStream:75 - [STDERR_REDIRECT] 
2026-08-18 01:16:42,788 [ERROR] LogOutputStream:75 - [STDERR_REDIRECT] Aug 18, 2026 1:16:42 AM java.util.prefs.FileSystemPreferences syncWorld
2026-08-18 01:16:42,788 [ERROR] LogOutputStream:75 - [STDERR_REDIRECT] WARNING: Couldn't flush system prefs: java.util.prefs.BackingStoreException: Couldn't get file lock.
2026-08-18 01:16:42,788 [ERROR] LogOutputStream:75 - [STDERR_REDIRECT] 
2026-08-18 01:17:12,788 [ERROR] LogOutputStream:75 - [STDERR_REDIRECT] Aug 18, 2026 1:17:12 AM java.util.prefs.FileSystemPreferences checkLockFile0ErrorCode
2026-08-18 01:17:12,788 [ERROR] LogOutputStream:75 - [STDERR_REDIRECT] WARNING: Could not lock System prefs. Unix error code 5.
2026-08-18 01:17:12,788 [ERROR] LogOutputStream:75 - [STDERR_REDIRECT] 
2026-08-18 01:17:12,789 [ERROR] LogOutputStream:75 - [STDERR_REDIRECT] Aug 18, 2026 1:17:12 AM java.util.prefs.FileSystemPreferences syncWorld
2026-08-18 01:17:12,789 [ERROR] LogOutputStream:75 - [STDERR_REDIRECT] WARNING: Couldn't flush system prefs: java.util.prefs.BackingStoreException: Couldn't get file lock.
2026-08-18 01:17:12,789 [ERROR] LogOutputStream:75 - [STDERR_REDIRECT] 
2026-08-18 01:17:42,787 [ERROR] LogOutputStream:75 - [STDERR_REDIRECT] Aug 18, 2026 1:17:42 AM java.util.prefs.FileSystemPreferences checkLockFile0ErrorCode
2026-08-18 01:17:42,787 [ERROR] LogOutputStream:75 - [STDERR_REDIRECT] WARNING: Could not lock System prefs. Unix error code 5.
2026-08-18 01:17:42,787 [ERROR] LogOutputStream:75 - [STDERR_REDIRECT] 
2026-08-18 01:17:42,787 [ERROR] LogOutputStream:75 - [STDERR_REDIRECT] Aug 18, 2026 1:17:42 AM java.util.prefs.FileSystemPreferences syncWorld
2026-08-18 01:17:42,787 [ERROR] LogOutputStream:75 - [STDERR_REDIRECT] WARNING: Couldn't flush system prefs: java.util.prefs.BackingStoreException: Couldn't get file lock.
2026-08-18 01:17:42,787 [ERROR] LogOutputStream:75 - [STDERR_REDIRECT] 
2026-08-18 01:18:12,787 [ERROR] LogOutputStream:75 - [STDERR_REDIRECT] Aug 18, 2026 1:18:12 AM java.util.prefs.FileSystemPreferences checkLockFile0ErrorCode
2026-08-18 01:18:12,787 [ERROR] LogOutputStream:75 - [STDERR_REDIRECT] WARNING: Could not lock System prefs. Unix error code 5.
2026-08-18 01:18:12,787 [ERROR] LogOutputStream:75 - [STDERR_REDIRECT] 
2026-08-18 01:18:12,787 [ERROR] LogOutputStream:75 - [STDERR_REDIRECT] Aug 18, 2026 1:18:12 AM java.util.prefs.FileSystemPreferences syncWorld
2026-08-18 01:18:12,787 [ERROR] LogOutputStream:75 - [STDERR_REDIRECT] WARNING: Couldn't flush system prefs: java.util.prefs.BackingStoreException: Couldn't get file lock.
2026-08-18 01:18:12,788 [ERROR] LogOutputStream:75 - [STDERR_REDIRECT] 
2026-08-18 01:18:42,787 [ERROR] LogOutputStream:75 - [STDERR_REDIRECT] Aug 18, 2026 1:18:42 AM java.util.prefs.FileSystemPreferences checkLockFile0ErrorCode
2026-08-18 01:18:42,787 [ERROR] LogOutputStream:75 - [STDERR_REDIRECT] WARNING: Could not lock System prefs. Unix error code 5.
2026-08-18 01:18:42,788 [ERROR] LogOutputStream:75 - [STDERR_REDIRECT] 
2026-08-18 01:18:42,788 [ERROR] LogOutputStream:75 - [STDERR_REDIRECT] Aug 18, 2026 1:18:42 AM java.util.prefs.FileSystemPreferences syncWorld
2026-08-18 01:18:42,788 [ERROR] LogOutputStream:75 - [STDERR_REDIRECT] WARNING: Couldn't flush system prefs: java.util.prefs.BackingStoreException: Couldn't get file lock.
2026-08-18 01:18:42,788 [ERROR] LogOutputStream:75 - [STDERR_REDIRECT] 
2026-08-18 01:19:12,788 [ERROR] LogOutputStream:75 - [STDERR_REDIRECT] Aug 18, 2026 1:19:12 AM java.util.prefs.FileSystemPreferences checkLockFile0ErrorCode
2026-08-18 01:19:12,789 [ERROR] LogOutputStream:75 - [STDERR_REDIRECT] WARNING: Could not lock System prefs. Unix error code 5.
2026-08-18 01:19:12,789 [ERROR] LogOutputStream:75 - [STDERR_REDIRECT] 
2026-08-18 01:19:12,789 [ERROR] LogOutputStream:75 - [STDERR_REDIRECT] Aug 18, 2026 1:19:12 AM java.util.prefs.FileSystemPreferences syncWorld
2026-08-18 01:19:12,789 [ERROR] LogOutputStream:75 - [STDERR_REDIRECT] WARNING: Couldn't flush system prefs: java.util.prefs.BackingStoreException: Couldn't get file lock.
2026-08-18 01:19:12,789 [ERROR] LogOutputStream:75 - [STDERR_REDIRECT] 
2026-08-18 01:19:42,789 [ERROR] LogOutputStream:75 - [STDERR_REDIRECT] Aug 18, 2026 1:19:42 AM java.util.prefs.FileSystemPreferences checkLockFile0ErrorCode
2026-08-18 01:19:42,789 [ERROR] LogOutputStream:75 - [STDERR_REDIRECT] WARNING: Could not lock System prefs. Unix error code 5.
2026-08-18 01:19:42,789 [ERROR] LogOutputStream:75 - [STDERR_REDIRECT] 
2026-08-18 01:19:42,789 [ERROR] LogOutputStream:75 - [STDERR_REDIRECT] Aug 18, 2026 1:19:42 AM java.util.prefs.FileSystemPreferences syncWorld
2026-08-18 01:19:42,789 [ERROR] LogOutputStream:75 - [STDERR_REDIRECT] WARNING: Couldn't flush system prefs: java.util.prefs.BackingStoreException: Couldn't get file lock.
2026-08-18 01:19:42,789 [ERROR] LogOutputStream:75 - [STDERR_REDIRECT] 
2026-08-18 01:20:12,790 [ERROR] LogOutputStream:75 - [STDERR_REDIRECT] Aug 18, 2026 1:20:12 AM java.util.prefs.FileSystemPreferences checkLockFile0ErrorCode
2026-08-18 01:20:12,790 [ERROR] LogOutputStream:75 - [STDERR_REDIRECT] WARNING: Could not lock System prefs. Unix error code 5.
2026-08-18 01:20:12,790 [ERROR] LogOutputStream:75 - [STDERR_REDIRECT] 
2026-08-18 01:20:12,790 [ERROR] LogOutputStream:75 - [STDERR_REDIRECT] Aug 18, 2026 1:20:12 AM java.util.prefs.FileSystemPreferences syncWorld
2026-08-18 01:20:12,790 [ERROR] LogOutputStream:75 - [STDERR_REDIRECT] WARNING: Couldn't flush system prefs: java.util.prefs.BackingStoreException: Couldn't get file lock.
2026-08-18 01:20:12,790 [ERROR] LogOutputStream:75 - [STDERR_REDIRECT] 
2026-08-18 01:20:42,788 [ERROR] LogOutputStream:75 - [STDERR_REDIRECT] Aug 18, 2026 1:20:42 AM java.util.prefs.FileSystemPreferences checkLockFile0ErrorCode
2026-08-18 01:20:42,788 [ERROR] LogOutputStream:75 - [STDERR_REDIRECT] WARNING: Could not lock System prefs. Unix error code 5.
2026-08-18 01:20:42,788 [ERROR] LogOutputStream:75 - [STDERR_REDIRECT] 
2026-08-18 01:20:42,788 [ERROR] LogOutputStream:75 - [STDERR_REDIRECT] Aug 18, 2026 1:20:42 AM java.util.prefs.FileSystemPreferences syncWorld
2026-08-18 01:20:42,789 [ERROR] LogOutputStream:75 - [STDERR_REDIRECT] WARNING: Couldn't flush system prefs: java.util.prefs.BackingStoreException: Couldn't get file lock.
2026-08-18 01:20:42,789 [ERROR] LogOutputStream:75 - [STDERR_REDIRECT] 
2026-08-18 01:21:12,788 [ERROR] LogOutputStream:75 - [STDERR_REDIRECT] Aug 18, 2026 1:21:12 AM java.util.prefs.FileSystemPreferences checkLockFile0ErrorCode
2026-08-18 01:21:12,788 [ERROR] LogOutputStream:75 - [STDERR_REDIRECT] WARNING: Could not lock System prefs. Unix error code 5.
2026-08-18 01:21:12,788 [ERROR] LogOutputStream:75 - [STDERR_REDIRECT] 
2026-08-18 01:21:12,789 [ERROR] LogOutputStream:75 - [STDERR_REDIRECT] Aug 18, 2026 1:21:12 AM java.util.prefs.FileSystemPreferences syncWorld
2026-08-18 01:21:12,789 [ERROR] LogOutputStream:75 - [STDERR_REDIRECT] WARNING: Couldn't flush system prefs: java.util.prefs.BackingStoreException: Couldn't get file lock.
2026-08-18 01:21:12,789 [ERROR] LogOutputStream:75 - [STDERR_REDIRECT] 
2026-08-18 01:21:42,788 [ERROR] LogOutputStream:75 - [STDERR_REDIRECT] Aug 18, 2026 1:21:42 AM java.util.prefs.FileSystemPreferences checkLockFile0ErrorCode
2026-08-18 01:21:42,788 [ERROR] LogOutputStream:75 - [STDERR_REDIRECT] WARNING: Could not lock System prefs. Unix error code 5.
2026-08-18 01:21:42,789 [ERROR] LogOutputStream:75 - [STDERR_REDIRECT] 
2026-08-18 01:21:42,789 [ERROR] LogOutputStream:75 - [STDERR_REDIRECT] Aug 18, 2026 1:21:42 AM java.util.prefs.FileSystemPreferences syncWorld
2026-08-18 01:21:42,789 [ERROR] LogOutputStream:75 - [STDERR_REDIRECT] WARNING: Couldn't flush system prefs: java.util.prefs.BackingStoreException: Couldn't get file lock.
2026-08-18 01:21:42,789 [ERROR] LogOutputStream:75 - [STDERR_REDIRECT] 
2026-08-18 01:22:12,788 [ERROR] LogOutputStream:75 - [STDERR_REDIRECT] Aug 18, 2026 1:22:12 AM java.util.prefs.FileSystemPreferences checkLockFile0ErrorCode
2026-08-18 01:22:12,788 [ERROR] LogOutputStream:75 - [STDERR_REDIRECT] WARNING: Could not lock System prefs. Unix error code 5.
2026-08-18 01:22:12,789 [ERROR] LogOutputStream:75 - [STDERR_REDIRECT] 
2026-08-18 01:22:12,789 [ERROR] LogOutputStream:75 - [STDERR_REDIRECT] Aug 18, 2026 1:22:12 AM java.util.prefs.FileSystemPreferences syncWorld
2026-08-18 01:22:12,789 [ERROR] LogOutputStream:75 - [STDERR_REDIRECT] WARNING: Couldn't flush system prefs: java.util.prefs.BackingStoreException: Couldn't get file lock.
2026-08-18 01:22:12,789 [ERROR] LogOutputStream:75 - [STDERR_REDIRECT] 
2026-08-18 01:22:42,790 [ERROR] LogOutputStream:75 - [STDERR_REDIRECT] Aug 18, 2026 1:22:42 AM java.util.prefs.FileSystemPreferences checkLockFile0ErrorCode
2026-08-18 01:22:42,790 [ERROR] LogOutputStream:75 - [STDERR_REDIRECT] WARNING: Could not lock System prefs. Unix error code 5.
2026-08-18 01:22:42,790 [ERROR] LogOutputStream:75 - [STDERR_REDIRECT] 
2026-08-18 01:22:42,790 [ERROR] LogOutputStream:75 - [STDERR_REDIRECT] Aug 18, 2026 1:22:42 AM java.util.prefs.FileSystemPreferences syncWorld
2026-08-18 01:22:42,790 [ERROR] LogOutputStream:75 - [STDERR_REDIRECT] WARNING: Couldn't flush system prefs: java.util.prefs.BackingStoreException: Couldn't get file lock.
2026-08-18 01:22:42,790 [ERROR] LogOutputStream:75 - [STDERR_REDIRECT] 
2026-08-18 01:23:12,789 [ERROR] LogOutputStream:75 - [STDERR_REDIRECT] Aug 18, 2026 1:23:12 AM java.util.prefs.FileSystemPreferences checkLockFile0ErrorCode
2026-08-18 01:23:12,789 [ERROR] LogOutputStream:75 - [STDERR_REDIRECT] WARNING: Could not lock System prefs. Unix error code 5.
2026-08-18 01:23:12,790 [ERROR] LogOutputStream:75 - [STDERR_REDIRECT] 
2026-08-18 01:23:12,790 [ERROR] LogOutputStream:75 - [STDERR_REDIRECT] Aug 18, 2026 1:23:12 AM java.util.prefs.FileSystemPreferences syncWorld
2026-08-18 01:23:12,790 [ERROR] LogOutputStream:75 - [STDERR_REDIRECT] WARNING: Couldn't flush system prefs: java.util.prefs.BackingStoreException: Couldn't get file lock.
2026-08-18 01:23:12,790 [ERROR] LogOutputStream:75 - [STDERR_REDIRECT] 
2026-08-18 01:23:42,790 [ERROR] LogOutputStream:75 - [STDERR_REDIRECT] Aug 18, 2026 1:23:42 AM java.util.prefs.FileSystemPreferences checkLockFile0ErrorCode
2026-08-18 01:23:42,792 [ERROR] LogOutputStream:75 - [STDERR_REDIRECT] WARNING: Could not lock System prefs. Unix error code 5.
2026-08-18 01:23:42,792 [ERROR] LogOutputStream:75 - [STDERR_REDIRECT] 
2026-08-18 01:23:42,792 [ERROR] LogOutputStream:75 - [STDERR_REDIRECT] Aug 18, 2026 1:23:42 AM java.util.prefs.FileSystemPreferences syncWorld
2026-08-18 01:23:42,792 [ERROR] LogOutputStream:75 - [STDERR_REDIRECT] WARNING: Couldn't flush system prefs: java.util.prefs.BackingStoreException: Couldn't get file lock.
2026-08-18 01:23:42,792 [ERROR] LogOutputStream:75 - [STDERR_REDIRECT] 
2026-08-18 01:24:12,791 [ERROR] LogOutputStream:75 - [STDERR_REDIRECT] Aug 18, 2026 1:24:12 AM java.util.prefs.FileSystemPreferences checkLockFile0ErrorCode
2026-08-18 01:24:12,791 [ERROR] LogOutputStream:75 - [STDERR_REDIRECT] WARNING: Could not lock System prefs. Unix error code 5.
2026-08-18 01:24:12,791 [ERROR] LogOutputStream:75 - [STDERR_REDIRECT] 
2026-08-18 01:24:12,792 [ERROR] LogOutputStream:75 - [STDERR_REDIRECT] Aug 18, 2026 1:24:12 AM java.util.prefs.FileSystemPreferences syncWorld
2026-08-18 01:24:12,792 [ERROR] LogOutputStream:75 - [STDERR_REDIRECT] WARNING: Couldn't flush system prefs: java.util.prefs.BackingStoreException: Couldn't get file lock.
2026-08-18 01:24:12,792 [ERROR] LogOutputStream:75 - [STDERR_REDIRECT] 
2026-08-18 01:24:42,790 [ERROR] LogOutputStream:75 - [STDERR_REDIRECT] Aug 18, 2026 1:24:42 AM java.util.prefs.FileSystemPreferences checkLockFile0ErrorCode
2026-08-18 01:24:42,790 [ERROR] LogOutputStream:75 - [STDERR_REDIRECT] WARNING: Could not lock System prefs. Unix error code 5.
2026-08-18 01:24:42,790 [ERROR] LogOutputStream:75 - [STDERR_REDIRECT] 
2026-08-18 01:24:42,790 [ERROR] LogOutputStream:75 - [STDERR_REDIRECT] Aug 18, 2026 1:24:42 AM java.util.prefs.FileSystemPreferences syncWorld
2026-08-18 01:24:42,790 [ERROR] LogOutputStream:75 - [STDERR_REDIRECT] WARNING: Couldn't flush system prefs: java.util.prefs.BackingStoreException: Couldn't get file lock.
2026-08-18 01:24:42,791 [ERROR] LogOutputStream:75 - [STDERR_REDIRECT] 
2026-08-18 01:25:12,790 [ERROR] LogOutputStream:75 - [STDERR_REDIRECT] Aug 18, 2026 1:25:12 AM java.util.prefs.FileSystemPreferences checkLockFile0ErrorCode
2026-08-18 01:25:12,790 [ERROR] LogOutputStream:75 - [STDERR_REDIRECT] WARNING: Could not lock System prefs. Unix error code 5.
2026-08-18 01:25:12,790 [ERROR] LogOutputStream:75 - [STDERR_REDIRECT] 
2026-08-18 01:25:12,790 [ERROR] LogOutputStream:75 - [STDERR_REDIRECT] Aug 18, 2026 1:25:12 AM java.util.prefs.FileSystemPreferences syncWorld
2026-08-18 01:25:12,790 [ERROR] LogOutputStream:75 - [STDERR_REDIRECT] WARNING: Couldn't flush system prefs: java.util.prefs.BackingStoreException: Couldn't get file lock.
2026-08-18 01:25:12,790 [ERROR] LogOutputStream:75 - [STDERR_REDIRECT] 
2026-08-18 01:25:42,791 [ERROR] LogOutputStream:75 - [STDERR_REDIRECT] Aug 18, 2026 1:25:42 AM java.util.prefs.FileSystemPreferences checkLockFile0ErrorCode
2026-08-18 01:25:42,791 [ERROR] LogOutputStream:75 - [STDERR_REDIRECT] WARNING: Could not lock System prefs. Unix error code 5.
2026-08-18 01:25:42,791 [ERROR] LogOutputStream:75 - [STDERR_REDIRECT] 
2026-08-18 01:25:42,791 [ERROR] LogOutputStream:75 - [STDERR_REDIRECT] Aug 18, 2026 1:25:42 AM java.util.prefs.FileSystemPreferences syncWorld
2026-08-18 01:25:42,791 [ERROR] LogOutputStream:75 - [STDERR_REDIRECT] WARNING: Couldn't flush system prefs: java.util.prefs.BackingStoreException: Couldn't get file lock.
2026-08-18 01:25:42,791 [ERROR] LogOutputStream:75 - [STDERR_REDIRECT] 
2026-08-18 01:26:12,791 [ERROR] LogOutputStream:75 - [STDERR_REDIRECT] Aug 18, 2026 1:26:12 AM java.util.prefs.FileSystemPreferences checkLockFile0ErrorCode
2026-08-18 01:26:12,791 [ERROR] LogOutputStream:75 - [STDERR_REDIRECT] WARNING: Could not lock System prefs. Unix error code 5.
2026-08-18 01:26:12,792 [ERROR] LogOutputStream:75 - [STDERR_REDIRECT] 
2026-08-18 01:26:12,792 [ERROR] LogOutputStream:75 - [STDERR_REDIRECT] Aug 18, 2026 1:26:12 AM java.util.prefs.FileSystemPreferences syncWorld
2026-08-18 01:26:12,792 [ERROR] LogOutputStream:75 - [STDERR_REDIRECT] WARNING: Couldn't flush system prefs: java.util.prefs.BackingStoreException: Couldn't get file lock.
2026-08-18 01:26:12,792 [ERROR] LogOutputStream:75 - [STDERR_REDIRECT] 
2026-08-18 01:26:42,791 [ERROR] LogOutputStream:75 - [STDERR_REDIRECT] Aug 18, 2026 1:26:42 AM java.util.prefs.FileSystemPreferences checkLockFile0ErrorCode
2026-08-18 01:26:42,791 [ERROR] LogOutputStream:75 - [STDERR_REDIRECT] WARNING: Could not lock System prefs. Unix error code 5.
2026-08-18 01:26:42,792 [ERROR] LogOutputStream:75 - [STDERR_REDIRECT] 
2026-08-18 01:26:42,792 [ERROR] LogOutputStream:75 - [STDERR_REDIRECT] Aug 18, 2026 1:26:42 AM java.util.prefs.FileSystemPreferences syncWorld
2026-08-18 01:26:42,792 [ERROR] LogOutputStream:75 - [STDERR_REDIRECT] WARNING: Couldn't flush system prefs: java.util.prefs.BackingStoreException: Couldn't get file lock.
2026-08-18 01:26:42,792 [ERROR] LogOutputStream:75 - [STDERR_REDIRECT] 
2026-08-18 01:27:12,792 [ERROR] LogOutputStream:75 - [STDERR_REDIRECT] Aug 18, 2026 1:27:12 AM java.util.prefs.FileSystemPreferences checkLockFile0ErrorCode
2026-08-18 01:27:12,794 [ERROR] LogOutputStream:75 - [STDERR_REDIRECT] WARNING: Could not lock System prefs. Unix error code 5.
2026-08-18 01:27:12,794 [ERROR] LogOutputStream:75 - [STDERR_REDIRECT] 
2026-08-18 01:27:12,794 [ERROR] LogOutputStream:75 - [STDERR_REDIRECT] Aug 18, 2026 1:27:12 AM java.util.prefs.FileSystemPreferences syncWorld
2026-08-18 01:27:12,794 [ERROR] LogOutputStream:75 - [STDERR_REDIRECT] WARNING: Couldn't flush system prefs: java.util.prefs.BackingStoreException: Couldn't get file lock.
2026-08-18 01:27:12,794 [ERROR] LogOutputStream:75 - [STDERR_REDIRECT] 
2026-08-18 01:27:42,791 [ERROR] LogOutputStream:75 - [STDERR_REDIRECT] Aug 18, 2026 1:27:42 AM java.util.prefs.FileSystemPreferences checkLockFile0ErrorCode
2026-08-18 01:27:42,791 [ERROR] LogOutputStream:75 - [STDERR_REDIRECT] WARNING: Could not lock System prefs. Unix error code 5.
2026-08-18 01:27:42,791 [ERROR] LogOutputStream:75 - [STDERR_REDIRECT] 
2026-08-18 01:27:42,792 [ERROR] LogOutputStream:75 - [STDERR_REDIRECT] Aug 18, 2026 1:27:42 AM java.util.prefs.FileSystemPreferences syncWorld
2026-08-18 01:27:42,792 [ERROR] LogOutputStream:75 - [STDERR_REDIRECT] WARNING: Couldn't flush system prefs: java.util.prefs.BackingStoreException: Couldn't get file lock.
2026-08-18 01:27:42,792 [ERROR] LogOutputStream:75 - [STDERR_REDIRECT] 
2026-08-18 01:28:12,791 [ERROR] LogOutputStream:75 - [STDERR_REDIRECT] Aug 18, 2026 1:28:12 AM java.util.prefs.FileSystemPreferences checkLockFile0ErrorCode
2026-08-18 01:28:12,791 [ERROR] LogOutputStream:75 - [STDERR_REDIRECT] WARNING: Could not lock System prefs. Unix error code 5.
2026-08-18 01:28:12,792 [ERROR] LogOutputStream:75 - [STDERR_REDIRECT] 
2026-08-18 01:28:12,792 [ERROR] LogOutputStream:75 - [STDERR_REDIRECT] Aug 18, 2026 1:28:12 AM java.util.prefs.FileSystemPreferences syncWorld
2026-08-18 01:28:12,792 [ERROR] LogOutputStream:75 - [STDERR_REDIRECT] WARNING: Couldn't flush system prefs: java.util.prefs.BackingStoreException: Couldn't get file lock.
2026-08-18 01:28:12,792 [ERROR] LogOutputStream:75 - [STDERR_REDIRECT] 
2026-08-18 01:28:42,791 [ERROR] LogOutputStream:75 - [STDERR_REDIRECT] Aug 18, 2026 1:28:42 AM java.util.prefs.FileSystemPreferences checkLockFile0ErrorCode
2026-08-18 01:28:42,792 [ERROR] LogOutputStream:75 - [STDERR_REDIRECT] WARNING: Could not lock System prefs. Unix error code 5.
2026-08-18 01:28:42,792 [ERROR] LogOutputStream:75 - [STDERR_REDIRECT] 
2026-08-18 01:28:42,792 [ERROR] LogOutputStream:75 - [STDERR_REDIRECT] Aug 18, 2026 1:28:42 AM java.util.prefs.FileSystemPreferences syncWorld
2026-08-18 01:28:42,792 [ERROR] LogOutputStream:75 - [STDERR_REDIRECT] WARNING: Couldn't flush system prefs: java.util.prefs.BackingStoreException: Couldn't get file lock.
2026-08-18 01:28:42,792 [ERROR] LogOutputStream:75 - [STDERR_REDIRECT] 
2026-08-18 01:29:12,792 [ERROR] LogOutputStream:75 - [STDERR_REDIRECT] Aug 18, 2026 1:29:12 AM java.util.prefs.FileSystemPreferences checkLockFile0ErrorCode
2026-08-18 01:29:12,792 [ERROR] LogOutputStream:75 - [STDERR_REDIRECT] WARNING: Could not lock System prefs. Unix error code 5.
2026-08-18 01:29:12,792 [ERROR] LogOutputStream:75 - [STDERR_REDIRECT] 
2026-08-18 01:29:12,793 [ERROR] LogOutputStream:75 - [STDERR_REDIRECT] Aug 18, 2026 1:29:12 AM java.util.prefs.FileSystemPreferences syncWorld
2026-08-18 01:29:12,793 [ERROR] LogOutputStream:75 - [STDERR_REDIRECT] WARNING: Couldn't flush system prefs: java.util.prefs.BackingStoreException: Couldn't get file lock.
2026-08-18 01:29:12,793 [ERROR] LogOutputStream:75 - [STDERR_REDIRECT] 
2026-08-18 01:29:42,791 [ERROR] LogOutputStream:75 - [STDERR_REDIRECT] Aug 18, 2026 1:29:42 AM java.util.prefs.FileSystemPreferences checkLockFile0ErrorCode
2026-08-18 01:29:42,792 [ERROR] LogOutputStream:75 - [STDERR_REDIRECT] WARNING: Could not lock System prefs. Unix error code 5.
2026-08-18 01:29:42,792 [ERROR] LogOutputStream:75 - [STDERR_REDIRECT] 
2026-08-18 01:29:42,792 [ERROR] LogOutputStream:75 - [STDERR_REDIRECT] Aug 18, 2026 1:29:42 AM java.util.prefs.FileSystemPreferences syncWorld
2026-08-18 01:29:42,792 [ERROR] LogOutputStream:75 - [STDERR_REDIRECT] WARNING: Couldn't flush system prefs: java.util.prefs.BackingStoreException: Couldn't get file lock.
2026-08-18 01:29:42,792 [ERROR] LogOutputStream:75 - [STDERR_REDIRECT] 
2026-08-18 01:30:12,792 [ERROR] LogOutputStream:75 - [STDERR_REDIRECT] Aug 18, 2026 1:30:12 AM java.util.prefs.FileSystemPreferences checkLockFile0ErrorCode
2026-08-18 01:30:12,792 [ERROR] LogOutputStream:75 - [STDERR_REDIRECT] WARNING: Could not lock System prefs. Unix error code 5.
2026-08-18 01:30:12,792 [ERROR] LogOutputStream:75 - [STDERR_REDIRECT] 
2026-08-18 01:30:12,792 [ERROR] LogOutputStream:75 - [STDERR_REDIRECT] Aug 18, 2026 1:30:12 AM java.util.prefs.FileSystemPreferences syncWorld
2026-08-18 01:30:12,792 [ERROR] LogOutputStream:75 - [STDERR_REDIRECT] WARNING: Couldn't flush system prefs: java.util.prefs.BackingStoreException: Couldn't get file lock.
2026-08-18 01:30:12,792 [ERROR] LogOutputStream:75 - [STDERR_REDIRECT] 
2026-08-18 01:30:42,792 [ERROR] LogOutputStream:75 - [STDERR_REDIRECT] Aug 18, 2026 1:30:42 AM java.util.prefs.FileSystemPreferences checkLockFile0ErrorCode
2026-08-18 01:30:42,792 [ERROR] LogOutputStream:75 - [STDERR_REDIRECT] WARNING: Could not lock System prefs. Unix error code 5.
2026-08-18 01:30:42,792 [ERROR] LogOutputStream:75 - [STDERR_REDIRECT] 
2026-08-18 01:30:42,793 [ERROR] LogOutputStream:75 - [STDERR_REDIRECT] Aug 18, 2026 1:30:42 AM java.util.prefs.FileSystemPreferences syncWorld
2026-08-18 01:30:42,793 [ERROR] LogOutputStream:75 - [STDERR_REDIRECT] WARNING: Couldn't flush system prefs: java.util.prefs.BackingStoreException: Couldn't get file lock.
2026-08-18 01:30:42,793 [ERROR] LogOutputStream:75 - [STDERR_REDIRECT] 
2026-08-18 01:31:12,793 [ERROR] LogOutputStream:75 - [STDERR_REDIRECT] Aug 18, 2026 1:31:12 AM java.util.prefs.FileSystemPreferences checkLockFile0ErrorCode
2026-08-18 01:31:12,793 [ERROR] LogOutputStream:75 - [STDERR_REDIRECT] WARNING: Could not lock System prefs. Unix error code 5.
2026-08-18 01:31:12,793 [ERROR] LogOutputStream:75 - [STDERR_REDIRECT] 
2026-08-18 01:31:12,793 [ERROR] LogOutputStream:75 - [STDERR_REDIRECT] Aug 18, 2026 1:31:12 AM java.util.prefs.FileSystemPreferences syncWorld
2026-08-18 01:31:12,793 [ERROR] LogOutputStream:75 - [STDERR_REDIRECT] WARNING: Couldn't flush system prefs: java.util.prefs.BackingStoreException: Couldn't get file lock.
2026-08-18 01:31:12,793 [ERROR] LogOutputStream:75 - [STDERR_REDIRECT] 
2026-08-18 01:31:42,794 [ERROR] LogOutputStream:75 - [STDERR_REDIRECT] Aug 18, 2026 1:31:42 AM java.util.prefs.FileSystemPreferences checkLockFile0ErrorCode
2026-08-18 01:31:42,794 [ERROR] LogOutputStream:75 - [STDERR_REDIRECT] WARNING: Could not lock System prefs. Unix error code 5.
2026-08-18 01:31:42,794 [ERROR] LogOutputStream:75 - [STDERR_REDIRECT] 
2026-08-18 01:31:42,794 [ERROR] LogOutputStream:75 - [STDERR_REDIRECT] Aug 18, 2026 1:31:42 AM java.util.prefs.FileSystemPreferences syncWorld
2026-08-18 01:31:42,794 [ERROR] LogOutputStream:75 - [STDERR_REDIRECT] WARNING: Couldn't flush system prefs: java.util.prefs.BackingStoreException: Couldn't get file lock.
2026-08-18 01:31:42,794 [ERROR] LogOutputStream:75 - [STDERR_REDIRECT] 
2026-08-18 01:32:12,794 [ERROR] LogOutputStream:75 - [STDERR_REDIRECT] Aug 18, 2026 1:32:12 AM java.util.prefs.FileSystemPreferences checkLockFile0ErrorCode
2026-08-18 01:32:12,795 [ERROR] LogOutputStream:75 - [STDERR_REDIRECT] WARNING: Could not lock System prefs. Unix error code 5.
2026-08-18 01:32:12,795 [ERROR] LogOutputStream:75 - [STDERR_REDIRECT] 
2026-08-18 01:32:12,795 [ERROR] LogOutputStream:75 - [STDERR_REDIRECT] Aug 18, 2026 1:32:12 AM java.util.prefs.FileSystemPreferences syncWorld
2026-08-18 01:32:12,795 [ERROR] LogOutputStream:75 - [STDERR_REDIRECT] WARNING: Couldn't flush system prefs: java.util.prefs.BackingStoreException: Couldn't get file lock.
2026-08-18 01:32:12,795 [ERROR] LogOutputStream:75 - [STDERR_REDIRECT] 
2026-08-18 01:32:42,795 [ERROR] LogOutputStream:75 - [STDERR_REDIRECT] Aug 18, 2026 1:32:42 AM java.util.prefs.FileSystemPreferences checkLockFile0ErrorCode
2026-08-18 01:32:42,796 [ERROR] LogOutputStream:75 - [STDERR_REDIRECT] WARNING: Could not lock System prefs. Unix error code 5.
2026-08-18 01:32:42,796 [ERROR] LogOutputStream:75 - [STDERR_REDIRECT] 
2026-08-18 01:32:42,796 [ERROR] LogOutputStream:75 - [STDERR_REDIRECT] Aug 18, 2026 1:32:42 AM java.util.prefs.FileSystemPreferences syncWorld
2026-08-18 01:32:42,796 [ERROR] LogOutputStream:75 - [STDERR_REDIRECT] WARNING: Couldn't flush system prefs: java.util.prefs.BackingStoreException: Couldn't get file lock.
2026-08-18 01:32:42,797 [ERROR] LogOutputStream:75 - [STDERR_REDIRECT] 
2026-08-18 01:33:12,793 [ERROR] LogOutputStream:75 - [STDERR_REDIRECT] Aug 18, 2026 1:33:12 AM java.util.prefs.FileSystemPreferences checkLockFile0ErrorCode
2026-08-18 01:33:12,793 [ERROR] LogOutputStream:75 - [STDERR_REDIRECT] WARNING: Could not lock System prefs. Unix error code 5.
2026-08-18 01:33:12,793 [ERROR] LogOutputStream:75 - [STDERR_REDIRECT] 
2026-08-18 01:33:12,794 [ERROR] LogOutputStream:75 - [STDERR_REDIRECT] Aug 18, 2026 1:33:12 AM java.util.prefs.FileSystemPreferences syncWorld
2026-08-18 01:33:12,794 [ERROR] LogOutputStream:75 - [STDERR_REDIRECT] WARNING: Couldn't flush system prefs: java.util.prefs.BackingStoreException: Couldn't get file lock.
2026-08-18 01:33:12,794 [ERROR] LogOutputStream:75 - [STDERR_REDIRECT] 
2026-08-18 01:33:42,794 [ERROR] LogOutputStream:75 - [STDERR_REDIRECT] Aug 18, 2026 1:33:42 AM java.util.prefs.FileSystemPreferences checkLockFile0ErrorCode
2026-08-18 01:33:42,794 [ERROR] LogOutputStream:75 - [STDERR_REDIRECT] WARNING: Could not lock System prefs. Unix error code 5.
2026-08-18 01:33:42,794 [ERROR] LogOutputStream:75 - [STDERR_REDIRECT] 
2026-08-18 01:33:42,795 [ERROR] LogOutputStream:75 - [STDERR_REDIRECT] Aug 18, 2026 1:33:42 AM java.util.prefs.FileSystemPreferences syncWorld
2026-08-18 01:33:42,795 [ERROR] LogOutputStream:75 - [STDERR_REDIRECT] WARNING: Couldn't flush system prefs: java.util.prefs.BackingStoreException: Couldn't get file lock.
2026-08-18 01:33:42,795 [ERROR] LogOutputStream:75 - [STDERR_REDIRECT] 
2026-08-18 01:34:12,795 [ERROR] LogOutputStream:75 - [STDERR_REDIRECT] Aug 18, 2026 1:34:12 AM java.util.prefs.FileSystemPreferences checkLockFile0ErrorCode
2026-08-18 01:34:12,795 [ERROR] LogOutputStream:75 - [STDERR_REDIRECT] WARNING: Could not lock System prefs. Unix error code 5.
2026-08-18 01:34:12,795 [ERROR] LogOutputStream:75 - [STDERR_REDIRECT] 
2026-08-18 01:34:12,795 [ERROR] LogOutputStream:75 - [STDERR_REDIRECT] Aug 18, 2026 1:34:12 AM java.util.prefs.FileSystemPreferences syncWorld
2026-08-18 01:34:12,795 [ERROR] LogOutputStream:75 - [STDERR_REDIRECT] WARNING: Couldn't flush system prefs: java.util.prefs.BackingStoreException: Couldn't get file lock.
2026-08-18 01:34:12,796 [ERROR] LogOutputStream:75 - [STDERR_REDIRECT] 
2026-08-18 01:34:42,794 [ERROR] LogOutputStream:75 - [STDERR_REDIRECT] Aug 18, 2026 1:34:42 AM java.util.prefs.FileSystemPreferences checkLockFile0ErrorCode
2026-08-18 01:34:42,794 [ERROR] LogOutputStream:75 - [STDERR_REDIRECT] WARNING: Could not lock System prefs. Unix error code 5.
2026-08-18 01:34:42,794 [ERROR] LogOutputStream:75 - [STDERR_REDIRECT] 
2026-08-18 01:34:42,794 [ERROR] LogOutputStream:75 - [STDERR_REDIRECT] Aug 18, 2026 1:34:42 AM java.util.prefs.FileSystemPreferences syncWorld
2026-08-18 01:34:42,794 [ERROR] LogOutputStream:75 - [STDERR_REDIRECT] WARNING: Couldn't flush system prefs: java.util.prefs.BackingStoreException: Couldn't get file lock.
2026-08-18 01:34:42,794 [ERROR] LogOutputStream:75 - [STDERR_REDIRECT] 
2026-08-18 01:35:12,794 [ERROR] LogOutputStream:75 - [STDERR_REDIRECT] Aug 18, 2026 1:35:12 AM java.util.prefs.FileSystemPreferences checkLockFile0ErrorCode
2026-08-18 01:35:12,794 [ERROR] LogOutputStream:75 - [STDERR_REDIRECT] WARNING: Could not lock System prefs. Unix error code 5.
2026-08-18 01:35:12,794 [ERROR] LogOutputStream:75 - [STDERR_REDIRECT] 
2026-08-18 01:35:12,795 [ERROR] LogOutputStream:75 - [STDERR_REDIRECT] Aug 18, 2026 1:35:12 AM java.util.prefs.FileSystemPreferences syncWorld
2026-08-18 01:35:12,795 [ERROR] LogOutputStream:75 - [STDERR_REDIRECT] WARNING: Couldn't flush system prefs: java.util.prefs.BackingStoreException: Couldn't get file lock.
2026-08-18 01:35:12,795 [ERROR] LogOutputStream:75 - [STDERR_REDIRECT] 
2026-08-18 01:35:42,794 [ERROR] LogOutputStream:75 - [STDERR_REDIRECT] Aug 18, 2026 1:35:42 AM java.util.prefs.FileSystemPreferences checkLockFile0ErrorCode
2026-08-18 01:35:42,794 [ERROR] LogOutputStream:75 - [STDERR_REDIRECT] WARNING: Could not lock System prefs. Unix error code 5.
2026-08-18 01:35:42,794 [ERROR] LogOutputStream:75 - [STDERR_REDIRECT] 
2026-08-18 01:35:42,794 [ERROR] LogOutputStream:75 - [STDERR_REDIRECT] Aug 18, 2026 1:35:42 AM java.util.prefs.FileSystemPreferences syncWorld
2026-08-18 01:35:42,794 [ERROR] LogOutputStream:75 - [STDERR_REDIRECT] WARNING: Couldn't flush system prefs: java.util.prefs.BackingStoreException: Couldn't get file lock.
2026-08-18 01:35:42,794 [ERROR] LogOutputStream:75 - [STDERR_REDIRECT] 
2026-08-18 01:36:12,794 [ERROR] LogOutputStream:75 - [STDERR_REDIRECT] Aug 18, 2026 1:36:12 AM java.util.prefs.FileSystemPreferences checkLockFile0ErrorCode
2026-08-18 01:36:12,795 [ERROR] LogOutputStream:75 - [STDERR_REDIRECT] WARNING: Could not lock System prefs. Unix error code 5.
2026-08-18 01:36:12,795 [ERROR] LogOutputStream:75 - [STDERR_REDIRECT] 
2026-08-18 01:36:12,796 [ERROR] LogOutputStream:75 - [STDERR_REDIRECT] Aug 18, 2026 1:36:12 AM java.util.prefs.FileSystemPreferences syncWorld
2026-08-18 01:36:12,796 [ERROR] LogOutputStream:75 - [STDERR_REDIRECT] WARNING: Couldn't flush system prefs: java.util.prefs.BackingStoreException: Couldn't get file lock.
2026-08-18 01:36:12,796 [ERROR] LogOutputStream:75 - [STDERR_REDIRECT] 
2026-08-18 01:36:42,794 [ERROR] LogOutputStream:75 - [STDERR_REDIRECT] Aug 18, 2026 1:36:42 AM java.util.prefs.FileSystemPreferences checkLockFile0ErrorCode
2026-08-18 01:36:42,794 [ERROR] LogOutputStream:75 - [STDERR_REDIRECT] WARNING: Could not lock System prefs. Unix error code 5.
2026-08-18 01:36:42,794 [ERROR] LogOutputStream:75 - [STDERR_REDIRECT] 
2026-08-18 01:36:42,795 [ERROR] LogOutputStream:75 - [STDERR_REDIRECT] Aug 18, 2026 1:36:42 AM java.util.prefs.FileSystemPreferences syncWorld
2026-08-18 01:36:42,795 [ERROR] LogOutputStream:75 - [STDERR_REDIRECT] WARNING: Couldn't flush system prefs: java.util.prefs.BackingStoreException: Couldn't get file lock.
2026-08-18 01:36:42,795 [ERROR] LogOutputStream:75 - [STDERR_REDIRECT] 
2026-08-18 01:37:12,794 [ERROR] LogOutputStream:75 - [STDERR_REDIRECT] Aug 18, 2026 1:37:12 AM java.util.prefs.FileSystemPreferences checkLockFile0ErrorCode
2026-08-18 01:37:12,795 [ERROR] LogOutputStream:75 - [STDERR_REDIRECT] WARNING: Could not lock System prefs. Unix error code 5.
2026-08-18 01:37:12,795 [ERROR] LogOutputStream:75 - [STDERR_REDIRECT] 
2026-08-18 01:37:12,795 [ERROR] LogOutputStream:75 - [STDERR_REDIRECT] Aug 18, 2026 1:37:12 AM java.util.prefs.FileSystemPreferences syncWorld
2026-08-18 01:37:12,795 [ERROR] LogOutputStream:75 - [STDERR_REDIRECT] WARNING: Couldn't flush system prefs: java.util.prefs.BackingStoreException: Couldn't get file lock.
2026-08-18 01:37:12,795 [ERROR] LogOutputStream:75 - [STDERR_REDIRECT] 
2026-08-18 01:37:42,795 [ERROR] LogOutputStream:75 - [STDERR_REDIRECT] Aug 18, 2026 1:37:42 AM java.util.prefs.FileSystemPreferences checkLockFile0ErrorCode
2026-08-18 01:37:42,795 [ERROR] LogOutputStream:75 - [STDERR_REDIRECT] WARNING: Could not lock System prefs. Unix error code 5.
2026-08-18 01:37:42,795 [ERROR] LogOutputStream:75 - [STDERR_REDIRECT] 
2026-08-18 01:37:42,795 [ERROR] LogOutputStream:75 - [STDERR_REDIRECT] Aug 18, 2026 1:37:42 AM java.util.prefs.FileSystemPreferences syncWorld
2026-08-18 01:37:42,795 [ERROR] LogOutputStream:75 - [STDERR_REDIRECT] WARNING: Couldn't flush system prefs: java.util.prefs.BackingStoreException: Couldn't get file lock.
2026-08-18 01:37:42,795 [ERROR] LogOutputStream:75 - [STDERR_REDIRECT] 
2026-08-18 01:38:12,796 [ERROR] LogOutputStream:75 - [STDERR_REDIRECT] Aug 18, 2026 1:38:12 AM java.util.prefs.FileSystemPreferences checkLockFile0ErrorCode
2026-08-18 01:38:12,796 [ERROR] LogOutputStream:75 - [STDERR_REDIRECT] WARNING: Could not lock System prefs. Unix error code 5.
2026-08-18 01:38:12,796 [ERROR] LogOutputStream:75 - [STDERR_REDIRECT] 
2026-08-18 01:38:12,796 [ERROR] LogOutputStream:75 - [STDERR_REDIRECT] Aug 18, 2026 1:38:12 AM java.util.prefs.FileSystemPreferences syncWorld
2026-08-18 01:38:12,797 [ERROR] LogOutputStream:75 - [STDERR_REDIRECT] WARNING: Couldn't flush system prefs: java.util.prefs.BackingStoreException: Couldn't get file lock.
2026-08-18 01:38:12,797 [ERROR] LogOutputStream:75 - [STDERR_REDIRECT] 
2026-08-18 01:38:42,794 [ERROR] LogOutputStream:75 - [STDERR_REDIRECT] Aug 18, 2026 1:38:42 AM java.util.prefs.FileSystemPreferences checkLockFile0ErrorCode
2026-08-18 01:38:42,794 [ERROR] LogOutputStream:75 - [STDERR_REDIRECT] WARNING: Could not lock System prefs. Unix error code 5.
2026-08-18 01:38:42,794 [ERROR] LogOutputStream:75 - [STDERR_REDIRECT] 
2026-08-18 01:38:42,795 [ERROR] LogOutputStream:75 - [STDERR_REDIRECT] Aug 18, 2026 1:38:42 AM java.util.prefs.FileSystemPreferences syncWorld
2026-08-18 01:38:42,795 [ERROR] LogOutputStream:75 - [STDERR_REDIRECT] WARNING: Couldn't flush system prefs: java.util.prefs.BackingStoreException: Couldn't get file lock.
2026-08-18 01:38:42,795 [ERROR] LogOutputStream:75 - [STDERR_REDIRECT] 
2026-08-18 01:39:12,795 [ERROR] LogOutputStream:75 - [STDERR_REDIRECT] Aug 18, 2026 1:39:12 AM java.util.prefs.FileSystemPreferences checkLockFile0ErrorCode
2026-08-18 01:39:12,795 [ERROR] LogOutputStream:75 - [STDERR_REDIRECT] WARNING: Could not lock System prefs. Unix error code 5.
2026-08-18 01:39:12,795 [ERROR] LogOutputStream:75 - [STDERR_REDIRECT] 
2026-08-18 01:39:12,796 [ERROR] LogOutputStream:75 - [STDERR_REDIRECT] Aug 18, 2026 1:39:12 AM java.util.prefs.FileSystemPreferences syncWorld
2026-08-18 01:39:12,796 [ERROR] LogOutputStream:75 - [STDERR_REDIRECT] WARNING: Couldn't flush system prefs: java.util.prefs.BackingStoreException: Couldn't get file lock.
2026-08-18 01:39:12,796 [ERROR] LogOutputStream:75 - [STDERR_REDIRECT] 
2026-08-18 01:39:42,795 [ERROR] LogOutputStream:75 - [STDERR_REDIRECT] Aug 18, 2026 1:39:42 AM java.util.prefs.FileSystemPreferences checkLockFile0ErrorCode
2026-08-18 01:39:42,795 [ERROR] LogOutputStream:75 - [STDERR_REDIRECT] WARNING: Could not lock System prefs. Unix error code 5.
2026-08-18 01:39:42,795 [ERROR] LogOutputStream:75 - [STDERR_REDIRECT] 
2026-08-18 01:39:42,795 [ERROR] LogOutputStream:75 - [STDERR_REDIRECT] Aug 18, 2026 1:39:42 AM java.util.prefs.FileSystemPreferences syncWorld
2026-08-18 01:39:42,795 [ERROR] LogOutputStream:75 - [STDERR_REDIRECT] WARNING: Couldn't flush system prefs: java.util.prefs.BackingStoreException: Couldn't get file lock.
2026-08-18 01:39:42,795 [ERROR] LogOutputStream:75 - [STDERR_REDIRECT] 
2026-08-18 01:40:12,796 [ERROR] LogOutputStream:75 - [STDERR_REDIRECT] Aug 18, 2026 1:40:12 AM java.util.prefs.FileSystemPreferences checkLockFile0ErrorCode
2026-08-18 01:40:12,796 [ERROR] LogOutputStream:75 - [STDERR_REDIRECT] WARNING: Could not lock System prefs. Unix error code 5.
2026-08-18 01:40:12,796 [ERROR] LogOutputStream:75 - [STDERR_REDIRECT] 
2026-08-18 01:40:12,796 [ERROR] LogOutputStream:75 - [STDERR_REDIRECT] Aug 18, 2026 1:40:12 AM java.util.prefs.FileSystemPreferences syncWorld
2026-08-18 01:40:12,796 [ERROR] LogOutputStream:75 - [STDERR_REDIRECT] WARNING: Couldn't flush system prefs: java.util.prefs.BackingStoreException: Couldn't get file lock.
2026-08-18 01:40:12,796 [ERROR] LogOutputStream:75 - [STDERR_REDIRECT] 
2026-08-18 01:40:42,795 [ERROR] LogOutputStream:75 - [STDERR_REDIRECT] Aug 18, 2026 1:40:42 AM java.util.prefs.FileSystemPreferences checkLockFile0ErrorCode
2026-08-18 01:40:42,795 [ERROR] LogOutputStream:75 - [STDERR_REDIRECT] WARNING: Could not lock System prefs. Unix error code 5.
2026-08-18 01:40:42,795 [ERROR] LogOutputStream:75 - [STDERR_REDIRECT] 
2026-08-18 01:40:42,796 [ERROR] LogOutputStream:75 - [STDERR_REDIRECT] Aug 18, 2026 1:40:42 AM java.util.prefs.FileSystemPreferences syncWorld
2026-08-18 01:40:42,796 [ERROR] LogOutputStream:75 - [STDERR_REDIRECT] WARNING: Couldn't flush system prefs: java.util.prefs.BackingStoreException: Couldn't get file lock.
2026-08-18 01:40:42,796 [ERROR] LogOutputStream:75 - [STDERR_REDIRECT] 
2026-08-18 01:41:12,794 [ERROR] LogOutputStream:75 - [STDERR_REDIRECT] Aug 18, 2026 1:41:12 AM java.util.prefs.FileSystemPreferences checkLockFile0ErrorCode
2026-08-18 01:41:12,795 [ERROR] LogOutputStream:75 - [STDERR_REDIRECT] WARNING: Could not lock System prefs. Unix error code 5.
2026-08-18 01:41:12,795 [ERROR] LogOutputStream:75 - [STDERR_REDIRECT] 
2026-08-18 01:41:12,795 [ERROR] LogOutputStream:75 - [STDERR_REDIRECT] Aug 18, 2026 1:41:12 AM java.util.prefs.FileSystemPreferences syncWorld
2026-08-18 01:41:12,795 [ERROR] LogOutputStream:75 - [STDERR_REDIRECT] WARNING: Couldn't flush system prefs: java.util.prefs.BackingStoreException: Couldn't get file lock.
2026-08-18 01:41:12,795 [ERROR] LogOutputStream:75 - [STDERR_REDIRECT] 
2026-08-18 01:41:42,795 [ERROR] LogOutputStream:75 - [STDERR_REDIRECT] Aug 18, 2026 1:41:42 AM java.util.prefs.FileSystemPreferences checkLockFile0ErrorCode
2026-08-18 01:41:42,795 [ERROR] LogOutputStream:75 - [STDERR_REDIRECT] WARNING: Could not lock System prefs. Unix error code 5.
2026-08-18 01:41:42,795 [ERROR] LogOutputStream:75 - [STDERR_REDIRECT] 
2026-08-18 01:41:42,796 [ERROR] LogOutputStream:75 - [STDERR_REDIRECT] Aug 18, 2026 1:41:42 AM java.util.prefs.FileSystemPreferences syncWorld
2026-08-18 01:41:42,796 [ERROR] LogOutputStream:75 - [STDERR_REDIRECT] WARNING: Couldn't flush system prefs: java.util.prefs.BackingStoreException: Couldn't get file lock.
2026-08-18 01:41:42,796 [ERROR] LogOutputStream:75 - [STDERR_REDIRECT] 
2026-08-18 01:42:12,794 [ERROR] LogOutputStream:75 - [STDERR_REDIRECT] Aug 18, 2026 1:42:12 AM java.util.prefs.FileSystemPreferences checkLockFile0ErrorCode
2026-08-18 01:42:12,795 [ERROR] LogOutputStream:75 - [STDERR_REDIRECT] WARNING: Could not lock System prefs. Unix error code 5.
2026-08-18 01:42:12,795 [ERROR] LogOutputStream:75 - [STDERR_REDIRECT] 
2026-08-18 01:42:12,795 [ERROR] LogOutputStream:75 - [STDERR_REDIRECT] Aug 18, 2026 1:42:12 AM java.util.prefs.FileSystemPreferences syncWorld
2026-08-18 01:42:12,795 [ERROR] LogOutputStream:75 - [STDERR_REDIRECT] WARNING: Couldn't flush system prefs: java.util.prefs.BackingStoreException: Couldn't get file lock.
2026-08-18 01:42:12,795 [ERROR] LogOutputStream:75 - [STDERR_REDIRECT] 
2026-08-18 01:42:42,795 [ERROR] LogOutputStream:75 - [STDERR_REDIRECT] Aug 18, 2026 1:42:42 AM java.util.prefs.FileSystemPreferences checkLockFile0ErrorCode
2026-08-18 01:42:42,795 [ERROR] LogOutputStream:75 - [STDERR_REDIRECT] WARNING: Could not lock System prefs. Unix error code 5.
2026-08-18 01:42:42,795 [ERROR] LogOutputStream:75 - [STDERR_REDIRECT] 
2026-08-18 01:42:42,795 [ERROR] LogOutputStream:75 - [STDERR_REDIRECT] Aug 18, 2026 1:42:42 AM java.util.prefs.FileSystemPreferences syncWorld
2026-08-18 01:42:42,795 [ERROR] LogOutputStream:75 - [STDERR_REDIRECT] WARNING: Couldn't flush system prefs: java.util.prefs.BackingStoreException: Couldn't get file lock.
2026-08-18 01:42:42,795 [ERROR] LogOutputStream:75 - [STDERR_REDIRECT] 
2026-08-18 01:43:12,796 [ERROR] LogOutputStream:75 - [STDERR_REDIRECT] Aug 18, 2026 1:43:12 AM java.util.prefs.FileSystemPreferences checkLockFile0ErrorCode
2026-08-18 01:43:12,796 [ERROR] LogOutputStream:75 - [STDERR_REDIRECT] WARNING: Could not lock System prefs. Unix error code 5.
2026-08-18 01:43:12,796 [ERROR] LogOutputStream:75 - [STDERR_REDIRECT] 
2026-08-18 01:43:12,796 [ERROR] LogOutputStream:75 - [STDERR_REDIRECT] Aug 18, 2026 1:43:12 AM java.util.prefs.FileSystemPreferences syncWorld
2026-08-18 01:43:12,796 [ERROR] LogOutputStream:75 - [STDERR_REDIRECT] WARNING: Couldn't flush system prefs: java.util.prefs.BackingStoreException: Couldn't get file lock.
2026-08-18 01:43:12,796 [ERROR] LogOutputStream:75 - [STDERR_REDIRECT] 
2026-08-18 01:43:42,796 [ERROR] LogOutputStream:75 - [STDERR_REDIRECT] Aug 18, 2026 1:43:42 AM java.util.prefs.FileSystemPreferences checkLockFile0ErrorCode
2026-08-18 01:43:42,797 [ERROR] LogOutputStream:75 - [STDERR_REDIRECT] WARNING: Could not lock System prefs. Unix error code 5.
2026-08-18 01:43:42,797 [ERROR] LogOutputStream:75 - [STDERR_REDIRECT] 
2026-08-18 01:43:42,797 [ERROR] LogOutputStream:75 - [STDERR_REDIRECT] Aug 18, 2026 1:43:42 AM java.util.prefs.FileSystemPreferences syncWorld
2026-08-18 01:43:42,797 [ERROR] LogOutputStream:75 - [STDERR_REDIRECT] WARNING: Couldn't flush system prefs: java.util.prefs.BackingStoreException: Couldn't get file lock.
2026-08-18 01:43:42,797 [ERROR] LogOutputStream:75 - [STDERR_REDIRECT] 
2026-08-18 01:44:12,796 [ERROR] LogOutputStream:75 - [STDERR_REDIRECT] Aug 18, 2026 1:44:12 AM java.util.prefs.FileSystemPreferences checkLockFile0ErrorCode
2026-08-18 01:44:12,796 [ERROR] LogOutputStream:75 - [STDERR_REDIRECT] WARNING: Could not lock System prefs. Unix error code 5.
2026-08-18 01:44:12,796 [ERROR] LogOutputStream:75 - [STDERR_REDIRECT] 
2026-08-18 01:44:12,797 [ERROR] LogOutputStream:75 - [STDERR_REDIRECT] Aug 18, 2026 1:44:12 AM java.util.prefs.FileSystemPreferences syncWorld
2026-08-18 01:44:12,797 [ERROR] LogOutputStream:75 - [STDERR_REDIRECT] WARNING: Couldn't flush system prefs: java.util.prefs.BackingStoreException: Couldn't get file lock.
2026-08-18 01:44:12,797 [ERROR] LogOutputStream:75 - [STDERR_REDIRECT] 
2026-08-18 01:44:42,796 [ERROR] LogOutputStream:75 - [STDERR_REDIRECT] Aug 18, 2026 1:44:42 AM java.util.prefs.FileSystemPreferences checkLockFile0ErrorCode
2026-08-18 01:44:42,796 [ERROR] LogOutputStream:75 - [STDERR_REDIRECT] WARNING: Could not lock System prefs. Unix error code 5.
2026-08-18 01:44:42,796 [ERROR] LogOutputStream:75 - [STDERR_REDIRECT] 
2026-08-18 01:44:42,796 [ERROR] LogOutputStream:75 - [STDERR_REDIRECT] Aug 18, 2026 1:44:42 AM java.util.prefs.FileSystemPreferences syncWorld
2026-08-18 01:44:42,796 [ERROR] LogOutputStream:75 - [STDERR_REDIRECT] WARNING: Couldn't flush system prefs: java.util.prefs.BackingStoreException: Couldn't get file lock.
2026-08-18 01:44:42,796 [ERROR] LogOutputStream:75 - [STDERR_REDIRECT] 
2026-08-18 01:45:12,796 [ERROR] LogOutputStream:75 - [STDERR_REDIRECT] Aug 18, 2026 1:45:12 AM java.util.prefs.FileSystemPreferences checkLockFile0ErrorCode
2026-08-18 01:45:12,796 [ERROR] LogOutputStream:75 - [STDERR_REDIRECT] WARNING: Could not lock System prefs. Unix error code 5.
2026-08-18 01:45:12,796 [ERROR] LogOutputStream:75 - [STDERR_REDIRECT] 
2026-08-18 01:45:12,796 [ERROR] LogOutputStream:75 - [STDERR_REDIRECT] Aug 18, 2026 1:45:12 AM java.util.prefs.FileSystemPreferences syncWorld
2026-08-18 01:45:12,797 [ERROR] LogOutputStream:75 - [STDERR_REDIRECT] WARNING: Couldn't flush system prefs: java.util.prefs.BackingStoreException: Couldn't get file lock.
2026-08-18 01:45:12,797 [ERROR] LogOutputStream:75 - [STDERR_REDIRECT] 
2026-08-18 01:45:42,796 [ERROR] LogOutputStream:75 - [STDERR_REDIRECT] Aug 18, 2026 1:45:42 AM java.util.prefs.FileSystemPreferences checkLockFile0ErrorCode
2026-08-18 01:45:42,796 [ERROR] LogOutputStream:75 - [STDERR_REDIRECT] WARNING: Could not lock System prefs. Unix error code 5.
2026-08-18 01:45:42,796 [ERROR] LogOutputStream:75 - [STDERR_REDIRECT] 
2026-08-18 01:45:42,796 [ERROR] LogOutputStream:75 - [STDERR_REDIRECT] Aug 18, 2026 1:45:42 AM java.util.prefs.FileSystemPreferences syncWorld
2026-08-18 01:45:42,796 [ERROR] LogOutputStream:75 - [STDERR_REDIRECT] WARNING: Couldn't flush system prefs: java.util.prefs.BackingStoreException: Couldn't get file lock.
2026-08-18 01:45:42,796 [ERROR] LogOutputStream:75 - [STDERR_REDIRECT] 
2026-08-18 01:46:12,796 [ERROR] LogOutputStream:75 - [STDERR_REDIRECT] Aug 18, 2026 1:46:12 AM java.util.prefs.FileSystemPreferences checkLockFile0ErrorCode
2026-08-18 01:46:12,796 [ERROR] LogOutputStream:75 - [STDERR_REDIRECT] WARNING: Could not lock System prefs. Unix error code 5.
2026-08-18 01:46:12,796 [ERROR] LogOutputStream:75 - [STDERR_REDIRECT] 
2026-08-18 01:46:12,797 [ERROR] LogOutputStream:75 - [STDERR_REDIRECT] Aug 18, 2026 1:46:12 AM java.util.prefs.FileSystemPreferences syncWorld
2026-08-18 01:46:12,797 [ERROR] LogOutputStream:75 - [STDERR_REDIRECT] WARNING: Couldn't flush system prefs: java.util.prefs.BackingStoreException: Couldn't get file lock.
2026-08-18 01:46:12,797 [ERROR] LogOutputStream:75 - [STDERR_REDIRECT] 
2026-08-18 01:46:42,797 [ERROR] LogOutputStream:75 - [STDERR_REDIRECT] Aug 18, 2026 1:46:42 AM java.util.prefs.FileSystemPreferences checkLockFile0ErrorCode
2026-08-18 01:46:42,797 [ERROR] LogOutputStream:75 - [STDERR_REDIRECT] WARNING: Could not lock System prefs. Unix error code 5.
2026-08-18 01:46:42,797 [ERROR] LogOutputStream:75 - [STDERR_REDIRECT] 
2026-08-18 01:46:42,798 [ERROR] LogOutputStream:75 - [STDERR_REDIRECT] Aug 18, 2026 1:46:42 AM java.util.prefs.FileSystemPreferences syncWorld
2026-08-18 01:46:42,798 [ERROR] LogOutputStream:75 - [STDERR_REDIRECT] WARNING: Couldn't flush system prefs: java.util.prefs.BackingStoreException: Couldn't get file lock.
2026-08-18 01:46:42,798 [ERROR] LogOutputStream:75 - [STDERR_REDIRECT] 
2026-08-18 01:47:12,797 [ERROR] LogOutputStream:75 - [STDERR_REDIRECT] Aug 18, 2026 1:47:12 AM java.util.prefs.FileSystemPreferences checkLockFile0ErrorCode
2026-08-18 01:47:12,797 [ERROR] LogOutputStream:75 - [STDERR_REDIRECT] WARNING: Could not lock System prefs. Unix error code 5.
2026-08-18 01:47:12,797 [ERROR] LogOutputStream:75 - [STDERR_REDIRECT] 
2026-08-18 01:47:12,797 [ERROR] LogOutputStream:75 - [STDERR_REDIRECT] Aug 18, 2026 1:47:12 AM java.util.prefs.FileSystemPreferences syncWorld
2026-08-18 01:47:12,797 [ERROR] LogOutputStream:75 - [STDERR_REDIRECT] WARNING: Couldn't flush system prefs: java.util.prefs.BackingStoreException: Couldn't get file lock.
2026-08-18 01:47:12,797 [ERROR] LogOutputStream:75 - [STDERR_REDIRECT] 
2026-08-18 01:47:42,797 [ERROR] LogOutputStream:75 - [STDERR_REDIRECT] Aug 18, 2026 1:47:42 AM java.util.prefs.FileSystemPreferences checkLockFile0ErrorCode
2026-08-18 01:47:42,798 [ERROR] LogOutputStream:75 - [STDERR_REDIRECT] WARNING: Could not lock System prefs. Unix error code 5.
2026-08-18 01:47:42,798 [ERROR] LogOutputStream:75 - [STDERR_REDIRECT] 
2026-08-18 01:47:42,799 [ERROR] LogOutputStream:75 - [STDERR_REDIRECT] Aug 18, 2026 1:47:42 AM java.util.prefs.FileSystemPreferences syncWorld
2026-08-18 01:47:42,800 [ERROR] LogOutputStream:75 - [STDERR_REDIRECT] WARNING: Couldn't flush system prefs: java.util.prefs.BackingStoreException: Couldn't get file lock.
2026-08-18 01:47:42,800 [ERROR] LogOutputStream:75 - [STDERR_REDIRECT] 
2026-08-18 01:48:12,796 [ERROR] LogOutputStream:75 - [STDERR_REDIRECT] Aug 18, 2026 1:48:12 AM java.util.prefs.FileSystemPreferences checkLockFile0ErrorCode
2026-08-18 01:48:12,797 [ERROR] LogOutputStream:75 - [STDERR_REDIRECT] WARNING: Could not lock System prefs. Unix error code 5.
2026-08-18 01:48:12,797 [ERROR] LogOutputStream:75 - [STDERR_REDIRECT] 
2026-08-18 01:48:12,797 [ERROR] LogOutputStream:75 - [STDERR_REDIRECT] Aug 18, 2026 1:48:12 AM java.util.prefs.FileSystemPreferences syncWorld
2026-08-18 01:48:12,797 [ERROR] LogOutputStream:75 - [STDERR_REDIRECT] WARNING: Couldn't flush system prefs: java.util.prefs.BackingStoreException: Couldn't get file lock.
2026-08-18 01:48:12,797 [ERROR] LogOutputStream:75 - [STDERR_REDIRECT] 
2026-08-18 01:48:42,797 [ERROR] LogOutputStream:75 - [STDERR_REDIRECT] Aug 18, 2026 1:48:42 AM java.util.prefs.FileSystemPreferences checkLockFile0ErrorCode
2026-08-18 01:48:42,797 [ERROR] LogOutputStream:75 - [STDERR_REDIRECT] WARNING: Could not lock System prefs. Unix error code 5.
2026-08-18 01:48:42,797 [ERROR] LogOutputStream:75 - [STDERR_REDIRECT] 
2026-08-18 01:48:42,798 [ERROR] LogOutputStream:75 - [STDERR_REDIRECT] Aug 18, 2026 1:48:42 AM java.util.prefs.FileSystemPreferences syncWorld
2026-08-18 01:48:42,798 [ERROR] LogOutputStream:75 - [STDERR_REDIRECT] WARNING: Couldn't flush system prefs: java.util.prefs.BackingStoreException: Couldn't get file lock.
2026-08-18 01:48:42,798 [ERROR] LogOutputStream:75 - [STDERR_REDIRECT] 
2026-08-18 01:49:12,796 [ERROR] LogOutputStream:75 - [STDERR_REDIRECT] Aug 18, 2026 1:49:12 AM java.util.prefs.FileSystemPreferences checkLockFile0ErrorCode
2026-08-18 01:49:12,796 [ERROR] LogOutputStream:75 - [STDERR_REDIRECT] WARNING: Could not lock System prefs. Unix error code 5.
2026-08-18 01:49:12,797 [ERROR] LogOutputStream:75 - [STDERR_REDIRECT] 
2026-08-18 01:49:12,797 [ERROR] LogOutputStream:75 - [STDERR_REDIRECT] Aug 18, 2026 1:49:12 AM java.util.prefs.FileSystemPreferences syncWorld
2026-08-18 01:49:12,797 [ERROR] LogOutputStream:75 - [STDERR_REDIRECT] WARNING: Couldn't flush system prefs: java.util.prefs.BackingStoreException: Couldn't get file lock.
2026-08-18 01:49:12,797 [ERROR] LogOutputStream:75 - [STDERR_REDIRECT] 
2026-08-18 01:49:42,797 [ERROR] LogOutputStream:75 - [STDERR_REDIRECT] Aug 18, 2026 1:49:42 AM java.util.prefs.FileSystemPreferences checkLockFile0ErrorCode
2026-08-18 01:49:42,797 [ERROR] LogOutputStream:75 - [STDERR_REDIRECT] WARNING: Could not lock System prefs. Unix error code 5.
2026-08-18 01:49:42,797 [ERROR] LogOutputStream:75 - [STDERR_REDIRECT] 
2026-08-18 01:49:42,797 [ERROR] LogOutputStream:75 - [STDERR_REDIRECT] Aug 18, 2026 1:49:42 AM java.util.prefs.FileSystemPreferences syncWorld
2026-08-18 01:49:42,798 [ERROR] LogOutputStream:75 - [STDERR_REDIRECT] WARNING: Couldn't flush system prefs: java.util.prefs.BackingStoreException: Couldn't get file lock.
2026-08-18 01:49:42,798 [ERROR] LogOutputStream:75 - [STDERR_REDIRECT] 
2026-08-18 01:50:12,796 [ERROR] LogOutputStream:75 - [STDERR_REDIRECT] Aug 18, 2026 1:50:12 AM java.util.prefs.FileSystemPreferences checkLockFile0ErrorCode
2026-08-18 01:50:12,797 [ERROR] LogOutputStream:75 - [STDERR_REDIRECT] WARNING: Could not lock System prefs. Unix error code 5.
2026-08-18 01:50:12,797 [ERROR] LogOutputStream:75 - [STDERR_REDIRECT] 
2026-08-18 01:50:12,797 [ERROR] LogOutputStream:75 - [STDERR_REDIRECT] Aug 18, 2026 1:50:12 AM java.util.prefs.FileSystemPreferences syncWorld
2026-08-18 01:50:12,797 [ERROR] LogOutputStream:75 - [STDERR_REDIRECT] WARNING: Couldn't flush system prefs: java.util.prefs.BackingStoreException: Couldn't get file lock.
2026-08-18 01:50:12,797 [ERROR] LogOutputStream:75 - [STDERR_REDIRECT] 
2026-08-18 01:50:42,797 [ERROR] LogOutputStream:75 - [STDERR_REDIRECT] Aug 18, 2026 1:50:42 AM java.util.prefs.FileSystemPreferences checkLockFile0ErrorCode
2026-08-18 01:50:42,797 [ERROR] LogOutputStream:75 - [STDERR_REDIRECT] WARNING: Could not lock System prefs. Unix error code 5.
2026-08-18 01:50:42,797 [ERROR] LogOutputStream:75 - [STDERR_REDIRECT] 
2026-08-18 01:50:42,798 [ERROR] LogOutputStream:75 - [STDERR_REDIRECT] Aug 18, 2026 1:50:42 AM java.util.prefs.FileSystemPreferences syncWorld
2026-08-18 01:50:42,798 [ERROR] LogOutputStream:75 - [STDERR_REDIRECT] WARNING: Couldn't flush system prefs: java.util.prefs.BackingStoreException: Couldn't get file lock.
2026-08-18 01:50:42,798 [ERROR] LogOutputStream:75 - [STDERR_REDIRECT] 
2026-08-18 01:51:12,797 [ERROR] LogOutputStream:75 - [STDERR_REDIRECT] Aug 18, 2026 1:51:12 AM java.util.prefs.FileSystemPreferences checkLockFile0ErrorCode
2026-08-18 01:51:12,798 [ERROR] LogOutputStream:75 - [STDERR_REDIRECT] WARNING: Could not lock System prefs. Unix error code 5.
2026-08-18 01:51:12,798 [ERROR] LogOutputStream:75 - [STDERR_REDIRECT] 
2026-08-18 01:51:12,798 [ERROR] LogOutputStream:75 - [STDERR_REDIRECT] Aug 18, 2026 1:51:12 AM java.util.prefs.FileSystemPreferences syncWorld
2026-08-18 01:51:12,798 [ERROR] LogOutputStream:75 - [STDERR_REDIRECT] WARNING: Couldn't flush system prefs: java.util.prefs.BackingStoreException: Couldn't get file lock.
2026-08-18 01:51:12,798 [ERROR] LogOutputStream:75 - [STDERR_REDIRECT] 
2026-08-18 01:51:42,798 [ERROR] LogOutputStream:75 - [STDERR_REDIRECT] Aug 18, 2026 1:51:42 AM java.util.prefs.FileSystemPreferences checkLockFile0ErrorCode
2026-08-18 01:51:42,798 [ERROR] LogOutputStream:75 - [STDERR_REDIRECT] WARNING: Could not lock System prefs. Unix error code 5.
2026-08-18 01:51:42,799 [ERROR] LogOutputStream:75 - [STDERR_REDIRECT] 
2026-08-18 01:51:42,799 [ERROR] LogOutputStream:75 - [STDERR_REDIRECT] Aug 18, 2026 1:51:42 AM java.util.prefs.FileSystemPreferences syncWorld
2026-08-18 01:51:42,799 [ERROR] LogOutputStream:75 - [STDERR_REDIRECT] WARNING: Couldn't flush system prefs: java.util.prefs.BackingStoreException: Couldn't get file lock.
2026-08-18 01:51:42,799 [ERROR] LogOutputStream:75 - [STDERR_REDIRECT] 
2026-08-18 01:52:12,798 [ERROR] LogOutputStream:75 - [STDERR_REDIRECT] Aug 18, 2026 1:52:12 AM java.util.prefs.FileSystemPreferences checkLockFile0ErrorCode
2026-08-18 01:52:12,798 [ERROR] LogOutputStream:75 - [STDERR_REDIRECT] WARNING: Could not lock System prefs. Unix error code 5.
2026-08-18 01:52:12,798 [ERROR] LogOutputStream:75 - [STDERR_REDIRECT] 
2026-08-18 01:52:12,798 [ERROR] LogOutputStream:75 - [STDERR_REDIRECT] Aug 18, 2026 1:52:12 AM java.util.prefs.FileSystemPreferences syncWorld
2026-08-18 01:52:12,798 [ERROR] LogOutputStream:75 - [STDERR_REDIRECT] WARNING: Couldn't flush system prefs: java.util.prefs.BackingStoreException: Couldn't get file lock.
2026-08-18 01:52:12,799 [ERROR] LogOutputStream:75 - [STDERR_REDIRECT] 
2026-08-18 01:52:42,798 [ERROR] LogOutputStream:75 - [STDERR_REDIRECT] Aug 18, 2026 1:52:42 AM java.util.prefs.FileSystemPreferences checkLockFile0ErrorCode
2026-08-18 01:52:42,798 [ERROR] LogOutputStream:75 - [STDERR_REDIRECT] WARNING: Could not lock System prefs. Unix error code 5.
2026-08-18 01:52:42,798 [ERROR] LogOutputStream:75 - [STDERR_REDIRECT] 
2026-08-18 01:52:42,799 [ERROR] LogOutputStream:75 - [STDERR_REDIRECT] Aug 18, 2026 1:52:42 AM java.util.prefs.FileSystemPreferences syncWorld
2026-08-18 01:52:42,799 [ERROR] LogOutputStream:75 - [STDERR_REDIRECT] WARNING: Couldn't flush system prefs: java.util.prefs.BackingStoreException: Couldn't get file lock.
2026-08-18 01:52:42,799 [ERROR] LogOutputStream:75 - [STDERR_REDIRECT] 
2026-08-18 01:53:12,797 [ERROR] LogOutputStream:75 - [STDERR_REDIRECT] Aug 18, 2026 1:53:12 AM java.util.prefs.FileSystemPreferences checkLockFile0ErrorCode
2026-08-18 01:53:12,798 [ERROR] LogOutputStream:75 - [STDERR_REDIRECT] WARNING: Could not lock System prefs. Unix error code 5.
2026-08-18 01:53:12,798 [ERROR] LogOutputStream:75 - [STDERR_REDIRECT] 
2026-08-18 01:53:12,798 [ERROR] LogOutputStream:75 - [STDERR_REDIRECT] Aug 18, 2026 1:53:12 AM java.util.prefs.FileSystemPreferences syncWorld
2026-08-18 01:53:12,798 [ERROR] LogOutputStream:75 - [STDERR_REDIRECT] WARNING: Couldn't flush system prefs: java.util.prefs.BackingStoreException: Couldn't get file lock.
2026-08-18 01:53:12,798 [ERROR] LogOutputStream:75 - [STDERR_REDIRECT] 
2026-08-18 01:53:42,798 [ERROR] LogOutputStream:75 - [STDERR_REDIRECT] Aug 18, 2026 1:53:42 AM java.util.prefs.FileSystemPreferences checkLockFile0ErrorCode
2026-08-18 01:53:42,815 [ERROR] LogOutputStream:75 - [STDERR_REDIRECT] WARNING: Could not lock System prefs. Unix error code 5.
2026-08-18 01:53:42,815 [ERROR] LogOutputStream:75 - [STDERR_REDIRECT] 
2026-08-18 01:53:42,816 [ERROR] LogOutputStream:75 - [STDERR_REDIRECT] Aug 18, 2026 1:53:42 AM java.util.prefs.FileSystemPreferences syncWorld
2026-08-18 01:53:42,816 [ERROR] LogOutputStream:75 - [STDERR_REDIRECT] WARNING: Couldn't flush system prefs: java.util.prefs.BackingStoreException: Couldn't get file lock.
2026-08-18 01:53:42,816 [ERROR] LogOutputStream:75 - [STDERR_REDIRECT] 
2026-08-18 01:54:12,798 [ERROR] LogOutputStream:75 - [STDERR_REDIRECT] Aug 18, 2026 1:54:12 AM java.util.prefs.FileSystemPreferences checkLockFile0ErrorCode
2026-08-18 01:54:12,798 [ERROR] LogOutputStream:75 - [STDERR_REDIRECT] WARNING: Could not lock System prefs. Unix error code 5.
2026-08-18 01:54:12,798 [ERROR] LogOutputStream:75 - [STDERR_REDIRECT] 
2026-08-18 01:54:12,798 [ERROR] LogOutputStream:75 - [STDERR_REDIRECT] Aug 18, 2026 1:54:12 AM java.util.prefs.FileSystemPreferences syncWorld
2026-08-18 01:54:12,798 [ERROR] LogOutputStream:75 - [STDERR_REDIRECT] WARNING: Couldn't flush system prefs: java.util.prefs.BackingStoreException: Couldn't get file lock.
2026-08-18 01:54:12,798 [ERROR] LogOutputStream:75 - [STDERR_REDIRECT] 
2026-08-18 01:54:42,798 [ERROR] LogOutputStream:75 - [STDERR_REDIRECT] Aug 18, 2026 1:54:42 AM java.util.prefs.FileSystemPreferences checkLockFile0ErrorCode
2026-08-18 01:54:42,798 [ERROR] LogOutputStream:75 - [STDERR_REDIRECT] WARNING: Could not lock System prefs. Unix error code 5.
2026-08-18 01:54:42,798 [ERROR] LogOutputStream:75 - [STDERR_REDIRECT] 
2026-08-18 01:54:42,798 [ERROR] LogOutputStream:75 - [STDERR_REDIRECT] Aug 18, 2026 1:54:42 AM java.util.prefs.FileSystemPreferences syncWorld
2026-08-18 01:54:42,798 [ERROR] LogOutputStream:75 - [STDERR_REDIRECT] WARNING: Couldn't flush system prefs: java.util.prefs.BackingStoreException: Couldn't get file lock.
2026-08-18 01:54:42,798 [ERROR] LogOutputStream:75 - [STDERR_REDIRECT] 
2026-08-18 01:55:12,799 [ERROR] LogOutputStream:75 - [STDERR_REDIRECT] Aug 18, 2026 1:55:12 AM java.util.prefs.FileSystemPreferences checkLockFile0ErrorCode
2026-08-18 01:55:12,800 [ERROR] LogOutputStream:75 - [STDERR_REDIRECT] WARNING: Could not lock System prefs. Unix error code 5.
2026-08-18 01:55:12,800 [ERROR] LogOutputStream:75 - [STDERR_REDIRECT] 
2026-08-18 01:55:12,817 [ERROR] LogOutputStream:75 - [STDERR_REDIRECT] Aug 18, 2026 1:55:12 AM java.util.prefs.FileSystemPreferences syncWorld
2026-08-18 01:55:12,817 [ERROR] LogOutputStream:75 - [STDERR_REDIRECT] WARNING: Couldn't flush system prefs: java.util.prefs.BackingStoreException: Couldn't get file lock.
2026-08-18 01:55:12,817 [ERROR] LogOutputStream:75 - [STDERR_REDIRECT] 
2026-08-18 01:55:42,800 [ERROR] LogOutputStream:75 - [STDERR_REDIRECT] Aug 18, 2026 1:55:42 AM java.util.prefs.FileSystemPreferences checkLockFile0ErrorCode
2026-08-18 01:55:42,800 [ERROR] LogOutputStream:75 - [STDERR_REDIRECT] WARNING: Could not lock System prefs. Unix error code 5.
2026-08-18 01:55:42,800 [ERROR] LogOutputStream:75 - [STDERR_REDIRECT] 
2026-08-18 01:55:42,800 [ERROR] LogOutputStream:75 - [STDERR_REDIRECT] Aug 18, 2026 1:55:42 AM java.util.prefs.FileSystemPreferences syncWorld
2026-08-18 01:55:42,800 [ERROR] LogOutputStream:75 - [STDERR_REDIRECT] WARNING: Couldn't flush system prefs: java.util.prefs.BackingStoreException: Couldn't get file lock.
2026-08-18 01:55:42,800 [ERROR] LogOutputStream:75 - [STDERR_REDIRECT] 
2026-08-18 01:56:12,800 [ERROR] LogOutputStream:75 - [STDERR_REDIRECT] Aug 18, 2026 1:56:12 AM java.util.prefs.FileSystemPreferences checkLockFile0ErrorCode
2026-08-18 01:56:12,817 [ERROR] LogOutputStream:75 - [STDERR_REDIRECT] WARNING: Could not lock System prefs. Unix error code 5.
2026-08-18 01:56:12,817 [ERROR] LogOutputStream:75 - [STDERR_REDIRECT] 
2026-08-18 01:56:12,818 [ERROR] LogOutputStream:75 - [STDERR_REDIRECT] Aug 18, 2026 1:56:12 AM java.util.prefs.FileSystemPreferences syncWorld
2026-08-18 01:56:12,818 [ERROR] LogOutputStream:75 - [STDERR_REDIRECT] WARNING: Couldn't flush system prefs: java.util.prefs.BackingStoreException: Couldn't get file lock.
2026-08-18 01:56:12,818 [ERROR] LogOutputStream:75 - [STDERR_REDIRECT] 
2026-08-18 01:56:42,800 [ERROR] LogOutputStream:75 - [STDERR_REDIRECT] Aug 18, 2026 1:56:42 AM java.util.prefs.FileSystemPreferences checkLockFile0ErrorCode
2026-08-18 01:56:42,817 [ERROR] LogOutputStream:75 - [STDERR_REDIRECT] WARNING: Could not lock System prefs. Unix error code 5.
2026-08-18 01:56:42,817 [ERROR] LogOutputStream:75 - [STDERR_REDIRECT] 
2026-08-18 01:56:42,817 [ERROR] LogOutputStream:75 - [STDERR_REDIRECT] Aug 18, 2026 1:56:42 AM java.util.prefs.FileSystemPreferences syncWorld
2026-08-18 01:56:42,818 [ERROR] LogOutputStream:75 - [STDERR_REDIRECT] WARNING: Couldn't flush system prefs: java.util.prefs.BackingStoreException: Couldn't get file lock.
2026-08-18 01:56:42,818 [ERROR] LogOutputStream:75 - [STDERR_REDIRECT] 
2026-08-18 01:57:12,799 [ERROR] LogOutputStream:75 - [STDERR_REDIRECT] Aug 18, 2026 1:57:12 AM java.util.prefs.FileSystemPreferences checkLockFile0ErrorCode
2026-08-18 01:57:12,799 [ERROR] LogOutputStream:75 - [STDERR_REDIRECT] WARNING: Could not lock System prefs. Unix error code 5.
2026-08-18 01:57:12,800 [ERROR] LogOutputStream:75 - [STDERR_REDIRECT] 
2026-08-18 01:57:12,800 [ERROR] LogOutputStream:75 - [STDERR_REDIRECT] Aug 18, 2026 1:57:12 AM java.util.prefs.FileSystemPreferences syncWorld
2026-08-18 01:57:12,800 [ERROR] LogOutputStream:75 - [STDERR_REDIRECT] WARNING: Couldn't flush system prefs: java.util.prefs.BackingStoreException: Couldn't get file lock.
2026-08-18 01:57:12,800 [ERROR] LogOutputStream:75 - [STDERR_REDIRECT] 
2026-08-18 01:57:42,799 [ERROR] LogOutputStream:75 - [STDERR_REDIRECT] Aug 18, 2026 1:57:42 AM java.util.prefs.FileSystemPreferences checkLockFile0ErrorCode
2026-08-18 01:57:42,800 [ERROR] LogOutputStream:75 - [STDERR_REDIRECT] WARNING: Could not lock System prefs. Unix error code 5.
2026-08-18 01:57:42,800 [ERROR] LogOutputStream:75 - [STDERR_REDIRECT] 
2026-08-18 01:57:42,800 [ERROR] LogOutputStream:75 - [STDERR_REDIRECT] Aug 18, 2026 1:57:42 AM java.util.prefs.FileSystemPreferences syncWorld
2026-08-18 01:57:42,800 [ERROR] LogOutputStream:75 - [STDERR_REDIRECT] WARNING: Couldn't flush system prefs: java.util.prefs.BackingStoreException: Couldn't get file lock.
2026-08-18 01:57:42,800 [ERROR] LogOutputStream:75 - [STDERR_REDIRECT] 
2026-08-18 01:58:12,800 [ERROR] LogOutputStream:75 - [STDERR_REDIRECT] Aug 18, 2026 1:58:12 AM java.util.prefs.FileSystemPreferences checkLockFile0ErrorCode
2026-08-18 01:58:12,800 [ERROR] LogOutputStream:75 - [STDERR_REDIRECT] WARNING: Could not lock System prefs. Unix error code 5.
2026-08-18 01:58:12,800 [ERROR] LogOutputStream:75 - [STDERR_REDIRECT] 
2026-08-18 01:58:12,800 [ERROR] LogOutputStream:75 - [STDERR_REDIRECT] Aug 18, 2026 1:58:12 AM java.util.prefs.FileSystemPreferences syncWorld
2026-08-18 01:58:12,800 [ERROR] LogOutputStream:75 - [STDERR_REDIRECT] WARNING: Couldn't flush system prefs: java.util.prefs.BackingStoreException: Couldn't get file lock.
2026-08-18 01:58:12,800 [ERROR] LogOutputStream:75 - [STDERR_REDIRECT] 
2026-08-18 01:58:42,801 [ERROR] LogOutputStream:75 - [STDERR_REDIRECT] Aug 18, 2026 1:58:42 AM java.util.prefs.FileSystemPreferences checkLockFile0ErrorCode
2026-08-18 01:58:42,801 [ERROR] LogOutputStream:75 - [STDERR_REDIRECT] WARNING: Could not lock System prefs. Unix error code 5.
2026-08-18 01:58:42,801 [ERROR] LogOutputStream:75 - [STDERR_REDIRECT] 
2026-08-18 01:58:42,801 [ERROR] LogOutputStream:75 - [STDERR_REDIRECT] Aug 18, 2026 1:58:42 AM java.util.prefs.FileSystemPreferences syncWorld
2026-08-18 01:58:42,801 [ERROR] LogOutputStream:75 - [STDERR_REDIRECT] WARNING: Couldn't flush system prefs: java.util.prefs.BackingStoreException: Couldn't get file lock.
2026-08-18 01:58:42,801 [ERROR] LogOutputStream:75 - [STDERR_REDIRECT] 
2026-08-18 01:59:12,801 [ERROR] LogOutputStream:75 - [STDERR_REDIRECT] Aug 18, 2026 1:59:12 AM java.util.prefs.FileSystemPreferences checkLockFile0ErrorCode
2026-08-18 01:59:12,801 [ERROR] LogOutputStream:75 - [STDERR_REDIRECT] WARNING: Could not lock System prefs. Unix error code 5.
2026-08-18 01:59:12,801 [ERROR] LogOutputStream:75 - [STDERR_REDIRECT] 
2026-08-18 01:59:12,801 [ERROR] LogOutputStream:75 - [STDERR_REDIRECT] Aug 18, 2026 1:59:12 AM java.util.prefs.FileSystemPreferences syncWorld
2026-08-18 01:59:12,801 [ERROR] LogOutputStream:75 - [STDERR_REDIRECT] WARNING: Couldn't flush system prefs: java.util.prefs.BackingStoreException: Couldn't get file lock.
2026-08-18 01:59:12,802 [ERROR] LogOutputStream:75 - [STDERR_REDIRECT] 
2026-08-18 01:59:42,801 [ERROR] LogOutputStream:75 - [STDERR_REDIRECT] Aug 18, 2026 1:59:42 AM java.util.prefs.FileSystemPreferences checkLockFile0ErrorCode
2026-08-18 01:59:42,801 [ERROR] LogOutputStream:75 - [STDERR_REDIRECT] WARNING: Could not lock System prefs. Unix error code 5.
2026-08-18 01:59:42,801 [ERROR] LogOutputStream:75 - [STDERR_REDIRECT] 
2026-08-18 01:59:42,802 [ERROR] LogOutputStream:75 - [STDERR_REDIRECT] Aug 18, 2026 1:59:42 AM java.util.prefs.FileSystemPreferences syncWorld
2026-08-18 01:59:42,802 [ERROR] LogOutputStream:75 - [STDERR_REDIRECT] WARNING: Couldn't flush system prefs: java.util.prefs.BackingStoreException: Couldn't get file lock.
2026-08-18 01:59:42,802 [ERROR] LogOutputStream:75 - [STDERR_REDIRECT] 
2026-08-18 02:00:12,801 [ERROR] LogOutputStream:75 - [STDERR_REDIRECT] Aug 18, 2026 2:00:12 AM java.util.prefs.FileSystemPreferences checkLockFile0ErrorCode
2026-08-18 02:00:12,801 [ERROR] LogOutputStream:75 - [STDERR_REDIRECT] WARNING: Could not lock System prefs. Unix error code 5.
2026-08-18 02:00:12,801 [ERROR] LogOutputStream:75 - [STDERR_REDIRECT] 
2026-08-18 02:00:12,801 [ERROR] LogOutputStream:75 - [STDERR_REDIRECT] Aug 18, 2026 2:00:12 AM java.util.prefs.FileSystemPreferences syncWorld
2026-08-18 02:00:12,801 [ERROR] LogOutputStream:75 - [STDERR_REDIRECT] WARNING: Couldn't flush system prefs: java.util.prefs.BackingStoreException: Couldn't get file lock.
2026-08-18 02:00:12,801 [ERROR] LogOutputStream:75 - [STDERR_REDIRECT] 
2026-08-18 02:00:42,800 [ERROR] LogOutputStream:75 - [STDERR_REDIRECT] Aug 18, 2026 2:00:42 AM java.util.prefs.FileSystemPreferences checkLockFile0ErrorCode
2026-08-18 02:00:42,800 [ERROR] LogOutputStream:75 - [STDERR_REDIRECT] WARNING: Could not lock System prefs. Unix error code 5.
2026-08-18 02:00:42,800 [ERROR] LogOutputStream:75 - [STDERR_REDIRECT] 
2026-08-18 02:00:42,801 [ERROR] LogOutputStream:75 - [STDERR_REDIRECT] Aug 18, 2026 2:00:42 AM java.util.prefs.FileSystemPreferences syncWorld
2026-08-18 02:00:42,801 [ERROR] LogOutputStream:75 - [STDERR_REDIRECT] WARNING: Couldn't flush system prefs: java.util.prefs.BackingStoreException: Couldn't get file lock.
2026-08-18 02:00:42,801 [ERROR] LogOutputStream:75 - [STDERR_REDIRECT] 
2026-08-18 02:01:12,800 [ERROR] LogOutputStream:75 - [STDERR_REDIRECT] Aug 18, 2026 2:01:12 AM java.util.prefs.FileSystemPreferences checkLockFile0ErrorCode
2026-08-18 02:01:12,800 [ERROR] LogOutputStream:75 - [STDERR_REDIRECT] WARNING: Could not lock System prefs. Unix error code 5.
2026-08-18 02:01:12,801 [ERROR] LogOutputStream:75 - [STDERR_REDIRECT] 
2026-08-18 02:01:12,801 [ERROR] LogOutputStream:75 - [STDERR_REDIRECT] Aug 18, 2026 2:01:12 AM java.util.prefs.FileSystemPreferences syncWorld
2026-08-18 02:01:12,801 [ERROR] LogOutputStream:75 - [STDERR_REDIRECT] WARNING: Couldn't flush system prefs: java.util.prefs.BackingStoreException: Couldn't get file lock.
2026-08-18 02:01:12,801 [ERROR] LogOutputStream:75 - [STDERR_REDIRECT] 
2026-08-18 02:01:42,801 [ERROR] LogOutputStream:75 - [STDERR_REDIRECT] Aug 18, 2026 2:01:42 AM java.util.prefs.FileSystemPreferences checkLockFile0ErrorCode
2026-08-18 02:01:42,801 [ERROR] LogOutputStream:75 - [STDERR_REDIRECT] WARNING: Could not lock System prefs. Unix error code 5.
2026-08-18 02:01:42,801 [ERROR] LogOutputStream:75 - [STDERR_REDIRECT] 
2026-08-18 02:01:42,801 [ERROR] LogOutputStream:75 - [STDERR_REDIRECT] Aug 18, 2026 2:01:42 AM java.util.prefs.FileSystemPreferences syncWorld
2026-08-18 02:01:42,801 [ERROR] LogOutputStream:75 - [STDERR_REDIRECT] WARNING: Couldn't flush system prefs: java.util.prefs.BackingStoreException: Couldn't get file lock.
2026-08-18 02:01:42,801 [ERROR] LogOutputStream:75 - [STDERR_REDIRECT] 
2026-08-18 02:02:12,801 [ERROR] LogOutputStream:75 - [STDERR_REDIRECT] Aug 18, 2026 2:02:12 AM java.util.prefs.FileSystemPreferences checkLockFile0ErrorCode
2026-08-18 02:02:12,801 [ERROR] LogOutputStream:75 - [STDERR_REDIRECT] WARNING: Could not lock System prefs. Unix error code 5.
2026-08-18 02:02:12,802 [ERROR] LogOutputStream:75 - [STDERR_REDIRECT] 
2026-08-18 02:02:12,802 [ERROR] LogOutputStream:75 - [STDERR_REDIRECT] Aug 18, 2026 2:02:12 AM java.util.prefs.FileSystemPreferences syncWorld
2026-08-18 02:02:12,802 [ERROR] LogOutputStream:75 - [STDERR_REDIRECT] WARNING: Couldn't flush system prefs: java.util.prefs.BackingStoreException: Couldn't get file lock.
2026-08-18 02:02:12,802 [ERROR] LogOutputStream:75 - [STDERR_REDIRECT] 
2026-08-18 02:02:42,801 [ERROR] LogOutputStream:75 - [STDERR_REDIRECT] Aug 18, 2026 2:02:42 AM java.util.prefs.FileSystemPreferences checkLockFile0ErrorCode
2026-08-18 02:02:42,801 [ERROR] LogOutputStream:75 - [STDERR_REDIRECT] WARNING: Could not lock System prefs. Unix error code 5.
2026-08-18 02:02:42,803 [ERROR] LogOutputStream:75 - [STDERR_REDIRECT] 
2026-08-18 02:02:42,803 [ERROR] LogOutputStream:75 - [STDERR_REDIRECT] Aug 18, 2026 2:02:42 AM java.util.prefs.FileSystemPreferences syncWorld
2026-08-18 02:02:42,803 [ERROR] LogOutputStream:75 - [STDERR_REDIRECT] WARNING: Couldn't flush system prefs: java.util.prefs.BackingStoreException: Couldn't get file lock.
2026-08-18 02:02:42,804 [ERROR] LogOutputStream:75 - [STDERR_REDIRECT] 
2026-08-18 02:03:12,801 [ERROR] LogOutputStream:75 - [STDERR_REDIRECT] Aug 18, 2026 2:03:12 AM java.util.prefs.FileSystemPreferences checkLockFile0ErrorCode
2026-08-18 02:03:12,801 [ERROR] LogOutputStream:75 - [STDERR_REDIRECT] WARNING: Could not lock System prefs. Unix error code 5.
2026-08-18 02:03:12,801 [ERROR] LogOutputStream:75 - [STDERR_REDIRECT] 
2026-08-18 02:03:12,801 [ERROR] LogOutputStream:75 - [STDERR_REDIRECT] Aug 18, 2026 2:03:12 AM java.util.prefs.FileSystemPreferences syncWorld
2026-08-18 02:03:12,801 [ERROR] LogOutputStream:75 - [STDERR_REDIRECT] WARNING: Couldn't flush system prefs: java.util.prefs.BackingStoreException: Couldn't get file lock.
2026-08-18 02:03:12,801 [ERROR] LogOutputStream:75 - [STDERR_REDIRECT] 
2026-08-18 02:03:42,801 [ERROR] LogOutputStream:75 - [STDERR_REDIRECT] Aug 18, 2026 2:03:42 AM java.util.prefs.FileSystemPreferences checkLockFile0ErrorCode
2026-08-18 02:03:42,801 [ERROR] LogOutputStream:75 - [STDERR_REDIRECT] WARNING: Could not lock System prefs. Unix error code 5.
2026-08-18 02:03:42,801 [ERROR] LogOutputStream:75 - [STDERR_REDIRECT] 
2026-08-18 02:03:42,802 [ERROR] LogOutputStream:75 - [STDERR_REDIRECT] Aug 18, 2026 2:03:42 AM java.util.prefs.FileSystemPreferences syncWorld
2026-08-18 02:03:42,802 [ERROR] LogOutputStream:75 - [STDERR_REDIRECT] WARNING: Couldn't flush system prefs: java.util.prefs.BackingStoreException: Couldn't get file lock.
2026-08-18 02:03:42,802 [ERROR] LogOutputStream:75 - [STDERR_REDIRECT] 
2026-08-18 02:04:12,801 [ERROR] LogOutputStream:75 - [STDERR_REDIRECT] Aug 18, 2026 2:04:12 AM java.util.prefs.FileSystemPreferences checkLockFile0ErrorCode
2026-08-18 02:04:12,802 [ERROR] LogOutputStream:75 - [STDERR_REDIRECT] WARNING: Could not lock System prefs. Unix error code 5.
2026-08-18 02:04:12,802 [ERROR] LogOutputStream:75 - [STDERR_REDIRECT] 
2026-08-18 02:04:12,802 [ERROR] LogOutputStream:75 - [STDERR_REDIRECT] Aug 18, 2026 2:04:12 AM java.util.prefs.FileSystemPreferences syncWorld
2026-08-18 02:04:12,802 [ERROR] LogOutputStream:75 - [STDERR_REDIRECT] WARNING: Couldn't flush system prefs: java.util.prefs.BackingStoreException: Couldn't get file lock.
2026-08-18 02:04:12,802 [ERROR] LogOutputStream:75 - [STDERR_REDIRECT] 
2026-08-18 02:04:42,802 [ERROR] LogOutputStream:75 - [STDERR_REDIRECT] Aug 18, 2026 2:04:42 AM java.util.prefs.FileSystemPreferences checkLockFile0ErrorCode
2026-08-18 02:04:42,802 [ERROR] LogOutputStream:75 - [STDERR_REDIRECT] WARNING: Could not lock System prefs. Unix error code 5.
2026-08-18 02:04:42,802 [ERROR] LogOutputStream:75 - [STDERR_REDIRECT] 
2026-08-18 02:04:42,803 [ERROR] LogOutputStream:75 - [STDERR_REDIRECT] Aug 18, 2026 2:04:42 AM java.util.prefs.FileSystemPreferences syncWorld
2026-08-18 02:04:42,803 [ERROR] LogOutputStream:75 - [STDERR_REDIRECT] WARNING: Couldn't flush system prefs: java.util.prefs.BackingStoreException: Couldn't get file lock.
2026-08-18 02:04:42,803 [ERROR] LogOutputStream:75 - [STDERR_REDIRECT] 
2026-08-18 02:05:12,801 [ERROR] LogOutputStream:75 - [STDERR_REDIRECT] Aug 18, 2026 2:05:12 AM java.util.prefs.FileSystemPreferences checkLockFile0ErrorCode
2026-08-18 02:05:12,801 [ERROR] LogOutputStream:75 - [STDERR_REDIRECT] WARNING: Could not lock System prefs. Unix error code 5.
2026-08-18 02:05:12,802 [ERROR] LogOutputStream:75 - [STDERR_REDIRECT] 
2026-08-18 02:05:12,802 [ERROR] LogOutputStream:75 - [STDERR_REDIRECT] Aug 18, 2026 2:05:12 AM java.util.prefs.FileSystemPreferences syncWorld
2026-08-18 02:05:12,802 [ERROR] LogOutputStream:75 - [STDERR_REDIRECT] WARNING: Couldn't flush system prefs: java.util.prefs.BackingStoreException: Couldn't get file lock.
2026-08-18 02:05:12,802 [ERROR] LogOutputStream:75 - [STDERR_REDIRECT] 
2026-08-18 02:05:42,802 [ERROR] LogOutputStream:75 - [STDERR_REDIRECT] Aug 18, 2026 2:05:42 AM java.util.prefs.FileSystemPreferences checkLockFile0ErrorCode
2026-08-18 02:05:42,802 [ERROR] LogOutputStream:75 - [STDERR_REDIRECT] WARNING: Could not lock System prefs. Unix error code 5.
2026-08-18 02:05:42,802 [ERROR] LogOutputStream:75 - [STDERR_REDIRECT] 
2026-08-18 02:05:42,802 [ERROR] LogOutputStream:75 - [STDERR_REDIRECT] Aug 18, 2026 2:05:42 AM java.util.prefs.FileSystemPreferences syncWorld
2026-08-18 02:05:42,802 [ERROR] LogOutputStream:75 - [STDERR_REDIRECT] WARNING: Couldn't flush system prefs: java.util.prefs.BackingStoreException: Couldn't get file lock.
2026-08-18 02:05:42,802 [ERROR] LogOutputStream:75 - [STDERR_REDIRECT] 
2026-08-18 02:06:12,802 [ERROR] LogOutputStream:75 - [STDERR_REDIRECT] Aug 18, 2026 2:06:12 AM java.util.prefs.FileSystemPreferences checkLockFile0ErrorCode
2026-08-18 02:06:12,802 [ERROR] LogOutputStream:75 - [STDERR_REDIRECT] WARNING: Could not lock System prefs. Unix error code 5.
2026-08-18 02:06:12,802 [ERROR] LogOutputStream:75 - [STDERR_REDIRECT] 
2026-08-18 02:06:12,802 [ERROR] LogOutputStream:75 - [STDERR_REDIRECT] Aug 18, 2026 2:06:12 AM java.util.prefs.FileSystemPreferences syncWorld
2026-08-18 02:06:12,803 [ERROR] LogOutputStream:75 - [STDERR_REDIRECT] WARNING: Couldn't flush system prefs: java.util.prefs.BackingStoreException: Couldn't get file lock.
2026-08-18 02:06:12,803 [ERROR] LogOutputStream:75 - [STDERR_REDIRECT] 
2026-08-18 02:06:42,802 [ERROR] LogOutputStream:75 - [STDERR_REDIRECT] Aug 18, 2026 2:06:42 AM java.util.prefs.FileSystemPreferences checkLockFile0ErrorCode
2026-08-18 02:06:42,802 [ERROR] LogOutputStream:75 - [STDERR_REDIRECT] WARNING: Could not lock System prefs. Unix error code 5.
2026-08-18 02:06:42,802 [ERROR] LogOutputStream:75 - [STDERR_REDIRECT] 
2026-08-18 02:06:42,803 [ERROR] LogOutputStream:75 - [STDERR_REDIRECT] Aug 18, 2026 2:06:42 AM java.util.prefs.FileSystemPreferences syncWorld
2026-08-18 02:06:42,803 [ERROR] LogOutputStream:75 - [STDERR_REDIRECT] WARNING: Couldn't flush system prefs: java.util.prefs.BackingStoreException: Couldn't get file lock.
2026-08-18 02:06:42,803 [ERROR] LogOutputStream:75 - [STDERR_REDIRECT] 
2026-08-18 02:07:12,803 [ERROR] LogOutputStream:75 - [STDERR_REDIRECT] Aug 18, 2026 2:07:12 AM java.util.prefs.FileSystemPreferences checkLockFile0ErrorCode
2026-08-18 02:07:12,803 [ERROR] LogOutputStream:75 - [STDERR_REDIRECT] WARNING: Could not lock System prefs. Unix error code 5.
2026-08-18 02:07:12,803 [ERROR] LogOutputStream:75 - [STDERR_REDIRECT] 
2026-08-18 02:07:12,803 [ERROR] LogOutputStream:75 - [STDERR_REDIRECT] Aug 18, 2026 2:07:12 AM java.util.prefs.FileSystemPreferences syncWorld
2026-08-18 02:07:12,803 [ERROR] LogOutputStream:75 - [STDERR_REDIRECT] WARNING: Couldn't flush system prefs: java.util.prefs.BackingStoreException: Couldn't get file lock.
2026-08-18 02:07:12,803 [ERROR] LogOutputStream:75 - [STDERR_REDIRECT] 
2026-08-18 02:07:42,803 [ERROR] LogOutputStream:75 - [STDERR_REDIRECT] Aug 18, 2026 2:07:42 AM java.util.prefs.FileSystemPreferences checkLockFile0ErrorCode
2026-08-18 02:07:42,803 [ERROR] LogOutputStream:75 - [STDERR_REDIRECT] WARNING: Could not lock System prefs. Unix error code 5.
2026-08-18 02:07:42,803 [ERROR] LogOutputStream:75 - [STDERR_REDIRECT] 
2026-08-18 02:07:42,804 [ERROR] LogOutputStream:75 - [STDERR_REDIRECT] Aug 18, 2026 2:07:42 AM java.util.prefs.FileSystemPreferences syncWorld
2026-08-18 02:07:42,804 [ERROR] LogOutputStream:75 - [STDERR_REDIRECT] WARNING: Couldn't flush system prefs: java.util.prefs.BackingStoreException: Couldn't get file lock.
2026-08-18 02:07:42,804 [ERROR] LogOutputStream:75 - [STDERR_REDIRECT] 
2026-08-18 02:08:12,802 [ERROR] LogOutputStream:75 - [STDERR_REDIRECT] Aug 18, 2026 2:08:12 AM java.util.prefs.FileSystemPreferences checkLockFile0ErrorCode
2026-08-18 02:08:12,802 [ERROR] LogOutputStream:75 - [STDERR_REDIRECT] WARNING: Could not lock System prefs. Unix error code 5.
2026-08-18 02:08:12,802 [ERROR] LogOutputStream:75 - [STDERR_REDIRECT] 
2026-08-18 02:08:12,803 [ERROR] LogOutputStream:75 - [STDERR_REDIRECT] Aug 18, 2026 2:08:12 AM java.util.prefs.FileSystemPreferences syncWorld
2026-08-18 02:08:12,803 [ERROR] LogOutputStream:75 - [STDERR_REDIRECT] WARNING: Couldn't flush system prefs: java.util.prefs.BackingStoreException: Couldn't get file lock.
2026-08-18 02:08:12,803 [ERROR] LogOutputStream:75 - [STDERR_REDIRECT] 
2026-08-18 02:08:42,803 [ERROR] LogOutputStream:75 - [STDERR_REDIRECT] Aug 18, 2026 2:08:42 AM java.util.prefs.FileSystemPreferences checkLockFile0ErrorCode
2026-08-18 02:08:42,803 [ERROR] LogOutputStream:75 - [STDERR_REDIRECT] WARNING: Could not lock System prefs. Unix error code 5.
2026-08-18 02:08:42,803 [ERROR] LogOutputStream:75 - [STDERR_REDIRECT] 
2026-08-18 02:08:42,804 [ERROR] LogOutputStream:75 - [STDERR_REDIRECT] Aug 18, 2026 2:08:42 AM java.util.prefs.FileSystemPreferences syncWorld
2026-08-18 02:08:42,804 [ERROR] LogOutputStream:75 - [STDERR_REDIRECT] WARNING: Couldn't flush system prefs: java.util.prefs.BackingStoreException: Couldn't get file lock.
2026-08-18 02:08:42,804 [ERROR] LogOutputStream:75 - [STDERR_REDIRECT] 
2026-08-18 02:09:12,803 [ERROR] LogOutputStream:75 - [STDERR_REDIRECT] Aug 18, 2026 2:09:12 AM java.util.prefs.FileSystemPreferences checkLockFile0ErrorCode
2026-08-18 02:09:12,803 [ERROR] LogOutputStream:75 - [STDERR_REDIRECT] WARNING: Could not lock System prefs. Unix error code 5.
2026-08-18 02:09:12,803 [ERROR] LogOutputStream:75 - [STDERR_REDIRECT] 
2026-08-18 02:09:12,803 [ERROR] LogOutputStream:75 - [STDERR_REDIRECT] Aug 18, 2026 2:09:12 AM java.util.prefs.FileSystemPreferences syncWorld
2026-08-18 02:09:12,803 [ERROR] LogOutputStream:75 - [STDERR_REDIRECT] WARNING: Couldn't flush system prefs: java.util.prefs.BackingStoreException: Couldn't get file lock.
2026-08-18 02:09:12,804 [ERROR] LogOutputStream:75 - [STDERR_REDIRECT] 
2026-08-18 02:09:42,802 [ERROR] LogOutputStream:75 - [STDERR_REDIRECT] Aug 18, 2026 2:09:42 AM java.util.prefs.FileSystemPreferences checkLockFile0ErrorCode
2026-08-18 02:09:42,803 [ERROR] LogOutputStream:75 - [STDERR_REDIRECT] WARNING: Could not lock System prefs. Unix error code 5.
2026-08-18 02:09:42,803 [ERROR] LogOutputStream:75 - [STDERR_REDIRECT] 
2026-08-18 02:09:42,803 [ERROR] LogOutputStream:75 - [STDERR_REDIRECT] Aug 18, 2026 2:09:42 AM java.util.prefs.FileSystemPreferences syncWorld
2026-08-18 02:09:42,803 [ERROR] LogOutputStream:75 - [STDERR_REDIRECT] WARNING: Couldn't flush system prefs: java.util.prefs.BackingStoreException: Couldn't get file lock.
2026-08-18 02:09:42,803 [ERROR] LogOutputStream:75 - [STDERR_REDIRECT] 
2026-08-18 02:10:12,803 [ERROR] LogOutputStream:75 - [STDERR_REDIRECT] Aug 18, 2026 2:10:12 AM java.util.prefs.FileSystemPreferences checkLockFile0ErrorCode
2026-08-18 02:10:12,803 [ERROR] LogOutputStream:75 - [STDERR_REDIRECT] WARNING: Could not lock System prefs. Unix error code 5.
2026-08-18 02:10:12,803 [ERROR] LogOutputStream:75 - [STDERR_REDIRECT] 
2026-08-18 02:10:12,803 [ERROR] LogOutputStream:75 - [STDERR_REDIRECT] Aug 18, 2026 2:10:12 AM java.util.prefs.FileSystemPreferences syncWorld
2026-08-18 02:10:12,804 [ERROR] LogOutputStream:75 - [STDERR_REDIRECT] WARNING: Couldn't flush system prefs: java.util.prefs.BackingStoreException: Couldn't get file lock.
2026-08-18 02:10:12,804 [ERROR] LogOutputStream:75 - [STDERR_REDIRECT] 
2026-08-18 02:10:42,802 [ERROR] LogOutputStream:75 - [STDERR_REDIRECT] Aug 18, 2026 2:10:42 AM java.util.prefs.FileSystemPreferences checkLockFile0ErrorCode
2026-08-18 02:10:42,803 [ERROR] LogOutputStream:75 - [STDERR_REDIRECT] WARNING: Could not lock System prefs. Unix error code 5.
2026-08-18 02:10:42,803 [ERROR] LogOutputStream:75 - [STDERR_REDIRECT] 
2026-08-18 02:10:42,803 [ERROR] LogOutputStream:75 - [STDERR_REDIRECT] Aug 18, 2026 2:10:42 AM java.util.prefs.FileSystemPreferences syncWorld
2026-08-18 02:10:42,803 [ERROR] LogOutputStream:75 - [STDERR_REDIRECT] WARNING: Couldn't flush system prefs: java.util.prefs.BackingStoreException: Couldn't get file lock.
2026-08-18 02:10:42,803 [ERROR] LogOutputStream:75 - [STDERR_REDIRECT] 
2026-08-18 02:11:12,803 [ERROR] LogOutputStream:75 - [STDERR_REDIRECT] Aug 18, 2026 2:11:12 AM java.util.prefs.FileSystemPreferences checkLockFile0ErrorCode
2026-08-18 02:11:12,803 [ERROR] LogOutputStream:75 - [STDERR_REDIRECT] WARNING: Could not lock System prefs. Unix error code 5.
2026-08-18 02:11:12,803 [ERROR] LogOutputStream:75 - [STDERR_REDIRECT] 
2026-08-18 02:11:12,803 [ERROR] LogOutputStream:75 - [STDERR_REDIRECT] Aug 18, 2026 2:11:12 AM java.util.prefs.FileSystemPreferences syncWorld
2026-08-18 02:11:12,803 [ERROR] LogOutputStream:75 - [STDERR_REDIRECT] WARNING: Couldn't flush system prefs: java.util.prefs.BackingStoreException: Couldn't get file lock.
2026-08-18 02:11:12,803 [ERROR] LogOutputStream:75 - [STDERR_REDIRECT] 
2026-08-18 02:11:42,803 [ERROR] LogOutputStream:75 - [STDERR_REDIRECT] Aug 18, 2026 2:11:42 AM java.util.prefs.FileSystemPreferences checkLockFile0ErrorCode
2026-08-18 02:11:42,803 [ERROR] LogOutputStream:75 - [STDERR_REDIRECT] WARNING: Could not lock System prefs. Unix error code 5.
2026-08-18 02:11:42,803 [ERROR] LogOutputStream:75 - [STDERR_REDIRECT] 
2026-08-18 02:11:42,804 [ERROR] LogOutputStream:75 - [STDERR_REDIRECT] Aug 18, 2026 2:11:42 AM java.util.prefs.FileSystemPreferences syncWorld
2026-08-18 02:11:42,804 [ERROR] LogOutputStream:75 - [STDERR_REDIRECT] WARNING: Couldn't flush system prefs: java.util.prefs.BackingStoreException: Couldn't get file lock.
2026-08-18 02:11:42,804 [ERROR] LogOutputStream:75 - [STDERR_REDIRECT] 
2026-08-18 02:12:12,804 [ERROR] LogOutputStream:75 - [STDERR_REDIRECT] Aug 18, 2026 2:12:12 AM java.util.prefs.FileSystemPreferences checkLockFile0ErrorCode
2026-08-18 02:12:12,804 [ERROR] LogOutputStream:75 - [STDERR_REDIRECT] WARNING: Could not lock System prefs. Unix error code 5.
2026-08-18 02:12:12,804 [ERROR] LogOutputStream:75 - [STDERR_REDIRECT] 
2026-08-18 02:12:12,804 [ERROR] LogOutputStream:75 - [STDERR_REDIRECT] Aug 18, 2026 2:12:12 AM java.util.prefs.FileSystemPreferences syncWorld
2026-08-18 02:12:12,804 [ERROR] LogOutputStream:75 - [STDERR_REDIRECT] WARNING: Couldn't flush system prefs: java.util.prefs.BackingStoreException: Couldn't get file lock.
2026-08-18 02:12:12,804 [ERROR] LogOutputStream:75 - [STDERR_REDIRECT] 
2026-08-18 02:12:42,805 [ERROR] LogOutputStream:75 - [STDERR_REDIRECT] Aug 18, 2026 2:12:42 AM java.util.prefs.FileSystemPreferences checkLockFile0ErrorCode
2026-08-18 02:12:42,805 [ERROR] LogOutputStream:75 - [STDERR_REDIRECT] WARNING: Could not lock System prefs. Unix error code 5.
2026-08-18 02:12:42,805 [ERROR] LogOutputStream:75 - [STDERR_REDIRECT] 
2026-08-18 02:12:42,805 [ERROR] LogOutputStream:75 - [STDERR_REDIRECT] Aug 18, 2026 2:12:42 AM java.util.prefs.FileSystemPreferences syncWorld
2026-08-18 02:12:42,805 [ERROR] LogOutputStream:75 - [STDERR_REDIRECT] WARNING: Couldn't flush system prefs: java.util.prefs.BackingStoreException: Couldn't get file lock.
2026-08-18 02:12:42,805 [ERROR] LogOutputStream:75 - [STDERR_REDIRECT] 
2026-08-18 02:13:12,805 [ERROR] LogOutputStream:75 - [STDERR_REDIRECT] Aug 18, 2026 2:13:12 AM java.util.prefs.FileSystemPreferences checkLockFile0ErrorCode
2026-08-18 02:13:12,805 [ERROR] LogOutputStream:75 - [STDERR_REDIRECT] WARNING: Could not lock System prefs. Unix error code 5.
2026-08-18 02:13:12,805 [ERROR] LogOutputStream:75 - [STDERR_REDIRECT] 
2026-08-18 02:13:12,806 [ERROR] LogOutputStream:75 - [STDERR_REDIRECT] Aug 18, 2026 2:13:12 AM java.util.prefs.FileSystemPreferences syncWorld
2026-08-18 02:13:12,806 [ERROR] LogOutputStream:75 - [STDERR_REDIRECT] WARNING: Couldn't flush system prefs: java.util.prefs.BackingStoreException: Couldn't get file lock.
2026-08-18 02:13:12,806 [ERROR] LogOutputStream:75 - [STDERR_REDIRECT] 
2026-08-18 02:13:42,805 [ERROR] LogOutputStream:75 - [STDERR_REDIRECT] Aug 18, 2026 2:13:42 AM java.util.prefs.FileSystemPreferences checkLockFile0ErrorCode
2026-08-18 02:13:42,805 [ERROR] LogOutputStream:75 - [STDERR_REDIRECT] WARNING: Could not lock System prefs. Unix error code 5.
2026-08-18 02:13:42,805 [ERROR] LogOutputStream:75 - [STDERR_REDIRECT] 
2026-08-18 02:13:42,806 [ERROR] LogOutputStream:75 - [STDERR_REDIRECT] Aug 18, 2026 2:13:42 AM java.util.prefs.FileSystemPreferences syncWorld
2026-08-18 02:13:42,806 [ERROR] LogOutputStream:75 - [STDERR_REDIRECT] WARNING: Couldn't flush system prefs: java.util.prefs.BackingStoreException: Couldn't get file lock.
2026-08-18 02:13:42,806 [ERROR] LogOutputStream:75 - [STDERR_REDIRECT] 
2026-08-18 02:14:12,806 [ERROR] LogOutputStream:75 - [STDERR_REDIRECT] Aug 18, 2026 2:14:12 AM java.util.prefs.FileSystemPreferences checkLockFile0ErrorCode
2026-08-18 02:14:12,806 [ERROR] LogOutputStream:75 - [STDERR_REDIRECT] WARNING: Could not lock System prefs. Unix error code 5.
2026-08-18 02:14:12,806 [ERROR] LogOutputStream:75 - [STDERR_REDIRECT] 
2026-08-18 02:14:12,806 [ERROR] LogOutputStream:75 - [STDERR_REDIRECT] Aug 18, 2026 2:14:12 AM java.util.prefs.FileSystemPreferences syncWorld
2026-08-18 02:14:12,806 [ERROR] LogOutputStream:75 - [STDERR_REDIRECT] WARNING: Couldn't flush system prefs: java.util.prefs.BackingStoreException: Couldn't get file lock.
2026-08-18 02:14:12,806 [ERROR] LogOutputStream:75 - [STDERR_REDIRECT] 
2026-08-18 02:14:42,807 [ERROR] LogOutputStream:75 - [STDERR_REDIRECT] Aug 18, 2026 2:14:42 AM java.util.prefs.FileSystemPreferences checkLockFile0ErrorCode
2026-08-18 02:14:42,808 [ERROR] LogOutputStream:75 - [STDERR_REDIRECT] WARNING: Could not lock System prefs. Unix error code 5.
2026-08-18 02:14:42,808 [ERROR] LogOutputStream:75 - [STDERR_REDIRECT] 
2026-08-18 02:14:42,808 [ERROR] LogOutputStream:75 - [STDERR_REDIRECT] Aug 18, 2026 2:14:42 AM java.util.prefs.FileSystemPreferences syncWorld
2026-08-18 02:14:42,808 [ERROR] LogOutputStream:75 - [STDERR_REDIRECT] WARNING: Couldn't flush system prefs: java.util.prefs.BackingStoreException: Couldn't get file lock.
2026-08-18 02:14:42,808 [ERROR] LogOutputStream:75 - [STDERR_REDIRECT] 
2026-08-18 02:15:12,807 [ERROR] LogOutputStream:75 - [STDERR_REDIRECT] Aug 18, 2026 2:15:12 AM java.util.prefs.FileSystemPreferences checkLockFile0ErrorCode
2026-08-18 02:15:12,807 [ERROR] LogOutputStream:75 - [STDERR_REDIRECT] WARNING: Could not lock System prefs. Unix error code 5.
2026-08-18 02:15:12,808 [ERROR] LogOutputStream:75 - [STDERR_REDIRECT] 
2026-08-18 02:15:12,808 [ERROR] LogOutputStream:75 - [STDERR_REDIRECT] Aug 18, 2026 2:15:12 AM java.util.prefs.FileSystemPreferences syncWorld
2026-08-18 02:15:12,808 [ERROR] LogOutputStream:75 - [STDERR_REDIRECT] WARNING: Couldn't flush system prefs: java.util.prefs.BackingStoreException: Couldn't get file lock.
2026-08-18 02:15:12,808 [ERROR] LogOutputStream:75 - [STDERR_REDIRECT] 
2026-08-18 02:15:42,807 [ERROR] LogOutputStream:75 - [STDERR_REDIRECT] Aug 18, 2026 2:15:42 AM java.util.prefs.FileSystemPreferences checkLockFile0ErrorCode
2026-08-18 02:15:42,807 [ERROR] LogOutputStream:75 - [STDERR_REDIRECT] WARNING: Could not lock System prefs. Unix error code 5.
2026-08-18 02:15:42,807 [ERROR] LogOutputStream:75 - [STDERR_REDIRECT] 
2026-08-18 02:15:42,807 [ERROR] LogOutputStream:75 - [STDERR_REDIRECT] Aug 18, 2026 2:15:42 AM java.util.prefs.FileSystemPreferences syncWorld
2026-08-18 02:15:42,808 [ERROR] LogOutputStream:75 - [STDERR_REDIRECT] WARNING: Couldn't flush system prefs: java.util.prefs.BackingStoreException: Couldn't get file lock.
2026-08-18 02:15:42,808 [ERROR] LogOutputStream:75 - [STDERR_REDIRECT] 
2026-08-18 02:16:12,806 [ERROR] LogOutputStream:75 - [STDERR_REDIRECT] Aug 18, 2026 2:16:12 AM java.util.prefs.FileSystemPreferences checkLockFile0ErrorCode
2026-08-18 02:16:12,807 [ERROR] LogOutputStream:75 - [STDERR_REDIRECT] WARNING: Could not lock System prefs. Unix error code 5.
2026-08-18 02:16:12,807 [ERROR] LogOutputStream:75 - [STDERR_REDIRECT] 
2026-08-18 02:16:12,807 [ERROR] LogOutputStream:75 - [STDERR_REDIRECT] Aug 18, 2026 2:16:12 AM java.util.prefs.FileSystemPreferences syncWorld
2026-08-18 02:16:12,807 [ERROR] LogOutputStream:75 - [STDERR_REDIRECT] WARNING: Couldn't flush system prefs: java.util.prefs.BackingStoreException: Couldn't get file lock.
2026-08-18 02:16:12,807 [ERROR] LogOutputStream:75 - [STDERR_REDIRECT] 
2026-08-18 02:16:42,807 [ERROR] LogOutputStream:75 - [STDERR_REDIRECT] Aug 18, 2026 2:16:42 AM java.util.prefs.FileSystemPreferences checkLockFile0ErrorCode
2026-08-18 02:16:42,807 [ERROR] LogOutputStream:75 - [STDERR_REDIRECT] WARNING: Could not lock System prefs. Unix error code 5.
2026-08-18 02:16:42,807 [ERROR] LogOutputStream:75 - [STDERR_REDIRECT] 
2026-08-18 02:16:42,808 [ERROR] LogOutputStream:75 - [STDERR_REDIRECT] Aug 18, 2026 2:16:42 AM java.util.prefs.FileSystemPreferences syncWorld
2026-08-18 02:16:42,808 [ERROR] LogOutputStream:75 - [STDERR_REDIRECT] WARNING: Couldn't flush system prefs: java.util.prefs.BackingStoreException: Couldn't get file lock.
2026-08-18 02:16:42,808 [ERROR] LogOutputStream:75 - [STDERR_REDIRECT] 
2026-08-18 02:17:12,806 [ERROR] LogOutputStream:75 - [STDERR_REDIRECT] Aug 18, 2026 2:17:12 AM java.util.prefs.FileSystemPreferences checkLockFile0ErrorCode
2026-08-18 02:17:12,806 [ERROR] LogOutputStream:75 - [STDERR_REDIRECT] WARNING: Could not lock System prefs. Unix error code 5.
2026-08-18 02:17:12,807 [ERROR] LogOutputStream:75 - [STDERR_REDIRECT] 
2026-08-18 02:17:12,807 [ERROR] LogOutputStream:75 - [STDERR_REDIRECT] Aug 18, 2026 2:17:12 AM java.util.prefs.FileSystemPreferences syncWorld
2026-08-18 02:17:12,807 [ERROR] LogOutputStream:75 - [STDERR_REDIRECT] WARNING: Couldn't flush system prefs: java.util.prefs.BackingStoreException: Couldn't get file lock.
2026-08-18 02:17:12,807 [ERROR] LogOutputStream:75 - [STDERR_REDIRECT] 
2026-08-18 02:17:42,807 [ERROR] LogOutputStream:75 - [STDERR_REDIRECT] Aug 18, 2026 2:17:42 AM java.util.prefs.FileSystemPreferences checkLockFile0ErrorCode
2026-08-18 02:17:42,808 [ERROR] LogOutputStream:75 - [STDERR_REDIRECT] WARNING: Could not lock System prefs. Unix error code 5.
2026-08-18 02:17:42,808 [ERROR] LogOutputStream:75 - [STDERR_REDIRECT] 
2026-08-18 02:17:42,808 [ERROR] LogOutputStream:75 - [STDERR_REDIRECT] Aug 18, 2026 2:17:42 AM java.util.prefs.FileSystemPreferences syncWorld
2026-08-18 02:17:42,808 [ERROR] LogOutputStream:75 - [STDERR_REDIRECT] WARNING: Couldn't flush system prefs: java.util.prefs.BackingStoreException: Couldn't get file lock.
2026-08-18 02:17:42,808 [ERROR] LogOutputStream:75 - [STDERR_REDIRECT] 
2026-08-18 02:18:12,807 [ERROR] LogOutputStream:75 - [STDERR_REDIRECT] Aug 18, 2026 2:18:12 AM java.util.prefs.FileSystemPreferences checkLockFile0ErrorCode
2026-08-18 02:18:12,807 [ERROR] LogOutputStream:75 - [STDERR_REDIRECT] WARNING: Could not lock System prefs. Unix error code 5.
2026-08-18 02:18:12,808 [ERROR] LogOutputStream:75 - [STDERR_REDIRECT] 
2026-08-18 02:18:12,808 [ERROR] LogOutputStream:75 - [STDERR_REDIRECT] Aug 18, 2026 2:18:12 AM java.util.prefs.FileSystemPreferences syncWorld
2026-08-18 02:18:12,808 [ERROR] LogOutputStream:75 - [STDERR_REDIRECT] WARNING: Couldn't flush system prefs: java.util.prefs.BackingStoreException: Couldn't get file lock.
2026-08-18 02:18:12,808 [ERROR] LogOutputStream:75 - [STDERR_REDIRECT] 
2026-08-18 02:18:42,807 [ERROR] LogOutputStream:75 - [STDERR_REDIRECT] Aug 18, 2026 2:18:42 AM java.util.prefs.FileSystemPreferences checkLockFile0ErrorCode
2026-08-18 02:18:42,807 [ERROR] LogOutputStream:75 - [STDERR_REDIRECT] WARNING: Could not lock System prefs. Unix error code 5.
2026-08-18 02:18:42,807 [ERROR] LogOutputStream:75 - [STDERR_REDIRECT] 
2026-08-18 02:18:42,807 [ERROR] LogOutputStream:75 - [STDERR_REDIRECT] Aug 18, 2026 2:18:42 AM java.util.prefs.FileSystemPreferences syncWorld
2026-08-18 02:18:42,807 [ERROR] LogOutputStream:75 - [STDERR_REDIRECT] WARNING: Couldn't flush system prefs: java.util.prefs.BackingStoreException: Couldn't get file lock.
2026-08-18 02:18:42,807 [ERROR] LogOutputStream:75 - [STDERR_REDIRECT] 
2026-08-18 02:19:12,807 [ERROR] LogOutputStream:75 - [STDERR_REDIRECT] Aug 18, 2026 2:19:12 AM java.util.prefs.FileSystemPreferences checkLockFile0ErrorCode
2026-08-18 02:19:12,807 [ERROR] LogOutputStream:75 - [STDERR_REDIRECT] WARNING: Could not lock System prefs. Unix error code 5.
2026-08-18 02:19:12,808 [ERROR] LogOutputStream:75 - [STDERR_REDIRECT] 
2026-08-18 02:19:12,808 [ERROR] LogOutputStream:75 - [STDERR_REDIRECT] Aug 18, 2026 2:19:12 AM java.util.prefs.FileSystemPreferences syncWorld
2026-08-18 02:19:12,808 [ERROR] LogOutputStream:75 - [STDERR_REDIRECT] WARNING: Couldn't flush system prefs: java.util.prefs.BackingStoreException: Couldn't get file lock.
2026-08-18 02:19:12,808 [ERROR] LogOutputStream:75 - [STDERR_REDIRECT] 
2026-08-18 02:19:42,807 [ERROR] LogOutputStream:75 - [STDERR_REDIRECT] Aug 18, 2026 2:19:42 AM java.util.prefs.FileSystemPreferences checkLockFile0ErrorCode
2026-08-18 02:19:42,808 [ERROR] LogOutputStream:75 - [STDERR_REDIRECT] WARNING: Could not lock System prefs. Unix error code 5.
2026-08-18 02:19:42,808 [ERROR] LogOutputStream:75 - [STDERR_REDIRECT] 
2026-08-18 02:19:42,808 [ERROR] LogOutputStream:75 - [STDERR_REDIRECT] Aug 18, 2026 2:19:42 AM java.util.prefs.FileSystemPreferences syncWorld
2026-08-18 02:19:42,808 [ERROR] LogOutputStream:75 - [STDERR_REDIRECT] WARNING: Couldn't flush system prefs: java.util.prefs.BackingStoreException: Couldn't get file lock.
2026-08-18 02:19:42,808 [ERROR] LogOutputStream:75 - [STDERR_REDIRECT] 
2026-08-18 02:20:12,808 [ERROR] LogOutputStream:75 - [STDERR_REDIRECT] Aug 18, 2026 2:20:12 AM java.util.prefs.FileSystemPreferences checkLockFile0ErrorCode
2026-08-18 02:20:12,808 [ERROR] LogOutputStream:75 - [STDERR_REDIRECT] WARNING: Could not lock System prefs. Unix error code 5.
2026-08-18 02:20:12,808 [ERROR] LogOutputStream:75 - [STDERR_REDIRECT] 
2026-08-18 02:20:12,808 [ERROR] LogOutputStream:75 - [STDERR_REDIRECT] Aug 18, 2026 2:20:12 AM java.util.prefs.FileSystemPreferences syncWorld
2026-08-18 02:20:12,808 [ERROR] LogOutputStream:75 - [STDERR_REDIRECT] WARNING: Couldn't flush system prefs: java.util.prefs.BackingStoreException: Couldn't get file lock.
2026-08-18 02:20:12,808 [ERROR] LogOutputStream:75 - [STDERR_REDIRECT] 
2026-08-18 02:20:42,808 [ERROR] LogOutputStream:75 - [STDERR_REDIRECT] Aug 18, 2026 2:20:42 AM java.util.prefs.FileSystemPreferences checkLockFile0ErrorCode
2026-08-18 02:20:42,809 [ERROR] LogOutputStream:75 - [STDERR_REDIRECT] WARNING: Could not lock System prefs. Unix error code 5.
2026-08-18 02:20:42,809 [ERROR] LogOutputStream:75 - [STDERR_REDIRECT] 
2026-08-18 02:20:42,809 [ERROR] LogOutputStream:75 - [STDERR_REDIRECT] Aug 18, 2026 2:20:42 AM java.util.prefs.FileSystemPreferences syncWorld
2026-08-18 02:20:42,809 [ERROR] LogOutputStream:75 - [STDERR_REDIRECT] WARNING: Couldn't flush system prefs: java.util.prefs.BackingStoreException: Couldn't get file lock.
2026-08-18 02:20:42,809 [ERROR] LogOutputStream:75 - [STDERR_REDIRECT] 
2026-08-18 02:21:12,807 [ERROR] LogOutputStream:75 - [STDERR_REDIRECT] Aug 18, 2026 2:21:12 AM java.util.prefs.FileSystemPreferences checkLockFile0ErrorCode
2026-08-18 02:21:12,807 [ERROR] LogOutputStream:75 - [STDERR_REDIRECT] WARNING: Could not lock System prefs. Unix error code 5.
2026-08-18 02:21:12,808 [ERROR] LogOutputStream:75 - [STDERR_REDIRECT] 
2026-08-18 02:21:12,808 [ERROR] LogOutputStream:75 - [STDERR_REDIRECT] Aug 18, 2026 2:21:12 AM java.util.prefs.FileSystemPreferences syncWorld
2026-08-18 02:21:12,808 [ERROR] LogOutputStream:75 - [STDERR_REDIRECT] WARNING: Couldn't flush system prefs: java.util.prefs.BackingStoreException: Couldn't get file lock.
2026-08-18 02:21:12,808 [ERROR] LogOutputStream:75 - [STDERR_REDIRECT] 
2026-08-18 02:21:42,808 [ERROR] LogOutputStream:75 - [STDERR_REDIRECT] Aug 18, 2026 2:21:42 AM java.util.prefs.FileSystemPreferences checkLockFile0ErrorCode
2026-08-18 02:21:42,809 [ERROR] LogOutputStream:75 - [STDERR_REDIRECT] WARNING: Could not lock System prefs. Unix error code 5.
2026-08-18 02:21:42,809 [ERROR] LogOutputStream:75 - [STDERR_REDIRECT] 
2026-08-18 02:21:42,809 [ERROR] LogOutputStream:75 - [STDERR_REDIRECT] Aug 18, 2026 2:21:42 AM java.util.prefs.FileSystemPreferences syncWorld
2026-08-18 02:21:42,809 [ERROR] LogOutputStream:75 - [STDERR_REDIRECT] WARNING: Couldn't flush system prefs: java.util.prefs.BackingStoreException: Couldn't get file lock.
2026-08-18 02:21:42,809 [ERROR] LogOutputStream:75 - [STDERR_REDIRECT] 
2026-08-18 02:22:12,809 [ERROR] LogOutputStream:75 - [STDERR_REDIRECT] Aug 18, 2026 2:22:12 AM java.util.prefs.FileSystemPreferences checkLockFile0ErrorCode
2026-08-18 02:22:12,810 [ERROR] LogOutputStream:75 - [STDERR_REDIRECT] WARNING: Could not lock System prefs. Unix error code 5.
2026-08-18 02:22:12,810 [ERROR] LogOutputStream:75 - [STDERR_REDIRECT] 
2026-08-18 02:22:12,810 [ERROR] LogOutputStream:75 - [STDERR_REDIRECT] Aug 18, 2026 2:22:12 AM java.util.prefs.FileSystemPreferences syncWorld
2026-08-18 02:22:12,810 [ERROR] LogOutputStream:75 - [STDERR_REDIRECT] WARNING: Couldn't flush system prefs: java.util.prefs.BackingStoreException: Couldn't get file lock.
2026-08-18 02:22:12,810 [ERROR] LogOutputStream:75 - [STDERR_REDIRECT] 
2026-08-18 02:22:42,810 [ERROR] LogOutputStream:75 - [STDERR_REDIRECT] Aug 18, 2026 2:22:42 AM java.util.prefs.FileSystemPreferences checkLockFile0ErrorCode
2026-08-18 02:22:42,810 [ERROR] LogOutputStream:75 - [STDERR_REDIRECT] WARNING: Could not lock System prefs. Unix error code 5.
2026-08-18 02:22:42,810 [ERROR] LogOutputStream:75 - [STDERR_REDIRECT] 
2026-08-18 02:22:42,810 [ERROR] LogOutputStream:75 - [STDERR_REDIRECT] Aug 18, 2026 2:22:42 AM java.util.prefs.FileSystemPreferences syncWorld
2026-08-18 02:22:42,810 [ERROR] LogOutputStream:75 - [STDERR_REDIRECT] WARNING: Couldn't flush system prefs: java.util.prefs.BackingStoreException: Couldn't get file lock.
2026-08-18 02:22:42,810 [ERROR] LogOutputStream:75 - [STDERR_REDIRECT] 
2026-08-18 02:23:12,810 [ERROR] LogOutputStream:75 - [STDERR_REDIRECT] Aug 18, 2026 2:23:12 AM java.util.prefs.FileSystemPreferences checkLockFile0ErrorCode
2026-08-18 02:23:12,810 [ERROR] LogOutputStream:75 - [STDERR_REDIRECT] WARNING: Could not lock System prefs. Unix error code 5.
2026-08-18 02:23:12,810 [ERROR] LogOutputStream:75 - [STDERR_REDIRECT] 
2026-08-18 02:23:12,810 [ERROR] LogOutputStream:75 - [STDERR_REDIRECT] Aug 18, 2026 2:23:12 AM java.util.prefs.FileSystemPreferences syncWorld
2026-08-18 02:23:12,811 [ERROR] LogOutputStream:75 - [STDERR_REDIRECT] WARNING: Couldn't flush system prefs: java.util.prefs.BackingStoreException: Couldn't get file lock.
2026-08-18 02:23:12,811 [ERROR] LogOutputStream:75 - [STDERR_REDIRECT] 
2026-08-18 02:23:42,809 [ERROR] LogOutputStream:75 - [STDERR_REDIRECT] Aug 18, 2026 2:23:42 AM java.util.prefs.FileSystemPreferences checkLockFile0ErrorCode
2026-08-18 02:23:42,810 [ERROR] LogOutputStream:75 - [STDERR_REDIRECT] WARNING: Could not lock System prefs. Unix error code 5.
2026-08-18 02:23:42,810 [ERROR] LogOutputStream:75 - [STDERR_REDIRECT] 
2026-08-18 02:23:42,810 [ERROR] LogOutputStream:75 - [STDERR_REDIRECT] Aug 18, 2026 2:23:42 AM java.util.prefs.FileSystemPreferences syncWorld
2026-08-18 02:23:42,810 [ERROR] LogOutputStream:75 - [STDERR_REDIRECT] WARNING: Couldn't flush system prefs: java.util.prefs.BackingStoreException: Couldn't get file lock.
2026-08-18 02:23:42,810 [ERROR] LogOutputStream:75 - [STDERR_REDIRECT] 
2026-08-18 02:24:12,810 [ERROR] LogOutputStream:75 - [STDERR_REDIRECT] Aug 18, 2026 2:24:12 AM java.util.prefs.FileSystemPreferences checkLockFile0ErrorCode
2026-08-18 02:24:12,810 [ERROR] LogOutputStream:75 - [STDERR_REDIRECT] WARNING: Could not lock System prefs. Unix error code 5.
2026-08-18 02:24:12,810 [ERROR] LogOutputStream:75 - [STDERR_REDIRECT] 
2026-08-18 02:24:12,810 [ERROR] LogOutputStream:75 - [STDERR_REDIRECT] Aug 18, 2026 2:24:12 AM java.util.prefs.FileSystemPreferences syncWorld
2026-08-18 02:24:12,810 [ERROR] LogOutputStream:75 - [STDERR_REDIRECT] WARNING: Couldn't flush system prefs: java.util.prefs.BackingStoreException: Couldn't get file lock.
2026-08-18 02:24:12,811 [ERROR] LogOutputStream:75 - [STDERR_REDIRECT] 
2026-08-18 02:24:42,810 [ERROR] LogOutputStream:75 - [STDERR_REDIRECT] Aug 18, 2026 2:24:42 AM java.util.prefs.FileSystemPreferences checkLockFile0ErrorCode
2026-08-18 02:24:42,810 [ERROR] LogOutputStream:75 - [STDERR_REDIRECT] WARNING: Could not lock System prefs. Unix error code 5.
2026-08-18 02:24:42,810 [ERROR] LogOutputStream:75 - [STDERR_REDIRECT] 
2026-08-18 02:24:42,810 [ERROR] LogOutputStream:75 - [STDERR_REDIRECT] Aug 18, 2026 2:24:42 AM java.util.prefs.FileSystemPreferences syncWorld
2026-08-18 02:24:42,811 [ERROR] LogOutputStream:75 - [STDERR_REDIRECT] WARNING: Couldn't flush system prefs: java.util.prefs.BackingStoreException: Couldn't get file lock.
2026-08-18 02:24:42,811 [ERROR] LogOutputStream:75 - [STDERR_REDIRECT] 
2026-08-18 02:25:12,811 [ERROR] LogOutputStream:75 - [STDERR_REDIRECT] Aug 18, 2026 2:25:12 AM java.util.prefs.FileSystemPreferences checkLockFile0ErrorCode
2026-08-18 02:25:12,811 [ERROR] LogOutputStream:75 - [STDERR_REDIRECT] WARNING: Could not lock System prefs. Unix error code 5.
2026-08-18 02:25:12,811 [ERROR] LogOutputStream:75 - [STDERR_REDIRECT] 
2026-08-18 02:25:12,811 [ERROR] LogOutputStream:75 - [STDERR_REDIRECT] Aug 18, 2026 2:25:12 AM java.util.prefs.FileSystemPreferences syncWorld
2026-08-18 02:25:12,811 [ERROR] LogOutputStream:75 - [STDERR_REDIRECT] WARNING: Couldn't flush system prefs: java.util.prefs.BackingStoreException: Couldn't get file lock.
2026-08-18 02:25:12,811 [ERROR] LogOutputStream:75 - [STDERR_REDIRECT] 
2026-08-18 02:25:42,811 [ERROR] LogOutputStream:75 - [STDERR_REDIRECT] Aug 18, 2026 2:25:42 AM java.util.prefs.FileSystemPreferences checkLockFile0ErrorCode
2026-08-18 02:25:42,811 [ERROR] LogOutputStream:75 - [STDERR_REDIRECT] WARNING: Could not lock System prefs. Unix error code 5.
2026-08-18 02:25:42,812 [ERROR] LogOutputStream:75 - [STDERR_REDIRECT] 
2026-08-18 02:25:42,812 [ERROR] LogOutputStream:75 - [STDERR_REDIRECT] Aug 18, 2026 2:25:42 AM java.util.prefs.FileSystemPreferences syncWorld
2026-08-18 02:25:42,812 [ERROR] LogOutputStream:75 - [STDERR_REDIRECT] WARNING: Couldn't flush system prefs: java.util.prefs.BackingStoreException: Couldn't get file lock.
2026-08-18 02:25:42,812 [ERROR] LogOutputStream:75 - [STDERR_REDIRECT] 
2026-08-18 02:26:12,812 [ERROR] LogOutputStream:75 - [STDERR_REDIRECT] Aug 18, 2026 2:26:12 AM java.util.prefs.FileSystemPreferences checkLockFile0ErrorCode
2026-08-18 02:26:12,812 [ERROR] LogOutputStream:75 - [STDERR_REDIRECT] WARNING: Could not lock System prefs. Unix error code 5.
2026-08-18 02:26:12,812 [ERROR] LogOutputStream:75 - [STDERR_REDIRECT] 
2026-08-18 02:26:12,812 [ERROR] LogOutputStream:75 - [STDERR_REDIRECT] Aug 18, 2026 2:26:12 AM java.util.prefs.FileSystemPreferences syncWorld
2026-08-18 02:26:12,812 [ERROR] LogOutputStream:75 - [STDERR_REDIRECT] WARNING: Couldn't flush system prefs: java.util.prefs.BackingStoreException: Couldn't get file lock.
2026-08-18 02:26:12,812 [ERROR] LogOutputStream:75 - [STDERR_REDIRECT] 
2026-08-18 02:26:42,812 [ERROR] LogOutputStream:75 - [STDERR_REDIRECT] Aug 18, 2026 2:26:42 AM java.util.prefs.FileSystemPreferences checkLockFile0ErrorCode
2026-08-18 02:26:42,812 [ERROR] LogOutputStream:75 - [STDERR_REDIRECT] WARNING: Could not lock System prefs. Unix error code 5.
2026-08-18 02:26:42,812 [ERROR] LogOutputStream:75 - [STDERR_REDIRECT] 
2026-08-18 02:26:42,812 [ERROR] LogOutputStream:75 - [STDERR_REDIRECT] Aug 18, 2026 2:26:42 AM java.util.prefs.FileSystemPreferences syncWorld
2026-08-18 02:26:42,812 [ERROR] LogOutputStream:75 - [STDERR_REDIRECT] WARNING: Couldn't flush system prefs: java.util.prefs.BackingStoreException: Couldn't get file lock.
2026-08-18 02:26:42,812 [ERROR] LogOutputStream:75 - [STDERR_REDIRECT] 
2026-08-18 02:27:12,812 [ERROR] LogOutputStream:75 - [STDERR_REDIRECT] Aug 18, 2026 2:27:12 AM java.util.prefs.FileSystemPreferences checkLockFile0ErrorCode
2026-08-18 02:27:12,813 [ERROR] LogOutputStream:75 - [STDERR_REDIRECT] WARNING: Could not lock System prefs. Unix error code 5.
2026-08-18 02:27:12,813 [ERROR] LogOutputStream:75 - [STDERR_REDIRECT] 
2026-08-18 02:27:12,813 [ERROR] LogOutputStream:75 - [STDERR_REDIRECT] Aug 18, 2026 2:27:12 AM java.util.prefs.FileSystemPreferences syncWorld
2026-08-18 02:27:12,813 [ERROR] LogOutputStream:75 - [STDERR_REDIRECT] WARNING: Couldn't flush system prefs: java.util.prefs.BackingStoreException: Couldn't get file lock.
2026-08-18 02:27:12,813 [ERROR] LogOutputStream:75 - [STDERR_REDIRECT] 
2026-08-18 02:27:42,812 [ERROR] LogOutputStream:75 - [STDERR_REDIRECT] Aug 18, 2026 2:27:42 AM java.util.prefs.FileSystemPreferences checkLockFile0ErrorCode
2026-08-18 02:27:42,812 [ERROR] LogOutputStream:75 - [STDERR_REDIRECT] WARNING: Could not lock System prefs. Unix error code 5.
2026-08-18 02:27:42,812 [ERROR] LogOutputStream:75 - [STDERR_REDIRECT] 
2026-08-18 02:27:42,812 [ERROR] LogOutputStream:75 - [STDERR_REDIRECT] Aug 18, 2026 2:27:42 AM java.util.prefs.FileSystemPreferences syncWorld
2026-08-18 02:27:42,812 [ERROR] LogOutputStream:75 - [STDERR_REDIRECT] WARNING: Couldn't flush system prefs: java.util.prefs.BackingStoreException: Couldn't get file lock.
2026-08-18 02:27:42,812 [ERROR] LogOutputStream:75 - [STDERR_REDIRECT] 
2026-08-18 02:28:12,813 [ERROR] LogOutputStream:75 - [STDERR_REDIRECT] Aug 18, 2026 2:28:12 AM java.util.prefs.FileSystemPreferences checkLockFile0ErrorCode
2026-08-18 02:28:12,813 [ERROR] LogOutputStream:75 - [STDERR_REDIRECT] WARNING: Could not lock System prefs. Unix error code 5.
2026-08-18 02:28:12,813 [ERROR] LogOutputStream:75 - [STDERR_REDIRECT] 
2026-08-18 02:28:12,813 [ERROR] LogOutputStream:75 - [STDERR_REDIRECT] Aug 18, 2026 2:28:12 AM java.util.prefs.FileSystemPreferences syncWorld
2026-08-18 02:28:12,813 [ERROR] LogOutputStream:75 - [STDERR_REDIRECT] WARNING: Couldn't flush system prefs: java.util.prefs.BackingStoreException: Couldn't get file lock.
2026-08-18 02:28:12,814 [ERROR] LogOutputStream:75 - [STDERR_REDIRECT] 
2026-08-18 02:28:42,812 [ERROR] LogOutputStream:75 - [STDERR_REDIRECT] Aug 18, 2026 2:28:42 AM java.util.prefs.FileSystemPreferences checkLockFile0ErrorCode
2026-08-18 02:28:42,812 [ERROR] LogOutputStream:75 - [STDERR_REDIRECT] WARNING: Could not lock System prefs. Unix error code 5.
2026-08-18 02:28:42,812 [ERROR] LogOutputStream:75 - [STDERR_REDIRECT] 
2026-08-18 02:28:42,813 [ERROR] LogOutputStream:75 - [STDERR_REDIRECT] Aug 18, 2026 2:28:42 AM java.util.prefs.FileSystemPreferences syncWorld
2026-08-18 02:28:42,813 [ERROR] LogOutputStream:75 - [STDERR_REDIRECT] WARNING: Couldn't flush system prefs: java.util.prefs.BackingStoreException: Couldn't get file lock.
2026-08-18 02:28:42,813 [ERROR] LogOutputStream:75 - [STDERR_REDIRECT] 
2026-08-18 02:29:12,813 [ERROR] LogOutputStream:75 - [STDERR_REDIRECT] Aug 18, 2026 2:29:12 AM java.util.prefs.FileSystemPreferences checkLockFile0ErrorCode
2026-08-18 02:29:12,813 [ERROR] LogOutputStream:75 - [STDERR_REDIRECT] WARNING: Could not lock System prefs. Unix error code 5.
2026-08-18 02:29:12,814 [ERROR] LogOutputStream:75 - [STDERR_REDIRECT] 
2026-08-18 02:29:12,814 [ERROR] LogOutputStream:75 - [STDERR_REDIRECT] Aug 18, 2026 2:29:12 AM java.util.prefs.FileSystemPreferences syncWorld
2026-08-18 02:29:12,814 [ERROR] LogOutputStream:75 - [STDERR_REDIRECT] WARNING: Couldn't flush system prefs: java.util.prefs.BackingStoreException: Couldn't get file lock.
2026-08-18 02:29:12,814 [ERROR] LogOutputStream:75 - [STDERR_REDIRECT] 
2026-08-18 02:29:42,814 [ERROR] LogOutputStream:75 - [STDERR_REDIRECT] Aug 18, 2026 2:29:42 AM java.util.prefs.FileSystemPreferences checkLockFile0ErrorCode
2026-08-18 02:29:42,814 [ERROR] LogOutputStream:75 - [STDERR_REDIRECT] WARNING: Could not lock System prefs. Unix error code 5.
2026-08-18 02:29:42,814 [ERROR] LogOutputStream:75 - [STDERR_REDIRECT] 
2026-08-18 02:29:42,815 [ERROR] LogOutputStream:75 - [STDERR_REDIRECT] Aug 18, 2026 2:29:42 AM java.util.prefs.FileSystemPreferences syncWorld
2026-08-18 02:29:42,815 [ERROR] LogOutputStream:75 - [STDERR_REDIRECT] WARNING: Couldn't flush system prefs: java.util.prefs.BackingStoreException: Couldn't get file lock.
2026-08-18 02:29:42,815 [ERROR] LogOutputStream:75 - [STDERR_REDIRECT] 
2026-08-18 02:30:12,815 [ERROR] LogOutputStream:75 - [STDERR_REDIRECT] Aug 18, 2026 2:30:12 AM java.util.prefs.FileSystemPreferences checkLockFile0ErrorCode
2026-08-18 02:30:12,815 [ERROR] LogOutputStream:75 - [STDERR_REDIRECT] WARNING: Could not lock System prefs. Unix error code 5.
2026-08-18 02:30:12,815 [ERROR] LogOutputStream:75 - [STDERR_REDIRECT] 
2026-08-18 02:30:12,815 [ERROR] LogOutputStream:75 - [STDERR_REDIRECT] Aug 18, 2026 2:30:12 AM java.util.prefs.FileSystemPreferences syncWorld
2026-08-18 02:30:12,815 [ERROR] LogOutputStream:75 - [STDERR_REDIRECT] WARNING: Couldn't flush system prefs: java.util.prefs.BackingStoreException: Couldn't get file lock.
2026-08-18 02:30:12,815 [ERROR] LogOutputStream:75 - [STDERR_REDIRECT] 
2026-08-18 02:30:42,814 [ERROR] LogOutputStream:75 - [STDERR_REDIRECT] Aug 18, 2026 2:30:42 AM java.util.prefs.FileSystemPreferences checkLockFile0ErrorCode
2026-08-18 02:30:42,814 [ERROR] LogOutputStream:75 - [STDERR_REDIRECT] WARNING: Could not lock System prefs. Unix error code 5.
2026-08-18 02:30:42,814 [ERROR] LogOutputStream:75 - [STDERR_REDIRECT] 
2026-08-18 02:30:42,814 [ERROR] LogOutputStream:75 - [STDERR_REDIRECT] Aug 18, 2026 2:30:42 AM java.util.prefs.FileSystemPreferences syncWorld
2026-08-18 02:30:42,814 [ERROR] LogOutputStream:75 - [STDERR_REDIRECT] WARNING: Couldn't flush system prefs: java.util.prefs.BackingStoreException: Couldn't get file lock.
2026-08-18 02:30:42,814 [ERROR] LogOutputStream:75 - [STDERR_REDIRECT] 
2026-08-18 02:31:12,813 [ERROR] LogOutputStream:75 - [STDERR_REDIRECT] Aug 18, 2026 2:31:12 AM java.util.prefs.FileSystemPreferences checkLockFile0ErrorCode
2026-08-18 02:31:12,813 [ERROR] LogOutputStream:75 - [STDERR_REDIRECT] WARNING: Could not lock System prefs. Unix error code 5.
2026-08-18 02:31:12,814 [ERROR] LogOutputStream:75 - [STDERR_REDIRECT] 
2026-08-18 02:31:12,814 [ERROR] LogOutputStream:75 - [STDERR_REDIRECT] Aug 18, 2026 2:31:12 AM java.util.prefs.FileSystemPreferences syncWorld
2026-08-18 02:31:12,814 [ERROR] LogOutputStream:75 - [STDERR_REDIRECT] WARNING: Couldn't flush system prefs: java.util.prefs.BackingStoreException: Couldn't get file lock.
2026-08-18 02:31:12,814 [ERROR] LogOutputStream:75 - [STDERR_REDIRECT] 
2026-08-18 02:31:42,814 [ERROR] LogOutputStream:75 - [STDERR_REDIRECT] Aug 18, 2026 2:31:42 AM java.util.prefs.FileSystemPreferences checkLockFile0ErrorCode
2026-08-18 02:31:42,814 [ERROR] LogOutputStream:75 - [STDERR_REDIRECT] WARNING: Could not lock System prefs. Unix error code 5.
2026-08-18 02:31:42,814 [ERROR] LogOutputStream:75 - [STDERR_REDIRECT] 
2026-08-18 02:31:42,814 [ERROR] LogOutputStream:75 - [STDERR_REDIRECT] Aug 18, 2026 2:31:42 AM java.util.prefs.FileSystemPreferences syncWorld
2026-08-18 02:31:42,814 [ERROR] LogOutputStream:75 - [STDERR_REDIRECT] WARNING: Couldn't flush system prefs: java.util.prefs.BackingStoreException: Couldn't get file lock.
2026-08-18 02:31:42,814 [ERROR] LogOutputStream:75 - [STDERR_REDIRECT] 
2026-08-18 02:32:12,814 [ERROR] LogOutputStream:75 - [STDERR_REDIRECT] Aug 18, 2026 2:32:12 AM java.util.prefs.FileSystemPreferences checkLockFile0ErrorCode
2026-08-18 02:32:12,814 [ERROR] LogOutputStream:75 - [STDERR_REDIRECT] WARNING: Could not lock System prefs. Unix error code 5.
2026-08-18 02:32:12,814 [ERROR] LogOutputStream:75 - [STDERR_REDIRECT] 
2026-08-18 02:32:12,814 [ERROR] LogOutputStream:75 - [STDERR_REDIRECT] Aug 18, 2026 2:32:12 AM java.util.prefs.FileSystemPreferences syncWorld
2026-08-18 02:32:12,814 [ERROR] LogOutputStream:75 - [STDERR_REDIRECT] WARNING: Couldn't flush system prefs: java.util.prefs.BackingStoreException: Couldn't get file lock.
2026-08-18 02:32:12,815 [ERROR] LogOutputStream:75 - [STDERR_REDIRECT] 
