2026-09-14 00:00:15,702 [ERROR] LogOutputStream:75 - [STDERR_REDIRECT] Sep 14, 2026 12:00:15 AM java.util.prefs.FileSystemPreferences checkLockFile0ErrorCode
2026-09-14 00:00:15,717 [ERROR] LogOutputStream:75 - [STDERR_REDIRECT] WARNING: Could not lock System prefs. Unix error code 1235736055.
2026-09-14 00:00:15,717 [ERROR] LogOutputStream:75 - [STDERR_REDIRECT] 
2026-09-14 00:00:15,718 [ERROR] LogOutputStream:75 - [STDERR_REDIRECT] Sep 14, 2026 12:00:15 AM java.util.prefs.FileSystemPreferences syncWorld
2026-09-14 00:00:15,718 [ERROR] LogOutputStream:75 - [STDERR_REDIRECT] WARNING: Couldn't flush system prefs: java.util.prefs.BackingStoreException: Couldn't get file lock.
2026-09-14 00:00:15,719 [ERROR] LogOutputStream:75 - [STDERR_REDIRECT] 
2026-09-14 00:00:45,702 [ERROR] LogOutputStream:75 - [STDERR_REDIRECT] Sep 14, 2026 12:00:45 AM java.util.prefs.FileSystemPreferences checkLockFile0ErrorCode
2026-09-14 00:00:45,702 [ERROR] LogOutputStream:75 - [STDERR_REDIRECT] WARNING: Could not lock System prefs. Unix error code 1235736055.
2026-09-14 00:00:45,703 [ERROR] LogOutputStream:75 - [STDERR_REDIRECT] 
2026-09-14 00:00:45,703 [ERROR] LogOutputStream:75 - [STDERR_REDIRECT] Sep 14, 2026 12:00:45 AM java.util.prefs.FileSystemPreferences syncWorld
2026-09-14 00:00:45,703 [ERROR] LogOutputStream:75 - [STDERR_REDIRECT] WARNING: Couldn't flush system prefs: java.util.prefs.BackingStoreException: Couldn't get file lock.
2026-09-14 00:00:45,704 [ERROR] LogOutputStream:75 - [STDERR_REDIRECT] 
2026-09-14 00:01:15,702 [ERROR] LogOutputStream:75 - [STDERR_REDIRECT] Sep 14, 2026 12:01:15 AM java.util.prefs.FileSystemPreferences checkLockFile0ErrorCode
2026-09-14 00:01:15,702 [ERROR] LogOutputStream:75 - [STDERR_REDIRECT] WARNING: Could not lock System prefs. Unix error code 1235736055.
2026-09-14 00:01:15,702 [ERROR] LogOutputStream:75 - [STDERR_REDIRECT] 
2026-09-14 00:01:15,703 [ERROR] LogOutputStream:75 - [STDERR_REDIRECT] Sep 14, 2026 12:01:15 AM java.util.prefs.FileSystemPreferences syncWorld
2026-09-14 00:01:15,703 [ERROR] LogOutputStream:75 - [STDERR_REDIRECT] WARNING: Couldn't flush system prefs: java.util.prefs.BackingStoreException: Couldn't get file lock.
2026-09-14 00:01:15,703 [ERROR] LogOutputStream:75 - [STDERR_REDIRECT] 
2026-09-14 00:01:45,703 [ERROR] LogOutputStream:75 - [STDERR_REDIRECT] Sep 14, 2026 12:01:45 AM java.util.prefs.FileSystemPreferences checkLockFile0ErrorCode
2026-09-14 00:01:45,703 [ERROR] LogOutputStream:75 - [STDERR_REDIRECT] WARNING: Could not lock System prefs. Unix error code 1235736055.
2026-09-14 00:01:45,704 [ERROR] LogOutputStream:75 - [STDERR_REDIRECT] 
2026-09-14 00:01:45,704 [ERROR] LogOutputStream:75 - [STDERR_REDIRECT] Sep 14, 2026 12:01:45 AM java.util.prefs.FileSystemPreferences syncWorld
2026-09-14 00:01:45,705 [ERROR] LogOutputStream:75 - [STDERR_REDIRECT] WARNING: Couldn't flush system prefs: java.util.prefs.BackingStoreException: Couldn't get file lock.
2026-09-14 00:01:45,705 [ERROR] LogOutputStream:75 - [STDERR_REDIRECT] 
2026-09-14 00:02:15,703 [ERROR] LogOutputStream:75 - [STDERR_REDIRECT] Sep 14, 2026 12:02:15 AM java.util.prefs.FileSystemPreferences checkLockFile0ErrorCode
2026-09-14 00:02:15,703 [ERROR] LogOutputStream:75 - [STDERR_REDIRECT] WARNING: Could not lock System prefs. Unix error code 1235736055.
2026-09-14 00:02:15,704 [ERROR] LogOutputStream:75 - [STDERR_REDIRECT] 
2026-09-14 00:02:15,704 [ERROR] LogOutputStream:75 - [STDERR_REDIRECT] Sep 14, 2026 12:02:15 AM java.util.prefs.FileSystemPreferences syncWorld
2026-09-14 00:02:15,704 [ERROR] LogOutputStream:75 - [STDERR_REDIRECT] WARNING: Couldn't flush system prefs: java.util.prefs.BackingStoreException: Couldn't get file lock.
2026-09-14 00:02:15,705 [ERROR] LogOutputStream:75 - [STDERR_REDIRECT] 
2026-09-14 00:02:45,703 [ERROR] LogOutputStream:75 - [STDERR_REDIRECT] Sep 14, 2026 12:02:45 AM java.util.prefs.FileSystemPreferences checkLockFile0ErrorCode
2026-09-14 00:02:45,703 [ERROR] LogOutputStream:75 - [STDERR_REDIRECT] WARNING: Could not lock System prefs. Unix error code 1235736055.
2026-09-14 00:02:45,704 [ERROR] LogOutputStream:75 - [STDERR_REDIRECT] 
2026-09-14 00:02:45,704 [ERROR] LogOutputStream:75 - [STDERR_REDIRECT] Sep 14, 2026 12:02:45 AM java.util.prefs.FileSystemPreferences syncWorld
2026-09-14 00:02:45,704 [ERROR] LogOutputStream:75 - [STDERR_REDIRECT] WARNING: Couldn't flush system prefs: java.util.prefs.BackingStoreException: Couldn't get file lock.
2026-09-14 00:02:45,705 [ERROR] LogOutputStream:75 - [STDERR_REDIRECT] 
2026-09-14 00:03:15,703 [ERROR] LogOutputStream:75 - [STDERR_REDIRECT] Sep 14, 2026 12:03:15 AM java.util.prefs.FileSystemPreferences checkLockFile0ErrorCode
2026-09-14 00:03:15,703 [ERROR] LogOutputStream:75 - [STDERR_REDIRECT] WARNING: Could not lock System prefs. Unix error code 1235736055.
2026-09-14 00:03:15,703 [ERROR] LogOutputStream:75 - [STDERR_REDIRECT] 
2026-09-14 00:03:15,705 [ERROR] LogOutputStream:75 - [STDERR_REDIRECT] Sep 14, 2026 12:03:15 AM java.util.prefs.FileSystemPreferences syncWorld
2026-09-14 00:03:15,705 [ERROR] LogOutputStream:75 - [STDERR_REDIRECT] WARNING: Couldn't flush system prefs: java.util.prefs.BackingStoreException: Couldn't get file lock.
2026-09-14 00:03:15,706 [ERROR] LogOutputStream:75 - [STDERR_REDIRECT] 
2026-09-14 00:03:45,703 [ERROR] LogOutputStream:75 - [STDERR_REDIRECT] Sep 14, 2026 12:03:45 AM java.util.prefs.FileSystemPreferences checkLockFile0ErrorCode
2026-09-14 00:03:45,703 [ERROR] LogOutputStream:75 - [STDERR_REDIRECT] WARNING: Could not lock System prefs. Unix error code 1235736055.
2026-09-14 00:03:45,704 [ERROR] LogOutputStream:75 - [STDERR_REDIRECT] 
2026-09-14 00:03:45,704 [ERROR] LogOutputStream:75 - [STDERR_REDIRECT] Sep 14, 2026 12:03:45 AM java.util.prefs.FileSystemPreferences syncWorld
2026-09-14 00:03:45,705 [ERROR] LogOutputStream:75 - [STDERR_REDIRECT] WARNING: Couldn't flush system prefs: java.util.prefs.BackingStoreException: Couldn't get file lock.
2026-09-14 00:03:45,705 [ERROR] LogOutputStream:75 - [STDERR_REDIRECT] 
2026-09-14 00:04:15,703 [ERROR] LogOutputStream:75 - [STDERR_REDIRECT] Sep 14, 2026 12:04:15 AM java.util.prefs.FileSystemPreferences checkLockFile0ErrorCode
2026-09-14 00:04:15,703 [ERROR] LogOutputStream:75 - [STDERR_REDIRECT] WARNING: Could not lock System prefs. Unix error code 1235736055.
2026-09-14 00:04:15,704 [ERROR] LogOutputStream:75 - [STDERR_REDIRECT] 
2026-09-14 00:04:15,704 [ERROR] LogOutputStream:75 - [STDERR_REDIRECT] Sep 14, 2026 12:04:15 AM java.util.prefs.FileSystemPreferences syncWorld
2026-09-14 00:04:15,704 [ERROR] LogOutputStream:75 - [STDERR_REDIRECT] WARNING: Couldn't flush system prefs: java.util.prefs.BackingStoreException: Couldn't get file lock.
2026-09-14 00:04:15,704 [ERROR] LogOutputStream:75 - [STDERR_REDIRECT] 
2026-09-14 00:04:45,703 [ERROR] LogOutputStream:75 - [STDERR_REDIRECT] Sep 14, 2026 12:04:45 AM java.util.prefs.FileSystemPreferences checkLockFile0ErrorCode
2026-09-14 00:04:45,703 [ERROR] LogOutputStream:75 - [STDERR_REDIRECT] WARNING: Could not lock System prefs. Unix error code 1235736055.
2026-09-14 00:04:45,703 [ERROR] LogOutputStream:75 - [STDERR_REDIRECT] 
2026-09-14 00:04:45,704 [ERROR] LogOutputStream:75 - [STDERR_REDIRECT] Sep 14, 2026 12:04:45 AM java.util.prefs.FileSystemPreferences syncWorld
2026-09-14 00:04:45,704 [ERROR] LogOutputStream:75 - [STDERR_REDIRECT] WARNING: Couldn't flush system prefs: java.util.prefs.BackingStoreException: Couldn't get file lock.
2026-09-14 00:04:45,704 [ERROR] LogOutputStream:75 - [STDERR_REDIRECT] 
2026-09-14 00:05:15,703 [ERROR] LogOutputStream:75 - [STDERR_REDIRECT] Sep 14, 2026 12:05:15 AM java.util.prefs.FileSystemPreferences checkLockFile0ErrorCode
2026-09-14 00:05:15,704 [ERROR] LogOutputStream:75 - [STDERR_REDIRECT] WARNING: Could not lock System prefs. Unix error code 1235736055.
2026-09-14 00:05:15,704 [ERROR] LogOutputStream:75 - [STDERR_REDIRECT] 
2026-09-14 00:05:15,705 [ERROR] LogOutputStream:75 - [STDERR_REDIRECT] Sep 14, 2026 12:05:15 AM java.util.prefs.FileSystemPreferences syncWorld
2026-09-14 00:05:15,705 [ERROR] LogOutputStream:75 - [STDERR_REDIRECT] WARNING: Couldn't flush system prefs: java.util.prefs.BackingStoreException: Couldn't get file lock.
2026-09-14 00:05:15,705 [ERROR] LogOutputStream:75 - [STDERR_REDIRECT] 
2026-09-14 00:05:45,703 [ERROR] LogOutputStream:75 - [STDERR_REDIRECT] Sep 14, 2026 12:05:45 AM java.util.prefs.FileSystemPreferences checkLockFile0ErrorCode
2026-09-14 00:05:45,704 [ERROR] LogOutputStream:75 - [STDERR_REDIRECT] WARNING: Could not lock System prefs. Unix error code 1235736055.
2026-09-14 00:05:45,704 [ERROR] LogOutputStream:75 - [STDERR_REDIRECT] 
2026-09-14 00:05:45,704 [ERROR] LogOutputStream:75 - [STDERR_REDIRECT] Sep 14, 2026 12:05:45 AM java.util.prefs.FileSystemPreferences syncWorld
2026-09-14 00:05:45,705 [ERROR] LogOutputStream:75 - [STDERR_REDIRECT] WARNING: Couldn't flush system prefs: java.util.prefs.BackingStoreException: Couldn't get file lock.
2026-09-14 00:05:45,705 [ERROR] LogOutputStream:75 - [STDERR_REDIRECT] 
2026-09-14 00:06:15,704 [ERROR] LogOutputStream:75 - [STDERR_REDIRECT] Sep 14, 2026 12:06:15 AM java.util.prefs.FileSystemPreferences checkLockFile0ErrorCode
2026-09-14 00:06:15,704 [ERROR] LogOutputStream:75 - [STDERR_REDIRECT] WARNING: Could not lock System prefs. Unix error code 1235736055.
2026-09-14 00:06:15,705 [ERROR] LogOutputStream:75 - [STDERR_REDIRECT] 
2026-09-14 00:06:15,705 [ERROR] LogOutputStream:75 - [STDERR_REDIRECT] Sep 14, 2026 12:06:15 AM java.util.prefs.FileSystemPreferences syncWorld
2026-09-14 00:06:15,705 [ERROR] LogOutputStream:75 - [STDERR_REDIRECT] WARNING: Couldn't flush system prefs: java.util.prefs.BackingStoreException: Couldn't get file lock.
2026-09-14 00:06:15,705 [ERROR] LogOutputStream:75 - [STDERR_REDIRECT] 
2026-09-14 00:06:45,704 [ERROR] LogOutputStream:75 - [STDERR_REDIRECT] Sep 14, 2026 12:06:45 AM java.util.prefs.FileSystemPreferences checkLockFile0ErrorCode
2026-09-14 00:06:45,704 [ERROR] LogOutputStream:75 - [STDERR_REDIRECT] WARNING: Could not lock System prefs. Unix error code 1235736055.
2026-09-14 00:06:45,705 [ERROR] LogOutputStream:75 - [STDERR_REDIRECT] 
2026-09-14 00:06:45,706 [ERROR] LogOutputStream:75 - [STDERR_REDIRECT] Sep 14, 2026 12:06:45 AM java.util.prefs.FileSystemPreferences syncWorld
2026-09-14 00:06:45,706 [ERROR] LogOutputStream:75 - [STDERR_REDIRECT] WARNING: Couldn't flush system prefs: java.util.prefs.BackingStoreException: Couldn't get file lock.
2026-09-14 00:06:45,706 [ERROR] LogOutputStream:75 - [STDERR_REDIRECT] 
2026-09-14 00:07:15,707 [ERROR] LogOutputStream:75 - [STDERR_REDIRECT] Sep 14, 2026 12:07:15 AM java.util.prefs.FileSystemPreferences checkLockFile0ErrorCode
2026-09-14 00:07:15,708 [ERROR] LogOutputStream:75 - [STDERR_REDIRECT] WARNING: Could not lock System prefs. Unix error code 1235736055.
2026-09-14 00:07:15,708 [ERROR] LogOutputStream:75 - [STDERR_REDIRECT] 
2026-09-14 00:07:15,708 [ERROR] LogOutputStream:75 - [STDERR_REDIRECT] Sep 14, 2026 12:07:15 AM java.util.prefs.FileSystemPreferences syncWorld
2026-09-14 00:07:15,709 [ERROR] LogOutputStream:75 - [STDERR_REDIRECT] WARNING: Couldn't flush system prefs: java.util.prefs.BackingStoreException: Couldn't get file lock.
2026-09-14 00:07:15,709 [ERROR] LogOutputStream:75 - [STDERR_REDIRECT] 
2026-09-14 00:07:45,706 [ERROR] LogOutputStream:75 - [STDERR_REDIRECT] Sep 14, 2026 12:07:45 AM java.util.prefs.FileSystemPreferences checkLockFile0ErrorCode
2026-09-14 00:07:45,706 [ERROR] LogOutputStream:75 - [STDERR_REDIRECT] WARNING: Could not lock System prefs. Unix error code 31587.
2026-09-14 00:07:45,706 [ERROR] LogOutputStream:75 - [STDERR_REDIRECT] 
2026-09-14 00:07:45,707 [ERROR] LogOutputStream:75 - [STDERR_REDIRECT] Sep 14, 2026 12:07:45 AM java.util.prefs.FileSystemPreferences syncWorld
2026-09-14 00:07:45,707 [ERROR] LogOutputStream:75 - [STDERR_REDIRECT] WARNING: Couldn't flush system prefs: java.util.prefs.BackingStoreException: Couldn't get file lock.
2026-09-14 00:07:45,707 [ERROR] LogOutputStream:75 - [STDERR_REDIRECT] 
2026-09-14 00:08:15,706 [ERROR] LogOutputStream:75 - [STDERR_REDIRECT] Sep 14, 2026 12:08:15 AM java.util.prefs.FileSystemPreferences checkLockFile0ErrorCode
2026-09-14 00:08:15,707 [ERROR] LogOutputStream:75 - [STDERR_REDIRECT] WARNING: Could not lock System prefs. Unix error code 1235736055.
2026-09-14 00:08:15,707 [ERROR] LogOutputStream:75 - [STDERR_REDIRECT] 
2026-09-14 00:08:15,708 [ERROR] LogOutputStream:75 - [STDERR_REDIRECT] Sep 14, 2026 12:08:15 AM java.util.prefs.FileSystemPreferences syncWorld
2026-09-14 00:08:15,708 [ERROR] LogOutputStream:75 - [STDERR_REDIRECT] WARNING: Couldn't flush system prefs: java.util.prefs.BackingStoreException: Couldn't get file lock.
2026-09-14 00:08:15,724 [ERROR] LogOutputStream:75 - [STDERR_REDIRECT] 
2026-09-14 00:08:45,706 [ERROR] LogOutputStream:75 - [STDERR_REDIRECT] Sep 14, 2026 12:08:45 AM java.util.prefs.FileSystemPreferences checkLockFile0ErrorCode
2026-09-14 00:08:45,707 [ERROR] LogOutputStream:75 - [STDERR_REDIRECT] WARNING: Could not lock System prefs. Unix error code 1235736055.
2026-09-14 00:08:45,707 [ERROR] LogOutputStream:75 - [STDERR_REDIRECT] 
2026-09-14 00:08:45,707 [ERROR] LogOutputStream:75 - [STDERR_REDIRECT] Sep 14, 2026 12:08:45 AM java.util.prefs.FileSystemPreferences syncWorld
2026-09-14 00:08:45,708 [ERROR] LogOutputStream:75 - [STDERR_REDIRECT] WARNING: Couldn't flush system prefs: java.util.prefs.BackingStoreException: Couldn't get file lock.
2026-09-14 00:08:45,708 [ERROR] LogOutputStream:75 - [STDERR_REDIRECT] 
2026-09-14 00:09:15,706 [ERROR] LogOutputStream:75 - [STDERR_REDIRECT] Sep 14, 2026 12:09:15 AM java.util.prefs.FileSystemPreferences checkLockFile0ErrorCode
2026-09-14 00:09:15,707 [ERROR] LogOutputStream:75 - [STDERR_REDIRECT] WARNING: Could not lock System prefs. Unix error code 1235736055.
2026-09-14 00:09:15,707 [ERROR] LogOutputStream:75 - [STDERR_REDIRECT] 
2026-09-14 00:09:15,707 [ERROR] LogOutputStream:75 - [STDERR_REDIRECT] Sep 14, 2026 12:09:15 AM java.util.prefs.FileSystemPreferences syncWorld
2026-09-14 00:09:15,708 [ERROR] LogOutputStream:75 - [STDERR_REDIRECT] WARNING: Couldn't flush system prefs: java.util.prefs.BackingStoreException: Couldn't get file lock.
2026-09-14 00:09:15,709 [ERROR] LogOutputStream:75 - [STDERR_REDIRECT] 
2026-09-14 00:09:45,706 [ERROR] LogOutputStream:75 - [STDERR_REDIRECT] Sep 14, 2026 12:09:45 AM java.util.prefs.FileSystemPreferences checkLockFile0ErrorCode
2026-09-14 00:09:45,707 [ERROR] LogOutputStream:75 - [STDERR_REDIRECT] WARNING: Could not lock System prefs. Unix error code 1235736055.
2026-09-14 00:09:45,707 [ERROR] LogOutputStream:75 - [STDERR_REDIRECT] 
2026-09-14 00:09:45,707 [ERROR] LogOutputStream:75 - [STDERR_REDIRECT] Sep 14, 2026 12:09:45 AM java.util.prefs.FileSystemPreferences syncWorld
2026-09-14 00:09:45,708 [ERROR] LogOutputStream:75 - [STDERR_REDIRECT] WARNING: Couldn't flush system prefs: java.util.prefs.BackingStoreException: Couldn't get file lock.
2026-09-14 00:09:45,708 [ERROR] LogOutputStream:75 - [STDERR_REDIRECT] 
2026-09-14 00:10:15,706 [ERROR] LogOutputStream:75 - [STDERR_REDIRECT] Sep 14, 2026 12:10:15 AM java.util.prefs.FileSystemPreferences checkLockFile0ErrorCode
2026-09-14 00:10:15,707 [ERROR] LogOutputStream:75 - [STDERR_REDIRECT] WARNING: Could not lock System prefs. Unix error code 1235736055.
2026-09-14 00:10:15,707 [ERROR] LogOutputStream:75 - [STDERR_REDIRECT] 
2026-09-14 00:10:15,708 [ERROR] LogOutputStream:75 - [STDERR_REDIRECT] Sep 14, 2026 12:10:15 AM java.util.prefs.FileSystemPreferences syncWorld
2026-09-14 00:10:15,708 [ERROR] LogOutputStream:75 - [STDERR_REDIRECT] WARNING: Couldn't flush system prefs: java.util.prefs.BackingStoreException: Couldn't get file lock.
2026-09-14 00:10:15,709 [ERROR] LogOutputStream:75 - [STDERR_REDIRECT] 
2026-09-14 00:10:45,706 [ERROR] LogOutputStream:75 - [STDERR_REDIRECT] Sep 14, 2026 12:10:45 AM java.util.prefs.FileSystemPreferences checkLockFile0ErrorCode
2026-09-14 00:10:45,707 [ERROR] LogOutputStream:75 - [STDERR_REDIRECT] WARNING: Could not lock System prefs. Unix error code 1235736055.
2026-09-14 00:10:45,707 [ERROR] LogOutputStream:75 - [STDERR_REDIRECT] 
2026-09-14 00:10:45,707 [ERROR] LogOutputStream:75 - [STDERR_REDIRECT] Sep 14, 2026 12:10:45 AM java.util.prefs.FileSystemPreferences syncWorld
2026-09-14 00:10:45,708 [ERROR] LogOutputStream:75 - [STDERR_REDIRECT] WARNING: Couldn't flush system prefs: java.util.prefs.BackingStoreException: Couldn't get file lock.
2026-09-14 00:10:45,708 [ERROR] LogOutputStream:75 - [STDERR_REDIRECT] 
2026-09-14 00:11:15,707 [ERROR] LogOutputStream:75 - [STDERR_REDIRECT] Sep 14, 2026 12:11:15 AM java.util.prefs.FileSystemPreferences checkLockFile0ErrorCode
2026-09-14 00:11:15,707 [ERROR] LogOutputStream:75 - [STDERR_REDIRECT] WARNING: Could not lock System prefs. Unix error code 1235736055.
2026-09-14 00:11:15,707 [ERROR] LogOutputStream:75 - [STDERR_REDIRECT] 
2026-09-14 00:11:15,708 [ERROR] LogOutputStream:75 - [STDERR_REDIRECT] Sep 14, 2026 12:11:15 AM java.util.prefs.FileSystemPreferences syncWorld
2026-09-14 00:11:15,708 [ERROR] LogOutputStream:75 - [STDERR_REDIRECT] WARNING: Couldn't flush system prefs: java.util.prefs.BackingStoreException: Couldn't get file lock.
2026-09-14 00:11:15,709 [ERROR] LogOutputStream:75 - [STDERR_REDIRECT] 
2026-09-14 00:11:45,706 [ERROR] LogOutputStream:75 - [STDERR_REDIRECT] Sep 14, 2026 12:11:45 AM java.util.prefs.FileSystemPreferences checkLockFile0ErrorCode
2026-09-14 00:11:45,707 [ERROR] LogOutputStream:75 - [STDERR_REDIRECT] WARNING: Could not lock System prefs. Unix error code 1235736055.
2026-09-14 00:11:45,707 [ERROR] LogOutputStream:75 - [STDERR_REDIRECT] 
2026-09-14 00:11:45,708 [ERROR] LogOutputStream:75 - [STDERR_REDIRECT] Sep 14, 2026 12:11:45 AM java.util.prefs.FileSystemPreferences syncWorld
2026-09-14 00:11:45,708 [ERROR] LogOutputStream:75 - [STDERR_REDIRECT] WARNING: Couldn't flush system prefs: java.util.prefs.BackingStoreException: Couldn't get file lock.
2026-09-14 00:11:45,708 [ERROR] LogOutputStream:75 - [STDERR_REDIRECT] 
2026-09-14 00:12:15,707 [ERROR] LogOutputStream:75 - [STDERR_REDIRECT] Sep 14, 2026 12:12:15 AM java.util.prefs.FileSystemPreferences checkLockFile0ErrorCode
2026-09-14 00:12:15,707 [ERROR] LogOutputStream:75 - [STDERR_REDIRECT] WARNING: Could not lock System prefs. Unix error code 1235736055.
2026-09-14 00:12:15,707 [ERROR] LogOutputStream:75 - [STDERR_REDIRECT] 
2026-09-14 00:12:15,708 [ERROR] LogOutputStream:75 - [STDERR_REDIRECT] Sep 14, 2026 12:12:15 AM java.util.prefs.FileSystemPreferences syncWorld
2026-09-14 00:12:15,708 [ERROR] LogOutputStream:75 - [STDERR_REDIRECT] WARNING: Couldn't flush system prefs: java.util.prefs.BackingStoreException: Couldn't get file lock.
2026-09-14 00:12:15,708 [ERROR] LogOutputStream:75 - [STDERR_REDIRECT] 
2026-09-14 00:12:45,707 [ERROR] LogOutputStream:75 - [STDERR_REDIRECT] Sep 14, 2026 12:12:45 AM java.util.prefs.FileSystemPreferences checkLockFile0ErrorCode
2026-09-14 00:12:45,708 [ERROR] LogOutputStream:75 - [STDERR_REDIRECT] WARNING: Could not lock System prefs. Unix error code 1235736055.
2026-09-14 00:12:45,708 [ERROR] LogOutputStream:75 - [STDERR_REDIRECT] 
2026-09-14 00:12:45,708 [ERROR] LogOutputStream:75 - [STDERR_REDIRECT] Sep 14, 2026 12:12:45 AM java.util.prefs.FileSystemPreferences syncWorld
2026-09-14 00:12:45,709 [ERROR] LogOutputStream:75 - [STDERR_REDIRECT] WARNING: Couldn't flush system prefs: java.util.prefs.BackingStoreException: Couldn't get file lock.
2026-09-14 00:12:45,709 [ERROR] LogOutputStream:75 - [STDERR_REDIRECT] 
2026-09-14 00:13:15,707 [ERROR] LogOutputStream:75 - [STDERR_REDIRECT] Sep 14, 2026 12:13:15 AM java.util.prefs.FileSystemPreferences checkLockFile0ErrorCode
2026-09-14 00:13:15,708 [ERROR] LogOutputStream:75 - [STDERR_REDIRECT] WARNING: Could not lock System prefs. Unix error code 1235736055.
2026-09-14 00:13:15,708 [ERROR] LogOutputStream:75 - [STDERR_REDIRECT] 
2026-09-14 00:13:15,708 [ERROR] LogOutputStream:75 - [STDERR_REDIRECT] Sep 14, 2026 12:13:15 AM java.util.prefs.FileSystemPreferences syncWorld
2026-09-14 00:13:15,709 [ERROR] LogOutputStream:75 - [STDERR_REDIRECT] WARNING: Couldn't flush system prefs: java.util.prefs.BackingStoreException: Couldn't get file lock.
2026-09-14 00:13:15,709 [ERROR] LogOutputStream:75 - [STDERR_REDIRECT] 
2026-09-14 00:13:45,707 [ERROR] LogOutputStream:75 - [STDERR_REDIRECT] Sep 14, 2026 12:13:45 AM java.util.prefs.FileSystemPreferences checkLockFile0ErrorCode
2026-09-14 00:13:45,707 [ERROR] LogOutputStream:75 - [STDERR_REDIRECT] WARNING: Could not lock System prefs. Unix error code 1235736055.
2026-09-14 00:13:45,708 [ERROR] LogOutputStream:75 - [STDERR_REDIRECT] 
2026-09-14 00:13:45,708 [ERROR] LogOutputStream:75 - [STDERR_REDIRECT] Sep 14, 2026 12:13:45 AM java.util.prefs.FileSystemPreferences syncWorld
2026-09-14 00:13:45,708 [ERROR] LogOutputStream:75 - [STDERR_REDIRECT] WARNING: Couldn't flush system prefs: java.util.prefs.BackingStoreException: Couldn't get file lock.
2026-09-14 00:13:45,709 [ERROR] LogOutputStream:75 - [STDERR_REDIRECT] 
2026-09-14 00:14:15,707 [ERROR] LogOutputStream:75 - [STDERR_REDIRECT] Sep 14, 2026 12:14:15 AM java.util.prefs.FileSystemPreferences checkLockFile0ErrorCode
2026-09-14 00:14:15,708 [ERROR] LogOutputStream:75 - [STDERR_REDIRECT] WARNING: Could not lock System prefs. Unix error code 1235736055.
2026-09-14 00:14:15,708 [ERROR] LogOutputStream:75 - [STDERR_REDIRECT] 
2026-09-14 00:14:15,709 [ERROR] LogOutputStream:75 - [STDERR_REDIRECT] Sep 14, 2026 12:14:15 AM java.util.prefs.FileSystemPreferences syncWorld
2026-09-14 00:14:15,725 [ERROR] LogOutputStream:75 - [STDERR_REDIRECT] WARNING: Couldn't flush system prefs: java.util.prefs.BackingStoreException: Couldn't get file lock.
2026-09-14 00:14:15,726 [ERROR] LogOutputStream:75 - [STDERR_REDIRECT] 
2026-09-14 00:14:45,707 [ERROR] LogOutputStream:75 - [STDERR_REDIRECT] Sep 14, 2026 12:14:45 AM java.util.prefs.FileSystemPreferences checkLockFile0ErrorCode
2026-09-14 00:14:45,708 [ERROR] LogOutputStream:75 - [STDERR_REDIRECT] WARNING: Could not lock System prefs. Unix error code 1235736055.
2026-09-14 00:14:45,708 [ERROR] LogOutputStream:75 - [STDERR_REDIRECT] 
2026-09-14 00:14:45,708 [ERROR] LogOutputStream:75 - [STDERR_REDIRECT] Sep 14, 2026 12:14:45 AM java.util.prefs.FileSystemPreferences syncWorld
2026-09-14 00:14:45,709 [ERROR] LogOutputStream:75 - [STDERR_REDIRECT] WARNING: Couldn't flush system prefs: java.util.prefs.BackingStoreException: Couldn't get file lock.
2026-09-14 00:14:45,709 [ERROR] LogOutputStream:75 - [STDERR_REDIRECT] 
2026-09-14 00:15:15,707 [ERROR] LogOutputStream:75 - [STDERR_REDIRECT] Sep 14, 2026 12:15:15 AM java.util.prefs.FileSystemPreferences checkLockFile0ErrorCode
2026-09-14 00:15:15,708 [ERROR] LogOutputStream:75 - [STDERR_REDIRECT] WARNING: Could not lock System prefs. Unix error code 1235736055.
2026-09-14 00:15:15,708 [ERROR] LogOutputStream:75 - [STDERR_REDIRECT] 
2026-09-14 00:15:15,709 [ERROR] LogOutputStream:75 - [STDERR_REDIRECT] Sep 14, 2026 12:15:15 AM java.util.prefs.FileSystemPreferences syncWorld
2026-09-14 00:15:15,709 [ERROR] LogOutputStream:75 - [STDERR_REDIRECT] WARNING: Couldn't flush system prefs: java.util.prefs.BackingStoreException: Couldn't get file lock.
2026-09-14 00:15:15,709 [ERROR] LogOutputStream:75 - [STDERR_REDIRECT] 
2026-09-14 00:15:45,708 [ERROR] LogOutputStream:75 - [STDERR_REDIRECT] Sep 14, 2026 12:15:45 AM java.util.prefs.FileSystemPreferences checkLockFile0ErrorCode
2026-09-14 00:15:45,708 [ERROR] LogOutputStream:75 - [STDERR_REDIRECT] WARNING: Could not lock System prefs. Unix error code 1235736055.
2026-09-14 00:15:45,708 [ERROR] LogOutputStream:75 - [STDERR_REDIRECT] 
2026-09-14 00:15:45,709 [ERROR] LogOutputStream:75 - [STDERR_REDIRECT] Sep 14, 2026 12:15:45 AM java.util.prefs.FileSystemPreferences syncWorld
2026-09-14 00:15:45,709 [ERROR] LogOutputStream:75 - [STDERR_REDIRECT] WARNING: Couldn't flush system prefs: java.util.prefs.BackingStoreException: Couldn't get file lock.
2026-09-14 00:15:45,709 [ERROR] LogOutputStream:75 - [STDERR_REDIRECT] 
2026-09-14 00:16:15,708 [ERROR] LogOutputStream:75 - [STDERR_REDIRECT] Sep 14, 2026 12:16:15 AM java.util.prefs.FileSystemPreferences checkLockFile0ErrorCode
2026-09-14 00:16:15,709 [ERROR] LogOutputStream:75 - [STDERR_REDIRECT] WARNING: Could not lock System prefs. Unix error code 1235736055.
2026-09-14 00:16:15,709 [ERROR] LogOutputStream:75 - [STDERR_REDIRECT] 
2026-09-14 00:16:15,709 [ERROR] LogOutputStream:75 - [STDERR_REDIRECT] Sep 14, 2026 12:16:15 AM java.util.prefs.FileSystemPreferences syncWorld
2026-09-14 00:16:15,710 [ERROR] LogOutputStream:75 - [STDERR_REDIRECT] WARNING: Couldn't flush system prefs: java.util.prefs.BackingStoreException: Couldn't get file lock.
2026-09-14 00:16:15,710 [ERROR] LogOutputStream:75 - [STDERR_REDIRECT] 
2026-09-14 00:16:45,709 [ERROR] LogOutputStream:75 - [STDERR_REDIRECT] Sep 14, 2026 12:16:45 AM java.util.prefs.FileSystemPreferences checkLockFile0ErrorCode
2026-09-14 00:16:45,709 [ERROR] LogOutputStream:75 - [STDERR_REDIRECT] WARNING: Could not lock System prefs. Unix error code 1235736055.
2026-09-14 00:16:45,709 [ERROR] LogOutputStream:75 - [STDERR_REDIRECT] 
2026-09-14 00:16:45,710 [ERROR] LogOutputStream:75 - [STDERR_REDIRECT] Sep 14, 2026 12:16:45 AM java.util.prefs.FileSystemPreferences syncWorld
2026-09-14 00:16:45,710 [ERROR] LogOutputStream:75 - [STDERR_REDIRECT] WARNING: Couldn't flush system prefs: java.util.prefs.BackingStoreException: Couldn't get file lock.
2026-09-14 00:16:45,710 [ERROR] LogOutputStream:75 - [STDERR_REDIRECT] 
2026-09-14 00:17:15,709 [ERROR] LogOutputStream:75 - [STDERR_REDIRECT] Sep 14, 2026 12:17:15 AM java.util.prefs.FileSystemPreferences checkLockFile0ErrorCode
2026-09-14 00:17:15,709 [ERROR] LogOutputStream:75 - [STDERR_REDIRECT] WARNING: Could not lock System prefs. Unix error code 1235736055.
2026-09-14 00:17:15,709 [ERROR] LogOutputStream:75 - [STDERR_REDIRECT] 
2026-09-14 00:17:15,710 [ERROR] LogOutputStream:75 - [STDERR_REDIRECT] Sep 14, 2026 12:17:15 AM java.util.prefs.FileSystemPreferences syncWorld
2026-09-14 00:17:15,710 [ERROR] LogOutputStream:75 - [STDERR_REDIRECT] WARNING: Couldn't flush system prefs: java.util.prefs.BackingStoreException: Couldn't get file lock.
2026-09-14 00:17:15,710 [ERROR] LogOutputStream:75 - [STDERR_REDIRECT] 
2026-09-14 00:17:45,710 [ERROR] LogOutputStream:75 - [STDERR_REDIRECT] Sep 14, 2026 12:17:45 AM java.util.prefs.FileSystemPreferences checkLockFile0ErrorCode
2026-09-14 00:17:45,711 [ERROR] LogOutputStream:75 - [STDERR_REDIRECT] WARNING: Could not lock System prefs. Unix error code 1235736055.
2026-09-14 00:17:45,712 [ERROR] LogOutputStream:75 - [STDERR_REDIRECT] 
2026-09-14 00:17:45,713 [ERROR] LogOutputStream:75 - [STDERR_REDIRECT] Sep 14, 2026 12:17:45 AM java.util.prefs.FileSystemPreferences syncWorld
2026-09-14 00:17:45,713 [ERROR] LogOutputStream:75 - [STDERR_REDIRECT] WARNING: Couldn't flush system prefs: java.util.prefs.BackingStoreException: Couldn't get file lock.
2026-09-14 00:17:45,713 [ERROR] LogOutputStream:75 - [STDERR_REDIRECT] 
2026-09-14 00:18:15,710 [ERROR] LogOutputStream:75 - [STDERR_REDIRECT] Sep 14, 2026 12:18:15 AM java.util.prefs.FileSystemPreferences checkLockFile0ErrorCode
2026-09-14 00:18:15,711 [ERROR] LogOutputStream:75 - [STDERR_REDIRECT] WARNING: Could not lock System prefs. Unix error code 1235736055.
2026-09-14 00:18:15,711 [ERROR] LogOutputStream:75 - [STDERR_REDIRECT] 
2026-09-14 00:18:15,712 [ERROR] LogOutputStream:75 - [STDERR_REDIRECT] Sep 14, 2026 12:18:15 AM java.util.prefs.FileSystemPreferences syncWorld
2026-09-14 00:18:15,713 [ERROR] LogOutputStream:75 - [STDERR_REDIRECT] WARNING: Couldn't flush system prefs: java.util.prefs.BackingStoreException: Couldn't get file lock.
2026-09-14 00:18:15,714 [ERROR] LogOutputStream:75 - [STDERR_REDIRECT] 
2026-09-14 00:18:45,710 [ERROR] LogOutputStream:75 - [STDERR_REDIRECT] Sep 14, 2026 12:18:45 AM java.util.prefs.FileSystemPreferences checkLockFile0ErrorCode
2026-09-14 00:18:45,710 [ERROR] LogOutputStream:75 - [STDERR_REDIRECT] WARNING: Could not lock System prefs. Unix error code 1235736055.
2026-09-14 00:18:45,711 [ERROR] LogOutputStream:75 - [STDERR_REDIRECT] 
2026-09-14 00:18:45,711 [ERROR] LogOutputStream:75 - [STDERR_REDIRECT] Sep 14, 2026 12:18:45 AM java.util.prefs.FileSystemPreferences syncWorld
2026-09-14 00:18:45,711 [ERROR] LogOutputStream:75 - [STDERR_REDIRECT] WARNING: Couldn't flush system prefs: java.util.prefs.BackingStoreException: Couldn't get file lock.
2026-09-14 00:18:45,711 [ERROR] LogOutputStream:75 - [STDERR_REDIRECT] 
2026-09-14 00:19:15,711 [ERROR] LogOutputStream:75 - [STDERR_REDIRECT] Sep 14, 2026 12:19:15 AM java.util.prefs.FileSystemPreferences checkLockFile0ErrorCode
2026-09-14 00:19:15,711 [ERROR] LogOutputStream:75 - [STDERR_REDIRECT] WARNING: Could not lock System prefs. Unix error code 1235736055.
2026-09-14 00:19:15,711 [ERROR] LogOutputStream:75 - [STDERR_REDIRECT] 
2026-09-14 00:19:15,712 [ERROR] LogOutputStream:75 - [STDERR_REDIRECT] Sep 14, 2026 12:19:15 AM java.util.prefs.FileSystemPreferences syncWorld
2026-09-14 00:19:15,712 [ERROR] LogOutputStream:75 - [STDERR_REDIRECT] WARNING: Couldn't flush system prefs: java.util.prefs.BackingStoreException: Couldn't get file lock.
2026-09-14 00:19:15,712 [ERROR] LogOutputStream:75 - [STDERR_REDIRECT] 
2026-09-14 00:19:45,713 [ERROR] LogOutputStream:75 - [STDERR_REDIRECT] Sep 14, 2026 12:19:45 AM java.util.prefs.FileSystemPreferences checkLockFile0ErrorCode
2026-09-14 00:19:45,714 [ERROR] LogOutputStream:75 - [STDERR_REDIRECT] WARNING: Could not lock System prefs. Unix error code 1235736055.
2026-09-14 00:19:45,714 [ERROR] LogOutputStream:75 - [STDERR_REDIRECT] 
2026-09-14 00:19:45,714 [ERROR] LogOutputStream:75 - [STDERR_REDIRECT] Sep 14, 2026 12:19:45 AM java.util.prefs.FileSystemPreferences syncWorld
2026-09-14 00:19:45,714 [ERROR] LogOutputStream:75 - [STDERR_REDIRECT] WARNING: Couldn't flush system prefs: java.util.prefs.BackingStoreException: Couldn't get file lock.
2026-09-14 00:19:45,717 [ERROR] LogOutputStream:75 - [STDERR_REDIRECT] 
2026-09-14 00:20:15,714 [ERROR] LogOutputStream:75 - [STDERR_REDIRECT] Sep 14, 2026 12:20:15 AM java.util.prefs.FileSystemPreferences checkLockFile0ErrorCode
2026-09-14 00:20:15,714 [ERROR] LogOutputStream:75 - [STDERR_REDIRECT] WARNING: Could not lock System prefs. Unix error code 1235736055.
2026-09-14 00:20:15,715 [ERROR] LogOutputStream:75 - [STDERR_REDIRECT] 
2026-09-14 00:20:15,715 [ERROR] LogOutputStream:75 - [STDERR_REDIRECT] Sep 14, 2026 12:20:15 AM java.util.prefs.FileSystemPreferences syncWorld
2026-09-14 00:20:15,716 [ERROR] LogOutputStream:75 - [STDERR_REDIRECT] WARNING: Couldn't flush system prefs: java.util.prefs.BackingStoreException: Couldn't get file lock.
2026-09-14 00:20:15,716 [ERROR] LogOutputStream:75 - [STDERR_REDIRECT] 
2026-09-14 00:20:45,714 [ERROR] LogOutputStream:75 - [STDERR_REDIRECT] Sep 14, 2026 12:20:45 AM java.util.prefs.FileSystemPreferences checkLockFile0ErrorCode
2026-09-14 00:20:45,715 [ERROR] LogOutputStream:75 - [STDERR_REDIRECT] WARNING: Could not lock System prefs. Unix error code 1235736055.
2026-09-14 00:20:45,715 [ERROR] LogOutputStream:75 - [STDERR_REDIRECT] 
2026-09-14 00:20:45,715 [ERROR] LogOutputStream:75 - [STDERR_REDIRECT] Sep 14, 2026 12:20:45 AM java.util.prefs.FileSystemPreferences syncWorld
2026-09-14 00:20:45,716 [ERROR] LogOutputStream:75 - [STDERR_REDIRECT] WARNING: Couldn't flush system prefs: java.util.prefs.BackingStoreException: Couldn't get file lock.
2026-09-14 00:20:45,716 [ERROR] LogOutputStream:75 - [STDERR_REDIRECT] 
2026-09-14 00:21:15,715 [ERROR] LogOutputStream:75 - [STDERR_REDIRECT] Sep 14, 2026 12:21:15 AM java.util.prefs.FileSystemPreferences checkLockFile0ErrorCode
2026-09-14 00:21:15,715 [ERROR] LogOutputStream:75 - [STDERR_REDIRECT] WARNING: Could not lock System prefs. Unix error code 1235736055.
2026-09-14 00:21:15,715 [ERROR] LogOutputStream:75 - [STDERR_REDIRECT] 
2026-09-14 00:21:15,716 [ERROR] LogOutputStream:75 - [STDERR_REDIRECT] Sep 14, 2026 12:21:15 AM java.util.prefs.FileSystemPreferences syncWorld
2026-09-14 00:21:15,716 [ERROR] LogOutputStream:75 - [STDERR_REDIRECT] WARNING: Couldn't flush system prefs: java.util.prefs.BackingStoreException: Couldn't get file lock.
2026-09-14 00:21:15,716 [ERROR] LogOutputStream:75 - [STDERR_REDIRECT] 
2026-09-14 00:21:45,715 [ERROR] LogOutputStream:75 - [STDERR_REDIRECT] Sep 14, 2026 12:21:45 AM java.util.prefs.FileSystemPreferences checkLockFile0ErrorCode
2026-09-14 00:21:45,716 [ERROR] LogOutputStream:75 - [STDERR_REDIRECT] WARNING: Could not lock System prefs. Unix error code 1235736055.
2026-09-14 00:21:45,716 [ERROR] LogOutputStream:75 - [STDERR_REDIRECT] 
2026-09-14 00:21:45,717 [ERROR] LogOutputStream:75 - [STDERR_REDIRECT] Sep 14, 2026 12:21:45 AM java.util.prefs.FileSystemPreferences syncWorld
2026-09-14 00:21:45,717 [ERROR] LogOutputStream:75 - [STDERR_REDIRECT] WARNING: Couldn't flush system prefs: java.util.prefs.BackingStoreException: Couldn't get file lock.
2026-09-14 00:21:45,717 [ERROR] LogOutputStream:75 - [STDERR_REDIRECT] 
2026-09-14 00:22:15,716 [ERROR] LogOutputStream:75 - [STDERR_REDIRECT] Sep 14, 2026 12:22:15 AM java.util.prefs.FileSystemPreferences checkLockFile0ErrorCode
2026-09-14 00:22:15,716 [ERROR] LogOutputStream:75 - [STDERR_REDIRECT] WARNING: Could not lock System prefs. Unix error code 1235736055.
2026-09-14 00:22:15,716 [ERROR] LogOutputStream:75 - [STDERR_REDIRECT] 
2026-09-14 00:22:15,717 [ERROR] LogOutputStream:75 - [STDERR_REDIRECT] Sep 14, 2026 12:22:15 AM java.util.prefs.FileSystemPreferences syncWorld
2026-09-14 00:22:15,717 [ERROR] LogOutputStream:75 - [STDERR_REDIRECT] WARNING: Couldn't flush system prefs: java.util.prefs.BackingStoreException: Couldn't get file lock.
2026-09-14 00:22:15,718 [ERROR] LogOutputStream:75 - [STDERR_REDIRECT] 
2026-09-14 00:22:45,715 [ERROR] LogOutputStream:75 - [STDERR_REDIRECT] Sep 14, 2026 12:22:45 AM java.util.prefs.FileSystemPreferences checkLockFile0ErrorCode
2026-09-14 00:22:45,715 [ERROR] LogOutputStream:75 - [STDERR_REDIRECT] WARNING: Could not lock System prefs. Unix error code 1235736055.
2026-09-14 00:22:45,715 [ERROR] LogOutputStream:75 - [STDERR_REDIRECT] 
2026-09-14 00:22:45,716 [ERROR] LogOutputStream:75 - [STDERR_REDIRECT] Sep 14, 2026 12:22:45 AM java.util.prefs.FileSystemPreferences syncWorld
2026-09-14 00:22:45,716 [ERROR] LogOutputStream:75 - [STDERR_REDIRECT] WARNING: Couldn't flush system prefs: java.util.prefs.BackingStoreException: Couldn't get file lock.
2026-09-14 00:22:45,716 [ERROR] LogOutputStream:75 - [STDERR_REDIRECT] 
2026-09-14 00:23:15,715 [ERROR] LogOutputStream:75 - [STDERR_REDIRECT] Sep 14, 2026 12:23:15 AM java.util.prefs.FileSystemPreferences checkLockFile0ErrorCode
2026-09-14 00:23:15,716 [ERROR] LogOutputStream:75 - [STDERR_REDIRECT] WARNING: Could not lock System prefs. Unix error code 1235736055.
2026-09-14 00:23:15,716 [ERROR] LogOutputStream:75 - [STDERR_REDIRECT] 
2026-09-14 00:23:15,717 [ERROR] LogOutputStream:75 - [STDERR_REDIRECT] Sep 14, 2026 12:23:15 AM java.util.prefs.FileSystemPreferences syncWorld
2026-09-14 00:23:15,717 [ERROR] LogOutputStream:75 - [STDERR_REDIRECT] WARNING: Couldn't flush system prefs: java.util.prefs.BackingStoreException: Couldn't get file lock.
2026-09-14 00:23:15,717 [ERROR] LogOutputStream:75 - [STDERR_REDIRECT] 
2026-09-14 00:23:45,716 [ERROR] LogOutputStream:75 - [STDERR_REDIRECT] Sep 14, 2026 12:23:45 AM java.util.prefs.FileSystemPreferences checkLockFile0ErrorCode
2026-09-14 00:23:45,717 [ERROR] LogOutputStream:75 - [STDERR_REDIRECT] WARNING: Could not lock System prefs. Unix error code 1235736055.
2026-09-14 00:23:45,717 [ERROR] LogOutputStream:75 - [STDERR_REDIRECT] 
2026-09-14 00:23:45,717 [ERROR] LogOutputStream:75 - [STDERR_REDIRECT] Sep 14, 2026 12:23:45 AM java.util.prefs.FileSystemPreferences syncWorld
2026-09-14 00:23:45,718 [ERROR] LogOutputStream:75 - [STDERR_REDIRECT] WARNING: Couldn't flush system prefs: java.util.prefs.BackingStoreException: Couldn't get file lock.
2026-09-14 00:23:45,719 [ERROR] LogOutputStream:75 - [STDERR_REDIRECT] 
2026-09-14 00:24:15,717 [ERROR] LogOutputStream:75 - [STDERR_REDIRECT] Sep 14, 2026 12:24:15 AM java.util.prefs.FileSystemPreferences checkLockFile0ErrorCode
2026-09-14 00:24:15,717 [ERROR] LogOutputStream:75 - [STDERR_REDIRECT] WARNING: Could not lock System prefs. Unix error code 1235736055.
2026-09-14 00:24:15,717 [ERROR] LogOutputStream:75 - [STDERR_REDIRECT] 
2026-09-14 00:24:15,718 [ERROR] LogOutputStream:75 - [STDERR_REDIRECT] Sep 14, 2026 12:24:15 AM java.util.prefs.FileSystemPreferences syncWorld
2026-09-14 00:24:15,718 [ERROR] LogOutputStream:75 - [STDERR_REDIRECT] WARNING: Couldn't flush system prefs: java.util.prefs.BackingStoreException: Couldn't get file lock.
2026-09-14 00:24:15,718 [ERROR] LogOutputStream:75 - [STDERR_REDIRECT] 
2026-09-14 00:24:45,716 [ERROR] LogOutputStream:75 - [STDERR_REDIRECT] Sep 14, 2026 12:24:45 AM java.util.prefs.FileSystemPreferences checkLockFile0ErrorCode
2026-09-14 00:24:45,716 [ERROR] LogOutputStream:75 - [STDERR_REDIRECT] WARNING: Could not lock System prefs. Unix error code 1235736055.
2026-09-14 00:24:45,717 [ERROR] LogOutputStream:75 - [STDERR_REDIRECT] 
2026-09-14 00:24:45,717 [ERROR] LogOutputStream:75 - [STDERR_REDIRECT] Sep 14, 2026 12:24:45 AM java.util.prefs.FileSystemPreferences syncWorld
2026-09-14 00:24:45,718 [ERROR] LogOutputStream:75 - [STDERR_REDIRECT] WARNING: Couldn't flush system prefs: java.util.prefs.BackingStoreException: Couldn't get file lock.
2026-09-14 00:24:45,718 [ERROR] LogOutputStream:75 - [STDERR_REDIRECT] 
2026-09-14 00:25:15,716 [ERROR] LogOutputStream:75 - [STDERR_REDIRECT] Sep 14, 2026 12:25:15 AM java.util.prefs.FileSystemPreferences checkLockFile0ErrorCode
2026-09-14 00:25:15,717 [ERROR] LogOutputStream:75 - [STDERR_REDIRECT] WARNING: Could not lock System prefs. Unix error code 1235736055.
2026-09-14 00:25:15,717 [ERROR] LogOutputStream:75 - [STDERR_REDIRECT] 
2026-09-14 00:25:15,717 [ERROR] LogOutputStream:75 - [STDERR_REDIRECT] Sep 14, 2026 12:25:15 AM java.util.prefs.FileSystemPreferences syncWorld
2026-09-14 00:25:15,718 [ERROR] LogOutputStream:75 - [STDERR_REDIRECT] WARNING: Couldn't flush system prefs: java.util.prefs.BackingStoreException: Couldn't get file lock.
2026-09-14 00:25:15,718 [ERROR] LogOutputStream:75 - [STDERR_REDIRECT] 
2026-09-14 00:25:45,716 [ERROR] LogOutputStream:75 - [STDERR_REDIRECT] Sep 14, 2026 12:25:45 AM java.util.prefs.FileSystemPreferences checkLockFile0ErrorCode
2026-09-14 00:25:45,716 [ERROR] LogOutputStream:75 - [STDERR_REDIRECT] WARNING: Could not lock System prefs. Unix error code 1235736055.
2026-09-14 00:25:45,716 [ERROR] LogOutputStream:75 - [STDERR_REDIRECT] 
2026-09-14 00:25:45,717 [ERROR] LogOutputStream:75 - [STDERR_REDIRECT] Sep 14, 2026 12:25:45 AM java.util.prefs.FileSystemPreferences syncWorld
2026-09-14 00:25:45,717 [ERROR] LogOutputStream:75 - [STDERR_REDIRECT] WARNING: Couldn't flush system prefs: java.util.prefs.BackingStoreException: Couldn't get file lock.
2026-09-14 00:25:45,717 [ERROR] LogOutputStream:75 - [STDERR_REDIRECT] 
2026-09-14 00:26:15,717 [ERROR] LogOutputStream:75 - [STDERR_REDIRECT] Sep 14, 2026 12:26:15 AM java.util.prefs.FileSystemPreferences checkLockFile0ErrorCode
2026-09-14 00:26:15,717 [ERROR] LogOutputStream:75 - [STDERR_REDIRECT] WARNING: Could not lock System prefs. Unix error code 1235736055.
2026-09-14 00:26:15,717 [ERROR] LogOutputStream:75 - [STDERR_REDIRECT] 
2026-09-14 00:26:15,718 [ERROR] LogOutputStream:75 - [STDERR_REDIRECT] Sep 14, 2026 12:26:15 AM java.util.prefs.FileSystemPreferences syncWorld
2026-09-14 00:26:15,718 [ERROR] LogOutputStream:75 - [STDERR_REDIRECT] WARNING: Couldn't flush system prefs: java.util.prefs.BackingStoreException: Couldn't get file lock.
2026-09-14 00:26:15,718 [ERROR] LogOutputStream:75 - [STDERR_REDIRECT] 
2026-09-14 00:26:45,717 [ERROR] LogOutputStream:75 - [STDERR_REDIRECT] Sep 14, 2026 12:26:45 AM java.util.prefs.FileSystemPreferences checkLockFile0ErrorCode
2026-09-14 00:26:45,718 [ERROR] LogOutputStream:75 - [STDERR_REDIRECT] WARNING: Could not lock System prefs. Unix error code 1235736055.
2026-09-14 00:26:45,718 [ERROR] LogOutputStream:75 - [STDERR_REDIRECT] 
2026-09-14 00:26:45,718 [ERROR] LogOutputStream:75 - [STDERR_REDIRECT] Sep 14, 2026 12:26:45 AM java.util.prefs.FileSystemPreferences syncWorld
2026-09-14 00:26:45,719 [ERROR] LogOutputStream:75 - [STDERR_REDIRECT] WARNING: Couldn't flush system prefs: java.util.prefs.BackingStoreException: Couldn't get file lock.
2026-09-14 00:26:45,719 [ERROR] LogOutputStream:75 - [STDERR_REDIRECT] 
2026-09-14 00:27:15,718 [ERROR] LogOutputStream:75 - [STDERR_REDIRECT] Sep 14, 2026 12:27:15 AM java.util.prefs.FileSystemPreferences checkLockFile0ErrorCode
2026-09-14 00:27:15,719 [ERROR] LogOutputStream:75 - [STDERR_REDIRECT] WARNING: Could not lock System prefs. Unix error code 1235736055.
2026-09-14 00:27:15,719 [ERROR] LogOutputStream:75 - [STDERR_REDIRECT] 
2026-09-14 00:27:15,719 [ERROR] LogOutputStream:75 - [STDERR_REDIRECT] Sep 14, 2026 12:27:15 AM java.util.prefs.FileSystemPreferences syncWorld
2026-09-14 00:27:15,720 [ERROR] LogOutputStream:75 - [STDERR_REDIRECT] WARNING: Couldn't flush system prefs: java.util.prefs.BackingStoreException: Couldn't get file lock.
2026-09-14 00:27:15,720 [ERROR] LogOutputStream:75 - [STDERR_REDIRECT] 
2026-09-14 00:27:45,718 [ERROR] LogOutputStream:75 - [STDERR_REDIRECT] Sep 14, 2026 12:27:45 AM java.util.prefs.FileSystemPreferences checkLockFile0ErrorCode
2026-09-14 00:27:45,718 [ERROR] LogOutputStream:75 - [STDERR_REDIRECT] WARNING: Could not lock System prefs. Unix error code 1235736055.
2026-09-14 00:27:45,718 [ERROR] LogOutputStream:75 - [STDERR_REDIRECT] 
2026-09-14 00:27:45,719 [ERROR] LogOutputStream:75 - [STDERR_REDIRECT] Sep 14, 2026 12:27:45 AM java.util.prefs.FileSystemPreferences syncWorld
2026-09-14 00:27:45,719 [ERROR] LogOutputStream:75 - [STDERR_REDIRECT] WARNING: Couldn't flush system prefs: java.util.prefs.BackingStoreException: Couldn't get file lock.
2026-09-14 00:27:45,719 [ERROR] LogOutputStream:75 - [STDERR_REDIRECT] 
2026-09-14 00:28:15,718 [ERROR] LogOutputStream:75 - [STDERR_REDIRECT] Sep 14, 2026 12:28:15 AM java.util.prefs.FileSystemPreferences checkLockFile0ErrorCode
2026-09-14 00:28:15,719 [ERROR] LogOutputStream:75 - [STDERR_REDIRECT] WARNING: Could not lock System prefs. Unix error code 1235736055.
2026-09-14 00:28:15,719 [ERROR] LogOutputStream:75 - [STDERR_REDIRECT] 
2026-09-14 00:28:15,719 [ERROR] LogOutputStream:75 - [STDERR_REDIRECT] Sep 14, 2026 12:28:15 AM java.util.prefs.FileSystemPreferences syncWorld
2026-09-14 00:28:15,720 [ERROR] LogOutputStream:75 - [STDERR_REDIRECT] WARNING: Couldn't flush system prefs: java.util.prefs.BackingStoreException: Couldn't get file lock.
2026-09-14 00:28:15,720 [ERROR] LogOutputStream:75 - [STDERR_REDIRECT] 
2026-09-14 00:28:45,718 [ERROR] LogOutputStream:75 - [STDERR_REDIRECT] Sep 14, 2026 12:28:45 AM java.util.prefs.FileSystemPreferences checkLockFile0ErrorCode
2026-09-14 00:28:45,719 [ERROR] LogOutputStream:75 - [STDERR_REDIRECT] WARNING: Could not lock System prefs. Unix error code 1235736055.
2026-09-14 00:28:45,719 [ERROR] LogOutputStream:75 - [STDERR_REDIRECT] 
2026-09-14 00:28:45,720 [ERROR] LogOutputStream:75 - [STDERR_REDIRECT] Sep 14, 2026 12:28:45 AM java.util.prefs.FileSystemPreferences syncWorld
2026-09-14 00:28:45,720 [ERROR] LogOutputStream:75 - [STDERR_REDIRECT] WARNING: Couldn't flush system prefs: java.util.prefs.BackingStoreException: Couldn't get file lock.
2026-09-14 00:28:45,720 [ERROR] LogOutputStream:75 - [STDERR_REDIRECT] 
2026-09-14 00:29:15,718 [ERROR] LogOutputStream:75 - [STDERR_REDIRECT] Sep 14, 2026 12:29:15 AM java.util.prefs.FileSystemPreferences checkLockFile0ErrorCode
2026-09-14 00:29:15,718 [ERROR] LogOutputStream:75 - [STDERR_REDIRECT] WARNING: Could not lock System prefs. Unix error code 1235736055.
2026-09-14 00:29:15,719 [ERROR] LogOutputStream:75 - [STDERR_REDIRECT] 
2026-09-14 00:29:15,719 [ERROR] LogOutputStream:75 - [STDERR_REDIRECT] Sep 14, 2026 12:29:15 AM java.util.prefs.FileSystemPreferences syncWorld
2026-09-14 00:29:15,720 [ERROR] LogOutputStream:75 - [STDERR_REDIRECT] WARNING: Couldn't flush system prefs: java.util.prefs.BackingStoreException: Couldn't get file lock.
2026-09-14 00:29:15,720 [ERROR] LogOutputStream:75 - [STDERR_REDIRECT] 
2026-09-14 00:29:45,718 [ERROR] LogOutputStream:75 - [STDERR_REDIRECT] Sep 14, 2026 12:29:45 AM java.util.prefs.FileSystemPreferences checkLockFile0ErrorCode
2026-09-14 00:29:45,718 [ERROR] LogOutputStream:75 - [STDERR_REDIRECT] WARNING: Could not lock System prefs. Unix error code 1235736055.
2026-09-14 00:29:45,719 [ERROR] LogOutputStream:75 - [STDERR_REDIRECT] 
2026-09-14 00:29:45,719 [ERROR] LogOutputStream:75 - [STDERR_REDIRECT] Sep 14, 2026 12:29:45 AM java.util.prefs.FileSystemPreferences syncWorld
2026-09-14 00:29:45,719 [ERROR] LogOutputStream:75 - [STDERR_REDIRECT] WARNING: Couldn't flush system prefs: java.util.prefs.BackingStoreException: Couldn't get file lock.
2026-09-14 00:29:45,720 [ERROR] LogOutputStream:75 - [STDERR_REDIRECT] 
2026-09-14 00:30:15,718 [ERROR] LogOutputStream:75 - [STDERR_REDIRECT] Sep 14, 2026 12:30:15 AM java.util.prefs.FileSystemPreferences checkLockFile0ErrorCode
2026-09-14 00:30:15,718 [ERROR] LogOutputStream:75 - [STDERR_REDIRECT] WARNING: Could not lock System prefs. Unix error code 1235736055.
2026-09-14 00:30:15,719 [ERROR] LogOutputStream:75 - [STDERR_REDIRECT] 
2026-09-14 00:30:15,719 [ERROR] LogOutputStream:75 - [STDERR_REDIRECT] Sep 14, 2026 12:30:15 AM java.util.prefs.FileSystemPreferences syncWorld
2026-09-14 00:30:15,719 [ERROR] LogOutputStream:75 - [STDERR_REDIRECT] WARNING: Couldn't flush system prefs: java.util.prefs.BackingStoreException: Couldn't get file lock.
2026-09-14 00:30:15,719 [ERROR] LogOutputStream:75 - [STDERR_REDIRECT] 
2026-09-14 00:30:45,718 [ERROR] LogOutputStream:75 - [STDERR_REDIRECT] Sep 14, 2026 12:30:45 AM java.util.prefs.FileSystemPreferences checkLockFile0ErrorCode
2026-09-14 00:30:45,719 [ERROR] LogOutputStream:75 - [STDERR_REDIRECT] WARNING: Could not lock System prefs. Unix error code 1235736055.
2026-09-14 00:30:45,719 [ERROR] LogOutputStream:75 - [STDERR_REDIRECT] 
2026-09-14 00:30:45,720 [ERROR] LogOutputStream:75 - [STDERR_REDIRECT] Sep 14, 2026 12:30:45 AM java.util.prefs.FileSystemPreferences syncWorld
2026-09-14 00:30:45,720 [ERROR] LogOutputStream:75 - [STDERR_REDIRECT] WARNING: Couldn't flush system prefs: java.util.prefs.BackingStoreException: Couldn't get file lock.
2026-09-14 00:30:45,720 [ERROR] LogOutputStream:75 - [STDERR_REDIRECT] 
2026-09-14 00:31:15,720 [ERROR] LogOutputStream:75 - [STDERR_REDIRECT] Sep 14, 2026 12:31:15 AM java.util.prefs.FileSystemPreferences checkLockFile0ErrorCode
2026-09-14 00:31:15,720 [ERROR] LogOutputStream:75 - [STDERR_REDIRECT] WARNING: Could not lock System prefs. Unix error code 1235736055.
2026-09-14 00:31:15,720 [ERROR] LogOutputStream:75 - [STDERR_REDIRECT] 
2026-09-14 00:31:15,721 [ERROR] LogOutputStream:75 - [STDERR_REDIRECT] Sep 14, 2026 12:31:15 AM java.util.prefs.FileSystemPreferences syncWorld
2026-09-14 00:31:15,722 [ERROR] LogOutputStream:75 - [STDERR_REDIRECT] WARNING: Couldn't flush system prefs: java.util.prefs.BackingStoreException: Couldn't get file lock.
2026-09-14 00:31:15,722 [ERROR] LogOutputStream:75 - [STDERR_REDIRECT] 
2026-09-14 00:31:45,720 [ERROR] LogOutputStream:75 - [STDERR_REDIRECT] Sep 14, 2026 12:31:45 AM java.util.prefs.FileSystemPreferences checkLockFile0ErrorCode
2026-09-14 00:31:45,721 [ERROR] LogOutputStream:75 - [STDERR_REDIRECT] WARNING: Could not lock System prefs. Unix error code 1235736055.
2026-09-14 00:31:45,721 [ERROR] LogOutputStream:75 - [STDERR_REDIRECT] 
2026-09-14 00:31:45,721 [ERROR] LogOutputStream:75 - [STDERR_REDIRECT] Sep 14, 2026 12:31:45 AM java.util.prefs.FileSystemPreferences syncWorld
2026-09-14 00:31:45,722 [ERROR] LogOutputStream:75 - [STDERR_REDIRECT] WARNING: Couldn't flush system prefs: java.util.prefs.BackingStoreException: Couldn't get file lock.
2026-09-14 00:31:45,722 [ERROR] LogOutputStream:75 - [STDERR_REDIRECT] 
2026-09-14 00:32:15,721 [ERROR] LogOutputStream:75 - [STDERR_REDIRECT] Sep 14, 2026 12:32:15 AM java.util.prefs.FileSystemPreferences checkLockFile0ErrorCode
2026-09-14 00:32:15,721 [ERROR] LogOutputStream:75 - [STDERR_REDIRECT] WARNING: Could not lock System prefs. Unix error code 1235736055.
2026-09-14 00:32:15,721 [ERROR] LogOutputStream:75 - [STDERR_REDIRECT] 
2026-09-14 00:32:15,722 [ERROR] LogOutputStream:75 - [STDERR_REDIRECT] Sep 14, 2026 12:32:15 AM java.util.prefs.FileSystemPreferences syncWorld
2026-09-14 00:32:15,722 [ERROR] LogOutputStream:75 - [STDERR_REDIRECT] WARNING: Couldn't flush system prefs: java.util.prefs.BackingStoreException: Couldn't get file lock.
2026-09-14 00:32:15,722 [ERROR] LogOutputStream:75 - [STDERR_REDIRECT] 
2026-09-14 00:32:45,721 [ERROR] LogOutputStream:75 - [STDERR_REDIRECT] Sep 14, 2026 12:32:45 AM java.util.prefs.FileSystemPreferences checkLockFile0ErrorCode
2026-09-14 00:32:45,721 [ERROR] LogOutputStream:75 - [STDERR_REDIRECT] WARNING: Could not lock System prefs. Unix error code 1235736055.
2026-09-14 00:32:45,721 [ERROR] LogOutputStream:75 - [STDERR_REDIRECT] 
2026-09-14 00:32:45,722 [ERROR] LogOutputStream:75 - [STDERR_REDIRECT] Sep 14, 2026 12:32:45 AM java.util.prefs.FileSystemPreferences syncWorld
2026-09-14 00:32:45,722 [ERROR] LogOutputStream:75 - [STDERR_REDIRECT] WARNING: Couldn't flush system prefs: java.util.prefs.BackingStoreException: Couldn't get file lock.
2026-09-14 00:32:45,722 [ERROR] LogOutputStream:75 - [STDERR_REDIRECT] 
2026-09-14 00:33:15,721 [ERROR] LogOutputStream:75 - [STDERR_REDIRECT] Sep 14, 2026 12:33:15 AM java.util.prefs.FileSystemPreferences checkLockFile0ErrorCode
2026-09-14 00:33:15,721 [ERROR] LogOutputStream:75 - [STDERR_REDIRECT] WARNING: Could not lock System prefs. Unix error code 1235736055.
2026-09-14 00:33:15,721 [ERROR] LogOutputStream:75 - [STDERR_REDIRECT] 
2026-09-14 00:33:15,722 [ERROR] LogOutputStream:75 - [STDERR_REDIRECT] Sep 14, 2026 12:33:15 AM java.util.prefs.FileSystemPreferences syncWorld
2026-09-14 00:33:15,724 [ERROR] LogOutputStream:75 - [STDERR_REDIRECT] WARNING: Couldn't flush system prefs: java.util.prefs.BackingStoreException: Couldn't get file lock.
2026-09-14 00:33:15,724 [ERROR] LogOutputStream:75 - [STDERR_REDIRECT] 
2026-09-14 00:33:45,721 [ERROR] LogOutputStream:75 - [STDERR_REDIRECT] Sep 14, 2026 12:33:45 AM java.util.prefs.FileSystemPreferences checkLockFile0ErrorCode
2026-09-14 00:33:45,721 [ERROR] LogOutputStream:75 - [STDERR_REDIRECT] WARNING: Could not lock System prefs. Unix error code 1235736055.
2026-09-14 00:33:45,721 [ERROR] LogOutputStream:75 - [STDERR_REDIRECT] 
2026-09-14 00:33:45,722 [ERROR] LogOutputStream:75 - [STDERR_REDIRECT] Sep 14, 2026 12:33:45 AM java.util.prefs.FileSystemPreferences syncWorld
2026-09-14 00:33:45,722 [ERROR] LogOutputStream:75 - [STDERR_REDIRECT] WARNING: Couldn't flush system prefs: java.util.prefs.BackingStoreException: Couldn't get file lock.
2026-09-14 00:33:45,722 [ERROR] LogOutputStream:75 - [STDERR_REDIRECT] 
2026-09-14 00:34:15,721 [ERROR] LogOutputStream:75 - [STDERR_REDIRECT] Sep 14, 2026 12:34:15 AM java.util.prefs.FileSystemPreferences checkLockFile0ErrorCode
2026-09-14 00:34:15,722 [ERROR] LogOutputStream:75 - [STDERR_REDIRECT] WARNING: Could not lock System prefs. Unix error code 1235736055.
2026-09-14 00:34:15,722 [ERROR] LogOutputStream:75 - [STDERR_REDIRECT] 
2026-09-14 00:34:15,722 [ERROR] LogOutputStream:75 - [STDERR_REDIRECT] Sep 14, 2026 12:34:15 AM java.util.prefs.FileSystemPreferences syncWorld
2026-09-14 00:34:15,723 [ERROR] LogOutputStream:75 - [STDERR_REDIRECT] WARNING: Couldn't flush system prefs: java.util.prefs.BackingStoreException: Couldn't get file lock.
2026-09-14 00:34:15,723 [ERROR] LogOutputStream:75 - [STDERR_REDIRECT] 
2026-09-14 00:34:45,722 [ERROR] LogOutputStream:75 - [STDERR_REDIRECT] Sep 14, 2026 12:34:45 AM java.util.prefs.FileSystemPreferences checkLockFile0ErrorCode
2026-09-14 00:34:45,722 [ERROR] LogOutputStream:75 - [STDERR_REDIRECT] WARNING: Could not lock System prefs. Unix error code 1235736055.
2026-09-14 00:34:45,723 [ERROR] LogOutputStream:75 - [STDERR_REDIRECT] 
2026-09-14 00:34:45,723 [ERROR] LogOutputStream:75 - [STDERR_REDIRECT] Sep 14, 2026 12:34:45 AM java.util.prefs.FileSystemPreferences syncWorld
2026-09-14 00:34:45,723 [ERROR] LogOutputStream:75 - [STDERR_REDIRECT] WARNING: Couldn't flush system prefs: java.util.prefs.BackingStoreException: Couldn't get file lock.
2026-09-14 00:34:45,724 [ERROR] LogOutputStream:75 - [STDERR_REDIRECT] 
2026-09-14 00:35:15,722 [ERROR] LogOutputStream:75 - [STDERR_REDIRECT] Sep 14, 2026 12:35:15 AM java.util.prefs.FileSystemPreferences checkLockFile0ErrorCode
2026-09-14 00:35:15,722 [ERROR] LogOutputStream:75 - [STDERR_REDIRECT] WARNING: Could not lock System prefs. Unix error code 1235736055.
2026-09-14 00:35:15,722 [ERROR] LogOutputStream:75 - [STDERR_REDIRECT] 
2026-09-14 00:35:15,723 [ERROR] LogOutputStream:75 - [STDERR_REDIRECT] Sep 14, 2026 12:35:15 AM java.util.prefs.FileSystemPreferences syncWorld
2026-09-14 00:35:15,723 [ERROR] LogOutputStream:75 - [STDERR_REDIRECT] WARNING: Couldn't flush system prefs: java.util.prefs.BackingStoreException: Couldn't get file lock.
2026-09-14 00:35:15,723 [ERROR] LogOutputStream:75 - [STDERR_REDIRECT] 
2026-09-14 00:35:45,722 [ERROR] LogOutputStream:75 - [STDERR_REDIRECT] Sep 14, 2026 12:35:45 AM java.util.prefs.FileSystemPreferences checkLockFile0ErrorCode
2026-09-14 00:35:45,723 [ERROR] LogOutputStream:75 - [STDERR_REDIRECT] WARNING: Could not lock System prefs. Unix error code 1235736055.
2026-09-14 00:35:45,723 [ERROR] LogOutputStream:75 - [STDERR_REDIRECT] 
2026-09-14 00:35:45,723 [ERROR] LogOutputStream:75 - [STDERR_REDIRECT] Sep 14, 2026 12:35:45 AM java.util.prefs.FileSystemPreferences syncWorld
2026-09-14 00:35:45,723 [ERROR] LogOutputStream:75 - [STDERR_REDIRECT] WARNING: Couldn't flush system prefs: java.util.prefs.BackingStoreException: Couldn't get file lock.
2026-09-14 00:35:45,724 [ERROR] LogOutputStream:75 - [STDERR_REDIRECT] 
2026-09-14 00:36:15,722 [ERROR] LogOutputStream:75 - [STDERR_REDIRECT] Sep 14, 2026 12:36:15 AM java.util.prefs.FileSystemPreferences checkLockFile0ErrorCode
2026-09-14 00:36:15,722 [ERROR] LogOutputStream:75 - [STDERR_REDIRECT] WARNING: Could not lock System prefs. Unix error code 1235736055.
2026-09-14 00:36:15,722 [ERROR] LogOutputStream:75 - [STDERR_REDIRECT] 
2026-09-14 00:36:15,724 [ERROR] LogOutputStream:75 - [STDERR_REDIRECT] Sep 14, 2026 12:36:15 AM java.util.prefs.FileSystemPreferences syncWorld
2026-09-14 00:36:15,724 [ERROR] LogOutputStream:75 - [STDERR_REDIRECT] WARNING: Couldn't flush system prefs: java.util.prefs.BackingStoreException: Couldn't get file lock.
2026-09-14 00:36:15,724 [ERROR] LogOutputStream:75 - [STDERR_REDIRECT] 
2026-09-14 00:36:45,722 [ERROR] LogOutputStream:75 - [STDERR_REDIRECT] Sep 14, 2026 12:36:45 AM java.util.prefs.FileSystemPreferences checkLockFile0ErrorCode
2026-09-14 00:36:45,722 [ERROR] LogOutputStream:75 - [STDERR_REDIRECT] WARNING: Could not lock System prefs. Unix error code 1235736055.
2026-09-14 00:36:45,722 [ERROR] LogOutputStream:75 - [STDERR_REDIRECT] 
2026-09-14 00:36:45,723 [ERROR] LogOutputStream:75 - [STDERR_REDIRECT] Sep 14, 2026 12:36:45 AM java.util.prefs.FileSystemPreferences syncWorld
2026-09-14 00:36:45,723 [ERROR] LogOutputStream:75 - [STDERR_REDIRECT] WARNING: Couldn't flush system prefs: java.util.prefs.BackingStoreException: Couldn't get file lock.
2026-09-14 00:36:45,723 [ERROR] LogOutputStream:75 - [STDERR_REDIRECT] 
2026-09-14 00:37:15,723 [ERROR] LogOutputStream:75 - [STDERR_REDIRECT] Sep 14, 2026 12:37:15 AM java.util.prefs.FileSystemPreferences checkLockFile0ErrorCode
2026-09-14 00:37:15,723 [ERROR] LogOutputStream:75 - [STDERR_REDIRECT] WARNING: Could not lock System prefs. Unix error code 1235736055.
2026-09-14 00:37:15,723 [ERROR] LogOutputStream:75 - [STDERR_REDIRECT] 
2026-09-14 00:37:15,724 [ERROR] LogOutputStream:75 - [STDERR_REDIRECT] Sep 14, 2026 12:37:15 AM java.util.prefs.FileSystemPreferences syncWorld
2026-09-14 00:37:15,725 [ERROR] LogOutputStream:75 - [STDERR_REDIRECT] WARNING: Couldn't flush system prefs: java.util.prefs.BackingStoreException: Couldn't get file lock.
2026-09-14 00:37:15,725 [ERROR] LogOutputStream:75 - [STDERR_REDIRECT] 
2026-09-14 00:37:45,723 [ERROR] LogOutputStream:75 - [STDERR_REDIRECT] Sep 14, 2026 12:37:45 AM java.util.prefs.FileSystemPreferences checkLockFile0ErrorCode
2026-09-14 00:37:45,723 [ERROR] LogOutputStream:75 - [STDERR_REDIRECT] WARNING: Could not lock System prefs. Unix error code 1235736055.
2026-09-14 00:37:45,723 [ERROR] LogOutputStream:75 - [STDERR_REDIRECT] 
2026-09-14 00:37:45,724 [ERROR] LogOutputStream:75 - [STDERR_REDIRECT] Sep 14, 2026 12:37:45 AM java.util.prefs.FileSystemPreferences syncWorld
2026-09-14 00:37:45,724 [ERROR] LogOutputStream:75 - [STDERR_REDIRECT] WARNING: Couldn't flush system prefs: java.util.prefs.BackingStoreException: Couldn't get file lock.
2026-09-14 00:37:45,724 [ERROR] LogOutputStream:75 - [STDERR_REDIRECT] 
2026-09-14 00:38:15,723 [ERROR] LogOutputStream:75 - [STDERR_REDIRECT] Sep 14, 2026 12:38:15 AM java.util.prefs.FileSystemPreferences checkLockFile0ErrorCode
2026-09-14 00:38:15,723 [ERROR] LogOutputStream:75 - [STDERR_REDIRECT] WARNING: Could not lock System prefs. Unix error code 1235736055.
2026-09-14 00:38:15,724 [ERROR] LogOutputStream:75 - [STDERR_REDIRECT] 
2026-09-14 00:38:15,724 [ERROR] LogOutputStream:75 - [STDERR_REDIRECT] Sep 14, 2026 12:38:15 AM java.util.prefs.FileSystemPreferences syncWorld
2026-09-14 00:38:15,724 [ERROR] LogOutputStream:75 - [STDERR_REDIRECT] WARNING: Couldn't flush system prefs: java.util.prefs.BackingStoreException: Couldn't get file lock.
2026-09-14 00:38:15,725 [ERROR] LogOutputStream:75 - [STDERR_REDIRECT] 
2026-09-14 00:38:45,723 [ERROR] LogOutputStream:75 - [STDERR_REDIRECT] Sep 14, 2026 12:38:45 AM java.util.prefs.FileSystemPreferences checkLockFile0ErrorCode
2026-09-14 00:38:45,723 [ERROR] LogOutputStream:75 - [STDERR_REDIRECT] WARNING: Could not lock System prefs. Unix error code 1235736055.
2026-09-14 00:38:45,723 [ERROR] LogOutputStream:75 - [STDERR_REDIRECT] 
2026-09-14 00:38:45,724 [ERROR] LogOutputStream:75 - [STDERR_REDIRECT] Sep 14, 2026 12:38:45 AM java.util.prefs.FileSystemPreferences syncWorld
2026-09-14 00:38:45,724 [ERROR] LogOutputStream:75 - [STDERR_REDIRECT] WARNING: Couldn't flush system prefs: java.util.prefs.BackingStoreException: Couldn't get file lock.
2026-09-14 00:38:45,724 [ERROR] LogOutputStream:75 - [STDERR_REDIRECT] 
2026-09-14 00:39:15,723 [ERROR] LogOutputStream:75 - [STDERR_REDIRECT] Sep 14, 2026 12:39:15 AM java.util.prefs.FileSystemPreferences checkLockFile0ErrorCode
2026-09-14 00:39:15,725 [ERROR] LogOutputStream:75 - [STDERR_REDIRECT] WARNING: Could not lock System prefs. Unix error code 1235736055.
2026-09-14 00:39:15,725 [ERROR] LogOutputStream:75 - [STDERR_REDIRECT] 
2026-09-14 00:39:15,726 [ERROR] LogOutputStream:75 - [STDERR_REDIRECT] Sep 14, 2026 12:39:15 AM java.util.prefs.FileSystemPreferences syncWorld
2026-09-14 00:39:15,727 [ERROR] LogOutputStream:75 - [STDERR_REDIRECT] WARNING: Couldn't flush system prefs: java.util.prefs.BackingStoreException: Couldn't get file lock.
2026-09-14 00:39:15,727 [ERROR] LogOutputStream:75 - [STDERR_REDIRECT] 
2026-09-14 00:39:45,724 [ERROR] LogOutputStream:75 - [STDERR_REDIRECT] Sep 14, 2026 12:39:45 AM java.util.prefs.FileSystemPreferences checkLockFile0ErrorCode
2026-09-14 00:39:45,724 [ERROR] LogOutputStream:75 - [STDERR_REDIRECT] WARNING: Could not lock System prefs. Unix error code 31587.
2026-09-14 00:39:45,724 [ERROR] LogOutputStream:75 - [STDERR_REDIRECT] 
2026-09-14 00:39:45,726 [ERROR] LogOutputStream:75 - [STDERR_REDIRECT] Sep 14, 2026 12:39:45 AM java.util.prefs.FileSystemPreferences syncWorld
2026-09-14 00:39:45,726 [ERROR] LogOutputStream:75 - [STDERR_REDIRECT] WARNING: Couldn't flush system prefs: java.util.prefs.BackingStoreException: Couldn't get file lock.
2026-09-14 00:39:45,726 [ERROR] LogOutputStream:75 - [STDERR_REDIRECT] 
2026-09-14 00:40:15,724 [ERROR] LogOutputStream:75 - [STDERR_REDIRECT] Sep 14, 2026 12:40:15 AM java.util.prefs.FileSystemPreferences checkLockFile0ErrorCode
2026-09-14 00:40:15,725 [ERROR] LogOutputStream:75 - [STDERR_REDIRECT] WARNING: Could not lock System prefs. Unix error code 5.
2026-09-14 00:40:15,725 [ERROR] LogOutputStream:75 - [STDERR_REDIRECT] 
2026-09-14 00:40:15,725 [ERROR] LogOutputStream:75 - [STDERR_REDIRECT] Sep 14, 2026 12:40:15 AM java.util.prefs.FileSystemPreferences syncWorld
2026-09-14 00:40:15,726 [ERROR] LogOutputStream:75 - [STDERR_REDIRECT] WARNING: Couldn't flush system prefs: java.util.prefs.BackingStoreException: Couldn't get file lock.
2026-09-14 00:40:15,726 [ERROR] LogOutputStream:75 - [STDERR_REDIRECT] 
2026-09-14 00:40:45,725 [ERROR] LogOutputStream:75 - [STDERR_REDIRECT] Sep 14, 2026 12:40:45 AM java.util.prefs.FileSystemPreferences checkLockFile0ErrorCode
2026-09-14 00:40:45,725 [ERROR] LogOutputStream:75 - [STDERR_REDIRECT] WARNING: Could not lock System prefs. Unix error code 5.
2026-09-14 00:40:45,725 [ERROR] LogOutputStream:75 - [STDERR_REDIRECT] 
2026-09-14 00:40:45,726 [ERROR] LogOutputStream:75 - [STDERR_REDIRECT] Sep 14, 2026 12:40:45 AM java.util.prefs.FileSystemPreferences syncWorld
2026-09-14 00:40:45,726 [ERROR] LogOutputStream:75 - [STDERR_REDIRECT] WARNING: Couldn't flush system prefs: java.util.prefs.BackingStoreException: Couldn't get file lock.
2026-09-14 00:40:45,726 [ERROR] LogOutputStream:75 - [STDERR_REDIRECT] 
2026-09-14 00:41:15,725 [ERROR] LogOutputStream:75 - [STDERR_REDIRECT] Sep 14, 2026 12:41:15 AM java.util.prefs.FileSystemPreferences checkLockFile0ErrorCode
2026-09-14 00:41:15,725 [ERROR] LogOutputStream:75 - [STDERR_REDIRECT] WARNING: Could not lock System prefs. Unix error code 5.
2026-09-14 00:41:15,726 [ERROR] LogOutputStream:75 - [STDERR_REDIRECT] 
2026-09-14 00:41:15,726 [ERROR] LogOutputStream:75 - [STDERR_REDIRECT] Sep 14, 2026 12:41:15 AM java.util.prefs.FileSystemPreferences syncWorld
2026-09-14 00:41:15,726 [ERROR] LogOutputStream:75 - [STDERR_REDIRECT] WARNING: Couldn't flush system prefs: java.util.prefs.BackingStoreException: Couldn't get file lock.
2026-09-14 00:41:15,726 [ERROR] LogOutputStream:75 - [STDERR_REDIRECT] 
2026-09-14 00:41:45,726 [ERROR] LogOutputStream:75 - [STDERR_REDIRECT] Sep 14, 2026 12:41:45 AM java.util.prefs.FileSystemPreferences checkLockFile0ErrorCode
2026-09-14 00:41:45,726 [ERROR] LogOutputStream:75 - [STDERR_REDIRECT] WARNING: Could not lock System prefs. Unix error code 5.
2026-09-14 00:41:45,727 [ERROR] LogOutputStream:75 - [STDERR_REDIRECT] 
2026-09-14 00:41:45,727 [ERROR] LogOutputStream:75 - [STDERR_REDIRECT] Sep 14, 2026 12:41:45 AM java.util.prefs.FileSystemPreferences syncWorld
2026-09-14 00:41:45,727 [ERROR] LogOutputStream:75 - [STDERR_REDIRECT] WARNING: Couldn't flush system prefs: java.util.prefs.BackingStoreException: Couldn't get file lock.
2026-09-14 00:41:45,727 [ERROR] LogOutputStream:75 - [STDERR_REDIRECT] 
2026-09-14 00:42:15,726 [ERROR] LogOutputStream:75 - [STDERR_REDIRECT] Sep 14, 2026 12:42:15 AM java.util.prefs.FileSystemPreferences checkLockFile0ErrorCode
2026-09-14 00:42:15,727 [ERROR] LogOutputStream:75 - [STDERR_REDIRECT] WARNING: Could not lock System prefs. Unix error code 5.
2026-09-14 00:42:15,727 [ERROR] LogOutputStream:75 - [STDERR_REDIRECT] 
2026-09-14 00:42:15,727 [ERROR] LogOutputStream:75 - [STDERR_REDIRECT] Sep 14, 2026 12:42:15 AM java.util.prefs.FileSystemPreferences syncWorld
2026-09-14 00:42:15,728 [ERROR] LogOutputStream:75 - [STDERR_REDIRECT] WARNING: Couldn't flush system prefs: java.util.prefs.BackingStoreException: Couldn't get file lock.
2026-09-14 00:42:15,728 [ERROR] LogOutputStream:75 - [STDERR_REDIRECT] 
2026-09-14 00:42:45,727 [ERROR] LogOutputStream:75 - [STDERR_REDIRECT] Sep 14, 2026 12:42:45 AM java.util.prefs.FileSystemPreferences checkLockFile0ErrorCode
2026-09-14 00:42:45,727 [ERROR] LogOutputStream:75 - [STDERR_REDIRECT] WARNING: Could not lock System prefs. Unix error code 5.
2026-09-14 00:42:45,727 [ERROR] LogOutputStream:75 - [STDERR_REDIRECT] 
2026-09-14 00:42:45,728 [ERROR] LogOutputStream:75 - [STDERR_REDIRECT] Sep 14, 2026 12:42:45 AM java.util.prefs.FileSystemPreferences syncWorld
2026-09-14 00:42:45,728 [ERROR] LogOutputStream:75 - [STDERR_REDIRECT] WARNING: Couldn't flush system prefs: java.util.prefs.BackingStoreException: Couldn't get file lock.
2026-09-14 00:42:45,728 [ERROR] LogOutputStream:75 - [STDERR_REDIRECT] 
2026-09-14 00:43:15,726 [ERROR] LogOutputStream:75 - [STDERR_REDIRECT] Sep 14, 2026 12:43:15 AM java.util.prefs.FileSystemPreferences checkLockFile0ErrorCode
2026-09-14 00:43:15,727 [ERROR] LogOutputStream:75 - [STDERR_REDIRECT] WARNING: Could not lock System prefs. Unix error code 5.
2026-09-14 00:43:15,727 [ERROR] LogOutputStream:75 - [STDERR_REDIRECT] 
2026-09-14 00:43:15,727 [ERROR] LogOutputStream:75 - [STDERR_REDIRECT] Sep 14, 2026 12:43:15 AM java.util.prefs.FileSystemPreferences syncWorld
2026-09-14 00:43:15,728 [ERROR] LogOutputStream:75 - [STDERR_REDIRECT] WARNING: Couldn't flush system prefs: java.util.prefs.BackingStoreException: Couldn't get file lock.
2026-09-14 00:43:15,728 [ERROR] LogOutputStream:75 - [STDERR_REDIRECT] 
2026-09-14 00:43:45,727 [ERROR] LogOutputStream:75 - [STDERR_REDIRECT] Sep 14, 2026 12:43:45 AM java.util.prefs.FileSystemPreferences checkLockFile0ErrorCode
2026-09-14 00:43:45,727 [ERROR] LogOutputStream:75 - [STDERR_REDIRECT] WARNING: Could not lock System prefs. Unix error code 5.
2026-09-14 00:43:45,727 [ERROR] LogOutputStream:75 - [STDERR_REDIRECT] 
2026-09-14 00:43:45,728 [ERROR] LogOutputStream:75 - [STDERR_REDIRECT] Sep 14, 2026 12:43:45 AM java.util.prefs.FileSystemPreferences syncWorld
2026-09-14 00:43:45,728 [ERROR] LogOutputStream:75 - [STDERR_REDIRECT] WARNING: Couldn't flush system prefs: java.util.prefs.BackingStoreException: Couldn't get file lock.
2026-09-14 00:43:45,728 [ERROR] LogOutputStream:75 - [STDERR_REDIRECT] 
2026-09-14 00:44:15,727 [ERROR] LogOutputStream:75 - [STDERR_REDIRECT] Sep 14, 2026 12:44:15 AM java.util.prefs.FileSystemPreferences checkLockFile0ErrorCode
2026-09-14 00:44:15,728 [ERROR] LogOutputStream:75 - [STDERR_REDIRECT] WARNING: Could not lock System prefs. Unix error code 5.
2026-09-14 00:44:15,728 [ERROR] LogOutputStream:75 - [STDERR_REDIRECT] 
2026-09-14 00:44:15,728 [ERROR] LogOutputStream:75 - [STDERR_REDIRECT] Sep 14, 2026 12:44:15 AM java.util.prefs.FileSystemPreferences syncWorld
2026-09-14 00:44:15,729 [ERROR] LogOutputStream:75 - [STDERR_REDIRECT] WARNING: Couldn't flush system prefs: java.util.prefs.BackingStoreException: Couldn't get file lock.
2026-09-14 00:44:15,729 [ERROR] LogOutputStream:75 - [STDERR_REDIRECT] 
2026-09-14 00:44:45,727 [ERROR] LogOutputStream:75 - [STDERR_REDIRECT] Sep 14, 2026 12:44:45 AM java.util.prefs.FileSystemPreferences checkLockFile0ErrorCode
2026-09-14 00:44:45,728 [ERROR] LogOutputStream:75 - [STDERR_REDIRECT] WARNING: Could not lock System prefs. Unix error code 5.
2026-09-14 00:44:45,728 [ERROR] LogOutputStream:75 - [STDERR_REDIRECT] 
2026-09-14 00:44:45,728 [ERROR] LogOutputStream:75 - [STDERR_REDIRECT] Sep 14, 2026 12:44:45 AM java.util.prefs.FileSystemPreferences syncWorld
2026-09-14 00:44:45,728 [ERROR] LogOutputStream:75 - [STDERR_REDIRECT] WARNING: Couldn't flush system prefs: java.util.prefs.BackingStoreException: Couldn't get file lock.
2026-09-14 00:44:45,729 [ERROR] LogOutputStream:75 - [STDERR_REDIRECT] 
2026-09-14 00:45:15,727 [ERROR] LogOutputStream:75 - [STDERR_REDIRECT] Sep 14, 2026 12:45:15 AM java.util.prefs.FileSystemPreferences checkLockFile0ErrorCode
2026-09-14 00:45:15,728 [ERROR] LogOutputStream:75 - [STDERR_REDIRECT] WARNING: Could not lock System prefs. Unix error code 5.
2026-09-14 00:45:15,728 [ERROR] LogOutputStream:75 - [STDERR_REDIRECT] 
2026-09-14 00:45:15,729 [ERROR] LogOutputStream:75 - [STDERR_REDIRECT] Sep 14, 2026 12:45:15 AM java.util.prefs.FileSystemPreferences syncWorld
2026-09-14 00:45:15,729 [ERROR] LogOutputStream:75 - [STDERR_REDIRECT] WARNING: Couldn't flush system prefs: java.util.prefs.BackingStoreException: Couldn't get file lock.
2026-09-14 00:45:15,729 [ERROR] LogOutputStream:75 - [STDERR_REDIRECT] 
2026-09-14 00:45:45,728 [ERROR] LogOutputStream:75 - [STDERR_REDIRECT] Sep 14, 2026 12:45:45 AM java.util.prefs.FileSystemPreferences checkLockFile0ErrorCode
2026-09-14 00:45:45,728 [ERROR] LogOutputStream:75 - [STDERR_REDIRECT] WARNING: Could not lock System prefs. Unix error code 5.
2026-09-14 00:45:45,728 [ERROR] LogOutputStream:75 - [STDERR_REDIRECT] 
2026-09-14 00:45:45,729 [ERROR] LogOutputStream:75 - [STDERR_REDIRECT] Sep 14, 2026 12:45:45 AM java.util.prefs.FileSystemPreferences syncWorld
2026-09-14 00:45:45,729 [ERROR] LogOutputStream:75 - [STDERR_REDIRECT] WARNING: Couldn't flush system prefs: java.util.prefs.BackingStoreException: Couldn't get file lock.
2026-09-14 00:45:45,729 [ERROR] LogOutputStream:75 - [STDERR_REDIRECT] 
2026-09-14 00:46:15,727 [ERROR] LogOutputStream:75 - [STDERR_REDIRECT] Sep 14, 2026 12:46:15 AM java.util.prefs.FileSystemPreferences checkLockFile0ErrorCode
2026-09-14 00:46:15,727 [ERROR] LogOutputStream:75 - [STDERR_REDIRECT] WARNING: Could not lock System prefs. Unix error code 5.
2026-09-14 00:46:15,728 [ERROR] LogOutputStream:75 - [STDERR_REDIRECT] 
2026-09-14 00:46:15,728 [ERROR] LogOutputStream:75 - [STDERR_REDIRECT] Sep 14, 2026 12:46:15 AM java.util.prefs.FileSystemPreferences syncWorld
2026-09-14 00:46:15,728 [ERROR] LogOutputStream:75 - [STDERR_REDIRECT] WARNING: Couldn't flush system prefs: java.util.prefs.BackingStoreException: Couldn't get file lock.
2026-09-14 00:46:15,728 [ERROR] LogOutputStream:75 - [STDERR_REDIRECT] 
2026-09-14 00:46:45,727 [ERROR] LogOutputStream:75 - [STDERR_REDIRECT] Sep 14, 2026 12:46:45 AM java.util.prefs.FileSystemPreferences checkLockFile0ErrorCode
2026-09-14 00:46:45,727 [ERROR] LogOutputStream:75 - [STDERR_REDIRECT] WARNING: Could not lock System prefs. Unix error code 5.
2026-09-14 00:46:45,727 [ERROR] LogOutputStream:75 - [STDERR_REDIRECT] 
2026-09-14 00:46:45,727 [ERROR] LogOutputStream:75 - [STDERR_REDIRECT] Sep 14, 2026 12:46:45 AM java.util.prefs.FileSystemPreferences syncWorld
2026-09-14 00:46:45,728 [ERROR] LogOutputStream:75 - [STDERR_REDIRECT] WARNING: Couldn't flush system prefs: java.util.prefs.BackingStoreException: Couldn't get file lock.
2026-09-14 00:46:45,728 [ERROR] LogOutputStream:75 - [STDERR_REDIRECT] 
2026-09-14 00:47:15,727 [ERROR] LogOutputStream:75 - [STDERR_REDIRECT] Sep 14, 2026 12:47:15 AM java.util.prefs.FileSystemPreferences checkLockFile0ErrorCode
2026-09-14 00:47:15,727 [ERROR] LogOutputStream:75 - [STDERR_REDIRECT] WARNING: Could not lock System prefs. Unix error code 5.
2026-09-14 00:47:15,727 [ERROR] LogOutputStream:75 - [STDERR_REDIRECT] 
2026-09-14 00:47:15,730 [ERROR] LogOutputStream:75 - [STDERR_REDIRECT] Sep 14, 2026 12:47:15 AM java.util.prefs.FileSystemPreferences syncWorld
2026-09-14 00:47:15,730 [ERROR] LogOutputStream:75 - [STDERR_REDIRECT] WARNING: Couldn't flush system prefs: java.util.prefs.BackingStoreException: Couldn't get file lock.
2026-09-14 00:47:15,730 [ERROR] LogOutputStream:75 - [STDERR_REDIRECT] 
2026-09-14 00:47:45,727 [ERROR] LogOutputStream:75 - [STDERR_REDIRECT] Sep 14, 2026 12:47:45 AM java.util.prefs.FileSystemPreferences checkLockFile0ErrorCode
2026-09-14 00:47:45,728 [ERROR] LogOutputStream:75 - [STDERR_REDIRECT] WARNING: Could not lock System prefs. Unix error code 5.
2026-09-14 00:47:45,728 [ERROR] LogOutputStream:75 - [STDERR_REDIRECT] 
2026-09-14 00:47:45,728 [ERROR] LogOutputStream:75 - [STDERR_REDIRECT] Sep 14, 2026 12:47:45 AM java.util.prefs.FileSystemPreferences syncWorld
2026-09-14 00:47:45,728 [ERROR] LogOutputStream:75 - [STDERR_REDIRECT] WARNING: Couldn't flush system prefs: java.util.prefs.BackingStoreException: Couldn't get file lock.
2026-09-14 00:47:45,729 [ERROR] LogOutputStream:75 - [STDERR_REDIRECT] 
2026-09-14 00:48:15,727 [ERROR] LogOutputStream:75 - [STDERR_REDIRECT] Sep 14, 2026 12:48:15 AM java.util.prefs.FileSystemPreferences checkLockFile0ErrorCode
2026-09-14 00:48:15,727 [ERROR] LogOutputStream:75 - [STDERR_REDIRECT] WARNING: Could not lock System prefs. Unix error code 5.
2026-09-14 00:48:15,727 [ERROR] LogOutputStream:75 - [STDERR_REDIRECT] 
2026-09-14 00:48:15,728 [ERROR] LogOutputStream:75 - [STDERR_REDIRECT] Sep 14, 2026 12:48:15 AM java.util.prefs.FileSystemPreferences syncWorld
2026-09-14 00:48:15,728 [ERROR] LogOutputStream:75 - [STDERR_REDIRECT] WARNING: Couldn't flush system prefs: java.util.prefs.BackingStoreException: Couldn't get file lock.
2026-09-14 00:48:15,728 [ERROR] LogOutputStream:75 - [STDERR_REDIRECT] 
2026-09-14 00:48:45,727 [ERROR] LogOutputStream:75 - [STDERR_REDIRECT] Sep 14, 2026 12:48:45 AM java.util.prefs.FileSystemPreferences checkLockFile0ErrorCode
2026-09-14 00:48:45,728 [ERROR] LogOutputStream:75 - [STDERR_REDIRECT] WARNING: Could not lock System prefs. Unix error code 5.
2026-09-14 00:48:45,728 [ERROR] LogOutputStream:75 - [STDERR_REDIRECT] 
2026-09-14 00:48:45,728 [ERROR] LogOutputStream:75 - [STDERR_REDIRECT] Sep 14, 2026 12:48:45 AM java.util.prefs.FileSystemPreferences syncWorld
2026-09-14 00:48:45,729 [ERROR] LogOutputStream:75 - [STDERR_REDIRECT] WARNING: Couldn't flush system prefs: java.util.prefs.BackingStoreException: Couldn't get file lock.
2026-09-14 00:48:45,729 [ERROR] LogOutputStream:75 - [STDERR_REDIRECT] 
2026-09-14 00:49:15,727 [ERROR] LogOutputStream:75 - [STDERR_REDIRECT] Sep 14, 2026 12:49:15 AM java.util.prefs.FileSystemPreferences checkLockFile0ErrorCode
2026-09-14 00:49:15,727 [ERROR] LogOutputStream:75 - [STDERR_REDIRECT] WARNING: Could not lock System prefs. Unix error code 5.
2026-09-14 00:49:15,727 [ERROR] LogOutputStream:75 - [STDERR_REDIRECT] 
2026-09-14 00:49:15,728 [ERROR] LogOutputStream:75 - [STDERR_REDIRECT] Sep 14, 2026 12:49:15 AM java.util.prefs.FileSystemPreferences syncWorld
2026-09-14 00:49:15,728 [ERROR] LogOutputStream:75 - [STDERR_REDIRECT] WARNING: Couldn't flush system prefs: java.util.prefs.BackingStoreException: Couldn't get file lock.
2026-09-14 00:49:15,728 [ERROR] LogOutputStream:75 - [STDERR_REDIRECT] 
2026-09-14 00:49:45,727 [ERROR] LogOutputStream:75 - [STDERR_REDIRECT] Sep 14, 2026 12:49:45 AM java.util.prefs.FileSystemPreferences checkLockFile0ErrorCode
2026-09-14 00:49:45,728 [ERROR] LogOutputStream:75 - [STDERR_REDIRECT] WARNING: Could not lock System prefs. Unix error code 5.
2026-09-14 00:49:45,728 [ERROR] LogOutputStream:75 - [STDERR_REDIRECT] 
2026-09-14 00:49:45,729 [ERROR] LogOutputStream:75 - [STDERR_REDIRECT] Sep 14, 2026 12:49:45 AM java.util.prefs.FileSystemPreferences syncWorld
2026-09-14 00:49:45,729 [ERROR] LogOutputStream:75 - [STDERR_REDIRECT] WARNING: Couldn't flush system prefs: java.util.prefs.BackingStoreException: Couldn't get file lock.
2026-09-14 00:49:45,729 [ERROR] LogOutputStream:75 - [STDERR_REDIRECT] 
2026-09-14 00:50:15,727 [ERROR] LogOutputStream:75 - [STDERR_REDIRECT] Sep 14, 2026 12:50:15 AM java.util.prefs.FileSystemPreferences checkLockFile0ErrorCode
2026-09-14 00:50:15,728 [ERROR] LogOutputStream:75 - [STDERR_REDIRECT] WARNING: Could not lock System prefs. Unix error code 5.
2026-09-14 00:50:15,728 [ERROR] LogOutputStream:75 - [STDERR_REDIRECT] 
2026-09-14 00:50:15,728 [ERROR] LogOutputStream:75 - [STDERR_REDIRECT] Sep 14, 2026 12:50:15 AM java.util.prefs.FileSystemPreferences syncWorld
2026-09-14 00:50:15,728 [ERROR] LogOutputStream:75 - [STDERR_REDIRECT] WARNING: Couldn't flush system prefs: java.util.prefs.BackingStoreException: Couldn't get file lock.
2026-09-14 00:50:15,728 [ERROR] LogOutputStream:75 - [STDERR_REDIRECT] 
2026-09-14 00:50:45,727 [ERROR] LogOutputStream:75 - [STDERR_REDIRECT] Sep 14, 2026 12:50:45 AM java.util.prefs.FileSystemPreferences checkLockFile0ErrorCode
2026-09-14 00:50:45,728 [ERROR] LogOutputStream:75 - [STDERR_REDIRECT] WARNING: Could not lock System prefs. Unix error code 5.
2026-09-14 00:50:45,728 [ERROR] LogOutputStream:75 - [STDERR_REDIRECT] 
2026-09-14 00:50:45,728 [ERROR] LogOutputStream:75 - [STDERR_REDIRECT] Sep 14, 2026 12:50:45 AM java.util.prefs.FileSystemPreferences syncWorld
2026-09-14 00:50:45,728 [ERROR] LogOutputStream:75 - [STDERR_REDIRECT] WARNING: Couldn't flush system prefs: java.util.prefs.BackingStoreException: Couldn't get file lock.
2026-09-14 00:50:45,728 [ERROR] LogOutputStream:75 - [STDERR_REDIRECT] 
2026-09-14 00:51:15,728 [ERROR] LogOutputStream:75 - [STDERR_REDIRECT] Sep 14, 2026 12:51:15 AM java.util.prefs.FileSystemPreferences checkLockFile0ErrorCode
2026-09-14 00:51:15,729 [ERROR] LogOutputStream:75 - [STDERR_REDIRECT] WARNING: Could not lock System prefs. Unix error code 5.
2026-09-14 00:51:15,729 [ERROR] LogOutputStream:75 - [STDERR_REDIRECT] 
2026-09-14 00:51:15,730 [ERROR] LogOutputStream:75 - [STDERR_REDIRECT] Sep 14, 2026 12:51:15 AM java.util.prefs.FileSystemPreferences syncWorld
2026-09-14 00:51:15,730 [ERROR] LogOutputStream:75 - [STDERR_REDIRECT] WARNING: Couldn't flush system prefs: java.util.prefs.BackingStoreException: Couldn't get file lock.
2026-09-14 00:51:15,730 [ERROR] LogOutputStream:75 - [STDERR_REDIRECT] 
2026-09-14 00:51:45,729 [ERROR] LogOutputStream:75 - [STDERR_REDIRECT] Sep 14, 2026 12:51:45 AM java.util.prefs.FileSystemPreferences checkLockFile0ErrorCode
2026-09-14 00:51:45,729 [ERROR] LogOutputStream:75 - [STDERR_REDIRECT] WARNING: Could not lock System prefs. Unix error code 5.
2026-09-14 00:51:45,730 [ERROR] LogOutputStream:75 - [STDERR_REDIRECT] 
2026-09-14 00:51:45,731 [ERROR] LogOutputStream:75 - [STDERR_REDIRECT] Sep 14, 2026 12:51:45 AM java.util.prefs.FileSystemPreferences syncWorld
2026-09-14 00:51:45,731 [ERROR] LogOutputStream:75 - [STDERR_REDIRECT] WARNING: Couldn't flush system prefs: java.util.prefs.BackingStoreException: Couldn't get file lock.
2026-09-14 00:51:45,731 [ERROR] LogOutputStream:75 - [STDERR_REDIRECT] 
2026-09-14 00:52:15,729 [ERROR] LogOutputStream:75 - [STDERR_REDIRECT] Sep 14, 2026 12:52:15 AM java.util.prefs.FileSystemPreferences checkLockFile0ErrorCode
2026-09-14 00:52:15,730 [ERROR] LogOutputStream:75 - [STDERR_REDIRECT] WARNING: Could not lock System prefs. Unix error code 5.
2026-09-14 00:52:15,730 [ERROR] LogOutputStream:75 - [STDERR_REDIRECT] 
2026-09-14 00:52:15,731 [ERROR] LogOutputStream:75 - [STDERR_REDIRECT] Sep 14, 2026 12:52:15 AM java.util.prefs.FileSystemPreferences syncWorld
2026-09-14 00:52:15,731 [ERROR] LogOutputStream:75 - [STDERR_REDIRECT] WARNING: Couldn't flush system prefs: java.util.prefs.BackingStoreException: Couldn't get file lock.
2026-09-14 00:52:15,731 [ERROR] LogOutputStream:75 - [STDERR_REDIRECT] 
2026-09-14 00:52:45,729 [ERROR] LogOutputStream:75 - [STDERR_REDIRECT] Sep 14, 2026 12:52:45 AM java.util.prefs.FileSystemPreferences checkLockFile0ErrorCode
2026-09-14 00:52:45,729 [ERROR] LogOutputStream:75 - [STDERR_REDIRECT] WARNING: Could not lock System prefs. Unix error code 5.
2026-09-14 00:52:45,730 [ERROR] LogOutputStream:75 - [STDERR_REDIRECT] 
2026-09-14 00:52:45,730 [ERROR] LogOutputStream:75 - [STDERR_REDIRECT] Sep 14, 2026 12:52:45 AM java.util.prefs.FileSystemPreferences syncWorld
2026-09-14 00:52:45,730 [ERROR] LogOutputStream:75 - [STDERR_REDIRECT] WARNING: Couldn't flush system prefs: java.util.prefs.BackingStoreException: Couldn't get file lock.
2026-09-14 00:52:45,730 [ERROR] LogOutputStream:75 - [STDERR_REDIRECT] 
2026-09-14 00:53:15,730 [ERROR] LogOutputStream:75 - [STDERR_REDIRECT] Sep 14, 2026 12:53:15 AM java.util.prefs.FileSystemPreferences checkLockFile0ErrorCode
2026-09-14 00:53:15,730 [ERROR] LogOutputStream:75 - [STDERR_REDIRECT] WARNING: Could not lock System prefs. Unix error code 5.
2026-09-14 00:53:15,730 [ERROR] LogOutputStream:75 - [STDERR_REDIRECT] 
2026-09-14 00:53:15,731 [ERROR] LogOutputStream:75 - [STDERR_REDIRECT] Sep 14, 2026 12:53:15 AM java.util.prefs.FileSystemPreferences syncWorld
2026-09-14 00:53:15,731 [ERROR] LogOutputStream:75 - [STDERR_REDIRECT] WARNING: Couldn't flush system prefs: java.util.prefs.BackingStoreException: Couldn't get file lock.
2026-09-14 00:53:15,731 [ERROR] LogOutputStream:75 - [STDERR_REDIRECT] 
2026-09-14 00:53:45,731 [ERROR] LogOutputStream:75 - [STDERR_REDIRECT] Sep 14, 2026 12:53:45 AM java.util.prefs.FileSystemPreferences checkLockFile0ErrorCode
2026-09-14 00:53:45,731 [ERROR] LogOutputStream:75 - [STDERR_REDIRECT] WARNING: Could not lock System prefs. Unix error code 5.
2026-09-14 00:53:45,731 [ERROR] LogOutputStream:75 - [STDERR_REDIRECT] 
2026-09-14 00:53:45,732 [ERROR] LogOutputStream:75 - [STDERR_REDIRECT] Sep 14, 2026 12:53:45 AM java.util.prefs.FileSystemPreferences syncWorld
2026-09-14 00:53:45,732 [ERROR] LogOutputStream:75 - [STDERR_REDIRECT] WARNING: Couldn't flush system prefs: java.util.prefs.BackingStoreException: Couldn't get file lock.
2026-09-14 00:53:45,732 [ERROR] LogOutputStream:75 - [STDERR_REDIRECT] 
2026-09-14 00:54:15,731 [ERROR] LogOutputStream:75 - [STDERR_REDIRECT] Sep 14, 2026 12:54:15 AM java.util.prefs.FileSystemPreferences checkLockFile0ErrorCode
2026-09-14 00:54:15,731 [ERROR] LogOutputStream:75 - [STDERR_REDIRECT] WARNING: Could not lock System prefs. Unix error code 5.
2026-09-14 00:54:15,731 [ERROR] LogOutputStream:75 - [STDERR_REDIRECT] 
2026-09-14 00:54:15,732 [ERROR] LogOutputStream:75 - [STDERR_REDIRECT] Sep 14, 2026 12:54:15 AM java.util.prefs.FileSystemPreferences syncWorld
2026-09-14 00:54:15,732 [ERROR] LogOutputStream:75 - [STDERR_REDIRECT] WARNING: Couldn't flush system prefs: java.util.prefs.BackingStoreException: Couldn't get file lock.
2026-09-14 00:54:15,732 [ERROR] LogOutputStream:75 - [STDERR_REDIRECT] 
2026-09-14 00:54:45,731 [ERROR] LogOutputStream:75 - [STDERR_REDIRECT] Sep 14, 2026 12:54:45 AM java.util.prefs.FileSystemPreferences checkLockFile0ErrorCode
2026-09-14 00:54:45,732 [ERROR] LogOutputStream:75 - [STDERR_REDIRECT] WARNING: Could not lock System prefs. Unix error code 5.
2026-09-14 00:54:45,732 [ERROR] LogOutputStream:75 - [STDERR_REDIRECT] 
2026-09-14 00:54:45,732 [ERROR] LogOutputStream:75 - [STDERR_REDIRECT] Sep 14, 2026 12:54:45 AM java.util.prefs.FileSystemPreferences syncWorld
2026-09-14 00:54:45,732 [ERROR] LogOutputStream:75 - [STDERR_REDIRECT] WARNING: Couldn't flush system prefs: java.util.prefs.BackingStoreException: Couldn't get file lock.
2026-09-14 00:54:45,732 [ERROR] LogOutputStream:75 - [STDERR_REDIRECT] 
2026-09-14 00:55:15,732 [ERROR] LogOutputStream:75 - [STDERR_REDIRECT] Sep 14, 2026 12:55:15 AM java.util.prefs.FileSystemPreferences checkLockFile0ErrorCode
2026-09-14 00:55:15,733 [ERROR] LogOutputStream:75 - [STDERR_REDIRECT] WARNING: Could not lock System prefs. Unix error code 5.
2026-09-14 00:55:15,733 [ERROR] LogOutputStream:75 - [STDERR_REDIRECT] 
2026-09-14 00:55:15,733 [ERROR] LogOutputStream:75 - [STDERR_REDIRECT] Sep 14, 2026 12:55:15 AM java.util.prefs.FileSystemPreferences syncWorld
2026-09-14 00:55:15,733 [ERROR] LogOutputStream:75 - [STDERR_REDIRECT] WARNING: Couldn't flush system prefs: java.util.prefs.BackingStoreException: Couldn't get file lock.
2026-09-14 00:55:15,733 [ERROR] LogOutputStream:75 - [STDERR_REDIRECT] 
2026-09-14 00:55:45,734 [ERROR] LogOutputStream:75 - [STDERR_REDIRECT] Sep 14, 2026 12:55:45 AM java.util.prefs.FileSystemPreferences checkLockFile0ErrorCode
2026-09-14 00:55:45,734 [ERROR] LogOutputStream:75 - [STDERR_REDIRECT] WARNING: Could not lock System prefs. Unix error code 5.
2026-09-14 00:55:45,734 [ERROR] LogOutputStream:75 - [STDERR_REDIRECT] 
2026-09-14 00:55:45,734 [ERROR] LogOutputStream:75 - [STDERR_REDIRECT] Sep 14, 2026 12:55:45 AM java.util.prefs.FileSystemPreferences syncWorld
2026-09-14 00:55:45,734 [ERROR] LogOutputStream:75 - [STDERR_REDIRECT] WARNING: Couldn't flush system prefs: java.util.prefs.BackingStoreException: Couldn't get file lock.
2026-09-14 00:55:45,734 [ERROR] LogOutputStream:75 - [STDERR_REDIRECT] 
2026-09-14 00:56:15,734 [ERROR] LogOutputStream:75 - [STDERR_REDIRECT] Sep 14, 2026 12:56:15 AM java.util.prefs.FileSystemPreferences checkLockFile0ErrorCode
2026-09-14 00:56:15,735 [ERROR] LogOutputStream:75 - [STDERR_REDIRECT] WARNING: Could not lock System prefs. Unix error code 5.
2026-09-14 00:56:15,735 [ERROR] LogOutputStream:75 - [STDERR_REDIRECT] 
2026-09-14 00:56:15,735 [ERROR] LogOutputStream:75 - [STDERR_REDIRECT] Sep 14, 2026 12:56:15 AM java.util.prefs.FileSystemPreferences syncWorld
2026-09-14 00:56:15,736 [ERROR] LogOutputStream:75 - [STDERR_REDIRECT] WARNING: Couldn't flush system prefs: java.util.prefs.BackingStoreException: Couldn't get file lock.
2026-09-14 00:56:15,736 [ERROR] LogOutputStream:75 - [STDERR_REDIRECT] 
2026-09-14 00:56:45,735 [ERROR] LogOutputStream:75 - [STDERR_REDIRECT] Sep 14, 2026 12:56:45 AM java.util.prefs.FileSystemPreferences checkLockFile0ErrorCode
2026-09-14 00:56:45,735 [ERROR] LogOutputStream:75 - [STDERR_REDIRECT] WARNING: Could not lock System prefs. Unix error code 5.
2026-09-14 00:56:45,736 [ERROR] LogOutputStream:75 - [STDERR_REDIRECT] 
2026-09-14 00:56:45,736 [ERROR] LogOutputStream:75 - [STDERR_REDIRECT] Sep 14, 2026 12:56:45 AM java.util.prefs.FileSystemPreferences syncWorld
2026-09-14 00:56:45,736 [ERROR] LogOutputStream:75 - [STDERR_REDIRECT] WARNING: Couldn't flush system prefs: java.util.prefs.BackingStoreException: Couldn't get file lock.
2026-09-14 00:56:45,736 [ERROR] LogOutputStream:75 - [STDERR_REDIRECT] 
2026-09-14 00:57:15,735 [ERROR] LogOutputStream:75 - [STDERR_REDIRECT] Sep 14, 2026 12:57:15 AM java.util.prefs.FileSystemPreferences checkLockFile0ErrorCode
2026-09-14 00:57:15,736 [ERROR] LogOutputStream:75 - [STDERR_REDIRECT] WARNING: Could not lock System prefs. Unix error code 5.
2026-09-14 00:57:15,736 [ERROR] LogOutputStream:75 - [STDERR_REDIRECT] 
2026-09-14 00:57:15,736 [ERROR] LogOutputStream:75 - [STDERR_REDIRECT] Sep 14, 2026 12:57:15 AM java.util.prefs.FileSystemPreferences syncWorld
2026-09-14 00:57:15,736 [ERROR] LogOutputStream:75 - [STDERR_REDIRECT] WARNING: Couldn't flush system prefs: java.util.prefs.BackingStoreException: Couldn't get file lock.
2026-09-14 00:57:15,737 [ERROR] LogOutputStream:75 - [STDERR_REDIRECT] 
2026-09-14 00:57:45,735 [ERROR] LogOutputStream:75 - [STDERR_REDIRECT] Sep 14, 2026 12:57:45 AM java.util.prefs.FileSystemPreferences checkLockFile0ErrorCode
2026-09-14 00:57:45,736 [ERROR] LogOutputStream:75 - [STDERR_REDIRECT] WARNING: Could not lock System prefs. Unix error code 5.
2026-09-14 00:57:45,736 [ERROR] LogOutputStream:75 - [STDERR_REDIRECT] 
2026-09-14 00:57:45,736 [ERROR] LogOutputStream:75 - [STDERR_REDIRECT] Sep 14, 2026 12:57:45 AM java.util.prefs.FileSystemPreferences syncWorld
2026-09-14 00:57:45,736 [ERROR] LogOutputStream:75 - [STDERR_REDIRECT] WARNING: Couldn't flush system prefs: java.util.prefs.BackingStoreException: Couldn't get file lock.
2026-09-14 00:57:45,737 [ERROR] LogOutputStream:75 - [STDERR_REDIRECT] 
2026-09-14 00:58:15,736 [ERROR] LogOutputStream:75 - [STDERR_REDIRECT] Sep 14, 2026 12:58:15 AM java.util.prefs.FileSystemPreferences checkLockFile0ErrorCode
2026-09-14 00:58:15,736 [ERROR] LogOutputStream:75 - [STDERR_REDIRECT] WARNING: Could not lock System prefs. Unix error code 5.
2026-09-14 00:58:15,736 [ERROR] LogOutputStream:75 - [STDERR_REDIRECT] 
2026-09-14 00:58:15,737 [ERROR] LogOutputStream:75 - [STDERR_REDIRECT] Sep 14, 2026 12:58:15 AM java.util.prefs.FileSystemPreferences syncWorld
2026-09-14 00:58:15,738 [ERROR] LogOutputStream:75 - [STDERR_REDIRECT] WARNING: Couldn't flush system prefs: java.util.prefs.BackingStoreException: Couldn't get file lock.
2026-09-14 00:58:15,738 [ERROR] LogOutputStream:75 - [STDERR_REDIRECT] 
2026-09-14 00:58:45,737 [ERROR] LogOutputStream:75 - [STDERR_REDIRECT] Sep 14, 2026 12:58:45 AM java.util.prefs.FileSystemPreferences checkLockFile0ErrorCode
2026-09-14 00:58:45,737 [ERROR] LogOutputStream:75 - [STDERR_REDIRECT] WARNING: Could not lock System prefs. Unix error code 5.
2026-09-14 00:58:45,737 [ERROR] LogOutputStream:75 - [STDERR_REDIRECT] 
2026-09-14 00:58:45,738 [ERROR] LogOutputStream:75 - [STDERR_REDIRECT] Sep 14, 2026 12:58:45 AM java.util.prefs.FileSystemPreferences syncWorld
2026-09-14 00:58:45,738 [ERROR] LogOutputStream:75 - [STDERR_REDIRECT] WARNING: Couldn't flush system prefs: java.util.prefs.BackingStoreException: Couldn't get file lock.
2026-09-14 00:58:45,738 [ERROR] LogOutputStream:75 - [STDERR_REDIRECT] 
2026-09-14 00:59:15,737 [ERROR] LogOutputStream:75 - [STDERR_REDIRECT] Sep 14, 2026 12:59:15 AM java.util.prefs.FileSystemPreferences checkLockFile0ErrorCode
2026-09-14 00:59:15,738 [ERROR] LogOutputStream:75 - [STDERR_REDIRECT] WARNING: Could not lock System prefs. Unix error code 5.
2026-09-14 00:59:15,738 [ERROR] LogOutputStream:75 - [STDERR_REDIRECT] 
2026-09-14 00:59:15,738 [ERROR] LogOutputStream:75 - [STDERR_REDIRECT] Sep 14, 2026 12:59:15 AM java.util.prefs.FileSystemPreferences syncWorld
2026-09-14 00:59:15,738 [ERROR] LogOutputStream:75 - [STDERR_REDIRECT] WARNING: Couldn't flush system prefs: java.util.prefs.BackingStoreException: Couldn't get file lock.
2026-09-14 00:59:15,738 [ERROR] LogOutputStream:75 - [STDERR_REDIRECT] 
2026-09-14 00:59:45,738 [ERROR] LogOutputStream:75 - [STDERR_REDIRECT] Sep 14, 2026 12:59:45 AM java.util.prefs.FileSystemPreferences checkLockFile0ErrorCode
2026-09-14 00:59:45,738 [ERROR] LogOutputStream:75 - [STDERR_REDIRECT] WARNING: Could not lock System prefs. Unix error code 5.
2026-09-14 00:59:45,739 [ERROR] LogOutputStream:75 - [STDERR_REDIRECT] 
2026-09-14 00:59:45,739 [ERROR] LogOutputStream:75 - [STDERR_REDIRECT] Sep 14, 2026 12:59:45 AM java.util.prefs.FileSystemPreferences syncWorld
2026-09-14 00:59:45,739 [ERROR] LogOutputStream:75 - [STDERR_REDIRECT] WARNING: Couldn't flush system prefs: java.util.prefs.BackingStoreException: Couldn't get file lock.
2026-09-14 00:59:45,739 [ERROR] LogOutputStream:75 - [STDERR_REDIRECT] 
2026-09-14 01:00:15,739 [ERROR] LogOutputStream:75 - [STDERR_REDIRECT] Sep 14, 2026 1:00:15 AM java.util.prefs.FileSystemPreferences checkLockFile0ErrorCode
2026-09-14 01:00:15,739 [ERROR] LogOutputStream:75 - [STDERR_REDIRECT] WARNING: Could not lock System prefs. Unix error code 5.
2026-09-14 01:00:15,739 [ERROR] LogOutputStream:75 - [STDERR_REDIRECT] 
2026-09-14 01:00:15,740 [ERROR] LogOutputStream:75 - [STDERR_REDIRECT] Sep 14, 2026 1:00:15 AM java.util.prefs.FileSystemPreferences syncWorld
2026-09-14 01:00:15,740 [ERROR] LogOutputStream:75 - [STDERR_REDIRECT] WARNING: Couldn't flush system prefs: java.util.prefs.BackingStoreException: Couldn't get file lock.
2026-09-14 01:00:15,741 [ERROR] LogOutputStream:75 - [STDERR_REDIRECT] 
2026-09-14 01:00:45,739 [ERROR] LogOutputStream:75 - [STDERR_REDIRECT] Sep 14, 2026 1:00:45 AM java.util.prefs.FileSystemPreferences checkLockFile0ErrorCode
2026-09-14 01:00:45,739 [ERROR] LogOutputStream:75 - [STDERR_REDIRECT] WARNING: Could not lock System prefs. Unix error code 5.
2026-09-14 01:00:45,739 [ERROR] LogOutputStream:75 - [STDERR_REDIRECT] 
2026-09-14 01:00:45,740 [ERROR] LogOutputStream:75 - [STDERR_REDIRECT] Sep 14, 2026 1:00:45 AM java.util.prefs.FileSystemPreferences syncWorld
2026-09-14 01:00:45,740 [ERROR] LogOutputStream:75 - [STDERR_REDIRECT] WARNING: Couldn't flush system prefs: java.util.prefs.BackingStoreException: Couldn't get file lock.
2026-09-14 01:00:45,740 [ERROR] LogOutputStream:75 - [STDERR_REDIRECT] 
2026-09-14 01:01:15,739 [ERROR] LogOutputStream:75 - [STDERR_REDIRECT] Sep 14, 2026 1:01:15 AM java.util.prefs.FileSystemPreferences checkLockFile0ErrorCode
2026-09-14 01:01:15,739 [ERROR] LogOutputStream:75 - [STDERR_REDIRECT] WARNING: Could not lock System prefs. Unix error code 5.
2026-09-14 01:01:15,740 [ERROR] LogOutputStream:75 - [STDERR_REDIRECT] 
2026-09-14 01:01:15,740 [ERROR] LogOutputStream:75 - [STDERR_REDIRECT] Sep 14, 2026 1:01:15 AM java.util.prefs.FileSystemPreferences syncWorld
2026-09-14 01:01:15,740 [ERROR] LogOutputStream:75 - [STDERR_REDIRECT] WARNING: Couldn't flush system prefs: java.util.prefs.BackingStoreException: Couldn't get file lock.
2026-09-14 01:01:15,740 [ERROR] LogOutputStream:75 - [STDERR_REDIRECT] 
2026-09-14 01:01:45,739 [ERROR] LogOutputStream:75 - [STDERR_REDIRECT] Sep 14, 2026 1:01:45 AM java.util.prefs.FileSystemPreferences checkLockFile0ErrorCode
2026-09-14 01:01:45,740 [ERROR] LogOutputStream:75 - [STDERR_REDIRECT] WARNING: Could not lock System prefs. Unix error code 5.
2026-09-14 01:01:45,740 [ERROR] LogOutputStream:75 - [STDERR_REDIRECT] 
2026-09-14 01:01:45,740 [ERROR] LogOutputStream:75 - [STDERR_REDIRECT] Sep 14, 2026 1:01:45 AM java.util.prefs.FileSystemPreferences syncWorld
2026-09-14 01:01:45,740 [ERROR] LogOutputStream:75 - [STDERR_REDIRECT] WARNING: Couldn't flush system prefs: java.util.prefs.BackingStoreException: Couldn't get file lock.
2026-09-14 01:01:45,741 [ERROR] LogOutputStream:75 - [STDERR_REDIRECT] 
2026-09-14 01:02:15,740 [ERROR] LogOutputStream:75 - [STDERR_REDIRECT] Sep 14, 2026 1:02:15 AM java.util.prefs.FileSystemPreferences checkLockFile0ErrorCode
2026-09-14 01:02:15,740 [ERROR] LogOutputStream:75 - [STDERR_REDIRECT] WARNING: Could not lock System prefs. Unix error code 5.
2026-09-14 01:02:15,740 [ERROR] LogOutputStream:75 - [STDERR_REDIRECT] 
2026-09-14 01:02:15,740 [ERROR] LogOutputStream:75 - [STDERR_REDIRECT] Sep 14, 2026 1:02:15 AM java.util.prefs.FileSystemPreferences syncWorld
2026-09-14 01:02:15,741 [ERROR] LogOutputStream:75 - [STDERR_REDIRECT] WARNING: Couldn't flush system prefs: java.util.prefs.BackingStoreException: Couldn't get file lock.
2026-09-14 01:02:15,741 [ERROR] LogOutputStream:75 - [STDERR_REDIRECT] 
2026-09-14 01:02:45,740 [ERROR] LogOutputStream:75 - [STDERR_REDIRECT] Sep 14, 2026 1:02:45 AM java.util.prefs.FileSystemPreferences checkLockFile0ErrorCode
2026-09-14 01:02:45,740 [ERROR] LogOutputStream:75 - [STDERR_REDIRECT] WARNING: Could not lock System prefs. Unix error code 5.
2026-09-14 01:02:45,741 [ERROR] LogOutputStream:75 - [STDERR_REDIRECT] 
2026-09-14 01:02:45,741 [ERROR] LogOutputStream:75 - [STDERR_REDIRECT] Sep 14, 2026 1:02:45 AM java.util.prefs.FileSystemPreferences syncWorld
2026-09-14 01:02:45,741 [ERROR] LogOutputStream:75 - [STDERR_REDIRECT] WARNING: Couldn't flush system prefs: java.util.prefs.BackingStoreException: Couldn't get file lock.
2026-09-14 01:02:45,741 [ERROR] LogOutputStream:75 - [STDERR_REDIRECT] 
2026-09-14 01:03:15,740 [ERROR] LogOutputStream:75 - [STDERR_REDIRECT] Sep 14, 2026 1:03:15 AM java.util.prefs.FileSystemPreferences checkLockFile0ErrorCode
2026-09-14 01:03:15,741 [ERROR] LogOutputStream:75 - [STDERR_REDIRECT] WARNING: Could not lock System prefs. Unix error code 5.
2026-09-14 01:03:15,741 [ERROR] LogOutputStream:75 - [STDERR_REDIRECT] 
2026-09-14 01:03:15,741 [ERROR] LogOutputStream:75 - [STDERR_REDIRECT] Sep 14, 2026 1:03:15 AM java.util.prefs.FileSystemPreferences syncWorld
2026-09-14 01:03:15,741 [ERROR] LogOutputStream:75 - [STDERR_REDIRECT] WARNING: Couldn't flush system prefs: java.util.prefs.BackingStoreException: Couldn't get file lock.
2026-09-14 01:03:15,741 [ERROR] LogOutputStream:75 - [STDERR_REDIRECT] 
2026-09-14 01:03:45,742 [ERROR] LogOutputStream:75 - [STDERR_REDIRECT] Sep 14, 2026 1:03:45 AM java.util.prefs.FileSystemPreferences checkLockFile0ErrorCode
2026-09-14 01:03:45,742 [ERROR] LogOutputStream:75 - [STDERR_REDIRECT] WARNING: Could not lock System prefs. Unix error code 5.
2026-09-14 01:03:45,742 [ERROR] LogOutputStream:75 - [STDERR_REDIRECT] 
2026-09-14 01:03:45,742 [ERROR] LogOutputStream:75 - [STDERR_REDIRECT] Sep 14, 2026 1:03:45 AM java.util.prefs.FileSystemPreferences syncWorld
2026-09-14 01:03:45,743 [ERROR] LogOutputStream:75 - [STDERR_REDIRECT] WARNING: Couldn't flush system prefs: java.util.prefs.BackingStoreException: Couldn't get file lock.
2026-09-14 01:03:45,743 [ERROR] LogOutputStream:75 - [STDERR_REDIRECT] 
2026-09-14 01:04:15,742 [ERROR] LogOutputStream:75 - [STDERR_REDIRECT] Sep 14, 2026 1:04:15 AM java.util.prefs.FileSystemPreferences checkLockFile0ErrorCode
2026-09-14 01:04:15,950 [ERROR] LogOutputStream:75 - [STDERR_REDIRECT] WARNING: Could not lock System prefs. Unix error code 5.
2026-09-14 01:04:15,950 [ERROR] LogOutputStream:75 - [STDERR_REDIRECT] 
2026-09-14 01:04:15,951 [ERROR] LogOutputStream:75 - [STDERR_REDIRECT] Sep 14, 2026 1:04:15 AM java.util.prefs.FileSystemPreferences syncWorld
2026-09-14 01:04:15,951 [ERROR] LogOutputStream:75 - [STDERR_REDIRECT] WARNING: Couldn't flush system prefs: java.util.prefs.BackingStoreException: Couldn't get file lock.
2026-09-14 01:04:15,951 [ERROR] LogOutputStream:75 - [STDERR_REDIRECT] 
2026-09-14 01:04:45,743 [ERROR] LogOutputStream:75 - [STDERR_REDIRECT] Sep 14, 2026 1:04:45 AM java.util.prefs.FileSystemPreferences checkLockFile0ErrorCode
2026-09-14 01:04:45,743 [ERROR] LogOutputStream:75 - [STDERR_REDIRECT] WARNING: Could not lock System prefs. Unix error code 5.
2026-09-14 01:04:45,743 [ERROR] LogOutputStream:75 - [STDERR_REDIRECT] 
2026-09-14 01:04:45,744 [ERROR] LogOutputStream:75 - [STDERR_REDIRECT] Sep 14, 2026 1:04:45 AM java.util.prefs.FileSystemPreferences syncWorld
2026-09-14 01:04:45,744 [ERROR] LogOutputStream:75 - [STDERR_REDIRECT] WARNING: Couldn't flush system prefs: java.util.prefs.BackingStoreException: Couldn't get file lock.
2026-09-14 01:04:45,744 [ERROR] LogOutputStream:75 - [STDERR_REDIRECT] 
2026-09-14 01:05:15,743 [ERROR] LogOutputStream:75 - [STDERR_REDIRECT] Sep 14, 2026 1:05:15 AM java.util.prefs.FileSystemPreferences checkLockFile0ErrorCode
2026-09-14 01:05:15,743 [ERROR] LogOutputStream:75 - [STDERR_REDIRECT] WARNING: Could not lock System prefs. Unix error code 5.
2026-09-14 01:05:15,743 [ERROR] LogOutputStream:75 - [STDERR_REDIRECT] 
2026-09-14 01:05:15,744 [ERROR] LogOutputStream:75 - [STDERR_REDIRECT] Sep 14, 2026 1:05:15 AM java.util.prefs.FileSystemPreferences syncWorld
2026-09-14 01:05:15,744 [ERROR] LogOutputStream:75 - [STDERR_REDIRECT] WARNING: Couldn't flush system prefs: java.util.prefs.BackingStoreException: Couldn't get file lock.
2026-09-14 01:05:15,761 [ERROR] LogOutputStream:75 - [STDERR_REDIRECT] 
2026-09-14 01:05:45,743 [ERROR] LogOutputStream:75 - [STDERR_REDIRECT] Sep 14, 2026 1:05:45 AM java.util.prefs.FileSystemPreferences checkLockFile0ErrorCode
2026-09-14 01:05:45,743 [ERROR] LogOutputStream:75 - [STDERR_REDIRECT] WARNING: Could not lock System prefs. Unix error code 5.
2026-09-14 01:05:45,743 [ERROR] LogOutputStream:75 - [STDERR_REDIRECT] 
2026-09-14 01:05:45,744 [ERROR] LogOutputStream:75 - [STDERR_REDIRECT] Sep 14, 2026 1:05:45 AM java.util.prefs.FileSystemPreferences syncWorld
2026-09-14 01:05:45,744 [ERROR] LogOutputStream:75 - [STDERR_REDIRECT] WARNING: Couldn't flush system prefs: java.util.prefs.BackingStoreException: Couldn't get file lock.
2026-09-14 01:05:45,744 [ERROR] LogOutputStream:75 - [STDERR_REDIRECT] 
2026-09-14 01:06:15,743 [ERROR] LogOutputStream:75 - [STDERR_REDIRECT] Sep 14, 2026 1:06:15 AM java.util.prefs.FileSystemPreferences checkLockFile0ErrorCode
2026-09-14 01:06:15,743 [ERROR] LogOutputStream:75 - [STDERR_REDIRECT] WARNING: Could not lock System prefs. Unix error code 5.
2026-09-14 01:06:15,744 [ERROR] LogOutputStream:75 - [STDERR_REDIRECT] 
2026-09-14 01:06:15,744 [ERROR] LogOutputStream:75 - [STDERR_REDIRECT] Sep 14, 2026 1:06:15 AM java.util.prefs.FileSystemPreferences syncWorld
2026-09-14 01:06:15,744 [ERROR] LogOutputStream:75 - [STDERR_REDIRECT] WARNING: Couldn't flush system prefs: java.util.prefs.BackingStoreException: Couldn't get file lock.
2026-09-14 01:06:15,744 [ERROR] LogOutputStream:75 - [STDERR_REDIRECT] 
2026-09-14 01:06:45,743 [ERROR] LogOutputStream:75 - [STDERR_REDIRECT] Sep 14, 2026 1:06:45 AM java.util.prefs.FileSystemPreferences checkLockFile0ErrorCode
2026-09-14 01:06:45,743 [ERROR] LogOutputStream:75 - [STDERR_REDIRECT] WARNING: Could not lock System prefs. Unix error code 5.
2026-09-14 01:06:45,744 [ERROR] LogOutputStream:75 - [STDERR_REDIRECT] 
2026-09-14 01:06:45,744 [ERROR] LogOutputStream:75 - [STDERR_REDIRECT] Sep 14, 2026 1:06:45 AM java.util.prefs.FileSystemPreferences syncWorld
2026-09-14 01:06:45,744 [ERROR] LogOutputStream:75 - [STDERR_REDIRECT] WARNING: Couldn't flush system prefs: java.util.prefs.BackingStoreException: Couldn't get file lock.
2026-09-14 01:06:45,744 [ERROR] LogOutputStream:75 - [STDERR_REDIRECT] 
2026-09-14 01:07:15,744 [ERROR] LogOutputStream:75 - [STDERR_REDIRECT] Sep 14, 2026 1:07:15 AM java.util.prefs.FileSystemPreferences checkLockFile0ErrorCode
2026-09-14 01:07:15,745 [ERROR] LogOutputStream:75 - [STDERR_REDIRECT] WARNING: Could not lock System prefs. Unix error code 5.
2026-09-14 01:07:15,745 [ERROR] LogOutputStream:75 - [STDERR_REDIRECT] 
2026-09-14 01:07:15,745 [ERROR] LogOutputStream:75 - [STDERR_REDIRECT] Sep 14, 2026 1:07:15 AM java.util.prefs.FileSystemPreferences syncWorld
2026-09-14 01:07:15,745 [ERROR] LogOutputStream:75 - [STDERR_REDIRECT] WARNING: Couldn't flush system prefs: java.util.prefs.BackingStoreException: Couldn't get file lock.
2026-09-14 01:07:15,745 [ERROR] LogOutputStream:75 - [STDERR_REDIRECT] 
2026-09-14 01:07:45,744 [ERROR] LogOutputStream:75 - [STDERR_REDIRECT] Sep 14, 2026 1:07:45 AM java.util.prefs.FileSystemPreferences checkLockFile0ErrorCode
2026-09-14 01:07:45,745 [ERROR] LogOutputStream:75 - [STDERR_REDIRECT] WARNING: Could not lock System prefs. Unix error code 5.
2026-09-14 01:07:45,745 [ERROR] LogOutputStream:75 - [STDERR_REDIRECT] 
2026-09-14 01:07:45,745 [ERROR] LogOutputStream:75 - [STDERR_REDIRECT] Sep 14, 2026 1:07:45 AM java.util.prefs.FileSystemPreferences syncWorld
2026-09-14 01:07:45,745 [ERROR] LogOutputStream:75 - [STDERR_REDIRECT] WARNING: Couldn't flush system prefs: java.util.prefs.BackingStoreException: Couldn't get file lock.
2026-09-14 01:07:45,745 [ERROR] LogOutputStream:75 - [STDERR_REDIRECT] 
2026-09-14 01:08:15,745 [ERROR] LogOutputStream:75 - [STDERR_REDIRECT] Sep 14, 2026 1:08:15 AM java.util.prefs.FileSystemPreferences checkLockFile0ErrorCode
2026-09-14 01:08:15,746 [ERROR] LogOutputStream:75 - [STDERR_REDIRECT] WARNING: Could not lock System prefs. Unix error code 5.
2026-09-14 01:08:15,746 [ERROR] LogOutputStream:75 - [STDERR_REDIRECT] 
2026-09-14 01:08:15,746 [ERROR] LogOutputStream:75 - [STDERR_REDIRECT] Sep 14, 2026 1:08:15 AM java.util.prefs.FileSystemPreferences syncWorld
2026-09-14 01:08:15,746 [ERROR] LogOutputStream:75 - [STDERR_REDIRECT] WARNING: Couldn't flush system prefs: java.util.prefs.BackingStoreException: Couldn't get file lock.
2026-09-14 01:08:15,746 [ERROR] LogOutputStream:75 - [STDERR_REDIRECT] 
2026-09-14 01:08:45,746 [ERROR] LogOutputStream:75 - [STDERR_REDIRECT] Sep 14, 2026 1:08:45 AM java.util.prefs.FileSystemPreferences checkLockFile0ErrorCode
2026-09-14 01:08:45,747 [ERROR] LogOutputStream:75 - [STDERR_REDIRECT] WARNING: Could not lock System prefs. Unix error code 5.
2026-09-14 01:08:45,747 [ERROR] LogOutputStream:75 - [STDERR_REDIRECT] 
2026-09-14 01:08:45,748 [ERROR] LogOutputStream:75 - [STDERR_REDIRECT] Sep 14, 2026 1:08:45 AM java.util.prefs.FileSystemPreferences syncWorld
2026-09-14 01:08:45,748 [ERROR] LogOutputStream:75 - [STDERR_REDIRECT] WARNING: Couldn't flush system prefs: java.util.prefs.BackingStoreException: Couldn't get file lock.
2026-09-14 01:08:45,748 [ERROR] LogOutputStream:75 - [STDERR_REDIRECT] 
2026-09-14 01:09:15,747 [ERROR] LogOutputStream:75 - [STDERR_REDIRECT] Sep 14, 2026 1:09:15 AM java.util.prefs.FileSystemPreferences checkLockFile0ErrorCode
2026-09-14 01:09:15,747 [ERROR] LogOutputStream:75 - [STDERR_REDIRECT] WARNING: Could not lock System prefs. Unix error code 5.
2026-09-14 01:09:15,747 [ERROR] LogOutputStream:75 - [STDERR_REDIRECT] 
2026-09-14 01:09:15,748 [ERROR] LogOutputStream:75 - [STDERR_REDIRECT] Sep 14, 2026 1:09:15 AM java.util.prefs.FileSystemPreferences syncWorld
2026-09-14 01:09:15,764 [ERROR] LogOutputStream:75 - [STDERR_REDIRECT] WARNING: Couldn't flush system prefs: java.util.prefs.BackingStoreException: Couldn't get file lock.
2026-09-14 01:09:15,765 [ERROR] LogOutputStream:75 - [STDERR_REDIRECT] 
2026-09-14 01:09:45,747 [ERROR] LogOutputStream:75 - [STDERR_REDIRECT] Sep 14, 2026 1:09:45 AM java.util.prefs.FileSystemPreferences checkLockFile0ErrorCode
2026-09-14 01:09:45,747 [ERROR] LogOutputStream:75 - [STDERR_REDIRECT] WARNING: Could not lock System prefs. Unix error code 5.
2026-09-14 01:09:45,747 [ERROR] LogOutputStream:75 - [STDERR_REDIRECT] 
2026-09-14 01:09:45,747 [ERROR] LogOutputStream:75 - [STDERR_REDIRECT] Sep 14, 2026 1:09:45 AM java.util.prefs.FileSystemPreferences syncWorld
2026-09-14 01:09:45,748 [ERROR] LogOutputStream:75 - [STDERR_REDIRECT] WARNING: Couldn't flush system prefs: java.util.prefs.BackingStoreException: Couldn't get file lock.
2026-09-14 01:09:45,748 [ERROR] LogOutputStream:75 - [STDERR_REDIRECT] 
2026-09-14 01:10:15,746 [ERROR] LogOutputStream:75 - [STDERR_REDIRECT] Sep 14, 2026 1:10:15 AM java.util.prefs.FileSystemPreferences checkLockFile0ErrorCode
2026-09-14 01:10:15,747 [ERROR] LogOutputStream:75 - [STDERR_REDIRECT] WARNING: Could not lock System prefs. Unix error code 5.
2026-09-14 01:10:15,747 [ERROR] LogOutputStream:75 - [STDERR_REDIRECT] 
2026-09-14 01:10:15,747 [ERROR] LogOutputStream:75 - [STDERR_REDIRECT] Sep 14, 2026 1:10:15 AM java.util.prefs.FileSystemPreferences syncWorld
2026-09-14 01:10:15,747 [ERROR] LogOutputStream:75 - [STDERR_REDIRECT] WARNING: Couldn't flush system prefs: java.util.prefs.BackingStoreException: Couldn't get file lock.
2026-09-14 01:10:15,748 [ERROR] LogOutputStream:75 - [STDERR_REDIRECT] 
2026-09-14 01:10:45,746 [ERROR] LogOutputStream:75 - [STDERR_REDIRECT] Sep 14, 2026 1:10:45 AM java.util.prefs.FileSystemPreferences checkLockFile0ErrorCode
2026-09-14 01:10:45,746 [ERROR] LogOutputStream:75 - [STDERR_REDIRECT] WARNING: Could not lock System prefs. Unix error code 5.
2026-09-14 01:10:45,746 [ERROR] LogOutputStream:75 - [STDERR_REDIRECT] 
2026-09-14 01:10:45,747 [ERROR] LogOutputStream:75 - [STDERR_REDIRECT] Sep 14, 2026 1:10:45 AM java.util.prefs.FileSystemPreferences syncWorld
2026-09-14 01:10:45,747 [ERROR] LogOutputStream:75 - [STDERR_REDIRECT] WARNING: Couldn't flush system prefs: java.util.prefs.BackingStoreException: Couldn't get file lock.
2026-09-14 01:10:45,747 [ERROR] LogOutputStream:75 - [STDERR_REDIRECT] 
2026-09-14 01:11:15,747 [ERROR] LogOutputStream:75 - [STDERR_REDIRECT] Sep 14, 2026 1:11:15 AM java.util.prefs.FileSystemPreferences checkLockFile0ErrorCode
2026-09-14 01:11:15,747 [ERROR] LogOutputStream:75 - [STDERR_REDIRECT] WARNING: Could not lock System prefs. Unix error code 5.
2026-09-14 01:11:15,747 [ERROR] LogOutputStream:75 - [STDERR_REDIRECT] 
2026-09-14 01:11:15,748 [ERROR] LogOutputStream:75 - [STDERR_REDIRECT] Sep 14, 2026 1:11:15 AM java.util.prefs.FileSystemPreferences syncWorld
2026-09-14 01:11:15,748 [ERROR] LogOutputStream:75 - [STDERR_REDIRECT] WARNING: Couldn't flush system prefs: java.util.prefs.BackingStoreException: Couldn't get file lock.
2026-09-14 01:11:15,748 [ERROR] LogOutputStream:75 - [STDERR_REDIRECT] 
2026-09-14 01:11:45,747 [ERROR] LogOutputStream:75 - [STDERR_REDIRECT] Sep 14, 2026 1:11:45 AM java.util.prefs.FileSystemPreferences checkLockFile0ErrorCode
2026-09-14 01:11:45,747 [ERROR] LogOutputStream:75 - [STDERR_REDIRECT] WARNING: Could not lock System prefs. Unix error code 5.
2026-09-14 01:11:45,748 [ERROR] LogOutputStream:75 - [STDERR_REDIRECT] 
2026-09-14 01:11:45,748 [ERROR] LogOutputStream:75 - [STDERR_REDIRECT] Sep 14, 2026 1:11:45 AM java.util.prefs.FileSystemPreferences syncWorld
2026-09-14 01:11:45,748 [ERROR] LogOutputStream:75 - [STDERR_REDIRECT] WARNING: Couldn't flush system prefs: java.util.prefs.BackingStoreException: Couldn't get file lock.
2026-09-14 01:11:45,748 [ERROR] LogOutputStream:75 - [STDERR_REDIRECT] 
2026-09-14 01:12:15,747 [ERROR] LogOutputStream:75 - [STDERR_REDIRECT] Sep 14, 2026 1:12:15 AM java.util.prefs.FileSystemPreferences checkLockFile0ErrorCode
2026-09-14 01:12:15,747 [ERROR] LogOutputStream:75 - [STDERR_REDIRECT] WARNING: Could not lock System prefs. Unix error code 31587.
2026-09-14 01:12:15,748 [ERROR] LogOutputStream:75 - [STDERR_REDIRECT] 
2026-09-14 01:12:15,748 [ERROR] LogOutputStream:75 - [STDERR_REDIRECT] Sep 14, 2026 1:12:15 AM java.util.prefs.FileSystemPreferences syncWorld
2026-09-14 01:12:15,748 [ERROR] LogOutputStream:75 - [STDERR_REDIRECT] WARNING: Couldn't flush system prefs: java.util.prefs.BackingStoreException: Couldn't get file lock.
2026-09-14 01:12:15,748 [ERROR] LogOutputStream:75 - [STDERR_REDIRECT] 
2026-09-14 01:12:45,747 [ERROR] LogOutputStream:75 - [STDERR_REDIRECT] Sep 14, 2026 1:12:45 AM java.util.prefs.FileSystemPreferences checkLockFile0ErrorCode
2026-09-14 01:12:45,747 [ERROR] LogOutputStream:75 - [STDERR_REDIRECT] WARNING: Could not lock System prefs. Unix error code 31587.
2026-09-14 01:12:45,748 [ERROR] LogOutputStream:75 - [STDERR_REDIRECT] 
2026-09-14 01:12:45,748 [ERROR] LogOutputStream:75 - [STDERR_REDIRECT] Sep 14, 2026 1:12:45 AM java.util.prefs.FileSystemPreferences syncWorld
2026-09-14 01:12:45,748 [ERROR] LogOutputStream:75 - [STDERR_REDIRECT] WARNING: Couldn't flush system prefs: java.util.prefs.BackingStoreException: Couldn't get file lock.
2026-09-14 01:12:45,748 [ERROR] LogOutputStream:75 - [STDERR_REDIRECT] 
2026-09-14 01:13:15,748 [ERROR] LogOutputStream:75 - [STDERR_REDIRECT] Sep 14, 2026 1:13:15 AM java.util.prefs.FileSystemPreferences checkLockFile0ErrorCode
2026-09-14 01:13:15,748 [ERROR] LogOutputStream:75 - [STDERR_REDIRECT] WARNING: Could not lock System prefs. Unix error code 31587.
2026-09-14 01:13:15,749 [ERROR] LogOutputStream:75 - [STDERR_REDIRECT] 
2026-09-14 01:13:15,749 [ERROR] LogOutputStream:75 - [STDERR_REDIRECT] Sep 14, 2026 1:13:15 AM java.util.prefs.FileSystemPreferences syncWorld
2026-09-14 01:13:15,749 [ERROR] LogOutputStream:75 - [STDERR_REDIRECT] WARNING: Couldn't flush system prefs: java.util.prefs.BackingStoreException: Couldn't get file lock.
2026-09-14 01:13:15,750 [ERROR] LogOutputStream:75 - [STDERR_REDIRECT] 
2026-09-14 01:13:45,748 [ERROR] LogOutputStream:75 - [STDERR_REDIRECT] Sep 14, 2026 1:13:45 AM java.util.prefs.FileSystemPreferences checkLockFile0ErrorCode
2026-09-14 01:13:45,748 [ERROR] LogOutputStream:75 - [STDERR_REDIRECT] WARNING: Could not lock System prefs. Unix error code 31587.
2026-09-14 01:13:45,748 [ERROR] LogOutputStream:75 - [STDERR_REDIRECT] 
2026-09-14 01:13:45,749 [ERROR] LogOutputStream:75 - [STDERR_REDIRECT] Sep 14, 2026 1:13:45 AM java.util.prefs.FileSystemPreferences syncWorld
2026-09-14 01:13:45,749 [ERROR] LogOutputStream:75 - [STDERR_REDIRECT] WARNING: Couldn't flush system prefs: java.util.prefs.BackingStoreException: Couldn't get file lock.
2026-09-14 01:13:45,749 [ERROR] LogOutputStream:75 - [STDERR_REDIRECT] 
2026-09-14 01:14:15,749 [ERROR] LogOutputStream:75 - [STDERR_REDIRECT] Sep 14, 2026 1:14:15 AM java.util.prefs.FileSystemPreferences checkLockFile0ErrorCode
2026-09-14 01:14:15,749 [ERROR] LogOutputStream:75 - [STDERR_REDIRECT] WARNING: Could not lock System prefs. Unix error code 31587.
2026-09-14 01:14:15,749 [ERROR] LogOutputStream:75 - [STDERR_REDIRECT] 
2026-09-14 01:14:15,750 [ERROR] LogOutputStream:75 - [STDERR_REDIRECT] Sep 14, 2026 1:14:15 AM java.util.prefs.FileSystemPreferences syncWorld
2026-09-14 01:14:15,750 [ERROR] LogOutputStream:75 - [STDERR_REDIRECT] WARNING: Couldn't flush system prefs: java.util.prefs.BackingStoreException: Couldn't get file lock.
2026-09-14 01:14:15,750 [ERROR] LogOutputStream:75 - [STDERR_REDIRECT] 
2026-09-14 01:14:45,750 [ERROR] LogOutputStream:75 - [STDERR_REDIRECT] Sep 14, 2026 1:14:45 AM java.util.prefs.FileSystemPreferences checkLockFile0ErrorCode
2026-09-14 01:14:45,750 [ERROR] LogOutputStream:75 - [STDERR_REDIRECT] WARNING: Could not lock System prefs. Unix error code 31587.
2026-09-14 01:14:45,750 [ERROR] LogOutputStream:75 - [STDERR_REDIRECT] 
2026-09-14 01:14:45,750 [ERROR] LogOutputStream:75 - [STDERR_REDIRECT] Sep 14, 2026 1:14:45 AM java.util.prefs.FileSystemPreferences syncWorld
2026-09-14 01:14:45,751 [ERROR] LogOutputStream:75 - [STDERR_REDIRECT] WARNING: Couldn't flush system prefs: java.util.prefs.BackingStoreException: Couldn't get file lock.
2026-09-14 01:14:45,751 [ERROR] LogOutputStream:75 - [STDERR_REDIRECT] 
2026-09-14 01:15:15,750 [ERROR] LogOutputStream:75 - [STDERR_REDIRECT] Sep 14, 2026 1:15:15 AM java.util.prefs.FileSystemPreferences checkLockFile0ErrorCode
2026-09-14 01:15:15,750 [ERROR] LogOutputStream:75 - [STDERR_REDIRECT] WARNING: Could not lock System prefs. Unix error code 31587.
2026-09-14 01:15:15,750 [ERROR] LogOutputStream:75 - [STDERR_REDIRECT] 
2026-09-14 01:15:15,751 [ERROR] LogOutputStream:75 - [STDERR_REDIRECT] Sep 14, 2026 1:15:15 AM java.util.prefs.FileSystemPreferences syncWorld
2026-09-14 01:15:15,751 [ERROR] LogOutputStream:75 - [STDERR_REDIRECT] WARNING: Couldn't flush system prefs: java.util.prefs.BackingStoreException: Couldn't get file lock.
2026-09-14 01:15:15,751 [ERROR] LogOutputStream:75 - [STDERR_REDIRECT] 
2026-09-14 01:15:45,750 [ERROR] LogOutputStream:75 - [STDERR_REDIRECT] Sep 14, 2026 1:15:45 AM java.util.prefs.FileSystemPreferences checkLockFile0ErrorCode
2026-09-14 01:15:45,750 [ERROR] LogOutputStream:75 - [STDERR_REDIRECT] WARNING: Could not lock System prefs. Unix error code 31587.
2026-09-14 01:15:45,750 [ERROR] LogOutputStream:75 - [STDERR_REDIRECT] 
2026-09-14 01:15:45,751 [ERROR] LogOutputStream:75 - [STDERR_REDIRECT] Sep 14, 2026 1:15:45 AM java.util.prefs.FileSystemPreferences syncWorld
2026-09-14 01:15:45,751 [ERROR] LogOutputStream:75 - [STDERR_REDIRECT] WARNING: Couldn't flush system prefs: java.util.prefs.BackingStoreException: Couldn't get file lock.
2026-09-14 01:15:45,751 [ERROR] LogOutputStream:75 - [STDERR_REDIRECT] 
2026-09-14 01:16:15,750 [ERROR] LogOutputStream:75 - [STDERR_REDIRECT] Sep 14, 2026 1:16:15 AM java.util.prefs.FileSystemPreferences checkLockFile0ErrorCode
2026-09-14 01:16:15,750 [ERROR] LogOutputStream:75 - [STDERR_REDIRECT] WARNING: Could not lock System prefs. Unix error code 31587.
2026-09-14 01:16:15,750 [ERROR] LogOutputStream:75 - [STDERR_REDIRECT] 
2026-09-14 01:16:15,751 [ERROR] LogOutputStream:75 - [STDERR_REDIRECT] Sep 14, 2026 1:16:15 AM java.util.prefs.FileSystemPreferences syncWorld
2026-09-14 01:16:15,752 [ERROR] LogOutputStream:75 - [STDERR_REDIRECT] WARNING: Couldn't flush system prefs: java.util.prefs.BackingStoreException: Couldn't get file lock.
2026-09-14 01:16:15,752 [ERROR] LogOutputStream:75 - [STDERR_REDIRECT] 
2026-09-14 01:16:45,750 [ERROR] LogOutputStream:75 - [STDERR_REDIRECT] Sep 14, 2026 1:16:45 AM java.util.prefs.FileSystemPreferences checkLockFile0ErrorCode
2026-09-14 01:16:45,750 [ERROR] LogOutputStream:75 - [STDERR_REDIRECT] WARNING: Could not lock System prefs. Unix error code 31587.
2026-09-14 01:16:45,750 [ERROR] LogOutputStream:75 - [STDERR_REDIRECT] 
2026-09-14 01:16:45,751 [ERROR] LogOutputStream:75 - [STDERR_REDIRECT] Sep 14, 2026 1:16:45 AM java.util.prefs.FileSystemPreferences syncWorld
2026-09-14 01:16:45,751 [ERROR] LogOutputStream:75 - [STDERR_REDIRECT] WARNING: Couldn't flush system prefs: java.util.prefs.BackingStoreException: Couldn't get file lock.
2026-09-14 01:16:45,751 [ERROR] LogOutputStream:75 - [STDERR_REDIRECT] 
2026-09-14 01:17:15,750 [ERROR] LogOutputStream:75 - [STDERR_REDIRECT] Sep 14, 2026 1:17:15 AM java.util.prefs.FileSystemPreferences checkLockFile0ErrorCode
2026-09-14 01:17:15,751 [ERROR] LogOutputStream:75 - [STDERR_REDIRECT] WARNING: Could not lock System prefs. Unix error code 31587.
2026-09-14 01:17:15,751 [ERROR] LogOutputStream:75 - [STDERR_REDIRECT] 
2026-09-14 01:17:15,751 [ERROR] LogOutputStream:75 - [STDERR_REDIRECT] Sep 14, 2026 1:17:15 AM java.util.prefs.FileSystemPreferences syncWorld
2026-09-14 01:17:15,751 [ERROR] LogOutputStream:75 - [STDERR_REDIRECT] WARNING: Couldn't flush system prefs: java.util.prefs.BackingStoreException: Couldn't get file lock.
2026-09-14 01:17:15,751 [ERROR] LogOutputStream:75 - [STDERR_REDIRECT] 
2026-09-14 01:17:45,750 [ERROR] LogOutputStream:75 - [STDERR_REDIRECT] Sep 14, 2026 1:17:45 AM java.util.prefs.FileSystemPreferences checkLockFile0ErrorCode
2026-09-14 01:17:45,751 [ERROR] LogOutputStream:75 - [STDERR_REDIRECT] WARNING: Could not lock System prefs. Unix error code 31587.
2026-09-14 01:17:45,751 [ERROR] LogOutputStream:75 - [STDERR_REDIRECT] 
2026-09-14 01:17:45,751 [ERROR] LogOutputStream:75 - [STDERR_REDIRECT] Sep 14, 2026 1:17:45 AM java.util.prefs.FileSystemPreferences syncWorld
2026-09-14 01:17:45,751 [ERROR] LogOutputStream:75 - [STDERR_REDIRECT] WARNING: Couldn't flush system prefs: java.util.prefs.BackingStoreException: Couldn't get file lock.
2026-09-14 01:17:45,751 [ERROR] LogOutputStream:75 - [STDERR_REDIRECT] 
2026-09-14 01:18:15,750 [ERROR] LogOutputStream:75 - [STDERR_REDIRECT] Sep 14, 2026 1:18:15 AM java.util.prefs.FileSystemPreferences checkLockFile0ErrorCode
2026-09-14 01:18:15,751 [ERROR] LogOutputStream:75 - [STDERR_REDIRECT] WARNING: Could not lock System prefs. Unix error code 31587.
2026-09-14 01:18:15,751 [ERROR] LogOutputStream:75 - [STDERR_REDIRECT] 
2026-09-14 01:18:15,751 [ERROR] LogOutputStream:75 - [STDERR_REDIRECT] Sep 14, 2026 1:18:15 AM java.util.prefs.FileSystemPreferences syncWorld
2026-09-14 01:18:15,751 [ERROR] LogOutputStream:75 - [STDERR_REDIRECT] WARNING: Couldn't flush system prefs: java.util.prefs.BackingStoreException: Couldn't get file lock.
2026-09-14 01:18:15,751 [ERROR] LogOutputStream:75 - [STDERR_REDIRECT] 
2026-09-14 01:18:45,752 [ERROR] LogOutputStream:75 - [STDERR_REDIRECT] Sep 14, 2026 1:18:45 AM java.util.prefs.FileSystemPreferences checkLockFile0ErrorCode
2026-09-14 01:18:45,752 [ERROR] LogOutputStream:75 - [STDERR_REDIRECT] WARNING: Could not lock System prefs. Unix error code 31587.
2026-09-14 01:18:45,753 [ERROR] LogOutputStream:75 - [STDERR_REDIRECT] 
2026-09-14 01:18:45,753 [ERROR] LogOutputStream:75 - [STDERR_REDIRECT] Sep 14, 2026 1:18:45 AM java.util.prefs.FileSystemPreferences syncWorld
2026-09-14 01:18:45,753 [ERROR] LogOutputStream:75 - [STDERR_REDIRECT] WARNING: Couldn't flush system prefs: java.util.prefs.BackingStoreException: Couldn't get file lock.
2026-09-14 01:18:45,753 [ERROR] LogOutputStream:75 - [STDERR_REDIRECT] 
2026-09-14 01:19:15,753 [ERROR] LogOutputStream:75 - [STDERR_REDIRECT] Sep 14, 2026 1:19:15 AM java.util.prefs.FileSystemPreferences checkLockFile0ErrorCode
2026-09-14 01:19:15,753 [ERROR] LogOutputStream:75 - [STDERR_REDIRECT] WARNING: Could not lock System prefs. Unix error code 31587.
2026-09-14 01:19:15,753 [ERROR] LogOutputStream:75 - [STDERR_REDIRECT] 
2026-09-14 01:19:15,754 [ERROR] LogOutputStream:75 - [STDERR_REDIRECT] Sep 14, 2026 1:19:15 AM java.util.prefs.FileSystemPreferences syncWorld
2026-09-14 01:19:15,754 [ERROR] LogOutputStream:75 - [STDERR_REDIRECT] WARNING: Couldn't flush system prefs: java.util.prefs.BackingStoreException: Couldn't get file lock.
2026-09-14 01:19:15,771 [ERROR] LogOutputStream:75 - [STDERR_REDIRECT] 
2026-09-14 01:19:45,752 [ERROR] LogOutputStream:75 - [STDERR_REDIRECT] Sep 14, 2026 1:19:45 AM java.util.prefs.FileSystemPreferences checkLockFile0ErrorCode
2026-09-14 01:19:45,753 [ERROR] LogOutputStream:75 - [STDERR_REDIRECT] WARNING: Could not lock System prefs. Unix error code 31587.
2026-09-14 01:19:45,753 [ERROR] LogOutputStream:75 - [STDERR_REDIRECT] 
2026-09-14 01:19:45,753 [ERROR] LogOutputStream:75 - [STDERR_REDIRECT] Sep 14, 2026 1:19:45 AM java.util.prefs.FileSystemPreferences syncWorld
2026-09-14 01:19:45,753 [ERROR] LogOutputStream:75 - [STDERR_REDIRECT] WARNING: Couldn't flush system prefs: java.util.prefs.BackingStoreException: Couldn't get file lock.
2026-09-14 01:19:45,753 [ERROR] LogOutputStream:75 - [STDERR_REDIRECT] 
2026-09-14 01:20:15,753 [ERROR] LogOutputStream:75 - [STDERR_REDIRECT] Sep 14, 2026 1:20:15 AM java.util.prefs.FileSystemPreferences checkLockFile0ErrorCode
2026-09-14 01:20:15,753 [ERROR] LogOutputStream:75 - [STDERR_REDIRECT] WARNING: Could not lock System prefs. Unix error code 31587.
2026-09-14 01:20:15,753 [ERROR] LogOutputStream:75 - [STDERR_REDIRECT] 
2026-09-14 01:20:15,754 [ERROR] LogOutputStream:75 - [STDERR_REDIRECT] Sep 14, 2026 1:20:15 AM java.util.prefs.FileSystemPreferences syncWorld
2026-09-14 01:20:15,754 [ERROR] LogOutputStream:75 - [STDERR_REDIRECT] WARNING: Couldn't flush system prefs: java.util.prefs.BackingStoreException: Couldn't get file lock.
2026-09-14 01:20:15,754 [ERROR] LogOutputStream:75 - [STDERR_REDIRECT] 
2026-09-14 01:20:45,753 [ERROR] LogOutputStream:75 - [STDERR_REDIRECT] Sep 14, 2026 1:20:45 AM java.util.prefs.FileSystemPreferences checkLockFile0ErrorCode
2026-09-14 01:20:45,753 [ERROR] LogOutputStream:75 - [STDERR_REDIRECT] WARNING: Could not lock System prefs. Unix error code 31587.
2026-09-14 01:20:45,753 [ERROR] LogOutputStream:75 - [STDERR_REDIRECT] 
2026-09-14 01:20:45,754 [ERROR] LogOutputStream:75 - [STDERR_REDIRECT] Sep 14, 2026 1:20:45 AM java.util.prefs.FileSystemPreferences syncWorld
2026-09-14 01:20:45,754 [ERROR] LogOutputStream:75 - [STDERR_REDIRECT] WARNING: Couldn't flush system prefs: java.util.prefs.BackingStoreException: Couldn't get file lock.
2026-09-14 01:20:45,754 [ERROR] LogOutputStream:75 - [STDERR_REDIRECT] 
