2026-08-08 09:50:28,635 [ERROR] LogOutputStream:75 - [STDERR_REDIRECT] Aug 08, 2026 9:50:28 AM java.util.prefs.FileSystemPreferences checkLockFile0ErrorCode
2026-08-08 09:50:28,647 [ERROR] LogOutputStream:75 - [STDERR_REDIRECT] WARNING: Could not lock System prefs. Unix error code 5.
2026-08-08 09:50:28,647 [ERROR] LogOutputStream:75 - [STDERR_REDIRECT] 
2026-08-08 09:50:28,648 [ERROR] LogOutputStream:75 - [STDERR_REDIRECT] Aug 08, 2026 9:50:28 AM java.util.prefs.FileSystemPreferences syncWorld
2026-08-08 09:50:28,648 [ERROR] LogOutputStream:75 - [STDERR_REDIRECT] WARNING: Couldn't flush system prefs: java.util.prefs.BackingStoreException: Couldn't get file lock.
2026-08-08 09:50:28,648 [ERROR] LogOutputStream:75 - [STDERR_REDIRECT] 
2026-08-08 12:37:40,327 [ERROR] LogOutputStream:75 - [STDERR_REDIRECT] Aug 08, 2026 12:37:40 PM java.util.prefs.FileSystemPreferences checkLockFile0ErrorCode
2026-08-08 12:37:40,327 [ERROR] LogOutputStream:75 - [STDERR_REDIRECT] WARNING: Could not lock System prefs. Unix error code 5.
2026-08-08 12:37:40,327 [ERROR] LogOutputStream:75 - [STDERR_REDIRECT] 
2026-08-08 12:37:40,328 [ERROR] LogOutputStream:75 - [STDERR_REDIRECT] Aug 08, 2026 12:37:40 PM java.util.prefs.FileSystemPreferences syncWorld
2026-08-08 12:37:40,328 [ERROR] LogOutputStream:75 - [STDERR_REDIRECT] WARNING: Couldn't flush system prefs: java.util.prefs.BackingStoreException: Couldn't get file lock.
2026-08-08 12:37:40,328 [ERROR] LogOutputStream:75 - [STDERR_REDIRECT] 
2026-08-08 12:38:10,321 [ERROR] LogOutputStream:75 - [STDERR_REDIRECT] Aug 08, 2026 12:38:10 PM java.util.prefs.FileSystemPreferences checkLockFile0ErrorCode
2026-08-08 12:38:10,321 [ERROR] LogOutputStream:75 - [STDERR_REDIRECT] WARNING: Could not lock System prefs. Unix error code 5.
2026-08-08 12:38:10,321 [ERROR] LogOutputStream:75 - [STDERR_REDIRECT] 
2026-08-08 12:38:10,321 [ERROR] LogOutputStream:75 - [STDERR_REDIRECT] Aug 08, 2026 12:38:10 PM java.util.prefs.FileSystemPreferences syncWorld
2026-08-08 12:38:10,321 [ERROR] LogOutputStream:75 - [STDERR_REDIRECT] WARNING: Couldn't flush system prefs: java.util.prefs.BackingStoreException: Couldn't get file lock.
2026-08-08 12:38:10,321 [ERROR] LogOutputStream:75 - [STDERR_REDIRECT] 
2026-08-08 12:38:40,324 [ERROR] LogOutputStream:75 - [STDERR_REDIRECT] Aug 08, 2026 12:38:40 PM java.util.prefs.FileSystemPreferences checkLockFile0ErrorCode
2026-08-08 12:38:40,324 [ERROR] LogOutputStream:75 - [STDERR_REDIRECT] WARNING: Could not lock System prefs. Unix error code 5.
2026-08-08 12:38:40,324 [ERROR] LogOutputStream:75 - [STDERR_REDIRECT] 
2026-08-08 12:38:40,325 [ERROR] LogOutputStream:75 - [STDERR_REDIRECT] Aug 08, 2026 12:38:40 PM java.util.prefs.FileSystemPreferences syncWorld
2026-08-08 12:38:40,325 [ERROR] LogOutputStream:75 - [STDERR_REDIRECT] WARNING: Couldn't flush system prefs: java.util.prefs.BackingStoreException: Couldn't get file lock.
2026-08-08 12:38:40,336 [ERROR] LogOutputStream:75 - [STDERR_REDIRECT] 
2026-08-08 12:39:10,328 [ERROR] LogOutputStream:75 - [STDERR_REDIRECT] Aug 08, 2026 12:39:10 PM java.util.prefs.FileSystemPreferences checkLockFile0ErrorCode
2026-08-08 12:39:10,328 [ERROR] LogOutputStream:75 - [STDERR_REDIRECT] WARNING: Could not lock System prefs. Unix error code 5.
2026-08-08 12:39:10,328 [ERROR] LogOutputStream:75 - [STDERR_REDIRECT] 
2026-08-08 12:39:10,329 [ERROR] LogOutputStream:75 - [STDERR_REDIRECT] Aug 08, 2026 12:39:10 PM java.util.prefs.FileSystemPreferences syncWorld
2026-08-08 12:39:10,337 [ERROR] LogOutputStream:75 - [STDERR_REDIRECT] WARNING: Couldn't flush system prefs: java.util.prefs.BackingStoreException: Couldn't get file lock.
2026-08-08 12:39:10,337 [ERROR] LogOutputStream:75 - [STDERR_REDIRECT] 
2026-08-08 12:39:40,323 [ERROR] LogOutputStream:75 - [STDERR_REDIRECT] Aug 08, 2026 12:39:40 PM java.util.prefs.FileSystemPreferences checkLockFile0ErrorCode
2026-08-08 12:39:40,324 [ERROR] LogOutputStream:75 - [STDERR_REDIRECT] WARNING: Could not lock System prefs. Unix error code 5.
2026-08-08 12:39:40,324 [ERROR] LogOutputStream:75 - [STDERR_REDIRECT] 
2026-08-08 12:39:40,324 [ERROR] LogOutputStream:75 - [STDERR_REDIRECT] Aug 08, 2026 12:39:40 PM java.util.prefs.FileSystemPreferences syncWorld
2026-08-08 12:39:40,324 [ERROR] LogOutputStream:75 - [STDERR_REDIRECT] WARNING: Couldn't flush system prefs: java.util.prefs.BackingStoreException: Couldn't get file lock.
2026-08-08 12:39:40,324 [ERROR] LogOutputStream:75 - [STDERR_REDIRECT] 
2026-08-08 12:40:10,325 [ERROR] LogOutputStream:75 - [STDERR_REDIRECT] Aug 08, 2026 12:40:10 PM java.util.prefs.FileSystemPreferences checkLockFile0ErrorCode
2026-08-08 12:40:10,326 [ERROR] LogOutputStream:75 - [STDERR_REDIRECT] WARNING: Could not lock System prefs. Unix error code 5.
2026-08-08 12:40:10,327 [ERROR] LogOutputStream:75 - [STDERR_REDIRECT] 
2026-08-08 12:40:10,328 [ERROR] LogOutputStream:75 - [STDERR_REDIRECT] Aug 08, 2026 12:40:10 PM java.util.prefs.FileSystemPreferences syncWorld
2026-08-08 12:40:10,328 [ERROR] LogOutputStream:75 - [STDERR_REDIRECT] WARNING: Couldn't flush system prefs: java.util.prefs.BackingStoreException: Couldn't get file lock.
2026-08-08 12:40:10,329 [ERROR] LogOutputStream:75 - [STDERR_REDIRECT] 
2026-08-08 12:40:40,354 [ERROR] LogOutputStream:75 - [STDERR_REDIRECT] Aug 08, 2026 12:40:40 PM java.util.prefs.FileSystemPreferences checkLockFile0ErrorCode
2026-08-08 12:40:40,355 [ERROR] LogOutputStream:75 - [STDERR_REDIRECT] WARNING: Could not lock System prefs. Unix error code 5.
2026-08-08 12:40:40,355 [ERROR] LogOutputStream:75 - [STDERR_REDIRECT] 
2026-08-08 12:40:40,355 [ERROR] LogOutputStream:75 - [STDERR_REDIRECT] Aug 08, 2026 12:40:40 PM java.util.prefs.FileSystemPreferences syncWorld
2026-08-08 12:40:40,355 [ERROR] LogOutputStream:75 - [STDERR_REDIRECT] WARNING: Couldn't flush system prefs: java.util.prefs.BackingStoreException: Couldn't get file lock.
2026-08-08 12:40:40,355 [ERROR] LogOutputStream:75 - [STDERR_REDIRECT] 
2026-08-08 12:41:10,358 [ERROR] LogOutputStream:75 - [STDERR_REDIRECT] Aug 08, 2026 12:41:10 PM java.util.prefs.FileSystemPreferences checkLockFile0ErrorCode
2026-08-08 12:41:10,358 [ERROR] LogOutputStream:75 - [STDERR_REDIRECT] WARNING: Could not lock System prefs. Unix error code 5.
2026-08-08 12:41:10,358 [ERROR] LogOutputStream:75 - [STDERR_REDIRECT] 
2026-08-08 12:41:10,359 [ERROR] LogOutputStream:75 - [STDERR_REDIRECT] Aug 08, 2026 12:41:10 PM java.util.prefs.FileSystemPreferences syncWorld
2026-08-08 12:41:10,361 [ERROR] LogOutputStream:75 - [STDERR_REDIRECT] WARNING: Couldn't flush system prefs: java.util.prefs.BackingStoreException: Couldn't get file lock.
2026-08-08 12:41:10,361 [ERROR] LogOutputStream:75 - [STDERR_REDIRECT] 
2026-08-08 12:41:40,421 [ERROR] LogOutputStream:75 - [STDERR_REDIRECT] Aug 08, 2026 12:41:40 PM java.util.prefs.FileSystemPreferences checkLockFile0ErrorCode
2026-08-08 12:41:40,421 [ERROR] LogOutputStream:75 - [STDERR_REDIRECT] WARNING: Could not lock System prefs. Unix error code 5.
2026-08-08 12:41:40,421 [ERROR] LogOutputStream:75 - [STDERR_REDIRECT] 
2026-08-08 12:41:40,422 [ERROR] LogOutputStream:75 - [STDERR_REDIRECT] Aug 08, 2026 12:41:40 PM java.util.prefs.FileSystemPreferences syncWorld
2026-08-08 12:41:40,422 [ERROR] LogOutputStream:75 - [STDERR_REDIRECT] WARNING: Couldn't flush system prefs: java.util.prefs.BackingStoreException: Couldn't get file lock.
2026-08-08 12:41:40,422 [ERROR] LogOutputStream:75 - [STDERR_REDIRECT] 
2026-08-08 12:42:10,369 [ERROR] LogOutputStream:75 - [STDERR_REDIRECT] Aug 08, 2026 12:42:10 PM java.util.prefs.FileSystemPreferences checkLockFile0ErrorCode
2026-08-08 12:42:10,370 [ERROR] LogOutputStream:75 - [STDERR_REDIRECT] WARNING: Could not lock System prefs. Unix error code 5.
2026-08-08 12:42:10,370 [ERROR] LogOutputStream:75 - [STDERR_REDIRECT] 
2026-08-08 12:42:10,372 [ERROR] LogOutputStream:75 - [STDERR_REDIRECT] Aug 08, 2026 12:42:10 PM java.util.prefs.FileSystemPreferences syncWorld
2026-08-08 12:42:10,372 [ERROR] LogOutputStream:75 - [STDERR_REDIRECT] WARNING: Couldn't flush system prefs: java.util.prefs.BackingStoreException: Couldn't get file lock.
2026-08-08 12:42:10,372 [ERROR] LogOutputStream:75 - [STDERR_REDIRECT] 
2026-08-08 12:42:40,370 [ERROR] LogOutputStream:75 - [STDERR_REDIRECT] Aug 08, 2026 12:42:40 PM java.util.prefs.FileSystemPreferences checkLockFile0ErrorCode
2026-08-08 12:42:40,371 [ERROR] LogOutputStream:75 - [STDERR_REDIRECT] WARNING: Could not lock System prefs. Unix error code 5.
2026-08-08 12:42:40,371 [ERROR] LogOutputStream:75 - [STDERR_REDIRECT] 
2026-08-08 12:42:40,371 [ERROR] LogOutputStream:75 - [STDERR_REDIRECT] Aug 08, 2026 12:42:40 PM java.util.prefs.FileSystemPreferences syncWorld
2026-08-08 12:42:40,371 [ERROR] LogOutputStream:75 - [STDERR_REDIRECT] WARNING: Couldn't flush system prefs: java.util.prefs.BackingStoreException: Couldn't get file lock.
2026-08-08 12:42:40,371 [ERROR] LogOutputStream:75 - [STDERR_REDIRECT] 
2026-08-08 12:43:10,366 [ERROR] LogOutputStream:75 - [STDERR_REDIRECT] Aug 08, 2026 12:43:10 PM java.util.prefs.FileSystemPreferences checkLockFile0ErrorCode
2026-08-08 12:43:10,367 [ERROR] LogOutputStream:75 - [STDERR_REDIRECT] WARNING: Could not lock System prefs. Unix error code 5.
2026-08-08 12:43:10,367 [ERROR] LogOutputStream:75 - [STDERR_REDIRECT] 
2026-08-08 12:43:10,367 [ERROR] LogOutputStream:75 - [STDERR_REDIRECT] Aug 08, 2026 12:43:10 PM java.util.prefs.FileSystemPreferences syncWorld
2026-08-08 12:43:10,367 [ERROR] LogOutputStream:75 - [STDERR_REDIRECT] WARNING: Couldn't flush system prefs: java.util.prefs.BackingStoreException: Couldn't get file lock.
2026-08-08 12:43:10,367 [ERROR] LogOutputStream:75 - [STDERR_REDIRECT] 
2026-08-08 12:43:40,370 [ERROR] LogOutputStream:75 - [STDERR_REDIRECT] Aug 08, 2026 12:43:40 PM java.util.prefs.FileSystemPreferences checkLockFile0ErrorCode
2026-08-08 12:43:40,371 [ERROR] LogOutputStream:75 - [STDERR_REDIRECT] WARNING: Could not lock System prefs. Unix error code 5.
2026-08-08 12:43:40,371 [ERROR] LogOutputStream:75 - [STDERR_REDIRECT] 
2026-08-08 12:43:40,371 [ERROR] LogOutputStream:75 - [STDERR_REDIRECT] Aug 08, 2026 12:43:40 PM java.util.prefs.FileSystemPreferences syncWorld
2026-08-08 12:43:40,371 [ERROR] LogOutputStream:75 - [STDERR_REDIRECT] WARNING: Couldn't flush system prefs: java.util.prefs.BackingStoreException: Couldn't get file lock.
2026-08-08 12:43:40,371 [ERROR] LogOutputStream:75 - [STDERR_REDIRECT] 
2026-08-08 12:44:10,371 [ERROR] LogOutputStream:75 - [STDERR_REDIRECT] Aug 08, 2026 12:44:10 PM java.util.prefs.FileSystemPreferences checkLockFile0ErrorCode
2026-08-08 12:44:10,371 [ERROR] LogOutputStream:75 - [STDERR_REDIRECT] WARNING: Could not lock System prefs. Unix error code 5.
2026-08-08 12:44:10,372 [ERROR] LogOutputStream:75 - [STDERR_REDIRECT] 
2026-08-08 12:44:10,373 [ERROR] LogOutputStream:75 - [STDERR_REDIRECT] Aug 08, 2026 12:44:10 PM java.util.prefs.FileSystemPreferences syncWorld
2026-08-08 12:44:10,373 [ERROR] LogOutputStream:75 - [STDERR_REDIRECT] WARNING: Couldn't flush system prefs: java.util.prefs.BackingStoreException: Couldn't get file lock.
2026-08-08 12:44:10,373 [ERROR] LogOutputStream:75 - [STDERR_REDIRECT] 
2026-08-08 12:44:40,371 [ERROR] LogOutputStream:75 - [STDERR_REDIRECT] Aug 08, 2026 12:44:40 PM java.util.prefs.FileSystemPreferences checkLockFile0ErrorCode
2026-08-08 12:44:40,372 [ERROR] LogOutputStream:75 - [STDERR_REDIRECT] WARNING: Could not lock System prefs. Unix error code 5.
2026-08-08 12:44:40,372 [ERROR] LogOutputStream:75 - [STDERR_REDIRECT] 
2026-08-08 12:44:40,372 [ERROR] LogOutputStream:75 - [STDERR_REDIRECT] Aug 08, 2026 12:44:40 PM java.util.prefs.FileSystemPreferences syncWorld
2026-08-08 12:44:40,372 [ERROR] LogOutputStream:75 - [STDERR_REDIRECT] WARNING: Couldn't flush system prefs: java.util.prefs.BackingStoreException: Couldn't get file lock.
2026-08-08 12:44:40,372 [ERROR] LogOutputStream:75 - [STDERR_REDIRECT] 
2026-08-08 12:45:10,371 [ERROR] LogOutputStream:75 - [STDERR_REDIRECT] Aug 08, 2026 12:45:10 PM java.util.prefs.FileSystemPreferences checkLockFile0ErrorCode
2026-08-08 12:45:10,371 [ERROR] LogOutputStream:75 - [STDERR_REDIRECT] WARNING: Could not lock System prefs. Unix error code 5.
2026-08-08 12:45:10,371 [ERROR] LogOutputStream:75 - [STDERR_REDIRECT] 
2026-08-08 12:45:10,371 [ERROR] LogOutputStream:75 - [STDERR_REDIRECT] Aug 08, 2026 12:45:10 PM java.util.prefs.FileSystemPreferences syncWorld
2026-08-08 12:45:10,371 [ERROR] LogOutputStream:75 - [STDERR_REDIRECT] WARNING: Couldn't flush system prefs: java.util.prefs.BackingStoreException: Couldn't get file lock.
2026-08-08 12:45:10,371 [ERROR] LogOutputStream:75 - [STDERR_REDIRECT] 
2026-08-08 12:45:40,370 [ERROR] LogOutputStream:75 - [STDERR_REDIRECT] Aug 08, 2026 12:45:40 PM java.util.prefs.FileSystemPreferences checkLockFile0ErrorCode
2026-08-08 12:45:40,371 [ERROR] LogOutputStream:75 - [STDERR_REDIRECT] WARNING: Could not lock System prefs. Unix error code 5.
2026-08-08 12:45:40,371 [ERROR] LogOutputStream:75 - [STDERR_REDIRECT] 
2026-08-08 12:45:40,371 [ERROR] LogOutputStream:75 - [STDERR_REDIRECT] Aug 08, 2026 12:45:40 PM java.util.prefs.FileSystemPreferences syncWorld
2026-08-08 12:45:40,371 [ERROR] LogOutputStream:75 - [STDERR_REDIRECT] WARNING: Couldn't flush system prefs: java.util.prefs.BackingStoreException: Couldn't get file lock.
2026-08-08 12:45:40,371 [ERROR] LogOutputStream:75 - [STDERR_REDIRECT] 
2026-08-08 12:46:10,375 [ERROR] LogOutputStream:75 - [STDERR_REDIRECT] Aug 08, 2026 12:46:10 PM java.util.prefs.FileSystemPreferences checkLockFile0ErrorCode
2026-08-08 12:46:10,375 [ERROR] LogOutputStream:75 - [STDERR_REDIRECT] WARNING: Could not lock System prefs. Unix error code 5.
2026-08-08 12:46:10,375 [ERROR] LogOutputStream:75 - [STDERR_REDIRECT] 
2026-08-08 12:46:10,375 [ERROR] LogOutputStream:75 - [STDERR_REDIRECT] Aug 08, 2026 12:46:10 PM java.util.prefs.FileSystemPreferences syncWorld
2026-08-08 12:46:10,376 [ERROR] LogOutputStream:75 - [STDERR_REDIRECT] WARNING: Couldn't flush system prefs: java.util.prefs.BackingStoreException: Couldn't get file lock.
2026-08-08 12:46:10,376 [ERROR] LogOutputStream:75 - [STDERR_REDIRECT] 
2026-08-08 12:46:40,405 [ERROR] LogOutputStream:75 - [STDERR_REDIRECT] Aug 08, 2026 12:46:40 PM java.util.prefs.FileSystemPreferences checkLockFile0ErrorCode
2026-08-08 12:46:40,405 [ERROR] LogOutputStream:75 - [STDERR_REDIRECT] WARNING: Could not lock System prefs. Unix error code 5.
2026-08-08 12:46:40,406 [ERROR] LogOutputStream:75 - [STDERR_REDIRECT] 
2026-08-08 12:46:40,406 [ERROR] LogOutputStream:75 - [STDERR_REDIRECT] Aug 08, 2026 12:46:40 PM java.util.prefs.FileSystemPreferences syncWorld
2026-08-08 12:46:40,406 [ERROR] LogOutputStream:75 - [STDERR_REDIRECT] WARNING: Couldn't flush system prefs: java.util.prefs.BackingStoreException: Couldn't get file lock.
2026-08-08 12:46:40,406 [ERROR] LogOutputStream:75 - [STDERR_REDIRECT] 
2026-08-08 12:47:10,373 [ERROR] LogOutputStream:75 - [STDERR_REDIRECT] Aug 08, 2026 12:47:10 PM java.util.prefs.FileSystemPreferences checkLockFile0ErrorCode
2026-08-08 12:47:10,373 [ERROR] LogOutputStream:75 - [STDERR_REDIRECT] WARNING: Could not lock System prefs. Unix error code 5.
2026-08-08 12:47:10,373 [ERROR] LogOutputStream:75 - [STDERR_REDIRECT] 
2026-08-08 12:47:10,373 [ERROR] LogOutputStream:75 - [STDERR_REDIRECT] Aug 08, 2026 12:47:10 PM java.util.prefs.FileSystemPreferences syncWorld
2026-08-08 12:47:10,373 [ERROR] LogOutputStream:75 - [STDERR_REDIRECT] WARNING: Couldn't flush system prefs: java.util.prefs.BackingStoreException: Couldn't get file lock.
2026-08-08 12:47:10,373 [ERROR] LogOutputStream:75 - [STDERR_REDIRECT] 
2026-08-08 12:47:40,375 [ERROR] LogOutputStream:75 - [STDERR_REDIRECT] Aug 08, 2026 12:47:40 PM java.util.prefs.FileSystemPreferences checkLockFile0ErrorCode
2026-08-08 12:47:40,375 [ERROR] LogOutputStream:75 - [STDERR_REDIRECT] WARNING: Could not lock System prefs. Unix error code 5.
2026-08-08 12:47:40,375 [ERROR] LogOutputStream:75 - [STDERR_REDIRECT] 
2026-08-08 12:47:40,375 [ERROR] LogOutputStream:75 - [STDERR_REDIRECT] Aug 08, 2026 12:47:40 PM java.util.prefs.FileSystemPreferences syncWorld
2026-08-08 12:47:40,375 [ERROR] LogOutputStream:75 - [STDERR_REDIRECT] WARNING: Couldn't flush system prefs: java.util.prefs.BackingStoreException: Couldn't get file lock.
2026-08-08 12:47:40,376 [ERROR] LogOutputStream:75 - [STDERR_REDIRECT] 
2026-08-08 12:48:10,374 [ERROR] LogOutputStream:75 - [STDERR_REDIRECT] Aug 08, 2026 12:48:10 PM java.util.prefs.FileSystemPreferences checkLockFile0ErrorCode
2026-08-08 12:48:10,375 [ERROR] LogOutputStream:75 - [STDERR_REDIRECT] WARNING: Could not lock System prefs. Unix error code 5.
2026-08-08 12:48:10,375 [ERROR] LogOutputStream:75 - [STDERR_REDIRECT] 
2026-08-08 12:48:10,375 [ERROR] LogOutputStream:75 - [STDERR_REDIRECT] Aug 08, 2026 12:48:10 PM java.util.prefs.FileSystemPreferences syncWorld
2026-08-08 12:48:10,375 [ERROR] LogOutputStream:75 - [STDERR_REDIRECT] WARNING: Couldn't flush system prefs: java.util.prefs.BackingStoreException: Couldn't get file lock.
2026-08-08 12:48:10,375 [ERROR] LogOutputStream:75 - [STDERR_REDIRECT] 
2026-08-08 12:48:40,375 [ERROR] LogOutputStream:75 - [STDERR_REDIRECT] Aug 08, 2026 12:48:40 PM java.util.prefs.FileSystemPreferences checkLockFile0ErrorCode
2026-08-08 12:48:40,375 [ERROR] LogOutputStream:75 - [STDERR_REDIRECT] WARNING: Could not lock System prefs. Unix error code 5.
2026-08-08 12:48:40,375 [ERROR] LogOutputStream:75 - [STDERR_REDIRECT] 
2026-08-08 12:48:40,375 [ERROR] LogOutputStream:75 - [STDERR_REDIRECT] Aug 08, 2026 12:48:40 PM java.util.prefs.FileSystemPreferences syncWorld
2026-08-08 12:48:40,375 [ERROR] LogOutputStream:75 - [STDERR_REDIRECT] WARNING: Couldn't flush system prefs: java.util.prefs.BackingStoreException: Couldn't get file lock.
2026-08-08 12:48:40,375 [ERROR] LogOutputStream:75 - [STDERR_REDIRECT] 
2026-08-08 12:49:10,375 [ERROR] LogOutputStream:75 - [STDERR_REDIRECT] Aug 08, 2026 12:49:10 PM java.util.prefs.FileSystemPreferences checkLockFile0ErrorCode
2026-08-08 12:49:10,375 [ERROR] LogOutputStream:75 - [STDERR_REDIRECT] WARNING: Could not lock System prefs. Unix error code 5.
2026-08-08 12:49:10,375 [ERROR] LogOutputStream:75 - [STDERR_REDIRECT] 
2026-08-08 12:49:10,375 [ERROR] LogOutputStream:75 - [STDERR_REDIRECT] Aug 08, 2026 12:49:10 PM java.util.prefs.FileSystemPreferences syncWorld
2026-08-08 12:49:10,375 [ERROR] LogOutputStream:75 - [STDERR_REDIRECT] WARNING: Couldn't flush system prefs: java.util.prefs.BackingStoreException: Couldn't get file lock.
2026-08-08 12:49:10,375 [ERROR] LogOutputStream:75 - [STDERR_REDIRECT] 
2026-08-08 12:49:40,402 [ERROR] LogOutputStream:75 - [STDERR_REDIRECT] Aug 08, 2026 12:49:40 PM java.util.prefs.FileSystemPreferences checkLockFile0ErrorCode
2026-08-08 12:49:40,402 [ERROR] LogOutputStream:75 - [STDERR_REDIRECT] WARNING: Could not lock System prefs. Unix error code 5.
2026-08-08 12:49:40,402 [ERROR] LogOutputStream:75 - [STDERR_REDIRECT] 
2026-08-08 12:49:40,402 [ERROR] LogOutputStream:75 - [STDERR_REDIRECT] Aug 08, 2026 12:49:40 PM java.util.prefs.FileSystemPreferences syncWorld
2026-08-08 12:49:40,402 [ERROR] LogOutputStream:75 - [STDERR_REDIRECT] WARNING: Couldn't flush system prefs: java.util.prefs.BackingStoreException: Couldn't get file lock.
2026-08-08 12:49:40,403 [ERROR] LogOutputStream:75 - [STDERR_REDIRECT] 
2026-08-08 12:50:10,376 [ERROR] LogOutputStream:75 - [STDERR_REDIRECT] Aug 08, 2026 12:50:10 PM java.util.prefs.FileSystemPreferences checkLockFile0ErrorCode
2026-08-08 12:50:10,376 [ERROR] LogOutputStream:75 - [STDERR_REDIRECT] WARNING: Could not lock System prefs. Unix error code 5.
2026-08-08 12:50:10,377 [ERROR] LogOutputStream:75 - [STDERR_REDIRECT] 
2026-08-08 12:50:10,378 [ERROR] LogOutputStream:75 - [STDERR_REDIRECT] Aug 08, 2026 12:50:10 PM java.util.prefs.FileSystemPreferences syncWorld
2026-08-08 12:50:10,379 [ERROR] LogOutputStream:75 - [STDERR_REDIRECT] WARNING: Couldn't flush system prefs: java.util.prefs.BackingStoreException: Couldn't get file lock.
2026-08-08 12:50:10,379 [ERROR] LogOutputStream:75 - [STDERR_REDIRECT] 
2026-08-08 12:50:40,399 [ERROR] LogOutputStream:75 - [STDERR_REDIRECT] Aug 08, 2026 12:50:40 PM java.util.prefs.FileSystemPreferences checkLockFile0ErrorCode
2026-08-08 12:50:40,399 [ERROR] LogOutputStream:75 - [STDERR_REDIRECT] WARNING: Could not lock System prefs. Unix error code 5.
2026-08-08 12:50:40,399 [ERROR] LogOutputStream:75 - [STDERR_REDIRECT] 
2026-08-08 12:50:40,399 [ERROR] LogOutputStream:75 - [STDERR_REDIRECT] Aug 08, 2026 12:50:40 PM java.util.prefs.FileSystemPreferences syncWorld
2026-08-08 12:50:40,399 [ERROR] LogOutputStream:75 - [STDERR_REDIRECT] WARNING: Couldn't flush system prefs: java.util.prefs.BackingStoreException: Couldn't get file lock.
2026-08-08 12:50:40,399 [ERROR] LogOutputStream:75 - [STDERR_REDIRECT] 
2026-08-08 12:51:10,378 [ERROR] LogOutputStream:75 - [STDERR_REDIRECT] Aug 08, 2026 12:51:10 PM java.util.prefs.FileSystemPreferences checkLockFile0ErrorCode
2026-08-08 12:51:10,378 [ERROR] LogOutputStream:75 - [STDERR_REDIRECT] WARNING: Could not lock System prefs. Unix error code 5.
2026-08-08 12:51:10,378 [ERROR] LogOutputStream:75 - [STDERR_REDIRECT] 
2026-08-08 12:51:10,379 [ERROR] LogOutputStream:75 - [STDERR_REDIRECT] Aug 08, 2026 12:51:10 PM java.util.prefs.FileSystemPreferences syncWorld
2026-08-08 12:51:10,379 [ERROR] LogOutputStream:75 - [STDERR_REDIRECT] WARNING: Couldn't flush system prefs: java.util.prefs.BackingStoreException: Couldn't get file lock.
2026-08-08 12:51:10,379 [ERROR] LogOutputStream:75 - [STDERR_REDIRECT] 
2026-08-08 12:51:40,379 [ERROR] LogOutputStream:75 - [STDERR_REDIRECT] Aug 08, 2026 12:51:40 PM java.util.prefs.FileSystemPreferences checkLockFile0ErrorCode
2026-08-08 12:51:40,379 [ERROR] LogOutputStream:75 - [STDERR_REDIRECT] WARNING: Could not lock System prefs. Unix error code 5.
2026-08-08 12:51:40,379 [ERROR] LogOutputStream:75 - [STDERR_REDIRECT] 
2026-08-08 12:51:40,379 [ERROR] LogOutputStream:75 - [STDERR_REDIRECT] Aug 08, 2026 12:51:40 PM java.util.prefs.FileSystemPreferences syncWorld
2026-08-08 12:51:40,380 [ERROR] LogOutputStream:75 - [STDERR_REDIRECT] WARNING: Couldn't flush system prefs: java.util.prefs.BackingStoreException: Couldn't get file lock.
2026-08-08 12:51:40,380 [ERROR] LogOutputStream:75 - [STDERR_REDIRECT] 
2026-08-08 12:52:10,380 [ERROR] LogOutputStream:75 - [STDERR_REDIRECT] Aug 08, 2026 12:52:10 PM java.util.prefs.FileSystemPreferences checkLockFile0ErrorCode
2026-08-08 12:52:10,380 [ERROR] LogOutputStream:75 - [STDERR_REDIRECT] WARNING: Could not lock System prefs. Unix error code 5.
2026-08-08 12:52:10,381 [ERROR] LogOutputStream:75 - [STDERR_REDIRECT] 
2026-08-08 12:52:10,381 [ERROR] LogOutputStream:75 - [STDERR_REDIRECT] Aug 08, 2026 12:52:10 PM java.util.prefs.FileSystemPreferences syncWorld
2026-08-08 12:52:10,381 [ERROR] LogOutputStream:75 - [STDERR_REDIRECT] WARNING: Couldn't flush system prefs: java.util.prefs.BackingStoreException: Couldn't get file lock.
2026-08-08 12:52:10,381 [ERROR] LogOutputStream:75 - [STDERR_REDIRECT] 
2026-08-08 12:52:40,383 [ERROR] LogOutputStream:75 - [STDERR_REDIRECT] Aug 08, 2026 12:52:40 PM java.util.prefs.FileSystemPreferences checkLockFile0ErrorCode
2026-08-08 12:52:40,383 [ERROR] LogOutputStream:75 - [STDERR_REDIRECT] WARNING: Could not lock System prefs. Unix error code 5.
2026-08-08 12:52:40,383 [ERROR] LogOutputStream:75 - [STDERR_REDIRECT] 
2026-08-08 12:52:40,384 [ERROR] LogOutputStream:75 - [STDERR_REDIRECT] Aug 08, 2026 12:52:40 PM java.util.prefs.FileSystemPreferences syncWorld
2026-08-08 12:52:40,384 [ERROR] LogOutputStream:75 - [STDERR_REDIRECT] WARNING: Couldn't flush system prefs: java.util.prefs.BackingStoreException: Couldn't get file lock.
2026-08-08 12:52:40,384 [ERROR] LogOutputStream:75 - [STDERR_REDIRECT] 
2026-08-08 12:53:10,403 [ERROR] LogOutputStream:75 - [STDERR_REDIRECT] Aug 08, 2026 12:53:10 PM java.util.prefs.FileSystemPreferences checkLockFile0ErrorCode
2026-08-08 12:53:10,405 [ERROR] LogOutputStream:75 - [STDERR_REDIRECT] WARNING: Could not lock System prefs. Unix error code 5.
2026-08-08 12:53:10,405 [ERROR] LogOutputStream:75 - [STDERR_REDIRECT] 
2026-08-08 12:53:10,406 [ERROR] LogOutputStream:75 - [STDERR_REDIRECT] Aug 08, 2026 12:53:10 PM java.util.prefs.FileSystemPreferences syncWorld
2026-08-08 12:53:10,406 [ERROR] LogOutputStream:75 - [STDERR_REDIRECT] WARNING: Couldn't flush system prefs: java.util.prefs.BackingStoreException: Couldn't get file lock.
2026-08-08 12:53:10,406 [ERROR] LogOutputStream:75 - [STDERR_REDIRECT] 
2026-08-08 12:53:40,382 [ERROR] LogOutputStream:75 - [STDERR_REDIRECT] Aug 08, 2026 12:53:40 PM java.util.prefs.FileSystemPreferences checkLockFile0ErrorCode
2026-08-08 12:53:40,382 [ERROR] LogOutputStream:75 - [STDERR_REDIRECT] WARNING: Could not lock System prefs. Unix error code 5.
2026-08-08 12:53:40,382 [ERROR] LogOutputStream:75 - [STDERR_REDIRECT] 
2026-08-08 12:53:40,382 [ERROR] LogOutputStream:75 - [STDERR_REDIRECT] Aug 08, 2026 12:53:40 PM java.util.prefs.FileSystemPreferences syncWorld
2026-08-08 12:53:40,382 [ERROR] LogOutputStream:75 - [STDERR_REDIRECT] WARNING: Couldn't flush system prefs: java.util.prefs.BackingStoreException: Couldn't get file lock.
2026-08-08 12:53:40,382 [ERROR] LogOutputStream:75 - [STDERR_REDIRECT] 
2026-08-08 12:54:10,395 [ERROR] LogOutputStream:75 - [STDERR_REDIRECT] Aug 08, 2026 12:54:10 PM java.util.prefs.FileSystemPreferences checkLockFile0ErrorCode
2026-08-08 12:54:10,396 [ERROR] LogOutputStream:75 - [STDERR_REDIRECT] WARNING: Could not lock System prefs. Unix error code 5.
2026-08-08 12:54:10,396 [ERROR] LogOutputStream:75 - [STDERR_REDIRECT] 
2026-08-08 12:54:10,396 [ERROR] LogOutputStream:75 - [STDERR_REDIRECT] Aug 08, 2026 12:54:10 PM java.util.prefs.FileSystemPreferences syncWorld
2026-08-08 12:54:10,396 [ERROR] LogOutputStream:75 - [STDERR_REDIRECT] WARNING: Couldn't flush system prefs: java.util.prefs.BackingStoreException: Couldn't get file lock.
2026-08-08 12:54:10,396 [ERROR] LogOutputStream:75 - [STDERR_REDIRECT] 
2026-08-08 12:54:40,388 [ERROR] LogOutputStream:75 - [STDERR_REDIRECT] Aug 08, 2026 12:54:40 PM java.util.prefs.FileSystemPreferences checkLockFile0ErrorCode
2026-08-08 12:54:40,388 [ERROR] LogOutputStream:75 - [STDERR_REDIRECT] WARNING: Could not lock System prefs. Unix error code 5.
2026-08-08 12:54:40,388 [ERROR] LogOutputStream:75 - [STDERR_REDIRECT] 
2026-08-08 12:54:40,389 [ERROR] LogOutputStream:75 - [STDERR_REDIRECT] Aug 08, 2026 12:54:40 PM java.util.prefs.FileSystemPreferences syncWorld
2026-08-08 12:54:40,389 [ERROR] LogOutputStream:75 - [STDERR_REDIRECT] WARNING: Couldn't flush system prefs: java.util.prefs.BackingStoreException: Couldn't get file lock.
2026-08-08 12:54:40,389 [ERROR] LogOutputStream:75 - [STDERR_REDIRECT] 
2026-08-08 12:55:10,382 [ERROR] LogOutputStream:75 - [STDERR_REDIRECT] Aug 08, 2026 12:55:10 PM java.util.prefs.FileSystemPreferences checkLockFile0ErrorCode
2026-08-08 12:55:10,383 [ERROR] LogOutputStream:75 - [STDERR_REDIRECT] WARNING: Could not lock System prefs. Unix error code 5.
2026-08-08 12:55:10,383 [ERROR] LogOutputStream:75 - [STDERR_REDIRECT] 
2026-08-08 12:55:10,384 [ERROR] LogOutputStream:75 - [STDERR_REDIRECT] Aug 08, 2026 12:55:10 PM java.util.prefs.FileSystemPreferences syncWorld
2026-08-08 12:55:10,384 [ERROR] LogOutputStream:75 - [STDERR_REDIRECT] WARNING: Couldn't flush system prefs: java.util.prefs.BackingStoreException: Couldn't get file lock.
2026-08-08 12:55:10,384 [ERROR] LogOutputStream:75 - [STDERR_REDIRECT] 
2026-08-08 12:55:40,382 [ERROR] LogOutputStream:75 - [STDERR_REDIRECT] Aug 08, 2026 12:55:40 PM java.util.prefs.FileSystemPreferences checkLockFile0ErrorCode
2026-08-08 12:55:40,383 [ERROR] LogOutputStream:75 - [STDERR_REDIRECT] WARNING: Could not lock System prefs. Unix error code 5.
2026-08-08 12:55:40,383 [ERROR] LogOutputStream:75 - [STDERR_REDIRECT] 
2026-08-08 12:55:40,383 [ERROR] LogOutputStream:75 - [STDERR_REDIRECT] Aug 08, 2026 12:55:40 PM java.util.prefs.FileSystemPreferences syncWorld
2026-08-08 12:55:40,383 [ERROR] LogOutputStream:75 - [STDERR_REDIRECT] WARNING: Couldn't flush system prefs: java.util.prefs.BackingStoreException: Couldn't get file lock.
2026-08-08 12:55:40,383 [ERROR] LogOutputStream:75 - [STDERR_REDIRECT] 
2026-08-08 12:56:10,384 [ERROR] LogOutputStream:75 - [STDERR_REDIRECT] Aug 08, 2026 12:56:10 PM java.util.prefs.FileSystemPreferences checkLockFile0ErrorCode
2026-08-08 12:56:10,384 [ERROR] LogOutputStream:75 - [STDERR_REDIRECT] WARNING: Could not lock System prefs. Unix error code 5.
2026-08-08 12:56:10,384 [ERROR] LogOutputStream:75 - [STDERR_REDIRECT] 
2026-08-08 12:56:10,384 [ERROR] LogOutputStream:75 - [STDERR_REDIRECT] Aug 08, 2026 12:56:10 PM java.util.prefs.FileSystemPreferences syncWorld
2026-08-08 12:56:10,384 [ERROR] LogOutputStream:75 - [STDERR_REDIRECT] WARNING: Couldn't flush system prefs: java.util.prefs.BackingStoreException: Couldn't get file lock.
2026-08-08 12:56:10,384 [ERROR] LogOutputStream:75 - [STDERR_REDIRECT] 
2026-08-08 12:56:40,383 [ERROR] LogOutputStream:75 - [STDERR_REDIRECT] Aug 08, 2026 12:56:40 PM java.util.prefs.FileSystemPreferences checkLockFile0ErrorCode
2026-08-08 12:56:40,383 [ERROR] LogOutputStream:75 - [STDERR_REDIRECT] WARNING: Could not lock System prefs. Unix error code 5.
2026-08-08 12:56:40,383 [ERROR] LogOutputStream:75 - [STDERR_REDIRECT] 
2026-08-08 12:56:40,383 [ERROR] LogOutputStream:75 - [STDERR_REDIRECT] Aug 08, 2026 12:56:40 PM java.util.prefs.FileSystemPreferences syncWorld
2026-08-08 12:56:40,384 [ERROR] LogOutputStream:75 - [STDERR_REDIRECT] WARNING: Couldn't flush system prefs: java.util.prefs.BackingStoreException: Couldn't get file lock.
2026-08-08 12:56:40,384 [ERROR] LogOutputStream:75 - [STDERR_REDIRECT] 
2026-08-08 12:57:10,383 [ERROR] LogOutputStream:75 - [STDERR_REDIRECT] Aug 08, 2026 12:57:10 PM java.util.prefs.FileSystemPreferences checkLockFile0ErrorCode
2026-08-08 12:57:10,383 [ERROR] LogOutputStream:75 - [STDERR_REDIRECT] WARNING: Could not lock System prefs. Unix error code 5.
2026-08-08 12:57:10,383 [ERROR] LogOutputStream:75 - [STDERR_REDIRECT] 
2026-08-08 12:57:10,383 [ERROR] LogOutputStream:75 - [STDERR_REDIRECT] Aug 08, 2026 12:57:10 PM java.util.prefs.FileSystemPreferences syncWorld
2026-08-08 12:57:10,383 [ERROR] LogOutputStream:75 - [STDERR_REDIRECT] WARNING: Couldn't flush system prefs: java.util.prefs.BackingStoreException: Couldn't get file lock.
2026-08-08 12:57:10,383 [ERROR] LogOutputStream:75 - [STDERR_REDIRECT] 
2026-08-08 12:57:40,383 [ERROR] LogOutputStream:75 - [STDERR_REDIRECT] Aug 08, 2026 12:57:40 PM java.util.prefs.FileSystemPreferences checkLockFile0ErrorCode
2026-08-08 12:57:40,383 [ERROR] LogOutputStream:75 - [STDERR_REDIRECT] WARNING: Could not lock System prefs. Unix error code 5.
2026-08-08 12:57:40,383 [ERROR] LogOutputStream:75 - [STDERR_REDIRECT] 
2026-08-08 12:57:40,384 [ERROR] LogOutputStream:75 - [STDERR_REDIRECT] Aug 08, 2026 12:57:40 PM java.util.prefs.FileSystemPreferences syncWorld
2026-08-08 12:57:40,384 [ERROR] LogOutputStream:75 - [STDERR_REDIRECT] WARNING: Couldn't flush system prefs: java.util.prefs.BackingStoreException: Couldn't get file lock.
2026-08-08 12:57:40,384 [ERROR] LogOutputStream:75 - [STDERR_REDIRECT] 
2026-08-08 12:58:10,382 [ERROR] LogOutputStream:75 - [STDERR_REDIRECT] Aug 08, 2026 12:58:10 PM java.util.prefs.FileSystemPreferences checkLockFile0ErrorCode
2026-08-08 12:58:10,383 [ERROR] LogOutputStream:75 - [STDERR_REDIRECT] WARNING: Could not lock System prefs. Unix error code 5.
2026-08-08 12:58:10,383 [ERROR] LogOutputStream:75 - [STDERR_REDIRECT] 
2026-08-08 12:58:10,383 [ERROR] LogOutputStream:75 - [STDERR_REDIRECT] Aug 08, 2026 12:58:10 PM java.util.prefs.FileSystemPreferences syncWorld
2026-08-08 12:58:10,383 [ERROR] LogOutputStream:75 - [STDERR_REDIRECT] WARNING: Couldn't flush system prefs: java.util.prefs.BackingStoreException: Couldn't get file lock.
2026-08-08 12:58:10,383 [ERROR] LogOutputStream:75 - [STDERR_REDIRECT] 
2026-08-08 12:58:40,383 [ERROR] LogOutputStream:75 - [STDERR_REDIRECT] Aug 08, 2026 12:58:40 PM java.util.prefs.FileSystemPreferences checkLockFile0ErrorCode
2026-08-08 12:58:40,383 [ERROR] LogOutputStream:75 - [STDERR_REDIRECT] WARNING: Could not lock System prefs. Unix error code 5.
2026-08-08 12:58:40,383 [ERROR] LogOutputStream:75 - [STDERR_REDIRECT] 
2026-08-08 12:58:40,383 [ERROR] LogOutputStream:75 - [STDERR_REDIRECT] Aug 08, 2026 12:58:40 PM java.util.prefs.FileSystemPreferences syncWorld
2026-08-08 12:58:40,383 [ERROR] LogOutputStream:75 - [STDERR_REDIRECT] WARNING: Couldn't flush system prefs: java.util.prefs.BackingStoreException: Couldn't get file lock.
2026-08-08 12:58:40,383 [ERROR] LogOutputStream:75 - [STDERR_REDIRECT] 
2026-08-08 12:59:10,384 [ERROR] LogOutputStream:75 - [STDERR_REDIRECT] Aug 08, 2026 12:59:10 PM java.util.prefs.FileSystemPreferences checkLockFile0ErrorCode
2026-08-08 12:59:10,384 [ERROR] LogOutputStream:75 - [STDERR_REDIRECT] WARNING: Could not lock System prefs. Unix error code 5.
2026-08-08 12:59:10,384 [ERROR] LogOutputStream:75 - [STDERR_REDIRECT] 
2026-08-08 12:59:10,384 [ERROR] LogOutputStream:75 - [STDERR_REDIRECT] Aug 08, 2026 12:59:10 PM java.util.prefs.FileSystemPreferences syncWorld
2026-08-08 12:59:10,384 [ERROR] LogOutputStream:75 - [STDERR_REDIRECT] WARNING: Couldn't flush system prefs: java.util.prefs.BackingStoreException: Couldn't get file lock.
2026-08-08 12:59:10,384 [ERROR] LogOutputStream:75 - [STDERR_REDIRECT] 
2026-08-08 12:59:40,383 [ERROR] LogOutputStream:75 - [STDERR_REDIRECT] Aug 08, 2026 12:59:40 PM java.util.prefs.FileSystemPreferences checkLockFile0ErrorCode
2026-08-08 12:59:40,383 [ERROR] LogOutputStream:75 - [STDERR_REDIRECT] WARNING: Could not lock System prefs. Unix error code 5.
2026-08-08 12:59:40,384 [ERROR] LogOutputStream:75 - [STDERR_REDIRECT] 
2026-08-08 12:59:40,384 [ERROR] LogOutputStream:75 - [STDERR_REDIRECT] Aug 08, 2026 12:59:40 PM java.util.prefs.FileSystemPreferences syncWorld
2026-08-08 12:59:40,384 [ERROR] LogOutputStream:75 - [STDERR_REDIRECT] WARNING: Couldn't flush system prefs: java.util.prefs.BackingStoreException: Couldn't get file lock.
2026-08-08 12:59:40,384 [ERROR] LogOutputStream:75 - [STDERR_REDIRECT] 
2026-08-08 13:00:10,383 [ERROR] LogOutputStream:75 - [STDERR_REDIRECT] Aug 08, 2026 1:00:10 PM java.util.prefs.FileSystemPreferences checkLockFile0ErrorCode
2026-08-08 13:00:10,383 [ERROR] LogOutputStream:75 - [STDERR_REDIRECT] WARNING: Could not lock System prefs. Unix error code 5.
2026-08-08 13:00:10,383 [ERROR] LogOutputStream:75 - [STDERR_REDIRECT] 
2026-08-08 13:00:10,383 [ERROR] LogOutputStream:75 - [STDERR_REDIRECT] Aug 08, 2026 1:00:10 PM java.util.prefs.FileSystemPreferences syncWorld
2026-08-08 13:00:10,383 [ERROR] LogOutputStream:75 - [STDERR_REDIRECT] WARNING: Couldn't flush system prefs: java.util.prefs.BackingStoreException: Couldn't get file lock.
2026-08-08 13:00:10,383 [ERROR] LogOutputStream:75 - [STDERR_REDIRECT] 
2026-08-08 13:00:40,384 [ERROR] LogOutputStream:75 - [STDERR_REDIRECT] Aug 08, 2026 1:00:40 PM java.util.prefs.FileSystemPreferences checkLockFile0ErrorCode
2026-08-08 13:00:40,384 [ERROR] LogOutputStream:75 - [STDERR_REDIRECT] WARNING: Could not lock System prefs. Unix error code 5.
2026-08-08 13:00:40,384 [ERROR] LogOutputStream:75 - [STDERR_REDIRECT] 
2026-08-08 13:00:40,384 [ERROR] LogOutputStream:75 - [STDERR_REDIRECT] Aug 08, 2026 1:00:40 PM java.util.prefs.FileSystemPreferences syncWorld
2026-08-08 13:00:40,384 [ERROR] LogOutputStream:75 - [STDERR_REDIRECT] WARNING: Couldn't flush system prefs: java.util.prefs.BackingStoreException: Couldn't get file lock.
2026-08-08 13:00:40,384 [ERROR] LogOutputStream:75 - [STDERR_REDIRECT] 
2026-08-08 13:01:10,385 [ERROR] LogOutputStream:75 - [STDERR_REDIRECT] Aug 08, 2026 1:01:10 PM java.util.prefs.FileSystemPreferences checkLockFile0ErrorCode
2026-08-08 13:01:10,385 [ERROR] LogOutputStream:75 - [STDERR_REDIRECT] WARNING: Could not lock System prefs. Unix error code 5.
2026-08-08 13:01:10,385 [ERROR] LogOutputStream:75 - [STDERR_REDIRECT] 
2026-08-08 13:01:10,385 [ERROR] LogOutputStream:75 - [STDERR_REDIRECT] Aug 08, 2026 1:01:10 PM java.util.prefs.FileSystemPreferences syncWorld
2026-08-08 13:01:10,385 [ERROR] LogOutputStream:75 - [STDERR_REDIRECT] WARNING: Couldn't flush system prefs: java.util.prefs.BackingStoreException: Couldn't get file lock.
2026-08-08 13:01:10,385 [ERROR] LogOutputStream:75 - [STDERR_REDIRECT] 
2026-08-08 13:01:40,384 [ERROR] LogOutputStream:75 - [STDERR_REDIRECT] Aug 08, 2026 1:01:40 PM java.util.prefs.FileSystemPreferences checkLockFile0ErrorCode
2026-08-08 13:01:40,385 [ERROR] LogOutputStream:75 - [STDERR_REDIRECT] WARNING: Could not lock System prefs. Unix error code 5.
2026-08-08 13:01:40,385 [ERROR] LogOutputStream:75 - [STDERR_REDIRECT] 
2026-08-08 13:01:40,385 [ERROR] LogOutputStream:75 - [STDERR_REDIRECT] Aug 08, 2026 1:01:40 PM java.util.prefs.FileSystemPreferences syncWorld
2026-08-08 13:01:40,385 [ERROR] LogOutputStream:75 - [STDERR_REDIRECT] WARNING: Couldn't flush system prefs: java.util.prefs.BackingStoreException: Couldn't get file lock.
2026-08-08 13:01:40,385 [ERROR] LogOutputStream:75 - [STDERR_REDIRECT] 
2026-08-08 13:02:10,384 [ERROR] LogOutputStream:75 - [STDERR_REDIRECT] Aug 08, 2026 1:02:10 PM java.util.prefs.FileSystemPreferences checkLockFile0ErrorCode
2026-08-08 13:02:10,384 [ERROR] LogOutputStream:75 - [STDERR_REDIRECT] WARNING: Could not lock System prefs. Unix error code 5.
2026-08-08 13:02:10,384 [ERROR] LogOutputStream:75 - [STDERR_REDIRECT] 
2026-08-08 13:02:10,385 [ERROR] LogOutputStream:75 - [STDERR_REDIRECT] Aug 08, 2026 1:02:10 PM java.util.prefs.FileSystemPreferences syncWorld
2026-08-08 13:02:10,385 [ERROR] LogOutputStream:75 - [STDERR_REDIRECT] WARNING: Couldn't flush system prefs: java.util.prefs.BackingStoreException: Couldn't get file lock.
2026-08-08 13:02:10,385 [ERROR] LogOutputStream:75 - [STDERR_REDIRECT] 
2026-08-08 13:02:40,384 [ERROR] LogOutputStream:75 - [STDERR_REDIRECT] Aug 08, 2026 1:02:40 PM java.util.prefs.FileSystemPreferences checkLockFile0ErrorCode
2026-08-08 13:02:40,384 [ERROR] LogOutputStream:75 - [STDERR_REDIRECT] WARNING: Could not lock System prefs. Unix error code 5.
2026-08-08 13:02:40,384 [ERROR] LogOutputStream:75 - [STDERR_REDIRECT] 
2026-08-08 13:02:40,384 [ERROR] LogOutputStream:75 - [STDERR_REDIRECT] Aug 08, 2026 1:02:40 PM java.util.prefs.FileSystemPreferences syncWorld
2026-08-08 13:02:40,384 [ERROR] LogOutputStream:75 - [STDERR_REDIRECT] WARNING: Couldn't flush system prefs: java.util.prefs.BackingStoreException: Couldn't get file lock.
2026-08-08 13:02:40,384 [ERROR] LogOutputStream:75 - [STDERR_REDIRECT] 
2026-08-08 13:03:10,384 [ERROR] LogOutputStream:75 - [STDERR_REDIRECT] Aug 08, 2026 1:03:10 PM java.util.prefs.FileSystemPreferences checkLockFile0ErrorCode
2026-08-08 13:03:10,385 [ERROR] LogOutputStream:75 - [STDERR_REDIRECT] WARNING: Could not lock System prefs. Unix error code 5.
2026-08-08 13:03:10,385 [ERROR] LogOutputStream:75 - [STDERR_REDIRECT] 
2026-08-08 13:03:10,385 [ERROR] LogOutputStream:75 - [STDERR_REDIRECT] Aug 08, 2026 1:03:10 PM java.util.prefs.FileSystemPreferences syncWorld
2026-08-08 13:03:10,385 [ERROR] LogOutputStream:75 - [STDERR_REDIRECT] WARNING: Couldn't flush system prefs: java.util.prefs.BackingStoreException: Couldn't get file lock.
2026-08-08 13:03:10,385 [ERROR] LogOutputStream:75 - [STDERR_REDIRECT] 
2026-08-08 13:03:40,386 [ERROR] LogOutputStream:75 - [STDERR_REDIRECT] Aug 08, 2026 1:03:40 PM java.util.prefs.FileSystemPreferences checkLockFile0ErrorCode
2026-08-08 13:03:40,386 [ERROR] LogOutputStream:75 - [STDERR_REDIRECT] WARNING: Could not lock System prefs. Unix error code 5.
2026-08-08 13:03:40,386 [ERROR] LogOutputStream:75 - [STDERR_REDIRECT] 
2026-08-08 13:03:40,386 [ERROR] LogOutputStream:75 - [STDERR_REDIRECT] Aug 08, 2026 1:03:40 PM java.util.prefs.FileSystemPreferences syncWorld
2026-08-08 13:03:40,386 [ERROR] LogOutputStream:75 - [STDERR_REDIRECT] WARNING: Couldn't flush system prefs: java.util.prefs.BackingStoreException: Couldn't get file lock.
2026-08-08 13:03:40,386 [ERROR] LogOutputStream:75 - [STDERR_REDIRECT] 
2026-08-08 13:04:10,385 [ERROR] LogOutputStream:75 - [STDERR_REDIRECT] Aug 08, 2026 1:04:10 PM java.util.prefs.FileSystemPreferences checkLockFile0ErrorCode
2026-08-08 13:04:10,385 [ERROR] LogOutputStream:75 - [STDERR_REDIRECT] WARNING: Could not lock System prefs. Unix error code 5.
2026-08-08 13:04:10,385 [ERROR] LogOutputStream:75 - [STDERR_REDIRECT] 
2026-08-08 13:04:10,386 [ERROR] LogOutputStream:75 - [STDERR_REDIRECT] Aug 08, 2026 1:04:10 PM java.util.prefs.FileSystemPreferences syncWorld
2026-08-08 13:04:10,386 [ERROR] LogOutputStream:75 - [STDERR_REDIRECT] WARNING: Couldn't flush system prefs: java.util.prefs.BackingStoreException: Couldn't get file lock.
2026-08-08 13:04:10,386 [ERROR] LogOutputStream:75 - [STDERR_REDIRECT] 
2026-08-08 13:04:40,385 [ERROR] LogOutputStream:75 - [STDERR_REDIRECT] Aug 08, 2026 1:04:40 PM java.util.prefs.FileSystemPreferences checkLockFile0ErrorCode
2026-08-08 13:04:40,385 [ERROR] LogOutputStream:75 - [STDERR_REDIRECT] WARNING: Could not lock System prefs. Unix error code 5.
2026-08-08 13:04:40,385 [ERROR] LogOutputStream:75 - [STDERR_REDIRECT] 
2026-08-08 13:04:40,386 [ERROR] LogOutputStream:75 - [STDERR_REDIRECT] Aug 08, 2026 1:04:40 PM java.util.prefs.FileSystemPreferences syncWorld
2026-08-08 13:04:40,386 [ERROR] LogOutputStream:75 - [STDERR_REDIRECT] WARNING: Couldn't flush system prefs: java.util.prefs.BackingStoreException: Couldn't get file lock.
2026-08-08 13:04:40,386 [ERROR] LogOutputStream:75 - [STDERR_REDIRECT] 
2026-08-08 13:05:10,385 [ERROR] LogOutputStream:75 - [STDERR_REDIRECT] Aug 08, 2026 1:05:10 PM java.util.prefs.FileSystemPreferences checkLockFile0ErrorCode
2026-08-08 13:05:10,385 [ERROR] LogOutputStream:75 - [STDERR_REDIRECT] WARNING: Could not lock System prefs. Unix error code 5.
2026-08-08 13:05:10,385 [ERROR] LogOutputStream:75 - [STDERR_REDIRECT] 
2026-08-08 13:05:10,385 [ERROR] LogOutputStream:75 - [STDERR_REDIRECT] Aug 08, 2026 1:05:10 PM java.util.prefs.FileSystemPreferences syncWorld
2026-08-08 13:05:10,386 [ERROR] LogOutputStream:75 - [STDERR_REDIRECT] WARNING: Couldn't flush system prefs: java.util.prefs.BackingStoreException: Couldn't get file lock.
2026-08-08 13:05:10,386 [ERROR] LogOutputStream:75 - [STDERR_REDIRECT] 
2026-08-08 13:05:40,385 [ERROR] LogOutputStream:75 - [STDERR_REDIRECT] Aug 08, 2026 1:05:40 PM java.util.prefs.FileSystemPreferences checkLockFile0ErrorCode
2026-08-08 13:05:40,385 [ERROR] LogOutputStream:75 - [STDERR_REDIRECT] WARNING: Could not lock System prefs. Unix error code 5.
2026-08-08 13:05:40,385 [ERROR] LogOutputStream:75 - [STDERR_REDIRECT] 
2026-08-08 13:05:40,385 [ERROR] LogOutputStream:75 - [STDERR_REDIRECT] Aug 08, 2026 1:05:40 PM java.util.prefs.FileSystemPreferences syncWorld
2026-08-08 13:05:40,385 [ERROR] LogOutputStream:75 - [STDERR_REDIRECT] WARNING: Couldn't flush system prefs: java.util.prefs.BackingStoreException: Couldn't get file lock.
2026-08-08 13:05:40,385 [ERROR] LogOutputStream:75 - [STDERR_REDIRECT] 
2026-08-08 13:06:10,385 [ERROR] LogOutputStream:75 - [STDERR_REDIRECT] Aug 08, 2026 1:06:10 PM java.util.prefs.FileSystemPreferences checkLockFile0ErrorCode
2026-08-08 13:06:10,385 [ERROR] LogOutputStream:75 - [STDERR_REDIRECT] WARNING: Could not lock System prefs. Unix error code 5.
2026-08-08 13:06:10,385 [ERROR] LogOutputStream:75 - [STDERR_REDIRECT] 
2026-08-08 13:06:10,386 [ERROR] LogOutputStream:75 - [STDERR_REDIRECT] Aug 08, 2026 1:06:10 PM java.util.prefs.FileSystemPreferences syncWorld
2026-08-08 13:06:10,386 [ERROR] LogOutputStream:75 - [STDERR_REDIRECT] WARNING: Couldn't flush system prefs: java.util.prefs.BackingStoreException: Couldn't get file lock.
2026-08-08 13:06:10,386 [ERROR] LogOutputStream:75 - [STDERR_REDIRECT] 
2026-08-08 13:06:40,386 [ERROR] LogOutputStream:75 - [STDERR_REDIRECT] Aug 08, 2026 1:06:40 PM java.util.prefs.FileSystemPreferences checkLockFile0ErrorCode
2026-08-08 13:06:40,386 [ERROR] LogOutputStream:75 - [STDERR_REDIRECT] WARNING: Could not lock System prefs. Unix error code 5.
2026-08-08 13:06:40,386 [ERROR] LogOutputStream:75 - [STDERR_REDIRECT] 
2026-08-08 13:06:40,387 [ERROR] LogOutputStream:75 - [STDERR_REDIRECT] Aug 08, 2026 1:06:40 PM java.util.prefs.FileSystemPreferences syncWorld
2026-08-08 13:06:40,387 [ERROR] LogOutputStream:75 - [STDERR_REDIRECT] WARNING: Couldn't flush system prefs: java.util.prefs.BackingStoreException: Couldn't get file lock.
2026-08-08 13:06:40,387 [ERROR] LogOutputStream:75 - [STDERR_REDIRECT] 
2026-08-08 13:07:10,387 [ERROR] LogOutputStream:75 - [STDERR_REDIRECT] Aug 08, 2026 1:07:10 PM java.util.prefs.FileSystemPreferences checkLockFile0ErrorCode
2026-08-08 13:07:10,388 [ERROR] LogOutputStream:75 - [STDERR_REDIRECT] WARNING: Could not lock System prefs. Unix error code 5.
2026-08-08 13:07:10,388 [ERROR] LogOutputStream:75 - [STDERR_REDIRECT] 
2026-08-08 13:07:10,388 [ERROR] LogOutputStream:75 - [STDERR_REDIRECT] Aug 08, 2026 1:07:10 PM java.util.prefs.FileSystemPreferences syncWorld
2026-08-08 13:07:10,388 [ERROR] LogOutputStream:75 - [STDERR_REDIRECT] WARNING: Couldn't flush system prefs: java.util.prefs.BackingStoreException: Couldn't get file lock.
2026-08-08 13:07:10,388 [ERROR] LogOutputStream:75 - [STDERR_REDIRECT] 
2026-08-08 13:07:40,387 [ERROR] LogOutputStream:75 - [STDERR_REDIRECT] Aug 08, 2026 1:07:40 PM java.util.prefs.FileSystemPreferences checkLockFile0ErrorCode
2026-08-08 13:07:40,387 [ERROR] LogOutputStream:75 - [STDERR_REDIRECT] WARNING: Could not lock System prefs. Unix error code 5.
2026-08-08 13:07:40,387 [ERROR] LogOutputStream:75 - [STDERR_REDIRECT] 
2026-08-08 13:07:40,388 [ERROR] LogOutputStream:75 - [STDERR_REDIRECT] Aug 08, 2026 1:07:40 PM java.util.prefs.FileSystemPreferences syncWorld
2026-08-08 13:07:40,388 [ERROR] LogOutputStream:75 - [STDERR_REDIRECT] WARNING: Couldn't flush system prefs: java.util.prefs.BackingStoreException: Couldn't get file lock.
2026-08-08 13:07:40,388 [ERROR] LogOutputStream:75 - [STDERR_REDIRECT] 
2026-08-08 13:08:10,386 [ERROR] LogOutputStream:75 - [STDERR_REDIRECT] Aug 08, 2026 1:08:10 PM java.util.prefs.FileSystemPreferences checkLockFile0ErrorCode
2026-08-08 13:08:10,387 [ERROR] LogOutputStream:75 - [STDERR_REDIRECT] WARNING: Could not lock System prefs. Unix error code 5.
2026-08-08 13:08:10,387 [ERROR] LogOutputStream:75 - [STDERR_REDIRECT] 
2026-08-08 13:08:10,387 [ERROR] LogOutputStream:75 - [STDERR_REDIRECT] Aug 08, 2026 1:08:10 PM java.util.prefs.FileSystemPreferences syncWorld
2026-08-08 13:08:10,387 [ERROR] LogOutputStream:75 - [STDERR_REDIRECT] WARNING: Couldn't flush system prefs: java.util.prefs.BackingStoreException: Couldn't get file lock.
2026-08-08 13:08:10,387 [ERROR] LogOutputStream:75 - [STDERR_REDIRECT] 
2026-08-08 13:08:40,387 [ERROR] LogOutputStream:75 - [STDERR_REDIRECT] Aug 08, 2026 1:08:40 PM java.util.prefs.FileSystemPreferences checkLockFile0ErrorCode
2026-08-08 13:08:40,388 [ERROR] LogOutputStream:75 - [STDERR_REDIRECT] WARNING: Could not lock System prefs. Unix error code 5.
2026-08-08 13:08:40,388 [ERROR] LogOutputStream:75 - [STDERR_REDIRECT] 
2026-08-08 13:08:40,388 [ERROR] LogOutputStream:75 - [STDERR_REDIRECT] Aug 08, 2026 1:08:40 PM java.util.prefs.FileSystemPreferences syncWorld
2026-08-08 13:08:40,388 [ERROR] LogOutputStream:75 - [STDERR_REDIRECT] WARNING: Couldn't flush system prefs: java.util.prefs.BackingStoreException: Couldn't get file lock.
2026-08-08 13:08:40,388 [ERROR] LogOutputStream:75 - [STDERR_REDIRECT] 
2026-08-08 13:09:10,387 [ERROR] LogOutputStream:75 - [STDERR_REDIRECT] Aug 08, 2026 1:09:10 PM java.util.prefs.FileSystemPreferences checkLockFile0ErrorCode
2026-08-08 13:09:10,387 [ERROR] LogOutputStream:75 - [STDERR_REDIRECT] WARNING: Could not lock System prefs. Unix error code 5.
2026-08-08 13:09:10,387 [ERROR] LogOutputStream:75 - [STDERR_REDIRECT] 
2026-08-08 13:09:10,388 [ERROR] LogOutputStream:75 - [STDERR_REDIRECT] Aug 08, 2026 1:09:10 PM java.util.prefs.FileSystemPreferences syncWorld
2026-08-08 13:09:10,388 [ERROR] LogOutputStream:75 - [STDERR_REDIRECT] WARNING: Couldn't flush system prefs: java.util.prefs.BackingStoreException: Couldn't get file lock.
2026-08-08 13:09:10,388 [ERROR] LogOutputStream:75 - [STDERR_REDIRECT] 
2026-08-08 13:09:40,387 [ERROR] LogOutputStream:75 - [STDERR_REDIRECT] Aug 08, 2026 1:09:40 PM java.util.prefs.FileSystemPreferences checkLockFile0ErrorCode
2026-08-08 13:09:40,387 [ERROR] LogOutputStream:75 - [STDERR_REDIRECT] WARNING: Could not lock System prefs. Unix error code 5.
2026-08-08 13:09:40,387 [ERROR] LogOutputStream:75 - [STDERR_REDIRECT] 
2026-08-08 13:09:40,387 [ERROR] LogOutputStream:75 - [STDERR_REDIRECT] Aug 08, 2026 1:09:40 PM java.util.prefs.FileSystemPreferences syncWorld
2026-08-08 13:09:40,387 [ERROR] LogOutputStream:75 - [STDERR_REDIRECT] WARNING: Couldn't flush system prefs: java.util.prefs.BackingStoreException: Couldn't get file lock.
2026-08-08 13:09:40,387 [ERROR] LogOutputStream:75 - [STDERR_REDIRECT] 
2026-08-08 13:10:10,388 [ERROR] LogOutputStream:75 - [STDERR_REDIRECT] Aug 08, 2026 1:10:10 PM java.util.prefs.FileSystemPreferences checkLockFile0ErrorCode
2026-08-08 13:10:10,388 [ERROR] LogOutputStream:75 - [STDERR_REDIRECT] WARNING: Could not lock System prefs. Unix error code 5.
2026-08-08 13:10:10,388 [ERROR] LogOutputStream:75 - [STDERR_REDIRECT] 
2026-08-08 13:10:10,389 [ERROR] LogOutputStream:75 - [STDERR_REDIRECT] Aug 08, 2026 1:10:10 PM java.util.prefs.FileSystemPreferences syncWorld
2026-08-08 13:10:10,389 [ERROR] LogOutputStream:75 - [STDERR_REDIRECT] WARNING: Couldn't flush system prefs: java.util.prefs.BackingStoreException: Couldn't get file lock.
2026-08-08 13:10:10,389 [ERROR] LogOutputStream:75 - [STDERR_REDIRECT] 
2026-08-08 13:10:40,387 [ERROR] LogOutputStream:75 - [STDERR_REDIRECT] Aug 08, 2026 1:10:40 PM java.util.prefs.FileSystemPreferences checkLockFile0ErrorCode
2026-08-08 13:10:40,387 [ERROR] LogOutputStream:75 - [STDERR_REDIRECT] WARNING: Could not lock System prefs. Unix error code 5.
2026-08-08 13:10:40,387 [ERROR] LogOutputStream:75 - [STDERR_REDIRECT] 
2026-08-08 13:10:40,388 [ERROR] LogOutputStream:75 - [STDERR_REDIRECT] Aug 08, 2026 1:10:40 PM java.util.prefs.FileSystemPreferences syncWorld
2026-08-08 13:10:40,388 [ERROR] LogOutputStream:75 - [STDERR_REDIRECT] WARNING: Couldn't flush system prefs: java.util.prefs.BackingStoreException: Couldn't get file lock.
2026-08-08 13:10:40,388 [ERROR] LogOutputStream:75 - [STDERR_REDIRECT] 
2026-08-08 13:11:10,387 [ERROR] LogOutputStream:75 - [STDERR_REDIRECT] Aug 08, 2026 1:11:10 PM java.util.prefs.FileSystemPreferences checkLockFile0ErrorCode
2026-08-08 13:11:10,388 [ERROR] LogOutputStream:75 - [STDERR_REDIRECT] WARNING: Could not lock System prefs. Unix error code 5.
2026-08-08 13:11:10,388 [ERROR] LogOutputStream:75 - [STDERR_REDIRECT] 
2026-08-08 13:11:10,388 [ERROR] LogOutputStream:75 - [STDERR_REDIRECT] Aug 08, 2026 1:11:10 PM java.util.prefs.FileSystemPreferences syncWorld
2026-08-08 13:11:10,388 [ERROR] LogOutputStream:75 - [STDERR_REDIRECT] WARNING: Couldn't flush system prefs: java.util.prefs.BackingStoreException: Couldn't get file lock.
2026-08-08 13:11:10,388 [ERROR] LogOutputStream:75 - [STDERR_REDIRECT] 
2026-08-08 13:11:40,387 [ERROR] LogOutputStream:75 - [STDERR_REDIRECT] Aug 08, 2026 1:11:40 PM java.util.prefs.FileSystemPreferences checkLockFile0ErrorCode
2026-08-08 13:11:40,387 [ERROR] LogOutputStream:75 - [STDERR_REDIRECT] WARNING: Could not lock System prefs. Unix error code 5.
2026-08-08 13:11:40,387 [ERROR] LogOutputStream:75 - [STDERR_REDIRECT] 
2026-08-08 13:11:40,388 [ERROR] LogOutputStream:75 - [STDERR_REDIRECT] Aug 08, 2026 1:11:40 PM java.util.prefs.FileSystemPreferences syncWorld
2026-08-08 13:11:40,388 [ERROR] LogOutputStream:75 - [STDERR_REDIRECT] WARNING: Couldn't flush system prefs: java.util.prefs.BackingStoreException: Couldn't get file lock.
2026-08-08 13:11:40,388 [ERROR] LogOutputStream:75 - [STDERR_REDIRECT] 
2026-08-08 13:12:10,387 [ERROR] LogOutputStream:75 - [STDERR_REDIRECT] Aug 08, 2026 1:12:10 PM java.util.prefs.FileSystemPreferences checkLockFile0ErrorCode
2026-08-08 13:12:10,387 [ERROR] LogOutputStream:75 - [STDERR_REDIRECT] WARNING: Could not lock System prefs. Unix error code 5.
2026-08-08 13:12:10,387 [ERROR] LogOutputStream:75 - [STDERR_REDIRECT] 
2026-08-08 13:12:10,388 [ERROR] LogOutputStream:75 - [STDERR_REDIRECT] Aug 08, 2026 1:12:10 PM java.util.prefs.FileSystemPreferences syncWorld
2026-08-08 13:12:10,388 [ERROR] LogOutputStream:75 - [STDERR_REDIRECT] WARNING: Couldn't flush system prefs: java.util.prefs.BackingStoreException: Couldn't get file lock.
2026-08-08 13:12:10,388 [ERROR] LogOutputStream:75 - [STDERR_REDIRECT] 
2026-08-08 13:12:40,386 [ERROR] LogOutputStream:75 - [STDERR_REDIRECT] Aug 08, 2026 1:12:40 PM java.util.prefs.FileSystemPreferences checkLockFile0ErrorCode
2026-08-08 13:12:40,387 [ERROR] LogOutputStream:75 - [STDERR_REDIRECT] WARNING: Could not lock System prefs. Unix error code 5.
2026-08-08 13:12:40,387 [ERROR] LogOutputStream:75 - [STDERR_REDIRECT] 
2026-08-08 13:12:40,387 [ERROR] LogOutputStream:75 - [STDERR_REDIRECT] Aug 08, 2026 1:12:40 PM java.util.prefs.FileSystemPreferences syncWorld
2026-08-08 13:12:40,387 [ERROR] LogOutputStream:75 - [STDERR_REDIRECT] WARNING: Couldn't flush system prefs: java.util.prefs.BackingStoreException: Couldn't get file lock.
2026-08-08 13:12:40,387 [ERROR] LogOutputStream:75 - [STDERR_REDIRECT] 
2026-08-08 13:13:10,387 [ERROR] LogOutputStream:75 - [STDERR_REDIRECT] Aug 08, 2026 1:13:10 PM java.util.prefs.FileSystemPreferences checkLockFile0ErrorCode
2026-08-08 13:13:10,387 [ERROR] LogOutputStream:75 - [STDERR_REDIRECT] WARNING: Could not lock System prefs. Unix error code 5.
2026-08-08 13:13:10,387 [ERROR] LogOutputStream:75 - [STDERR_REDIRECT] 
2026-08-08 13:13:10,388 [ERROR] LogOutputStream:75 - [STDERR_REDIRECT] Aug 08, 2026 1:13:10 PM java.util.prefs.FileSystemPreferences syncWorld
2026-08-08 13:13:10,388 [ERROR] LogOutputStream:75 - [STDERR_REDIRECT] WARNING: Couldn't flush system prefs: java.util.prefs.BackingStoreException: Couldn't get file lock.
2026-08-08 13:13:10,388 [ERROR] LogOutputStream:75 - [STDERR_REDIRECT] 
2026-08-08 13:13:40,387 [ERROR] LogOutputStream:75 - [STDERR_REDIRECT] Aug 08, 2026 1:13:40 PM java.util.prefs.FileSystemPreferences checkLockFile0ErrorCode
2026-08-08 13:13:40,387 [ERROR] LogOutputStream:75 - [STDERR_REDIRECT] WARNING: Could not lock System prefs. Unix error code 5.
2026-08-08 13:13:40,387 [ERROR] LogOutputStream:75 - [STDERR_REDIRECT] 
2026-08-08 13:13:40,387 [ERROR] LogOutputStream:75 - [STDERR_REDIRECT] Aug 08, 2026 1:13:40 PM java.util.prefs.FileSystemPreferences syncWorld
2026-08-08 13:13:40,387 [ERROR] LogOutputStream:75 - [STDERR_REDIRECT] WARNING: Couldn't flush system prefs: java.util.prefs.BackingStoreException: Couldn't get file lock.
2026-08-08 13:13:40,387 [ERROR] LogOutputStream:75 - [STDERR_REDIRECT] 
2026-08-08 13:14:10,388 [ERROR] LogOutputStream:75 - [STDERR_REDIRECT] Aug 08, 2026 1:14:10 PM java.util.prefs.FileSystemPreferences checkLockFile0ErrorCode
2026-08-08 13:14:10,388 [ERROR] LogOutputStream:75 - [STDERR_REDIRECT] WARNING: Could not lock System prefs. Unix error code 5.
2026-08-08 13:14:10,388 [ERROR] LogOutputStream:75 - [STDERR_REDIRECT] 
2026-08-08 13:14:10,388 [ERROR] LogOutputStream:75 - [STDERR_REDIRECT] Aug 08, 2026 1:14:10 PM java.util.prefs.FileSystemPreferences syncWorld
2026-08-08 13:14:10,388 [ERROR] LogOutputStream:75 - [STDERR_REDIRECT] WARNING: Couldn't flush system prefs: java.util.prefs.BackingStoreException: Couldn't get file lock.
2026-08-08 13:14:10,388 [ERROR] LogOutputStream:75 - [STDERR_REDIRECT] 
2026-08-08 13:14:40,389 [ERROR] LogOutputStream:75 - [STDERR_REDIRECT] Aug 08, 2026 1:14:40 PM java.util.prefs.FileSystemPreferences checkLockFile0ErrorCode
2026-08-08 13:14:40,389 [ERROR] LogOutputStream:75 - [STDERR_REDIRECT] WARNING: Could not lock System prefs. Unix error code 5.
2026-08-08 13:14:40,389 [ERROR] LogOutputStream:75 - [STDERR_REDIRECT] 
2026-08-08 13:14:40,389 [ERROR] LogOutputStream:75 - [STDERR_REDIRECT] Aug 08, 2026 1:14:40 PM java.util.prefs.FileSystemPreferences syncWorld
2026-08-08 13:14:40,389 [ERROR] LogOutputStream:75 - [STDERR_REDIRECT] WARNING: Couldn't flush system prefs: java.util.prefs.BackingStoreException: Couldn't get file lock.
2026-08-08 13:14:40,390 [ERROR] LogOutputStream:75 - [STDERR_REDIRECT] 
2026-08-08 13:15:10,387 [ERROR] LogOutputStream:75 - [STDERR_REDIRECT] Aug 08, 2026 1:15:10 PM java.util.prefs.FileSystemPreferences checkLockFile0ErrorCode
2026-08-08 13:15:10,387 [ERROR] LogOutputStream:75 - [STDERR_REDIRECT] WARNING: Could not lock System prefs. Unix error code 5.
2026-08-08 13:15:10,388 [ERROR] LogOutputStream:75 - [STDERR_REDIRECT] 
2026-08-08 13:15:10,388 [ERROR] LogOutputStream:75 - [STDERR_REDIRECT] Aug 08, 2026 1:15:10 PM java.util.prefs.FileSystemPreferences syncWorld
2026-08-08 13:15:10,388 [ERROR] LogOutputStream:75 - [STDERR_REDIRECT] WARNING: Couldn't flush system prefs: java.util.prefs.BackingStoreException: Couldn't get file lock.
2026-08-08 13:15:10,388 [ERROR] LogOutputStream:75 - [STDERR_REDIRECT] 
2026-08-08 13:15:40,389 [ERROR] LogOutputStream:75 - [STDERR_REDIRECT] Aug 08, 2026 1:15:40 PM java.util.prefs.FileSystemPreferences checkLockFile0ErrorCode
2026-08-08 13:15:40,389 [ERROR] LogOutputStream:75 - [STDERR_REDIRECT] WARNING: Could not lock System prefs. Unix error code 5.
2026-08-08 13:15:40,389 [ERROR] LogOutputStream:75 - [STDERR_REDIRECT] 
2026-08-08 13:15:40,389 [ERROR] LogOutputStream:75 - [STDERR_REDIRECT] Aug 08, 2026 1:15:40 PM java.util.prefs.FileSystemPreferences syncWorld
2026-08-08 13:15:40,389 [ERROR] LogOutputStream:75 - [STDERR_REDIRECT] WARNING: Couldn't flush system prefs: java.util.prefs.BackingStoreException: Couldn't get file lock.
2026-08-08 13:15:40,389 [ERROR] LogOutputStream:75 - [STDERR_REDIRECT] 
2026-08-08 13:16:10,389 [ERROR] LogOutputStream:75 - [STDERR_REDIRECT] Aug 08, 2026 1:16:10 PM java.util.prefs.FileSystemPreferences checkLockFile0ErrorCode
2026-08-08 13:16:10,389 [ERROR] LogOutputStream:75 - [STDERR_REDIRECT] WARNING: Could not lock System prefs. Unix error code 5.
2026-08-08 13:16:10,389 [ERROR] LogOutputStream:75 - [STDERR_REDIRECT] 
2026-08-08 13:16:10,390 [ERROR] LogOutputStream:75 - [STDERR_REDIRECT] Aug 08, 2026 1:16:10 PM java.util.prefs.FileSystemPreferences syncWorld
2026-08-08 13:16:10,390 [ERROR] LogOutputStream:75 - [STDERR_REDIRECT] WARNING: Couldn't flush system prefs: java.util.prefs.BackingStoreException: Couldn't get file lock.
2026-08-08 13:16:10,390 [ERROR] LogOutputStream:75 - [STDERR_REDIRECT] 
2026-08-08 13:16:40,390 [ERROR] LogOutputStream:75 - [STDERR_REDIRECT] Aug 08, 2026 1:16:40 PM java.util.prefs.FileSystemPreferences checkLockFile0ErrorCode
2026-08-08 13:16:40,391 [ERROR] LogOutputStream:75 - [STDERR_REDIRECT] WARNING: Could not lock System prefs. Unix error code 5.
2026-08-08 13:16:40,391 [ERROR] LogOutputStream:75 - [STDERR_REDIRECT] 
2026-08-08 13:16:40,392 [ERROR] LogOutputStream:75 - [STDERR_REDIRECT] Aug 08, 2026 1:16:40 PM java.util.prefs.FileSystemPreferences syncWorld
2026-08-08 13:16:40,392 [ERROR] LogOutputStream:75 - [STDERR_REDIRECT] WARNING: Couldn't flush system prefs: java.util.prefs.BackingStoreException: Couldn't get file lock.
2026-08-08 13:16:40,392 [ERROR] LogOutputStream:75 - [STDERR_REDIRECT] 
2026-08-08 13:17:10,389 [ERROR] LogOutputStream:75 - [STDERR_REDIRECT] Aug 08, 2026 1:17:10 PM java.util.prefs.FileSystemPreferences checkLockFile0ErrorCode
2026-08-08 13:17:10,389 [ERROR] LogOutputStream:75 - [STDERR_REDIRECT] WARNING: Could not lock System prefs. Unix error code 5.
2026-08-08 13:17:10,390 [ERROR] LogOutputStream:75 - [STDERR_REDIRECT] 
2026-08-08 13:17:10,390 [ERROR] LogOutputStream:75 - [STDERR_REDIRECT] Aug 08, 2026 1:17:10 PM java.util.prefs.FileSystemPreferences syncWorld
2026-08-08 13:17:10,390 [ERROR] LogOutputStream:75 - [STDERR_REDIRECT] WARNING: Couldn't flush system prefs: java.util.prefs.BackingStoreException: Couldn't get file lock.
2026-08-08 13:17:10,390 [ERROR] LogOutputStream:75 - [STDERR_REDIRECT] 
2026-08-08 13:17:40,389 [ERROR] LogOutputStream:75 - [STDERR_REDIRECT] Aug 08, 2026 1:17:40 PM java.util.prefs.FileSystemPreferences checkLockFile0ErrorCode
2026-08-08 13:17:40,389 [ERROR] LogOutputStream:75 - [STDERR_REDIRECT] WARNING: Could not lock System prefs. Unix error code 5.
2026-08-08 13:17:40,389 [ERROR] LogOutputStream:75 - [STDERR_REDIRECT] 
2026-08-08 13:17:40,390 [ERROR] LogOutputStream:75 - [STDERR_REDIRECT] Aug 08, 2026 1:17:40 PM java.util.prefs.FileSystemPreferences syncWorld
2026-08-08 13:17:40,390 [ERROR] LogOutputStream:75 - [STDERR_REDIRECT] WARNING: Couldn't flush system prefs: java.util.prefs.BackingStoreException: Couldn't get file lock.
2026-08-08 13:17:40,390 [ERROR] LogOutputStream:75 - [STDERR_REDIRECT] 
2026-08-08 13:18:10,389 [ERROR] LogOutputStream:75 - [STDERR_REDIRECT] Aug 08, 2026 1:18:10 PM java.util.prefs.FileSystemPreferences checkLockFile0ErrorCode
2026-08-08 13:18:10,389 [ERROR] LogOutputStream:75 - [STDERR_REDIRECT] WARNING: Could not lock System prefs. Unix error code 5.
2026-08-08 13:18:10,390 [ERROR] LogOutputStream:75 - [STDERR_REDIRECT] 
2026-08-08 13:18:10,390 [ERROR] LogOutputStream:75 - [STDERR_REDIRECT] Aug 08, 2026 1:18:10 PM java.util.prefs.FileSystemPreferences syncWorld
2026-08-08 13:18:10,390 [ERROR] LogOutputStream:75 - [STDERR_REDIRECT] WARNING: Couldn't flush system prefs: java.util.prefs.BackingStoreException: Couldn't get file lock.
2026-08-08 13:18:10,390 [ERROR] LogOutputStream:75 - [STDERR_REDIRECT] 
2026-08-08 13:18:40,389 [ERROR] LogOutputStream:75 - [STDERR_REDIRECT] Aug 08, 2026 1:18:40 PM java.util.prefs.FileSystemPreferences checkLockFile0ErrorCode
2026-08-08 13:18:40,389 [ERROR] LogOutputStream:75 - [STDERR_REDIRECT] WARNING: Could not lock System prefs. Unix error code 5.
2026-08-08 13:18:40,389 [ERROR] LogOutputStream:75 - [STDERR_REDIRECT] 
2026-08-08 13:18:40,389 [ERROR] LogOutputStream:75 - [STDERR_REDIRECT] Aug 08, 2026 1:18:40 PM java.util.prefs.FileSystemPreferences syncWorld
2026-08-08 13:18:40,389 [ERROR] LogOutputStream:75 - [STDERR_REDIRECT] WARNING: Couldn't flush system prefs: java.util.prefs.BackingStoreException: Couldn't get file lock.
2026-08-08 13:18:40,389 [ERROR] LogOutputStream:75 - [STDERR_REDIRECT] 
2026-08-08 13:19:10,390 [ERROR] LogOutputStream:75 - [STDERR_REDIRECT] Aug 08, 2026 1:19:10 PM java.util.prefs.FileSystemPreferences checkLockFile0ErrorCode
2026-08-08 13:19:10,390 [ERROR] LogOutputStream:75 - [STDERR_REDIRECT] WARNING: Could not lock System prefs. Unix error code 5.
2026-08-08 13:19:10,390 [ERROR] LogOutputStream:75 - [STDERR_REDIRECT] 
2026-08-08 13:19:10,390 [ERROR] LogOutputStream:75 - [STDERR_REDIRECT] Aug 08, 2026 1:19:10 PM java.util.prefs.FileSystemPreferences syncWorld
2026-08-08 13:19:10,390 [ERROR] LogOutputStream:75 - [STDERR_REDIRECT] WARNING: Couldn't flush system prefs: java.util.prefs.BackingStoreException: Couldn't get file lock.
2026-08-08 13:19:10,390 [ERROR] LogOutputStream:75 - [STDERR_REDIRECT] 
2026-08-08 13:19:40,390 [ERROR] LogOutputStream:75 - [STDERR_REDIRECT] Aug 08, 2026 1:19:40 PM java.util.prefs.FileSystemPreferences checkLockFile0ErrorCode
2026-08-08 13:19:40,391 [ERROR] LogOutputStream:75 - [STDERR_REDIRECT] WARNING: Could not lock System prefs. Unix error code 5.
2026-08-08 13:19:40,391 [ERROR] LogOutputStream:75 - [STDERR_REDIRECT] 
2026-08-08 13:19:40,391 [ERROR] LogOutputStream:75 - [STDERR_REDIRECT] Aug 08, 2026 1:19:40 PM java.util.prefs.FileSystemPreferences syncWorld
2026-08-08 13:19:40,391 [ERROR] LogOutputStream:75 - [STDERR_REDIRECT] WARNING: Couldn't flush system prefs: java.util.prefs.BackingStoreException: Couldn't get file lock.
2026-08-08 13:19:40,391 [ERROR] LogOutputStream:75 - [STDERR_REDIRECT] 
2026-08-08 13:20:10,391 [ERROR] LogOutputStream:75 - [STDERR_REDIRECT] Aug 08, 2026 1:20:10 PM java.util.prefs.FileSystemPreferences checkLockFile0ErrorCode
2026-08-08 13:20:10,391 [ERROR] LogOutputStream:75 - [STDERR_REDIRECT] WARNING: Could not lock System prefs. Unix error code 5.
2026-08-08 13:20:10,392 [ERROR] LogOutputStream:75 - [STDERR_REDIRECT] 
2026-08-08 13:20:10,392 [ERROR] LogOutputStream:75 - [STDERR_REDIRECT] Aug 08, 2026 1:20:10 PM java.util.prefs.FileSystemPreferences syncWorld
2026-08-08 13:20:10,392 [ERROR] LogOutputStream:75 - [STDERR_REDIRECT] WARNING: Couldn't flush system prefs: java.util.prefs.BackingStoreException: Couldn't get file lock.
2026-08-08 13:20:10,392 [ERROR] LogOutputStream:75 - [STDERR_REDIRECT] 
2026-08-08 13:20:40,392 [ERROR] LogOutputStream:75 - [STDERR_REDIRECT] Aug 08, 2026 1:20:40 PM java.util.prefs.FileSystemPreferences checkLockFile0ErrorCode
2026-08-08 13:20:40,392 [ERROR] LogOutputStream:75 - [STDERR_REDIRECT] WARNING: Could not lock System prefs. Unix error code 5.
2026-08-08 13:20:40,392 [ERROR] LogOutputStream:75 - [STDERR_REDIRECT] 
2026-08-08 13:20:40,392 [ERROR] LogOutputStream:75 - [STDERR_REDIRECT] Aug 08, 2026 1:20:40 PM java.util.prefs.FileSystemPreferences syncWorld
2026-08-08 13:20:40,392 [ERROR] LogOutputStream:75 - [STDERR_REDIRECT] WARNING: Couldn't flush system prefs: java.util.prefs.BackingStoreException: Couldn't get file lock.
2026-08-08 13:20:40,392 [ERROR] LogOutputStream:75 - [STDERR_REDIRECT] 
2026-08-08 13:21:10,392 [ERROR] LogOutputStream:75 - [STDERR_REDIRECT] Aug 08, 2026 1:21:10 PM java.util.prefs.FileSystemPreferences checkLockFile0ErrorCode
2026-08-08 13:21:10,392 [ERROR] LogOutputStream:75 - [STDERR_REDIRECT] WARNING: Could not lock System prefs. Unix error code 5.
2026-08-08 13:21:10,392 [ERROR] LogOutputStream:75 - [STDERR_REDIRECT] 
2026-08-08 13:21:10,393 [ERROR] LogOutputStream:75 - [STDERR_REDIRECT] Aug 08, 2026 1:21:10 PM java.util.prefs.FileSystemPreferences syncWorld
2026-08-08 13:21:10,393 [ERROR] LogOutputStream:75 - [STDERR_REDIRECT] WARNING: Couldn't flush system prefs: java.util.prefs.BackingStoreException: Couldn't get file lock.
2026-08-08 13:21:10,393 [ERROR] LogOutputStream:75 - [STDERR_REDIRECT] 
2026-08-08 13:21:40,393 [ERROR] LogOutputStream:75 - [STDERR_REDIRECT] Aug 08, 2026 1:21:40 PM java.util.prefs.FileSystemPreferences checkLockFile0ErrorCode
2026-08-08 13:21:40,393 [ERROR] LogOutputStream:75 - [STDERR_REDIRECT] WARNING: Could not lock System prefs. Unix error code 5.
2026-08-08 13:21:40,393 [ERROR] LogOutputStream:75 - [STDERR_REDIRECT] 
2026-08-08 13:21:40,394 [ERROR] LogOutputStream:75 - [STDERR_REDIRECT] Aug 08, 2026 1:21:40 PM java.util.prefs.FileSystemPreferences syncWorld
2026-08-08 13:21:40,394 [ERROR] LogOutputStream:75 - [STDERR_REDIRECT] WARNING: Couldn't flush system prefs: java.util.prefs.BackingStoreException: Couldn't get file lock.
2026-08-08 13:21:40,394 [ERROR] LogOutputStream:75 - [STDERR_REDIRECT] 
2026-08-08 13:22:10,393 [ERROR] LogOutputStream:75 - [STDERR_REDIRECT] Aug 08, 2026 1:22:10 PM java.util.prefs.FileSystemPreferences checkLockFile0ErrorCode
2026-08-08 13:22:10,393 [ERROR] LogOutputStream:75 - [STDERR_REDIRECT] WARNING: Could not lock System prefs. Unix error code 5.
2026-08-08 13:22:10,393 [ERROR] LogOutputStream:75 - [STDERR_REDIRECT] 
2026-08-08 13:22:10,394 [ERROR] LogOutputStream:75 - [STDERR_REDIRECT] Aug 08, 2026 1:22:10 PM java.util.prefs.FileSystemPreferences syncWorld
2026-08-08 13:22:10,394 [ERROR] LogOutputStream:75 - [STDERR_REDIRECT] WARNING: Couldn't flush system prefs: java.util.prefs.BackingStoreException: Couldn't get file lock.
2026-08-08 13:22:10,394 [ERROR] LogOutputStream:75 - [STDERR_REDIRECT] 
2026-08-08 13:22:40,392 [ERROR] LogOutputStream:75 - [STDERR_REDIRECT] Aug 08, 2026 1:22:40 PM java.util.prefs.FileSystemPreferences checkLockFile0ErrorCode
2026-08-08 13:22:40,392 [ERROR] LogOutputStream:75 - [STDERR_REDIRECT] WARNING: Could not lock System prefs. Unix error code 5.
2026-08-08 13:22:40,393 [ERROR] LogOutputStream:75 - [STDERR_REDIRECT] 
2026-08-08 13:22:40,393 [ERROR] LogOutputStream:75 - [STDERR_REDIRECT] Aug 08, 2026 1:22:40 PM java.util.prefs.FileSystemPreferences syncWorld
2026-08-08 13:22:40,393 [ERROR] LogOutputStream:75 - [STDERR_REDIRECT] WARNING: Couldn't flush system prefs: java.util.prefs.BackingStoreException: Couldn't get file lock.
2026-08-08 13:22:40,393 [ERROR] LogOutputStream:75 - [STDERR_REDIRECT] 
2026-08-08 13:23:10,393 [ERROR] LogOutputStream:75 - [STDERR_REDIRECT] Aug 08, 2026 1:23:10 PM java.util.prefs.FileSystemPreferences checkLockFile0ErrorCode
2026-08-08 13:23:10,393 [ERROR] LogOutputStream:75 - [STDERR_REDIRECT] WARNING: Could not lock System prefs. Unix error code 5.
2026-08-08 13:23:10,393 [ERROR] LogOutputStream:75 - [STDERR_REDIRECT] 
2026-08-08 13:23:10,393 [ERROR] LogOutputStream:75 - [STDERR_REDIRECT] Aug 08, 2026 1:23:10 PM java.util.prefs.FileSystemPreferences syncWorld
2026-08-08 13:23:10,393 [ERROR] LogOutputStream:75 - [STDERR_REDIRECT] WARNING: Couldn't flush system prefs: java.util.prefs.BackingStoreException: Couldn't get file lock.
2026-08-08 13:23:10,393 [ERROR] LogOutputStream:75 - [STDERR_REDIRECT] 
2026-08-08 13:23:40,393 [ERROR] LogOutputStream:75 - [STDERR_REDIRECT] Aug 08, 2026 1:23:40 PM java.util.prefs.FileSystemPreferences checkLockFile0ErrorCode
2026-08-08 13:23:40,393 [ERROR] LogOutputStream:75 - [STDERR_REDIRECT] WARNING: Could not lock System prefs. Unix error code 5.
2026-08-08 13:23:40,393 [ERROR] LogOutputStream:75 - [STDERR_REDIRECT] 
2026-08-08 13:23:40,394 [ERROR] LogOutputStream:75 - [STDERR_REDIRECT] Aug 08, 2026 1:23:40 PM java.util.prefs.FileSystemPreferences syncWorld
2026-08-08 13:23:40,394 [ERROR] LogOutputStream:75 - [STDERR_REDIRECT] WARNING: Couldn't flush system prefs: java.util.prefs.BackingStoreException: Couldn't get file lock.
2026-08-08 13:23:40,394 [ERROR] LogOutputStream:75 - [STDERR_REDIRECT] 
2026-08-08 13:24:10,393 [ERROR] LogOutputStream:75 - [STDERR_REDIRECT] Aug 08, 2026 1:24:10 PM java.util.prefs.FileSystemPreferences checkLockFile0ErrorCode
2026-08-08 13:24:10,393 [ERROR] LogOutputStream:75 - [STDERR_REDIRECT] WARNING: Could not lock System prefs. Unix error code 5.
2026-08-08 13:24:10,393 [ERROR] LogOutputStream:75 - [STDERR_REDIRECT] 
2026-08-08 13:24:10,393 [ERROR] LogOutputStream:75 - [STDERR_REDIRECT] Aug 08, 2026 1:24:10 PM java.util.prefs.FileSystemPreferences syncWorld
2026-08-08 13:24:10,394 [ERROR] LogOutputStream:75 - [STDERR_REDIRECT] WARNING: Couldn't flush system prefs: java.util.prefs.BackingStoreException: Couldn't get file lock.
2026-08-08 13:24:10,394 [ERROR] LogOutputStream:75 - [STDERR_REDIRECT] 
2026-08-08 13:24:40,392 [ERROR] LogOutputStream:75 - [STDERR_REDIRECT] Aug 08, 2026 1:24:40 PM java.util.prefs.FileSystemPreferences checkLockFile0ErrorCode
2026-08-08 13:24:40,393 [ERROR] LogOutputStream:75 - [STDERR_REDIRECT] WARNING: Could not lock System prefs. Unix error code 5.
2026-08-08 13:24:40,393 [ERROR] LogOutputStream:75 - [STDERR_REDIRECT] 
2026-08-08 13:24:40,393 [ERROR] LogOutputStream:75 - [STDERR_REDIRECT] Aug 08, 2026 1:24:40 PM java.util.prefs.FileSystemPreferences syncWorld
2026-08-08 13:24:40,393 [ERROR] LogOutputStream:75 - [STDERR_REDIRECT] WARNING: Couldn't flush system prefs: java.util.prefs.BackingStoreException: Couldn't get file lock.
2026-08-08 13:24:40,393 [ERROR] LogOutputStream:75 - [STDERR_REDIRECT] 
2026-08-08 13:25:10,394 [ERROR] LogOutputStream:75 - [STDERR_REDIRECT] Aug 08, 2026 1:25:10 PM java.util.prefs.FileSystemPreferences checkLockFile0ErrorCode
2026-08-08 13:25:10,394 [ERROR] LogOutputStream:75 - [STDERR_REDIRECT] WARNING: Could not lock System prefs. Unix error code 5.
2026-08-08 13:25:10,394 [ERROR] LogOutputStream:75 - [STDERR_REDIRECT] 
2026-08-08 13:25:10,394 [ERROR] LogOutputStream:75 - [STDERR_REDIRECT] Aug 08, 2026 1:25:10 PM java.util.prefs.FileSystemPreferences syncWorld
2026-08-08 13:25:10,395 [ERROR] LogOutputStream:75 - [STDERR_REDIRECT] WARNING: Couldn't flush system prefs: java.util.prefs.BackingStoreException: Couldn't get file lock.
2026-08-08 13:25:10,395 [ERROR] LogOutputStream:75 - [STDERR_REDIRECT] 
2026-08-08 13:25:40,394 [ERROR] LogOutputStream:75 - [STDERR_REDIRECT] Aug 08, 2026 1:25:40 PM java.util.prefs.FileSystemPreferences checkLockFile0ErrorCode
2026-08-08 13:25:40,394 [ERROR] LogOutputStream:75 - [STDERR_REDIRECT] WARNING: Could not lock System prefs. Unix error code 5.
2026-08-08 13:25:40,394 [ERROR] LogOutputStream:75 - [STDERR_REDIRECT] 
2026-08-08 13:25:40,395 [ERROR] LogOutputStream:75 - [STDERR_REDIRECT] Aug 08, 2026 1:25:40 PM java.util.prefs.FileSystemPreferences syncWorld
2026-08-08 13:25:40,395 [ERROR] LogOutputStream:75 - [STDERR_REDIRECT] WARNING: Couldn't flush system prefs: java.util.prefs.BackingStoreException: Couldn't get file lock.
2026-08-08 13:25:40,395 [ERROR] LogOutputStream:75 - [STDERR_REDIRECT] 
2026-08-08 13:26:10,394 [ERROR] LogOutputStream:75 - [STDERR_REDIRECT] Aug 08, 2026 1:26:10 PM java.util.prefs.FileSystemPreferences checkLockFile0ErrorCode
2026-08-08 13:26:10,394 [ERROR] LogOutputStream:75 - [STDERR_REDIRECT] WARNING: Could not lock System prefs. Unix error code 5.
2026-08-08 13:26:10,394 [ERROR] LogOutputStream:75 - [STDERR_REDIRECT] 
2026-08-08 13:26:10,394 [ERROR] LogOutputStream:75 - [STDERR_REDIRECT] Aug 08, 2026 1:26:10 PM java.util.prefs.FileSystemPreferences syncWorld
2026-08-08 13:26:10,394 [ERROR] LogOutputStream:75 - [STDERR_REDIRECT] WARNING: Couldn't flush system prefs: java.util.prefs.BackingStoreException: Couldn't get file lock.
2026-08-08 13:26:10,394 [ERROR] LogOutputStream:75 - [STDERR_REDIRECT] 
2026-08-08 13:26:40,394 [ERROR] LogOutputStream:75 - [STDERR_REDIRECT] Aug 08, 2026 1:26:40 PM java.util.prefs.FileSystemPreferences checkLockFile0ErrorCode
2026-08-08 13:26:40,395 [ERROR] LogOutputStream:75 - [STDERR_REDIRECT] WARNING: Could not lock System prefs. Unix error code 5.
2026-08-08 13:26:40,395 [ERROR] LogOutputStream:75 - [STDERR_REDIRECT] 
2026-08-08 13:26:40,395 [ERROR] LogOutputStream:75 - [STDERR_REDIRECT] Aug 08, 2026 1:26:40 PM java.util.prefs.FileSystemPreferences syncWorld
2026-08-08 13:26:40,395 [ERROR] LogOutputStream:75 - [STDERR_REDIRECT] WARNING: Couldn't flush system prefs: java.util.prefs.BackingStoreException: Couldn't get file lock.
2026-08-08 13:26:40,395 [ERROR] LogOutputStream:75 - [STDERR_REDIRECT] 
2026-08-08 13:27:10,395 [ERROR] LogOutputStream:75 - [STDERR_REDIRECT] Aug 08, 2026 1:27:10 PM java.util.prefs.FileSystemPreferences checkLockFile0ErrorCode
2026-08-08 13:27:10,395 [ERROR] LogOutputStream:75 - [STDERR_REDIRECT] WARNING: Could not lock System prefs. Unix error code 5.
2026-08-08 13:27:10,395 [ERROR] LogOutputStream:75 - [STDERR_REDIRECT] 
2026-08-08 13:27:10,395 [ERROR] LogOutputStream:75 - [STDERR_REDIRECT] Aug 08, 2026 1:27:10 PM java.util.prefs.FileSystemPreferences syncWorld
2026-08-08 13:27:10,396 [ERROR] LogOutputStream:75 - [STDERR_REDIRECT] WARNING: Couldn't flush system prefs: java.util.prefs.BackingStoreException: Couldn't get file lock.
2026-08-08 13:27:10,396 [ERROR] LogOutputStream:75 - [STDERR_REDIRECT] 
2026-08-08 13:27:40,396 [ERROR] LogOutputStream:75 - [STDERR_REDIRECT] Aug 08, 2026 1:27:40 PM java.util.prefs.FileSystemPreferences checkLockFile0ErrorCode
2026-08-08 13:27:40,396 [ERROR] LogOutputStream:75 - [STDERR_REDIRECT] WARNING: Could not lock System prefs. Unix error code 5.
2026-08-08 13:27:40,396 [ERROR] LogOutputStream:75 - [STDERR_REDIRECT] 
2026-08-08 13:27:40,396 [ERROR] LogOutputStream:75 - [STDERR_REDIRECT] Aug 08, 2026 1:27:40 PM java.util.prefs.FileSystemPreferences syncWorld
2026-08-08 13:27:40,396 [ERROR] LogOutputStream:75 - [STDERR_REDIRECT] WARNING: Couldn't flush system prefs: java.util.prefs.BackingStoreException: Couldn't get file lock.
2026-08-08 13:27:40,396 [ERROR] LogOutputStream:75 - [STDERR_REDIRECT] 
2026-08-08 13:28:10,395 [ERROR] LogOutputStream:75 - [STDERR_REDIRECT] Aug 08, 2026 1:28:10 PM java.util.prefs.FileSystemPreferences checkLockFile0ErrorCode
2026-08-08 13:28:10,395 [ERROR] LogOutputStream:75 - [STDERR_REDIRECT] WARNING: Could not lock System prefs. Unix error code 5.
2026-08-08 13:28:10,395 [ERROR] LogOutputStream:75 - [STDERR_REDIRECT] 
2026-08-08 13:28:10,395 [ERROR] LogOutputStream:75 - [STDERR_REDIRECT] Aug 08, 2026 1:28:10 PM java.util.prefs.FileSystemPreferences syncWorld
2026-08-08 13:28:10,395 [ERROR] LogOutputStream:75 - [STDERR_REDIRECT] WARNING: Couldn't flush system prefs: java.util.prefs.BackingStoreException: Couldn't get file lock.
2026-08-08 13:28:10,396 [ERROR] LogOutputStream:75 - [STDERR_REDIRECT] 
2026-08-08 13:28:40,394 [ERROR] LogOutputStream:75 - [STDERR_REDIRECT] Aug 08, 2026 1:28:40 PM java.util.prefs.FileSystemPreferences checkLockFile0ErrorCode
2026-08-08 13:28:40,394 [ERROR] LogOutputStream:75 - [STDERR_REDIRECT] WARNING: Could not lock System prefs. Unix error code 5.
2026-08-08 13:28:40,394 [ERROR] LogOutputStream:75 - [STDERR_REDIRECT] 
2026-08-08 13:28:40,395 [ERROR] LogOutputStream:75 - [STDERR_REDIRECT] Aug 08, 2026 1:28:40 PM java.util.prefs.FileSystemPreferences syncWorld
2026-08-08 13:28:40,395 [ERROR] LogOutputStream:75 - [STDERR_REDIRECT] WARNING: Couldn't flush system prefs: java.util.prefs.BackingStoreException: Couldn't get file lock.
2026-08-08 13:28:40,395 [ERROR] LogOutputStream:75 - [STDERR_REDIRECT] 
2026-08-08 13:29:10,408 [ERROR] LogOutputStream:75 - [STDERR_REDIRECT] Aug 08, 2026 1:29:10 PM java.util.prefs.FileSystemPreferences checkLockFile0ErrorCode
2026-08-08 13:29:10,409 [ERROR] LogOutputStream:75 - [STDERR_REDIRECT] WARNING: Could not lock System prefs. Unix error code 5.
2026-08-08 13:29:10,409 [ERROR] LogOutputStream:75 - [STDERR_REDIRECT] 
2026-08-08 13:29:10,409 [ERROR] LogOutputStream:75 - [STDERR_REDIRECT] Aug 08, 2026 1:29:10 PM java.util.prefs.FileSystemPreferences syncWorld
2026-08-08 13:29:10,409 [ERROR] LogOutputStream:75 - [STDERR_REDIRECT] WARNING: Couldn't flush system prefs: java.util.prefs.BackingStoreException: Couldn't get file lock.
2026-08-08 13:29:10,409 [ERROR] LogOutputStream:75 - [STDERR_REDIRECT] 
2026-08-08 13:29:40,395 [ERROR] LogOutputStream:75 - [STDERR_REDIRECT] Aug 08, 2026 1:29:40 PM java.util.prefs.FileSystemPreferences checkLockFile0ErrorCode
2026-08-08 13:29:40,395 [ERROR] LogOutputStream:75 - [STDERR_REDIRECT] WARNING: Could not lock System prefs. Unix error code 5.
2026-08-08 13:29:40,395 [ERROR] LogOutputStream:75 - [STDERR_REDIRECT] 
2026-08-08 13:29:40,396 [ERROR] LogOutputStream:75 - [STDERR_REDIRECT] Aug 08, 2026 1:29:40 PM java.util.prefs.FileSystemPreferences syncWorld
2026-08-08 13:29:40,396 [ERROR] LogOutputStream:75 - [STDERR_REDIRECT] WARNING: Couldn't flush system prefs: java.util.prefs.BackingStoreException: Couldn't get file lock.
2026-08-08 13:29:40,396 [ERROR] LogOutputStream:75 - [STDERR_REDIRECT] 
2026-08-08 13:30:10,395 [ERROR] LogOutputStream:75 - [STDERR_REDIRECT] Aug 08, 2026 1:30:10 PM java.util.prefs.FileSystemPreferences checkLockFile0ErrorCode
2026-08-08 13:30:10,395 [ERROR] LogOutputStream:75 - [STDERR_REDIRECT] WARNING: Could not lock System prefs. Unix error code 5.
2026-08-08 13:30:10,395 [ERROR] LogOutputStream:75 - [STDERR_REDIRECT] 
2026-08-08 13:30:10,395 [ERROR] LogOutputStream:75 - [STDERR_REDIRECT] Aug 08, 2026 1:30:10 PM java.util.prefs.FileSystemPreferences syncWorld
2026-08-08 13:30:10,395 [ERROR] LogOutputStream:75 - [STDERR_REDIRECT] WARNING: Couldn't flush system prefs: java.util.prefs.BackingStoreException: Couldn't get file lock.
2026-08-08 13:30:10,395 [ERROR] LogOutputStream:75 - [STDERR_REDIRECT] 
2026-08-08 13:30:40,396 [ERROR] LogOutputStream:75 - [STDERR_REDIRECT] Aug 08, 2026 1:30:40 PM java.util.prefs.FileSystemPreferences checkLockFile0ErrorCode
2026-08-08 13:30:40,396 [ERROR] LogOutputStream:75 - [STDERR_REDIRECT] WARNING: Could not lock System prefs. Unix error code 5.
2026-08-08 13:30:40,396 [ERROR] LogOutputStream:75 - [STDERR_REDIRECT] 
2026-08-08 13:30:40,396 [ERROR] LogOutputStream:75 - [STDERR_REDIRECT] Aug 08, 2026 1:30:40 PM java.util.prefs.FileSystemPreferences syncWorld
2026-08-08 13:30:40,396 [ERROR] LogOutputStream:75 - [STDERR_REDIRECT] WARNING: Couldn't flush system prefs: java.util.prefs.BackingStoreException: Couldn't get file lock.
2026-08-08 13:30:40,397 [ERROR] LogOutputStream:75 - [STDERR_REDIRECT] 
2026-08-08 13:31:10,396 [ERROR] LogOutputStream:75 - [STDERR_REDIRECT] Aug 08, 2026 1:31:10 PM java.util.prefs.FileSystemPreferences checkLockFile0ErrorCode
2026-08-08 13:31:10,396 [ERROR] LogOutputStream:75 - [STDERR_REDIRECT] WARNING: Could not lock System prefs. Unix error code 5.
2026-08-08 13:31:10,396 [ERROR] LogOutputStream:75 - [STDERR_REDIRECT] 
2026-08-08 13:31:10,396 [ERROR] LogOutputStream:75 - [STDERR_REDIRECT] Aug 08, 2026 1:31:10 PM java.util.prefs.FileSystemPreferences syncWorld
2026-08-08 13:31:10,396 [ERROR] LogOutputStream:75 - [STDERR_REDIRECT] WARNING: Couldn't flush system prefs: java.util.prefs.BackingStoreException: Couldn't get file lock.
2026-08-08 13:31:10,396 [ERROR] LogOutputStream:75 - [STDERR_REDIRECT] 
2026-08-08 13:31:40,396 [ERROR] LogOutputStream:75 - [STDERR_REDIRECT] Aug 08, 2026 1:31:40 PM java.util.prefs.FileSystemPreferences checkLockFile0ErrorCode
2026-08-08 13:31:40,396 [ERROR] LogOutputStream:75 - [STDERR_REDIRECT] WARNING: Could not lock System prefs. Unix error code 5.
2026-08-08 13:31:40,397 [ERROR] LogOutputStream:75 - [STDERR_REDIRECT] 
2026-08-08 13:31:40,397 [ERROR] LogOutputStream:75 - [STDERR_REDIRECT] Aug 08, 2026 1:31:40 PM java.util.prefs.FileSystemPreferences syncWorld
2026-08-08 13:31:40,397 [ERROR] LogOutputStream:75 - [STDERR_REDIRECT] WARNING: Couldn't flush system prefs: java.util.prefs.BackingStoreException: Couldn't get file lock.
2026-08-08 13:31:40,397 [ERROR] LogOutputStream:75 - [STDERR_REDIRECT] 
2026-08-08 13:32:10,397 [ERROR] LogOutputStream:75 - [STDERR_REDIRECT] Aug 08, 2026 1:32:10 PM java.util.prefs.FileSystemPreferences checkLockFile0ErrorCode
2026-08-08 13:32:10,397 [ERROR] LogOutputStream:75 - [STDERR_REDIRECT] WARNING: Could not lock System prefs. Unix error code 5.
2026-08-08 13:32:10,397 [ERROR] LogOutputStream:75 - [STDERR_REDIRECT] 
2026-08-08 13:32:10,397 [ERROR] LogOutputStream:75 - [STDERR_REDIRECT] Aug 08, 2026 1:32:10 PM java.util.prefs.FileSystemPreferences syncWorld
2026-08-08 13:32:10,397 [ERROR] LogOutputStream:75 - [STDERR_REDIRECT] WARNING: Couldn't flush system prefs: java.util.prefs.BackingStoreException: Couldn't get file lock.
2026-08-08 13:32:10,397 [ERROR] LogOutputStream:75 - [STDERR_REDIRECT] 
2026-08-08 13:32:40,396 [ERROR] LogOutputStream:75 - [STDERR_REDIRECT] Aug 08, 2026 1:32:40 PM java.util.prefs.FileSystemPreferences checkLockFile0ErrorCode
2026-08-08 13:32:40,396 [ERROR] LogOutputStream:75 - [STDERR_REDIRECT] WARNING: Could not lock System prefs. Unix error code 5.
2026-08-08 13:32:40,396 [ERROR] LogOutputStream:75 - [STDERR_REDIRECT] 
2026-08-08 13:32:40,397 [ERROR] LogOutputStream:75 - [STDERR_REDIRECT] Aug 08, 2026 1:32:40 PM java.util.prefs.FileSystemPreferences syncWorld
2026-08-08 13:32:40,397 [ERROR] LogOutputStream:75 - [STDERR_REDIRECT] WARNING: Couldn't flush system prefs: java.util.prefs.BackingStoreException: Couldn't get file lock.
2026-08-08 13:32:40,397 [ERROR] LogOutputStream:75 - [STDERR_REDIRECT] 
2026-08-08 13:33:10,397 [ERROR] LogOutputStream:75 - [STDERR_REDIRECT] Aug 08, 2026 1:33:10 PM java.util.prefs.FileSystemPreferences checkLockFile0ErrorCode
2026-08-08 13:33:10,397 [ERROR] LogOutputStream:75 - [STDERR_REDIRECT] WARNING: Could not lock System prefs. Unix error code 5.
2026-08-08 13:33:10,397 [ERROR] LogOutputStream:75 - [STDERR_REDIRECT] 
2026-08-08 13:33:10,397 [ERROR] LogOutputStream:75 - [STDERR_REDIRECT] Aug 08, 2026 1:33:10 PM java.util.prefs.FileSystemPreferences syncWorld
2026-08-08 13:33:10,397 [ERROR] LogOutputStream:75 - [STDERR_REDIRECT] WARNING: Couldn't flush system prefs: java.util.prefs.BackingStoreException: Couldn't get file lock.
2026-08-08 13:33:10,397 [ERROR] LogOutputStream:75 - [STDERR_REDIRECT] 
2026-08-08 13:33:40,398 [ERROR] LogOutputStream:75 - [STDERR_REDIRECT] Aug 08, 2026 1:33:40 PM java.util.prefs.FileSystemPreferences checkLockFile0ErrorCode
2026-08-08 13:33:40,398 [ERROR] LogOutputStream:75 - [STDERR_REDIRECT] WARNING: Could not lock System prefs. Unix error code 5.
2026-08-08 13:33:40,398 [ERROR] LogOutputStream:75 - [STDERR_REDIRECT] 
2026-08-08 13:33:40,399 [ERROR] LogOutputStream:75 - [STDERR_REDIRECT] Aug 08, 2026 1:33:40 PM java.util.prefs.FileSystemPreferences syncWorld
2026-08-08 13:33:40,399 [ERROR] LogOutputStream:75 - [STDERR_REDIRECT] WARNING: Couldn't flush system prefs: java.util.prefs.BackingStoreException: Couldn't get file lock.
2026-08-08 13:33:40,399 [ERROR] LogOutputStream:75 - [STDERR_REDIRECT] 
2026-08-08 13:34:10,396 [ERROR] LogOutputStream:75 - [STDERR_REDIRECT] Aug 08, 2026 1:34:10 PM java.util.prefs.FileSystemPreferences checkLockFile0ErrorCode
2026-08-08 13:34:10,396 [ERROR] LogOutputStream:75 - [STDERR_REDIRECT] WARNING: Could not lock System prefs. Unix error code 5.
2026-08-08 13:34:10,397 [ERROR] LogOutputStream:75 - [STDERR_REDIRECT] 
2026-08-08 13:34:10,397 [ERROR] LogOutputStream:75 - [STDERR_REDIRECT] Aug 08, 2026 1:34:10 PM java.util.prefs.FileSystemPreferences syncWorld
2026-08-08 13:34:10,397 [ERROR] LogOutputStream:75 - [STDERR_REDIRECT] WARNING: Couldn't flush system prefs: java.util.prefs.BackingStoreException: Couldn't get file lock.
2026-08-08 13:34:10,397 [ERROR] LogOutputStream:75 - [STDERR_REDIRECT] 
2026-08-08 13:34:40,397 [ERROR] LogOutputStream:75 - [STDERR_REDIRECT] Aug 08, 2026 1:34:40 PM java.util.prefs.FileSystemPreferences checkLockFile0ErrorCode
2026-08-08 13:34:40,397 [ERROR] LogOutputStream:75 - [STDERR_REDIRECT] WARNING: Could not lock System prefs. Unix error code 5.
2026-08-08 13:34:40,397 [ERROR] LogOutputStream:75 - [STDERR_REDIRECT] 
2026-08-08 13:34:40,398 [ERROR] LogOutputStream:75 - [STDERR_REDIRECT] Aug 08, 2026 1:34:40 PM java.util.prefs.FileSystemPreferences syncWorld
2026-08-08 13:34:40,398 [ERROR] LogOutputStream:75 - [STDERR_REDIRECT] WARNING: Couldn't flush system prefs: java.util.prefs.BackingStoreException: Couldn't get file lock.
2026-08-08 13:34:40,398 [ERROR] LogOutputStream:75 - [STDERR_REDIRECT] 
2026-08-08 13:35:10,398 [ERROR] LogOutputStream:75 - [STDERR_REDIRECT] Aug 08, 2026 1:35:10 PM java.util.prefs.FileSystemPreferences checkLockFile0ErrorCode
2026-08-08 13:35:10,398 [ERROR] LogOutputStream:75 - [STDERR_REDIRECT] WARNING: Could not lock System prefs. Unix error code 5.
2026-08-08 13:35:10,398 [ERROR] LogOutputStream:75 - [STDERR_REDIRECT] 
2026-08-08 13:35:10,398 [ERROR] LogOutputStream:75 - [STDERR_REDIRECT] Aug 08, 2026 1:35:10 PM java.util.prefs.FileSystemPreferences syncWorld
2026-08-08 13:35:10,398 [ERROR] LogOutputStream:75 - [STDERR_REDIRECT] WARNING: Couldn't flush system prefs: java.util.prefs.BackingStoreException: Couldn't get file lock.
2026-08-08 13:35:10,398 [ERROR] LogOutputStream:75 - [STDERR_REDIRECT] 
2026-08-08 13:35:40,397 [ERROR] LogOutputStream:75 - [STDERR_REDIRECT] Aug 08, 2026 1:35:40 PM java.util.prefs.FileSystemPreferences checkLockFile0ErrorCode
2026-08-08 13:35:40,397 [ERROR] LogOutputStream:75 - [STDERR_REDIRECT] WARNING: Could not lock System prefs. Unix error code 5.
2026-08-08 13:35:40,397 [ERROR] LogOutputStream:75 - [STDERR_REDIRECT] 
2026-08-08 13:35:40,398 [ERROR] LogOutputStream:75 - [STDERR_REDIRECT] Aug 08, 2026 1:35:40 PM java.util.prefs.FileSystemPreferences syncWorld
2026-08-08 13:35:40,398 [ERROR] LogOutputStream:75 - [STDERR_REDIRECT] WARNING: Couldn't flush system prefs: java.util.prefs.BackingStoreException: Couldn't get file lock.
2026-08-08 13:35:40,398 [ERROR] LogOutputStream:75 - [STDERR_REDIRECT] 
2026-08-08 13:36:10,397 [ERROR] LogOutputStream:75 - [STDERR_REDIRECT] Aug 08, 2026 1:36:10 PM java.util.prefs.FileSystemPreferences checkLockFile0ErrorCode
2026-08-08 13:36:10,397 [ERROR] LogOutputStream:75 - [STDERR_REDIRECT] WARNING: Could not lock System prefs. Unix error code 5.
2026-08-08 13:36:10,397 [ERROR] LogOutputStream:75 - [STDERR_REDIRECT] 
2026-08-08 13:36:10,397 [ERROR] LogOutputStream:75 - [STDERR_REDIRECT] Aug 08, 2026 1:36:10 PM java.util.prefs.FileSystemPreferences syncWorld
2026-08-08 13:36:10,397 [ERROR] LogOutputStream:75 - [STDERR_REDIRECT] WARNING: Couldn't flush system prefs: java.util.prefs.BackingStoreException: Couldn't get file lock.
2026-08-08 13:36:10,398 [ERROR] LogOutputStream:75 - [STDERR_REDIRECT] 
2026-08-08 13:36:40,397 [ERROR] LogOutputStream:75 - [STDERR_REDIRECT] Aug 08, 2026 1:36:40 PM java.util.prefs.FileSystemPreferences checkLockFile0ErrorCode
2026-08-08 13:36:40,398 [ERROR] LogOutputStream:75 - [STDERR_REDIRECT] WARNING: Could not lock System prefs. Unix error code 5.
2026-08-08 13:36:40,399 [ERROR] LogOutputStream:75 - [STDERR_REDIRECT] 
2026-08-08 13:36:40,399 [ERROR] LogOutputStream:75 - [STDERR_REDIRECT] Aug 08, 2026 1:36:40 PM java.util.prefs.FileSystemPreferences syncWorld
2026-08-08 13:36:40,399 [ERROR] LogOutputStream:75 - [STDERR_REDIRECT] WARNING: Couldn't flush system prefs: java.util.prefs.BackingStoreException: Couldn't get file lock.
2026-08-08 13:36:40,399 [ERROR] LogOutputStream:75 - [STDERR_REDIRECT] 
2026-08-08 13:37:10,397 [ERROR] LogOutputStream:75 - [STDERR_REDIRECT] Aug 08, 2026 1:37:10 PM java.util.prefs.FileSystemPreferences checkLockFile0ErrorCode
2026-08-08 13:37:10,397 [ERROR] LogOutputStream:75 - [STDERR_REDIRECT] WARNING: Could not lock System prefs. Unix error code 5.
2026-08-08 13:37:10,397 [ERROR] LogOutputStream:75 - [STDERR_REDIRECT] 
2026-08-08 13:37:10,398 [ERROR] LogOutputStream:75 - [STDERR_REDIRECT] Aug 08, 2026 1:37:10 PM java.util.prefs.FileSystemPreferences syncWorld
2026-08-08 13:37:10,398 [ERROR] LogOutputStream:75 - [STDERR_REDIRECT] WARNING: Couldn't flush system prefs: java.util.prefs.BackingStoreException: Couldn't get file lock.
2026-08-08 13:37:10,398 [ERROR] LogOutputStream:75 - [STDERR_REDIRECT] 
2026-08-08 13:37:40,396 [ERROR] LogOutputStream:75 - [STDERR_REDIRECT] Aug 08, 2026 1:37:40 PM java.util.prefs.FileSystemPreferences checkLockFile0ErrorCode
2026-08-08 13:37:40,397 [ERROR] LogOutputStream:75 - [STDERR_REDIRECT] WARNING: Could not lock System prefs. Unix error code 5.
2026-08-08 13:37:40,397 [ERROR] LogOutputStream:75 - [STDERR_REDIRECT] 
2026-08-08 13:37:40,397 [ERROR] LogOutputStream:75 - [STDERR_REDIRECT] Aug 08, 2026 1:37:40 PM java.util.prefs.FileSystemPreferences syncWorld
2026-08-08 13:37:40,397 [ERROR] LogOutputStream:75 - [STDERR_REDIRECT] WARNING: Couldn't flush system prefs: java.util.prefs.BackingStoreException: Couldn't get file lock.
2026-08-08 13:37:40,397 [ERROR] LogOutputStream:75 - [STDERR_REDIRECT] 
2026-08-08 13:38:10,397 [ERROR] LogOutputStream:75 - [STDERR_REDIRECT] Aug 08, 2026 1:38:10 PM java.util.prefs.FileSystemPreferences checkLockFile0ErrorCode
2026-08-08 13:38:10,397 [ERROR] LogOutputStream:75 - [STDERR_REDIRECT] WARNING: Could not lock System prefs. Unix error code 5.
2026-08-08 13:38:10,397 [ERROR] LogOutputStream:75 - [STDERR_REDIRECT] 
2026-08-08 13:38:10,397 [ERROR] LogOutputStream:75 - [STDERR_REDIRECT] Aug 08, 2026 1:38:10 PM java.util.prefs.FileSystemPreferences syncWorld
2026-08-08 13:38:10,398 [ERROR] LogOutputStream:75 - [STDERR_REDIRECT] WARNING: Couldn't flush system prefs: java.util.prefs.BackingStoreException: Couldn't get file lock.
2026-08-08 13:38:10,398 [ERROR] LogOutputStream:75 - [STDERR_REDIRECT] 
2026-08-08 13:38:40,396 [ERROR] LogOutputStream:75 - [STDERR_REDIRECT] Aug 08, 2026 1:38:40 PM java.util.prefs.FileSystemPreferences checkLockFile0ErrorCode
2026-08-08 13:38:40,397 [ERROR] LogOutputStream:75 - [STDERR_REDIRECT] WARNING: Could not lock System prefs. Unix error code 5.
2026-08-08 13:38:40,397 [ERROR] LogOutputStream:75 - [STDERR_REDIRECT] 
2026-08-08 13:38:40,397 [ERROR] LogOutputStream:75 - [STDERR_REDIRECT] Aug 08, 2026 1:38:40 PM java.util.prefs.FileSystemPreferences syncWorld
2026-08-08 13:38:40,397 [ERROR] LogOutputStream:75 - [STDERR_REDIRECT] WARNING: Couldn't flush system prefs: java.util.prefs.BackingStoreException: Couldn't get file lock.
2026-08-08 13:38:40,397 [ERROR] LogOutputStream:75 - [STDERR_REDIRECT] 
2026-08-08 13:39:10,397 [ERROR] LogOutputStream:75 - [STDERR_REDIRECT] Aug 08, 2026 1:39:10 PM java.util.prefs.FileSystemPreferences checkLockFile0ErrorCode
2026-08-08 13:39:10,397 [ERROR] LogOutputStream:75 - [STDERR_REDIRECT] WARNING: Could not lock System prefs. Unix error code 5.
2026-08-08 13:39:10,397 [ERROR] LogOutputStream:75 - [STDERR_REDIRECT] 
2026-08-08 13:39:10,397 [ERROR] LogOutputStream:75 - [STDERR_REDIRECT] Aug 08, 2026 1:39:10 PM java.util.prefs.FileSystemPreferences syncWorld
2026-08-08 13:39:10,398 [ERROR] LogOutputStream:75 - [STDERR_REDIRECT] WARNING: Couldn't flush system prefs: java.util.prefs.BackingStoreException: Couldn't get file lock.
2026-08-08 13:39:10,398 [ERROR] LogOutputStream:75 - [STDERR_REDIRECT] 
2026-08-08 13:39:40,397 [ERROR] LogOutputStream:75 - [STDERR_REDIRECT] Aug 08, 2026 1:39:40 PM java.util.prefs.FileSystemPreferences checkLockFile0ErrorCode
2026-08-08 13:39:40,397 [ERROR] LogOutputStream:75 - [STDERR_REDIRECT] WARNING: Could not lock System prefs. Unix error code 5.
2026-08-08 13:39:40,397 [ERROR] LogOutputStream:75 - [STDERR_REDIRECT] 
2026-08-08 13:39:40,397 [ERROR] LogOutputStream:75 - [STDERR_REDIRECT] Aug 08, 2026 1:39:40 PM java.util.prefs.FileSystemPreferences syncWorld
2026-08-08 13:39:40,397 [ERROR] LogOutputStream:75 - [STDERR_REDIRECT] WARNING: Couldn't flush system prefs: java.util.prefs.BackingStoreException: Couldn't get file lock.
2026-08-08 13:39:40,397 [ERROR] LogOutputStream:75 - [STDERR_REDIRECT] 
2026-08-08 13:40:10,398 [ERROR] LogOutputStream:75 - [STDERR_REDIRECT] Aug 08, 2026 1:40:10 PM java.util.prefs.FileSystemPreferences checkLockFile0ErrorCode
2026-08-08 13:40:10,398 [ERROR] LogOutputStream:75 - [STDERR_REDIRECT] WARNING: Could not lock System prefs. Unix error code 5.
2026-08-08 13:40:10,398 [ERROR] LogOutputStream:75 - [STDERR_REDIRECT] 
2026-08-08 13:40:10,399 [ERROR] LogOutputStream:75 - [STDERR_REDIRECT] Aug 08, 2026 1:40:10 PM java.util.prefs.FileSystemPreferences syncWorld
2026-08-08 13:40:10,399 [ERROR] LogOutputStream:75 - [STDERR_REDIRECT] WARNING: Couldn't flush system prefs: java.util.prefs.BackingStoreException: Couldn't get file lock.
2026-08-08 13:40:10,399 [ERROR] LogOutputStream:75 - [STDERR_REDIRECT] 
2026-08-08 13:40:40,397 [ERROR] LogOutputStream:75 - [STDERR_REDIRECT] Aug 08, 2026 1:40:40 PM java.util.prefs.FileSystemPreferences checkLockFile0ErrorCode
2026-08-08 13:40:40,398 [ERROR] LogOutputStream:75 - [STDERR_REDIRECT] WARNING: Could not lock System prefs. Unix error code 5.
2026-08-08 13:40:40,398 [ERROR] LogOutputStream:75 - [STDERR_REDIRECT] 
2026-08-08 13:40:40,398 [ERROR] LogOutputStream:75 - [STDERR_REDIRECT] Aug 08, 2026 1:40:40 PM java.util.prefs.FileSystemPreferences syncWorld
2026-08-08 13:40:40,398 [ERROR] LogOutputStream:75 - [STDERR_REDIRECT] WARNING: Couldn't flush system prefs: java.util.prefs.BackingStoreException: Couldn't get file lock.
2026-08-08 13:40:40,398 [ERROR] LogOutputStream:75 - [STDERR_REDIRECT] 
2026-08-08 13:41:10,397 [ERROR] LogOutputStream:75 - [STDERR_REDIRECT] Aug 08, 2026 1:41:10 PM java.util.prefs.FileSystemPreferences checkLockFile0ErrorCode
2026-08-08 13:41:10,397 [ERROR] LogOutputStream:75 - [STDERR_REDIRECT] WARNING: Could not lock System prefs. Unix error code 5.
2026-08-08 13:41:10,397 [ERROR] LogOutputStream:75 - [STDERR_REDIRECT] 
2026-08-08 13:41:10,397 [ERROR] LogOutputStream:75 - [STDERR_REDIRECT] Aug 08, 2026 1:41:10 PM java.util.prefs.FileSystemPreferences syncWorld
2026-08-08 13:41:10,397 [ERROR] LogOutputStream:75 - [STDERR_REDIRECT] WARNING: Couldn't flush system prefs: java.util.prefs.BackingStoreException: Couldn't get file lock.
2026-08-08 13:41:10,397 [ERROR] LogOutputStream:75 - [STDERR_REDIRECT] 
2026-08-08 13:41:40,396 [ERROR] LogOutputStream:75 - [STDERR_REDIRECT] Aug 08, 2026 1:41:40 PM java.util.prefs.FileSystemPreferences checkLockFile0ErrorCode
2026-08-08 13:41:40,396 [ERROR] LogOutputStream:75 - [STDERR_REDIRECT] WARNING: Could not lock System prefs. Unix error code 5.
2026-08-08 13:41:40,396 [ERROR] LogOutputStream:75 - [STDERR_REDIRECT] 
2026-08-08 13:41:40,396 [ERROR] LogOutputStream:75 - [STDERR_REDIRECT] Aug 08, 2026 1:41:40 PM java.util.prefs.FileSystemPreferences syncWorld
2026-08-08 13:41:40,397 [ERROR] LogOutputStream:75 - [STDERR_REDIRECT] WARNING: Couldn't flush system prefs: java.util.prefs.BackingStoreException: Couldn't get file lock.
2026-08-08 13:41:40,397 [ERROR] LogOutputStream:75 - [STDERR_REDIRECT] 
2026-08-08 13:42:10,396 [ERROR] LogOutputStream:75 - [STDERR_REDIRECT] Aug 08, 2026 1:42:10 PM java.util.prefs.FileSystemPreferences checkLockFile0ErrorCode
2026-08-08 13:42:10,397 [ERROR] LogOutputStream:75 - [STDERR_REDIRECT] WARNING: Could not lock System prefs. Unix error code 5.
2026-08-08 13:42:10,397 [ERROR] LogOutputStream:75 - [STDERR_REDIRECT] 
2026-08-08 13:42:10,397 [ERROR] LogOutputStream:75 - [STDERR_REDIRECT] Aug 08, 2026 1:42:10 PM java.util.prefs.FileSystemPreferences syncWorld
2026-08-08 13:42:10,397 [ERROR] LogOutputStream:75 - [STDERR_REDIRECT] WARNING: Couldn't flush system prefs: java.util.prefs.BackingStoreException: Couldn't get file lock.
2026-08-08 13:42:10,397 [ERROR] LogOutputStream:75 - [STDERR_REDIRECT] 
2026-08-08 13:42:40,397 [ERROR] LogOutputStream:75 - [STDERR_REDIRECT] Aug 08, 2026 1:42:40 PM java.util.prefs.FileSystemPreferences checkLockFile0ErrorCode
2026-08-08 13:42:40,397 [ERROR] LogOutputStream:75 - [STDERR_REDIRECT] WARNING: Could not lock System prefs. Unix error code 5.
2026-08-08 13:42:40,397 [ERROR] LogOutputStream:75 - [STDERR_REDIRECT] 
2026-08-08 13:42:40,397 [ERROR] LogOutputStream:75 - [STDERR_REDIRECT] Aug 08, 2026 1:42:40 PM java.util.prefs.FileSystemPreferences syncWorld
2026-08-08 13:42:40,398 [ERROR] LogOutputStream:75 - [STDERR_REDIRECT] WARNING: Couldn't flush system prefs: java.util.prefs.BackingStoreException: Couldn't get file lock.
2026-08-08 13:42:40,398 [ERROR] LogOutputStream:75 - [STDERR_REDIRECT] 
2026-08-08 13:43:10,397 [ERROR] LogOutputStream:75 - [STDERR_REDIRECT] Aug 08, 2026 1:43:10 PM java.util.prefs.FileSystemPreferences checkLockFile0ErrorCode
2026-08-08 13:43:10,397 [ERROR] LogOutputStream:75 - [STDERR_REDIRECT] WARNING: Could not lock System prefs. Unix error code 5.
2026-08-08 13:43:10,397 [ERROR] LogOutputStream:75 - [STDERR_REDIRECT] 
2026-08-08 13:43:10,397 [ERROR] LogOutputStream:75 - [STDERR_REDIRECT] Aug 08, 2026 1:43:10 PM java.util.prefs.FileSystemPreferences syncWorld
2026-08-08 13:43:10,397 [ERROR] LogOutputStream:75 - [STDERR_REDIRECT] WARNING: Couldn't flush system prefs: java.util.prefs.BackingStoreException: Couldn't get file lock.
2026-08-08 13:43:10,398 [ERROR] LogOutputStream:75 - [STDERR_REDIRECT] 
2026-08-08 13:43:40,398 [ERROR] LogOutputStream:75 - [STDERR_REDIRECT] Aug 08, 2026 1:43:40 PM java.util.prefs.FileSystemPreferences checkLockFile0ErrorCode
2026-08-08 13:43:40,398 [ERROR] LogOutputStream:75 - [STDERR_REDIRECT] WARNING: Could not lock System prefs. Unix error code 5.
2026-08-08 13:43:40,398 [ERROR] LogOutputStream:75 - [STDERR_REDIRECT] 
2026-08-08 13:43:40,398 [ERROR] LogOutputStream:75 - [STDERR_REDIRECT] Aug 08, 2026 1:43:40 PM java.util.prefs.FileSystemPreferences syncWorld
2026-08-08 13:43:40,398 [ERROR] LogOutputStream:75 - [STDERR_REDIRECT] WARNING: Couldn't flush system prefs: java.util.prefs.BackingStoreException: Couldn't get file lock.
2026-08-08 13:43:40,398 [ERROR] LogOutputStream:75 - [STDERR_REDIRECT] 
2026-08-08 13:44:10,398 [ERROR] LogOutputStream:75 - [STDERR_REDIRECT] Aug 08, 2026 1:44:10 PM java.util.prefs.FileSystemPreferences checkLockFile0ErrorCode
2026-08-08 13:44:10,398 [ERROR] LogOutputStream:75 - [STDERR_REDIRECT] WARNING: Could not lock System prefs. Unix error code 5.
2026-08-08 13:44:10,398 [ERROR] LogOutputStream:75 - [STDERR_REDIRECT] 
2026-08-08 13:44:10,398 [ERROR] LogOutputStream:75 - [STDERR_REDIRECT] Aug 08, 2026 1:44:10 PM java.util.prefs.FileSystemPreferences syncWorld
2026-08-08 13:44:10,398 [ERROR] LogOutputStream:75 - [STDERR_REDIRECT] WARNING: Couldn't flush system prefs: java.util.prefs.BackingStoreException: Couldn't get file lock.
2026-08-08 13:44:10,399 [ERROR] LogOutputStream:75 - [STDERR_REDIRECT] 
2026-08-08 13:44:40,398 [ERROR] LogOutputStream:75 - [STDERR_REDIRECT] Aug 08, 2026 1:44:40 PM java.util.prefs.FileSystemPreferences checkLockFile0ErrorCode
2026-08-08 13:44:40,398 [ERROR] LogOutputStream:75 - [STDERR_REDIRECT] WARNING: Could not lock System prefs. Unix error code 5.
2026-08-08 13:44:40,398 [ERROR] LogOutputStream:75 - [STDERR_REDIRECT] 
2026-08-08 13:44:40,399 [ERROR] LogOutputStream:75 - [STDERR_REDIRECT] Aug 08, 2026 1:44:40 PM java.util.prefs.FileSystemPreferences syncWorld
2026-08-08 13:44:40,400 [ERROR] LogOutputStream:75 - [STDERR_REDIRECT] WARNING: Couldn't flush system prefs: java.util.prefs.BackingStoreException: Couldn't get file lock.
2026-08-08 13:44:40,400 [ERROR] LogOutputStream:75 - [STDERR_REDIRECT] 
2026-08-08 13:45:10,398 [ERROR] LogOutputStream:75 - [STDERR_REDIRECT] Aug 08, 2026 1:45:10 PM java.util.prefs.FileSystemPreferences checkLockFile0ErrorCode
2026-08-08 13:45:10,398 [ERROR] LogOutputStream:75 - [STDERR_REDIRECT] WARNING: Could not lock System prefs. Unix error code 5.
2026-08-08 13:45:10,398 [ERROR] LogOutputStream:75 - [STDERR_REDIRECT] 
2026-08-08 13:45:10,399 [ERROR] LogOutputStream:75 - [STDERR_REDIRECT] Aug 08, 2026 1:45:10 PM java.util.prefs.FileSystemPreferences syncWorld
2026-08-08 13:45:10,399 [ERROR] LogOutputStream:75 - [STDERR_REDIRECT] WARNING: Couldn't flush system prefs: java.util.prefs.BackingStoreException: Couldn't get file lock.
2026-08-08 13:45:10,399 [ERROR] LogOutputStream:75 - [STDERR_REDIRECT] 
2026-08-08 13:45:40,398 [ERROR] LogOutputStream:75 - [STDERR_REDIRECT] Aug 08, 2026 1:45:40 PM java.util.prefs.FileSystemPreferences checkLockFile0ErrorCode
2026-08-08 13:45:40,398 [ERROR] LogOutputStream:75 - [STDERR_REDIRECT] WARNING: Could not lock System prefs. Unix error code 5.
2026-08-08 13:45:40,398 [ERROR] LogOutputStream:75 - [STDERR_REDIRECT] 
2026-08-08 13:45:40,398 [ERROR] LogOutputStream:75 - [STDERR_REDIRECT] Aug 08, 2026 1:45:40 PM java.util.prefs.FileSystemPreferences syncWorld
2026-08-08 13:45:40,398 [ERROR] LogOutputStream:75 - [STDERR_REDIRECT] WARNING: Couldn't flush system prefs: java.util.prefs.BackingStoreException: Couldn't get file lock.
2026-08-08 13:45:40,398 [ERROR] LogOutputStream:75 - [STDERR_REDIRECT] 
2026-08-08 13:46:10,398 [ERROR] LogOutputStream:75 - [STDERR_REDIRECT] Aug 08, 2026 1:46:10 PM java.util.prefs.FileSystemPreferences checkLockFile0ErrorCode
2026-08-08 13:46:10,398 [ERROR] LogOutputStream:75 - [STDERR_REDIRECT] WARNING: Could not lock System prefs. Unix error code 5.
2026-08-08 13:46:10,399 [ERROR] LogOutputStream:75 - [STDERR_REDIRECT] 
2026-08-08 13:46:10,399 [ERROR] LogOutputStream:75 - [STDERR_REDIRECT] Aug 08, 2026 1:46:10 PM java.util.prefs.FileSystemPreferences syncWorld
2026-08-08 13:46:10,399 [ERROR] LogOutputStream:75 - [STDERR_REDIRECT] WARNING: Couldn't flush system prefs: java.util.prefs.BackingStoreException: Couldn't get file lock.
2026-08-08 13:46:10,399 [ERROR] LogOutputStream:75 - [STDERR_REDIRECT] 
2026-08-08 13:46:40,398 [ERROR] LogOutputStream:75 - [STDERR_REDIRECT] Aug 08, 2026 1:46:40 PM java.util.prefs.FileSystemPreferences checkLockFile0ErrorCode
2026-08-08 13:46:40,399 [ERROR] LogOutputStream:75 - [STDERR_REDIRECT] WARNING: Could not lock System prefs. Unix error code 5.
2026-08-08 13:46:40,399 [ERROR] LogOutputStream:75 - [STDERR_REDIRECT] 
2026-08-08 13:46:40,399 [ERROR] LogOutputStream:75 - [STDERR_REDIRECT] Aug 08, 2026 1:46:40 PM java.util.prefs.FileSystemPreferences syncWorld
2026-08-08 13:46:40,399 [ERROR] LogOutputStream:75 - [STDERR_REDIRECT] WARNING: Couldn't flush system prefs: java.util.prefs.BackingStoreException: Couldn't get file lock.
2026-08-08 13:46:40,399 [ERROR] LogOutputStream:75 - [STDERR_REDIRECT] 
2026-08-08 13:47:10,401 [ERROR] LogOutputStream:75 - [STDERR_REDIRECT] Aug 08, 2026 1:47:10 PM java.util.prefs.FileSystemPreferences checkLockFile0ErrorCode
2026-08-08 13:47:10,401 [ERROR] LogOutputStream:75 - [STDERR_REDIRECT] WARNING: Could not lock System prefs. Unix error code 5.
2026-08-08 13:47:10,401 [ERROR] LogOutputStream:75 - [STDERR_REDIRECT] 
2026-08-08 13:47:10,401 [ERROR] LogOutputStream:75 - [STDERR_REDIRECT] Aug 08, 2026 1:47:10 PM java.util.prefs.FileSystemPreferences syncWorld
2026-08-08 13:47:10,401 [ERROR] LogOutputStream:75 - [STDERR_REDIRECT] WARNING: Couldn't flush system prefs: java.util.prefs.BackingStoreException: Couldn't get file lock.
2026-08-08 13:47:10,401 [ERROR] LogOutputStream:75 - [STDERR_REDIRECT] 
2026-08-08 13:47:40,399 [ERROR] LogOutputStream:75 - [STDERR_REDIRECT] Aug 08, 2026 1:47:40 PM java.util.prefs.FileSystemPreferences checkLockFile0ErrorCode
2026-08-08 13:47:40,401 [ERROR] LogOutputStream:75 - [STDERR_REDIRECT] WARNING: Could not lock System prefs. Unix error code 5.
2026-08-08 13:47:40,401 [ERROR] LogOutputStream:75 - [STDERR_REDIRECT] 
2026-08-08 13:47:40,401 [ERROR] LogOutputStream:75 - [STDERR_REDIRECT] Aug 08, 2026 1:47:40 PM java.util.prefs.FileSystemPreferences syncWorld
2026-08-08 13:47:40,401 [ERROR] LogOutputStream:75 - [STDERR_REDIRECT] WARNING: Couldn't flush system prefs: java.util.prefs.BackingStoreException: Couldn't get file lock.
2026-08-08 13:47:40,401 [ERROR] LogOutputStream:75 - [STDERR_REDIRECT] 
2026-08-08 13:48:10,399 [ERROR] LogOutputStream:75 - [STDERR_REDIRECT] Aug 08, 2026 1:48:10 PM java.util.prefs.FileSystemPreferences checkLockFile0ErrorCode
2026-08-08 13:48:10,399 [ERROR] LogOutputStream:75 - [STDERR_REDIRECT] WARNING: Could not lock System prefs. Unix error code 5.
2026-08-08 13:48:10,399 [ERROR] LogOutputStream:75 - [STDERR_REDIRECT] 
2026-08-08 13:48:10,400 [ERROR] LogOutputStream:75 - [STDERR_REDIRECT] Aug 08, 2026 1:48:10 PM java.util.prefs.FileSystemPreferences syncWorld
2026-08-08 13:48:10,400 [ERROR] LogOutputStream:75 - [STDERR_REDIRECT] WARNING: Couldn't flush system prefs: java.util.prefs.BackingStoreException: Couldn't get file lock.
2026-08-08 13:48:10,400 [ERROR] LogOutputStream:75 - [STDERR_REDIRECT] 
2026-08-08 13:48:40,399 [ERROR] LogOutputStream:75 - [STDERR_REDIRECT] Aug 08, 2026 1:48:40 PM java.util.prefs.FileSystemPreferences checkLockFile0ErrorCode
2026-08-08 13:48:40,399 [ERROR] LogOutputStream:75 - [STDERR_REDIRECT] WARNING: Could not lock System prefs. Unix error code 5.
2026-08-08 13:48:40,399 [ERROR] LogOutputStream:75 - [STDERR_REDIRECT] 
2026-08-08 13:48:40,399 [ERROR] LogOutputStream:75 - [STDERR_REDIRECT] Aug 08, 2026 1:48:40 PM java.util.prefs.FileSystemPreferences syncWorld
2026-08-08 13:48:40,399 [ERROR] LogOutputStream:75 - [STDERR_REDIRECT] WARNING: Couldn't flush system prefs: java.util.prefs.BackingStoreException: Couldn't get file lock.
2026-08-08 13:48:40,399 [ERROR] LogOutputStream:75 - [STDERR_REDIRECT] 
2026-08-08 13:49:10,398 [ERROR] LogOutputStream:75 - [STDERR_REDIRECT] Aug 08, 2026 1:49:10 PM java.util.prefs.FileSystemPreferences checkLockFile0ErrorCode
2026-08-08 13:49:10,399 [ERROR] LogOutputStream:75 - [STDERR_REDIRECT] WARNING: Could not lock System prefs. Unix error code 5.
2026-08-08 13:49:10,399 [ERROR] LogOutputStream:75 - [STDERR_REDIRECT] 
2026-08-08 13:49:10,399 [ERROR] LogOutputStream:75 - [STDERR_REDIRECT] Aug 08, 2026 1:49:10 PM java.util.prefs.FileSystemPreferences syncWorld
2026-08-08 13:49:10,399 [ERROR] LogOutputStream:75 - [STDERR_REDIRECT] WARNING: Couldn't flush system prefs: java.util.prefs.BackingStoreException: Couldn't get file lock.
2026-08-08 13:49:10,399 [ERROR] LogOutputStream:75 - [STDERR_REDIRECT] 
2026-08-08 13:49:40,399 [ERROR] LogOutputStream:75 - [STDERR_REDIRECT] Aug 08, 2026 1:49:40 PM java.util.prefs.FileSystemPreferences checkLockFile0ErrorCode
2026-08-08 13:49:40,399 [ERROR] LogOutputStream:75 - [STDERR_REDIRECT] WARNING: Could not lock System prefs. Unix error code 5.
2026-08-08 13:49:40,399 [ERROR] LogOutputStream:75 - [STDERR_REDIRECT] 
2026-08-08 13:49:40,399 [ERROR] LogOutputStream:75 - [STDERR_REDIRECT] Aug 08, 2026 1:49:40 PM java.util.prefs.FileSystemPreferences syncWorld
2026-08-08 13:49:40,400 [ERROR] LogOutputStream:75 - [STDERR_REDIRECT] WARNING: Couldn't flush system prefs: java.util.prefs.BackingStoreException: Couldn't get file lock.
2026-08-08 13:49:40,400 [ERROR] LogOutputStream:75 - [STDERR_REDIRECT] 
2026-08-08 13:50:10,398 [ERROR] LogOutputStream:75 - [STDERR_REDIRECT] Aug 08, 2026 1:50:10 PM java.util.prefs.FileSystemPreferences checkLockFile0ErrorCode
2026-08-08 13:50:10,398 [ERROR] LogOutputStream:75 - [STDERR_REDIRECT] WARNING: Could not lock System prefs. Unix error code 5.
2026-08-08 13:50:10,398 [ERROR] LogOutputStream:75 - [STDERR_REDIRECT] 
2026-08-08 13:50:10,399 [ERROR] LogOutputStream:75 - [STDERR_REDIRECT] Aug 08, 2026 1:50:10 PM java.util.prefs.FileSystemPreferences syncWorld
2026-08-08 13:50:10,399 [ERROR] LogOutputStream:75 - [STDERR_REDIRECT] WARNING: Couldn't flush system prefs: java.util.prefs.BackingStoreException: Couldn't get file lock.
2026-08-08 13:50:10,399 [ERROR] LogOutputStream:75 - [STDERR_REDIRECT] 
2026-08-08 13:50:40,398 [ERROR] LogOutputStream:75 - [STDERR_REDIRECT] Aug 08, 2026 1:50:40 PM java.util.prefs.FileSystemPreferences checkLockFile0ErrorCode
2026-08-08 13:50:40,399 [ERROR] LogOutputStream:75 - [STDERR_REDIRECT] WARNING: Could not lock System prefs. Unix error code 5.
2026-08-08 13:50:40,399 [ERROR] LogOutputStream:75 - [STDERR_REDIRECT] 
2026-08-08 13:50:40,399 [ERROR] LogOutputStream:75 - [STDERR_REDIRECT] Aug 08, 2026 1:50:40 PM java.util.prefs.FileSystemPreferences syncWorld
2026-08-08 13:50:40,399 [ERROR] LogOutputStream:75 - [STDERR_REDIRECT] WARNING: Couldn't flush system prefs: java.util.prefs.BackingStoreException: Couldn't get file lock.
2026-08-08 13:50:40,399 [ERROR] LogOutputStream:75 - [STDERR_REDIRECT] 
2026-08-08 13:51:10,399 [ERROR] LogOutputStream:75 - [STDERR_REDIRECT] Aug 08, 2026 1:51:10 PM java.util.prefs.FileSystemPreferences checkLockFile0ErrorCode
2026-08-08 13:51:10,399 [ERROR] LogOutputStream:75 - [STDERR_REDIRECT] WARNING: Could not lock System prefs. Unix error code 5.
2026-08-08 13:51:10,399 [ERROR] LogOutputStream:75 - [STDERR_REDIRECT] 
2026-08-08 13:51:10,400 [ERROR] LogOutputStream:75 - [STDERR_REDIRECT] Aug 08, 2026 1:51:10 PM java.util.prefs.FileSystemPreferences syncWorld
2026-08-08 13:51:10,400 [ERROR] LogOutputStream:75 - [STDERR_REDIRECT] WARNING: Couldn't flush system prefs: java.util.prefs.BackingStoreException: Couldn't get file lock.
2026-08-08 13:51:10,400 [ERROR] LogOutputStream:75 - [STDERR_REDIRECT] 
2026-08-08 13:51:40,399 [ERROR] LogOutputStream:75 - [STDERR_REDIRECT] Aug 08, 2026 1:51:40 PM java.util.prefs.FileSystemPreferences checkLockFile0ErrorCode
2026-08-08 13:51:40,399 [ERROR] LogOutputStream:75 - [STDERR_REDIRECT] WARNING: Could not lock System prefs. Unix error code 5.
2026-08-08 13:51:40,399 [ERROR] LogOutputStream:75 - [STDERR_REDIRECT] 
2026-08-08 13:51:40,399 [ERROR] LogOutputStream:75 - [STDERR_REDIRECT] Aug 08, 2026 1:51:40 PM java.util.prefs.FileSystemPreferences syncWorld
2026-08-08 13:51:40,399 [ERROR] LogOutputStream:75 - [STDERR_REDIRECT] WARNING: Couldn't flush system prefs: java.util.prefs.BackingStoreException: Couldn't get file lock.
2026-08-08 13:51:40,399 [ERROR] LogOutputStream:75 - [STDERR_REDIRECT] 
2026-08-08 13:52:10,400 [ERROR] LogOutputStream:75 - [STDERR_REDIRECT] Aug 08, 2026 1:52:10 PM java.util.prefs.FileSystemPreferences checkLockFile0ErrorCode
2026-08-08 13:52:10,400 [ERROR] LogOutputStream:75 - [STDERR_REDIRECT] WARNING: Could not lock System prefs. Unix error code 5.
2026-08-08 13:52:10,400 [ERROR] LogOutputStream:75 - [STDERR_REDIRECT] 
2026-08-08 13:52:10,400 [ERROR] LogOutputStream:75 - [STDERR_REDIRECT] Aug 08, 2026 1:52:10 PM java.util.prefs.FileSystemPreferences syncWorld
2026-08-08 13:52:10,401 [ERROR] LogOutputStream:75 - [STDERR_REDIRECT] WARNING: Couldn't flush system prefs: java.util.prefs.BackingStoreException: Couldn't get file lock.
2026-08-08 13:52:10,401 [ERROR] LogOutputStream:75 - [STDERR_REDIRECT] 
2026-08-08 13:52:40,400 [ERROR] LogOutputStream:75 - [STDERR_REDIRECT] Aug 08, 2026 1:52:40 PM java.util.prefs.FileSystemPreferences checkLockFile0ErrorCode
2026-08-08 13:52:40,400 [ERROR] LogOutputStream:75 - [STDERR_REDIRECT] WARNING: Could not lock System prefs. Unix error code 5.
2026-08-08 13:52:40,400 [ERROR] LogOutputStream:75 - [STDERR_REDIRECT] 
2026-08-08 13:52:40,400 [ERROR] LogOutputStream:75 - [STDERR_REDIRECT] Aug 08, 2026 1:52:40 PM java.util.prefs.FileSystemPreferences syncWorld
2026-08-08 13:52:40,400 [ERROR] LogOutputStream:75 - [STDERR_REDIRECT] WARNING: Couldn't flush system prefs: java.util.prefs.BackingStoreException: Couldn't get file lock.
2026-08-08 13:52:40,401 [ERROR] LogOutputStream:75 - [STDERR_REDIRECT] 
2026-08-08 13:53:10,400 [ERROR] LogOutputStream:75 - [STDERR_REDIRECT] Aug 08, 2026 1:53:10 PM java.util.prefs.FileSystemPreferences checkLockFile0ErrorCode
2026-08-08 13:53:10,400 [ERROR] LogOutputStream:75 - [STDERR_REDIRECT] WARNING: Could not lock System prefs. Unix error code 5.
2026-08-08 13:53:10,400 [ERROR] LogOutputStream:75 - [STDERR_REDIRECT] 
2026-08-08 13:53:10,400 [ERROR] LogOutputStream:75 - [STDERR_REDIRECT] Aug 08, 2026 1:53:10 PM java.util.prefs.FileSystemPreferences syncWorld
2026-08-08 13:53:10,400 [ERROR] LogOutputStream:75 - [STDERR_REDIRECT] WARNING: Couldn't flush system prefs: java.util.prefs.BackingStoreException: Couldn't get file lock.
2026-08-08 13:53:10,400 [ERROR] LogOutputStream:75 - [STDERR_REDIRECT] 
2026-08-08 13:53:40,400 [ERROR] LogOutputStream:75 - [STDERR_REDIRECT] Aug 08, 2026 1:53:40 PM java.util.prefs.FileSystemPreferences checkLockFile0ErrorCode
2026-08-08 13:53:40,400 [ERROR] LogOutputStream:75 - [STDERR_REDIRECT] WARNING: Could not lock System prefs. Unix error code 5.
2026-08-08 13:53:40,400 [ERROR] LogOutputStream:75 - [STDERR_REDIRECT] 
2026-08-08 13:53:40,401 [ERROR] LogOutputStream:75 - [STDERR_REDIRECT] Aug 08, 2026 1:53:40 PM java.util.prefs.FileSystemPreferences syncWorld
2026-08-08 13:53:40,401 [ERROR] LogOutputStream:75 - [STDERR_REDIRECT] WARNING: Couldn't flush system prefs: java.util.prefs.BackingStoreException: Couldn't get file lock.
2026-08-08 13:53:40,401 [ERROR] LogOutputStream:75 - [STDERR_REDIRECT] 
2026-08-08 13:54:10,402 [ERROR] LogOutputStream:75 - [STDERR_REDIRECT] Aug 08, 2026 1:54:10 PM java.util.prefs.FileSystemPreferences checkLockFile0ErrorCode
2026-08-08 13:54:10,402 [ERROR] LogOutputStream:75 - [STDERR_REDIRECT] WARNING: Could not lock System prefs. Unix error code 5.
2026-08-08 13:54:10,402 [ERROR] LogOutputStream:75 - [STDERR_REDIRECT] 
2026-08-08 13:54:10,402 [ERROR] LogOutputStream:75 - [STDERR_REDIRECT] Aug 08, 2026 1:54:10 PM java.util.prefs.FileSystemPreferences syncWorld
2026-08-08 13:54:10,402 [ERROR] LogOutputStream:75 - [STDERR_REDIRECT] WARNING: Couldn't flush system prefs: java.util.prefs.BackingStoreException: Couldn't get file lock.
2026-08-08 13:54:10,402 [ERROR] LogOutputStream:75 - [STDERR_REDIRECT] 
2026-08-08 13:54:40,401 [ERROR] LogOutputStream:75 - [STDERR_REDIRECT] Aug 08, 2026 1:54:40 PM java.util.prefs.FileSystemPreferences checkLockFile0ErrorCode
2026-08-08 13:54:40,402 [ERROR] LogOutputStream:75 - [STDERR_REDIRECT] WARNING: Could not lock System prefs. Unix error code 5.
2026-08-08 13:54:40,402 [ERROR] LogOutputStream:75 - [STDERR_REDIRECT] 
2026-08-08 13:54:40,402 [ERROR] LogOutputStream:75 - [STDERR_REDIRECT] Aug 08, 2026 1:54:40 PM java.util.prefs.FileSystemPreferences syncWorld
2026-08-08 13:54:40,403 [ERROR] LogOutputStream:75 - [STDERR_REDIRECT] WARNING: Couldn't flush system prefs: java.util.prefs.BackingStoreException: Couldn't get file lock.
2026-08-08 13:54:40,403 [ERROR] LogOutputStream:75 - [STDERR_REDIRECT] 
2026-08-08 13:55:10,403 [ERROR] LogOutputStream:75 - [STDERR_REDIRECT] Aug 08, 2026 1:55:10 PM java.util.prefs.FileSystemPreferences checkLockFile0ErrorCode
2026-08-08 13:55:10,403 [ERROR] LogOutputStream:75 - [STDERR_REDIRECT] WARNING: Could not lock System prefs. Unix error code 5.
2026-08-08 13:55:10,403 [ERROR] LogOutputStream:75 - [STDERR_REDIRECT] 
2026-08-08 13:55:10,403 [ERROR] LogOutputStream:75 - [STDERR_REDIRECT] Aug 08, 2026 1:55:10 PM java.util.prefs.FileSystemPreferences syncWorld
2026-08-08 13:55:10,403 [ERROR] LogOutputStream:75 - [STDERR_REDIRECT] WARNING: Couldn't flush system prefs: java.util.prefs.BackingStoreException: Couldn't get file lock.
2026-08-08 13:55:10,403 [ERROR] LogOutputStream:75 - [STDERR_REDIRECT] 
2026-08-08 13:55:40,402 [ERROR] LogOutputStream:75 - [STDERR_REDIRECT] Aug 08, 2026 1:55:40 PM java.util.prefs.FileSystemPreferences checkLockFile0ErrorCode
2026-08-08 13:55:40,402 [ERROR] LogOutputStream:75 - [STDERR_REDIRECT] WARNING: Could not lock System prefs. Unix error code 5.
2026-08-08 13:55:40,402 [ERROR] LogOutputStream:75 - [STDERR_REDIRECT] 
2026-08-08 13:55:40,402 [ERROR] LogOutputStream:75 - [STDERR_REDIRECT] Aug 08, 2026 1:55:40 PM java.util.prefs.FileSystemPreferences syncWorld
2026-08-08 13:55:40,402 [ERROR] LogOutputStream:75 - [STDERR_REDIRECT] WARNING: Couldn't flush system prefs: java.util.prefs.BackingStoreException: Couldn't get file lock.
2026-08-08 13:55:40,402 [ERROR] LogOutputStream:75 - [STDERR_REDIRECT] 
2026-08-08 13:56:10,403 [ERROR] LogOutputStream:75 - [STDERR_REDIRECT] Aug 08, 2026 1:56:10 PM java.util.prefs.FileSystemPreferences checkLockFile0ErrorCode
2026-08-08 13:56:10,403 [ERROR] LogOutputStream:75 - [STDERR_REDIRECT] WARNING: Could not lock System prefs. Unix error code 5.
2026-08-08 13:56:10,404 [ERROR] LogOutputStream:75 - [STDERR_REDIRECT] 
2026-08-08 13:56:10,404 [ERROR] LogOutputStream:75 - [STDERR_REDIRECT] Aug 08, 2026 1:56:10 PM java.util.prefs.FileSystemPreferences syncWorld
2026-08-08 13:56:10,404 [ERROR] LogOutputStream:75 - [STDERR_REDIRECT] WARNING: Couldn't flush system prefs: java.util.prefs.BackingStoreException: Couldn't get file lock.
2026-08-08 13:56:10,404 [ERROR] LogOutputStream:75 - [STDERR_REDIRECT] 
2026-08-08 13:56:40,408 [ERROR] LogOutputStream:75 - [STDERR_REDIRECT] Aug 08, 2026 1:56:40 PM java.util.prefs.FileSystemPreferences checkLockFile0ErrorCode
2026-08-08 13:56:40,408 [ERROR] LogOutputStream:75 - [STDERR_REDIRECT] WARNING: Could not lock System prefs. Unix error code 5.
2026-08-08 13:56:40,408 [ERROR] LogOutputStream:75 - [STDERR_REDIRECT] 
2026-08-08 13:56:40,408 [ERROR] LogOutputStream:75 - [STDERR_REDIRECT] Aug 08, 2026 1:56:40 PM java.util.prefs.FileSystemPreferences syncWorld
2026-08-08 13:56:40,409 [ERROR] LogOutputStream:75 - [STDERR_REDIRECT] WARNING: Couldn't flush system prefs: java.util.prefs.BackingStoreException: Couldn't get file lock.
2026-08-08 13:56:40,409 [ERROR] LogOutputStream:75 - [STDERR_REDIRECT] 
2026-08-08 13:57:10,403 [ERROR] LogOutputStream:75 - [STDERR_REDIRECT] Aug 08, 2026 1:57:10 PM java.util.prefs.FileSystemPreferences checkLockFile0ErrorCode
2026-08-08 13:57:10,404 [ERROR] LogOutputStream:75 - [STDERR_REDIRECT] WARNING: Could not lock System prefs. Unix error code 5.
2026-08-08 13:57:10,404 [ERROR] LogOutputStream:75 - [STDERR_REDIRECT] 
2026-08-08 13:57:10,404 [ERROR] LogOutputStream:75 - [STDERR_REDIRECT] Aug 08, 2026 1:57:10 PM java.util.prefs.FileSystemPreferences syncWorld
2026-08-08 13:57:10,404 [ERROR] LogOutputStream:75 - [STDERR_REDIRECT] WARNING: Couldn't flush system prefs: java.util.prefs.BackingStoreException: Couldn't get file lock.
2026-08-08 13:57:10,404 [ERROR] LogOutputStream:75 - [STDERR_REDIRECT] 
2026-08-08 13:57:40,403 [ERROR] LogOutputStream:75 - [STDERR_REDIRECT] Aug 08, 2026 1:57:40 PM java.util.prefs.FileSystemPreferences checkLockFile0ErrorCode
2026-08-08 13:57:40,406 [ERROR] LogOutputStream:75 - [STDERR_REDIRECT] WARNING: Could not lock System prefs. Unix error code 5.
2026-08-08 13:57:40,407 [ERROR] LogOutputStream:75 - [STDERR_REDIRECT] 
2026-08-08 13:57:40,407 [ERROR] LogOutputStream:75 - [STDERR_REDIRECT] Aug 08, 2026 1:57:40 PM java.util.prefs.FileSystemPreferences syncWorld
2026-08-08 13:57:40,407 [ERROR] LogOutputStream:75 - [STDERR_REDIRECT] WARNING: Couldn't flush system prefs: java.util.prefs.BackingStoreException: Couldn't get file lock.
2026-08-08 13:57:40,407 [ERROR] LogOutputStream:75 - [STDERR_REDIRECT] 
2026-08-08 13:58:10,403 [ERROR] LogOutputStream:75 - [STDERR_REDIRECT] Aug 08, 2026 1:58:10 PM java.util.prefs.FileSystemPreferences checkLockFile0ErrorCode
2026-08-08 13:58:10,403 [ERROR] LogOutputStream:75 - [STDERR_REDIRECT] WARNING: Could not lock System prefs. Unix error code 5.
2026-08-08 13:58:10,403 [ERROR] LogOutputStream:75 - [STDERR_REDIRECT] 
2026-08-08 13:58:10,404 [ERROR] LogOutputStream:75 - [STDERR_REDIRECT] Aug 08, 2026 1:58:10 PM java.util.prefs.FileSystemPreferences syncWorld
2026-08-08 13:58:10,404 [ERROR] LogOutputStream:75 - [STDERR_REDIRECT] WARNING: Couldn't flush system prefs: java.util.prefs.BackingStoreException: Couldn't get file lock.
2026-08-08 13:58:10,404 [ERROR] LogOutputStream:75 - [STDERR_REDIRECT] 
2026-08-08 13:58:40,405 [ERROR] LogOutputStream:75 - [STDERR_REDIRECT] Aug 08, 2026 1:58:40 PM java.util.prefs.FileSystemPreferences checkLockFile0ErrorCode
2026-08-08 13:58:40,405 [ERROR] LogOutputStream:75 - [STDERR_REDIRECT] WARNING: Could not lock System prefs. Unix error code 5.
2026-08-08 13:58:40,405 [ERROR] LogOutputStream:75 - [STDERR_REDIRECT] 
2026-08-08 13:58:40,405 [ERROR] LogOutputStream:75 - [STDERR_REDIRECT] Aug 08, 2026 1:58:40 PM java.util.prefs.FileSystemPreferences syncWorld
2026-08-08 13:58:40,405 [ERROR] LogOutputStream:75 - [STDERR_REDIRECT] WARNING: Couldn't flush system prefs: java.util.prefs.BackingStoreException: Couldn't get file lock.
2026-08-08 13:58:40,405 [ERROR] LogOutputStream:75 - [STDERR_REDIRECT] 
2026-08-08 13:59:10,403 [ERROR] LogOutputStream:75 - [STDERR_REDIRECT] Aug 08, 2026 1:59:10 PM java.util.prefs.FileSystemPreferences checkLockFile0ErrorCode
2026-08-08 13:59:10,403 [ERROR] LogOutputStream:75 - [STDERR_REDIRECT] WARNING: Could not lock System prefs. Unix error code 5.
2026-08-08 13:59:10,403 [ERROR] LogOutputStream:75 - [STDERR_REDIRECT] 
2026-08-08 13:59:10,403 [ERROR] LogOutputStream:75 - [STDERR_REDIRECT] Aug 08, 2026 1:59:10 PM java.util.prefs.FileSystemPreferences syncWorld
2026-08-08 13:59:10,403 [ERROR] LogOutputStream:75 - [STDERR_REDIRECT] WARNING: Couldn't flush system prefs: java.util.prefs.BackingStoreException: Couldn't get file lock.
2026-08-08 13:59:10,404 [ERROR] LogOutputStream:75 - [STDERR_REDIRECT] 
2026-08-08 13:59:40,402 [ERROR] LogOutputStream:75 - [STDERR_REDIRECT] Aug 08, 2026 1:59:40 PM java.util.prefs.FileSystemPreferences checkLockFile0ErrorCode
2026-08-08 13:59:40,403 [ERROR] LogOutputStream:75 - [STDERR_REDIRECT] WARNING: Could not lock System prefs. Unix error code 5.
2026-08-08 13:59:40,403 [ERROR] LogOutputStream:75 - [STDERR_REDIRECT] 
2026-08-08 13:59:40,403 [ERROR] LogOutputStream:75 - [STDERR_REDIRECT] Aug 08, 2026 1:59:40 PM java.util.prefs.FileSystemPreferences syncWorld
2026-08-08 13:59:40,403 [ERROR] LogOutputStream:75 - [STDERR_REDIRECT] WARNING: Couldn't flush system prefs: java.util.prefs.BackingStoreException: Couldn't get file lock.
2026-08-08 13:59:40,403 [ERROR] LogOutputStream:75 - [STDERR_REDIRECT] 
2026-08-08 14:00:10,403 [ERROR] LogOutputStream:75 - [STDERR_REDIRECT] Aug 08, 2026 2:00:10 PM java.util.prefs.FileSystemPreferences checkLockFile0ErrorCode
2026-08-08 14:00:10,404 [ERROR] LogOutputStream:75 - [STDERR_REDIRECT] WARNING: Could not lock System prefs. Unix error code 5.
2026-08-08 14:00:10,404 [ERROR] LogOutputStream:75 - [STDERR_REDIRECT] 
2026-08-08 14:00:10,404 [ERROR] LogOutputStream:75 - [STDERR_REDIRECT] Aug 08, 2026 2:00:10 PM java.util.prefs.FileSystemPreferences syncWorld
2026-08-08 14:00:10,404 [ERROR] LogOutputStream:75 - [STDERR_REDIRECT] WARNING: Couldn't flush system prefs: java.util.prefs.BackingStoreException: Couldn't get file lock.
2026-08-08 14:00:10,404 [ERROR] LogOutputStream:75 - [STDERR_REDIRECT] 
2026-08-08 14:00:40,403 [ERROR] LogOutputStream:75 - [STDERR_REDIRECT] Aug 08, 2026 2:00:40 PM java.util.prefs.FileSystemPreferences checkLockFile0ErrorCode
2026-08-08 14:00:40,403 [ERROR] LogOutputStream:75 - [STDERR_REDIRECT] WARNING: Could not lock System prefs. Unix error code 5.
2026-08-08 14:00:40,403 [ERROR] LogOutputStream:75 - [STDERR_REDIRECT] 
2026-08-08 14:00:40,404 [ERROR] LogOutputStream:75 - [STDERR_REDIRECT] Aug 08, 2026 2:00:40 PM java.util.prefs.FileSystemPreferences syncWorld
2026-08-08 14:00:40,404 [ERROR] LogOutputStream:75 - [STDERR_REDIRECT] WARNING: Couldn't flush system prefs: java.util.prefs.BackingStoreException: Couldn't get file lock.
2026-08-08 14:00:40,404 [ERROR] LogOutputStream:75 - [STDERR_REDIRECT] 
2026-08-08 14:01:10,403 [ERROR] LogOutputStream:75 - [STDERR_REDIRECT] Aug 08, 2026 2:01:10 PM java.util.prefs.FileSystemPreferences checkLockFile0ErrorCode
2026-08-08 14:01:10,403 [ERROR] LogOutputStream:75 - [STDERR_REDIRECT] WARNING: Could not lock System prefs. Unix error code 5.
2026-08-08 14:01:10,403 [ERROR] LogOutputStream:75 - [STDERR_REDIRECT] 
2026-08-08 14:01:10,403 [ERROR] LogOutputStream:75 - [STDERR_REDIRECT] Aug 08, 2026 2:01:10 PM java.util.prefs.FileSystemPreferences syncWorld
2026-08-08 14:01:10,404 [ERROR] LogOutputStream:75 - [STDERR_REDIRECT] WARNING: Couldn't flush system prefs: java.util.prefs.BackingStoreException: Couldn't get file lock.
2026-08-08 14:01:10,404 [ERROR] LogOutputStream:75 - [STDERR_REDIRECT] 
2026-08-08 14:01:40,403 [ERROR] LogOutputStream:75 - [STDERR_REDIRECT] Aug 08, 2026 2:01:40 PM java.util.prefs.FileSystemPreferences checkLockFile0ErrorCode
2026-08-08 14:01:40,403 [ERROR] LogOutputStream:75 - [STDERR_REDIRECT] WARNING: Could not lock System prefs. Unix error code 5.
2026-08-08 14:01:40,403 [ERROR] LogOutputStream:75 - [STDERR_REDIRECT] 
2026-08-08 14:01:40,403 [ERROR] LogOutputStream:75 - [STDERR_REDIRECT] Aug 08, 2026 2:01:40 PM java.util.prefs.FileSystemPreferences syncWorld
2026-08-08 14:01:40,403 [ERROR] LogOutputStream:75 - [STDERR_REDIRECT] WARNING: Couldn't flush system prefs: java.util.prefs.BackingStoreException: Couldn't get file lock.
2026-08-08 14:01:40,403 [ERROR] LogOutputStream:75 - [STDERR_REDIRECT] 
2026-08-08 14:02:10,403 [ERROR] LogOutputStream:75 - [STDERR_REDIRECT] Aug 08, 2026 2:02:10 PM java.util.prefs.FileSystemPreferences checkLockFile0ErrorCode
2026-08-08 14:02:10,404 [ERROR] LogOutputStream:75 - [STDERR_REDIRECT] WARNING: Could not lock System prefs. Unix error code 5.
2026-08-08 14:02:10,404 [ERROR] LogOutputStream:75 - [STDERR_REDIRECT] 
2026-08-08 14:02:10,404 [ERROR] LogOutputStream:75 - [STDERR_REDIRECT] Aug 08, 2026 2:02:10 PM java.util.prefs.FileSystemPreferences syncWorld
2026-08-08 14:02:10,404 [ERROR] LogOutputStream:75 - [STDERR_REDIRECT] WARNING: Couldn't flush system prefs: java.util.prefs.BackingStoreException: Couldn't get file lock.
2026-08-08 14:02:10,404 [ERROR] LogOutputStream:75 - [STDERR_REDIRECT] 
2026-08-08 14:02:40,403 [ERROR] LogOutputStream:75 - [STDERR_REDIRECT] Aug 08, 2026 2:02:40 PM java.util.prefs.FileSystemPreferences checkLockFile0ErrorCode
2026-08-08 14:02:40,403 [ERROR] LogOutputStream:75 - [STDERR_REDIRECT] WARNING: Could not lock System prefs. Unix error code 5.
2026-08-08 14:02:40,403 [ERROR] LogOutputStream:75 - [STDERR_REDIRECT] 
2026-08-08 14:02:40,403 [ERROR] LogOutputStream:75 - [STDERR_REDIRECT] Aug 08, 2026 2:02:40 PM java.util.prefs.FileSystemPreferences syncWorld
2026-08-08 14:02:40,404 [ERROR] LogOutputStream:75 - [STDERR_REDIRECT] WARNING: Couldn't flush system prefs: java.util.prefs.BackingStoreException: Couldn't get file lock.
2026-08-08 14:02:40,404 [ERROR] LogOutputStream:75 - [STDERR_REDIRECT] 
2026-08-08 14:03:10,403 [ERROR] LogOutputStream:75 - [STDERR_REDIRECT] Aug 08, 2026 2:03:10 PM java.util.prefs.FileSystemPreferences checkLockFile0ErrorCode
2026-08-08 14:03:10,403 [ERROR] LogOutputStream:75 - [STDERR_REDIRECT] WARNING: Could not lock System prefs. Unix error code 5.
2026-08-08 14:03:10,403 [ERROR] LogOutputStream:75 - [STDERR_REDIRECT] 
2026-08-08 14:03:10,403 [ERROR] LogOutputStream:75 - [STDERR_REDIRECT] Aug 08, 2026 2:03:10 PM java.util.prefs.FileSystemPreferences syncWorld
2026-08-08 14:03:10,403 [ERROR] LogOutputStream:75 - [STDERR_REDIRECT] WARNING: Couldn't flush system prefs: java.util.prefs.BackingStoreException: Couldn't get file lock.
2026-08-08 14:03:10,403 [ERROR] LogOutputStream:75 - [STDERR_REDIRECT] 
2026-08-08 14:03:40,403 [ERROR] LogOutputStream:75 - [STDERR_REDIRECT] Aug 08, 2026 2:03:40 PM java.util.prefs.FileSystemPreferences checkLockFile0ErrorCode
2026-08-08 14:03:40,403 [ERROR] LogOutputStream:75 - [STDERR_REDIRECT] WARNING: Could not lock System prefs. Unix error code 5.
2026-08-08 14:03:40,403 [ERROR] LogOutputStream:75 - [STDERR_REDIRECT] 
2026-08-08 14:03:40,403 [ERROR] LogOutputStream:75 - [STDERR_REDIRECT] Aug 08, 2026 2:03:40 PM java.util.prefs.FileSystemPreferences syncWorld
2026-08-08 14:03:40,404 [ERROR] LogOutputStream:75 - [STDERR_REDIRECT] WARNING: Couldn't flush system prefs: java.util.prefs.BackingStoreException: Couldn't get file lock.
2026-08-08 14:03:40,404 [ERROR] LogOutputStream:75 - [STDERR_REDIRECT] 
2026-08-08 14:04:10,403 [ERROR] LogOutputStream:75 - [STDERR_REDIRECT] Aug 08, 2026 2:04:10 PM java.util.prefs.FileSystemPreferences checkLockFile0ErrorCode
2026-08-08 14:04:10,403 [ERROR] LogOutputStream:75 - [STDERR_REDIRECT] WARNING: Could not lock System prefs. Unix error code 5.
2026-08-08 14:04:10,403 [ERROR] LogOutputStream:75 - [STDERR_REDIRECT] 
2026-08-08 14:04:10,404 [ERROR] LogOutputStream:75 - [STDERR_REDIRECT] Aug 08, 2026 2:04:10 PM java.util.prefs.FileSystemPreferences syncWorld
2026-08-08 14:04:10,404 [ERROR] LogOutputStream:75 - [STDERR_REDIRECT] WARNING: Couldn't flush system prefs: java.util.prefs.BackingStoreException: Couldn't get file lock.
2026-08-08 14:04:10,404 [ERROR] LogOutputStream:75 - [STDERR_REDIRECT] 
2026-08-08 14:04:40,403 [ERROR] LogOutputStream:75 - [STDERR_REDIRECT] Aug 08, 2026 2:04:40 PM java.util.prefs.FileSystemPreferences checkLockFile0ErrorCode
2026-08-08 14:04:40,403 [ERROR] LogOutputStream:75 - [STDERR_REDIRECT] WARNING: Could not lock System prefs. Unix error code 5.
2026-08-08 14:04:40,403 [ERROR] LogOutputStream:75 - [STDERR_REDIRECT] 
2026-08-08 14:04:40,404 [ERROR] LogOutputStream:75 - [STDERR_REDIRECT] Aug 08, 2026 2:04:40 PM java.util.prefs.FileSystemPreferences syncWorld
2026-08-08 14:04:40,404 [ERROR] LogOutputStream:75 - [STDERR_REDIRECT] WARNING: Couldn't flush system prefs: java.util.prefs.BackingStoreException: Couldn't get file lock.
2026-08-08 14:04:40,404 [ERROR] LogOutputStream:75 - [STDERR_REDIRECT] 
2026-08-08 14:05:10,403 [ERROR] LogOutputStream:75 - [STDERR_REDIRECT] Aug 08, 2026 2:05:10 PM java.util.prefs.FileSystemPreferences checkLockFile0ErrorCode
2026-08-08 14:05:10,403 [ERROR] LogOutputStream:75 - [STDERR_REDIRECT] WARNING: Could not lock System prefs. Unix error code 5.
2026-08-08 14:05:10,403 [ERROR] LogOutputStream:75 - [STDERR_REDIRECT] 
2026-08-08 14:05:10,404 [ERROR] LogOutputStream:75 - [STDERR_REDIRECT] Aug 08, 2026 2:05:10 PM java.util.prefs.FileSystemPreferences syncWorld
2026-08-08 14:05:10,404 [ERROR] LogOutputStream:75 - [STDERR_REDIRECT] WARNING: Couldn't flush system prefs: java.util.prefs.BackingStoreException: Couldn't get file lock.
2026-08-08 14:05:10,404 [ERROR] LogOutputStream:75 - [STDERR_REDIRECT] 
2026-08-08 14:05:40,403 [ERROR] LogOutputStream:75 - [STDERR_REDIRECT] Aug 08, 2026 2:05:40 PM java.util.prefs.FileSystemPreferences checkLockFile0ErrorCode
2026-08-08 14:05:40,403 [ERROR] LogOutputStream:75 - [STDERR_REDIRECT] WARNING: Could not lock System prefs. Unix error code 5.
2026-08-08 14:05:40,403 [ERROR] LogOutputStream:75 - [STDERR_REDIRECT] 
2026-08-08 14:05:40,403 [ERROR] LogOutputStream:75 - [STDERR_REDIRECT] Aug 08, 2026 2:05:40 PM java.util.prefs.FileSystemPreferences syncWorld
2026-08-08 14:05:40,403 [ERROR] LogOutputStream:75 - [STDERR_REDIRECT] WARNING: Couldn't flush system prefs: java.util.prefs.BackingStoreException: Couldn't get file lock.
2026-08-08 14:05:40,403 [ERROR] LogOutputStream:75 - [STDERR_REDIRECT] 
2026-08-08 14:06:10,404 [ERROR] LogOutputStream:75 - [STDERR_REDIRECT] Aug 08, 2026 2:06:10 PM java.util.prefs.FileSystemPreferences checkLockFile0ErrorCode
2026-08-08 14:06:10,404 [ERROR] LogOutputStream:75 - [STDERR_REDIRECT] WARNING: Could not lock System prefs. Unix error code 5.
2026-08-08 14:06:10,404 [ERROR] LogOutputStream:75 - [STDERR_REDIRECT] 
2026-08-08 14:06:10,405 [ERROR] LogOutputStream:75 - [STDERR_REDIRECT] Aug 08, 2026 2:06:10 PM java.util.prefs.FileSystemPreferences syncWorld
2026-08-08 14:06:10,405 [ERROR] LogOutputStream:75 - [STDERR_REDIRECT] WARNING: Couldn't flush system prefs: java.util.prefs.BackingStoreException: Couldn't get file lock.
2026-08-08 14:06:10,405 [ERROR] LogOutputStream:75 - [STDERR_REDIRECT] 
2026-08-08 14:06:40,404 [ERROR] LogOutputStream:75 - [STDERR_REDIRECT] Aug 08, 2026 2:06:40 PM java.util.prefs.FileSystemPreferences checkLockFile0ErrorCode
2026-08-08 14:06:40,404 [ERROR] LogOutputStream:75 - [STDERR_REDIRECT] WARNING: Could not lock System prefs. Unix error code 5.
2026-08-08 14:06:40,404 [ERROR] LogOutputStream:75 - [STDERR_REDIRECT] 
2026-08-08 14:06:40,405 [ERROR] LogOutputStream:75 - [STDERR_REDIRECT] Aug 08, 2026 2:06:40 PM java.util.prefs.FileSystemPreferences syncWorld
2026-08-08 14:06:40,405 [ERROR] LogOutputStream:75 - [STDERR_REDIRECT] WARNING: Couldn't flush system prefs: java.util.prefs.BackingStoreException: Couldn't get file lock.
2026-08-08 14:06:40,405 [ERROR] LogOutputStream:75 - [STDERR_REDIRECT] 
2026-08-08 14:07:10,404 [ERROR] LogOutputStream:75 - [STDERR_REDIRECT] Aug 08, 2026 2:07:10 PM java.util.prefs.FileSystemPreferences checkLockFile0ErrorCode
2026-08-08 14:07:10,404 [ERROR] LogOutputStream:75 - [STDERR_REDIRECT] WARNING: Could not lock System prefs. Unix error code 5.
2026-08-08 14:07:10,404 [ERROR] LogOutputStream:75 - [STDERR_REDIRECT] 
2026-08-08 14:07:10,404 [ERROR] LogOutputStream:75 - [STDERR_REDIRECT] Aug 08, 2026 2:07:10 PM java.util.prefs.FileSystemPreferences syncWorld
2026-08-08 14:07:10,404 [ERROR] LogOutputStream:75 - [STDERR_REDIRECT] WARNING: Couldn't flush system prefs: java.util.prefs.BackingStoreException: Couldn't get file lock.
2026-08-08 14:07:10,404 [ERROR] LogOutputStream:75 - [STDERR_REDIRECT] 
2026-08-08 14:07:40,404 [ERROR] LogOutputStream:75 - [STDERR_REDIRECT] Aug 08, 2026 2:07:40 PM java.util.prefs.FileSystemPreferences checkLockFile0ErrorCode
2026-08-08 14:07:40,404 [ERROR] LogOutputStream:75 - [STDERR_REDIRECT] WARNING: Could not lock System prefs. Unix error code 5.
2026-08-08 14:07:40,404 [ERROR] LogOutputStream:75 - [STDERR_REDIRECT] 
2026-08-08 14:07:40,405 [ERROR] LogOutputStream:75 - [STDERR_REDIRECT] Aug 08, 2026 2:07:40 PM java.util.prefs.FileSystemPreferences syncWorld
2026-08-08 14:07:40,405 [ERROR] LogOutputStream:75 - [STDERR_REDIRECT] WARNING: Couldn't flush system prefs: java.util.prefs.BackingStoreException: Couldn't get file lock.
2026-08-08 14:07:40,405 [ERROR] LogOutputStream:75 - [STDERR_REDIRECT] 
2026-08-08 14:08:10,405 [ERROR] LogOutputStream:75 - [STDERR_REDIRECT] Aug 08, 2026 2:08:10 PM java.util.prefs.FileSystemPreferences checkLockFile0ErrorCode
2026-08-08 14:08:10,405 [ERROR] LogOutputStream:75 - [STDERR_REDIRECT] WARNING: Could not lock System prefs. Unix error code 5.
2026-08-08 14:08:10,405 [ERROR] LogOutputStream:75 - [STDERR_REDIRECT] 
2026-08-08 14:08:10,405 [ERROR] LogOutputStream:75 - [STDERR_REDIRECT] Aug 08, 2026 2:08:10 PM java.util.prefs.FileSystemPreferences syncWorld
2026-08-08 14:08:10,406 [ERROR] LogOutputStream:75 - [STDERR_REDIRECT] WARNING: Couldn't flush system prefs: java.util.prefs.BackingStoreException: Couldn't get file lock.
2026-08-08 14:08:10,406 [ERROR] LogOutputStream:75 - [STDERR_REDIRECT] 
2026-08-08 14:08:40,403 [ERROR] LogOutputStream:75 - [STDERR_REDIRECT] Aug 08, 2026 2:08:40 PM java.util.prefs.FileSystemPreferences checkLockFile0ErrorCode
2026-08-08 14:08:40,403 [ERROR] LogOutputStream:75 - [STDERR_REDIRECT] WARNING: Could not lock System prefs. Unix error code 5.
2026-08-08 14:08:40,404 [ERROR] LogOutputStream:75 - [STDERR_REDIRECT] 
2026-08-08 14:08:40,404 [ERROR] LogOutputStream:75 - [STDERR_REDIRECT] Aug 08, 2026 2:08:40 PM java.util.prefs.FileSystemPreferences syncWorld
2026-08-08 14:08:40,404 [ERROR] LogOutputStream:75 - [STDERR_REDIRECT] WARNING: Couldn't flush system prefs: java.util.prefs.BackingStoreException: Couldn't get file lock.
2026-08-08 14:08:40,404 [ERROR] LogOutputStream:75 - [STDERR_REDIRECT] 
2026-08-08 14:09:10,404 [ERROR] LogOutputStream:75 - [STDERR_REDIRECT] Aug 08, 2026 2:09:10 PM java.util.prefs.FileSystemPreferences checkLockFile0ErrorCode
2026-08-08 14:09:10,404 [ERROR] LogOutputStream:75 - [STDERR_REDIRECT] WARNING: Could not lock System prefs. Unix error code 5.
2026-08-08 14:09:10,404 [ERROR] LogOutputStream:75 - [STDERR_REDIRECT] 
2026-08-08 14:09:10,405 [ERROR] LogOutputStream:75 - [STDERR_REDIRECT] Aug 08, 2026 2:09:10 PM java.util.prefs.FileSystemPreferences syncWorld
2026-08-08 14:09:10,405 [ERROR] LogOutputStream:75 - [STDERR_REDIRECT] WARNING: Couldn't flush system prefs: java.util.prefs.BackingStoreException: Couldn't get file lock.
2026-08-08 14:09:10,405 [ERROR] LogOutputStream:75 - [STDERR_REDIRECT] 
2026-08-08 14:09:40,404 [ERROR] LogOutputStream:75 - [STDERR_REDIRECT] Aug 08, 2026 2:09:40 PM java.util.prefs.FileSystemPreferences checkLockFile0ErrorCode
2026-08-08 14:09:40,404 [ERROR] LogOutputStream:75 - [STDERR_REDIRECT] WARNING: Could not lock System prefs. Unix error code 5.
2026-08-08 14:09:40,404 [ERROR] LogOutputStream:75 - [STDERR_REDIRECT] 
2026-08-08 14:09:40,404 [ERROR] LogOutputStream:75 - [STDERR_REDIRECT] Aug 08, 2026 2:09:40 PM java.util.prefs.FileSystemPreferences syncWorld
2026-08-08 14:09:40,405 [ERROR] LogOutputStream:75 - [STDERR_REDIRECT] WARNING: Couldn't flush system prefs: java.util.prefs.BackingStoreException: Couldn't get file lock.
2026-08-08 14:09:40,407 [ERROR] LogOutputStream:75 - [STDERR_REDIRECT] 
2026-08-08 14:10:10,404 [ERROR] LogOutputStream:75 - [STDERR_REDIRECT] Aug 08, 2026 2:10:10 PM java.util.prefs.FileSystemPreferences checkLockFile0ErrorCode
2026-08-08 14:10:10,404 [ERROR] LogOutputStream:75 - [STDERR_REDIRECT] WARNING: Could not lock System prefs. Unix error code 5.
2026-08-08 14:10:10,405 [ERROR] LogOutputStream:75 - [STDERR_REDIRECT] 
2026-08-08 14:10:10,405 [ERROR] LogOutputStream:75 - [STDERR_REDIRECT] Aug 08, 2026 2:10:10 PM java.util.prefs.FileSystemPreferences syncWorld
2026-08-08 14:10:10,405 [ERROR] LogOutputStream:75 - [STDERR_REDIRECT] WARNING: Couldn't flush system prefs: java.util.prefs.BackingStoreException: Couldn't get file lock.
2026-08-08 14:10:10,405 [ERROR] LogOutputStream:75 - [STDERR_REDIRECT] 
2026-08-08 14:10:40,404 [ERROR] LogOutputStream:75 - [STDERR_REDIRECT] Aug 08, 2026 2:10:40 PM java.util.prefs.FileSystemPreferences checkLockFile0ErrorCode
2026-08-08 14:10:40,404 [ERROR] LogOutputStream:75 - [STDERR_REDIRECT] WARNING: Could not lock System prefs. Unix error code 5.
2026-08-08 14:10:40,404 [ERROR] LogOutputStream:75 - [STDERR_REDIRECT] 
2026-08-08 14:10:40,404 [ERROR] LogOutputStream:75 - [STDERR_REDIRECT] Aug 08, 2026 2:10:40 PM java.util.prefs.FileSystemPreferences syncWorld
2026-08-08 14:10:40,404 [ERROR] LogOutputStream:75 - [STDERR_REDIRECT] WARNING: Couldn't flush system prefs: java.util.prefs.BackingStoreException: Couldn't get file lock.
2026-08-08 14:10:40,405 [ERROR] LogOutputStream:75 - [STDERR_REDIRECT] 
2026-08-08 14:11:10,404 [ERROR] LogOutputStream:75 - [STDERR_REDIRECT] Aug 08, 2026 2:11:10 PM java.util.prefs.FileSystemPreferences checkLockFile0ErrorCode
2026-08-08 14:11:10,404 [ERROR] LogOutputStream:75 - [STDERR_REDIRECT] WARNING: Could not lock System prefs. Unix error code 5.
2026-08-08 14:11:10,404 [ERROR] LogOutputStream:75 - [STDERR_REDIRECT] 
2026-08-08 14:11:10,404 [ERROR] LogOutputStream:75 - [STDERR_REDIRECT] Aug 08, 2026 2:11:10 PM java.util.prefs.FileSystemPreferences syncWorld
2026-08-08 14:11:10,404 [ERROR] LogOutputStream:75 - [STDERR_REDIRECT] WARNING: Couldn't flush system prefs: java.util.prefs.BackingStoreException: Couldn't get file lock.
2026-08-08 14:11:10,405 [ERROR] LogOutputStream:75 - [STDERR_REDIRECT] 
2026-08-08 14:11:40,403 [ERROR] LogOutputStream:75 - [STDERR_REDIRECT] Aug 08, 2026 2:11:40 PM java.util.prefs.FileSystemPreferences checkLockFile0ErrorCode
2026-08-08 14:11:40,403 [ERROR] LogOutputStream:75 - [STDERR_REDIRECT] WARNING: Could not lock System prefs. Unix error code 5.
2026-08-08 14:11:40,404 [ERROR] LogOutputStream:75 - [STDERR_REDIRECT] 
2026-08-08 14:11:40,404 [ERROR] LogOutputStream:75 - [STDERR_REDIRECT] Aug 08, 2026 2:11:40 PM java.util.prefs.FileSystemPreferences syncWorld
2026-08-08 14:11:40,404 [ERROR] LogOutputStream:75 - [STDERR_REDIRECT] WARNING: Couldn't flush system prefs: java.util.prefs.BackingStoreException: Couldn't get file lock.
2026-08-08 14:11:40,404 [ERROR] LogOutputStream:75 - [STDERR_REDIRECT] 
2026-08-08 14:12:10,404 [ERROR] LogOutputStream:75 - [STDERR_REDIRECT] Aug 08, 2026 2:12:10 PM java.util.prefs.FileSystemPreferences checkLockFile0ErrorCode
2026-08-08 14:12:10,404 [ERROR] LogOutputStream:75 - [STDERR_REDIRECT] WARNING: Could not lock System prefs. Unix error code 5.
2026-08-08 14:12:10,404 [ERROR] LogOutputStream:75 - [STDERR_REDIRECT] 
2026-08-08 14:12:10,404 [ERROR] LogOutputStream:75 - [STDERR_REDIRECT] Aug 08, 2026 2:12:10 PM java.util.prefs.FileSystemPreferences syncWorld
2026-08-08 14:12:10,404 [ERROR] LogOutputStream:75 - [STDERR_REDIRECT] WARNING: Couldn't flush system prefs: java.util.prefs.BackingStoreException: Couldn't get file lock.
2026-08-08 14:12:10,404 [ERROR] LogOutputStream:75 - [STDERR_REDIRECT] 
2026-08-08 14:12:40,406 [ERROR] LogOutputStream:75 - [STDERR_REDIRECT] Aug 08, 2026 2:12:40 PM java.util.prefs.FileSystemPreferences checkLockFile0ErrorCode
2026-08-08 14:12:40,406 [ERROR] LogOutputStream:75 - [STDERR_REDIRECT] WARNING: Could not lock System prefs. Unix error code 5.
2026-08-08 14:12:40,406 [ERROR] LogOutputStream:75 - [STDERR_REDIRECT] 
2026-08-08 14:12:40,406 [ERROR] LogOutputStream:75 - [STDERR_REDIRECT] Aug 08, 2026 2:12:40 PM java.util.prefs.FileSystemPreferences syncWorld
2026-08-08 14:12:40,406 [ERROR] LogOutputStream:75 - [STDERR_REDIRECT] WARNING: Couldn't flush system prefs: java.util.prefs.BackingStoreException: Couldn't get file lock.
2026-08-08 14:12:40,406 [ERROR] LogOutputStream:75 - [STDERR_REDIRECT] 
2026-08-08 14:13:10,405 [ERROR] LogOutputStream:75 - [STDERR_REDIRECT] Aug 08, 2026 2:13:10 PM java.util.prefs.FileSystemPreferences checkLockFile0ErrorCode
2026-08-08 14:13:10,405 [ERROR] LogOutputStream:75 - [STDERR_REDIRECT] WARNING: Could not lock System prefs. Unix error code 5.
2026-08-08 14:13:10,406 [ERROR] LogOutputStream:75 - [STDERR_REDIRECT] 
2026-08-08 14:13:10,406 [ERROR] LogOutputStream:75 - [STDERR_REDIRECT] Aug 08, 2026 2:13:10 PM java.util.prefs.FileSystemPreferences syncWorld
2026-08-08 14:13:10,406 [ERROR] LogOutputStream:75 - [STDERR_REDIRECT] WARNING: Couldn't flush system prefs: java.util.prefs.BackingStoreException: Couldn't get file lock.
2026-08-08 14:13:10,406 [ERROR] LogOutputStream:75 - [STDERR_REDIRECT] 
2026-08-08 14:13:40,405 [ERROR] LogOutputStream:75 - [STDERR_REDIRECT] Aug 08, 2026 2:13:40 PM java.util.prefs.FileSystemPreferences checkLockFile0ErrorCode
2026-08-08 14:13:40,405 [ERROR] LogOutputStream:75 - [STDERR_REDIRECT] WARNING: Could not lock System prefs. Unix error code 5.
2026-08-08 14:13:40,405 [ERROR] LogOutputStream:75 - [STDERR_REDIRECT] 
2026-08-08 14:13:40,405 [ERROR] LogOutputStream:75 - [STDERR_REDIRECT] Aug 08, 2026 2:13:40 PM java.util.prefs.FileSystemPreferences syncWorld
2026-08-08 14:13:40,405 [ERROR] LogOutputStream:75 - [STDERR_REDIRECT] WARNING: Couldn't flush system prefs: java.util.prefs.BackingStoreException: Couldn't get file lock.
2026-08-08 14:13:40,405 [ERROR] LogOutputStream:75 - [STDERR_REDIRECT] 
2026-08-08 14:14:10,405 [ERROR] LogOutputStream:75 - [STDERR_REDIRECT] Aug 08, 2026 2:14:10 PM java.util.prefs.FileSystemPreferences checkLockFile0ErrorCode
2026-08-08 14:14:10,405 [ERROR] LogOutputStream:75 - [STDERR_REDIRECT] WARNING: Could not lock System prefs. Unix error code 5.
2026-08-08 14:14:10,405 [ERROR] LogOutputStream:75 - [STDERR_REDIRECT] 
2026-08-08 14:14:10,406 [ERROR] LogOutputStream:75 - [STDERR_REDIRECT] Aug 08, 2026 2:14:10 PM java.util.prefs.FileSystemPreferences syncWorld
2026-08-08 14:14:10,406 [ERROR] LogOutputStream:75 - [STDERR_REDIRECT] WARNING: Couldn't flush system prefs: java.util.prefs.BackingStoreException: Couldn't get file lock.
2026-08-08 14:14:10,406 [ERROR] LogOutputStream:75 - [STDERR_REDIRECT] 
2026-08-08 14:14:40,405 [ERROR] LogOutputStream:75 - [STDERR_REDIRECT] Aug 08, 2026 2:14:40 PM java.util.prefs.FileSystemPreferences checkLockFile0ErrorCode
2026-08-08 14:14:40,405 [ERROR] LogOutputStream:75 - [STDERR_REDIRECT] WARNING: Could not lock System prefs. Unix error code 5.
2026-08-08 14:14:40,405 [ERROR] LogOutputStream:75 - [STDERR_REDIRECT] 
2026-08-08 14:14:40,405 [ERROR] LogOutputStream:75 - [STDERR_REDIRECT] Aug 08, 2026 2:14:40 PM java.util.prefs.FileSystemPreferences syncWorld
2026-08-08 14:14:40,405 [ERROR] LogOutputStream:75 - [STDERR_REDIRECT] WARNING: Couldn't flush system prefs: java.util.prefs.BackingStoreException: Couldn't get file lock.
2026-08-08 14:14:40,405 [ERROR] LogOutputStream:75 - [STDERR_REDIRECT] 
2026-08-08 14:15:10,405 [ERROR] LogOutputStream:75 - [STDERR_REDIRECT] Aug 08, 2026 2:15:10 PM java.util.prefs.FileSystemPreferences checkLockFile0ErrorCode
2026-08-08 14:15:10,405 [ERROR] LogOutputStream:75 - [STDERR_REDIRECT] WARNING: Could not lock System prefs. Unix error code 5.
2026-08-08 14:15:10,405 [ERROR] LogOutputStream:75 - [STDERR_REDIRECT] 
2026-08-08 14:15:10,406 [ERROR] LogOutputStream:75 - [STDERR_REDIRECT] Aug 08, 2026 2:15:10 PM java.util.prefs.FileSystemPreferences syncWorld
2026-08-08 14:15:10,406 [ERROR] LogOutputStream:75 - [STDERR_REDIRECT] WARNING: Couldn't flush system prefs: java.util.prefs.BackingStoreException: Couldn't get file lock.
2026-08-08 14:15:10,406 [ERROR] LogOutputStream:75 - [STDERR_REDIRECT] 
2026-08-08 14:15:40,404 [ERROR] LogOutputStream:75 - [STDERR_REDIRECT] Aug 08, 2026 2:15:40 PM java.util.prefs.FileSystemPreferences checkLockFile0ErrorCode
2026-08-08 14:15:40,405 [ERROR] LogOutputStream:75 - [STDERR_REDIRECT] WARNING: Could not lock System prefs. Unix error code 5.
2026-08-08 14:15:40,405 [ERROR] LogOutputStream:75 - [STDERR_REDIRECT] 
2026-08-08 14:15:40,405 [ERROR] LogOutputStream:75 - [STDERR_REDIRECT] Aug 08, 2026 2:15:40 PM java.util.prefs.FileSystemPreferences syncWorld
2026-08-08 14:15:40,405 [ERROR] LogOutputStream:75 - [STDERR_REDIRECT] WARNING: Couldn't flush system prefs: java.util.prefs.BackingStoreException: Couldn't get file lock.
2026-08-08 14:15:40,405 [ERROR] LogOutputStream:75 - [STDERR_REDIRECT] 
2026-08-08 14:16:10,405 [ERROR] LogOutputStream:75 - [STDERR_REDIRECT] Aug 08, 2026 2:16:10 PM java.util.prefs.FileSystemPreferences checkLockFile0ErrorCode
2026-08-08 14:16:10,406 [ERROR] LogOutputStream:75 - [STDERR_REDIRECT] WARNING: Could not lock System prefs. Unix error code 5.
2026-08-08 14:16:10,406 [ERROR] LogOutputStream:75 - [STDERR_REDIRECT] 
2026-08-08 14:16:10,406 [ERROR] LogOutputStream:75 - [STDERR_REDIRECT] Aug 08, 2026 2:16:10 PM java.util.prefs.FileSystemPreferences syncWorld
2026-08-08 14:16:10,406 [ERROR] LogOutputStream:75 - [STDERR_REDIRECT] WARNING: Couldn't flush system prefs: java.util.prefs.BackingStoreException: Couldn't get file lock.
2026-08-08 14:16:10,406 [ERROR] LogOutputStream:75 - [STDERR_REDIRECT] 
2026-08-08 14:16:40,405 [ERROR] LogOutputStream:75 - [STDERR_REDIRECT] Aug 08, 2026 2:16:40 PM java.util.prefs.FileSystemPreferences checkLockFile0ErrorCode
2026-08-08 14:16:40,405 [ERROR] LogOutputStream:75 - [STDERR_REDIRECT] WARNING: Could not lock System prefs. Unix error code 5.
2026-08-08 14:16:40,405 [ERROR] LogOutputStream:75 - [STDERR_REDIRECT] 
2026-08-08 14:16:40,406 [ERROR] LogOutputStream:75 - [STDERR_REDIRECT] Aug 08, 2026 2:16:40 PM java.util.prefs.FileSystemPreferences syncWorld
2026-08-08 14:16:40,406 [ERROR] LogOutputStream:75 - [STDERR_REDIRECT] WARNING: Couldn't flush system prefs: java.util.prefs.BackingStoreException: Couldn't get file lock.
2026-08-08 14:16:40,406 [ERROR] LogOutputStream:75 - [STDERR_REDIRECT] 
2026-08-08 14:17:10,405 [ERROR] LogOutputStream:75 - [STDERR_REDIRECT] Aug 08, 2026 2:17:10 PM java.util.prefs.FileSystemPreferences checkLockFile0ErrorCode
2026-08-08 14:17:10,405 [ERROR] LogOutputStream:75 - [STDERR_REDIRECT] WARNING: Could not lock System prefs. Unix error code 5.
2026-08-08 14:17:10,406 [ERROR] LogOutputStream:75 - [STDERR_REDIRECT] 
2026-08-08 14:17:10,406 [ERROR] LogOutputStream:75 - [STDERR_REDIRECT] Aug 08, 2026 2:17:10 PM java.util.prefs.FileSystemPreferences syncWorld
2026-08-08 14:17:10,406 [ERROR] LogOutputStream:75 - [STDERR_REDIRECT] WARNING: Couldn't flush system prefs: java.util.prefs.BackingStoreException: Couldn't get file lock.
2026-08-08 14:17:10,407 [ERROR] LogOutputStream:75 - [STDERR_REDIRECT] 
2026-08-08 14:17:40,404 [ERROR] LogOutputStream:75 - [STDERR_REDIRECT] Aug 08, 2026 2:17:40 PM java.util.prefs.FileSystemPreferences checkLockFile0ErrorCode
2026-08-08 14:17:40,404 [ERROR] LogOutputStream:75 - [STDERR_REDIRECT] WARNING: Could not lock System prefs. Unix error code 5.
2026-08-08 14:17:40,404 [ERROR] LogOutputStream:75 - [STDERR_REDIRECT] 
2026-08-08 14:17:40,404 [ERROR] LogOutputStream:75 - [STDERR_REDIRECT] Aug 08, 2026 2:17:40 PM java.util.prefs.FileSystemPreferences syncWorld
2026-08-08 14:17:40,405 [ERROR] LogOutputStream:75 - [STDERR_REDIRECT] WARNING: Couldn't flush system prefs: java.util.prefs.BackingStoreException: Couldn't get file lock.
2026-08-08 14:17:40,405 [ERROR] LogOutputStream:75 - [STDERR_REDIRECT] 
2026-08-08 14:18:10,404 [ERROR] LogOutputStream:75 - [STDERR_REDIRECT] Aug 08, 2026 2:18:10 PM java.util.prefs.FileSystemPreferences checkLockFile0ErrorCode
2026-08-08 14:18:10,405 [ERROR] LogOutputStream:75 - [STDERR_REDIRECT] WARNING: Could not lock System prefs. Unix error code 5.
2026-08-08 14:18:10,405 [ERROR] LogOutputStream:75 - [STDERR_REDIRECT] 
2026-08-08 14:18:10,405 [ERROR] LogOutputStream:75 - [STDERR_REDIRECT] Aug 08, 2026 2:18:10 PM java.util.prefs.FileSystemPreferences syncWorld
2026-08-08 14:18:10,405 [ERROR] LogOutputStream:75 - [STDERR_REDIRECT] WARNING: Couldn't flush system prefs: java.util.prefs.BackingStoreException: Couldn't get file lock.
2026-08-08 14:18:10,405 [ERROR] LogOutputStream:75 - [STDERR_REDIRECT] 
2026-08-08 14:18:40,406 [ERROR] LogOutputStream:75 - [STDERR_REDIRECT] Aug 08, 2026 2:18:40 PM java.util.prefs.FileSystemPreferences checkLockFile0ErrorCode
2026-08-08 14:18:40,406 [ERROR] LogOutputStream:75 - [STDERR_REDIRECT] WARNING: Could not lock System prefs. Unix error code 5.
2026-08-08 14:18:40,406 [ERROR] LogOutputStream:75 - [STDERR_REDIRECT] 
2026-08-08 14:18:40,406 [ERROR] LogOutputStream:75 - [STDERR_REDIRECT] Aug 08, 2026 2:18:40 PM java.util.prefs.FileSystemPreferences syncWorld
2026-08-08 14:18:40,407 [ERROR] LogOutputStream:75 - [STDERR_REDIRECT] WARNING: Couldn't flush system prefs: java.util.prefs.BackingStoreException: Couldn't get file lock.
2026-08-08 14:18:40,407 [ERROR] LogOutputStream:75 - [STDERR_REDIRECT] 
2026-08-08 14:19:10,407 [ERROR] LogOutputStream:75 - [STDERR_REDIRECT] Aug 08, 2026 2:19:10 PM java.util.prefs.FileSystemPreferences checkLockFile0ErrorCode
2026-08-08 14:19:10,407 [ERROR] LogOutputStream:75 - [STDERR_REDIRECT] WARNING: Could not lock System prefs. Unix error code 5.
2026-08-08 14:19:10,407 [ERROR] LogOutputStream:75 - [STDERR_REDIRECT] 
2026-08-08 14:19:10,407 [ERROR] LogOutputStream:75 - [STDERR_REDIRECT] Aug 08, 2026 2:19:10 PM java.util.prefs.FileSystemPreferences syncWorld
2026-08-08 14:19:10,407 [ERROR] LogOutputStream:75 - [STDERR_REDIRECT] WARNING: Couldn't flush system prefs: java.util.prefs.BackingStoreException: Couldn't get file lock.
2026-08-08 14:19:10,407 [ERROR] LogOutputStream:75 - [STDERR_REDIRECT] 
