2026-08-15 00:00:19,728 [ERROR] LogOutputStream:75 - [STDERR_REDIRECT] Aug 15, 2026 12:00:19 AM java.util.prefs.FileSystemPreferences checkLockFile0ErrorCode
2026-08-15 00:00:19,729 [ERROR] LogOutputStream:75 - [STDERR_REDIRECT] WARNING: Could not lock System prefs. Unix error code 29843.
2026-08-15 00:00:19,729 [ERROR] LogOutputStream:75 - [STDERR_REDIRECT] 
2026-08-15 00:00:19,729 [ERROR] LogOutputStream:75 - [STDERR_REDIRECT] Aug 15, 2026 12:00:19 AM java.util.prefs.FileSystemPreferences syncWorld
2026-08-15 00:00:19,729 [ERROR] LogOutputStream:75 - [STDERR_REDIRECT] WARNING: Couldn't flush system prefs: java.util.prefs.BackingStoreException: Couldn't get file lock.
2026-08-15 00:00:19,729 [ERROR] LogOutputStream:75 - [STDERR_REDIRECT] 
2026-08-15 00:00:49,728 [ERROR] LogOutputStream:75 - [STDERR_REDIRECT] Aug 15, 2026 12:00:49 AM java.util.prefs.FileSystemPreferences checkLockFile0ErrorCode
2026-08-15 00:00:49,729 [ERROR] LogOutputStream:75 - [STDERR_REDIRECT] WARNING: Could not lock System prefs. Unix error code 29843.
2026-08-15 00:00:49,729 [ERROR] LogOutputStream:75 - [STDERR_REDIRECT] 
2026-08-15 00:00:49,729 [ERROR] LogOutputStream:75 - [STDERR_REDIRECT] Aug 15, 2026 12:00:49 AM java.util.prefs.FileSystemPreferences syncWorld
2026-08-15 00:00:49,729 [ERROR] LogOutputStream:75 - [STDERR_REDIRECT] WARNING: Couldn't flush system prefs: java.util.prefs.BackingStoreException: Couldn't get file lock.
2026-08-15 00:00:49,729 [ERROR] LogOutputStream:75 - [STDERR_REDIRECT] 
2026-08-15 00:01:19,729 [ERROR] LogOutputStream:75 - [STDERR_REDIRECT] Aug 15, 2026 12:01:19 AM java.util.prefs.FileSystemPreferences checkLockFile0ErrorCode
2026-08-15 00:01:19,729 [ERROR] LogOutputStream:75 - [STDERR_REDIRECT] WARNING: Could not lock System prefs. Unix error code 29843.
2026-08-15 00:01:19,730 [ERROR] LogOutputStream:75 - [STDERR_REDIRECT] 
2026-08-15 00:01:19,730 [ERROR] LogOutputStream:75 - [STDERR_REDIRECT] Aug 15, 2026 12:01:19 AM java.util.prefs.FileSystemPreferences syncWorld
2026-08-15 00:01:19,730 [ERROR] LogOutputStream:75 - [STDERR_REDIRECT] WARNING: Couldn't flush system prefs: java.util.prefs.BackingStoreException: Couldn't get file lock.
2026-08-15 00:01:19,730 [ERROR] LogOutputStream:75 - [STDERR_REDIRECT] 
2026-08-15 00:01:49,730 [ERROR] LogOutputStream:75 - [STDERR_REDIRECT] Aug 15, 2026 12:01:49 AM java.util.prefs.FileSystemPreferences checkLockFile0ErrorCode
2026-08-15 00:01:49,730 [ERROR] LogOutputStream:75 - [STDERR_REDIRECT] WARNING: Could not lock System prefs. Unix error code 29843.
2026-08-15 00:01:49,730 [ERROR] LogOutputStream:75 - [STDERR_REDIRECT] 
2026-08-15 00:01:49,730 [ERROR] LogOutputStream:75 - [STDERR_REDIRECT] Aug 15, 2026 12:01:49 AM java.util.prefs.FileSystemPreferences syncWorld
2026-08-15 00:01:49,731 [ERROR] LogOutputStream:75 - [STDERR_REDIRECT] WARNING: Couldn't flush system prefs: java.util.prefs.BackingStoreException: Couldn't get file lock.
2026-08-15 00:01:49,731 [ERROR] LogOutputStream:75 - [STDERR_REDIRECT] 
2026-08-15 00:02:19,729 [ERROR] LogOutputStream:75 - [STDERR_REDIRECT] Aug 15, 2026 12:02:19 AM java.util.prefs.FileSystemPreferences checkLockFile0ErrorCode
2026-08-15 00:02:19,729 [ERROR] LogOutputStream:75 - [STDERR_REDIRECT] WARNING: Could not lock System prefs. Unix error code 29843.
2026-08-15 00:02:19,729 [ERROR] LogOutputStream:75 - [STDERR_REDIRECT] 
2026-08-15 00:02:19,730 [ERROR] LogOutputStream:75 - [STDERR_REDIRECT] Aug 15, 2026 12:02:19 AM java.util.prefs.FileSystemPreferences syncWorld
2026-08-15 00:02:19,730 [ERROR] LogOutputStream:75 - [STDERR_REDIRECT] WARNING: Couldn't flush system prefs: java.util.prefs.BackingStoreException: Couldn't get file lock.
2026-08-15 00:02:19,730 [ERROR] LogOutputStream:75 - [STDERR_REDIRECT] 
2026-08-15 00:02:49,730 [ERROR] LogOutputStream:75 - [STDERR_REDIRECT] Aug 15, 2026 12:02:49 AM java.util.prefs.FileSystemPreferences checkLockFile0ErrorCode
2026-08-15 00:02:49,730 [ERROR] LogOutputStream:75 - [STDERR_REDIRECT] WARNING: Could not lock System prefs. Unix error code 29843.
2026-08-15 00:02:49,730 [ERROR] LogOutputStream:75 - [STDERR_REDIRECT] 
2026-08-15 00:02:49,731 [ERROR] LogOutputStream:75 - [STDERR_REDIRECT] Aug 15, 2026 12:02:49 AM java.util.prefs.FileSystemPreferences syncWorld
2026-08-15 00:02:49,731 [ERROR] LogOutputStream:75 - [STDERR_REDIRECT] WARNING: Couldn't flush system prefs: java.util.prefs.BackingStoreException: Couldn't get file lock.
2026-08-15 00:02:49,731 [ERROR] LogOutputStream:75 - [STDERR_REDIRECT] 
2026-08-15 00:03:19,730 [ERROR] LogOutputStream:75 - [STDERR_REDIRECT] Aug 15, 2026 12:03:19 AM java.util.prefs.FileSystemPreferences checkLockFile0ErrorCode
2026-08-15 00:03:19,730 [ERROR] LogOutputStream:75 - [STDERR_REDIRECT] WARNING: Could not lock System prefs. Unix error code 29843.
2026-08-15 00:03:19,730 [ERROR] LogOutputStream:75 - [STDERR_REDIRECT] 
2026-08-15 00:03:19,731 [ERROR] LogOutputStream:75 - [STDERR_REDIRECT] Aug 15, 2026 12:03:19 AM java.util.prefs.FileSystemPreferences syncWorld
2026-08-15 00:03:19,731 [ERROR] LogOutputStream:75 - [STDERR_REDIRECT] WARNING: Couldn't flush system prefs: java.util.prefs.BackingStoreException: Couldn't get file lock.
2026-08-15 00:03:19,731 [ERROR] LogOutputStream:75 - [STDERR_REDIRECT] 
2026-08-15 00:03:49,729 [ERROR] LogOutputStream:75 - [STDERR_REDIRECT] Aug 15, 2026 12:03:49 AM java.util.prefs.FileSystemPreferences checkLockFile0ErrorCode
2026-08-15 00:03:49,730 [ERROR] LogOutputStream:75 - [STDERR_REDIRECT] WARNING: Could not lock System prefs. Unix error code 29843.
2026-08-15 00:03:49,730 [ERROR] LogOutputStream:75 - [STDERR_REDIRECT] 
2026-08-15 00:03:49,730 [ERROR] LogOutputStream:75 - [STDERR_REDIRECT] Aug 15, 2026 12:03:49 AM java.util.prefs.FileSystemPreferences syncWorld
2026-08-15 00:03:49,730 [ERROR] LogOutputStream:75 - [STDERR_REDIRECT] WARNING: Couldn't flush system prefs: java.util.prefs.BackingStoreException: Couldn't get file lock.
2026-08-15 00:03:49,730 [ERROR] LogOutputStream:75 - [STDERR_REDIRECT] 
2026-08-15 00:04:19,730 [ERROR] LogOutputStream:75 - [STDERR_REDIRECT] Aug 15, 2026 12:04:19 AM java.util.prefs.FileSystemPreferences checkLockFile0ErrorCode
2026-08-15 00:04:19,730 [ERROR] LogOutputStream:75 - [STDERR_REDIRECT] WARNING: Could not lock System prefs. Unix error code 29843.
2026-08-15 00:04:19,730 [ERROR] LogOutputStream:75 - [STDERR_REDIRECT] 
2026-08-15 00:04:19,731 [ERROR] LogOutputStream:75 - [STDERR_REDIRECT] Aug 15, 2026 12:04:19 AM java.util.prefs.FileSystemPreferences syncWorld
2026-08-15 00:04:19,731 [ERROR] LogOutputStream:75 - [STDERR_REDIRECT] WARNING: Couldn't flush system prefs: java.util.prefs.BackingStoreException: Couldn't get file lock.
2026-08-15 00:04:19,731 [ERROR] LogOutputStream:75 - [STDERR_REDIRECT] 
2026-08-15 00:04:49,730 [ERROR] LogOutputStream:75 - [STDERR_REDIRECT] Aug 15, 2026 12:04:49 AM java.util.prefs.FileSystemPreferences checkLockFile0ErrorCode
2026-08-15 00:04:49,730 [ERROR] LogOutputStream:75 - [STDERR_REDIRECT] WARNING: Could not lock System prefs. Unix error code 29843.
2026-08-15 00:04:49,730 [ERROR] LogOutputStream:75 - [STDERR_REDIRECT] 
2026-08-15 00:04:49,730 [ERROR] LogOutputStream:75 - [STDERR_REDIRECT] Aug 15, 2026 12:04:49 AM java.util.prefs.FileSystemPreferences syncWorld
2026-08-15 00:04:49,731 [ERROR] LogOutputStream:75 - [STDERR_REDIRECT] WARNING: Couldn't flush system prefs: java.util.prefs.BackingStoreException: Couldn't get file lock.
2026-08-15 00:04:49,731 [ERROR] LogOutputStream:75 - [STDERR_REDIRECT] 
2026-08-15 00:05:19,729 [ERROR] LogOutputStream:75 - [STDERR_REDIRECT] Aug 15, 2026 12:05:19 AM java.util.prefs.FileSystemPreferences checkLockFile0ErrorCode
2026-08-15 00:05:19,729 [ERROR] LogOutputStream:75 - [STDERR_REDIRECT] WARNING: Could not lock System prefs. Unix error code 29843.
2026-08-15 00:05:19,730 [ERROR] LogOutputStream:75 - [STDERR_REDIRECT] 
2026-08-15 00:05:19,730 [ERROR] LogOutputStream:75 - [STDERR_REDIRECT] Aug 15, 2026 12:05:19 AM java.util.prefs.FileSystemPreferences syncWorld
2026-08-15 00:05:19,730 [ERROR] LogOutputStream:75 - [STDERR_REDIRECT] WARNING: Couldn't flush system prefs: java.util.prefs.BackingStoreException: Couldn't get file lock.
2026-08-15 00:05:19,730 [ERROR] LogOutputStream:75 - [STDERR_REDIRECT] 
2026-08-15 00:05:49,731 [ERROR] LogOutputStream:75 - [STDERR_REDIRECT] Aug 15, 2026 12:05:49 AM java.util.prefs.FileSystemPreferences checkLockFile0ErrorCode
2026-08-15 00:05:49,731 [ERROR] LogOutputStream:75 - [STDERR_REDIRECT] WARNING: Could not lock System prefs. Unix error code 29843.
2026-08-15 00:05:49,731 [ERROR] LogOutputStream:75 - [STDERR_REDIRECT] 
2026-08-15 00:05:49,731 [ERROR] LogOutputStream:75 - [STDERR_REDIRECT] Aug 15, 2026 12:05:49 AM java.util.prefs.FileSystemPreferences syncWorld
2026-08-15 00:05:49,732 [ERROR] LogOutputStream:75 - [STDERR_REDIRECT] WARNING: Couldn't flush system prefs: java.util.prefs.BackingStoreException: Couldn't get file lock.
2026-08-15 00:05:49,732 [ERROR] LogOutputStream:75 - [STDERR_REDIRECT] 
2026-08-15 00:06:19,730 [ERROR] LogOutputStream:75 - [STDERR_REDIRECT] Aug 15, 2026 12:06:19 AM java.util.prefs.FileSystemPreferences checkLockFile0ErrorCode
2026-08-15 00:06:19,730 [ERROR] LogOutputStream:75 - [STDERR_REDIRECT] WARNING: Could not lock System prefs. Unix error code 29843.
2026-08-15 00:06:19,730 [ERROR] LogOutputStream:75 - [STDERR_REDIRECT] 
2026-08-15 00:06:19,730 [ERROR] LogOutputStream:75 - [STDERR_REDIRECT] Aug 15, 2026 12:06:19 AM java.util.prefs.FileSystemPreferences syncWorld
2026-08-15 00:06:19,730 [ERROR] LogOutputStream:75 - [STDERR_REDIRECT] WARNING: Couldn't flush system prefs: java.util.prefs.BackingStoreException: Couldn't get file lock.
2026-08-15 00:06:19,731 [ERROR] LogOutputStream:75 - [STDERR_REDIRECT] 
2026-08-15 00:06:49,730 [ERROR] LogOutputStream:75 - [STDERR_REDIRECT] Aug 15, 2026 12:06:49 AM java.util.prefs.FileSystemPreferences checkLockFile0ErrorCode
2026-08-15 00:06:49,730 [ERROR] LogOutputStream:75 - [STDERR_REDIRECT] WARNING: Could not lock System prefs. Unix error code 29843.
2026-08-15 00:06:49,730 [ERROR] LogOutputStream:75 - [STDERR_REDIRECT] 
2026-08-15 00:06:49,730 [ERROR] LogOutputStream:75 - [STDERR_REDIRECT] Aug 15, 2026 12:06:49 AM java.util.prefs.FileSystemPreferences syncWorld
2026-08-15 00:06:49,730 [ERROR] LogOutputStream:75 - [STDERR_REDIRECT] WARNING: Couldn't flush system prefs: java.util.prefs.BackingStoreException: Couldn't get file lock.
2026-08-15 00:06:49,730 [ERROR] LogOutputStream:75 - [STDERR_REDIRECT] 
2026-08-15 00:07:19,730 [ERROR] LogOutputStream:75 - [STDERR_REDIRECT] Aug 15, 2026 12:07:19 AM java.util.prefs.FileSystemPreferences checkLockFile0ErrorCode
2026-08-15 00:07:19,730 [ERROR] LogOutputStream:75 - [STDERR_REDIRECT] WARNING: Could not lock System prefs. Unix error code 29843.
2026-08-15 00:07:19,730 [ERROR] LogOutputStream:75 - [STDERR_REDIRECT] 
2026-08-15 00:07:19,731 [ERROR] LogOutputStream:75 - [STDERR_REDIRECT] Aug 15, 2026 12:07:19 AM java.util.prefs.FileSystemPreferences syncWorld
2026-08-15 00:07:19,731 [ERROR] LogOutputStream:75 - [STDERR_REDIRECT] WARNING: Couldn't flush system prefs: java.util.prefs.BackingStoreException: Couldn't get file lock.
2026-08-15 00:07:19,731 [ERROR] LogOutputStream:75 - [STDERR_REDIRECT] 
2026-08-15 00:07:49,731 [ERROR] LogOutputStream:75 - [STDERR_REDIRECT] Aug 15, 2026 12:07:49 AM java.util.prefs.FileSystemPreferences checkLockFile0ErrorCode
2026-08-15 00:07:49,731 [ERROR] LogOutputStream:75 - [STDERR_REDIRECT] WARNING: Could not lock System prefs. Unix error code 29843.
2026-08-15 00:07:49,731 [ERROR] LogOutputStream:75 - [STDERR_REDIRECT] 
2026-08-15 00:07:49,732 [ERROR] LogOutputStream:75 - [STDERR_REDIRECT] Aug 15, 2026 12:07:49 AM java.util.prefs.FileSystemPreferences syncWorld
2026-08-15 00:07:49,732 [ERROR] LogOutputStream:75 - [STDERR_REDIRECT] WARNING: Couldn't flush system prefs: java.util.prefs.BackingStoreException: Couldn't get file lock.
2026-08-15 00:07:49,732 [ERROR] LogOutputStream:75 - [STDERR_REDIRECT] 
2026-08-15 00:08:19,730 [ERROR] LogOutputStream:75 - [STDERR_REDIRECT] Aug 15, 2026 12:08:19 AM java.util.prefs.FileSystemPreferences checkLockFile0ErrorCode
2026-08-15 00:08:19,731 [ERROR] LogOutputStream:75 - [STDERR_REDIRECT] WARNING: Could not lock System prefs. Unix error code 29843.
2026-08-15 00:08:19,731 [ERROR] LogOutputStream:75 - [STDERR_REDIRECT] 
2026-08-15 00:08:19,731 [ERROR] LogOutputStream:75 - [STDERR_REDIRECT] Aug 15, 2026 12:08:19 AM java.util.prefs.FileSystemPreferences syncWorld
2026-08-15 00:08:19,731 [ERROR] LogOutputStream:75 - [STDERR_REDIRECT] WARNING: Couldn't flush system prefs: java.util.prefs.BackingStoreException: Couldn't get file lock.
2026-08-15 00:08:19,731 [ERROR] LogOutputStream:75 - [STDERR_REDIRECT] 
2026-08-15 00:08:49,731 [ERROR] LogOutputStream:75 - [STDERR_REDIRECT] Aug 15, 2026 12:08:49 AM java.util.prefs.FileSystemPreferences checkLockFile0ErrorCode
2026-08-15 00:08:49,731 [ERROR] LogOutputStream:75 - [STDERR_REDIRECT] WARNING: Could not lock System prefs. Unix error code 29843.
2026-08-15 00:08:49,732 [ERROR] LogOutputStream:75 - [STDERR_REDIRECT] 
2026-08-15 00:08:49,732 [ERROR] LogOutputStream:75 - [STDERR_REDIRECT] Aug 15, 2026 12:08:49 AM java.util.prefs.FileSystemPreferences syncWorld
2026-08-15 00:08:49,732 [ERROR] LogOutputStream:75 - [STDERR_REDIRECT] WARNING: Couldn't flush system prefs: java.util.prefs.BackingStoreException: Couldn't get file lock.
2026-08-15 00:08:49,732 [ERROR] LogOutputStream:75 - [STDERR_REDIRECT] 
2026-08-15 00:09:19,733 [ERROR] LogOutputStream:75 - [STDERR_REDIRECT] Aug 15, 2026 12:09:19 AM java.util.prefs.FileSystemPreferences checkLockFile0ErrorCode
2026-08-15 00:09:19,733 [ERROR] LogOutputStream:75 - [STDERR_REDIRECT] WARNING: Could not lock System prefs. Unix error code 29843.
2026-08-15 00:09:19,733 [ERROR] LogOutputStream:75 - [STDERR_REDIRECT] 
2026-08-15 00:09:19,733 [ERROR] LogOutputStream:75 - [STDERR_REDIRECT] Aug 15, 2026 12:09:19 AM java.util.prefs.FileSystemPreferences syncWorld
2026-08-15 00:09:19,733 [ERROR] LogOutputStream:75 - [STDERR_REDIRECT] WARNING: Couldn't flush system prefs: java.util.prefs.BackingStoreException: Couldn't get file lock.
2026-08-15 00:09:19,733 [ERROR] LogOutputStream:75 - [STDERR_REDIRECT] 
2026-08-15 00:09:49,733 [ERROR] LogOutputStream:75 - [STDERR_REDIRECT] Aug 15, 2026 12:09:49 AM java.util.prefs.FileSystemPreferences checkLockFile0ErrorCode
2026-08-15 00:09:49,733 [ERROR] LogOutputStream:75 - [STDERR_REDIRECT] WARNING: Could not lock System prefs. Unix error code 29843.
2026-08-15 00:09:49,733 [ERROR] LogOutputStream:75 - [STDERR_REDIRECT] 
2026-08-15 00:09:49,733 [ERROR] LogOutputStream:75 - [STDERR_REDIRECT] Aug 15, 2026 12:09:49 AM java.util.prefs.FileSystemPreferences syncWorld
2026-08-15 00:09:49,734 [ERROR] LogOutputStream:75 - [STDERR_REDIRECT] WARNING: Couldn't flush system prefs: java.util.prefs.BackingStoreException: Couldn't get file lock.
2026-08-15 00:09:49,734 [ERROR] LogOutputStream:75 - [STDERR_REDIRECT] 
2026-08-15 00:10:19,733 [ERROR] LogOutputStream:75 - [STDERR_REDIRECT] Aug 15, 2026 12:10:19 AM java.util.prefs.FileSystemPreferences checkLockFile0ErrorCode
2026-08-15 00:10:19,733 [ERROR] LogOutputStream:75 - [STDERR_REDIRECT] WARNING: Could not lock System prefs. Unix error code 29843.
2026-08-15 00:10:19,733 [ERROR] LogOutputStream:75 - [STDERR_REDIRECT] 
2026-08-15 00:10:19,734 [ERROR] LogOutputStream:75 - [STDERR_REDIRECT] Aug 15, 2026 12:10:19 AM java.util.prefs.FileSystemPreferences syncWorld
2026-08-15 00:10:19,734 [ERROR] LogOutputStream:75 - [STDERR_REDIRECT] WARNING: Couldn't flush system prefs: java.util.prefs.BackingStoreException: Couldn't get file lock.
2026-08-15 00:10:19,734 [ERROR] LogOutputStream:75 - [STDERR_REDIRECT] 
2026-08-15 00:10:49,734 [ERROR] LogOutputStream:75 - [STDERR_REDIRECT] Aug 15, 2026 12:10:49 AM java.util.prefs.FileSystemPreferences checkLockFile0ErrorCode
2026-08-15 00:10:49,734 [ERROR] LogOutputStream:75 - [STDERR_REDIRECT] WARNING: Could not lock System prefs. Unix error code 29843.
2026-08-15 00:10:49,734 [ERROR] LogOutputStream:75 - [STDERR_REDIRECT] 
2026-08-15 00:10:49,735 [ERROR] LogOutputStream:75 - [STDERR_REDIRECT] Aug 15, 2026 12:10:49 AM java.util.prefs.FileSystemPreferences syncWorld
2026-08-15 00:10:49,735 [ERROR] LogOutputStream:75 - [STDERR_REDIRECT] WARNING: Couldn't flush system prefs: java.util.prefs.BackingStoreException: Couldn't get file lock.
2026-08-15 00:10:49,735 [ERROR] LogOutputStream:75 - [STDERR_REDIRECT] 
2026-08-15 00:11:19,734 [ERROR] LogOutputStream:75 - [STDERR_REDIRECT] Aug 15, 2026 12:11:19 AM java.util.prefs.FileSystemPreferences checkLockFile0ErrorCode
2026-08-15 00:11:19,735 [ERROR] LogOutputStream:75 - [STDERR_REDIRECT] WARNING: Could not lock System prefs. Unix error code 29843.
2026-08-15 00:11:19,735 [ERROR] LogOutputStream:75 - [STDERR_REDIRECT] 
2026-08-15 00:11:19,735 [ERROR] LogOutputStream:75 - [STDERR_REDIRECT] Aug 15, 2026 12:11:19 AM java.util.prefs.FileSystemPreferences syncWorld
2026-08-15 00:11:19,735 [ERROR] LogOutputStream:75 - [STDERR_REDIRECT] WARNING: Couldn't flush system prefs: java.util.prefs.BackingStoreException: Couldn't get file lock.
2026-08-15 00:11:19,735 [ERROR] LogOutputStream:75 - [STDERR_REDIRECT] 
2026-08-15 00:11:49,735 [ERROR] LogOutputStream:75 - [STDERR_REDIRECT] Aug 15, 2026 12:11:49 AM java.util.prefs.FileSystemPreferences checkLockFile0ErrorCode
2026-08-15 00:11:49,735 [ERROR] LogOutputStream:75 - [STDERR_REDIRECT] WARNING: Could not lock System prefs. Unix error code 29843.
2026-08-15 00:11:49,735 [ERROR] LogOutputStream:75 - [STDERR_REDIRECT] 
2026-08-15 00:11:49,735 [ERROR] LogOutputStream:75 - [STDERR_REDIRECT] Aug 15, 2026 12:11:49 AM java.util.prefs.FileSystemPreferences syncWorld
2026-08-15 00:11:49,735 [ERROR] LogOutputStream:75 - [STDERR_REDIRECT] WARNING: Couldn't flush system prefs: java.util.prefs.BackingStoreException: Couldn't get file lock.
2026-08-15 00:11:49,736 [ERROR] LogOutputStream:75 - [STDERR_REDIRECT] 
2026-08-15 00:12:19,734 [ERROR] LogOutputStream:75 - [STDERR_REDIRECT] Aug 15, 2026 12:12:19 AM java.util.prefs.FileSystemPreferences checkLockFile0ErrorCode
2026-08-15 00:12:19,734 [ERROR] LogOutputStream:75 - [STDERR_REDIRECT] WARNING: Could not lock System prefs. Unix error code 29843.
2026-08-15 00:12:19,735 [ERROR] LogOutputStream:75 - [STDERR_REDIRECT] 
2026-08-15 00:12:19,735 [ERROR] LogOutputStream:75 - [STDERR_REDIRECT] Aug 15, 2026 12:12:19 AM java.util.prefs.FileSystemPreferences syncWorld
2026-08-15 00:12:19,735 [ERROR] LogOutputStream:75 - [STDERR_REDIRECT] WARNING: Couldn't flush system prefs: java.util.prefs.BackingStoreException: Couldn't get file lock.
2026-08-15 00:12:19,735 [ERROR] LogOutputStream:75 - [STDERR_REDIRECT] 
2026-08-15 00:12:49,735 [ERROR] LogOutputStream:75 - [STDERR_REDIRECT] Aug 15, 2026 12:12:49 AM java.util.prefs.FileSystemPreferences checkLockFile0ErrorCode
2026-08-15 00:12:49,735 [ERROR] LogOutputStream:75 - [STDERR_REDIRECT] WARNING: Could not lock System prefs. Unix error code 29843.
2026-08-15 00:12:49,735 [ERROR] LogOutputStream:75 - [STDERR_REDIRECT] 
2026-08-15 00:12:49,735 [ERROR] LogOutputStream:75 - [STDERR_REDIRECT] Aug 15, 2026 12:12:49 AM java.util.prefs.FileSystemPreferences syncWorld
2026-08-15 00:12:49,735 [ERROR] LogOutputStream:75 - [STDERR_REDIRECT] WARNING: Couldn't flush system prefs: java.util.prefs.BackingStoreException: Couldn't get file lock.
2026-08-15 00:12:49,735 [ERROR] LogOutputStream:75 - [STDERR_REDIRECT] 
2026-08-15 00:13:19,735 [ERROR] LogOutputStream:75 - [STDERR_REDIRECT] Aug 15, 2026 12:13:19 AM java.util.prefs.FileSystemPreferences checkLockFile0ErrorCode
2026-08-15 00:13:19,735 [ERROR] LogOutputStream:75 - [STDERR_REDIRECT] WARNING: Could not lock System prefs. Unix error code 29843.
2026-08-15 00:13:19,735 [ERROR] LogOutputStream:75 - [STDERR_REDIRECT] 
2026-08-15 00:13:19,736 [ERROR] LogOutputStream:75 - [STDERR_REDIRECT] Aug 15, 2026 12:13:19 AM java.util.prefs.FileSystemPreferences syncWorld
2026-08-15 00:13:19,736 [ERROR] LogOutputStream:75 - [STDERR_REDIRECT] WARNING: Couldn't flush system prefs: java.util.prefs.BackingStoreException: Couldn't get file lock.
2026-08-15 00:13:19,736 [ERROR] LogOutputStream:75 - [STDERR_REDIRECT] 
2026-08-15 00:13:49,735 [ERROR] LogOutputStream:75 - [STDERR_REDIRECT] Aug 15, 2026 12:13:49 AM java.util.prefs.FileSystemPreferences checkLockFile0ErrorCode
2026-08-15 00:13:49,735 [ERROR] LogOutputStream:75 - [STDERR_REDIRECT] WARNING: Could not lock System prefs. Unix error code 29843.
2026-08-15 00:13:49,735 [ERROR] LogOutputStream:75 - [STDERR_REDIRECT] 
2026-08-15 00:13:49,735 [ERROR] LogOutputStream:75 - [STDERR_REDIRECT] Aug 15, 2026 12:13:49 AM java.util.prefs.FileSystemPreferences syncWorld
2026-08-15 00:13:49,735 [ERROR] LogOutputStream:75 - [STDERR_REDIRECT] WARNING: Couldn't flush system prefs: java.util.prefs.BackingStoreException: Couldn't get file lock.
2026-08-15 00:13:49,736 [ERROR] LogOutputStream:75 - [STDERR_REDIRECT] 
2026-08-15 00:14:19,734 [ERROR] LogOutputStream:75 - [STDERR_REDIRECT] Aug 15, 2026 12:14:19 AM java.util.prefs.FileSystemPreferences checkLockFile0ErrorCode
2026-08-15 00:14:19,735 [ERROR] LogOutputStream:75 - [STDERR_REDIRECT] WARNING: Could not lock System prefs. Unix error code 29843.
2026-08-15 00:14:19,735 [ERROR] LogOutputStream:75 - [STDERR_REDIRECT] 
2026-08-15 00:14:19,735 [ERROR] LogOutputStream:75 - [STDERR_REDIRECT] Aug 15, 2026 12:14:19 AM java.util.prefs.FileSystemPreferences syncWorld
2026-08-15 00:14:19,735 [ERROR] LogOutputStream:75 - [STDERR_REDIRECT] WARNING: Couldn't flush system prefs: java.util.prefs.BackingStoreException: Couldn't get file lock.
2026-08-15 00:14:19,735 [ERROR] LogOutputStream:75 - [STDERR_REDIRECT] 
2026-08-15 00:14:49,735 [ERROR] LogOutputStream:75 - [STDERR_REDIRECT] Aug 15, 2026 12:14:49 AM java.util.prefs.FileSystemPreferences checkLockFile0ErrorCode
2026-08-15 00:14:49,735 [ERROR] LogOutputStream:75 - [STDERR_REDIRECT] WARNING: Could not lock System prefs. Unix error code 29843.
2026-08-15 00:14:49,735 [ERROR] LogOutputStream:75 - [STDERR_REDIRECT] 
2026-08-15 00:14:49,736 [ERROR] LogOutputStream:75 - [STDERR_REDIRECT] Aug 15, 2026 12:14:49 AM java.util.prefs.FileSystemPreferences syncWorld
2026-08-15 00:14:49,736 [ERROR] LogOutputStream:75 - [STDERR_REDIRECT] WARNING: Couldn't flush system prefs: java.util.prefs.BackingStoreException: Couldn't get file lock.
2026-08-15 00:14:49,736 [ERROR] LogOutputStream:75 - [STDERR_REDIRECT] 
2026-08-15 00:15:19,735 [ERROR] LogOutputStream:75 - [STDERR_REDIRECT] Aug 15, 2026 12:15:19 AM java.util.prefs.FileSystemPreferences checkLockFile0ErrorCode
2026-08-15 00:15:19,735 [ERROR] LogOutputStream:75 - [STDERR_REDIRECT] WARNING: Could not lock System prefs. Unix error code 29843.
2026-08-15 00:15:19,735 [ERROR] LogOutputStream:75 - [STDERR_REDIRECT] 
2026-08-15 00:15:19,735 [ERROR] LogOutputStream:75 - [STDERR_REDIRECT] Aug 15, 2026 12:15:19 AM java.util.prefs.FileSystemPreferences syncWorld
2026-08-15 00:15:19,735 [ERROR] LogOutputStream:75 - [STDERR_REDIRECT] WARNING: Couldn't flush system prefs: java.util.prefs.BackingStoreException: Couldn't get file lock.
2026-08-15 00:15:19,736 [ERROR] LogOutputStream:75 - [STDERR_REDIRECT] 
2026-08-15 00:15:49,734 [ERROR] LogOutputStream:75 - [STDERR_REDIRECT] Aug 15, 2026 12:15:49 AM java.util.prefs.FileSystemPreferences checkLockFile0ErrorCode
2026-08-15 00:15:49,734 [ERROR] LogOutputStream:75 - [STDERR_REDIRECT] WARNING: Could not lock System prefs. Unix error code 29843.
2026-08-15 00:15:49,734 [ERROR] LogOutputStream:75 - [STDERR_REDIRECT] 
2026-08-15 00:15:49,735 [ERROR] LogOutputStream:75 - [STDERR_REDIRECT] Aug 15, 2026 12:15:49 AM java.util.prefs.FileSystemPreferences syncWorld
2026-08-15 00:15:49,735 [ERROR] LogOutputStream:75 - [STDERR_REDIRECT] WARNING: Couldn't flush system prefs: java.util.prefs.BackingStoreException: Couldn't get file lock.
2026-08-15 00:15:49,735 [ERROR] LogOutputStream:75 - [STDERR_REDIRECT] 
2026-08-15 00:16:19,735 [ERROR] LogOutputStream:75 - [STDERR_REDIRECT] Aug 15, 2026 12:16:19 AM java.util.prefs.FileSystemPreferences checkLockFile0ErrorCode
2026-08-15 00:16:19,735 [ERROR] LogOutputStream:75 - [STDERR_REDIRECT] WARNING: Could not lock System prefs. Unix error code 29843.
2026-08-15 00:16:19,735 [ERROR] LogOutputStream:75 - [STDERR_REDIRECT] 
2026-08-15 00:16:19,737 [ERROR] LogOutputStream:75 - [STDERR_REDIRECT] Aug 15, 2026 12:16:19 AM java.util.prefs.FileSystemPreferences syncWorld
2026-08-15 00:16:19,737 [ERROR] LogOutputStream:75 - [STDERR_REDIRECT] WARNING: Couldn't flush system prefs: java.util.prefs.BackingStoreException: Couldn't get file lock.
2026-08-15 00:16:19,737 [ERROR] LogOutputStream:75 - [STDERR_REDIRECT] 
2026-08-15 00:16:49,736 [ERROR] LogOutputStream:75 - [STDERR_REDIRECT] Aug 15, 2026 12:16:49 AM java.util.prefs.FileSystemPreferences checkLockFile0ErrorCode
2026-08-15 00:16:49,736 [ERROR] LogOutputStream:75 - [STDERR_REDIRECT] WARNING: Could not lock System prefs. Unix error code 29843.
2026-08-15 00:16:49,736 [ERROR] LogOutputStream:75 - [STDERR_REDIRECT] 
2026-08-15 00:16:49,736 [ERROR] LogOutputStream:75 - [STDERR_REDIRECT] Aug 15, 2026 12:16:49 AM java.util.prefs.FileSystemPreferences syncWorld
2026-08-15 00:16:49,737 [ERROR] LogOutputStream:75 - [STDERR_REDIRECT] WARNING: Couldn't flush system prefs: java.util.prefs.BackingStoreException: Couldn't get file lock.
2026-08-15 00:16:49,737 [ERROR] LogOutputStream:75 - [STDERR_REDIRECT] 
2026-08-15 00:17:19,735 [ERROR] LogOutputStream:75 - [STDERR_REDIRECT] Aug 15, 2026 12:17:19 AM java.util.prefs.FileSystemPreferences checkLockFile0ErrorCode
2026-08-15 00:17:19,735 [ERROR] LogOutputStream:75 - [STDERR_REDIRECT] WARNING: Could not lock System prefs. Unix error code 29843.
2026-08-15 00:17:19,735 [ERROR] LogOutputStream:75 - [STDERR_REDIRECT] 
2026-08-15 00:17:19,735 [ERROR] LogOutputStream:75 - [STDERR_REDIRECT] Aug 15, 2026 12:17:19 AM java.util.prefs.FileSystemPreferences syncWorld
2026-08-15 00:17:19,736 [ERROR] LogOutputStream:75 - [STDERR_REDIRECT] WARNING: Couldn't flush system prefs: java.util.prefs.BackingStoreException: Couldn't get file lock.
2026-08-15 00:17:19,736 [ERROR] LogOutputStream:75 - [STDERR_REDIRECT] 
2026-08-15 00:17:49,735 [ERROR] LogOutputStream:75 - [STDERR_REDIRECT] Aug 15, 2026 12:17:49 AM java.util.prefs.FileSystemPreferences checkLockFile0ErrorCode
2026-08-15 00:17:49,735 [ERROR] LogOutputStream:75 - [STDERR_REDIRECT] WARNING: Could not lock System prefs. Unix error code 29843.
2026-08-15 00:17:49,736 [ERROR] LogOutputStream:75 - [STDERR_REDIRECT] 
2026-08-15 00:17:49,736 [ERROR] LogOutputStream:75 - [STDERR_REDIRECT] Aug 15, 2026 12:17:49 AM java.util.prefs.FileSystemPreferences syncWorld
2026-08-15 00:17:49,736 [ERROR] LogOutputStream:75 - [STDERR_REDIRECT] WARNING: Couldn't flush system prefs: java.util.prefs.BackingStoreException: Couldn't get file lock.
2026-08-15 00:17:49,736 [ERROR] LogOutputStream:75 - [STDERR_REDIRECT] 
2026-08-15 00:18:19,735 [ERROR] LogOutputStream:75 - [STDERR_REDIRECT] Aug 15, 2026 12:18:19 AM java.util.prefs.FileSystemPreferences checkLockFile0ErrorCode
2026-08-15 00:18:19,735 [ERROR] LogOutputStream:75 - [STDERR_REDIRECT] WARNING: Could not lock System prefs. Unix error code 29843.
2026-08-15 00:18:19,735 [ERROR] LogOutputStream:75 - [STDERR_REDIRECT] 
2026-08-15 00:18:19,735 [ERROR] LogOutputStream:75 - [STDERR_REDIRECT] Aug 15, 2026 12:18:19 AM java.util.prefs.FileSystemPreferences syncWorld
2026-08-15 00:18:19,735 [ERROR] LogOutputStream:75 - [STDERR_REDIRECT] WARNING: Couldn't flush system prefs: java.util.prefs.BackingStoreException: Couldn't get file lock.
2026-08-15 00:18:19,735 [ERROR] LogOutputStream:75 - [STDERR_REDIRECT] 
2026-08-15 00:18:49,734 [ERROR] LogOutputStream:75 - [STDERR_REDIRECT] Aug 15, 2026 12:18:49 AM java.util.prefs.FileSystemPreferences checkLockFile0ErrorCode
2026-08-15 00:18:49,735 [ERROR] LogOutputStream:75 - [STDERR_REDIRECT] WARNING: Could not lock System prefs. Unix error code 29843.
2026-08-15 00:18:49,735 [ERROR] LogOutputStream:75 - [STDERR_REDIRECT] 
2026-08-15 00:18:49,735 [ERROR] LogOutputStream:75 - [STDERR_REDIRECT] Aug 15, 2026 12:18:49 AM java.util.prefs.FileSystemPreferences syncWorld
2026-08-15 00:18:49,735 [ERROR] LogOutputStream:75 - [STDERR_REDIRECT] WARNING: Couldn't flush system prefs: java.util.prefs.BackingStoreException: Couldn't get file lock.
2026-08-15 00:18:49,735 [ERROR] LogOutputStream:75 - [STDERR_REDIRECT] 
2026-08-15 00:19:19,735 [ERROR] LogOutputStream:75 - [STDERR_REDIRECT] Aug 15, 2026 12:19:19 AM java.util.prefs.FileSystemPreferences checkLockFile0ErrorCode
2026-08-15 00:19:19,735 [ERROR] LogOutputStream:75 - [STDERR_REDIRECT] WARNING: Could not lock System prefs. Unix error code 29843.
2026-08-15 00:19:19,736 [ERROR] LogOutputStream:75 - [STDERR_REDIRECT] 
2026-08-15 00:19:19,739 [ERROR] LogOutputStream:75 - [STDERR_REDIRECT] Aug 15, 2026 12:19:19 AM java.util.prefs.FileSystemPreferences syncWorld
2026-08-15 00:19:19,739 [ERROR] LogOutputStream:75 - [STDERR_REDIRECT] WARNING: Couldn't flush system prefs: java.util.prefs.BackingStoreException: Couldn't get file lock.
2026-08-15 00:19:19,739 [ERROR] LogOutputStream:75 - [STDERR_REDIRECT] 
2026-08-15 00:19:49,734 [ERROR] LogOutputStream:75 - [STDERR_REDIRECT] Aug 15, 2026 12:19:49 AM java.util.prefs.FileSystemPreferences checkLockFile0ErrorCode
2026-08-15 00:19:49,735 [ERROR] LogOutputStream:75 - [STDERR_REDIRECT] WARNING: Could not lock System prefs. Unix error code 29843.
2026-08-15 00:19:49,735 [ERROR] LogOutputStream:75 - [STDERR_REDIRECT] 
2026-08-15 00:19:49,735 [ERROR] LogOutputStream:75 - [STDERR_REDIRECT] Aug 15, 2026 12:19:49 AM java.util.prefs.FileSystemPreferences syncWorld
2026-08-15 00:19:49,735 [ERROR] LogOutputStream:75 - [STDERR_REDIRECT] WARNING: Couldn't flush system prefs: java.util.prefs.BackingStoreException: Couldn't get file lock.
2026-08-15 00:19:49,735 [ERROR] LogOutputStream:75 - [STDERR_REDIRECT] 
2026-08-15 00:20:19,736 [ERROR] LogOutputStream:75 - [STDERR_REDIRECT] Aug 15, 2026 12:20:19 AM java.util.prefs.FileSystemPreferences checkLockFile0ErrorCode
2026-08-15 00:20:19,737 [ERROR] LogOutputStream:75 - [STDERR_REDIRECT] WARNING: Could not lock System prefs. Unix error code 29843.
2026-08-15 00:20:19,737 [ERROR] LogOutputStream:75 - [STDERR_REDIRECT] 
2026-08-15 00:20:19,737 [ERROR] LogOutputStream:75 - [STDERR_REDIRECT] Aug 15, 2026 12:20:19 AM java.util.prefs.FileSystemPreferences syncWorld
2026-08-15 00:20:19,737 [ERROR] LogOutputStream:75 - [STDERR_REDIRECT] WARNING: Couldn't flush system prefs: java.util.prefs.BackingStoreException: Couldn't get file lock.
2026-08-15 00:20:19,737 [ERROR] LogOutputStream:75 - [STDERR_REDIRECT] 
2026-08-15 00:20:49,735 [ERROR] LogOutputStream:75 - [STDERR_REDIRECT] Aug 15, 2026 12:20:49 AM java.util.prefs.FileSystemPreferences checkLockFile0ErrorCode
2026-08-15 00:20:49,735 [ERROR] LogOutputStream:75 - [STDERR_REDIRECT] WARNING: Could not lock System prefs. Unix error code 29843.
2026-08-15 00:20:49,735 [ERROR] LogOutputStream:75 - [STDERR_REDIRECT] 
2026-08-15 00:20:49,735 [ERROR] LogOutputStream:75 - [STDERR_REDIRECT] Aug 15, 2026 12:20:49 AM java.util.prefs.FileSystemPreferences syncWorld
2026-08-15 00:20:49,735 [ERROR] LogOutputStream:75 - [STDERR_REDIRECT] WARNING: Couldn't flush system prefs: java.util.prefs.BackingStoreException: Couldn't get file lock.
2026-08-15 00:20:49,735 [ERROR] LogOutputStream:75 - [STDERR_REDIRECT] 
2026-08-15 00:21:19,735 [ERROR] LogOutputStream:75 - [STDERR_REDIRECT] Aug 15, 2026 12:21:19 AM java.util.prefs.FileSystemPreferences checkLockFile0ErrorCode
2026-08-15 00:21:19,735 [ERROR] LogOutputStream:75 - [STDERR_REDIRECT] WARNING: Could not lock System prefs. Unix error code 29843.
2026-08-15 00:21:19,735 [ERROR] LogOutputStream:75 - [STDERR_REDIRECT] 
2026-08-15 00:21:19,736 [ERROR] LogOutputStream:75 - [STDERR_REDIRECT] Aug 15, 2026 12:21:19 AM java.util.prefs.FileSystemPreferences syncWorld
2026-08-15 00:21:19,736 [ERROR] LogOutputStream:75 - [STDERR_REDIRECT] WARNING: Couldn't flush system prefs: java.util.prefs.BackingStoreException: Couldn't get file lock.
2026-08-15 00:21:19,736 [ERROR] LogOutputStream:75 - [STDERR_REDIRECT] 
2026-08-15 00:21:49,735 [ERROR] LogOutputStream:75 - [STDERR_REDIRECT] Aug 15, 2026 12:21:49 AM java.util.prefs.FileSystemPreferences checkLockFile0ErrorCode
2026-08-15 00:21:49,735 [ERROR] LogOutputStream:75 - [STDERR_REDIRECT] WARNING: Could not lock System prefs. Unix error code 29843.
2026-08-15 00:21:49,735 [ERROR] LogOutputStream:75 - [STDERR_REDIRECT] 
2026-08-15 00:21:49,736 [ERROR] LogOutputStream:75 - [STDERR_REDIRECT] Aug 15, 2026 12:21:49 AM java.util.prefs.FileSystemPreferences syncWorld
2026-08-15 00:21:49,736 [ERROR] LogOutputStream:75 - [STDERR_REDIRECT] WARNING: Couldn't flush system prefs: java.util.prefs.BackingStoreException: Couldn't get file lock.
2026-08-15 00:21:49,736 [ERROR] LogOutputStream:75 - [STDERR_REDIRECT] 
2026-08-15 00:22:19,736 [ERROR] LogOutputStream:75 - [STDERR_REDIRECT] Aug 15, 2026 12:22:19 AM java.util.prefs.FileSystemPreferences checkLockFile0ErrorCode
2026-08-15 00:22:19,736 [ERROR] LogOutputStream:75 - [STDERR_REDIRECT] WARNING: Could not lock System prefs. Unix error code 29843.
2026-08-15 00:22:19,736 [ERROR] LogOutputStream:75 - [STDERR_REDIRECT] 
2026-08-15 00:22:19,736 [ERROR] LogOutputStream:75 - [STDERR_REDIRECT] Aug 15, 2026 12:22:19 AM java.util.prefs.FileSystemPreferences syncWorld
2026-08-15 00:22:19,736 [ERROR] LogOutputStream:75 - [STDERR_REDIRECT] WARNING: Couldn't flush system prefs: java.util.prefs.BackingStoreException: Couldn't get file lock.
2026-08-15 00:22:19,736 [ERROR] LogOutputStream:75 - [STDERR_REDIRECT] 
2026-08-15 00:22:49,736 [ERROR] LogOutputStream:75 - [STDERR_REDIRECT] Aug 15, 2026 12:22:49 AM java.util.prefs.FileSystemPreferences checkLockFile0ErrorCode
2026-08-15 00:22:49,736 [ERROR] LogOutputStream:75 - [STDERR_REDIRECT] WARNING: Could not lock System prefs. Unix error code 29843.
2026-08-15 00:22:49,736 [ERROR] LogOutputStream:75 - [STDERR_REDIRECT] 
2026-08-15 00:22:49,737 [ERROR] LogOutputStream:75 - [STDERR_REDIRECT] Aug 15, 2026 12:22:49 AM java.util.prefs.FileSystemPreferences syncWorld
2026-08-15 00:22:49,737 [ERROR] LogOutputStream:75 - [STDERR_REDIRECT] WARNING: Couldn't flush system prefs: java.util.prefs.BackingStoreException: Couldn't get file lock.
2026-08-15 00:22:49,737 [ERROR] LogOutputStream:75 - [STDERR_REDIRECT] 
2026-08-15 00:23:19,737 [ERROR] LogOutputStream:75 - [STDERR_REDIRECT] Aug 15, 2026 12:23:19 AM java.util.prefs.FileSystemPreferences checkLockFile0ErrorCode
2026-08-15 00:23:19,737 [ERROR] LogOutputStream:75 - [STDERR_REDIRECT] WARNING: Could not lock System prefs. Unix error code 29843.
2026-08-15 00:23:19,737 [ERROR] LogOutputStream:75 - [STDERR_REDIRECT] 
2026-08-15 00:23:19,737 [ERROR] LogOutputStream:75 - [STDERR_REDIRECT] Aug 15, 2026 12:23:19 AM java.util.prefs.FileSystemPreferences syncWorld
2026-08-15 00:23:19,738 [ERROR] LogOutputStream:75 - [STDERR_REDIRECT] WARNING: Couldn't flush system prefs: java.util.prefs.BackingStoreException: Couldn't get file lock.
2026-08-15 00:23:19,738 [ERROR] LogOutputStream:75 - [STDERR_REDIRECT] 
2026-08-15 00:23:49,737 [ERROR] LogOutputStream:75 - [STDERR_REDIRECT] Aug 15, 2026 12:23:49 AM java.util.prefs.FileSystemPreferences checkLockFile0ErrorCode
2026-08-15 00:23:49,737 [ERROR] LogOutputStream:75 - [STDERR_REDIRECT] WARNING: Could not lock System prefs. Unix error code 29843.
2026-08-15 00:23:49,737 [ERROR] LogOutputStream:75 - [STDERR_REDIRECT] 
2026-08-15 00:23:49,737 [ERROR] LogOutputStream:75 - [STDERR_REDIRECT] Aug 15, 2026 12:23:49 AM java.util.prefs.FileSystemPreferences syncWorld
2026-08-15 00:23:49,737 [ERROR] LogOutputStream:75 - [STDERR_REDIRECT] WARNING: Couldn't flush system prefs: java.util.prefs.BackingStoreException: Couldn't get file lock.
2026-08-15 00:23:49,737 [ERROR] LogOutputStream:75 - [STDERR_REDIRECT] 
2026-08-15 00:24:19,737 [ERROR] LogOutputStream:75 - [STDERR_REDIRECT] Aug 15, 2026 12:24:19 AM java.util.prefs.FileSystemPreferences checkLockFile0ErrorCode
2026-08-15 00:24:19,737 [ERROR] LogOutputStream:75 - [STDERR_REDIRECT] WARNING: Could not lock System prefs. Unix error code 29843.
2026-08-15 00:24:19,737 [ERROR] LogOutputStream:75 - [STDERR_REDIRECT] 
2026-08-15 00:24:19,738 [ERROR] LogOutputStream:75 - [STDERR_REDIRECT] Aug 15, 2026 12:24:19 AM java.util.prefs.FileSystemPreferences syncWorld
2026-08-15 00:24:19,739 [ERROR] LogOutputStream:75 - [STDERR_REDIRECT] WARNING: Couldn't flush system prefs: java.util.prefs.BackingStoreException: Couldn't get file lock.
2026-08-15 00:24:19,740 [ERROR] LogOutputStream:75 - [STDERR_REDIRECT] 
2026-08-15 00:24:49,737 [ERROR] LogOutputStream:75 - [STDERR_REDIRECT] Aug 15, 2026 12:24:49 AM java.util.prefs.FileSystemPreferences checkLockFile0ErrorCode
2026-08-15 00:24:49,737 [ERROR] LogOutputStream:75 - [STDERR_REDIRECT] WARNING: Could not lock System prefs. Unix error code 29843.
2026-08-15 00:24:49,737 [ERROR] LogOutputStream:75 - [STDERR_REDIRECT] 
2026-08-15 00:24:49,737 [ERROR] LogOutputStream:75 - [STDERR_REDIRECT] Aug 15, 2026 12:24:49 AM java.util.prefs.FileSystemPreferences syncWorld
2026-08-15 00:24:49,737 [ERROR] LogOutputStream:75 - [STDERR_REDIRECT] WARNING: Couldn't flush system prefs: java.util.prefs.BackingStoreException: Couldn't get file lock.
2026-08-15 00:24:49,737 [ERROR] LogOutputStream:75 - [STDERR_REDIRECT] 
2026-08-15 00:25:19,737 [ERROR] LogOutputStream:75 - [STDERR_REDIRECT] Aug 15, 2026 12:25:19 AM java.util.prefs.FileSystemPreferences checkLockFile0ErrorCode
2026-08-15 00:25:19,737 [ERROR] LogOutputStream:75 - [STDERR_REDIRECT] WARNING: Could not lock System prefs. Unix error code 29843.
2026-08-15 00:25:19,737 [ERROR] LogOutputStream:75 - [STDERR_REDIRECT] 
2026-08-15 00:25:19,737 [ERROR] LogOutputStream:75 - [STDERR_REDIRECT] Aug 15, 2026 12:25:19 AM java.util.prefs.FileSystemPreferences syncWorld
2026-08-15 00:25:19,737 [ERROR] LogOutputStream:75 - [STDERR_REDIRECT] WARNING: Couldn't flush system prefs: java.util.prefs.BackingStoreException: Couldn't get file lock.
2026-08-15 00:25:19,737 [ERROR] LogOutputStream:75 - [STDERR_REDIRECT] 
2026-08-15 00:25:49,737 [ERROR] LogOutputStream:75 - [STDERR_REDIRECT] Aug 15, 2026 12:25:49 AM java.util.prefs.FileSystemPreferences checkLockFile0ErrorCode
2026-08-15 00:25:49,737 [ERROR] LogOutputStream:75 - [STDERR_REDIRECT] WARNING: Could not lock System prefs. Unix error code 29843.
2026-08-15 00:25:49,738 [ERROR] LogOutputStream:75 - [STDERR_REDIRECT] 
2026-08-15 00:25:49,738 [ERROR] LogOutputStream:75 - [STDERR_REDIRECT] Aug 15, 2026 12:25:49 AM java.util.prefs.FileSystemPreferences syncWorld
2026-08-15 00:25:49,738 [ERROR] LogOutputStream:75 - [STDERR_REDIRECT] WARNING: Couldn't flush system prefs: java.util.prefs.BackingStoreException: Couldn't get file lock.
2026-08-15 00:25:49,738 [ERROR] LogOutputStream:75 - [STDERR_REDIRECT] 
2026-08-15 00:26:19,737 [ERROR] LogOutputStream:75 - [STDERR_REDIRECT] Aug 15, 2026 12:26:19 AM java.util.prefs.FileSystemPreferences checkLockFile0ErrorCode
2026-08-15 00:26:19,737 [ERROR] LogOutputStream:75 - [STDERR_REDIRECT] WARNING: Could not lock System prefs. Unix error code 29843.
2026-08-15 00:26:19,754 [ERROR] LogOutputStream:75 - [STDERR_REDIRECT] 
2026-08-15 00:26:19,755 [ERROR] LogOutputStream:75 - [STDERR_REDIRECT] Aug 15, 2026 12:26:19 AM java.util.prefs.FileSystemPreferences syncWorld
2026-08-15 00:26:19,755 [ERROR] LogOutputStream:75 - [STDERR_REDIRECT] WARNING: Couldn't flush system prefs: java.util.prefs.BackingStoreException: Couldn't get file lock.
2026-08-15 00:26:19,755 [ERROR] LogOutputStream:75 - [STDERR_REDIRECT] 
2026-08-15 00:26:49,737 [ERROR] LogOutputStream:75 - [STDERR_REDIRECT] Aug 15, 2026 12:26:49 AM java.util.prefs.FileSystemPreferences checkLockFile0ErrorCode
2026-08-15 00:26:49,737 [ERROR] LogOutputStream:75 - [STDERR_REDIRECT] WARNING: Could not lock System prefs. Unix error code 29843.
2026-08-15 00:26:49,737 [ERROR] LogOutputStream:75 - [STDERR_REDIRECT] 
2026-08-15 00:26:49,737 [ERROR] LogOutputStream:75 - [STDERR_REDIRECT] Aug 15, 2026 12:26:49 AM java.util.prefs.FileSystemPreferences syncWorld
2026-08-15 00:26:49,737 [ERROR] LogOutputStream:75 - [STDERR_REDIRECT] WARNING: Couldn't flush system prefs: java.util.prefs.BackingStoreException: Couldn't get file lock.
2026-08-15 00:26:49,738 [ERROR] LogOutputStream:75 - [STDERR_REDIRECT] 
2026-08-15 00:27:19,736 [ERROR] LogOutputStream:75 - [STDERR_REDIRECT] Aug 15, 2026 12:27:19 AM java.util.prefs.FileSystemPreferences checkLockFile0ErrorCode
2026-08-15 00:27:19,737 [ERROR] LogOutputStream:75 - [STDERR_REDIRECT] WARNING: Could not lock System prefs. Unix error code 29843.
2026-08-15 00:27:19,737 [ERROR] LogOutputStream:75 - [STDERR_REDIRECT] 
2026-08-15 00:27:19,737 [ERROR] LogOutputStream:75 - [STDERR_REDIRECT] Aug 15, 2026 12:27:19 AM java.util.prefs.FileSystemPreferences syncWorld
2026-08-15 00:27:19,737 [ERROR] LogOutputStream:75 - [STDERR_REDIRECT] WARNING: Couldn't flush system prefs: java.util.prefs.BackingStoreException: Couldn't get file lock.
2026-08-15 00:27:19,737 [ERROR] LogOutputStream:75 - [STDERR_REDIRECT] 
2026-08-15 00:27:49,737 [ERROR] LogOutputStream:75 - [STDERR_REDIRECT] Aug 15, 2026 12:27:49 AM java.util.prefs.FileSystemPreferences checkLockFile0ErrorCode
2026-08-15 00:27:49,737 [ERROR] LogOutputStream:75 - [STDERR_REDIRECT] WARNING: Could not lock System prefs. Unix error code 29843.
2026-08-15 00:27:49,737 [ERROR] LogOutputStream:75 - [STDERR_REDIRECT] 
2026-08-15 00:27:49,738 [ERROR] LogOutputStream:75 - [STDERR_REDIRECT] Aug 15, 2026 12:27:49 AM java.util.prefs.FileSystemPreferences syncWorld
2026-08-15 00:27:49,738 [ERROR] LogOutputStream:75 - [STDERR_REDIRECT] WARNING: Couldn't flush system prefs: java.util.prefs.BackingStoreException: Couldn't get file lock.
2026-08-15 00:27:49,738 [ERROR] LogOutputStream:75 - [STDERR_REDIRECT] 
2026-08-15 00:28:19,737 [ERROR] LogOutputStream:75 - [STDERR_REDIRECT] Aug 15, 2026 12:28:19 AM java.util.prefs.FileSystemPreferences checkLockFile0ErrorCode
2026-08-15 00:28:19,737 [ERROR] LogOutputStream:75 - [STDERR_REDIRECT] WARNING: Could not lock System prefs. Unix error code 29843.
2026-08-15 00:28:19,737 [ERROR] LogOutputStream:75 - [STDERR_REDIRECT] 
2026-08-15 00:28:19,737 [ERROR] LogOutputStream:75 - [STDERR_REDIRECT] Aug 15, 2026 12:28:19 AM java.util.prefs.FileSystemPreferences syncWorld
2026-08-15 00:28:19,738 [ERROR] LogOutputStream:75 - [STDERR_REDIRECT] WARNING: Couldn't flush system prefs: java.util.prefs.BackingStoreException: Couldn't get file lock.
2026-08-15 00:28:19,738 [ERROR] LogOutputStream:75 - [STDERR_REDIRECT] 
2026-08-15 00:28:49,736 [ERROR] LogOutputStream:75 - [STDERR_REDIRECT] Aug 15, 2026 12:28:49 AM java.util.prefs.FileSystemPreferences checkLockFile0ErrorCode
2026-08-15 00:28:49,736 [ERROR] LogOutputStream:75 - [STDERR_REDIRECT] WARNING: Could not lock System prefs. Unix error code 29843.
2026-08-15 00:28:49,737 [ERROR] LogOutputStream:75 - [STDERR_REDIRECT] 
2026-08-15 00:28:49,737 [ERROR] LogOutputStream:75 - [STDERR_REDIRECT] Aug 15, 2026 12:28:49 AM java.util.prefs.FileSystemPreferences syncWorld
2026-08-15 00:28:49,737 [ERROR] LogOutputStream:75 - [STDERR_REDIRECT] WARNING: Couldn't flush system prefs: java.util.prefs.BackingStoreException: Couldn't get file lock.
2026-08-15 00:28:49,737 [ERROR] LogOutputStream:75 - [STDERR_REDIRECT] 
2026-08-15 00:29:19,737 [ERROR] LogOutputStream:75 - [STDERR_REDIRECT] Aug 15, 2026 12:29:19 AM java.util.prefs.FileSystemPreferences checkLockFile0ErrorCode
2026-08-15 00:29:19,737 [ERROR] LogOutputStream:75 - [STDERR_REDIRECT] WARNING: Could not lock System prefs. Unix error code 29843.
2026-08-15 00:29:19,737 [ERROR] LogOutputStream:75 - [STDERR_REDIRECT] 
2026-08-15 00:29:19,737 [ERROR] LogOutputStream:75 - [STDERR_REDIRECT] Aug 15, 2026 12:29:19 AM java.util.prefs.FileSystemPreferences syncWorld
2026-08-15 00:29:19,738 [ERROR] LogOutputStream:75 - [STDERR_REDIRECT] WARNING: Couldn't flush system prefs: java.util.prefs.BackingStoreException: Couldn't get file lock.
2026-08-15 00:29:19,738 [ERROR] LogOutputStream:75 - [STDERR_REDIRECT] 
2026-08-15 00:29:49,737 [ERROR] LogOutputStream:75 - [STDERR_REDIRECT] Aug 15, 2026 12:29:49 AM java.util.prefs.FileSystemPreferences checkLockFile0ErrorCode
2026-08-15 00:29:49,738 [ERROR] LogOutputStream:75 - [STDERR_REDIRECT] WARNING: Could not lock System prefs. Unix error code 29843.
2026-08-15 00:29:49,738 [ERROR] LogOutputStream:75 - [STDERR_REDIRECT] 
2026-08-15 00:29:49,738 [ERROR] LogOutputStream:75 - [STDERR_REDIRECT] Aug 15, 2026 12:29:49 AM java.util.prefs.FileSystemPreferences syncWorld
2026-08-15 00:29:49,738 [ERROR] LogOutputStream:75 - [STDERR_REDIRECT] WARNING: Couldn't flush system prefs: java.util.prefs.BackingStoreException: Couldn't get file lock.
2026-08-15 00:29:49,738 [ERROR] LogOutputStream:75 - [STDERR_REDIRECT] 
2026-08-15 00:30:19,736 [ERROR] LogOutputStream:75 - [STDERR_REDIRECT] Aug 15, 2026 12:30:19 AM java.util.prefs.FileSystemPreferences checkLockFile0ErrorCode
2026-08-15 00:30:19,737 [ERROR] LogOutputStream:75 - [STDERR_REDIRECT] WARNING: Could not lock System prefs. Unix error code 29843.
2026-08-15 00:30:19,737 [ERROR] LogOutputStream:75 - [STDERR_REDIRECT] 
2026-08-15 00:30:19,737 [ERROR] LogOutputStream:75 - [STDERR_REDIRECT] Aug 15, 2026 12:30:19 AM java.util.prefs.FileSystemPreferences syncWorld
2026-08-15 00:30:19,737 [ERROR] LogOutputStream:75 - [STDERR_REDIRECT] WARNING: Couldn't flush system prefs: java.util.prefs.BackingStoreException: Couldn't get file lock.
2026-08-15 00:30:19,737 [ERROR] LogOutputStream:75 - [STDERR_REDIRECT] 
2026-08-15 00:30:49,737 [ERROR] LogOutputStream:75 - [STDERR_REDIRECT] Aug 15, 2026 12:30:49 AM java.util.prefs.FileSystemPreferences checkLockFile0ErrorCode
2026-08-15 00:30:49,737 [ERROR] LogOutputStream:75 - [STDERR_REDIRECT] WARNING: Could not lock System prefs. Unix error code 29843.
2026-08-15 00:30:49,737 [ERROR] LogOutputStream:75 - [STDERR_REDIRECT] 
2026-08-15 00:30:49,738 [ERROR] LogOutputStream:75 - [STDERR_REDIRECT] Aug 15, 2026 12:30:49 AM java.util.prefs.FileSystemPreferences syncWorld
2026-08-15 00:30:49,738 [ERROR] LogOutputStream:75 - [STDERR_REDIRECT] WARNING: Couldn't flush system prefs: java.util.prefs.BackingStoreException: Couldn't get file lock.
2026-08-15 00:30:49,738 [ERROR] LogOutputStream:75 - [STDERR_REDIRECT] 
2026-08-15 00:31:19,737 [ERROR] LogOutputStream:75 - [STDERR_REDIRECT] Aug 15, 2026 12:31:19 AM java.util.prefs.FileSystemPreferences checkLockFile0ErrorCode
2026-08-15 00:31:19,737 [ERROR] LogOutputStream:75 - [STDERR_REDIRECT] WARNING: Could not lock System prefs. Unix error code 29843.
2026-08-15 00:31:19,737 [ERROR] LogOutputStream:75 - [STDERR_REDIRECT] 
2026-08-15 00:31:19,737 [ERROR] LogOutputStream:75 - [STDERR_REDIRECT] Aug 15, 2026 12:31:19 AM java.util.prefs.FileSystemPreferences syncWorld
2026-08-15 00:31:19,738 [ERROR] LogOutputStream:75 - [STDERR_REDIRECT] WARNING: Couldn't flush system prefs: java.util.prefs.BackingStoreException: Couldn't get file lock.
2026-08-15 00:31:19,739 [ERROR] LogOutputStream:75 - [STDERR_REDIRECT] 
2026-08-15 00:31:49,739 [ERROR] LogOutputStream:75 - [STDERR_REDIRECT] Aug 15, 2026 12:31:49 AM java.util.prefs.FileSystemPreferences checkLockFile0ErrorCode
2026-08-15 00:31:49,739 [ERROR] LogOutputStream:75 - [STDERR_REDIRECT] WARNING: Could not lock System prefs. Unix error code 29843.
2026-08-15 00:31:49,739 [ERROR] LogOutputStream:75 - [STDERR_REDIRECT] 
2026-08-15 00:31:49,739 [ERROR] LogOutputStream:75 - [STDERR_REDIRECT] Aug 15, 2026 12:31:49 AM java.util.prefs.FileSystemPreferences syncWorld
2026-08-15 00:31:49,739 [ERROR] LogOutputStream:75 - [STDERR_REDIRECT] WARNING: Couldn't flush system prefs: java.util.prefs.BackingStoreException: Couldn't get file lock.
2026-08-15 00:31:49,739 [ERROR] LogOutputStream:75 - [STDERR_REDIRECT] 
2026-08-15 00:32:19,738 [ERROR] LogOutputStream:75 - [STDERR_REDIRECT] Aug 15, 2026 12:32:19 AM java.util.prefs.FileSystemPreferences checkLockFile0ErrorCode
2026-08-15 00:32:19,738 [ERROR] LogOutputStream:75 - [STDERR_REDIRECT] WARNING: Could not lock System prefs. Unix error code 29843.
2026-08-15 00:32:19,739 [ERROR] LogOutputStream:75 - [STDERR_REDIRECT] 
2026-08-15 00:32:19,739 [ERROR] LogOutputStream:75 - [STDERR_REDIRECT] Aug 15, 2026 12:32:19 AM java.util.prefs.FileSystemPreferences syncWorld
2026-08-15 00:32:19,739 [ERROR] LogOutputStream:75 - [STDERR_REDIRECT] WARNING: Couldn't flush system prefs: java.util.prefs.BackingStoreException: Couldn't get file lock.
2026-08-15 00:32:19,739 [ERROR] LogOutputStream:75 - [STDERR_REDIRECT] 
2026-08-15 00:32:49,738 [ERROR] LogOutputStream:75 - [STDERR_REDIRECT] Aug 15, 2026 12:32:49 AM java.util.prefs.FileSystemPreferences checkLockFile0ErrorCode
2026-08-15 00:32:49,738 [ERROR] LogOutputStream:75 - [STDERR_REDIRECT] WARNING: Could not lock System prefs. Unix error code 29843.
2026-08-15 00:32:49,738 [ERROR] LogOutputStream:75 - [STDERR_REDIRECT] 
2026-08-15 00:32:49,738 [ERROR] LogOutputStream:75 - [STDERR_REDIRECT] Aug 15, 2026 12:32:49 AM java.util.prefs.FileSystemPreferences syncWorld
2026-08-15 00:32:49,738 [ERROR] LogOutputStream:75 - [STDERR_REDIRECT] WARNING: Couldn't flush system prefs: java.util.prefs.BackingStoreException: Couldn't get file lock.
2026-08-15 00:32:49,738 [ERROR] LogOutputStream:75 - [STDERR_REDIRECT] 
2026-08-15 00:33:19,738 [ERROR] LogOutputStream:75 - [STDERR_REDIRECT] Aug 15, 2026 12:33:19 AM java.util.prefs.FileSystemPreferences checkLockFile0ErrorCode
2026-08-15 00:33:19,738 [ERROR] LogOutputStream:75 - [STDERR_REDIRECT] WARNING: Could not lock System prefs. Unix error code 29843.
2026-08-15 00:33:19,738 [ERROR] LogOutputStream:75 - [STDERR_REDIRECT] 
2026-08-15 00:33:19,738 [ERROR] LogOutputStream:75 - [STDERR_REDIRECT] Aug 15, 2026 12:33:19 AM java.util.prefs.FileSystemPreferences syncWorld
2026-08-15 00:33:19,739 [ERROR] LogOutputStream:75 - [STDERR_REDIRECT] WARNING: Couldn't flush system prefs: java.util.prefs.BackingStoreException: Couldn't get file lock.
2026-08-15 00:33:19,739 [ERROR] LogOutputStream:75 - [STDERR_REDIRECT] 
2026-08-15 00:33:49,737 [ERROR] LogOutputStream:75 - [STDERR_REDIRECT] Aug 15, 2026 12:33:49 AM java.util.prefs.FileSystemPreferences checkLockFile0ErrorCode
2026-08-15 00:33:49,737 [ERROR] LogOutputStream:75 - [STDERR_REDIRECT] WARNING: Could not lock System prefs. Unix error code 29843.
2026-08-15 00:33:49,738 [ERROR] LogOutputStream:75 - [STDERR_REDIRECT] 
2026-08-15 00:33:49,738 [ERROR] LogOutputStream:75 - [STDERR_REDIRECT] Aug 15, 2026 12:33:49 AM java.util.prefs.FileSystemPreferences syncWorld
2026-08-15 00:33:49,738 [ERROR] LogOutputStream:75 - [STDERR_REDIRECT] WARNING: Couldn't flush system prefs: java.util.prefs.BackingStoreException: Couldn't get file lock.
2026-08-15 00:33:49,738 [ERROR] LogOutputStream:75 - [STDERR_REDIRECT] 
2026-08-15 00:34:19,738 [ERROR] LogOutputStream:75 - [STDERR_REDIRECT] Aug 15, 2026 12:34:19 AM java.util.prefs.FileSystemPreferences checkLockFile0ErrorCode
2026-08-15 00:34:19,738 [ERROR] LogOutputStream:75 - [STDERR_REDIRECT] WARNING: Could not lock System prefs. Unix error code 29843.
2026-08-15 00:34:19,738 [ERROR] LogOutputStream:75 - [STDERR_REDIRECT] 
2026-08-15 00:34:19,739 [ERROR] LogOutputStream:75 - [STDERR_REDIRECT] Aug 15, 2026 12:34:19 AM java.util.prefs.FileSystemPreferences syncWorld
2026-08-15 00:34:19,739 [ERROR] LogOutputStream:75 - [STDERR_REDIRECT] WARNING: Couldn't flush system prefs: java.util.prefs.BackingStoreException: Couldn't get file lock.
2026-08-15 00:34:19,739 [ERROR] LogOutputStream:75 - [STDERR_REDIRECT] 
2026-08-15 00:34:49,738 [ERROR] LogOutputStream:75 - [STDERR_REDIRECT] Aug 15, 2026 12:34:49 AM java.util.prefs.FileSystemPreferences checkLockFile0ErrorCode
2026-08-15 00:34:49,738 [ERROR] LogOutputStream:75 - [STDERR_REDIRECT] WARNING: Could not lock System prefs. Unix error code 29843.
2026-08-15 00:34:49,738 [ERROR] LogOutputStream:75 - [STDERR_REDIRECT] 
2026-08-15 00:34:49,738 [ERROR] LogOutputStream:75 - [STDERR_REDIRECT] Aug 15, 2026 12:34:49 AM java.util.prefs.FileSystemPreferences syncWorld
2026-08-15 00:34:49,738 [ERROR] LogOutputStream:75 - [STDERR_REDIRECT] WARNING: Couldn't flush system prefs: java.util.prefs.BackingStoreException: Couldn't get file lock.
2026-08-15 00:34:49,738 [ERROR] LogOutputStream:75 - [STDERR_REDIRECT] 
2026-08-15 00:35:19,739 [ERROR] LogOutputStream:75 - [STDERR_REDIRECT] Aug 15, 2026 12:35:19 AM java.util.prefs.FileSystemPreferences checkLockFile0ErrorCode
2026-08-15 00:35:19,739 [ERROR] LogOutputStream:75 - [STDERR_REDIRECT] WARNING: Could not lock System prefs. Unix error code 29843.
2026-08-15 00:35:19,739 [ERROR] LogOutputStream:75 - [STDERR_REDIRECT] 
2026-08-15 00:35:19,739 [ERROR] LogOutputStream:75 - [STDERR_REDIRECT] Aug 15, 2026 12:35:19 AM java.util.prefs.FileSystemPreferences syncWorld
2026-08-15 00:35:19,740 [ERROR] LogOutputStream:75 - [STDERR_REDIRECT] WARNING: Couldn't flush system prefs: java.util.prefs.BackingStoreException: Couldn't get file lock.
2026-08-15 00:35:19,740 [ERROR] LogOutputStream:75 - [STDERR_REDIRECT] 
2026-08-15 00:35:49,739 [ERROR] LogOutputStream:75 - [STDERR_REDIRECT] Aug 15, 2026 12:35:49 AM java.util.prefs.FileSystemPreferences checkLockFile0ErrorCode
2026-08-15 00:35:49,739 [ERROR] LogOutputStream:75 - [STDERR_REDIRECT] WARNING: Could not lock System prefs. Unix error code 29843.
2026-08-15 00:35:49,739 [ERROR] LogOutputStream:75 - [STDERR_REDIRECT] 
2026-08-15 00:35:49,740 [ERROR] LogOutputStream:75 - [STDERR_REDIRECT] Aug 15, 2026 12:35:49 AM java.util.prefs.FileSystemPreferences syncWorld
2026-08-15 00:35:49,740 [ERROR] LogOutputStream:75 - [STDERR_REDIRECT] WARNING: Couldn't flush system prefs: java.util.prefs.BackingStoreException: Couldn't get file lock.
2026-08-15 00:35:49,740 [ERROR] LogOutputStream:75 - [STDERR_REDIRECT] 
2026-08-15 00:36:19,739 [ERROR] LogOutputStream:75 - [STDERR_REDIRECT] Aug 15, 2026 12:36:19 AM java.util.prefs.FileSystemPreferences checkLockFile0ErrorCode
2026-08-15 00:36:19,739 [ERROR] LogOutputStream:75 - [STDERR_REDIRECT] WARNING: Could not lock System prefs. Unix error code 29843.
2026-08-15 00:36:19,739 [ERROR] LogOutputStream:75 - [STDERR_REDIRECT] 
2026-08-15 00:36:19,740 [ERROR] LogOutputStream:75 - [STDERR_REDIRECT] Aug 15, 2026 12:36:19 AM java.util.prefs.FileSystemPreferences syncWorld
2026-08-15 00:36:19,741 [ERROR] LogOutputStream:75 - [STDERR_REDIRECT] WARNING: Couldn't flush system prefs: java.util.prefs.BackingStoreException: Couldn't get file lock.
2026-08-15 00:36:19,741 [ERROR] LogOutputStream:75 - [STDERR_REDIRECT] 
2026-08-15 00:36:49,738 [ERROR] LogOutputStream:75 - [STDERR_REDIRECT] Aug 15, 2026 12:36:49 AM java.util.prefs.FileSystemPreferences checkLockFile0ErrorCode
2026-08-15 00:36:49,739 [ERROR] LogOutputStream:75 - [STDERR_REDIRECT] WARNING: Could not lock System prefs. Unix error code 29843.
2026-08-15 00:36:49,739 [ERROR] LogOutputStream:75 - [STDERR_REDIRECT] 
2026-08-15 00:36:49,739 [ERROR] LogOutputStream:75 - [STDERR_REDIRECT] Aug 15, 2026 12:36:49 AM java.util.prefs.FileSystemPreferences syncWorld
2026-08-15 00:36:49,739 [ERROR] LogOutputStream:75 - [STDERR_REDIRECT] WARNING: Couldn't flush system prefs: java.util.prefs.BackingStoreException: Couldn't get file lock.
2026-08-15 00:36:49,739 [ERROR] LogOutputStream:75 - [STDERR_REDIRECT] 
2026-08-15 00:37:19,739 [ERROR] LogOutputStream:75 - [STDERR_REDIRECT] Aug 15, 2026 12:37:19 AM java.util.prefs.FileSystemPreferences checkLockFile0ErrorCode
2026-08-15 00:37:19,739 [ERROR] LogOutputStream:75 - [STDERR_REDIRECT] WARNING: Could not lock System prefs. Unix error code 29843.
2026-08-15 00:37:19,739 [ERROR] LogOutputStream:75 - [STDERR_REDIRECT] 
2026-08-15 00:37:19,739 [ERROR] LogOutputStream:75 - [STDERR_REDIRECT] Aug 15, 2026 12:37:19 AM java.util.prefs.FileSystemPreferences syncWorld
2026-08-15 00:37:19,739 [ERROR] LogOutputStream:75 - [STDERR_REDIRECT] WARNING: Couldn't flush system prefs: java.util.prefs.BackingStoreException: Couldn't get file lock.
2026-08-15 00:37:19,739 [ERROR] LogOutputStream:75 - [STDERR_REDIRECT] 
2026-08-15 00:37:49,738 [ERROR] LogOutputStream:75 - [STDERR_REDIRECT] Aug 15, 2026 12:37:49 AM java.util.prefs.FileSystemPreferences checkLockFile0ErrorCode
2026-08-15 00:37:49,739 [ERROR] LogOutputStream:75 - [STDERR_REDIRECT] WARNING: Could not lock System prefs. Unix error code 29843.
2026-08-15 00:37:49,739 [ERROR] LogOutputStream:75 - [STDERR_REDIRECT] 
2026-08-15 00:37:49,739 [ERROR] LogOutputStream:75 - [STDERR_REDIRECT] Aug 15, 2026 12:37:49 AM java.util.prefs.FileSystemPreferences syncWorld
2026-08-15 00:37:49,739 [ERROR] LogOutputStream:75 - [STDERR_REDIRECT] WARNING: Couldn't flush system prefs: java.util.prefs.BackingStoreException: Couldn't get file lock.
2026-08-15 00:37:49,739 [ERROR] LogOutputStream:75 - [STDERR_REDIRECT] 
2026-08-15 00:38:19,739 [ERROR] LogOutputStream:75 - [STDERR_REDIRECT] Aug 15, 2026 12:38:19 AM java.util.prefs.FileSystemPreferences checkLockFile0ErrorCode
2026-08-15 00:38:19,739 [ERROR] LogOutputStream:75 - [STDERR_REDIRECT] WARNING: Could not lock System prefs. Unix error code 29843.
2026-08-15 00:38:19,739 [ERROR] LogOutputStream:75 - [STDERR_REDIRECT] 
2026-08-15 00:38:19,740 [ERROR] LogOutputStream:75 - [STDERR_REDIRECT] Aug 15, 2026 12:38:19 AM java.util.prefs.FileSystemPreferences syncWorld
2026-08-15 00:38:19,740 [ERROR] LogOutputStream:75 - [STDERR_REDIRECT] WARNING: Couldn't flush system prefs: java.util.prefs.BackingStoreException: Couldn't get file lock.
2026-08-15 00:38:19,740 [ERROR] LogOutputStream:75 - [STDERR_REDIRECT] 
2026-08-15 00:38:49,739 [ERROR] LogOutputStream:75 - [STDERR_REDIRECT] Aug 15, 2026 12:38:49 AM java.util.prefs.FileSystemPreferences checkLockFile0ErrorCode
2026-08-15 00:38:49,739 [ERROR] LogOutputStream:75 - [STDERR_REDIRECT] WARNING: Could not lock System prefs. Unix error code 29843.
2026-08-15 00:38:49,739 [ERROR] LogOutputStream:75 - [STDERR_REDIRECT] 
2026-08-15 00:38:49,740 [ERROR] LogOutputStream:75 - [STDERR_REDIRECT] Aug 15, 2026 12:38:49 AM java.util.prefs.FileSystemPreferences syncWorld
2026-08-15 00:38:49,740 [ERROR] LogOutputStream:75 - [STDERR_REDIRECT] WARNING: Couldn't flush system prefs: java.util.prefs.BackingStoreException: Couldn't get file lock.
2026-08-15 00:38:49,740 [ERROR] LogOutputStream:75 - [STDERR_REDIRECT] 
2026-08-15 00:39:19,740 [ERROR] LogOutputStream:75 - [STDERR_REDIRECT] Aug 15, 2026 12:39:19 AM java.util.prefs.FileSystemPreferences checkLockFile0ErrorCode
2026-08-15 00:39:19,740 [ERROR] LogOutputStream:75 - [STDERR_REDIRECT] WARNING: Could not lock System prefs. Unix error code 29843.
2026-08-15 00:39:19,740 [ERROR] LogOutputStream:75 - [STDERR_REDIRECT] 
2026-08-15 00:39:19,740 [ERROR] LogOutputStream:75 - [STDERR_REDIRECT] Aug 15, 2026 12:39:19 AM java.util.prefs.FileSystemPreferences syncWorld
2026-08-15 00:39:19,740 [ERROR] LogOutputStream:75 - [STDERR_REDIRECT] WARNING: Couldn't flush system prefs: java.util.prefs.BackingStoreException: Couldn't get file lock.
2026-08-15 00:39:19,740 [ERROR] LogOutputStream:75 - [STDERR_REDIRECT] 
2026-08-15 00:39:49,740 [ERROR] LogOutputStream:75 - [STDERR_REDIRECT] Aug 15, 2026 12:39:49 AM java.util.prefs.FileSystemPreferences checkLockFile0ErrorCode
2026-08-15 00:39:49,740 [ERROR] LogOutputStream:75 - [STDERR_REDIRECT] WARNING: Could not lock System prefs. Unix error code 29843.
2026-08-15 00:39:49,740 [ERROR] LogOutputStream:75 - [STDERR_REDIRECT] 
2026-08-15 00:39:49,741 [ERROR] LogOutputStream:75 - [STDERR_REDIRECT] Aug 15, 2026 12:39:49 AM java.util.prefs.FileSystemPreferences syncWorld
2026-08-15 00:39:49,741 [ERROR] LogOutputStream:75 - [STDERR_REDIRECT] WARNING: Couldn't flush system prefs: java.util.prefs.BackingStoreException: Couldn't get file lock.
2026-08-15 00:39:49,741 [ERROR] LogOutputStream:75 - [STDERR_REDIRECT] 
2026-08-15 00:40:19,739 [ERROR] LogOutputStream:75 - [STDERR_REDIRECT] Aug 15, 2026 12:40:19 AM java.util.prefs.FileSystemPreferences checkLockFile0ErrorCode
2026-08-15 00:40:19,740 [ERROR] LogOutputStream:75 - [STDERR_REDIRECT] WARNING: Could not lock System prefs. Unix error code 29843.
2026-08-15 00:40:19,740 [ERROR] LogOutputStream:75 - [STDERR_REDIRECT] 
2026-08-15 00:40:19,740 [ERROR] LogOutputStream:75 - [STDERR_REDIRECT] Aug 15, 2026 12:40:19 AM java.util.prefs.FileSystemPreferences syncWorld
2026-08-15 00:40:19,740 [ERROR] LogOutputStream:75 - [STDERR_REDIRECT] WARNING: Couldn't flush system prefs: java.util.prefs.BackingStoreException: Couldn't get file lock.
2026-08-15 00:40:19,740 [ERROR] LogOutputStream:75 - [STDERR_REDIRECT] 
2026-08-15 00:40:49,740 [ERROR] LogOutputStream:75 - [STDERR_REDIRECT] Aug 15, 2026 12:40:49 AM java.util.prefs.FileSystemPreferences checkLockFile0ErrorCode
2026-08-15 00:40:49,740 [ERROR] LogOutputStream:75 - [STDERR_REDIRECT] WARNING: Could not lock System prefs. Unix error code 29843.
2026-08-15 00:40:49,740 [ERROR] LogOutputStream:75 - [STDERR_REDIRECT] 
2026-08-15 00:40:49,740 [ERROR] LogOutputStream:75 - [STDERR_REDIRECT] Aug 15, 2026 12:40:49 AM java.util.prefs.FileSystemPreferences syncWorld
2026-08-15 00:40:49,740 [ERROR] LogOutputStream:75 - [STDERR_REDIRECT] WARNING: Couldn't flush system prefs: java.util.prefs.BackingStoreException: Couldn't get file lock.
2026-08-15 00:40:49,740 [ERROR] LogOutputStream:75 - [STDERR_REDIRECT] 
2026-08-15 00:41:19,741 [ERROR] LogOutputStream:75 - [STDERR_REDIRECT] Aug 15, 2026 12:41:19 AM java.util.prefs.FileSystemPreferences checkLockFile0ErrorCode
2026-08-15 00:41:19,741 [ERROR] LogOutputStream:75 - [STDERR_REDIRECT] WARNING: Could not lock System prefs. Unix error code 29843.
2026-08-15 00:41:19,741 [ERROR] LogOutputStream:75 - [STDERR_REDIRECT] 
2026-08-15 00:41:19,741 [ERROR] LogOutputStream:75 - [STDERR_REDIRECT] Aug 15, 2026 12:41:19 AM java.util.prefs.FileSystemPreferences syncWorld
2026-08-15 00:41:19,741 [ERROR] LogOutputStream:75 - [STDERR_REDIRECT] WARNING: Couldn't flush system prefs: java.util.prefs.BackingStoreException: Couldn't get file lock.
2026-08-15 00:41:19,741 [ERROR] LogOutputStream:75 - [STDERR_REDIRECT] 
2026-08-15 00:41:49,741 [ERROR] LogOutputStream:75 - [STDERR_REDIRECT] Aug 15, 2026 12:41:49 AM java.util.prefs.FileSystemPreferences checkLockFile0ErrorCode
2026-08-15 00:41:49,741 [ERROR] LogOutputStream:75 - [STDERR_REDIRECT] WARNING: Could not lock System prefs. Unix error code 29843.
2026-08-15 00:41:49,742 [ERROR] LogOutputStream:75 - [STDERR_REDIRECT] 
2026-08-15 00:41:49,742 [ERROR] LogOutputStream:75 - [STDERR_REDIRECT] Aug 15, 2026 12:41:49 AM java.util.prefs.FileSystemPreferences syncWorld
2026-08-15 00:41:49,742 [ERROR] LogOutputStream:75 - [STDERR_REDIRECT] WARNING: Couldn't flush system prefs: java.util.prefs.BackingStoreException: Couldn't get file lock.
2026-08-15 00:41:49,742 [ERROR] LogOutputStream:75 - [STDERR_REDIRECT] 
2026-08-15 00:42:19,741 [ERROR] LogOutputStream:75 - [STDERR_REDIRECT] Aug 15, 2026 12:42:19 AM java.util.prefs.FileSystemPreferences checkLockFile0ErrorCode
2026-08-15 00:42:19,741 [ERROR] LogOutputStream:75 - [STDERR_REDIRECT] WARNING: Could not lock System prefs. Unix error code 29843.
2026-08-15 00:42:19,741 [ERROR] LogOutputStream:75 - [STDERR_REDIRECT] 
2026-08-15 00:42:19,741 [ERROR] LogOutputStream:75 - [STDERR_REDIRECT] Aug 15, 2026 12:42:19 AM java.util.prefs.FileSystemPreferences syncWorld
2026-08-15 00:42:19,741 [ERROR] LogOutputStream:75 - [STDERR_REDIRECT] WARNING: Couldn't flush system prefs: java.util.prefs.BackingStoreException: Couldn't get file lock.
2026-08-15 00:42:19,741 [ERROR] LogOutputStream:75 - [STDERR_REDIRECT] 
2026-08-15 00:42:49,741 [ERROR] LogOutputStream:75 - [STDERR_REDIRECT] Aug 15, 2026 12:42:49 AM java.util.prefs.FileSystemPreferences checkLockFile0ErrorCode
2026-08-15 00:42:49,742 [ERROR] LogOutputStream:75 - [STDERR_REDIRECT] WARNING: Could not lock System prefs. Unix error code 29843.
2026-08-15 00:42:49,742 [ERROR] LogOutputStream:75 - [STDERR_REDIRECT] 
2026-08-15 00:42:49,742 [ERROR] LogOutputStream:75 - [STDERR_REDIRECT] Aug 15, 2026 12:42:49 AM java.util.prefs.FileSystemPreferences syncWorld
2026-08-15 00:42:49,742 [ERROR] LogOutputStream:75 - [STDERR_REDIRECT] WARNING: Couldn't flush system prefs: java.util.prefs.BackingStoreException: Couldn't get file lock.
2026-08-15 00:42:49,742 [ERROR] LogOutputStream:75 - [STDERR_REDIRECT] 
2026-08-15 00:43:19,742 [ERROR] LogOutputStream:75 - [STDERR_REDIRECT] Aug 15, 2026 12:43:19 AM java.util.prefs.FileSystemPreferences checkLockFile0ErrorCode
2026-08-15 00:43:19,743 [ERROR] LogOutputStream:75 - [STDERR_REDIRECT] WARNING: Could not lock System prefs. Unix error code 29843.
2026-08-15 00:43:19,743 [ERROR] LogOutputStream:75 - [STDERR_REDIRECT] 
2026-08-15 00:43:19,743 [ERROR] LogOutputStream:75 - [STDERR_REDIRECT] Aug 15, 2026 12:43:19 AM java.util.prefs.FileSystemPreferences syncWorld
2026-08-15 00:43:19,744 [ERROR] LogOutputStream:75 - [STDERR_REDIRECT] WARNING: Couldn't flush system prefs: java.util.prefs.BackingStoreException: Couldn't get file lock.
2026-08-15 00:43:19,744 [ERROR] LogOutputStream:75 - [STDERR_REDIRECT] 
2026-08-15 00:43:49,741 [ERROR] LogOutputStream:75 - [STDERR_REDIRECT] Aug 15, 2026 12:43:49 AM java.util.prefs.FileSystemPreferences checkLockFile0ErrorCode
2026-08-15 00:43:49,741 [ERROR] LogOutputStream:75 - [STDERR_REDIRECT] WARNING: Could not lock System prefs. Unix error code 29843.
2026-08-15 00:43:49,742 [ERROR] LogOutputStream:75 - [STDERR_REDIRECT] 
2026-08-15 00:43:49,742 [ERROR] LogOutputStream:75 - [STDERR_REDIRECT] Aug 15, 2026 12:43:49 AM java.util.prefs.FileSystemPreferences syncWorld
2026-08-15 00:43:49,742 [ERROR] LogOutputStream:75 - [STDERR_REDIRECT] WARNING: Couldn't flush system prefs: java.util.prefs.BackingStoreException: Couldn't get file lock.
2026-08-15 00:43:49,742 [ERROR] LogOutputStream:75 - [STDERR_REDIRECT] 
2026-08-15 00:44:19,742 [ERROR] LogOutputStream:75 - [STDERR_REDIRECT] Aug 15, 2026 12:44:19 AM java.util.prefs.FileSystemPreferences checkLockFile0ErrorCode
2026-08-15 00:44:19,742 [ERROR] LogOutputStream:75 - [STDERR_REDIRECT] WARNING: Could not lock System prefs. Unix error code 29843.
2026-08-15 00:44:19,742 [ERROR] LogOutputStream:75 - [STDERR_REDIRECT] 
2026-08-15 00:44:19,742 [ERROR] LogOutputStream:75 - [STDERR_REDIRECT] Aug 15, 2026 12:44:19 AM java.util.prefs.FileSystemPreferences syncWorld
2026-08-15 00:44:19,742 [ERROR] LogOutputStream:75 - [STDERR_REDIRECT] WARNING: Couldn't flush system prefs: java.util.prefs.BackingStoreException: Couldn't get file lock.
2026-08-15 00:44:19,742 [ERROR] LogOutputStream:75 - [STDERR_REDIRECT] 
2026-08-15 00:44:49,742 [ERROR] LogOutputStream:75 - [STDERR_REDIRECT] Aug 15, 2026 12:44:49 AM java.util.prefs.FileSystemPreferences checkLockFile0ErrorCode
2026-08-15 00:44:49,742 [ERROR] LogOutputStream:75 - [STDERR_REDIRECT] WARNING: Could not lock System prefs. Unix error code 29843.
2026-08-15 00:44:49,742 [ERROR] LogOutputStream:75 - [STDERR_REDIRECT] 
2026-08-15 00:44:49,742 [ERROR] LogOutputStream:75 - [STDERR_REDIRECT] Aug 15, 2026 12:44:49 AM java.util.prefs.FileSystemPreferences syncWorld
2026-08-15 00:44:49,743 [ERROR] LogOutputStream:75 - [STDERR_REDIRECT] WARNING: Couldn't flush system prefs: java.util.prefs.BackingStoreException: Couldn't get file lock.
2026-08-15 00:44:49,743 [ERROR] LogOutputStream:75 - [STDERR_REDIRECT] 
2026-08-15 00:45:19,743 [ERROR] LogOutputStream:75 - [STDERR_REDIRECT] Aug 15, 2026 12:45:19 AM java.util.prefs.FileSystemPreferences checkLockFile0ErrorCode
2026-08-15 00:45:19,743 [ERROR] LogOutputStream:75 - [STDERR_REDIRECT] WARNING: Could not lock System prefs. Unix error code 29843.
2026-08-15 00:45:19,743 [ERROR] LogOutputStream:75 - [STDERR_REDIRECT] 
2026-08-15 00:45:19,743 [ERROR] LogOutputStream:75 - [STDERR_REDIRECT] Aug 15, 2026 12:45:19 AM java.util.prefs.FileSystemPreferences syncWorld
2026-08-15 00:45:19,743 [ERROR] LogOutputStream:75 - [STDERR_REDIRECT] WARNING: Couldn't flush system prefs: java.util.prefs.BackingStoreException: Couldn't get file lock.
2026-08-15 00:45:19,743 [ERROR] LogOutputStream:75 - [STDERR_REDIRECT] 
2026-08-15 00:45:49,745 [ERROR] LogOutputStream:75 - [STDERR_REDIRECT] Aug 15, 2026 12:45:49 AM java.util.prefs.FileSystemPreferences checkLockFile0ErrorCode
2026-08-15 00:45:49,745 [ERROR] LogOutputStream:75 - [STDERR_REDIRECT] WARNING: Could not lock System prefs. Unix error code 29843.
2026-08-15 00:45:49,745 [ERROR] LogOutputStream:75 - [STDERR_REDIRECT] 
2026-08-15 00:45:49,745 [ERROR] LogOutputStream:75 - [STDERR_REDIRECT] Aug 15, 2026 12:45:49 AM java.util.prefs.FileSystemPreferences syncWorld
2026-08-15 00:45:49,746 [ERROR] LogOutputStream:75 - [STDERR_REDIRECT] WARNING: Couldn't flush system prefs: java.util.prefs.BackingStoreException: Couldn't get file lock.
2026-08-15 00:45:49,746 [ERROR] LogOutputStream:75 - [STDERR_REDIRECT] 
2026-08-15 00:46:19,742 [ERROR] LogOutputStream:75 - [STDERR_REDIRECT] Aug 15, 2026 12:46:19 AM java.util.prefs.FileSystemPreferences checkLockFile0ErrorCode
2026-08-15 00:46:19,743 [ERROR] LogOutputStream:75 - [STDERR_REDIRECT] WARNING: Could not lock System prefs. Unix error code 29843.
2026-08-15 00:46:19,743 [ERROR] LogOutputStream:75 - [STDERR_REDIRECT] 
2026-08-15 00:46:19,743 [ERROR] LogOutputStream:75 - [STDERR_REDIRECT] Aug 15, 2026 12:46:19 AM java.util.prefs.FileSystemPreferences syncWorld
2026-08-15 00:46:19,743 [ERROR] LogOutputStream:75 - [STDERR_REDIRECT] WARNING: Couldn't flush system prefs: java.util.prefs.BackingStoreException: Couldn't get file lock.
2026-08-15 00:46:19,743 [ERROR] LogOutputStream:75 - [STDERR_REDIRECT] 
2026-08-15 00:46:49,744 [ERROR] LogOutputStream:75 - [STDERR_REDIRECT] Aug 15, 2026 12:46:49 AM java.util.prefs.FileSystemPreferences checkLockFile0ErrorCode
2026-08-15 00:46:49,744 [ERROR] LogOutputStream:75 - [STDERR_REDIRECT] WARNING: Could not lock System prefs. Unix error code 29843.
2026-08-15 00:46:49,744 [ERROR] LogOutputStream:75 - [STDERR_REDIRECT] 
2026-08-15 00:46:49,744 [ERROR] LogOutputStream:75 - [STDERR_REDIRECT] Aug 15, 2026 12:46:49 AM java.util.prefs.FileSystemPreferences syncWorld
2026-08-15 00:46:49,744 [ERROR] LogOutputStream:75 - [STDERR_REDIRECT] WARNING: Couldn't flush system prefs: java.util.prefs.BackingStoreException: Couldn't get file lock.
2026-08-15 00:46:49,744 [ERROR] LogOutputStream:75 - [STDERR_REDIRECT] 
2026-08-15 00:47:19,744 [ERROR] LogOutputStream:75 - [STDERR_REDIRECT] Aug 15, 2026 12:47:19 AM java.util.prefs.FileSystemPreferences checkLockFile0ErrorCode
2026-08-15 00:47:19,744 [ERROR] LogOutputStream:75 - [STDERR_REDIRECT] WARNING: Could not lock System prefs. Unix error code 29843.
2026-08-15 00:47:19,744 [ERROR] LogOutputStream:75 - [STDERR_REDIRECT] 
2026-08-15 00:47:19,744 [ERROR] LogOutputStream:75 - [STDERR_REDIRECT] Aug 15, 2026 12:47:19 AM java.util.prefs.FileSystemPreferences syncWorld
2026-08-15 00:47:19,744 [ERROR] LogOutputStream:75 - [STDERR_REDIRECT] WARNING: Couldn't flush system prefs: java.util.prefs.BackingStoreException: Couldn't get file lock.
2026-08-15 00:47:19,745 [ERROR] LogOutputStream:75 - [STDERR_REDIRECT] 
2026-08-15 00:47:49,744 [ERROR] LogOutputStream:75 - [STDERR_REDIRECT] Aug 15, 2026 12:47:49 AM java.util.prefs.FileSystemPreferences checkLockFile0ErrorCode
2026-08-15 00:47:49,744 [ERROR] LogOutputStream:75 - [STDERR_REDIRECT] WARNING: Could not lock System prefs. Unix error code 29843.
2026-08-15 00:47:49,744 [ERROR] LogOutputStream:75 - [STDERR_REDIRECT] 
2026-08-15 00:47:49,744 [ERROR] LogOutputStream:75 - [STDERR_REDIRECT] Aug 15, 2026 12:47:49 AM java.util.prefs.FileSystemPreferences syncWorld
2026-08-15 00:47:49,744 [ERROR] LogOutputStream:75 - [STDERR_REDIRECT] WARNING: Couldn't flush system prefs: java.util.prefs.BackingStoreException: Couldn't get file lock.
2026-08-15 00:47:49,744 [ERROR] LogOutputStream:75 - [STDERR_REDIRECT] 
2026-08-15 00:48:19,743 [ERROR] LogOutputStream:75 - [STDERR_REDIRECT] Aug 15, 2026 12:48:19 AM java.util.prefs.FileSystemPreferences checkLockFile0ErrorCode
2026-08-15 00:48:19,743 [ERROR] LogOutputStream:75 - [STDERR_REDIRECT] WARNING: Could not lock System prefs. Unix error code 29843.
2026-08-15 00:48:19,743 [ERROR] LogOutputStream:75 - [STDERR_REDIRECT] 
2026-08-15 00:48:19,743 [ERROR] LogOutputStream:75 - [STDERR_REDIRECT] Aug 15, 2026 12:48:19 AM java.util.prefs.FileSystemPreferences syncWorld
2026-08-15 00:48:19,743 [ERROR] LogOutputStream:75 - [STDERR_REDIRECT] WARNING: Couldn't flush system prefs: java.util.prefs.BackingStoreException: Couldn't get file lock.
2026-08-15 00:48:19,743 [ERROR] LogOutputStream:75 - [STDERR_REDIRECT] 
2026-08-15 00:48:49,743 [ERROR] LogOutputStream:75 - [STDERR_REDIRECT] Aug 15, 2026 12:48:49 AM java.util.prefs.FileSystemPreferences checkLockFile0ErrorCode
2026-08-15 00:48:49,743 [ERROR] LogOutputStream:75 - [STDERR_REDIRECT] WARNING: Could not lock System prefs. Unix error code 29843.
2026-08-15 00:48:49,743 [ERROR] LogOutputStream:75 - [STDERR_REDIRECT] 
2026-08-15 00:48:49,744 [ERROR] LogOutputStream:75 - [STDERR_REDIRECT] Aug 15, 2026 12:48:49 AM java.util.prefs.FileSystemPreferences syncWorld
2026-08-15 00:48:49,744 [ERROR] LogOutputStream:75 - [STDERR_REDIRECT] WARNING: Couldn't flush system prefs: java.util.prefs.BackingStoreException: Couldn't get file lock.
2026-08-15 00:48:49,744 [ERROR] LogOutputStream:75 - [STDERR_REDIRECT] 
2026-08-15 00:49:19,742 [ERROR] LogOutputStream:75 - [STDERR_REDIRECT] Aug 15, 2026 12:49:19 AM java.util.prefs.FileSystemPreferences checkLockFile0ErrorCode
2026-08-15 00:49:19,742 [ERROR] LogOutputStream:75 - [STDERR_REDIRECT] WARNING: Could not lock System prefs. Unix error code 29843.
2026-08-15 00:49:19,743 [ERROR] LogOutputStream:75 - [STDERR_REDIRECT] 
2026-08-15 00:49:19,743 [ERROR] LogOutputStream:75 - [STDERR_REDIRECT] Aug 15, 2026 12:49:19 AM java.util.prefs.FileSystemPreferences syncWorld
2026-08-15 00:49:19,743 [ERROR] LogOutputStream:75 - [STDERR_REDIRECT] WARNING: Couldn't flush system prefs: java.util.prefs.BackingStoreException: Couldn't get file lock.
2026-08-15 00:49:19,743 [ERROR] LogOutputStream:75 - [STDERR_REDIRECT] 
2026-08-15 00:49:49,743 [ERROR] LogOutputStream:75 - [STDERR_REDIRECT] Aug 15, 2026 12:49:49 AM java.util.prefs.FileSystemPreferences checkLockFile0ErrorCode
2026-08-15 00:49:49,743 [ERROR] LogOutputStream:75 - [STDERR_REDIRECT] WARNING: Could not lock System prefs. Unix error code 29843.
2026-08-15 00:49:49,743 [ERROR] LogOutputStream:75 - [STDERR_REDIRECT] 
2026-08-15 00:49:49,743 [ERROR] LogOutputStream:75 - [STDERR_REDIRECT] Aug 15, 2026 12:49:49 AM java.util.prefs.FileSystemPreferences syncWorld
2026-08-15 00:49:49,743 [ERROR] LogOutputStream:75 - [STDERR_REDIRECT] WARNING: Couldn't flush system prefs: java.util.prefs.BackingStoreException: Couldn't get file lock.
2026-08-15 00:49:49,743 [ERROR] LogOutputStream:75 - [STDERR_REDIRECT] 
2026-08-15 00:50:19,743 [ERROR] LogOutputStream:75 - [STDERR_REDIRECT] Aug 15, 2026 12:50:19 AM java.util.prefs.FileSystemPreferences checkLockFile0ErrorCode
2026-08-15 00:50:19,743 [ERROR] LogOutputStream:75 - [STDERR_REDIRECT] WARNING: Could not lock System prefs. Unix error code 29843.
2026-08-15 00:50:19,744 [ERROR] LogOutputStream:75 - [STDERR_REDIRECT] 
2026-08-15 00:50:19,744 [ERROR] LogOutputStream:75 - [STDERR_REDIRECT] Aug 15, 2026 12:50:19 AM java.util.prefs.FileSystemPreferences syncWorld
2026-08-15 00:50:19,744 [ERROR] LogOutputStream:75 - [STDERR_REDIRECT] WARNING: Couldn't flush system prefs: java.util.prefs.BackingStoreException: Couldn't get file lock.
2026-08-15 00:50:19,744 [ERROR] LogOutputStream:75 - [STDERR_REDIRECT] 
2026-08-15 00:50:49,744 [ERROR] LogOutputStream:75 - [STDERR_REDIRECT] Aug 15, 2026 12:50:49 AM java.util.prefs.FileSystemPreferences checkLockFile0ErrorCode
2026-08-15 00:50:49,744 [ERROR] LogOutputStream:75 - [STDERR_REDIRECT] WARNING: Could not lock System prefs. Unix error code 29843.
2026-08-15 00:50:49,744 [ERROR] LogOutputStream:75 - [STDERR_REDIRECT] 
2026-08-15 00:50:49,745 [ERROR] LogOutputStream:75 - [STDERR_REDIRECT] Aug 15, 2026 12:50:49 AM java.util.prefs.FileSystemPreferences syncWorld
2026-08-15 00:50:49,745 [ERROR] LogOutputStream:75 - [STDERR_REDIRECT] WARNING: Couldn't flush system prefs: java.util.prefs.BackingStoreException: Couldn't get file lock.
2026-08-15 00:50:49,745 [ERROR] LogOutputStream:75 - [STDERR_REDIRECT] 
2026-08-15 00:51:19,742 [ERROR] LogOutputStream:75 - [STDERR_REDIRECT] Aug 15, 2026 12:51:19 AM java.util.prefs.FileSystemPreferences checkLockFile0ErrorCode
2026-08-15 00:51:19,743 [ERROR] LogOutputStream:75 - [STDERR_REDIRECT] WARNING: Could not lock System prefs. Unix error code 29843.
2026-08-15 00:51:19,743 [ERROR] LogOutputStream:75 - [STDERR_REDIRECT] 
2026-08-15 00:51:19,743 [ERROR] LogOutputStream:75 - [STDERR_REDIRECT] Aug 15, 2026 12:51:19 AM java.util.prefs.FileSystemPreferences syncWorld
2026-08-15 00:51:19,743 [ERROR] LogOutputStream:75 - [STDERR_REDIRECT] WARNING: Couldn't flush system prefs: java.util.prefs.BackingStoreException: Couldn't get file lock.
2026-08-15 00:51:19,743 [ERROR] LogOutputStream:75 - [STDERR_REDIRECT] 
2026-08-15 00:51:49,744 [ERROR] LogOutputStream:75 - [STDERR_REDIRECT] Aug 15, 2026 12:51:49 AM java.util.prefs.FileSystemPreferences checkLockFile0ErrorCode
2026-08-15 00:51:49,745 [ERROR] LogOutputStream:75 - [STDERR_REDIRECT] WARNING: Could not lock System prefs. Unix error code 29843.
2026-08-15 00:51:49,745 [ERROR] LogOutputStream:75 - [STDERR_REDIRECT] 
2026-08-15 00:51:49,746 [ERROR] LogOutputStream:75 - [STDERR_REDIRECT] Aug 15, 2026 12:51:49 AM java.util.prefs.FileSystemPreferences syncWorld
2026-08-15 00:51:49,746 [ERROR] LogOutputStream:75 - [STDERR_REDIRECT] WARNING: Couldn't flush system prefs: java.util.prefs.BackingStoreException: Couldn't get file lock.
2026-08-15 00:51:49,746 [ERROR] LogOutputStream:75 - [STDERR_REDIRECT] 
2026-08-15 00:52:19,743 [ERROR] LogOutputStream:75 - [STDERR_REDIRECT] Aug 15, 2026 12:52:19 AM java.util.prefs.FileSystemPreferences checkLockFile0ErrorCode
2026-08-15 00:52:19,743 [ERROR] LogOutputStream:75 - [STDERR_REDIRECT] WARNING: Could not lock System prefs. Unix error code 29843.
2026-08-15 00:52:19,743 [ERROR] LogOutputStream:75 - [STDERR_REDIRECT] 
2026-08-15 00:52:19,743 [ERROR] LogOutputStream:75 - [STDERR_REDIRECT] Aug 15, 2026 12:52:19 AM java.util.prefs.FileSystemPreferences syncWorld
2026-08-15 00:52:19,743 [ERROR] LogOutputStream:75 - [STDERR_REDIRECT] WARNING: Couldn't flush system prefs: java.util.prefs.BackingStoreException: Couldn't get file lock.
2026-08-15 00:52:19,743 [ERROR] LogOutputStream:75 - [STDERR_REDIRECT] 
2026-08-15 00:52:49,744 [ERROR] LogOutputStream:75 - [STDERR_REDIRECT] Aug 15, 2026 12:52:49 AM java.util.prefs.FileSystemPreferences checkLockFile0ErrorCode
2026-08-15 00:52:49,744 [ERROR] LogOutputStream:75 - [STDERR_REDIRECT] WARNING: Could not lock System prefs. Unix error code 29843.
2026-08-15 00:52:49,744 [ERROR] LogOutputStream:75 - [STDERR_REDIRECT] 
2026-08-15 00:52:49,744 [ERROR] LogOutputStream:75 - [STDERR_REDIRECT] Aug 15, 2026 12:52:49 AM java.util.prefs.FileSystemPreferences syncWorld
2026-08-15 00:52:49,744 [ERROR] LogOutputStream:75 - [STDERR_REDIRECT] WARNING: Couldn't flush system prefs: java.util.prefs.BackingStoreException: Couldn't get file lock.
2026-08-15 00:52:49,744 [ERROR] LogOutputStream:75 - [STDERR_REDIRECT] 
2026-08-15 00:53:19,743 [ERROR] LogOutputStream:75 - [STDERR_REDIRECT] Aug 15, 2026 12:53:19 AM java.util.prefs.FileSystemPreferences checkLockFile0ErrorCode
2026-08-15 00:53:19,743 [ERROR] LogOutputStream:75 - [STDERR_REDIRECT] WARNING: Could not lock System prefs. Unix error code 29843.
2026-08-15 00:53:19,743 [ERROR] LogOutputStream:75 - [STDERR_REDIRECT] 
2026-08-15 00:53:19,744 [ERROR] LogOutputStream:75 - [STDERR_REDIRECT] Aug 15, 2026 12:53:19 AM java.util.prefs.FileSystemPreferences syncWorld
2026-08-15 00:53:19,744 [ERROR] LogOutputStream:75 - [STDERR_REDIRECT] WARNING: Couldn't flush system prefs: java.util.prefs.BackingStoreException: Couldn't get file lock.
2026-08-15 00:53:19,744 [ERROR] LogOutputStream:75 - [STDERR_REDIRECT] 
2026-08-15 00:53:49,744 [ERROR] LogOutputStream:75 - [STDERR_REDIRECT] Aug 15, 2026 12:53:49 AM java.util.prefs.FileSystemPreferences checkLockFile0ErrorCode
2026-08-15 00:53:49,744 [ERROR] LogOutputStream:75 - [STDERR_REDIRECT] WARNING: Could not lock System prefs. Unix error code 29843.
2026-08-15 00:53:49,744 [ERROR] LogOutputStream:75 - [STDERR_REDIRECT] 
2026-08-15 00:53:49,744 [ERROR] LogOutputStream:75 - [STDERR_REDIRECT] Aug 15, 2026 12:53:49 AM java.util.prefs.FileSystemPreferences syncWorld
2026-08-15 00:53:49,744 [ERROR] LogOutputStream:75 - [STDERR_REDIRECT] WARNING: Couldn't flush system prefs: java.util.prefs.BackingStoreException: Couldn't get file lock.
2026-08-15 00:53:49,744 [ERROR] LogOutputStream:75 - [STDERR_REDIRECT] 
2026-08-15 00:54:19,744 [ERROR] LogOutputStream:75 - [STDERR_REDIRECT] Aug 15, 2026 12:54:19 AM java.util.prefs.FileSystemPreferences checkLockFile0ErrorCode
2026-08-15 00:54:19,744 [ERROR] LogOutputStream:75 - [STDERR_REDIRECT] WARNING: Could not lock System prefs. Unix error code 29843.
2026-08-15 00:54:19,744 [ERROR] LogOutputStream:75 - [STDERR_REDIRECT] 
2026-08-15 00:54:19,744 [ERROR] LogOutputStream:75 - [STDERR_REDIRECT] Aug 15, 2026 12:54:19 AM java.util.prefs.FileSystemPreferences syncWorld
2026-08-15 00:54:19,744 [ERROR] LogOutputStream:75 - [STDERR_REDIRECT] WARNING: Couldn't flush system prefs: java.util.prefs.BackingStoreException: Couldn't get file lock.
2026-08-15 00:54:19,744 [ERROR] LogOutputStream:75 - [STDERR_REDIRECT] 
2026-08-15 00:54:49,744 [ERROR] LogOutputStream:75 - [STDERR_REDIRECT] Aug 15, 2026 12:54:49 AM java.util.prefs.FileSystemPreferences checkLockFile0ErrorCode
2026-08-15 00:54:49,744 [ERROR] LogOutputStream:75 - [STDERR_REDIRECT] WARNING: Could not lock System prefs. Unix error code 29843.
2026-08-15 00:54:49,744 [ERROR] LogOutputStream:75 - [STDERR_REDIRECT] 
2026-08-15 00:54:49,745 [ERROR] LogOutputStream:75 - [STDERR_REDIRECT] Aug 15, 2026 12:54:49 AM java.util.prefs.FileSystemPreferences syncWorld
2026-08-15 00:54:49,745 [ERROR] LogOutputStream:75 - [STDERR_REDIRECT] WARNING: Couldn't flush system prefs: java.util.prefs.BackingStoreException: Couldn't get file lock.
2026-08-15 00:54:49,745 [ERROR] LogOutputStream:75 - [STDERR_REDIRECT] 
2026-08-15 00:55:19,743 [ERROR] LogOutputStream:75 - [STDERR_REDIRECT] Aug 15, 2026 12:55:19 AM java.util.prefs.FileSystemPreferences checkLockFile0ErrorCode
2026-08-15 00:55:19,743 [ERROR] LogOutputStream:75 - [STDERR_REDIRECT] WARNING: Could not lock System prefs. Unix error code 29843.
2026-08-15 00:55:19,744 [ERROR] LogOutputStream:75 - [STDERR_REDIRECT] 
2026-08-15 00:55:19,744 [ERROR] LogOutputStream:75 - [STDERR_REDIRECT] Aug 15, 2026 12:55:19 AM java.util.prefs.FileSystemPreferences syncWorld
2026-08-15 00:55:19,744 [ERROR] LogOutputStream:75 - [STDERR_REDIRECT] WARNING: Couldn't flush system prefs: java.util.prefs.BackingStoreException: Couldn't get file lock.
2026-08-15 00:55:19,744 [ERROR] LogOutputStream:75 - [STDERR_REDIRECT] 
2026-08-15 00:55:49,744 [ERROR] LogOutputStream:75 - [STDERR_REDIRECT] Aug 15, 2026 12:55:49 AM java.util.prefs.FileSystemPreferences checkLockFile0ErrorCode
2026-08-15 00:55:49,744 [ERROR] LogOutputStream:75 - [STDERR_REDIRECT] WARNING: Could not lock System prefs. Unix error code 29843.
2026-08-15 00:55:49,744 [ERROR] LogOutputStream:75 - [STDERR_REDIRECT] 
2026-08-15 00:55:49,745 [ERROR] LogOutputStream:75 - [STDERR_REDIRECT] Aug 15, 2026 12:55:49 AM java.util.prefs.FileSystemPreferences syncWorld
2026-08-15 00:55:49,745 [ERROR] LogOutputStream:75 - [STDERR_REDIRECT] WARNING: Couldn't flush system prefs: java.util.prefs.BackingStoreException: Couldn't get file lock.
2026-08-15 00:55:49,745 [ERROR] LogOutputStream:75 - [STDERR_REDIRECT] 
2026-08-15 00:56:19,744 [ERROR] LogOutputStream:75 - [STDERR_REDIRECT] Aug 15, 2026 12:56:19 AM java.util.prefs.FileSystemPreferences checkLockFile0ErrorCode
2026-08-15 00:56:19,744 [ERROR] LogOutputStream:75 - [STDERR_REDIRECT] WARNING: Could not lock System prefs. Unix error code 29843.
2026-08-15 00:56:19,744 [ERROR] LogOutputStream:75 - [STDERR_REDIRECT] 
2026-08-15 00:56:19,744 [ERROR] LogOutputStream:75 - [STDERR_REDIRECT] Aug 15, 2026 12:56:19 AM java.util.prefs.FileSystemPreferences syncWorld
2026-08-15 00:56:19,745 [ERROR] LogOutputStream:75 - [STDERR_REDIRECT] WARNING: Couldn't flush system prefs: java.util.prefs.BackingStoreException: Couldn't get file lock.
2026-08-15 00:56:19,745 [ERROR] LogOutputStream:75 - [STDERR_REDIRECT] 
2026-08-15 00:56:49,745 [ERROR] LogOutputStream:75 - [STDERR_REDIRECT] Aug 15, 2026 12:56:49 AM java.util.prefs.FileSystemPreferences checkLockFile0ErrorCode
2026-08-15 00:56:49,745 [ERROR] LogOutputStream:75 - [STDERR_REDIRECT] WARNING: Could not lock System prefs. Unix error code 29843.
2026-08-15 00:56:49,745 [ERROR] LogOutputStream:75 - [STDERR_REDIRECT] 
2026-08-15 00:56:49,745 [ERROR] LogOutputStream:75 - [STDERR_REDIRECT] Aug 15, 2026 12:56:49 AM java.util.prefs.FileSystemPreferences syncWorld
2026-08-15 00:56:49,745 [ERROR] LogOutputStream:75 - [STDERR_REDIRECT] WARNING: Couldn't flush system prefs: java.util.prefs.BackingStoreException: Couldn't get file lock.
2026-08-15 00:56:49,745 [ERROR] LogOutputStream:75 - [STDERR_REDIRECT] 
2026-08-15 00:57:19,744 [ERROR] LogOutputStream:75 - [STDERR_REDIRECT] Aug 15, 2026 12:57:19 AM java.util.prefs.FileSystemPreferences checkLockFile0ErrorCode
2026-08-15 00:57:19,745 [ERROR] LogOutputStream:75 - [STDERR_REDIRECT] WARNING: Could not lock System prefs. Unix error code 29843.
2026-08-15 00:57:19,745 [ERROR] LogOutputStream:75 - [STDERR_REDIRECT] 
2026-08-15 00:57:19,745 [ERROR] LogOutputStream:75 - [STDERR_REDIRECT] Aug 15, 2026 12:57:19 AM java.util.prefs.FileSystemPreferences syncWorld
2026-08-15 00:57:19,745 [ERROR] LogOutputStream:75 - [STDERR_REDIRECT] WARNING: Couldn't flush system prefs: java.util.prefs.BackingStoreException: Couldn't get file lock.
2026-08-15 00:57:19,745 [ERROR] LogOutputStream:75 - [STDERR_REDIRECT] 
2026-08-15 00:57:49,745 [ERROR] LogOutputStream:75 - [STDERR_REDIRECT] Aug 15, 2026 12:57:49 AM java.util.prefs.FileSystemPreferences checkLockFile0ErrorCode
2026-08-15 00:57:49,745 [ERROR] LogOutputStream:75 - [STDERR_REDIRECT] WARNING: Could not lock System prefs. Unix error code 29843.
2026-08-15 00:57:49,745 [ERROR] LogOutputStream:75 - [STDERR_REDIRECT] 
2026-08-15 00:57:49,745 [ERROR] LogOutputStream:75 - [STDERR_REDIRECT] Aug 15, 2026 12:57:49 AM java.util.prefs.FileSystemPreferences syncWorld
2026-08-15 00:57:49,745 [ERROR] LogOutputStream:75 - [STDERR_REDIRECT] WARNING: Couldn't flush system prefs: java.util.prefs.BackingStoreException: Couldn't get file lock.
2026-08-15 00:57:49,745 [ERROR] LogOutputStream:75 - [STDERR_REDIRECT] 
2026-08-15 00:58:19,744 [ERROR] LogOutputStream:75 - [STDERR_REDIRECT] Aug 15, 2026 12:58:19 AM java.util.prefs.FileSystemPreferences checkLockFile0ErrorCode
2026-08-15 00:58:19,744 [ERROR] LogOutputStream:75 - [STDERR_REDIRECT] WARNING: Could not lock System prefs. Unix error code 29843.
2026-08-15 00:58:19,745 [ERROR] LogOutputStream:75 - [STDERR_REDIRECT] 
2026-08-15 00:58:19,745 [ERROR] LogOutputStream:75 - [STDERR_REDIRECT] Aug 15, 2026 12:58:19 AM java.util.prefs.FileSystemPreferences syncWorld
2026-08-15 00:58:19,745 [ERROR] LogOutputStream:75 - [STDERR_REDIRECT] WARNING: Couldn't flush system prefs: java.util.prefs.BackingStoreException: Couldn't get file lock.
2026-08-15 00:58:19,745 [ERROR] LogOutputStream:75 - [STDERR_REDIRECT] 
2026-08-15 00:58:49,744 [ERROR] LogOutputStream:75 - [STDERR_REDIRECT] Aug 15, 2026 12:58:49 AM java.util.prefs.FileSystemPreferences checkLockFile0ErrorCode
2026-08-15 00:58:49,744 [ERROR] LogOutputStream:75 - [STDERR_REDIRECT] WARNING: Could not lock System prefs. Unix error code 29843.
2026-08-15 00:58:49,744 [ERROR] LogOutputStream:75 - [STDERR_REDIRECT] 
2026-08-15 00:58:49,745 [ERROR] LogOutputStream:75 - [STDERR_REDIRECT] Aug 15, 2026 12:58:49 AM java.util.prefs.FileSystemPreferences syncWorld
2026-08-15 00:58:49,745 [ERROR] LogOutputStream:75 - [STDERR_REDIRECT] WARNING: Couldn't flush system prefs: java.util.prefs.BackingStoreException: Couldn't get file lock.
2026-08-15 00:58:49,745 [ERROR] LogOutputStream:75 - [STDERR_REDIRECT] 
2026-08-15 00:59:19,744 [ERROR] LogOutputStream:75 - [STDERR_REDIRECT] Aug 15, 2026 12:59:19 AM java.util.prefs.FileSystemPreferences checkLockFile0ErrorCode
2026-08-15 00:59:19,744 [ERROR] LogOutputStream:75 - [STDERR_REDIRECT] WARNING: Could not lock System prefs. Unix error code 29843.
2026-08-15 00:59:19,744 [ERROR] LogOutputStream:75 - [STDERR_REDIRECT] 
2026-08-15 00:59:19,744 [ERROR] LogOutputStream:75 - [STDERR_REDIRECT] Aug 15, 2026 12:59:19 AM java.util.prefs.FileSystemPreferences syncWorld
2026-08-15 00:59:19,744 [ERROR] LogOutputStream:75 - [STDERR_REDIRECT] WARNING: Couldn't flush system prefs: java.util.prefs.BackingStoreException: Couldn't get file lock.
2026-08-15 00:59:19,744 [ERROR] LogOutputStream:75 - [STDERR_REDIRECT] 
2026-08-15 00:59:49,744 [ERROR] LogOutputStream:75 - [STDERR_REDIRECT] Aug 15, 2026 12:59:49 AM java.util.prefs.FileSystemPreferences checkLockFile0ErrorCode
2026-08-15 00:59:49,744 [ERROR] LogOutputStream:75 - [STDERR_REDIRECT] WARNING: Could not lock System prefs. Unix error code 29843.
2026-08-15 00:59:49,744 [ERROR] LogOutputStream:75 - [STDERR_REDIRECT] 
2026-08-15 00:59:49,744 [ERROR] LogOutputStream:75 - [STDERR_REDIRECT] Aug 15, 2026 12:59:49 AM java.util.prefs.FileSystemPreferences syncWorld
2026-08-15 00:59:49,745 [ERROR] LogOutputStream:75 - [STDERR_REDIRECT] WARNING: Couldn't flush system prefs: java.util.prefs.BackingStoreException: Couldn't get file lock.
2026-08-15 00:59:49,745 [ERROR] LogOutputStream:75 - [STDERR_REDIRECT] 
2026-08-15 01:00:19,743 [ERROR] LogOutputStream:75 - [STDERR_REDIRECT] Aug 15, 2026 1:00:19 AM java.util.prefs.FileSystemPreferences checkLockFile0ErrorCode
2026-08-15 01:00:19,743 [ERROR] LogOutputStream:75 - [STDERR_REDIRECT] WARNING: Could not lock System prefs. Unix error code 29843.
2026-08-15 01:00:19,744 [ERROR] LogOutputStream:75 - [STDERR_REDIRECT] 
2026-08-15 01:00:19,744 [ERROR] LogOutputStream:75 - [STDERR_REDIRECT] Aug 15, 2026 1:00:19 AM java.util.prefs.FileSystemPreferences syncWorld
2026-08-15 01:00:19,744 [ERROR] LogOutputStream:75 - [STDERR_REDIRECT] WARNING: Couldn't flush system prefs: java.util.prefs.BackingStoreException: Couldn't get file lock.
2026-08-15 01:00:19,744 [ERROR] LogOutputStream:75 - [STDERR_REDIRECT] 
2026-08-15 01:00:49,745 [ERROR] LogOutputStream:75 - [STDERR_REDIRECT] Aug 15, 2026 1:00:49 AM java.util.prefs.FileSystemPreferences checkLockFile0ErrorCode
2026-08-15 01:00:49,745 [ERROR] LogOutputStream:75 - [STDERR_REDIRECT] WARNING: Could not lock System prefs. Unix error code 29843.
2026-08-15 01:00:49,745 [ERROR] LogOutputStream:75 - [STDERR_REDIRECT] 
2026-08-15 01:00:49,746 [ERROR] LogOutputStream:75 - [STDERR_REDIRECT] Aug 15, 2026 1:00:49 AM java.util.prefs.FileSystemPreferences syncWorld
2026-08-15 01:00:49,746 [ERROR] LogOutputStream:75 - [STDERR_REDIRECT] WARNING: Couldn't flush system prefs: java.util.prefs.BackingStoreException: Couldn't get file lock.
2026-08-15 01:00:49,746 [ERROR] LogOutputStream:75 - [STDERR_REDIRECT] 
2026-08-15 01:01:19,745 [ERROR] LogOutputStream:75 - [STDERR_REDIRECT] Aug 15, 2026 1:01:19 AM java.util.prefs.FileSystemPreferences checkLockFile0ErrorCode
2026-08-15 01:01:19,746 [ERROR] LogOutputStream:75 - [STDERR_REDIRECT] WARNING: Could not lock System prefs. Unix error code 29843.
2026-08-15 01:01:19,746 [ERROR] LogOutputStream:75 - [STDERR_REDIRECT] 
2026-08-15 01:01:19,746 [ERROR] LogOutputStream:75 - [STDERR_REDIRECT] Aug 15, 2026 1:01:19 AM java.util.prefs.FileSystemPreferences syncWorld
2026-08-15 01:01:19,747 [ERROR] LogOutputStream:75 - [STDERR_REDIRECT] WARNING: Couldn't flush system prefs: java.util.prefs.BackingStoreException: Couldn't get file lock.
2026-08-15 01:01:19,747 [ERROR] LogOutputStream:75 - [STDERR_REDIRECT] 
2026-08-15 01:01:49,746 [ERROR] LogOutputStream:75 - [STDERR_REDIRECT] Aug 15, 2026 1:01:49 AM java.util.prefs.FileSystemPreferences checkLockFile0ErrorCode
2026-08-15 01:01:49,746 [ERROR] LogOutputStream:75 - [STDERR_REDIRECT] WARNING: Could not lock System prefs. Unix error code 29843.
2026-08-15 01:01:49,746 [ERROR] LogOutputStream:75 - [STDERR_REDIRECT] 
2026-08-15 01:01:49,746 [ERROR] LogOutputStream:75 - [STDERR_REDIRECT] Aug 15, 2026 1:01:49 AM java.util.prefs.FileSystemPreferences syncWorld
2026-08-15 01:01:49,747 [ERROR] LogOutputStream:75 - [STDERR_REDIRECT] WARNING: Couldn't flush system prefs: java.util.prefs.BackingStoreException: Couldn't get file lock.
2026-08-15 01:01:49,747 [ERROR] LogOutputStream:75 - [STDERR_REDIRECT] 
2026-08-15 01:02:19,745 [ERROR] LogOutputStream:75 - [STDERR_REDIRECT] Aug 15, 2026 1:02:19 AM java.util.prefs.FileSystemPreferences checkLockFile0ErrorCode
2026-08-15 01:02:19,745 [ERROR] LogOutputStream:75 - [STDERR_REDIRECT] WARNING: Could not lock System prefs. Unix error code 29843.
2026-08-15 01:02:19,746 [ERROR] LogOutputStream:75 - [STDERR_REDIRECT] 
2026-08-15 01:02:19,746 [ERROR] LogOutputStream:75 - [STDERR_REDIRECT] Aug 15, 2026 1:02:19 AM java.util.prefs.FileSystemPreferences syncWorld
2026-08-15 01:02:19,746 [ERROR] LogOutputStream:75 - [STDERR_REDIRECT] WARNING: Couldn't flush system prefs: java.util.prefs.BackingStoreException: Couldn't get file lock.
2026-08-15 01:02:19,746 [ERROR] LogOutputStream:75 - [STDERR_REDIRECT] 
2026-08-15 01:02:49,746 [ERROR] LogOutputStream:75 - [STDERR_REDIRECT] Aug 15, 2026 1:02:49 AM java.util.prefs.FileSystemPreferences checkLockFile0ErrorCode
2026-08-15 01:02:49,746 [ERROR] LogOutputStream:75 - [STDERR_REDIRECT] WARNING: Could not lock System prefs. Unix error code 29843.
2026-08-15 01:02:49,746 [ERROR] LogOutputStream:75 - [STDERR_REDIRECT] 
2026-08-15 01:02:49,747 [ERROR] LogOutputStream:75 - [STDERR_REDIRECT] Aug 15, 2026 1:02:49 AM java.util.prefs.FileSystemPreferences syncWorld
2026-08-15 01:02:49,747 [ERROR] LogOutputStream:75 - [STDERR_REDIRECT] WARNING: Couldn't flush system prefs: java.util.prefs.BackingStoreException: Couldn't get file lock.
2026-08-15 01:02:49,747 [ERROR] LogOutputStream:75 - [STDERR_REDIRECT] 
2026-08-15 01:03:19,746 [ERROR] LogOutputStream:75 - [STDERR_REDIRECT] Aug 15, 2026 1:03:19 AM java.util.prefs.FileSystemPreferences checkLockFile0ErrorCode
2026-08-15 01:03:19,746 [ERROR] LogOutputStream:75 - [STDERR_REDIRECT] WARNING: Could not lock System prefs. Unix error code 29843.
2026-08-15 01:03:19,747 [ERROR] LogOutputStream:75 - [STDERR_REDIRECT] 
2026-08-15 01:03:19,747 [ERROR] LogOutputStream:75 - [STDERR_REDIRECT] Aug 15, 2026 1:03:19 AM java.util.prefs.FileSystemPreferences syncWorld
2026-08-15 01:03:19,748 [ERROR] LogOutputStream:75 - [STDERR_REDIRECT] WARNING: Couldn't flush system prefs: java.util.prefs.BackingStoreException: Couldn't get file lock.
2026-08-15 01:03:19,748 [ERROR] LogOutputStream:75 - [STDERR_REDIRECT] 
2026-08-15 01:03:49,745 [ERROR] LogOutputStream:75 - [STDERR_REDIRECT] Aug 15, 2026 1:03:49 AM java.util.prefs.FileSystemPreferences checkLockFile0ErrorCode
2026-08-15 01:03:49,746 [ERROR] LogOutputStream:75 - [STDERR_REDIRECT] WARNING: Could not lock System prefs. Unix error code 29843.
2026-08-15 01:03:49,746 [ERROR] LogOutputStream:75 - [STDERR_REDIRECT] 
2026-08-15 01:03:49,746 [ERROR] LogOutputStream:75 - [STDERR_REDIRECT] Aug 15, 2026 1:03:49 AM java.util.prefs.FileSystemPreferences syncWorld
2026-08-15 01:03:49,746 [ERROR] LogOutputStream:75 - [STDERR_REDIRECT] WARNING: Couldn't flush system prefs: java.util.prefs.BackingStoreException: Couldn't get file lock.
2026-08-15 01:03:49,746 [ERROR] LogOutputStream:75 - [STDERR_REDIRECT] 
2026-08-15 01:04:19,746 [ERROR] LogOutputStream:75 - [STDERR_REDIRECT] Aug 15, 2026 1:04:19 AM java.util.prefs.FileSystemPreferences checkLockFile0ErrorCode
2026-08-15 01:04:19,746 [ERROR] LogOutputStream:75 - [STDERR_REDIRECT] WARNING: Could not lock System prefs. Unix error code 29843.
2026-08-15 01:04:19,746 [ERROR] LogOutputStream:75 - [STDERR_REDIRECT] 
2026-08-15 01:04:19,746 [ERROR] LogOutputStream:75 - [STDERR_REDIRECT] Aug 15, 2026 1:04:19 AM java.util.prefs.FileSystemPreferences syncWorld
2026-08-15 01:04:19,746 [ERROR] LogOutputStream:75 - [STDERR_REDIRECT] WARNING: Couldn't flush system prefs: java.util.prefs.BackingStoreException: Couldn't get file lock.
2026-08-15 01:04:19,746 [ERROR] LogOutputStream:75 - [STDERR_REDIRECT] 
2026-08-15 01:04:49,746 [ERROR] LogOutputStream:75 - [STDERR_REDIRECT] Aug 15, 2026 1:04:49 AM java.util.prefs.FileSystemPreferences checkLockFile0ErrorCode
2026-08-15 01:04:49,747 [ERROR] LogOutputStream:75 - [STDERR_REDIRECT] WARNING: Could not lock System prefs. Unix error code 29843.
2026-08-15 01:04:49,747 [ERROR] LogOutputStream:75 - [STDERR_REDIRECT] 
2026-08-15 01:04:49,747 [ERROR] LogOutputStream:75 - [STDERR_REDIRECT] Aug 15, 2026 1:04:49 AM java.util.prefs.FileSystemPreferences syncWorld
2026-08-15 01:04:49,747 [ERROR] LogOutputStream:75 - [STDERR_REDIRECT] WARNING: Couldn't flush system prefs: java.util.prefs.BackingStoreException: Couldn't get file lock.
2026-08-15 01:04:49,747 [ERROR] LogOutputStream:75 - [STDERR_REDIRECT] 
2026-08-15 01:05:19,747 [ERROR] LogOutputStream:75 - [STDERR_REDIRECT] Aug 15, 2026 1:05:19 AM java.util.prefs.FileSystemPreferences checkLockFile0ErrorCode
2026-08-15 01:05:19,747 [ERROR] LogOutputStream:75 - [STDERR_REDIRECT] WARNING: Could not lock System prefs. Unix error code 29843.
2026-08-15 01:05:19,747 [ERROR] LogOutputStream:75 - [STDERR_REDIRECT] 
2026-08-15 01:05:19,747 [ERROR] LogOutputStream:75 - [STDERR_REDIRECT] Aug 15, 2026 1:05:19 AM java.util.prefs.FileSystemPreferences syncWorld
2026-08-15 01:05:19,747 [ERROR] LogOutputStream:75 - [STDERR_REDIRECT] WARNING: Couldn't flush system prefs: java.util.prefs.BackingStoreException: Couldn't get file lock.
2026-08-15 01:05:19,747 [ERROR] LogOutputStream:75 - [STDERR_REDIRECT] 
2026-08-15 01:05:49,748 [ERROR] LogOutputStream:75 - [STDERR_REDIRECT] Aug 15, 2026 1:05:49 AM java.util.prefs.FileSystemPreferences checkLockFile0ErrorCode
2026-08-15 01:05:49,748 [ERROR] LogOutputStream:75 - [STDERR_REDIRECT] WARNING: Could not lock System prefs. Unix error code 29843.
2026-08-15 01:05:49,748 [ERROR] LogOutputStream:75 - [STDERR_REDIRECT] 
2026-08-15 01:05:49,748 [ERROR] LogOutputStream:75 - [STDERR_REDIRECT] Aug 15, 2026 1:05:49 AM java.util.prefs.FileSystemPreferences syncWorld
2026-08-15 01:05:49,748 [ERROR] LogOutputStream:75 - [STDERR_REDIRECT] WARNING: Couldn't flush system prefs: java.util.prefs.BackingStoreException: Couldn't get file lock.
2026-08-15 01:05:49,749 [ERROR] LogOutputStream:75 - [STDERR_REDIRECT] 
2026-08-15 01:06:19,747 [ERROR] LogOutputStream:75 - [STDERR_REDIRECT] Aug 15, 2026 1:06:19 AM java.util.prefs.FileSystemPreferences checkLockFile0ErrorCode
2026-08-15 01:06:19,747 [ERROR] LogOutputStream:75 - [STDERR_REDIRECT] WARNING: Could not lock System prefs. Unix error code 29843.
2026-08-15 01:06:19,747 [ERROR] LogOutputStream:75 - [STDERR_REDIRECT] 
2026-08-15 01:06:19,747 [ERROR] LogOutputStream:75 - [STDERR_REDIRECT] Aug 15, 2026 1:06:19 AM java.util.prefs.FileSystemPreferences syncWorld
2026-08-15 01:06:19,747 [ERROR] LogOutputStream:75 - [STDERR_REDIRECT] WARNING: Couldn't flush system prefs: java.util.prefs.BackingStoreException: Couldn't get file lock.
2026-08-15 01:06:19,747 [ERROR] LogOutputStream:75 - [STDERR_REDIRECT] 
2026-08-15 01:06:49,747 [ERROR] LogOutputStream:75 - [STDERR_REDIRECT] Aug 15, 2026 1:06:49 AM java.util.prefs.FileSystemPreferences checkLockFile0ErrorCode
2026-08-15 01:06:49,747 [ERROR] LogOutputStream:75 - [STDERR_REDIRECT] WARNING: Could not lock System prefs. Unix error code 29843.
2026-08-15 01:06:49,748 [ERROR] LogOutputStream:75 - [STDERR_REDIRECT] 
2026-08-15 01:06:49,748 [ERROR] LogOutputStream:75 - [STDERR_REDIRECT] Aug 15, 2026 1:06:49 AM java.util.prefs.FileSystemPreferences syncWorld
2026-08-15 01:06:49,748 [ERROR] LogOutputStream:75 - [STDERR_REDIRECT] WARNING: Couldn't flush system prefs: java.util.prefs.BackingStoreException: Couldn't get file lock.
2026-08-15 01:06:49,748 [ERROR] LogOutputStream:75 - [STDERR_REDIRECT] 
2026-08-15 01:07:19,747 [ERROR] LogOutputStream:75 - [STDERR_REDIRECT] Aug 15, 2026 1:07:19 AM java.util.prefs.FileSystemPreferences checkLockFile0ErrorCode
2026-08-15 01:07:19,747 [ERROR] LogOutputStream:75 - [STDERR_REDIRECT] WARNING: Could not lock System prefs. Unix error code 29843.
2026-08-15 01:07:19,747 [ERROR] LogOutputStream:75 - [STDERR_REDIRECT] 
2026-08-15 01:07:19,747 [ERROR] LogOutputStream:75 - [STDERR_REDIRECT] Aug 15, 2026 1:07:19 AM java.util.prefs.FileSystemPreferences syncWorld
2026-08-15 01:07:19,747 [ERROR] LogOutputStream:75 - [STDERR_REDIRECT] WARNING: Couldn't flush system prefs: java.util.prefs.BackingStoreException: Couldn't get file lock.
2026-08-15 01:07:19,748 [ERROR] LogOutputStream:75 - [STDERR_REDIRECT] 
2026-08-15 01:07:49,746 [ERROR] LogOutputStream:75 - [STDERR_REDIRECT] Aug 15, 2026 1:07:49 AM java.util.prefs.FileSystemPreferences checkLockFile0ErrorCode
2026-08-15 01:07:49,747 [ERROR] LogOutputStream:75 - [STDERR_REDIRECT] WARNING: Could not lock System prefs. Unix error code 29843.
2026-08-15 01:07:49,747 [ERROR] LogOutputStream:75 - [STDERR_REDIRECT] 
2026-08-15 01:07:49,747 [ERROR] LogOutputStream:75 - [STDERR_REDIRECT] Aug 15, 2026 1:07:49 AM java.util.prefs.FileSystemPreferences syncWorld
2026-08-15 01:07:49,747 [ERROR] LogOutputStream:75 - [STDERR_REDIRECT] WARNING: Couldn't flush system prefs: java.util.prefs.BackingStoreException: Couldn't get file lock.
2026-08-15 01:07:49,747 [ERROR] LogOutputStream:75 - [STDERR_REDIRECT] 
2026-08-15 01:08:19,748 [ERROR] LogOutputStream:75 - [STDERR_REDIRECT] Aug 15, 2026 1:08:19 AM java.util.prefs.FileSystemPreferences checkLockFile0ErrorCode
2026-08-15 01:08:19,748 [ERROR] LogOutputStream:75 - [STDERR_REDIRECT] WARNING: Could not lock System prefs. Unix error code 29843.
2026-08-15 01:08:19,748 [ERROR] LogOutputStream:75 - [STDERR_REDIRECT] 
2026-08-15 01:08:19,749 [ERROR] LogOutputStream:75 - [STDERR_REDIRECT] Aug 15, 2026 1:08:19 AM java.util.prefs.FileSystemPreferences syncWorld
2026-08-15 01:08:19,749 [ERROR] LogOutputStream:75 - [STDERR_REDIRECT] WARNING: Couldn't flush system prefs: java.util.prefs.BackingStoreException: Couldn't get file lock.
2026-08-15 01:08:19,749 [ERROR] LogOutputStream:75 - [STDERR_REDIRECT] 
2026-08-15 01:08:49,748 [ERROR] LogOutputStream:75 - [STDERR_REDIRECT] Aug 15, 2026 1:08:49 AM java.util.prefs.FileSystemPreferences checkLockFile0ErrorCode
2026-08-15 01:08:49,748 [ERROR] LogOutputStream:75 - [STDERR_REDIRECT] WARNING: Could not lock System prefs. Unix error code 29843.
2026-08-15 01:08:49,748 [ERROR] LogOutputStream:75 - [STDERR_REDIRECT] 
2026-08-15 01:08:49,748 [ERROR] LogOutputStream:75 - [STDERR_REDIRECT] Aug 15, 2026 1:08:49 AM java.util.prefs.FileSystemPreferences syncWorld
2026-08-15 01:08:49,748 [ERROR] LogOutputStream:75 - [STDERR_REDIRECT] WARNING: Couldn't flush system prefs: java.util.prefs.BackingStoreException: Couldn't get file lock.
2026-08-15 01:08:49,748 [ERROR] LogOutputStream:75 - [STDERR_REDIRECT] 
2026-08-15 01:09:19,748 [ERROR] LogOutputStream:75 - [STDERR_REDIRECT] Aug 15, 2026 1:09:19 AM java.util.prefs.FileSystemPreferences checkLockFile0ErrorCode
2026-08-15 01:09:19,748 [ERROR] LogOutputStream:75 - [STDERR_REDIRECT] WARNING: Could not lock System prefs. Unix error code 29843.
2026-08-15 01:09:19,748 [ERROR] LogOutputStream:75 - [STDERR_REDIRECT] 
2026-08-15 01:09:19,748 [ERROR] LogOutputStream:75 - [STDERR_REDIRECT] Aug 15, 2026 1:09:19 AM java.util.prefs.FileSystemPreferences syncWorld
2026-08-15 01:09:19,749 [ERROR] LogOutputStream:75 - [STDERR_REDIRECT] WARNING: Couldn't flush system prefs: java.util.prefs.BackingStoreException: Couldn't get file lock.
2026-08-15 01:09:19,749 [ERROR] LogOutputStream:75 - [STDERR_REDIRECT] 
2026-08-15 01:09:49,749 [ERROR] LogOutputStream:75 - [STDERR_REDIRECT] Aug 15, 2026 1:09:49 AM java.util.prefs.FileSystemPreferences checkLockFile0ErrorCode
2026-08-15 01:09:49,750 [ERROR] LogOutputStream:75 - [STDERR_REDIRECT] WARNING: Could not lock System prefs. Unix error code 29843.
2026-08-15 01:09:49,750 [ERROR] LogOutputStream:75 - [STDERR_REDIRECT] 
2026-08-15 01:09:49,750 [ERROR] LogOutputStream:75 - [STDERR_REDIRECT] Aug 15, 2026 1:09:49 AM java.util.prefs.FileSystemPreferences syncWorld
2026-08-15 01:09:49,750 [ERROR] LogOutputStream:75 - [STDERR_REDIRECT] WARNING: Couldn't flush system prefs: java.util.prefs.BackingStoreException: Couldn't get file lock.
2026-08-15 01:09:49,750 [ERROR] LogOutputStream:75 - [STDERR_REDIRECT] 
2026-08-15 01:10:19,748 [ERROR] LogOutputStream:75 - [STDERR_REDIRECT] Aug 15, 2026 1:10:19 AM java.util.prefs.FileSystemPreferences checkLockFile0ErrorCode
2026-08-15 01:10:19,748 [ERROR] LogOutputStream:75 - [STDERR_REDIRECT] WARNING: Could not lock System prefs. Unix error code 29843.
2026-08-15 01:10:19,748 [ERROR] LogOutputStream:75 - [STDERR_REDIRECT] 
2026-08-15 01:10:19,748 [ERROR] LogOutputStream:75 - [STDERR_REDIRECT] Aug 15, 2026 1:10:19 AM java.util.prefs.FileSystemPreferences syncWorld
2026-08-15 01:10:19,748 [ERROR] LogOutputStream:75 - [STDERR_REDIRECT] WARNING: Couldn't flush system prefs: java.util.prefs.BackingStoreException: Couldn't get file lock.
2026-08-15 01:10:19,749 [ERROR] LogOutputStream:75 - [STDERR_REDIRECT] 
2026-08-15 01:10:49,749 [ERROR] LogOutputStream:75 - [STDERR_REDIRECT] Aug 15, 2026 1:10:49 AM java.util.prefs.FileSystemPreferences checkLockFile0ErrorCode
2026-08-15 01:10:49,749 [ERROR] LogOutputStream:75 - [STDERR_REDIRECT] WARNING: Could not lock System prefs. Unix error code 29843.
2026-08-15 01:10:49,749 [ERROR] LogOutputStream:75 - [STDERR_REDIRECT] 
2026-08-15 01:10:49,749 [ERROR] LogOutputStream:75 - [STDERR_REDIRECT] Aug 15, 2026 1:10:49 AM java.util.prefs.FileSystemPreferences syncWorld
2026-08-15 01:10:49,749 [ERROR] LogOutputStream:75 - [STDERR_REDIRECT] WARNING: Couldn't flush system prefs: java.util.prefs.BackingStoreException: Couldn't get file lock.
2026-08-15 01:10:49,749 [ERROR] LogOutputStream:75 - [STDERR_REDIRECT] 
2026-08-15 01:11:19,750 [ERROR] LogOutputStream:75 - [STDERR_REDIRECT] Aug 15, 2026 1:11:19 AM java.util.prefs.FileSystemPreferences checkLockFile0ErrorCode
2026-08-15 01:11:19,750 [ERROR] LogOutputStream:75 - [STDERR_REDIRECT] WARNING: Could not lock System prefs. Unix error code 29843.
2026-08-15 01:11:19,750 [ERROR] LogOutputStream:75 - [STDERR_REDIRECT] 
2026-08-15 01:11:19,750 [ERROR] LogOutputStream:75 - [STDERR_REDIRECT] Aug 15, 2026 1:11:19 AM java.util.prefs.FileSystemPreferences syncWorld
2026-08-15 01:11:19,750 [ERROR] LogOutputStream:75 - [STDERR_REDIRECT] WARNING: Couldn't flush system prefs: java.util.prefs.BackingStoreException: Couldn't get file lock.
2026-08-15 01:11:19,751 [ERROR] LogOutputStream:75 - [STDERR_REDIRECT] 
2026-08-15 01:11:49,750 [ERROR] LogOutputStream:75 - [STDERR_REDIRECT] Aug 15, 2026 1:11:49 AM java.util.prefs.FileSystemPreferences checkLockFile0ErrorCode
2026-08-15 01:11:49,750 [ERROR] LogOutputStream:75 - [STDERR_REDIRECT] WARNING: Could not lock System prefs. Unix error code 29843.
2026-08-15 01:11:49,750 [ERROR] LogOutputStream:75 - [STDERR_REDIRECT] 
2026-08-15 01:11:49,750 [ERROR] LogOutputStream:75 - [STDERR_REDIRECT] Aug 15, 2026 1:11:49 AM java.util.prefs.FileSystemPreferences syncWorld
2026-08-15 01:11:49,750 [ERROR] LogOutputStream:75 - [STDERR_REDIRECT] WARNING: Couldn't flush system prefs: java.util.prefs.BackingStoreException: Couldn't get file lock.
2026-08-15 01:11:49,750 [ERROR] LogOutputStream:75 - [STDERR_REDIRECT] 
2026-08-15 01:12:19,750 [ERROR] LogOutputStream:75 - [STDERR_REDIRECT] Aug 15, 2026 1:12:19 AM java.util.prefs.FileSystemPreferences checkLockFile0ErrorCode
2026-08-15 01:12:19,751 [ERROR] LogOutputStream:75 - [STDERR_REDIRECT] WARNING: Could not lock System prefs. Unix error code 29843.
2026-08-15 01:12:19,751 [ERROR] LogOutputStream:75 - [STDERR_REDIRECT] 
2026-08-15 01:12:19,751 [ERROR] LogOutputStream:75 - [STDERR_REDIRECT] Aug 15, 2026 1:12:19 AM java.util.prefs.FileSystemPreferences syncWorld
2026-08-15 01:12:19,751 [ERROR] LogOutputStream:75 - [STDERR_REDIRECT] WARNING: Couldn't flush system prefs: java.util.prefs.BackingStoreException: Couldn't get file lock.
2026-08-15 01:12:19,751 [ERROR] LogOutputStream:75 - [STDERR_REDIRECT] 
2026-08-15 01:12:49,752 [ERROR] LogOutputStream:75 - [STDERR_REDIRECT] Aug 15, 2026 1:12:49 AM java.util.prefs.FileSystemPreferences checkLockFile0ErrorCode
2026-08-15 01:12:49,752 [ERROR] LogOutputStream:75 - [STDERR_REDIRECT] WARNING: Could not lock System prefs. Unix error code 29843.
2026-08-15 01:12:49,753 [ERROR] LogOutputStream:75 - [STDERR_REDIRECT] 
2026-08-15 01:12:49,753 [ERROR] LogOutputStream:75 - [STDERR_REDIRECT] Aug 15, 2026 1:12:49 AM java.util.prefs.FileSystemPreferences syncWorld
2026-08-15 01:12:49,753 [ERROR] LogOutputStream:75 - [STDERR_REDIRECT] WARNING: Couldn't flush system prefs: java.util.prefs.BackingStoreException: Couldn't get file lock.
2026-08-15 01:12:49,753 [ERROR] LogOutputStream:75 - [STDERR_REDIRECT] 
2026-08-15 01:13:19,751 [ERROR] LogOutputStream:75 - [STDERR_REDIRECT] Aug 15, 2026 1:13:19 AM java.util.prefs.FileSystemPreferences checkLockFile0ErrorCode
2026-08-15 01:13:19,751 [ERROR] LogOutputStream:75 - [STDERR_REDIRECT] WARNING: Could not lock System prefs. Unix error code 29843.
2026-08-15 01:13:19,751 [ERROR] LogOutputStream:75 - [STDERR_REDIRECT] 
2026-08-15 01:13:19,751 [ERROR] LogOutputStream:75 - [STDERR_REDIRECT] Aug 15, 2026 1:13:19 AM java.util.prefs.FileSystemPreferences syncWorld
2026-08-15 01:13:19,751 [ERROR] LogOutputStream:75 - [STDERR_REDIRECT] WARNING: Couldn't flush system prefs: java.util.prefs.BackingStoreException: Couldn't get file lock.
2026-08-15 01:13:19,751 [ERROR] LogOutputStream:75 - [STDERR_REDIRECT] 
2026-08-15 01:13:49,751 [ERROR] LogOutputStream:75 - [STDERR_REDIRECT] Aug 15, 2026 1:13:49 AM java.util.prefs.FileSystemPreferences checkLockFile0ErrorCode
2026-08-15 01:13:49,751 [ERROR] LogOutputStream:75 - [STDERR_REDIRECT] WARNING: Could not lock System prefs. Unix error code 29843.
2026-08-15 01:13:49,751 [ERROR] LogOutputStream:75 - [STDERR_REDIRECT] 
2026-08-15 01:13:49,752 [ERROR] LogOutputStream:75 - [STDERR_REDIRECT] Aug 15, 2026 1:13:49 AM java.util.prefs.FileSystemPreferences syncWorld
2026-08-15 01:13:49,752 [ERROR] LogOutputStream:75 - [STDERR_REDIRECT] WARNING: Couldn't flush system prefs: java.util.prefs.BackingStoreException: Couldn't get file lock.
2026-08-15 01:13:49,752 [ERROR] LogOutputStream:75 - [STDERR_REDIRECT] 
2026-08-15 01:14:19,751 [ERROR] LogOutputStream:75 - [STDERR_REDIRECT] Aug 15, 2026 1:14:19 AM java.util.prefs.FileSystemPreferences checkLockFile0ErrorCode
2026-08-15 01:14:19,751 [ERROR] LogOutputStream:75 - [STDERR_REDIRECT] WARNING: Could not lock System prefs. Unix error code 29843.
2026-08-15 01:14:19,751 [ERROR] LogOutputStream:75 - [STDERR_REDIRECT] 
2026-08-15 01:14:19,751 [ERROR] LogOutputStream:75 - [STDERR_REDIRECT] Aug 15, 2026 1:14:19 AM java.util.prefs.FileSystemPreferences syncWorld
2026-08-15 01:14:19,752 [ERROR] LogOutputStream:75 - [STDERR_REDIRECT] WARNING: Couldn't flush system prefs: java.util.prefs.BackingStoreException: Couldn't get file lock.
2026-08-15 01:14:19,752 [ERROR] LogOutputStream:75 - [STDERR_REDIRECT] 
2026-08-15 01:14:49,750 [ERROR] LogOutputStream:75 - [STDERR_REDIRECT] Aug 15, 2026 1:14:49 AM java.util.prefs.FileSystemPreferences checkLockFile0ErrorCode
2026-08-15 01:14:49,751 [ERROR] LogOutputStream:75 - [STDERR_REDIRECT] WARNING: Could not lock System prefs. Unix error code 29843.
2026-08-15 01:14:49,751 [ERROR] LogOutputStream:75 - [STDERR_REDIRECT] 
2026-08-15 01:14:49,751 [ERROR] LogOutputStream:75 - [STDERR_REDIRECT] Aug 15, 2026 1:14:49 AM java.util.prefs.FileSystemPreferences syncWorld
2026-08-15 01:14:49,751 [ERROR] LogOutputStream:75 - [STDERR_REDIRECT] WARNING: Couldn't flush system prefs: java.util.prefs.BackingStoreException: Couldn't get file lock.
2026-08-15 01:14:49,751 [ERROR] LogOutputStream:75 - [STDERR_REDIRECT] 
2026-08-15 01:15:19,752 [ERROR] LogOutputStream:75 - [STDERR_REDIRECT] Aug 15, 2026 1:15:19 AM java.util.prefs.FileSystemPreferences checkLockFile0ErrorCode
2026-08-15 01:15:19,752 [ERROR] LogOutputStream:75 - [STDERR_REDIRECT] WARNING: Could not lock System prefs. Unix error code 29843.
2026-08-15 01:15:19,752 [ERROR] LogOutputStream:75 - [STDERR_REDIRECT] 
2026-08-15 01:15:19,752 [ERROR] LogOutputStream:75 - [STDERR_REDIRECT] Aug 15, 2026 1:15:19 AM java.util.prefs.FileSystemPreferences syncWorld
2026-08-15 01:15:19,752 [ERROR] LogOutputStream:75 - [STDERR_REDIRECT] WARNING: Couldn't flush system prefs: java.util.prefs.BackingStoreException: Couldn't get file lock.
2026-08-15 01:15:19,752 [ERROR] LogOutputStream:75 - [STDERR_REDIRECT] 
2026-08-15 01:15:49,752 [ERROR] LogOutputStream:75 - [STDERR_REDIRECT] Aug 15, 2026 1:15:49 AM java.util.prefs.FileSystemPreferences checkLockFile0ErrorCode
2026-08-15 01:15:49,752 [ERROR] LogOutputStream:75 - [STDERR_REDIRECT] WARNING: Could not lock System prefs. Unix error code 29843.
2026-08-15 01:15:49,752 [ERROR] LogOutputStream:75 - [STDERR_REDIRECT] 
2026-08-15 01:15:49,752 [ERROR] LogOutputStream:75 - [STDERR_REDIRECT] Aug 15, 2026 1:15:49 AM java.util.prefs.FileSystemPreferences syncWorld
2026-08-15 01:15:49,752 [ERROR] LogOutputStream:75 - [STDERR_REDIRECT] WARNING: Couldn't flush system prefs: java.util.prefs.BackingStoreException: Couldn't get file lock.
2026-08-15 01:15:49,752 [ERROR] LogOutputStream:75 - [STDERR_REDIRECT] 
2026-08-15 01:16:19,751 [ERROR] LogOutputStream:75 - [STDERR_REDIRECT] Aug 15, 2026 1:16:19 AM java.util.prefs.FileSystemPreferences checkLockFile0ErrorCode
2026-08-15 01:16:19,751 [ERROR] LogOutputStream:75 - [STDERR_REDIRECT] WARNING: Could not lock System prefs. Unix error code 29843.
2026-08-15 01:16:19,751 [ERROR] LogOutputStream:75 - [STDERR_REDIRECT] 
2026-08-15 01:16:19,751 [ERROR] LogOutputStream:75 - [STDERR_REDIRECT] Aug 15, 2026 1:16:19 AM java.util.prefs.FileSystemPreferences syncWorld
2026-08-15 01:16:19,752 [ERROR] LogOutputStream:75 - [STDERR_REDIRECT] WARNING: Couldn't flush system prefs: java.util.prefs.BackingStoreException: Couldn't get file lock.
2026-08-15 01:16:19,752 [ERROR] LogOutputStream:75 - [STDERR_REDIRECT] 
2026-08-15 01:16:49,752 [ERROR] LogOutputStream:75 - [STDERR_REDIRECT] Aug 15, 2026 1:16:49 AM java.util.prefs.FileSystemPreferences checkLockFile0ErrorCode
2026-08-15 01:16:49,752 [ERROR] LogOutputStream:75 - [STDERR_REDIRECT] WARNING: Could not lock System prefs. Unix error code 29843.
2026-08-15 01:16:49,753 [ERROR] LogOutputStream:75 - [STDERR_REDIRECT] 
2026-08-15 01:16:49,753 [ERROR] LogOutputStream:75 - [STDERR_REDIRECT] Aug 15, 2026 1:16:49 AM java.util.prefs.FileSystemPreferences syncWorld
2026-08-15 01:16:49,753 [ERROR] LogOutputStream:75 - [STDERR_REDIRECT] WARNING: Couldn't flush system prefs: java.util.prefs.BackingStoreException: Couldn't get file lock.
2026-08-15 01:16:49,753 [ERROR] LogOutputStream:75 - [STDERR_REDIRECT] 
2026-08-15 01:17:19,751 [ERROR] LogOutputStream:75 - [STDERR_REDIRECT] Aug 15, 2026 1:17:19 AM java.util.prefs.FileSystemPreferences checkLockFile0ErrorCode
2026-08-15 01:17:19,751 [ERROR] LogOutputStream:75 - [STDERR_REDIRECT] WARNING: Could not lock System prefs. Unix error code 29843.
2026-08-15 01:17:19,751 [ERROR] LogOutputStream:75 - [STDERR_REDIRECT] 
2026-08-15 01:17:19,751 [ERROR] LogOutputStream:75 - [STDERR_REDIRECT] Aug 15, 2026 1:17:19 AM java.util.prefs.FileSystemPreferences syncWorld
2026-08-15 01:17:19,752 [ERROR] LogOutputStream:75 - [STDERR_REDIRECT] WARNING: Couldn't flush system prefs: java.util.prefs.BackingStoreException: Couldn't get file lock.
2026-08-15 01:17:19,752 [ERROR] LogOutputStream:75 - [STDERR_REDIRECT] 
2026-08-15 01:17:49,751 [ERROR] LogOutputStream:75 - [STDERR_REDIRECT] Aug 15, 2026 1:17:49 AM java.util.prefs.FileSystemPreferences checkLockFile0ErrorCode
2026-08-15 01:17:49,751 [ERROR] LogOutputStream:75 - [STDERR_REDIRECT] WARNING: Could not lock System prefs. Unix error code 29843.
2026-08-15 01:17:49,751 [ERROR] LogOutputStream:75 - [STDERR_REDIRECT] 
2026-08-15 01:17:49,751 [ERROR] LogOutputStream:75 - [STDERR_REDIRECT] Aug 15, 2026 1:17:49 AM java.util.prefs.FileSystemPreferences syncWorld
2026-08-15 01:17:49,751 [ERROR] LogOutputStream:75 - [STDERR_REDIRECT] WARNING: Couldn't flush system prefs: java.util.prefs.BackingStoreException: Couldn't get file lock.
2026-08-15 01:17:49,751 [ERROR] LogOutputStream:75 - [STDERR_REDIRECT] 
2026-08-15 01:18:19,751 [ERROR] LogOutputStream:75 - [STDERR_REDIRECT] Aug 15, 2026 1:18:19 AM java.util.prefs.FileSystemPreferences checkLockFile0ErrorCode
2026-08-15 01:18:19,751 [ERROR] LogOutputStream:75 - [STDERR_REDIRECT] WARNING: Could not lock System prefs. Unix error code 29843.
2026-08-15 01:18:19,751 [ERROR] LogOutputStream:75 - [STDERR_REDIRECT] 
2026-08-15 01:18:19,751 [ERROR] LogOutputStream:75 - [STDERR_REDIRECT] Aug 15, 2026 1:18:19 AM java.util.prefs.FileSystemPreferences syncWorld
2026-08-15 01:18:19,751 [ERROR] LogOutputStream:75 - [STDERR_REDIRECT] WARNING: Couldn't flush system prefs: java.util.prefs.BackingStoreException: Couldn't get file lock.
2026-08-15 01:18:19,751 [ERROR] LogOutputStream:75 - [STDERR_REDIRECT] 
2026-08-15 01:18:49,751 [ERROR] LogOutputStream:75 - [STDERR_REDIRECT] Aug 15, 2026 1:18:49 AM java.util.prefs.FileSystemPreferences checkLockFile0ErrorCode
2026-08-15 01:18:49,751 [ERROR] LogOutputStream:75 - [STDERR_REDIRECT] WARNING: Could not lock System prefs. Unix error code 29843.
2026-08-15 01:18:49,751 [ERROR] LogOutputStream:75 - [STDERR_REDIRECT] 
2026-08-15 01:18:49,751 [ERROR] LogOutputStream:75 - [STDERR_REDIRECT] Aug 15, 2026 1:18:49 AM java.util.prefs.FileSystemPreferences syncWorld
2026-08-15 01:18:49,751 [ERROR] LogOutputStream:75 - [STDERR_REDIRECT] WARNING: Couldn't flush system prefs: java.util.prefs.BackingStoreException: Couldn't get file lock.
2026-08-15 01:18:49,752 [ERROR] LogOutputStream:75 - [STDERR_REDIRECT] 
2026-08-15 01:19:19,751 [ERROR] LogOutputStream:75 - [STDERR_REDIRECT] Aug 15, 2026 1:19:19 AM java.util.prefs.FileSystemPreferences checkLockFile0ErrorCode
2026-08-15 01:19:19,751 [ERROR] LogOutputStream:75 - [STDERR_REDIRECT] WARNING: Could not lock System prefs. Unix error code 29843.
2026-08-15 01:19:19,752 [ERROR] LogOutputStream:75 - [STDERR_REDIRECT] 
2026-08-15 01:19:19,752 [ERROR] LogOutputStream:75 - [STDERR_REDIRECT] Aug 15, 2026 1:19:19 AM java.util.prefs.FileSystemPreferences syncWorld
2026-08-15 01:19:19,752 [ERROR] LogOutputStream:75 - [STDERR_REDIRECT] WARNING: Couldn't flush system prefs: java.util.prefs.BackingStoreException: Couldn't get file lock.
2026-08-15 01:19:19,752 [ERROR] LogOutputStream:75 - [STDERR_REDIRECT] 
2026-08-15 01:19:49,751 [ERROR] LogOutputStream:75 - [STDERR_REDIRECT] Aug 15, 2026 1:19:49 AM java.util.prefs.FileSystemPreferences checkLockFile0ErrorCode
2026-08-15 01:19:49,751 [ERROR] LogOutputStream:75 - [STDERR_REDIRECT] WARNING: Could not lock System prefs. Unix error code 29843.
2026-08-15 01:19:49,751 [ERROR] LogOutputStream:75 - [STDERR_REDIRECT] 
2026-08-15 01:19:49,751 [ERROR] LogOutputStream:75 - [STDERR_REDIRECT] Aug 15, 2026 1:19:49 AM java.util.prefs.FileSystemPreferences syncWorld
2026-08-15 01:19:49,751 [ERROR] LogOutputStream:75 - [STDERR_REDIRECT] WARNING: Couldn't flush system prefs: java.util.prefs.BackingStoreException: Couldn't get file lock.
2026-08-15 01:19:49,752 [ERROR] LogOutputStream:75 - [STDERR_REDIRECT] 
2026-08-15 01:20:19,750 [ERROR] LogOutputStream:75 - [STDERR_REDIRECT] Aug 15, 2026 1:20:19 AM java.util.prefs.FileSystemPreferences checkLockFile0ErrorCode
2026-08-15 01:20:19,750 [ERROR] LogOutputStream:75 - [STDERR_REDIRECT] WARNING: Could not lock System prefs. Unix error code 29843.
2026-08-15 01:20:19,751 [ERROR] LogOutputStream:75 - [STDERR_REDIRECT] 
2026-08-15 01:20:19,751 [ERROR] LogOutputStream:75 - [STDERR_REDIRECT] Aug 15, 2026 1:20:19 AM java.util.prefs.FileSystemPreferences syncWorld
2026-08-15 01:20:19,751 [ERROR] LogOutputStream:75 - [STDERR_REDIRECT] WARNING: Couldn't flush system prefs: java.util.prefs.BackingStoreException: Couldn't get file lock.
2026-08-15 01:20:19,751 [ERROR] LogOutputStream:75 - [STDERR_REDIRECT] 
2026-08-15 01:20:49,776 [ERROR] LogOutputStream:75 - [STDERR_REDIRECT] Aug 15, 2026 1:20:49 AM java.util.prefs.FileSystemPreferences checkLockFile0ErrorCode
2026-08-15 01:20:49,777 [ERROR] LogOutputStream:75 - [STDERR_REDIRECT] WARNING: Could not lock System prefs. Unix error code 29843.
2026-08-15 01:20:49,777 [ERROR] LogOutputStream:75 - [STDERR_REDIRECT] 
2026-08-15 01:20:49,780 [ERROR] LogOutputStream:75 - [STDERR_REDIRECT] Aug 15, 2026 1:20:49 AM java.util.prefs.FileSystemPreferences syncWorld
2026-08-15 01:20:49,781 [ERROR] LogOutputStream:75 - [STDERR_REDIRECT] WARNING: Couldn't flush system prefs: java.util.prefs.BackingStoreException: Couldn't get file lock.
2026-08-15 01:20:49,781 [ERROR] LogOutputStream:75 - [STDERR_REDIRECT] 
2026-08-15 01:21:19,751 [ERROR] LogOutputStream:75 - [STDERR_REDIRECT] Aug 15, 2026 1:21:19 AM java.util.prefs.FileSystemPreferences checkLockFile0ErrorCode
2026-08-15 01:21:19,751 [ERROR] LogOutputStream:75 - [STDERR_REDIRECT] WARNING: Could not lock System prefs. Unix error code 29843.
2026-08-15 01:21:19,751 [ERROR] LogOutputStream:75 - [STDERR_REDIRECT] 
2026-08-15 01:21:19,752 [ERROR] LogOutputStream:75 - [STDERR_REDIRECT] Aug 15, 2026 1:21:19 AM java.util.prefs.FileSystemPreferences syncWorld
2026-08-15 01:21:19,752 [ERROR] LogOutputStream:75 - [STDERR_REDIRECT] WARNING: Couldn't flush system prefs: java.util.prefs.BackingStoreException: Couldn't get file lock.
2026-08-15 01:21:19,752 [ERROR] LogOutputStream:75 - [STDERR_REDIRECT] 
2026-08-15 01:21:49,750 [ERROR] LogOutputStream:75 - [STDERR_REDIRECT] Aug 15, 2026 1:21:49 AM java.util.prefs.FileSystemPreferences checkLockFile0ErrorCode
2026-08-15 01:21:49,751 [ERROR] LogOutputStream:75 - [STDERR_REDIRECT] WARNING: Could not lock System prefs. Unix error code 29843.
2026-08-15 01:21:49,751 [ERROR] LogOutputStream:75 - [STDERR_REDIRECT] 
2026-08-15 01:21:49,751 [ERROR] LogOutputStream:75 - [STDERR_REDIRECT] Aug 15, 2026 1:21:49 AM java.util.prefs.FileSystemPreferences syncWorld
2026-08-15 01:21:49,751 [ERROR] LogOutputStream:75 - [STDERR_REDIRECT] WARNING: Couldn't flush system prefs: java.util.prefs.BackingStoreException: Couldn't get file lock.
2026-08-15 01:21:49,751 [ERROR] LogOutputStream:75 - [STDERR_REDIRECT] 
2026-08-15 01:22:19,751 [ERROR] LogOutputStream:75 - [STDERR_REDIRECT] Aug 15, 2026 1:22:19 AM java.util.prefs.FileSystemPreferences checkLockFile0ErrorCode
2026-08-15 01:22:19,751 [ERROR] LogOutputStream:75 - [STDERR_REDIRECT] WARNING: Could not lock System prefs. Unix error code 29843.
2026-08-15 01:22:19,751 [ERROR] LogOutputStream:75 - [STDERR_REDIRECT] 
2026-08-15 01:22:19,751 [ERROR] LogOutputStream:75 - [STDERR_REDIRECT] Aug 15, 2026 1:22:19 AM java.util.prefs.FileSystemPreferences syncWorld
2026-08-15 01:22:19,752 [ERROR] LogOutputStream:75 - [STDERR_REDIRECT] WARNING: Couldn't flush system prefs: java.util.prefs.BackingStoreException: Couldn't get file lock.
2026-08-15 01:22:19,752 [ERROR] LogOutputStream:75 - [STDERR_REDIRECT] 
2026-08-15 01:22:49,750 [ERROR] LogOutputStream:75 - [STDERR_REDIRECT] Aug 15, 2026 1:22:49 AM java.util.prefs.FileSystemPreferences checkLockFile0ErrorCode
2026-08-15 01:22:49,750 [ERROR] LogOutputStream:75 - [STDERR_REDIRECT] WARNING: Could not lock System prefs. Unix error code 29843.
2026-08-15 01:22:49,750 [ERROR] LogOutputStream:75 - [STDERR_REDIRECT] 
2026-08-15 01:22:49,751 [ERROR] LogOutputStream:75 - [STDERR_REDIRECT] Aug 15, 2026 1:22:49 AM java.util.prefs.FileSystemPreferences syncWorld
2026-08-15 01:22:49,751 [ERROR] LogOutputStream:75 - [STDERR_REDIRECT] WARNING: Couldn't flush system prefs: java.util.prefs.BackingStoreException: Couldn't get file lock.
2026-08-15 01:22:49,751 [ERROR] LogOutputStream:75 - [STDERR_REDIRECT] 
2026-08-15 01:23:19,750 [ERROR] LogOutputStream:75 - [STDERR_REDIRECT] Aug 15, 2026 1:23:19 AM java.util.prefs.FileSystemPreferences checkLockFile0ErrorCode
2026-08-15 01:23:19,751 [ERROR] LogOutputStream:75 - [STDERR_REDIRECT] WARNING: Could not lock System prefs. Unix error code 29843.
2026-08-15 01:23:19,751 [ERROR] LogOutputStream:75 - [STDERR_REDIRECT] 
2026-08-15 01:23:19,751 [ERROR] LogOutputStream:75 - [STDERR_REDIRECT] Aug 15, 2026 1:23:19 AM java.util.prefs.FileSystemPreferences syncWorld
2026-08-15 01:23:19,751 [ERROR] LogOutputStream:75 - [STDERR_REDIRECT] WARNING: Couldn't flush system prefs: java.util.prefs.BackingStoreException: Couldn't get file lock.
2026-08-15 01:23:19,751 [ERROR] LogOutputStream:75 - [STDERR_REDIRECT] 
2026-08-15 01:23:49,751 [ERROR] LogOutputStream:75 - [STDERR_REDIRECT] Aug 15, 2026 1:23:49 AM java.util.prefs.FileSystemPreferences checkLockFile0ErrorCode
2026-08-15 01:23:49,751 [ERROR] LogOutputStream:75 - [STDERR_REDIRECT] WARNING: Could not lock System prefs. Unix error code 29843.
2026-08-15 01:23:49,751 [ERROR] LogOutputStream:75 - [STDERR_REDIRECT] 
2026-08-15 01:23:49,751 [ERROR] LogOutputStream:75 - [STDERR_REDIRECT] Aug 15, 2026 1:23:49 AM java.util.prefs.FileSystemPreferences syncWorld
2026-08-15 01:23:49,752 [ERROR] LogOutputStream:75 - [STDERR_REDIRECT] WARNING: Couldn't flush system prefs: java.util.prefs.BackingStoreException: Couldn't get file lock.
2026-08-15 01:23:49,752 [ERROR] LogOutputStream:75 - [STDERR_REDIRECT] 
2026-08-15 01:24:19,750 [ERROR] LogOutputStream:75 - [STDERR_REDIRECT] Aug 15, 2026 1:24:19 AM java.util.prefs.FileSystemPreferences checkLockFile0ErrorCode
2026-08-15 01:24:19,750 [ERROR] LogOutputStream:75 - [STDERR_REDIRECT] WARNING: Could not lock System prefs. Unix error code 29843.
2026-08-15 01:24:19,750 [ERROR] LogOutputStream:75 - [STDERR_REDIRECT] 
2026-08-15 01:24:19,751 [ERROR] LogOutputStream:75 - [STDERR_REDIRECT] Aug 15, 2026 1:24:19 AM java.util.prefs.FileSystemPreferences syncWorld
2026-08-15 01:24:19,751 [ERROR] LogOutputStream:75 - [STDERR_REDIRECT] WARNING: Couldn't flush system prefs: java.util.prefs.BackingStoreException: Couldn't get file lock.
2026-08-15 01:24:19,751 [ERROR] LogOutputStream:75 - [STDERR_REDIRECT] 
2026-08-15 01:24:49,750 [ERROR] LogOutputStream:75 - [STDERR_REDIRECT] Aug 15, 2026 1:24:49 AM java.util.prefs.FileSystemPreferences checkLockFile0ErrorCode
2026-08-15 01:24:49,750 [ERROR] LogOutputStream:75 - [STDERR_REDIRECT] WARNING: Could not lock System prefs. Unix error code 29843.
2026-08-15 01:24:49,751 [ERROR] LogOutputStream:75 - [STDERR_REDIRECT] 
2026-08-15 01:24:49,751 [ERROR] LogOutputStream:75 - [STDERR_REDIRECT] Aug 15, 2026 1:24:49 AM java.util.prefs.FileSystemPreferences syncWorld
2026-08-15 01:24:49,751 [ERROR] LogOutputStream:75 - [STDERR_REDIRECT] WARNING: Couldn't flush system prefs: java.util.prefs.BackingStoreException: Couldn't get file lock.
2026-08-15 01:24:49,751 [ERROR] LogOutputStream:75 - [STDERR_REDIRECT] 
2026-08-15 01:25:19,751 [ERROR] LogOutputStream:75 - [STDERR_REDIRECT] Aug 15, 2026 1:25:19 AM java.util.prefs.FileSystemPreferences checkLockFile0ErrorCode
2026-08-15 01:25:19,751 [ERROR] LogOutputStream:75 - [STDERR_REDIRECT] WARNING: Could not lock System prefs. Unix error code 29843.
2026-08-15 01:25:19,751 [ERROR] LogOutputStream:75 - [STDERR_REDIRECT] 
2026-08-15 01:25:19,751 [ERROR] LogOutputStream:75 - [STDERR_REDIRECT] Aug 15, 2026 1:25:19 AM java.util.prefs.FileSystemPreferences syncWorld
2026-08-15 01:25:19,751 [ERROR] LogOutputStream:75 - [STDERR_REDIRECT] WARNING: Couldn't flush system prefs: java.util.prefs.BackingStoreException: Couldn't get file lock.
2026-08-15 01:25:19,751 [ERROR] LogOutputStream:75 - [STDERR_REDIRECT] 
2026-08-15 01:25:49,751 [ERROR] LogOutputStream:75 - [STDERR_REDIRECT] Aug 15, 2026 1:25:49 AM java.util.prefs.FileSystemPreferences checkLockFile0ErrorCode
2026-08-15 01:25:49,751 [ERROR] LogOutputStream:75 - [STDERR_REDIRECT] WARNING: Could not lock System prefs. Unix error code 29843.
2026-08-15 01:25:49,751 [ERROR] LogOutputStream:75 - [STDERR_REDIRECT] 
2026-08-15 01:25:49,751 [ERROR] LogOutputStream:75 - [STDERR_REDIRECT] Aug 15, 2026 1:25:49 AM java.util.prefs.FileSystemPreferences syncWorld
2026-08-15 01:25:49,751 [ERROR] LogOutputStream:75 - [STDERR_REDIRECT] WARNING: Couldn't flush system prefs: java.util.prefs.BackingStoreException: Couldn't get file lock.
2026-08-15 01:25:49,751 [ERROR] LogOutputStream:75 - [STDERR_REDIRECT] 
2026-08-15 01:26:19,751 [ERROR] LogOutputStream:75 - [STDERR_REDIRECT] Aug 15, 2026 1:26:19 AM java.util.prefs.FileSystemPreferences checkLockFile0ErrorCode
2026-08-15 01:26:19,752 [ERROR] LogOutputStream:75 - [STDERR_REDIRECT] WARNING: Could not lock System prefs. Unix error code 29843.
2026-08-15 01:26:19,752 [ERROR] LogOutputStream:75 - [STDERR_REDIRECT] 
2026-08-15 01:26:19,752 [ERROR] LogOutputStream:75 - [STDERR_REDIRECT] Aug 15, 2026 1:26:19 AM java.util.prefs.FileSystemPreferences syncWorld
2026-08-15 01:26:19,752 [ERROR] LogOutputStream:75 - [STDERR_REDIRECT] WARNING: Couldn't flush system prefs: java.util.prefs.BackingStoreException: Couldn't get file lock.
2026-08-15 01:26:19,752 [ERROR] LogOutputStream:75 - [STDERR_REDIRECT] 
2026-08-15 01:26:49,752 [ERROR] LogOutputStream:75 - [STDERR_REDIRECT] Aug 15, 2026 1:26:49 AM java.util.prefs.FileSystemPreferences checkLockFile0ErrorCode
2026-08-15 01:26:49,752 [ERROR] LogOutputStream:75 - [STDERR_REDIRECT] WARNING: Could not lock System prefs. Unix error code 29843.
2026-08-15 01:26:49,752 [ERROR] LogOutputStream:75 - [STDERR_REDIRECT] 
2026-08-15 01:26:49,753 [ERROR] LogOutputStream:75 - [STDERR_REDIRECT] Aug 15, 2026 1:26:49 AM java.util.prefs.FileSystemPreferences syncWorld
2026-08-15 01:26:49,753 [ERROR] LogOutputStream:75 - [STDERR_REDIRECT] WARNING: Couldn't flush system prefs: java.util.prefs.BackingStoreException: Couldn't get file lock.
2026-08-15 01:26:49,753 [ERROR] LogOutputStream:75 - [STDERR_REDIRECT] 
2026-08-15 01:27:19,751 [ERROR] LogOutputStream:75 - [STDERR_REDIRECT] Aug 15, 2026 1:27:19 AM java.util.prefs.FileSystemPreferences checkLockFile0ErrorCode
2026-08-15 01:27:19,752 [ERROR] LogOutputStream:75 - [STDERR_REDIRECT] WARNING: Could not lock System prefs. Unix error code 29843.
2026-08-15 01:27:19,752 [ERROR] LogOutputStream:75 - [STDERR_REDIRECT] 
2026-08-15 01:27:19,752 [ERROR] LogOutputStream:75 - [STDERR_REDIRECT] Aug 15, 2026 1:27:19 AM java.util.prefs.FileSystemPreferences syncWorld
2026-08-15 01:27:19,752 [ERROR] LogOutputStream:75 - [STDERR_REDIRECT] WARNING: Couldn't flush system prefs: java.util.prefs.BackingStoreException: Couldn't get file lock.
2026-08-15 01:27:19,752 [ERROR] LogOutputStream:75 - [STDERR_REDIRECT] 
2026-08-15 01:27:49,753 [ERROR] LogOutputStream:75 - [STDERR_REDIRECT] Aug 15, 2026 1:27:49 AM java.util.prefs.FileSystemPreferences checkLockFile0ErrorCode
2026-08-15 01:27:49,753 [ERROR] LogOutputStream:75 - [STDERR_REDIRECT] WARNING: Could not lock System prefs. Unix error code 29843.
2026-08-15 01:27:49,753 [ERROR] LogOutputStream:75 - [STDERR_REDIRECT] 
2026-08-15 01:27:49,753 [ERROR] LogOutputStream:75 - [STDERR_REDIRECT] Aug 15, 2026 1:27:49 AM java.util.prefs.FileSystemPreferences syncWorld
2026-08-15 01:27:49,753 [ERROR] LogOutputStream:75 - [STDERR_REDIRECT] WARNING: Couldn't flush system prefs: java.util.prefs.BackingStoreException: Couldn't get file lock.
2026-08-15 01:27:49,753 [ERROR] LogOutputStream:75 - [STDERR_REDIRECT] 
2026-08-15 01:28:19,753 [ERROR] LogOutputStream:75 - [STDERR_REDIRECT] Aug 15, 2026 1:28:19 AM java.util.prefs.FileSystemPreferences checkLockFile0ErrorCode
2026-08-15 01:28:19,753 [ERROR] LogOutputStream:75 - [STDERR_REDIRECT] WARNING: Could not lock System prefs. Unix error code 29843.
2026-08-15 01:28:19,753 [ERROR] LogOutputStream:75 - [STDERR_REDIRECT] 
2026-08-15 01:28:19,753 [ERROR] LogOutputStream:75 - [STDERR_REDIRECT] Aug 15, 2026 1:28:19 AM java.util.prefs.FileSystemPreferences syncWorld
2026-08-15 01:28:19,753 [ERROR] LogOutputStream:75 - [STDERR_REDIRECT] WARNING: Couldn't flush system prefs: java.util.prefs.BackingStoreException: Couldn't get file lock.
2026-08-15 01:28:19,754 [ERROR] LogOutputStream:75 - [STDERR_REDIRECT] 
2026-08-15 01:28:49,752 [ERROR] LogOutputStream:75 - [STDERR_REDIRECT] Aug 15, 2026 1:28:49 AM java.util.prefs.FileSystemPreferences checkLockFile0ErrorCode
2026-08-15 01:28:49,752 [ERROR] LogOutputStream:75 - [STDERR_REDIRECT] WARNING: Could not lock System prefs. Unix error code 29843.
2026-08-15 01:28:49,752 [ERROR] LogOutputStream:75 - [STDERR_REDIRECT] 
2026-08-15 01:28:49,752 [ERROR] LogOutputStream:75 - [STDERR_REDIRECT] Aug 15, 2026 1:28:49 AM java.util.prefs.FileSystemPreferences syncWorld
2026-08-15 01:28:49,753 [ERROR] LogOutputStream:75 - [STDERR_REDIRECT] WARNING: Couldn't flush system prefs: java.util.prefs.BackingStoreException: Couldn't get file lock.
2026-08-15 01:28:49,753 [ERROR] LogOutputStream:75 - [STDERR_REDIRECT] 
2026-08-15 01:29:19,752 [ERROR] LogOutputStream:75 - [STDERR_REDIRECT] Aug 15, 2026 1:29:19 AM java.util.prefs.FileSystemPreferences checkLockFile0ErrorCode
2026-08-15 01:29:19,752 [ERROR] LogOutputStream:75 - [STDERR_REDIRECT] WARNING: Could not lock System prefs. Unix error code 29843.
2026-08-15 01:29:19,752 [ERROR] LogOutputStream:75 - [STDERR_REDIRECT] 
2026-08-15 01:29:19,753 [ERROR] LogOutputStream:75 - [STDERR_REDIRECT] Aug 15, 2026 1:29:19 AM java.util.prefs.FileSystemPreferences syncWorld
2026-08-15 01:29:19,753 [ERROR] LogOutputStream:75 - [STDERR_REDIRECT] WARNING: Couldn't flush system prefs: java.util.prefs.BackingStoreException: Couldn't get file lock.
2026-08-15 01:29:19,753 [ERROR] LogOutputStream:75 - [STDERR_REDIRECT] 
2026-08-15 23:45:03,855 [ERROR] LogOutputStream:75 - [STDERR_REDIRECT] Aug 15, 2026 11:45:03 PM java.util.prefs.FileSystemPreferences checkLockFile0ErrorCode
2026-08-15 23:45:03,855 [ERROR] LogOutputStream:75 - [STDERR_REDIRECT] WARNING: Could not lock System prefs. Unix error code 29843.
2026-08-15 23:45:03,855 [ERROR] LogOutputStream:75 - [STDERR_REDIRECT] 
2026-08-15 23:45:03,856 [ERROR] LogOutputStream:75 - [STDERR_REDIRECT] Aug 15, 2026 11:45:03 PM java.util.prefs.FileSystemPreferences syncWorld
2026-08-15 23:45:03,856 [ERROR] LogOutputStream:75 - [STDERR_REDIRECT] WARNING: Couldn't flush system prefs: java.util.prefs.BackingStoreException: Couldn't get file lock.
2026-08-15 23:45:03,856 [ERROR] LogOutputStream:75 - [STDERR_REDIRECT] 
2026-08-15 23:45:33,861 [ERROR] LogOutputStream:75 - [STDERR_REDIRECT] Aug 15, 2026 11:45:33 PM java.util.prefs.FileSystemPreferences checkLockFile0ErrorCode
2026-08-15 23:45:33,862 [ERROR] LogOutputStream:75 - [STDERR_REDIRECT] WARNING: Could not lock System prefs. Unix error code 29843.
2026-08-15 23:45:33,862 [ERROR] LogOutputStream:75 - [STDERR_REDIRECT] 
2026-08-15 23:45:33,862 [ERROR] LogOutputStream:75 - [STDERR_REDIRECT] Aug 15, 2026 11:45:33 PM java.util.prefs.FileSystemPreferences syncWorld
2026-08-15 23:45:33,862 [ERROR] LogOutputStream:75 - [STDERR_REDIRECT] WARNING: Couldn't flush system prefs: java.util.prefs.BackingStoreException: Couldn't get file lock.
2026-08-15 23:45:33,862 [ERROR] LogOutputStream:75 - [STDERR_REDIRECT] 
2026-08-15 23:46:03,855 [ERROR] LogOutputStream:75 - [STDERR_REDIRECT] Aug 15, 2026 11:46:03 PM java.util.prefs.FileSystemPreferences checkLockFile0ErrorCode
2026-08-15 23:46:03,855 [ERROR] LogOutputStream:75 - [STDERR_REDIRECT] WARNING: Could not lock System prefs. Unix error code 29843.
2026-08-15 23:46:03,855 [ERROR] LogOutputStream:75 - [STDERR_REDIRECT] 
2026-08-15 23:46:03,856 [ERROR] LogOutputStream:75 - [STDERR_REDIRECT] Aug 15, 2026 11:46:03 PM java.util.prefs.FileSystemPreferences syncWorld
2026-08-15 23:46:03,856 [ERROR] LogOutputStream:75 - [STDERR_REDIRECT] WARNING: Couldn't flush system prefs: java.util.prefs.BackingStoreException: Couldn't get file lock.
2026-08-15 23:46:03,856 [ERROR] LogOutputStream:75 - [STDERR_REDIRECT] 
2026-08-15 23:46:33,852 [ERROR] LogOutputStream:75 - [STDERR_REDIRECT] Aug 15, 2026 11:46:33 PM java.util.prefs.FileSystemPreferences checkLockFile0ErrorCode
2026-08-15 23:46:33,852 [ERROR] LogOutputStream:75 - [STDERR_REDIRECT] WARNING: Could not lock System prefs. Unix error code 29843.
2026-08-15 23:46:33,852 [ERROR] LogOutputStream:75 - [STDERR_REDIRECT] 
2026-08-15 23:46:33,853 [ERROR] LogOutputStream:75 - [STDERR_REDIRECT] Aug 15, 2026 11:46:33 PM java.util.prefs.FileSystemPreferences syncWorld
2026-08-15 23:46:33,853 [ERROR] LogOutputStream:75 - [STDERR_REDIRECT] WARNING: Couldn't flush system prefs: java.util.prefs.BackingStoreException: Couldn't get file lock.
2026-08-15 23:46:33,853 [ERROR] LogOutputStream:75 - [STDERR_REDIRECT] 
2026-08-15 23:47:03,852 [ERROR] LogOutputStream:75 - [STDERR_REDIRECT] Aug 15, 2026 11:47:03 PM java.util.prefs.FileSystemPreferences checkLockFile0ErrorCode
2026-08-15 23:47:03,852 [ERROR] LogOutputStream:75 - [STDERR_REDIRECT] WARNING: Could not lock System prefs. Unix error code 29843.
2026-08-15 23:47:03,852 [ERROR] LogOutputStream:75 - [STDERR_REDIRECT] 
2026-08-15 23:47:03,853 [ERROR] LogOutputStream:75 - [STDERR_REDIRECT] Aug 15, 2026 11:47:03 PM java.util.prefs.FileSystemPreferences syncWorld
2026-08-15 23:47:03,853 [ERROR] LogOutputStream:75 - [STDERR_REDIRECT] WARNING: Couldn't flush system prefs: java.util.prefs.BackingStoreException: Couldn't get file lock.
2026-08-15 23:47:03,853 [ERROR] LogOutputStream:75 - [STDERR_REDIRECT] 
2026-08-15 23:47:33,855 [ERROR] LogOutputStream:75 - [STDERR_REDIRECT] Aug 15, 2026 11:47:33 PM java.util.prefs.FileSystemPreferences checkLockFile0ErrorCode
2026-08-15 23:47:33,855 [ERROR] LogOutputStream:75 - [STDERR_REDIRECT] WARNING: Could not lock System prefs. Unix error code 29843.
2026-08-15 23:47:33,855 [ERROR] LogOutputStream:75 - [STDERR_REDIRECT] 
2026-08-15 23:47:33,855 [ERROR] LogOutputStream:75 - [STDERR_REDIRECT] Aug 15, 2026 11:47:33 PM java.util.prefs.FileSystemPreferences syncWorld
2026-08-15 23:47:33,855 [ERROR] LogOutputStream:75 - [STDERR_REDIRECT] WARNING: Couldn't flush system prefs: java.util.prefs.BackingStoreException: Couldn't get file lock.
2026-08-15 23:47:33,855 [ERROR] LogOutputStream:75 - [STDERR_REDIRECT] 
2026-08-15 23:48:03,854 [ERROR] LogOutputStream:75 - [STDERR_REDIRECT] Aug 15, 2026 11:48:03 PM java.util.prefs.FileSystemPreferences checkLockFile0ErrorCode
2026-08-15 23:48:03,854 [ERROR] LogOutputStream:75 - [STDERR_REDIRECT] WARNING: Could not lock System prefs. Unix error code 29843.
2026-08-15 23:48:03,854 [ERROR] LogOutputStream:75 - [STDERR_REDIRECT] 
2026-08-15 23:48:03,854 [ERROR] LogOutputStream:75 - [STDERR_REDIRECT] Aug 15, 2026 11:48:03 PM java.util.prefs.FileSystemPreferences syncWorld
2026-08-15 23:48:03,854 [ERROR] LogOutputStream:75 - [STDERR_REDIRECT] WARNING: Couldn't flush system prefs: java.util.prefs.BackingStoreException: Couldn't get file lock.
2026-08-15 23:48:03,854 [ERROR] LogOutputStream:75 - [STDERR_REDIRECT] 
2026-08-15 23:48:33,854 [ERROR] LogOutputStream:75 - [STDERR_REDIRECT] Aug 15, 2026 11:48:33 PM java.util.prefs.FileSystemPreferences checkLockFile0ErrorCode
2026-08-15 23:48:33,855 [ERROR] LogOutputStream:75 - [STDERR_REDIRECT] WARNING: Could not lock System prefs. Unix error code 29843.
2026-08-15 23:48:33,855 [ERROR] LogOutputStream:75 - [STDERR_REDIRECT] 
2026-08-15 23:48:33,855 [ERROR] LogOutputStream:75 - [STDERR_REDIRECT] Aug 15, 2026 11:48:33 PM java.util.prefs.FileSystemPreferences syncWorld
2026-08-15 23:48:33,855 [ERROR] LogOutputStream:75 - [STDERR_REDIRECT] WARNING: Couldn't flush system prefs: java.util.prefs.BackingStoreException: Couldn't get file lock.
2026-08-15 23:48:33,855 [ERROR] LogOutputStream:75 - [STDERR_REDIRECT] 
2026-08-15 23:49:03,855 [ERROR] LogOutputStream:75 - [STDERR_REDIRECT] Aug 15, 2026 11:49:03 PM java.util.prefs.FileSystemPreferences checkLockFile0ErrorCode
2026-08-15 23:49:03,856 [ERROR] LogOutputStream:75 - [STDERR_REDIRECT] WARNING: Could not lock System prefs. Unix error code 29843.
2026-08-15 23:49:03,856 [ERROR] LogOutputStream:75 - [STDERR_REDIRECT] 
2026-08-15 23:49:03,856 [ERROR] LogOutputStream:75 - [STDERR_REDIRECT] Aug 15, 2026 11:49:03 PM java.util.prefs.FileSystemPreferences syncWorld
2026-08-15 23:49:03,856 [ERROR] LogOutputStream:75 - [STDERR_REDIRECT] WARNING: Couldn't flush system prefs: java.util.prefs.BackingStoreException: Couldn't get file lock.
2026-08-15 23:49:03,856 [ERROR] LogOutputStream:75 - [STDERR_REDIRECT] 
2026-08-15 23:49:33,856 [ERROR] LogOutputStream:75 - [STDERR_REDIRECT] Aug 15, 2026 11:49:33 PM java.util.prefs.FileSystemPreferences checkLockFile0ErrorCode
2026-08-15 23:49:33,856 [ERROR] LogOutputStream:75 - [STDERR_REDIRECT] WARNING: Could not lock System prefs. Unix error code 29843.
2026-08-15 23:49:33,856 [ERROR] LogOutputStream:75 - [STDERR_REDIRECT] 
2026-08-15 23:49:33,857 [ERROR] LogOutputStream:75 - [STDERR_REDIRECT] Aug 15, 2026 11:49:33 PM java.util.prefs.FileSystemPreferences syncWorld
2026-08-15 23:49:33,857 [ERROR] LogOutputStream:75 - [STDERR_REDIRECT] WARNING: Couldn't flush system prefs: java.util.prefs.BackingStoreException: Couldn't get file lock.
2026-08-15 23:49:33,857 [ERROR] LogOutputStream:75 - [STDERR_REDIRECT] 
2026-08-15 23:50:03,856 [ERROR] LogOutputStream:75 - [STDERR_REDIRECT] Aug 15, 2026 11:50:03 PM java.util.prefs.FileSystemPreferences checkLockFile0ErrorCode
2026-08-15 23:50:03,856 [ERROR] LogOutputStream:75 - [STDERR_REDIRECT] WARNING: Could not lock System prefs. Unix error code 29843.
2026-08-15 23:50:03,856 [ERROR] LogOutputStream:75 - [STDERR_REDIRECT] 
2026-08-15 23:50:03,857 [ERROR] LogOutputStream:75 - [STDERR_REDIRECT] Aug 15, 2026 11:50:03 PM java.util.prefs.FileSystemPreferences syncWorld
2026-08-15 23:50:03,857 [ERROR] LogOutputStream:75 - [STDERR_REDIRECT] WARNING: Couldn't flush system prefs: java.util.prefs.BackingStoreException: Couldn't get file lock.
2026-08-15 23:50:03,857 [ERROR] LogOutputStream:75 - [STDERR_REDIRECT] 
2026-08-15 23:50:33,856 [ERROR] LogOutputStream:75 - [STDERR_REDIRECT] Aug 15, 2026 11:50:33 PM java.util.prefs.FileSystemPreferences checkLockFile0ErrorCode
2026-08-15 23:50:33,856 [ERROR] LogOutputStream:75 - [STDERR_REDIRECT] WARNING: Could not lock System prefs. Unix error code 29843.
2026-08-15 23:50:33,856 [ERROR] LogOutputStream:75 - [STDERR_REDIRECT] 
2026-08-15 23:50:33,857 [ERROR] LogOutputStream:75 - [STDERR_REDIRECT] Aug 15, 2026 11:50:33 PM java.util.prefs.FileSystemPreferences syncWorld
2026-08-15 23:50:33,857 [ERROR] LogOutputStream:75 - [STDERR_REDIRECT] WARNING: Couldn't flush system prefs: java.util.prefs.BackingStoreException: Couldn't get file lock.
2026-08-15 23:50:33,857 [ERROR] LogOutputStream:75 - [STDERR_REDIRECT] 
2026-08-15 23:51:03,856 [ERROR] LogOutputStream:75 - [STDERR_REDIRECT] Aug 15, 2026 11:51:03 PM java.util.prefs.FileSystemPreferences checkLockFile0ErrorCode
2026-08-15 23:51:03,856 [ERROR] LogOutputStream:75 - [STDERR_REDIRECT] WARNING: Could not lock System prefs. Unix error code 29843.
2026-08-15 23:51:03,856 [ERROR] LogOutputStream:75 - [STDERR_REDIRECT] 
2026-08-15 23:51:03,856 [ERROR] LogOutputStream:75 - [STDERR_REDIRECT] Aug 15, 2026 11:51:03 PM java.util.prefs.FileSystemPreferences syncWorld
2026-08-15 23:51:03,857 [ERROR] LogOutputStream:75 - [STDERR_REDIRECT] WARNING: Couldn't flush system prefs: java.util.prefs.BackingStoreException: Couldn't get file lock.
2026-08-15 23:51:03,857 [ERROR] LogOutputStream:75 - [STDERR_REDIRECT] 
2026-08-15 23:51:33,855 [ERROR] LogOutputStream:75 - [STDERR_REDIRECT] Aug 15, 2026 11:51:33 PM java.util.prefs.FileSystemPreferences checkLockFile0ErrorCode
2026-08-15 23:51:33,856 [ERROR] LogOutputStream:75 - [STDERR_REDIRECT] WARNING: Could not lock System prefs. Unix error code 29843.
2026-08-15 23:51:33,856 [ERROR] LogOutputStream:75 - [STDERR_REDIRECT] 
2026-08-15 23:51:33,856 [ERROR] LogOutputStream:75 - [STDERR_REDIRECT] Aug 15, 2026 11:51:33 PM java.util.prefs.FileSystemPreferences syncWorld
2026-08-15 23:51:33,856 [ERROR] LogOutputStream:75 - [STDERR_REDIRECT] WARNING: Couldn't flush system prefs: java.util.prefs.BackingStoreException: Couldn't get file lock.
2026-08-15 23:51:33,856 [ERROR] LogOutputStream:75 - [STDERR_REDIRECT] 
2026-08-15 23:52:03,856 [ERROR] LogOutputStream:75 - [STDERR_REDIRECT] Aug 15, 2026 11:52:03 PM java.util.prefs.FileSystemPreferences checkLockFile0ErrorCode
2026-08-15 23:52:03,856 [ERROR] LogOutputStream:75 - [STDERR_REDIRECT] WARNING: Could not lock System prefs. Unix error code 29843.
2026-08-15 23:52:03,856 [ERROR] LogOutputStream:75 - [STDERR_REDIRECT] 
2026-08-15 23:52:03,857 [ERROR] LogOutputStream:75 - [STDERR_REDIRECT] Aug 15, 2026 11:52:03 PM java.util.prefs.FileSystemPreferences syncWorld
2026-08-15 23:52:03,857 [ERROR] LogOutputStream:75 - [STDERR_REDIRECT] WARNING: Couldn't flush system prefs: java.util.prefs.BackingStoreException: Couldn't get file lock.
2026-08-15 23:52:03,857 [ERROR] LogOutputStream:75 - [STDERR_REDIRECT] 
2026-08-15 23:52:33,856 [ERROR] LogOutputStream:75 - [STDERR_REDIRECT] Aug 15, 2026 11:52:33 PM java.util.prefs.FileSystemPreferences checkLockFile0ErrorCode
2026-08-15 23:52:33,857 [ERROR] LogOutputStream:75 - [STDERR_REDIRECT] WARNING: Could not lock System prefs. Unix error code 29843.
2026-08-15 23:52:33,857 [ERROR] LogOutputStream:75 - [STDERR_REDIRECT] 
2026-08-15 23:52:33,857 [ERROR] LogOutputStream:75 - [STDERR_REDIRECT] Aug 15, 2026 11:52:33 PM java.util.prefs.FileSystemPreferences syncWorld
2026-08-15 23:52:33,857 [ERROR] LogOutputStream:75 - [STDERR_REDIRECT] WARNING: Couldn't flush system prefs: java.util.prefs.BackingStoreException: Couldn't get file lock.
2026-08-15 23:52:33,857 [ERROR] LogOutputStream:75 - [STDERR_REDIRECT] 
2026-08-15 23:53:03,857 [ERROR] LogOutputStream:75 - [STDERR_REDIRECT] Aug 15, 2026 11:53:03 PM java.util.prefs.FileSystemPreferences checkLockFile0ErrorCode
2026-08-15 23:53:03,858 [ERROR] LogOutputStream:75 - [STDERR_REDIRECT] WARNING: Could not lock System prefs. Unix error code 29843.
2026-08-15 23:53:03,858 [ERROR] LogOutputStream:75 - [STDERR_REDIRECT] 
2026-08-15 23:53:03,858 [ERROR] LogOutputStream:75 - [STDERR_REDIRECT] Aug 15, 2026 11:53:03 PM java.util.prefs.FileSystemPreferences syncWorld
2026-08-15 23:53:03,858 [ERROR] LogOutputStream:75 - [STDERR_REDIRECT] WARNING: Couldn't flush system prefs: java.util.prefs.BackingStoreException: Couldn't get file lock.
2026-08-15 23:53:03,858 [ERROR] LogOutputStream:75 - [STDERR_REDIRECT] 
2026-08-15 23:53:33,857 [ERROR] LogOutputStream:75 - [STDERR_REDIRECT] Aug 15, 2026 11:53:33 PM java.util.prefs.FileSystemPreferences checkLockFile0ErrorCode
2026-08-15 23:53:33,857 [ERROR] LogOutputStream:75 - [STDERR_REDIRECT] WARNING: Could not lock System prefs. Unix error code 29843.
2026-08-15 23:53:33,857 [ERROR] LogOutputStream:75 - [STDERR_REDIRECT] 
2026-08-15 23:53:33,857 [ERROR] LogOutputStream:75 - [STDERR_REDIRECT] Aug 15, 2026 11:53:33 PM java.util.prefs.FileSystemPreferences syncWorld
2026-08-15 23:53:33,857 [ERROR] LogOutputStream:75 - [STDERR_REDIRECT] WARNING: Couldn't flush system prefs: java.util.prefs.BackingStoreException: Couldn't get file lock.
2026-08-15 23:53:33,857 [ERROR] LogOutputStream:75 - [STDERR_REDIRECT] 
2026-08-15 23:54:03,856 [ERROR] LogOutputStream:75 - [STDERR_REDIRECT] Aug 15, 2026 11:54:03 PM java.util.prefs.FileSystemPreferences checkLockFile0ErrorCode
2026-08-15 23:54:03,856 [ERROR] LogOutputStream:75 - [STDERR_REDIRECT] WARNING: Could not lock System prefs. Unix error code 29843.
2026-08-15 23:54:03,856 [ERROR] LogOutputStream:75 - [STDERR_REDIRECT] 
2026-08-15 23:54:03,857 [ERROR] LogOutputStream:75 - [STDERR_REDIRECT] Aug 15, 2026 11:54:03 PM java.util.prefs.FileSystemPreferences syncWorld
2026-08-15 23:54:03,857 [ERROR] LogOutputStream:75 - [STDERR_REDIRECT] WARNING: Couldn't flush system prefs: java.util.prefs.BackingStoreException: Couldn't get file lock.
2026-08-15 23:54:03,857 [ERROR] LogOutputStream:75 - [STDERR_REDIRECT] 
2026-08-15 23:54:33,863 [ERROR] LogOutputStream:75 - [STDERR_REDIRECT] Aug 15, 2026 11:54:33 PM java.util.prefs.FileSystemPreferences checkLockFile0ErrorCode
2026-08-15 23:54:33,864 [ERROR] LogOutputStream:75 - [STDERR_REDIRECT] WARNING: Could not lock System prefs. Unix error code 29843.
2026-08-15 23:54:33,864 [ERROR] LogOutputStream:75 - [STDERR_REDIRECT] 
2026-08-15 23:54:33,864 [ERROR] LogOutputStream:75 - [STDERR_REDIRECT] Aug 15, 2026 11:54:33 PM java.util.prefs.FileSystemPreferences syncWorld
2026-08-15 23:54:33,864 [ERROR] LogOutputStream:75 - [STDERR_REDIRECT] WARNING: Couldn't flush system prefs: java.util.prefs.BackingStoreException: Couldn't get file lock.
2026-08-15 23:54:33,864 [ERROR] LogOutputStream:75 - [STDERR_REDIRECT] 
2026-08-15 23:55:03,863 [ERROR] LogOutputStream:75 - [STDERR_REDIRECT] Aug 15, 2026 11:55:03 PM java.util.prefs.FileSystemPreferences checkLockFile0ErrorCode
2026-08-15 23:55:03,863 [ERROR] LogOutputStream:75 - [STDERR_REDIRECT] WARNING: Could not lock System prefs. Unix error code 29843.
2026-08-15 23:55:03,863 [ERROR] LogOutputStream:75 - [STDERR_REDIRECT] 
2026-08-15 23:55:03,863 [ERROR] LogOutputStream:75 - [STDERR_REDIRECT] Aug 15, 2026 11:55:03 PM java.util.prefs.FileSystemPreferences syncWorld
2026-08-15 23:55:03,863 [ERROR] LogOutputStream:75 - [STDERR_REDIRECT] WARNING: Couldn't flush system prefs: java.util.prefs.BackingStoreException: Couldn't get file lock.
2026-08-15 23:55:03,863 [ERROR] LogOutputStream:75 - [STDERR_REDIRECT] 
2026-08-15 23:55:33,863 [ERROR] LogOutputStream:75 - [STDERR_REDIRECT] Aug 15, 2026 11:55:33 PM java.util.prefs.FileSystemPreferences checkLockFile0ErrorCode
2026-08-15 23:55:33,863 [ERROR] LogOutputStream:75 - [STDERR_REDIRECT] WARNING: Could not lock System prefs. Unix error code 29843.
2026-08-15 23:55:33,863 [ERROR] LogOutputStream:75 - [STDERR_REDIRECT] 
2026-08-15 23:55:33,864 [ERROR] LogOutputStream:75 - [STDERR_REDIRECT] Aug 15, 2026 11:55:33 PM java.util.prefs.FileSystemPreferences syncWorld
2026-08-15 23:55:33,864 [ERROR] LogOutputStream:75 - [STDERR_REDIRECT] WARNING: Couldn't flush system prefs: java.util.prefs.BackingStoreException: Couldn't get file lock.
2026-08-15 23:55:33,864 [ERROR] LogOutputStream:75 - [STDERR_REDIRECT] 
2026-08-15 23:55:57,828 [ERROR] LogOutputStream:75 - [STDERR_REDIRECT] 
