2026-08-17 21:18:42,715 [ERROR] LogOutputStream:75 - [STDERR_REDIRECT] Aug 17, 2026 9:18:42 PM java.util.prefs.FileSystemPreferences checkLockFile0ErrorCode
2026-08-17 21:18:42,725 [ERROR] LogOutputStream:75 - [STDERR_REDIRECT] WARNING: Could not lock System prefs. Unix error code 5.
2026-08-17 21:18:42,725 [ERROR] LogOutputStream:75 - [STDERR_REDIRECT] 
2026-08-17 21:18:42,726 [ERROR] LogOutputStream:75 - [STDERR_REDIRECT] Aug 17, 2026 9:18:42 PM java.util.prefs.FileSystemPreferences syncWorld
2026-08-17 21:18:42,726 [ERROR] LogOutputStream:75 - [STDERR_REDIRECT] WARNING: Couldn't flush system prefs: java.util.prefs.BackingStoreException: Couldn't get file lock.
2026-08-17 21:18:42,726 [ERROR] LogOutputStream:75 - [STDERR_REDIRECT] 
2026-08-17 21:19:12,693 [ERROR] LogOutputStream:75 - [STDERR_REDIRECT] Aug 17, 2026 9:19:12 PM java.util.prefs.FileSystemPreferences checkLockFile0ErrorCode
2026-08-17 21:19:12,693 [ERROR] LogOutputStream:75 - [STDERR_REDIRECT] WARNING: Could not lock System prefs. Unix error code 5.
2026-08-17 21:19:12,694 [ERROR] LogOutputStream:75 - [STDERR_REDIRECT] 
2026-08-17 21:19:12,694 [ERROR] LogOutputStream:75 - [STDERR_REDIRECT] Aug 17, 2026 9:19:12 PM java.util.prefs.FileSystemPreferences syncWorld
2026-08-17 21:19:12,694 [ERROR] LogOutputStream:75 - [STDERR_REDIRECT] WARNING: Couldn't flush system prefs: java.util.prefs.BackingStoreException: Couldn't get file lock.
2026-08-17 21:19:12,694 [ERROR] LogOutputStream:75 - [STDERR_REDIRECT] 
2026-08-17 21:19:42,694 [ERROR] LogOutputStream:75 - [STDERR_REDIRECT] Aug 17, 2026 9:19:42 PM java.util.prefs.FileSystemPreferences checkLockFile0ErrorCode
2026-08-17 21:19:42,694 [ERROR] LogOutputStream:75 - [STDERR_REDIRECT] WARNING: Could not lock System prefs. Unix error code 5.
2026-08-17 21:19:42,694 [ERROR] LogOutputStream:75 - [STDERR_REDIRECT] 
2026-08-17 21:19:42,694 [ERROR] LogOutputStream:75 - [STDERR_REDIRECT] Aug 17, 2026 9:19:42 PM java.util.prefs.FileSystemPreferences syncWorld
2026-08-17 21:19:42,694 [ERROR] LogOutputStream:75 - [STDERR_REDIRECT] WARNING: Couldn't flush system prefs: java.util.prefs.BackingStoreException: Couldn't get file lock.
2026-08-17 21:19:42,694 [ERROR] LogOutputStream:75 - [STDERR_REDIRECT] 
2026-08-17 21:20:12,695 [ERROR] LogOutputStream:75 - [STDERR_REDIRECT] Aug 17, 2026 9:20:12 PM java.util.prefs.FileSystemPreferences checkLockFile0ErrorCode
2026-08-17 21:20:12,695 [ERROR] LogOutputStream:75 - [STDERR_REDIRECT] WARNING: Could not lock System prefs. Unix error code 5.
2026-08-17 21:20:12,695 [ERROR] LogOutputStream:75 - [STDERR_REDIRECT] 
2026-08-17 21:20:12,697 [ERROR] LogOutputStream:75 - [STDERR_REDIRECT] Aug 17, 2026 9:20:12 PM java.util.prefs.FileSystemPreferences syncWorld
2026-08-17 21:20:12,697 [ERROR] LogOutputStream:75 - [STDERR_REDIRECT] WARNING: Couldn't flush system prefs: java.util.prefs.BackingStoreException: Couldn't get file lock.
2026-08-17 21:20:12,697 [ERROR] LogOutputStream:75 - [STDERR_REDIRECT] 
2026-08-17 21:20:42,697 [ERROR] LogOutputStream:75 - [STDERR_REDIRECT] Aug 17, 2026 9:20:42 PM java.util.prefs.FileSystemPreferences checkLockFile0ErrorCode
2026-08-17 21:20:42,697 [ERROR] LogOutputStream:75 - [STDERR_REDIRECT] WARNING: Could not lock System prefs. Unix error code 5.
2026-08-17 21:20:42,697 [ERROR] LogOutputStream:75 - [STDERR_REDIRECT] 
2026-08-17 21:20:42,698 [ERROR] LogOutputStream:75 - [STDERR_REDIRECT] Aug 17, 2026 9:20:42 PM java.util.prefs.FileSystemPreferences syncWorld
2026-08-17 21:20:42,698 [ERROR] LogOutputStream:75 - [STDERR_REDIRECT] WARNING: Couldn't flush system prefs: java.util.prefs.BackingStoreException: Couldn't get file lock.
2026-08-17 21:20:42,698 [ERROR] LogOutputStream:75 - [STDERR_REDIRECT] 
2026-08-17 21:21:12,695 [ERROR] LogOutputStream:75 - [STDERR_REDIRECT] Aug 17, 2026 9:21:12 PM java.util.prefs.FileSystemPreferences checkLockFile0ErrorCode
2026-08-17 21:21:12,695 [ERROR] LogOutputStream:75 - [STDERR_REDIRECT] WARNING: Could not lock System prefs. Unix error code 5.
2026-08-17 21:21:12,695 [ERROR] LogOutputStream:75 - [STDERR_REDIRECT] 
2026-08-17 21:21:12,695 [ERROR] LogOutputStream:75 - [STDERR_REDIRECT] Aug 17, 2026 9:21:12 PM java.util.prefs.FileSystemPreferences syncWorld
2026-08-17 21:21:12,696 [ERROR] LogOutputStream:75 - [STDERR_REDIRECT] WARNING: Couldn't flush system prefs: java.util.prefs.BackingStoreException: Couldn't get file lock.
2026-08-17 21:21:12,696 [ERROR] LogOutputStream:75 - [STDERR_REDIRECT] 
2026-08-17 21:21:42,694 [ERROR] LogOutputStream:75 - [STDERR_REDIRECT] Aug 17, 2026 9:21:42 PM java.util.prefs.FileSystemPreferences checkLockFile0ErrorCode
2026-08-17 21:21:42,694 [ERROR] LogOutputStream:75 - [STDERR_REDIRECT] WARNING: Could not lock System prefs. Unix error code 5.
2026-08-17 21:21:42,694 [ERROR] LogOutputStream:75 - [STDERR_REDIRECT] 
2026-08-17 21:21:42,695 [ERROR] LogOutputStream:75 - [STDERR_REDIRECT] Aug 17, 2026 9:21:42 PM java.util.prefs.FileSystemPreferences syncWorld
2026-08-17 21:21:42,695 [ERROR] LogOutputStream:75 - [STDERR_REDIRECT] WARNING: Couldn't flush system prefs: java.util.prefs.BackingStoreException: Couldn't get file lock.
2026-08-17 21:21:42,695 [ERROR] LogOutputStream:75 - [STDERR_REDIRECT] 
2026-08-17 21:22:12,697 [ERROR] LogOutputStream:75 - [STDERR_REDIRECT] Aug 17, 2026 9:22:12 PM java.util.prefs.FileSystemPreferences checkLockFile0ErrorCode
2026-08-17 21:22:12,697 [ERROR] LogOutputStream:75 - [STDERR_REDIRECT] WARNING: Could not lock System prefs. Unix error code 5.
2026-08-17 21:22:12,697 [ERROR] LogOutputStream:75 - [STDERR_REDIRECT] 
2026-08-17 21:22:12,697 [ERROR] LogOutputStream:75 - [STDERR_REDIRECT] Aug 17, 2026 9:22:12 PM java.util.prefs.FileSystemPreferences syncWorld
2026-08-17 21:22:12,697 [ERROR] LogOutputStream:75 - [STDERR_REDIRECT] WARNING: Couldn't flush system prefs: java.util.prefs.BackingStoreException: Couldn't get file lock.
2026-08-17 21:22:12,697 [ERROR] LogOutputStream:75 - [STDERR_REDIRECT] 
2026-08-17 21:22:42,695 [ERROR] LogOutputStream:75 - [STDERR_REDIRECT] Aug 17, 2026 9:22:42 PM java.util.prefs.FileSystemPreferences checkLockFile0ErrorCode
2026-08-17 21:22:42,695 [ERROR] LogOutputStream:75 - [STDERR_REDIRECT] WARNING: Could not lock System prefs. Unix error code 5.
2026-08-17 21:22:42,695 [ERROR] LogOutputStream:75 - [STDERR_REDIRECT] 
2026-08-17 21:22:42,695 [ERROR] LogOutputStream:75 - [STDERR_REDIRECT] Aug 17, 2026 9:22:42 PM java.util.prefs.FileSystemPreferences syncWorld
2026-08-17 21:22:42,696 [ERROR] LogOutputStream:75 - [STDERR_REDIRECT] WARNING: Couldn't flush system prefs: java.util.prefs.BackingStoreException: Couldn't get file lock.
2026-08-17 21:22:42,696 [ERROR] LogOutputStream:75 - [STDERR_REDIRECT] 
2026-08-17 21:23:12,695 [ERROR] LogOutputStream:75 - [STDERR_REDIRECT] Aug 17, 2026 9:23:12 PM java.util.prefs.FileSystemPreferences checkLockFile0ErrorCode
2026-08-17 21:23:12,695 [ERROR] LogOutputStream:75 - [STDERR_REDIRECT] WARNING: Could not lock System prefs. Unix error code 5.
2026-08-17 21:23:12,695 [ERROR] LogOutputStream:75 - [STDERR_REDIRECT] 
2026-08-17 21:23:12,697 [ERROR] LogOutputStream:75 - [STDERR_REDIRECT] Aug 17, 2026 9:23:12 PM java.util.prefs.FileSystemPreferences syncWorld
2026-08-17 21:23:12,698 [ERROR] LogOutputStream:75 - [STDERR_REDIRECT] WARNING: Couldn't flush system prefs: java.util.prefs.BackingStoreException: Couldn't get file lock.
2026-08-17 21:23:12,698 [ERROR] LogOutputStream:75 - [STDERR_REDIRECT] 
2026-08-17 21:23:42,694 [ERROR] LogOutputStream:75 - [STDERR_REDIRECT] Aug 17, 2026 9:23:42 PM java.util.prefs.FileSystemPreferences checkLockFile0ErrorCode
2026-08-17 21:23:42,694 [ERROR] LogOutputStream:75 - [STDERR_REDIRECT] WARNING: Could not lock System prefs. Unix error code 5.
2026-08-17 21:23:42,694 [ERROR] LogOutputStream:75 - [STDERR_REDIRECT] 
2026-08-17 21:23:42,695 [ERROR] LogOutputStream:75 - [STDERR_REDIRECT] Aug 17, 2026 9:23:42 PM java.util.prefs.FileSystemPreferences syncWorld
2026-08-17 21:23:42,695 [ERROR] LogOutputStream:75 - [STDERR_REDIRECT] WARNING: Couldn't flush system prefs: java.util.prefs.BackingStoreException: Couldn't get file lock.
2026-08-17 21:23:42,695 [ERROR] LogOutputStream:75 - [STDERR_REDIRECT] 
2026-08-17 21:24:12,694 [ERROR] LogOutputStream:75 - [STDERR_REDIRECT] Aug 17, 2026 9:24:12 PM java.util.prefs.FileSystemPreferences checkLockFile0ErrorCode
2026-08-17 21:24:12,695 [ERROR] LogOutputStream:75 - [STDERR_REDIRECT] WARNING: Could not lock System prefs. Unix error code 5.
2026-08-17 21:24:12,695 [ERROR] LogOutputStream:75 - [STDERR_REDIRECT] 
2026-08-17 21:24:12,695 [ERROR] LogOutputStream:75 - [STDERR_REDIRECT] Aug 17, 2026 9:24:12 PM java.util.prefs.FileSystemPreferences syncWorld
2026-08-17 21:24:12,695 [ERROR] LogOutputStream:75 - [STDERR_REDIRECT] WARNING: Couldn't flush system prefs: java.util.prefs.BackingStoreException: Couldn't get file lock.
2026-08-17 21:24:12,695 [ERROR] LogOutputStream:75 - [STDERR_REDIRECT] 
2026-08-17 21:24:42,696 [ERROR] LogOutputStream:75 - [STDERR_REDIRECT] Aug 17, 2026 9:24:42 PM java.util.prefs.FileSystemPreferences checkLockFile0ErrorCode
2026-08-17 21:24:42,696 [ERROR] LogOutputStream:75 - [STDERR_REDIRECT] WARNING: Could not lock System prefs. Unix error code 5.
2026-08-17 21:24:42,696 [ERROR] LogOutputStream:75 - [STDERR_REDIRECT] 
2026-08-17 21:24:42,696 [ERROR] LogOutputStream:75 - [STDERR_REDIRECT] Aug 17, 2026 9:24:42 PM java.util.prefs.FileSystemPreferences syncWorld
2026-08-17 21:24:42,697 [ERROR] LogOutputStream:75 - [STDERR_REDIRECT] WARNING: Couldn't flush system prefs: java.util.prefs.BackingStoreException: Couldn't get file lock.
2026-08-17 21:24:42,697 [ERROR] LogOutputStream:75 - [STDERR_REDIRECT] 
2026-08-17 21:25:12,694 [ERROR] LogOutputStream:75 - [STDERR_REDIRECT] Aug 17, 2026 9:25:12 PM java.util.prefs.FileSystemPreferences checkLockFile0ErrorCode
2026-08-17 21:25:12,695 [ERROR] LogOutputStream:75 - [STDERR_REDIRECT] WARNING: Could not lock System prefs. Unix error code 5.
2026-08-17 21:25:12,695 [ERROR] LogOutputStream:75 - [STDERR_REDIRECT] 
2026-08-17 21:25:12,695 [ERROR] LogOutputStream:75 - [STDERR_REDIRECT] Aug 17, 2026 9:25:12 PM java.util.prefs.FileSystemPreferences syncWorld
2026-08-17 21:25:12,695 [ERROR] LogOutputStream:75 - [STDERR_REDIRECT] WARNING: Couldn't flush system prefs: java.util.prefs.BackingStoreException: Couldn't get file lock.
2026-08-17 21:25:12,695 [ERROR] LogOutputStream:75 - [STDERR_REDIRECT] 
2026-08-17 21:25:42,694 [ERROR] LogOutputStream:75 - [STDERR_REDIRECT] Aug 17, 2026 9:25:42 PM java.util.prefs.FileSystemPreferences checkLockFile0ErrorCode
2026-08-17 21:25:42,695 [ERROR] LogOutputStream:75 - [STDERR_REDIRECT] WARNING: Could not lock System prefs. Unix error code 5.
2026-08-17 21:25:42,695 [ERROR] LogOutputStream:75 - [STDERR_REDIRECT] 
2026-08-17 21:25:42,695 [ERROR] LogOutputStream:75 - [STDERR_REDIRECT] Aug 17, 2026 9:25:42 PM java.util.prefs.FileSystemPreferences syncWorld
2026-08-17 21:25:42,695 [ERROR] LogOutputStream:75 - [STDERR_REDIRECT] WARNING: Couldn't flush system prefs: java.util.prefs.BackingStoreException: Couldn't get file lock.
2026-08-17 21:25:42,695 [ERROR] LogOutputStream:75 - [STDERR_REDIRECT] 
2026-08-17 21:26:12,695 [ERROR] LogOutputStream:75 - [STDERR_REDIRECT] Aug 17, 2026 9:26:12 PM java.util.prefs.FileSystemPreferences checkLockFile0ErrorCode
2026-08-17 21:26:12,695 [ERROR] LogOutputStream:75 - [STDERR_REDIRECT] WARNING: Could not lock System prefs. Unix error code 5.
2026-08-17 21:26:12,695 [ERROR] LogOutputStream:75 - [STDERR_REDIRECT] 
2026-08-17 21:26:12,696 [ERROR] LogOutputStream:75 - [STDERR_REDIRECT] Aug 17, 2026 9:26:12 PM java.util.prefs.FileSystemPreferences syncWorld
2026-08-17 21:26:12,696 [ERROR] LogOutputStream:75 - [STDERR_REDIRECT] WARNING: Couldn't flush system prefs: java.util.prefs.BackingStoreException: Couldn't get file lock.
2026-08-17 21:26:12,696 [ERROR] LogOutputStream:75 - [STDERR_REDIRECT] 
2026-08-17 21:26:42,695 [ERROR] LogOutputStream:75 - [STDERR_REDIRECT] Aug 17, 2026 9:26:42 PM java.util.prefs.FileSystemPreferences checkLockFile0ErrorCode
2026-08-17 21:26:42,695 [ERROR] LogOutputStream:75 - [STDERR_REDIRECT] WARNING: Could not lock System prefs. Unix error code 5.
2026-08-17 21:26:42,695 [ERROR] LogOutputStream:75 - [STDERR_REDIRECT] 
2026-08-17 21:26:42,696 [ERROR] LogOutputStream:75 - [STDERR_REDIRECT] Aug 17, 2026 9:26:42 PM java.util.prefs.FileSystemPreferences syncWorld
2026-08-17 21:26:42,696 [ERROR] LogOutputStream:75 - [STDERR_REDIRECT] WARNING: Couldn't flush system prefs: java.util.prefs.BackingStoreException: Couldn't get file lock.
2026-08-17 21:26:42,696 [ERROR] LogOutputStream:75 - [STDERR_REDIRECT] 
2026-08-17 21:27:12,695 [ERROR] LogOutputStream:75 - [STDERR_REDIRECT] Aug 17, 2026 9:27:12 PM java.util.prefs.FileSystemPreferences checkLockFile0ErrorCode
2026-08-17 21:27:12,695 [ERROR] LogOutputStream:75 - [STDERR_REDIRECT] WARNING: Could not lock System prefs. Unix error code 5.
2026-08-17 21:27:12,695 [ERROR] LogOutputStream:75 - [STDERR_REDIRECT] 
2026-08-17 21:27:12,695 [ERROR] LogOutputStream:75 - [STDERR_REDIRECT] Aug 17, 2026 9:27:12 PM java.util.prefs.FileSystemPreferences syncWorld
2026-08-17 21:27:12,696 [ERROR] LogOutputStream:75 - [STDERR_REDIRECT] WARNING: Couldn't flush system prefs: java.util.prefs.BackingStoreException: Couldn't get file lock.
2026-08-17 21:27:12,696 [ERROR] LogOutputStream:75 - [STDERR_REDIRECT] 
2026-08-17 21:27:42,695 [ERROR] LogOutputStream:75 - [STDERR_REDIRECT] Aug 17, 2026 9:27:42 PM java.util.prefs.FileSystemPreferences checkLockFile0ErrorCode
2026-08-17 21:27:42,695 [ERROR] LogOutputStream:75 - [STDERR_REDIRECT] WARNING: Could not lock System prefs. Unix error code 5.
2026-08-17 21:27:42,695 [ERROR] LogOutputStream:75 - [STDERR_REDIRECT] 
2026-08-17 21:27:42,695 [ERROR] LogOutputStream:75 - [STDERR_REDIRECT] Aug 17, 2026 9:27:42 PM java.util.prefs.FileSystemPreferences syncWorld
2026-08-17 21:27:42,695 [ERROR] LogOutputStream:75 - [STDERR_REDIRECT] WARNING: Couldn't flush system prefs: java.util.prefs.BackingStoreException: Couldn't get file lock.
2026-08-17 21:27:42,695 [ERROR] LogOutputStream:75 - [STDERR_REDIRECT] 
2026-08-17 21:28:12,696 [ERROR] LogOutputStream:75 - [STDERR_REDIRECT] Aug 17, 2026 9:28:12 PM java.util.prefs.FileSystemPreferences checkLockFile0ErrorCode
2026-08-17 21:28:12,696 [ERROR] LogOutputStream:75 - [STDERR_REDIRECT] WARNING: Could not lock System prefs. Unix error code 5.
2026-08-17 21:28:12,696 [ERROR] LogOutputStream:75 - [STDERR_REDIRECT] 
2026-08-17 21:28:12,696 [ERROR] LogOutputStream:75 - [STDERR_REDIRECT] Aug 17, 2026 9:28:12 PM java.util.prefs.FileSystemPreferences syncWorld
2026-08-17 21:28:12,696 [ERROR] LogOutputStream:75 - [STDERR_REDIRECT] WARNING: Couldn't flush system prefs: java.util.prefs.BackingStoreException: Couldn't get file lock.
2026-08-17 21:28:12,696 [ERROR] LogOutputStream:75 - [STDERR_REDIRECT] 
2026-08-17 21:28:42,696 [ERROR] LogOutputStream:75 - [STDERR_REDIRECT] Aug 17, 2026 9:28:42 PM java.util.prefs.FileSystemPreferences checkLockFile0ErrorCode
2026-08-17 21:28:42,696 [ERROR] LogOutputStream:75 - [STDERR_REDIRECT] WARNING: Could not lock System prefs. Unix error code 5.
2026-08-17 21:28:42,697 [ERROR] LogOutputStream:75 - [STDERR_REDIRECT] 
2026-08-17 21:28:42,698 [ERROR] LogOutputStream:75 - [STDERR_REDIRECT] Aug 17, 2026 9:28:42 PM java.util.prefs.FileSystemPreferences syncWorld
2026-08-17 21:28:42,698 [ERROR] LogOutputStream:75 - [STDERR_REDIRECT] WARNING: Couldn't flush system prefs: java.util.prefs.BackingStoreException: Couldn't get file lock.
2026-08-17 21:28:42,698 [ERROR] LogOutputStream:75 - [STDERR_REDIRECT] 
2026-08-17 21:29:12,695 [ERROR] LogOutputStream:75 - [STDERR_REDIRECT] Aug 17, 2026 9:29:12 PM java.util.prefs.FileSystemPreferences checkLockFile0ErrorCode
2026-08-17 21:29:12,696 [ERROR] LogOutputStream:75 - [STDERR_REDIRECT] WARNING: Could not lock System prefs. Unix error code 5.
2026-08-17 21:29:12,696 [ERROR] LogOutputStream:75 - [STDERR_REDIRECT] 
2026-08-17 21:29:12,696 [ERROR] LogOutputStream:75 - [STDERR_REDIRECT] Aug 17, 2026 9:29:12 PM java.util.prefs.FileSystemPreferences syncWorld
2026-08-17 21:29:12,696 [ERROR] LogOutputStream:75 - [STDERR_REDIRECT] WARNING: Couldn't flush system prefs: java.util.prefs.BackingStoreException: Couldn't get file lock.
2026-08-17 21:29:12,696 [ERROR] LogOutputStream:75 - [STDERR_REDIRECT] 
2026-08-17 21:29:42,696 [ERROR] LogOutputStream:75 - [STDERR_REDIRECT] Aug 17, 2026 9:29:42 PM java.util.prefs.FileSystemPreferences checkLockFile0ErrorCode
2026-08-17 21:29:42,696 [ERROR] LogOutputStream:75 - [STDERR_REDIRECT] WARNING: Could not lock System prefs. Unix error code 5.
2026-08-17 21:29:42,696 [ERROR] LogOutputStream:75 - [STDERR_REDIRECT] 
2026-08-17 21:29:42,696 [ERROR] LogOutputStream:75 - [STDERR_REDIRECT] Aug 17, 2026 9:29:42 PM java.util.prefs.FileSystemPreferences syncWorld
2026-08-17 21:29:42,696 [ERROR] LogOutputStream:75 - [STDERR_REDIRECT] WARNING: Couldn't flush system prefs: java.util.prefs.BackingStoreException: Couldn't get file lock.
2026-08-17 21:29:42,696 [ERROR] LogOutputStream:75 - [STDERR_REDIRECT] 
2026-08-17 21:30:12,698 [ERROR] LogOutputStream:75 - [STDERR_REDIRECT] Aug 17, 2026 9:30:12 PM java.util.prefs.FileSystemPreferences checkLockFile0ErrorCode
2026-08-17 21:30:12,698 [ERROR] LogOutputStream:75 - [STDERR_REDIRECT] WARNING: Could not lock System prefs. Unix error code 5.
2026-08-17 21:30:12,698 [ERROR] LogOutputStream:75 - [STDERR_REDIRECT] 
2026-08-17 21:30:12,699 [ERROR] LogOutputStream:75 - [STDERR_REDIRECT] Aug 17, 2026 9:30:12 PM java.util.prefs.FileSystemPreferences syncWorld
2026-08-17 21:30:12,699 [ERROR] LogOutputStream:75 - [STDERR_REDIRECT] WARNING: Couldn't flush system prefs: java.util.prefs.BackingStoreException: Couldn't get file lock.
2026-08-17 21:30:12,699 [ERROR] LogOutputStream:75 - [STDERR_REDIRECT] 
2026-08-17 21:30:42,698 [ERROR] LogOutputStream:75 - [STDERR_REDIRECT] Aug 17, 2026 9:30:42 PM java.util.prefs.FileSystemPreferences checkLockFile0ErrorCode
2026-08-17 21:30:42,698 [ERROR] LogOutputStream:75 - [STDERR_REDIRECT] WARNING: Could not lock System prefs. Unix error code 5.
2026-08-17 21:30:42,698 [ERROR] LogOutputStream:75 - [STDERR_REDIRECT] 
2026-08-17 21:30:42,699 [ERROR] LogOutputStream:75 - [STDERR_REDIRECT] Aug 17, 2026 9:30:42 PM java.util.prefs.FileSystemPreferences syncWorld
2026-08-17 21:30:42,699 [ERROR] LogOutputStream:75 - [STDERR_REDIRECT] WARNING: Couldn't flush system prefs: java.util.prefs.BackingStoreException: Couldn't get file lock.
2026-08-17 21:30:42,699 [ERROR] LogOutputStream:75 - [STDERR_REDIRECT] 
2026-08-17 21:31:12,698 [ERROR] LogOutputStream:75 - [STDERR_REDIRECT] Aug 17, 2026 9:31:12 PM java.util.prefs.FileSystemPreferences checkLockFile0ErrorCode
2026-08-17 21:31:12,699 [ERROR] LogOutputStream:75 - [STDERR_REDIRECT] WARNING: Could not lock System prefs. Unix error code 5.
2026-08-17 21:31:12,699 [ERROR] LogOutputStream:75 - [STDERR_REDIRECT] 
2026-08-17 21:31:12,699 [ERROR] LogOutputStream:75 - [STDERR_REDIRECT] Aug 17, 2026 9:31:12 PM java.util.prefs.FileSystemPreferences syncWorld
2026-08-17 21:31:12,699 [ERROR] LogOutputStream:75 - [STDERR_REDIRECT] WARNING: Couldn't flush system prefs: java.util.prefs.BackingStoreException: Couldn't get file lock.
2026-08-17 21:31:12,699 [ERROR] LogOutputStream:75 - [STDERR_REDIRECT] 
2026-08-17 21:31:42,698 [ERROR] LogOutputStream:75 - [STDERR_REDIRECT] Aug 17, 2026 9:31:42 PM java.util.prefs.FileSystemPreferences checkLockFile0ErrorCode
2026-08-17 21:31:42,698 [ERROR] LogOutputStream:75 - [STDERR_REDIRECT] WARNING: Could not lock System prefs. Unix error code 5.
2026-08-17 21:31:42,698 [ERROR] LogOutputStream:75 - [STDERR_REDIRECT] 
2026-08-17 21:31:42,698 [ERROR] LogOutputStream:75 - [STDERR_REDIRECT] Aug 17, 2026 9:31:42 PM java.util.prefs.FileSystemPreferences syncWorld
2026-08-17 21:31:42,698 [ERROR] LogOutputStream:75 - [STDERR_REDIRECT] WARNING: Couldn't flush system prefs: java.util.prefs.BackingStoreException: Couldn't get file lock.
2026-08-17 21:31:42,698 [ERROR] LogOutputStream:75 - [STDERR_REDIRECT] 
2026-08-17 21:32:12,698 [ERROR] LogOutputStream:75 - [STDERR_REDIRECT] Aug 17, 2026 9:32:12 PM java.util.prefs.FileSystemPreferences checkLockFile0ErrorCode
2026-08-17 21:32:12,698 [ERROR] LogOutputStream:75 - [STDERR_REDIRECT] WARNING: Could not lock System prefs. Unix error code 5.
2026-08-17 21:32:12,698 [ERROR] LogOutputStream:75 - [STDERR_REDIRECT] 
2026-08-17 21:32:12,698 [ERROR] LogOutputStream:75 - [STDERR_REDIRECT] Aug 17, 2026 9:32:12 PM java.util.prefs.FileSystemPreferences syncWorld
2026-08-17 21:32:12,698 [ERROR] LogOutputStream:75 - [STDERR_REDIRECT] WARNING: Couldn't flush system prefs: java.util.prefs.BackingStoreException: Couldn't get file lock.
2026-08-17 21:32:12,698 [ERROR] LogOutputStream:75 - [STDERR_REDIRECT] 
2026-08-17 21:32:42,698 [ERROR] LogOutputStream:75 - [STDERR_REDIRECT] Aug 17, 2026 9:32:42 PM java.util.prefs.FileSystemPreferences checkLockFile0ErrorCode
2026-08-17 21:32:42,699 [ERROR] LogOutputStream:75 - [STDERR_REDIRECT] WARNING: Could not lock System prefs. Unix error code 5.
2026-08-17 21:32:42,699 [ERROR] LogOutputStream:75 - [STDERR_REDIRECT] 
2026-08-17 21:32:42,699 [ERROR] LogOutputStream:75 - [STDERR_REDIRECT] Aug 17, 2026 9:32:42 PM java.util.prefs.FileSystemPreferences syncWorld
2026-08-17 21:32:42,699 [ERROR] LogOutputStream:75 - [STDERR_REDIRECT] WARNING: Couldn't flush system prefs: java.util.prefs.BackingStoreException: Couldn't get file lock.
2026-08-17 21:32:42,699 [ERROR] LogOutputStream:75 - [STDERR_REDIRECT] 
2026-08-17 21:33:12,699 [ERROR] LogOutputStream:75 - [STDERR_REDIRECT] Aug 17, 2026 9:33:12 PM java.util.prefs.FileSystemPreferences checkLockFile0ErrorCode
2026-08-17 21:33:12,699 [ERROR] LogOutputStream:75 - [STDERR_REDIRECT] WARNING: Could not lock System prefs. Unix error code 5.
2026-08-17 21:33:12,699 [ERROR] LogOutputStream:75 - [STDERR_REDIRECT] 
2026-08-17 21:33:12,699 [ERROR] LogOutputStream:75 - [STDERR_REDIRECT] Aug 17, 2026 9:33:12 PM java.util.prefs.FileSystemPreferences syncWorld
2026-08-17 21:33:12,699 [ERROR] LogOutputStream:75 - [STDERR_REDIRECT] WARNING: Couldn't flush system prefs: java.util.prefs.BackingStoreException: Couldn't get file lock.
2026-08-17 21:33:12,700 [ERROR] LogOutputStream:75 - [STDERR_REDIRECT] 
2026-08-17 21:33:42,700 [ERROR] LogOutputStream:75 - [STDERR_REDIRECT] Aug 17, 2026 9:33:42 PM java.util.prefs.FileSystemPreferences checkLockFile0ErrorCode
2026-08-17 21:33:42,700 [ERROR] LogOutputStream:75 - [STDERR_REDIRECT] WARNING: Could not lock System prefs. Unix error code 5.
2026-08-17 21:33:42,700 [ERROR] LogOutputStream:75 - [STDERR_REDIRECT] 
2026-08-17 21:33:42,700 [ERROR] LogOutputStream:75 - [STDERR_REDIRECT] Aug 17, 2026 9:33:42 PM java.util.prefs.FileSystemPreferences syncWorld
2026-08-17 21:33:42,700 [ERROR] LogOutputStream:75 - [STDERR_REDIRECT] WARNING: Couldn't flush system prefs: java.util.prefs.BackingStoreException: Couldn't get file lock.
2026-08-17 21:33:42,700 [ERROR] LogOutputStream:75 - [STDERR_REDIRECT] 
2026-08-17 21:34:12,699 [ERROR] LogOutputStream:75 - [STDERR_REDIRECT] Aug 17, 2026 9:34:12 PM java.util.prefs.FileSystemPreferences checkLockFile0ErrorCode
2026-08-17 21:34:12,699 [ERROR] LogOutputStream:75 - [STDERR_REDIRECT] WARNING: Could not lock System prefs. Unix error code 5.
2026-08-17 21:34:12,699 [ERROR] LogOutputStream:75 - [STDERR_REDIRECT] 
2026-08-17 21:34:12,700 [ERROR] LogOutputStream:75 - [STDERR_REDIRECT] Aug 17, 2026 9:34:12 PM java.util.prefs.FileSystemPreferences syncWorld
2026-08-17 21:34:12,700 [ERROR] LogOutputStream:75 - [STDERR_REDIRECT] WARNING: Couldn't flush system prefs: java.util.prefs.BackingStoreException: Couldn't get file lock.
2026-08-17 21:34:12,700 [ERROR] LogOutputStream:75 - [STDERR_REDIRECT] 
2026-08-17 21:34:42,700 [ERROR] LogOutputStream:75 - [STDERR_REDIRECT] Aug 17, 2026 9:34:42 PM java.util.prefs.FileSystemPreferences checkLockFile0ErrorCode
2026-08-17 21:34:42,700 [ERROR] LogOutputStream:75 - [STDERR_REDIRECT] WARNING: Could not lock System prefs. Unix error code 5.
2026-08-17 21:34:42,700 [ERROR] LogOutputStream:75 - [STDERR_REDIRECT] 
2026-08-17 21:34:42,700 [ERROR] LogOutputStream:75 - [STDERR_REDIRECT] Aug 17, 2026 9:34:42 PM java.util.prefs.FileSystemPreferences syncWorld
2026-08-17 21:34:42,701 [ERROR] LogOutputStream:75 - [STDERR_REDIRECT] WARNING: Couldn't flush system prefs: java.util.prefs.BackingStoreException: Couldn't get file lock.
2026-08-17 21:34:42,701 [ERROR] LogOutputStream:75 - [STDERR_REDIRECT] 
2026-08-17 21:35:12,701 [ERROR] LogOutputStream:75 - [STDERR_REDIRECT] Aug 17, 2026 9:35:12 PM java.util.prefs.FileSystemPreferences checkLockFile0ErrorCode
2026-08-17 21:35:12,701 [ERROR] LogOutputStream:75 - [STDERR_REDIRECT] WARNING: Could not lock System prefs. Unix error code 5.
2026-08-17 21:35:12,701 [ERROR] LogOutputStream:75 - [STDERR_REDIRECT] 
2026-08-17 21:35:12,701 [ERROR] LogOutputStream:75 - [STDERR_REDIRECT] Aug 17, 2026 9:35:12 PM java.util.prefs.FileSystemPreferences syncWorld
2026-08-17 21:35:12,701 [ERROR] LogOutputStream:75 - [STDERR_REDIRECT] WARNING: Couldn't flush system prefs: java.util.prefs.BackingStoreException: Couldn't get file lock.
2026-08-17 21:35:12,701 [ERROR] LogOutputStream:75 - [STDERR_REDIRECT] 
2026-08-17 21:35:42,701 [ERROR] LogOutputStream:75 - [STDERR_REDIRECT] Aug 17, 2026 9:35:42 PM java.util.prefs.FileSystemPreferences checkLockFile0ErrorCode
2026-08-17 21:35:42,701 [ERROR] LogOutputStream:75 - [STDERR_REDIRECT] WARNING: Could not lock System prefs. Unix error code 5.
2026-08-17 21:35:42,701 [ERROR] LogOutputStream:75 - [STDERR_REDIRECT] 
2026-08-17 21:35:42,701 [ERROR] LogOutputStream:75 - [STDERR_REDIRECT] Aug 17, 2026 9:35:42 PM java.util.prefs.FileSystemPreferences syncWorld
2026-08-17 21:35:42,701 [ERROR] LogOutputStream:75 - [STDERR_REDIRECT] WARNING: Couldn't flush system prefs: java.util.prefs.BackingStoreException: Couldn't get file lock.
2026-08-17 21:35:42,701 [ERROR] LogOutputStream:75 - [STDERR_REDIRECT] 
2026-08-17 21:36:12,702 [ERROR] LogOutputStream:75 - [STDERR_REDIRECT] Aug 17, 2026 9:36:12 PM java.util.prefs.FileSystemPreferences checkLockFile0ErrorCode
2026-08-17 21:36:12,702 [ERROR] LogOutputStream:75 - [STDERR_REDIRECT] WARNING: Could not lock System prefs. Unix error code 5.
2026-08-17 21:36:12,702 [ERROR] LogOutputStream:75 - [STDERR_REDIRECT] 
2026-08-17 21:36:12,703 [ERROR] LogOutputStream:75 - [STDERR_REDIRECT] Aug 17, 2026 9:36:12 PM java.util.prefs.FileSystemPreferences syncWorld
2026-08-17 21:36:12,703 [ERROR] LogOutputStream:75 - [STDERR_REDIRECT] WARNING: Couldn't flush system prefs: java.util.prefs.BackingStoreException: Couldn't get file lock.
2026-08-17 21:36:12,703 [ERROR] LogOutputStream:75 - [STDERR_REDIRECT] 
2026-08-17 21:36:42,702 [ERROR] LogOutputStream:75 - [STDERR_REDIRECT] Aug 17, 2026 9:36:42 PM java.util.prefs.FileSystemPreferences checkLockFile0ErrorCode
2026-08-17 21:36:42,702 [ERROR] LogOutputStream:75 - [STDERR_REDIRECT] WARNING: Could not lock System prefs. Unix error code 5.
2026-08-17 21:36:42,702 [ERROR] LogOutputStream:75 - [STDERR_REDIRECT] 
2026-08-17 21:36:42,703 [ERROR] LogOutputStream:75 - [STDERR_REDIRECT] Aug 17, 2026 9:36:42 PM java.util.prefs.FileSystemPreferences syncWorld
2026-08-17 21:36:42,703 [ERROR] LogOutputStream:75 - [STDERR_REDIRECT] WARNING: Couldn't flush system prefs: java.util.prefs.BackingStoreException: Couldn't get file lock.
2026-08-17 21:36:42,703 [ERROR] LogOutputStream:75 - [STDERR_REDIRECT] 
2026-08-17 21:37:12,701 [ERROR] LogOutputStream:75 - [STDERR_REDIRECT] Aug 17, 2026 9:37:12 PM java.util.prefs.FileSystemPreferences checkLockFile0ErrorCode
2026-08-17 21:37:12,702 [ERROR] LogOutputStream:75 - [STDERR_REDIRECT] WARNING: Could not lock System prefs. Unix error code 5.
2026-08-17 21:37:12,702 [ERROR] LogOutputStream:75 - [STDERR_REDIRECT] 
2026-08-17 21:37:12,702 [ERROR] LogOutputStream:75 - [STDERR_REDIRECT] Aug 17, 2026 9:37:12 PM java.util.prefs.FileSystemPreferences syncWorld
2026-08-17 21:37:12,702 [ERROR] LogOutputStream:75 - [STDERR_REDIRECT] WARNING: Couldn't flush system prefs: java.util.prefs.BackingStoreException: Couldn't get file lock.
2026-08-17 21:37:12,702 [ERROR] LogOutputStream:75 - [STDERR_REDIRECT] 
2026-08-17 21:37:42,702 [ERROR] LogOutputStream:75 - [STDERR_REDIRECT] Aug 17, 2026 9:37:42 PM java.util.prefs.FileSystemPreferences checkLockFile0ErrorCode
2026-08-17 21:37:42,702 [ERROR] LogOutputStream:75 - [STDERR_REDIRECT] WARNING: Could not lock System prefs. Unix error code 5.
2026-08-17 21:37:42,702 [ERROR] LogOutputStream:75 - [STDERR_REDIRECT] 
2026-08-17 21:37:42,702 [ERROR] LogOutputStream:75 - [STDERR_REDIRECT] Aug 17, 2026 9:37:42 PM java.util.prefs.FileSystemPreferences syncWorld
2026-08-17 21:37:42,702 [ERROR] LogOutputStream:75 - [STDERR_REDIRECT] WARNING: Couldn't flush system prefs: java.util.prefs.BackingStoreException: Couldn't get file lock.
2026-08-17 21:37:42,703 [ERROR] LogOutputStream:75 - [STDERR_REDIRECT] 
2026-08-17 21:38:12,701 [ERROR] LogOutputStream:75 - [STDERR_REDIRECT] Aug 17, 2026 9:38:12 PM java.util.prefs.FileSystemPreferences checkLockFile0ErrorCode
2026-08-17 21:38:12,701 [ERROR] LogOutputStream:75 - [STDERR_REDIRECT] WARNING: Could not lock System prefs. Unix error code 5.
2026-08-17 21:38:12,701 [ERROR] LogOutputStream:75 - [STDERR_REDIRECT] 
2026-08-17 21:38:12,702 [ERROR] LogOutputStream:75 - [STDERR_REDIRECT] Aug 17, 2026 9:38:12 PM java.util.prefs.FileSystemPreferences syncWorld
2026-08-17 21:38:12,702 [ERROR] LogOutputStream:75 - [STDERR_REDIRECT] WARNING: Couldn't flush system prefs: java.util.prefs.BackingStoreException: Couldn't get file lock.
2026-08-17 21:38:12,702 [ERROR] LogOutputStream:75 - [STDERR_REDIRECT] 
2026-08-17 21:38:42,702 [ERROR] LogOutputStream:75 - [STDERR_REDIRECT] Aug 17, 2026 9:38:42 PM java.util.prefs.FileSystemPreferences checkLockFile0ErrorCode
2026-08-17 21:38:42,702 [ERROR] LogOutputStream:75 - [STDERR_REDIRECT] WARNING: Could not lock System prefs. Unix error code 5.
2026-08-17 21:38:42,702 [ERROR] LogOutputStream:75 - [STDERR_REDIRECT] 
2026-08-17 21:38:42,702 [ERROR] LogOutputStream:75 - [STDERR_REDIRECT] Aug 17, 2026 9:38:42 PM java.util.prefs.FileSystemPreferences syncWorld
2026-08-17 21:38:42,702 [ERROR] LogOutputStream:75 - [STDERR_REDIRECT] WARNING: Couldn't flush system prefs: java.util.prefs.BackingStoreException: Couldn't get file lock.
2026-08-17 21:38:42,703 [ERROR] LogOutputStream:75 - [STDERR_REDIRECT] 
2026-08-17 21:39:12,702 [ERROR] LogOutputStream:75 - [STDERR_REDIRECT] Aug 17, 2026 9:39:12 PM java.util.prefs.FileSystemPreferences checkLockFile0ErrorCode
2026-08-17 21:39:12,702 [ERROR] LogOutputStream:75 - [STDERR_REDIRECT] WARNING: Could not lock System prefs. Unix error code 5.
2026-08-17 21:39:12,702 [ERROR] LogOutputStream:75 - [STDERR_REDIRECT] 
2026-08-17 21:39:12,702 [ERROR] LogOutputStream:75 - [STDERR_REDIRECT] Aug 17, 2026 9:39:12 PM java.util.prefs.FileSystemPreferences syncWorld
2026-08-17 21:39:12,702 [ERROR] LogOutputStream:75 - [STDERR_REDIRECT] WARNING: Couldn't flush system prefs: java.util.prefs.BackingStoreException: Couldn't get file lock.
2026-08-17 21:39:12,702 [ERROR] LogOutputStream:75 - [STDERR_REDIRECT] 
2026-08-17 21:39:42,703 [ERROR] LogOutputStream:75 - [STDERR_REDIRECT] Aug 17, 2026 9:39:42 PM java.util.prefs.FileSystemPreferences checkLockFile0ErrorCode
2026-08-17 21:39:42,703 [ERROR] LogOutputStream:75 - [STDERR_REDIRECT] WARNING: Could not lock System prefs. Unix error code 5.
2026-08-17 21:39:42,703 [ERROR] LogOutputStream:75 - [STDERR_REDIRECT] 
2026-08-17 21:39:42,703 [ERROR] LogOutputStream:75 - [STDERR_REDIRECT] Aug 17, 2026 9:39:42 PM java.util.prefs.FileSystemPreferences syncWorld
2026-08-17 21:39:42,703 [ERROR] LogOutputStream:75 - [STDERR_REDIRECT] WARNING: Couldn't flush system prefs: java.util.prefs.BackingStoreException: Couldn't get file lock.
2026-08-17 21:39:42,703 [ERROR] LogOutputStream:75 - [STDERR_REDIRECT] 
2026-08-17 21:40:12,704 [ERROR] LogOutputStream:75 - [STDERR_REDIRECT] Aug 17, 2026 9:40:12 PM java.util.prefs.FileSystemPreferences checkLockFile0ErrorCode
2026-08-17 21:40:12,704 [ERROR] LogOutputStream:75 - [STDERR_REDIRECT] WARNING: Could not lock System prefs. Unix error code 5.
2026-08-17 21:40:12,704 [ERROR] LogOutputStream:75 - [STDERR_REDIRECT] 
2026-08-17 21:40:12,704 [ERROR] LogOutputStream:75 - [STDERR_REDIRECT] Aug 17, 2026 9:40:12 PM java.util.prefs.FileSystemPreferences syncWorld
2026-08-17 21:40:12,704 [ERROR] LogOutputStream:75 - [STDERR_REDIRECT] WARNING: Couldn't flush system prefs: java.util.prefs.BackingStoreException: Couldn't get file lock.
2026-08-17 21:40:12,704 [ERROR] LogOutputStream:75 - [STDERR_REDIRECT] 
2026-08-17 21:40:42,706 [ERROR] LogOutputStream:75 - [STDERR_REDIRECT] Aug 17, 2026 9:40:42 PM java.util.prefs.FileSystemPreferences checkLockFile0ErrorCode
2026-08-17 21:40:42,706 [ERROR] LogOutputStream:75 - [STDERR_REDIRECT] WARNING: Could not lock System prefs. Unix error code 5.
2026-08-17 21:40:42,706 [ERROR] LogOutputStream:75 - [STDERR_REDIRECT] 
2026-08-17 21:40:42,706 [ERROR] LogOutputStream:75 - [STDERR_REDIRECT] Aug 17, 2026 9:40:42 PM java.util.prefs.FileSystemPreferences syncWorld
2026-08-17 21:40:42,707 [ERROR] LogOutputStream:75 - [STDERR_REDIRECT] WARNING: Couldn't flush system prefs: java.util.prefs.BackingStoreException: Couldn't get file lock.
2026-08-17 21:40:42,707 [ERROR] LogOutputStream:75 - [STDERR_REDIRECT] 
2026-08-17 21:41:12,704 [ERROR] LogOutputStream:75 - [STDERR_REDIRECT] Aug 17, 2026 9:41:12 PM java.util.prefs.FileSystemPreferences checkLockFile0ErrorCode
2026-08-17 21:41:12,704 [ERROR] LogOutputStream:75 - [STDERR_REDIRECT] WARNING: Could not lock System prefs. Unix error code 5.
2026-08-17 21:41:12,704 [ERROR] LogOutputStream:75 - [STDERR_REDIRECT] 
2026-08-17 21:41:12,704 [ERROR] LogOutputStream:75 - [STDERR_REDIRECT] Aug 17, 2026 9:41:12 PM java.util.prefs.FileSystemPreferences syncWorld
2026-08-17 21:41:12,704 [ERROR] LogOutputStream:75 - [STDERR_REDIRECT] WARNING: Couldn't flush system prefs: java.util.prefs.BackingStoreException: Couldn't get file lock.
2026-08-17 21:41:12,704 [ERROR] LogOutputStream:75 - [STDERR_REDIRECT] 
2026-08-17 21:41:42,704 [ERROR] LogOutputStream:75 - [STDERR_REDIRECT] Aug 17, 2026 9:41:42 PM java.util.prefs.FileSystemPreferences checkLockFile0ErrorCode
2026-08-17 21:41:42,704 [ERROR] LogOutputStream:75 - [STDERR_REDIRECT] WARNING: Could not lock System prefs. Unix error code 5.
2026-08-17 21:41:42,704 [ERROR] LogOutputStream:75 - [STDERR_REDIRECT] 
2026-08-17 21:41:42,705 [ERROR] LogOutputStream:75 - [STDERR_REDIRECT] Aug 17, 2026 9:41:42 PM java.util.prefs.FileSystemPreferences syncWorld
2026-08-17 21:41:42,705 [ERROR] LogOutputStream:75 - [STDERR_REDIRECT] WARNING: Couldn't flush system prefs: java.util.prefs.BackingStoreException: Couldn't get file lock.
2026-08-17 21:41:42,705 [ERROR] LogOutputStream:75 - [STDERR_REDIRECT] 
2026-08-17 21:42:12,705 [ERROR] LogOutputStream:75 - [STDERR_REDIRECT] Aug 17, 2026 9:42:12 PM java.util.prefs.FileSystemPreferences checkLockFile0ErrorCode
2026-08-17 21:42:12,705 [ERROR] LogOutputStream:75 - [STDERR_REDIRECT] WARNING: Could not lock System prefs. Unix error code 5.
2026-08-17 21:42:12,705 [ERROR] LogOutputStream:75 - [STDERR_REDIRECT] 
2026-08-17 21:42:12,705 [ERROR] LogOutputStream:75 - [STDERR_REDIRECT] Aug 17, 2026 9:42:12 PM java.util.prefs.FileSystemPreferences syncWorld
2026-08-17 21:42:12,706 [ERROR] LogOutputStream:75 - [STDERR_REDIRECT] WARNING: Couldn't flush system prefs: java.util.prefs.BackingStoreException: Couldn't get file lock.
2026-08-17 21:42:12,706 [ERROR] LogOutputStream:75 - [STDERR_REDIRECT] 
2026-08-17 21:42:42,704 [ERROR] LogOutputStream:75 - [STDERR_REDIRECT] Aug 17, 2026 9:42:42 PM java.util.prefs.FileSystemPreferences checkLockFile0ErrorCode
2026-08-17 21:42:42,705 [ERROR] LogOutputStream:75 - [STDERR_REDIRECT] WARNING: Could not lock System prefs. Unix error code 5.
2026-08-17 21:42:42,705 [ERROR] LogOutputStream:75 - [STDERR_REDIRECT] 
2026-08-17 21:42:42,705 [ERROR] LogOutputStream:75 - [STDERR_REDIRECT] Aug 17, 2026 9:42:42 PM java.util.prefs.FileSystemPreferences syncWorld
2026-08-17 21:42:42,706 [ERROR] LogOutputStream:75 - [STDERR_REDIRECT] WARNING: Couldn't flush system prefs: java.util.prefs.BackingStoreException: Couldn't get file lock.
2026-08-17 21:42:42,706 [ERROR] LogOutputStream:75 - [STDERR_REDIRECT] 
2026-08-17 21:43:12,705 [ERROR] LogOutputStream:75 - [STDERR_REDIRECT] Aug 17, 2026 9:43:12 PM java.util.prefs.FileSystemPreferences checkLockFile0ErrorCode
2026-08-17 21:43:12,705 [ERROR] LogOutputStream:75 - [STDERR_REDIRECT] WARNING: Could not lock System prefs. Unix error code 5.
2026-08-17 21:43:12,705 [ERROR] LogOutputStream:75 - [STDERR_REDIRECT] 
2026-08-17 21:43:12,706 [ERROR] LogOutputStream:75 - [STDERR_REDIRECT] Aug 17, 2026 9:43:12 PM java.util.prefs.FileSystemPreferences syncWorld
2026-08-17 21:43:12,706 [ERROR] LogOutputStream:75 - [STDERR_REDIRECT] WARNING: Couldn't flush system prefs: java.util.prefs.BackingStoreException: Couldn't get file lock.
2026-08-17 21:43:12,706 [ERROR] LogOutputStream:75 - [STDERR_REDIRECT] 
2026-08-17 21:43:42,704 [ERROR] LogOutputStream:75 - [STDERR_REDIRECT] Aug 17, 2026 9:43:42 PM java.util.prefs.FileSystemPreferences checkLockFile0ErrorCode
2026-08-17 21:43:42,705 [ERROR] LogOutputStream:75 - [STDERR_REDIRECT] WARNING: Could not lock System prefs. Unix error code 5.
2026-08-17 21:43:42,705 [ERROR] LogOutputStream:75 - [STDERR_REDIRECT] 
2026-08-17 21:43:42,705 [ERROR] LogOutputStream:75 - [STDERR_REDIRECT] Aug 17, 2026 9:43:42 PM java.util.prefs.FileSystemPreferences syncWorld
2026-08-17 21:43:42,705 [ERROR] LogOutputStream:75 - [STDERR_REDIRECT] WARNING: Couldn't flush system prefs: java.util.prefs.BackingStoreException: Couldn't get file lock.
2026-08-17 21:43:42,705 [ERROR] LogOutputStream:75 - [STDERR_REDIRECT] 
2026-08-17 21:44:12,705 [ERROR] LogOutputStream:75 - [STDERR_REDIRECT] Aug 17, 2026 9:44:12 PM java.util.prefs.FileSystemPreferences checkLockFile0ErrorCode
2026-08-17 21:44:12,705 [ERROR] LogOutputStream:75 - [STDERR_REDIRECT] WARNING: Could not lock System prefs. Unix error code 5.
2026-08-17 21:44:12,706 [ERROR] LogOutputStream:75 - [STDERR_REDIRECT] 
2026-08-17 21:44:12,706 [ERROR] LogOutputStream:75 - [STDERR_REDIRECT] Aug 17, 2026 9:44:12 PM java.util.prefs.FileSystemPreferences syncWorld
2026-08-17 21:44:12,706 [ERROR] LogOutputStream:75 - [STDERR_REDIRECT] WARNING: Couldn't flush system prefs: java.util.prefs.BackingStoreException: Couldn't get file lock.
2026-08-17 21:44:12,706 [ERROR] LogOutputStream:75 - [STDERR_REDIRECT] 
2026-08-17 21:44:42,705 [ERROR] LogOutputStream:75 - [STDERR_REDIRECT] Aug 17, 2026 9:44:42 PM java.util.prefs.FileSystemPreferences checkLockFile0ErrorCode
2026-08-17 21:44:42,706 [ERROR] LogOutputStream:75 - [STDERR_REDIRECT] WARNING: Could not lock System prefs. Unix error code 5.
2026-08-17 21:44:42,706 [ERROR] LogOutputStream:75 - [STDERR_REDIRECT] 
2026-08-17 21:44:42,708 [ERROR] LogOutputStream:75 - [STDERR_REDIRECT] Aug 17, 2026 9:44:42 PM java.util.prefs.FileSystemPreferences syncWorld
2026-08-17 21:44:42,709 [ERROR] LogOutputStream:75 - [STDERR_REDIRECT] WARNING: Couldn't flush system prefs: java.util.prefs.BackingStoreException: Couldn't get file lock.
2026-08-17 21:44:42,709 [ERROR] LogOutputStream:75 - [STDERR_REDIRECT] 
2026-08-17 21:45:12,705 [ERROR] LogOutputStream:75 - [STDERR_REDIRECT] Aug 17, 2026 9:45:12 PM java.util.prefs.FileSystemPreferences checkLockFile0ErrorCode
2026-08-17 21:45:12,706 [ERROR] LogOutputStream:75 - [STDERR_REDIRECT] WARNING: Could not lock System prefs. Unix error code 5.
2026-08-17 21:45:12,706 [ERROR] LogOutputStream:75 - [STDERR_REDIRECT] 
2026-08-17 21:45:12,707 [ERROR] LogOutputStream:75 - [STDERR_REDIRECT] Aug 17, 2026 9:45:12 PM java.util.prefs.FileSystemPreferences syncWorld
2026-08-17 21:45:12,707 [ERROR] LogOutputStream:75 - [STDERR_REDIRECT] WARNING: Couldn't flush system prefs: java.util.prefs.BackingStoreException: Couldn't get file lock.
2026-08-17 21:45:12,707 [ERROR] LogOutputStream:75 - [STDERR_REDIRECT] 
2026-08-17 21:45:42,705 [ERROR] LogOutputStream:75 - [STDERR_REDIRECT] Aug 17, 2026 9:45:42 PM java.util.prefs.FileSystemPreferences checkLockFile0ErrorCode
2026-08-17 21:45:42,705 [ERROR] LogOutputStream:75 - [STDERR_REDIRECT] WARNING: Could not lock System prefs. Unix error code 5.
2026-08-17 21:45:42,705 [ERROR] LogOutputStream:75 - [STDERR_REDIRECT] 
2026-08-17 21:45:42,706 [ERROR] LogOutputStream:75 - [STDERR_REDIRECT] Aug 17, 2026 9:45:42 PM java.util.prefs.FileSystemPreferences syncWorld
2026-08-17 21:45:42,706 [ERROR] LogOutputStream:75 - [STDERR_REDIRECT] WARNING: Couldn't flush system prefs: java.util.prefs.BackingStoreException: Couldn't get file lock.
2026-08-17 21:45:42,706 [ERROR] LogOutputStream:75 - [STDERR_REDIRECT] 
2026-08-17 21:46:12,704 [ERROR] LogOutputStream:75 - [STDERR_REDIRECT] Aug 17, 2026 9:46:12 PM java.util.prefs.FileSystemPreferences checkLockFile0ErrorCode
2026-08-17 21:46:12,704 [ERROR] LogOutputStream:75 - [STDERR_REDIRECT] WARNING: Could not lock System prefs. Unix error code 5.
2026-08-17 21:46:12,705 [ERROR] LogOutputStream:75 - [STDERR_REDIRECT] 
2026-08-17 21:46:12,705 [ERROR] LogOutputStream:75 - [STDERR_REDIRECT] Aug 17, 2026 9:46:12 PM java.util.prefs.FileSystemPreferences syncWorld
2026-08-17 21:46:12,705 [ERROR] LogOutputStream:75 - [STDERR_REDIRECT] WARNING: Couldn't flush system prefs: java.util.prefs.BackingStoreException: Couldn't get file lock.
2026-08-17 21:46:12,705 [ERROR] LogOutputStream:75 - [STDERR_REDIRECT] 
2026-08-17 21:46:42,704 [ERROR] LogOutputStream:75 - [STDERR_REDIRECT] Aug 17, 2026 9:46:42 PM java.util.prefs.FileSystemPreferences checkLockFile0ErrorCode
2026-08-17 21:46:42,704 [ERROR] LogOutputStream:75 - [STDERR_REDIRECT] WARNING: Could not lock System prefs. Unix error code 5.
2026-08-17 21:46:42,705 [ERROR] LogOutputStream:75 - [STDERR_REDIRECT] 
2026-08-17 21:46:42,705 [ERROR] LogOutputStream:75 - [STDERR_REDIRECT] Aug 17, 2026 9:46:42 PM java.util.prefs.FileSystemPreferences syncWorld
2026-08-17 21:46:42,705 [ERROR] LogOutputStream:75 - [STDERR_REDIRECT] WARNING: Couldn't flush system prefs: java.util.prefs.BackingStoreException: Couldn't get file lock.
2026-08-17 21:46:42,705 [ERROR] LogOutputStream:75 - [STDERR_REDIRECT] 
2026-08-17 21:47:12,705 [ERROR] LogOutputStream:75 - [STDERR_REDIRECT] Aug 17, 2026 9:47:12 PM java.util.prefs.FileSystemPreferences checkLockFile0ErrorCode
2026-08-17 21:47:12,708 [ERROR] LogOutputStream:75 - [STDERR_REDIRECT] WARNING: Could not lock System prefs. Unix error code 5.
2026-08-17 21:47:12,708 [ERROR] LogOutputStream:75 - [STDERR_REDIRECT] 
2026-08-17 21:47:12,708 [ERROR] LogOutputStream:75 - [STDERR_REDIRECT] Aug 17, 2026 9:47:12 PM java.util.prefs.FileSystemPreferences syncWorld
2026-08-17 21:47:12,708 [ERROR] LogOutputStream:75 - [STDERR_REDIRECT] WARNING: Couldn't flush system prefs: java.util.prefs.BackingStoreException: Couldn't get file lock.
2026-08-17 21:47:12,708 [ERROR] LogOutputStream:75 - [STDERR_REDIRECT] 
2026-08-17 21:47:42,705 [ERROR] LogOutputStream:75 - [STDERR_REDIRECT] Aug 17, 2026 9:47:42 PM java.util.prefs.FileSystemPreferences checkLockFile0ErrorCode
2026-08-17 21:47:42,705 [ERROR] LogOutputStream:75 - [STDERR_REDIRECT] WARNING: Could not lock System prefs. Unix error code 5.
2026-08-17 21:47:42,706 [ERROR] LogOutputStream:75 - [STDERR_REDIRECT] 
2026-08-17 21:47:42,706 [ERROR] LogOutputStream:75 - [STDERR_REDIRECT] Aug 17, 2026 9:47:42 PM java.util.prefs.FileSystemPreferences syncWorld
2026-08-17 21:47:42,706 [ERROR] LogOutputStream:75 - [STDERR_REDIRECT] WARNING: Couldn't flush system prefs: java.util.prefs.BackingStoreException: Couldn't get file lock.
2026-08-17 21:47:42,706 [ERROR] LogOutputStream:75 - [STDERR_REDIRECT] 
2026-08-17 21:48:12,705 [ERROR] LogOutputStream:75 - [STDERR_REDIRECT] Aug 17, 2026 9:48:12 PM java.util.prefs.FileSystemPreferences checkLockFile0ErrorCode
2026-08-17 21:48:12,706 [ERROR] LogOutputStream:75 - [STDERR_REDIRECT] WARNING: Could not lock System prefs. Unix error code 5.
2026-08-17 21:48:12,706 [ERROR] LogOutputStream:75 - [STDERR_REDIRECT] 
2026-08-17 21:48:12,706 [ERROR] LogOutputStream:75 - [STDERR_REDIRECT] Aug 17, 2026 9:48:12 PM java.util.prefs.FileSystemPreferences syncWorld
2026-08-17 21:48:12,706 [ERROR] LogOutputStream:75 - [STDERR_REDIRECT] WARNING: Couldn't flush system prefs: java.util.prefs.BackingStoreException: Couldn't get file lock.
2026-08-17 21:48:12,706 [ERROR] LogOutputStream:75 - [STDERR_REDIRECT] 
2026-08-17 21:48:42,707 [ERROR] LogOutputStream:75 - [STDERR_REDIRECT] Aug 17, 2026 9:48:42 PM java.util.prefs.FileSystemPreferences checkLockFile0ErrorCode
2026-08-17 21:48:42,707 [ERROR] LogOutputStream:75 - [STDERR_REDIRECT] WARNING: Could not lock System prefs. Unix error code 5.
2026-08-17 21:48:42,707 [ERROR] LogOutputStream:75 - [STDERR_REDIRECT] 
2026-08-17 21:48:42,707 [ERROR] LogOutputStream:75 - [STDERR_REDIRECT] Aug 17, 2026 9:48:42 PM java.util.prefs.FileSystemPreferences syncWorld
2026-08-17 21:48:42,707 [ERROR] LogOutputStream:75 - [STDERR_REDIRECT] WARNING: Couldn't flush system prefs: java.util.prefs.BackingStoreException: Couldn't get file lock.
2026-08-17 21:48:42,707 [ERROR] LogOutputStream:75 - [STDERR_REDIRECT] 
2026-08-17 21:49:12,707 [ERROR] LogOutputStream:75 - [STDERR_REDIRECT] Aug 17, 2026 9:49:12 PM java.util.prefs.FileSystemPreferences checkLockFile0ErrorCode
2026-08-17 21:49:12,708 [ERROR] LogOutputStream:75 - [STDERR_REDIRECT] WARNING: Could not lock System prefs. Unix error code 5.
2026-08-17 21:49:12,708 [ERROR] LogOutputStream:75 - [STDERR_REDIRECT] 
2026-08-17 21:49:12,709 [ERROR] LogOutputStream:75 - [STDERR_REDIRECT] Aug 17, 2026 9:49:12 PM java.util.prefs.FileSystemPreferences syncWorld
2026-08-17 21:49:12,709 [ERROR] LogOutputStream:75 - [STDERR_REDIRECT] WARNING: Couldn't flush system prefs: java.util.prefs.BackingStoreException: Couldn't get file lock.
2026-08-17 21:49:12,709 [ERROR] LogOutputStream:75 - [STDERR_REDIRECT] 
2026-08-17 21:49:42,707 [ERROR] LogOutputStream:75 - [STDERR_REDIRECT] Aug 17, 2026 9:49:42 PM java.util.prefs.FileSystemPreferences checkLockFile0ErrorCode
2026-08-17 21:49:42,708 [ERROR] LogOutputStream:75 - [STDERR_REDIRECT] WARNING: Could not lock System prefs. Unix error code 5.
2026-08-17 21:49:42,708 [ERROR] LogOutputStream:75 - [STDERR_REDIRECT] 
2026-08-17 21:49:42,708 [ERROR] LogOutputStream:75 - [STDERR_REDIRECT] Aug 17, 2026 9:49:42 PM java.util.prefs.FileSystemPreferences syncWorld
2026-08-17 21:49:42,708 [ERROR] LogOutputStream:75 - [STDERR_REDIRECT] WARNING: Couldn't flush system prefs: java.util.prefs.BackingStoreException: Couldn't get file lock.
2026-08-17 21:49:42,708 [ERROR] LogOutputStream:75 - [STDERR_REDIRECT] 
2026-08-17 21:50:12,708 [ERROR] LogOutputStream:75 - [STDERR_REDIRECT] Aug 17, 2026 9:50:12 PM java.util.prefs.FileSystemPreferences checkLockFile0ErrorCode
2026-08-17 21:50:12,708 [ERROR] LogOutputStream:75 - [STDERR_REDIRECT] WARNING: Could not lock System prefs. Unix error code 5.
2026-08-17 21:50:12,708 [ERROR] LogOutputStream:75 - [STDERR_REDIRECT] 
2026-08-17 21:50:12,709 [ERROR] LogOutputStream:75 - [STDERR_REDIRECT] Aug 17, 2026 9:50:12 PM java.util.prefs.FileSystemPreferences syncWorld
2026-08-17 21:50:12,709 [ERROR] LogOutputStream:75 - [STDERR_REDIRECT] WARNING: Couldn't flush system prefs: java.util.prefs.BackingStoreException: Couldn't get file lock.
2026-08-17 21:50:12,709 [ERROR] LogOutputStream:75 - [STDERR_REDIRECT] 
2026-08-17 21:50:42,708 [ERROR] LogOutputStream:75 - [STDERR_REDIRECT] Aug 17, 2026 9:50:42 PM java.util.prefs.FileSystemPreferences checkLockFile0ErrorCode
2026-08-17 21:50:42,709 [ERROR] LogOutputStream:75 - [STDERR_REDIRECT] WARNING: Could not lock System prefs. Unix error code 5.
2026-08-17 21:50:42,709 [ERROR] LogOutputStream:75 - [STDERR_REDIRECT] 
2026-08-17 21:50:42,709 [ERROR] LogOutputStream:75 - [STDERR_REDIRECT] Aug 17, 2026 9:50:42 PM java.util.prefs.FileSystemPreferences syncWorld
2026-08-17 21:50:42,709 [ERROR] LogOutputStream:75 - [STDERR_REDIRECT] WARNING: Couldn't flush system prefs: java.util.prefs.BackingStoreException: Couldn't get file lock.
2026-08-17 21:50:42,709 [ERROR] LogOutputStream:75 - [STDERR_REDIRECT] 
2026-08-17 21:51:12,708 [ERROR] LogOutputStream:75 - [STDERR_REDIRECT] Aug 17, 2026 9:51:12 PM java.util.prefs.FileSystemPreferences checkLockFile0ErrorCode
2026-08-17 21:51:12,709 [ERROR] LogOutputStream:75 - [STDERR_REDIRECT] WARNING: Could not lock System prefs. Unix error code 5.
2026-08-17 21:51:12,709 [ERROR] LogOutputStream:75 - [STDERR_REDIRECT] 
2026-08-17 21:51:12,709 [ERROR] LogOutputStream:75 - [STDERR_REDIRECT] Aug 17, 2026 9:51:12 PM java.util.prefs.FileSystemPreferences syncWorld
2026-08-17 21:51:12,709 [ERROR] LogOutputStream:75 - [STDERR_REDIRECT] WARNING: Couldn't flush system prefs: java.util.prefs.BackingStoreException: Couldn't get file lock.
2026-08-17 21:51:12,709 [ERROR] LogOutputStream:75 - [STDERR_REDIRECT] 
2026-08-17 21:51:42,709 [ERROR] LogOutputStream:75 - [STDERR_REDIRECT] Aug 17, 2026 9:51:42 PM java.util.prefs.FileSystemPreferences checkLockFile0ErrorCode
2026-08-17 21:51:42,709 [ERROR] LogOutputStream:75 - [STDERR_REDIRECT] WARNING: Could not lock System prefs. Unix error code 5.
2026-08-17 21:51:42,709 [ERROR] LogOutputStream:75 - [STDERR_REDIRECT] 
2026-08-17 21:51:42,710 [ERROR] LogOutputStream:75 - [STDERR_REDIRECT] Aug 17, 2026 9:51:42 PM java.util.prefs.FileSystemPreferences syncWorld
2026-08-17 21:51:42,710 [ERROR] LogOutputStream:75 - [STDERR_REDIRECT] WARNING: Couldn't flush system prefs: java.util.prefs.BackingStoreException: Couldn't get file lock.
2026-08-17 21:51:42,710 [ERROR] LogOutputStream:75 - [STDERR_REDIRECT] 
2026-08-17 21:52:12,708 [ERROR] LogOutputStream:75 - [STDERR_REDIRECT] Aug 17, 2026 9:52:12 PM java.util.prefs.FileSystemPreferences checkLockFile0ErrorCode
2026-08-17 21:52:12,708 [ERROR] LogOutputStream:75 - [STDERR_REDIRECT] WARNING: Could not lock System prefs. Unix error code 5.
2026-08-17 21:52:12,708 [ERROR] LogOutputStream:75 - [STDERR_REDIRECT] 
2026-08-17 21:52:12,709 [ERROR] LogOutputStream:75 - [STDERR_REDIRECT] Aug 17, 2026 9:52:12 PM java.util.prefs.FileSystemPreferences syncWorld
2026-08-17 21:52:12,709 [ERROR] LogOutputStream:75 - [STDERR_REDIRECT] WARNING: Couldn't flush system prefs: java.util.prefs.BackingStoreException: Couldn't get file lock.
2026-08-17 21:52:12,709 [ERROR] LogOutputStream:75 - [STDERR_REDIRECT] 
2026-08-17 21:52:42,708 [ERROR] LogOutputStream:75 - [STDERR_REDIRECT] Aug 17, 2026 9:52:42 PM java.util.prefs.FileSystemPreferences checkLockFile0ErrorCode
2026-08-17 21:52:42,709 [ERROR] LogOutputStream:75 - [STDERR_REDIRECT] WARNING: Could not lock System prefs. Unix error code 5.
2026-08-17 21:52:42,709 [ERROR] LogOutputStream:75 - [STDERR_REDIRECT] 
2026-08-17 21:52:42,709 [ERROR] LogOutputStream:75 - [STDERR_REDIRECT] Aug 17, 2026 9:52:42 PM java.util.prefs.FileSystemPreferences syncWorld
2026-08-17 21:52:42,709 [ERROR] LogOutputStream:75 - [STDERR_REDIRECT] WARNING: Couldn't flush system prefs: java.util.prefs.BackingStoreException: Couldn't get file lock.
2026-08-17 21:52:42,709 [ERROR] LogOutputStream:75 - [STDERR_REDIRECT] 
2026-08-17 21:53:12,709 [ERROR] LogOutputStream:75 - [STDERR_REDIRECT] Aug 17, 2026 9:53:12 PM java.util.prefs.FileSystemPreferences checkLockFile0ErrorCode
2026-08-17 21:53:12,709 [ERROR] LogOutputStream:75 - [STDERR_REDIRECT] WARNING: Could not lock System prefs. Unix error code 5.
2026-08-17 21:53:12,709 [ERROR] LogOutputStream:75 - [STDERR_REDIRECT] 
2026-08-17 21:53:12,709 [ERROR] LogOutputStream:75 - [STDERR_REDIRECT] Aug 17, 2026 9:53:12 PM java.util.prefs.FileSystemPreferences syncWorld
2026-08-17 21:53:12,709 [ERROR] LogOutputStream:75 - [STDERR_REDIRECT] WARNING: Couldn't flush system prefs: java.util.prefs.BackingStoreException: Couldn't get file lock.
2026-08-17 21:53:12,709 [ERROR] LogOutputStream:75 - [STDERR_REDIRECT] 
2026-08-17 21:53:42,709 [ERROR] LogOutputStream:75 - [STDERR_REDIRECT] Aug 17, 2026 9:53:42 PM java.util.prefs.FileSystemPreferences checkLockFile0ErrorCode
2026-08-17 21:53:42,709 [ERROR] LogOutputStream:75 - [STDERR_REDIRECT] WARNING: Could not lock System prefs. Unix error code 5.
2026-08-17 21:53:42,709 [ERROR] LogOutputStream:75 - [STDERR_REDIRECT] 
2026-08-17 21:53:42,709 [ERROR] LogOutputStream:75 - [STDERR_REDIRECT] Aug 17, 2026 9:53:42 PM java.util.prefs.FileSystemPreferences syncWorld
2026-08-17 21:53:42,709 [ERROR] LogOutputStream:75 - [STDERR_REDIRECT] WARNING: Couldn't flush system prefs: java.util.prefs.BackingStoreException: Couldn't get file lock.
2026-08-17 21:53:42,709 [ERROR] LogOutputStream:75 - [STDERR_REDIRECT] 
2026-08-17 21:54:12,709 [ERROR] LogOutputStream:75 - [STDERR_REDIRECT] Aug 17, 2026 9:54:12 PM java.util.prefs.FileSystemPreferences checkLockFile0ErrorCode
2026-08-17 21:54:12,709 [ERROR] LogOutputStream:75 - [STDERR_REDIRECT] WARNING: Could not lock System prefs. Unix error code 5.
2026-08-17 21:54:12,709 [ERROR] LogOutputStream:75 - [STDERR_REDIRECT] 
2026-08-17 21:54:12,709 [ERROR] LogOutputStream:75 - [STDERR_REDIRECT] Aug 17, 2026 9:54:12 PM java.util.prefs.FileSystemPreferences syncWorld
2026-08-17 21:54:12,709 [ERROR] LogOutputStream:75 - [STDERR_REDIRECT] WARNING: Couldn't flush system prefs: java.util.prefs.BackingStoreException: Couldn't get file lock.
2026-08-17 21:54:12,709 [ERROR] LogOutputStream:75 - [STDERR_REDIRECT] 
2026-08-17 21:54:42,709 [ERROR] LogOutputStream:75 - [STDERR_REDIRECT] Aug 17, 2026 9:54:42 PM java.util.prefs.FileSystemPreferences checkLockFile0ErrorCode
2026-08-17 21:54:42,709 [ERROR] LogOutputStream:75 - [STDERR_REDIRECT] WARNING: Could not lock System prefs. Unix error code 5.
2026-08-17 21:54:42,710 [ERROR] LogOutputStream:75 - [STDERR_REDIRECT] 
2026-08-17 21:54:42,710 [ERROR] LogOutputStream:75 - [STDERR_REDIRECT] Aug 17, 2026 9:54:42 PM java.util.prefs.FileSystemPreferences syncWorld
2026-08-17 21:54:42,710 [ERROR] LogOutputStream:75 - [STDERR_REDIRECT] WARNING: Couldn't flush system prefs: java.util.prefs.BackingStoreException: Couldn't get file lock.
2026-08-17 21:54:42,710 [ERROR] LogOutputStream:75 - [STDERR_REDIRECT] 
2026-08-17 21:55:12,710 [ERROR] LogOutputStream:75 - [STDERR_REDIRECT] Aug 17, 2026 9:55:12 PM java.util.prefs.FileSystemPreferences checkLockFile0ErrorCode
2026-08-17 21:55:12,710 [ERROR] LogOutputStream:75 - [STDERR_REDIRECT] WARNING: Could not lock System prefs. Unix error code 5.
2026-08-17 21:55:12,710 [ERROR] LogOutputStream:75 - [STDERR_REDIRECT] 
2026-08-17 21:55:12,710 [ERROR] LogOutputStream:75 - [STDERR_REDIRECT] Aug 17, 2026 9:55:12 PM java.util.prefs.FileSystemPreferences syncWorld
2026-08-17 21:55:12,710 [ERROR] LogOutputStream:75 - [STDERR_REDIRECT] WARNING: Couldn't flush system prefs: java.util.prefs.BackingStoreException: Couldn't get file lock.
2026-08-17 21:55:12,710 [ERROR] LogOutputStream:75 - [STDERR_REDIRECT] 
2026-08-17 21:55:42,710 [ERROR] LogOutputStream:75 - [STDERR_REDIRECT] Aug 17, 2026 9:55:42 PM java.util.prefs.FileSystemPreferences checkLockFile0ErrorCode
2026-08-17 21:55:42,710 [ERROR] LogOutputStream:75 - [STDERR_REDIRECT] WARNING: Could not lock System prefs. Unix error code 5.
2026-08-17 21:55:42,710 [ERROR] LogOutputStream:75 - [STDERR_REDIRECT] 
2026-08-17 21:55:42,710 [ERROR] LogOutputStream:75 - [STDERR_REDIRECT] Aug 17, 2026 9:55:42 PM java.util.prefs.FileSystemPreferences syncWorld
2026-08-17 21:55:42,710 [ERROR] LogOutputStream:75 - [STDERR_REDIRECT] WARNING: Couldn't flush system prefs: java.util.prefs.BackingStoreException: Couldn't get file lock.
2026-08-17 21:55:42,711 [ERROR] LogOutputStream:75 - [STDERR_REDIRECT] 
2026-08-17 21:56:12,709 [ERROR] LogOutputStream:75 - [STDERR_REDIRECT] Aug 17, 2026 9:56:12 PM java.util.prefs.FileSystemPreferences checkLockFile0ErrorCode
2026-08-17 21:56:12,709 [ERROR] LogOutputStream:75 - [STDERR_REDIRECT] WARNING: Could not lock System prefs. Unix error code 5.
2026-08-17 21:56:12,709 [ERROR] LogOutputStream:75 - [STDERR_REDIRECT] 
2026-08-17 21:56:12,710 [ERROR] LogOutputStream:75 - [STDERR_REDIRECT] Aug 17, 2026 9:56:12 PM java.util.prefs.FileSystemPreferences syncWorld
2026-08-17 21:56:12,710 [ERROR] LogOutputStream:75 - [STDERR_REDIRECT] WARNING: Couldn't flush system prefs: java.util.prefs.BackingStoreException: Couldn't get file lock.
2026-08-17 21:56:12,710 [ERROR] LogOutputStream:75 - [STDERR_REDIRECT] 
2026-08-17 21:56:42,710 [ERROR] LogOutputStream:75 - [STDERR_REDIRECT] Aug 17, 2026 9:56:42 PM java.util.prefs.FileSystemPreferences checkLockFile0ErrorCode
2026-08-17 21:56:42,710 [ERROR] LogOutputStream:75 - [STDERR_REDIRECT] WARNING: Could not lock System prefs. Unix error code 5.
2026-08-17 21:56:42,710 [ERROR] LogOutputStream:75 - [STDERR_REDIRECT] 
2026-08-17 21:56:42,710 [ERROR] LogOutputStream:75 - [STDERR_REDIRECT] Aug 17, 2026 9:56:42 PM java.util.prefs.FileSystemPreferences syncWorld
2026-08-17 21:56:42,711 [ERROR] LogOutputStream:75 - [STDERR_REDIRECT] WARNING: Couldn't flush system prefs: java.util.prefs.BackingStoreException: Couldn't get file lock.
2026-08-17 21:56:42,711 [ERROR] LogOutputStream:75 - [STDERR_REDIRECT] 
2026-08-17 21:57:12,709 [ERROR] LogOutputStream:75 - [STDERR_REDIRECT] Aug 17, 2026 9:57:12 PM java.util.prefs.FileSystemPreferences checkLockFile0ErrorCode
2026-08-17 21:57:12,710 [ERROR] LogOutputStream:75 - [STDERR_REDIRECT] WARNING: Could not lock System prefs. Unix error code 5.
2026-08-17 21:57:12,710 [ERROR] LogOutputStream:75 - [STDERR_REDIRECT] 
2026-08-17 21:57:12,710 [ERROR] LogOutputStream:75 - [STDERR_REDIRECT] Aug 17, 2026 9:57:12 PM java.util.prefs.FileSystemPreferences syncWorld
2026-08-17 21:57:12,710 [ERROR] LogOutputStream:75 - [STDERR_REDIRECT] WARNING: Couldn't flush system prefs: java.util.prefs.BackingStoreException: Couldn't get file lock.
2026-08-17 21:57:12,710 [ERROR] LogOutputStream:75 - [STDERR_REDIRECT] 
2026-08-17 21:57:42,710 [ERROR] LogOutputStream:75 - [STDERR_REDIRECT] Aug 17, 2026 9:57:42 PM java.util.prefs.FileSystemPreferences checkLockFile0ErrorCode
2026-08-17 21:57:42,710 [ERROR] LogOutputStream:75 - [STDERR_REDIRECT] WARNING: Could not lock System prefs. Unix error code 5.
2026-08-17 21:57:42,710 [ERROR] LogOutputStream:75 - [STDERR_REDIRECT] 
2026-08-17 21:57:42,710 [ERROR] LogOutputStream:75 - [STDERR_REDIRECT] Aug 17, 2026 9:57:42 PM java.util.prefs.FileSystemPreferences syncWorld
2026-08-17 21:57:42,710 [ERROR] LogOutputStream:75 - [STDERR_REDIRECT] WARNING: Couldn't flush system prefs: java.util.prefs.BackingStoreException: Couldn't get file lock.
2026-08-17 21:57:42,711 [ERROR] LogOutputStream:75 - [STDERR_REDIRECT] 
2026-08-17 21:58:12,709 [ERROR] LogOutputStream:75 - [STDERR_REDIRECT] Aug 17, 2026 9:58:12 PM java.util.prefs.FileSystemPreferences checkLockFile0ErrorCode
2026-08-17 21:58:12,710 [ERROR] LogOutputStream:75 - [STDERR_REDIRECT] WARNING: Could not lock System prefs. Unix error code 5.
2026-08-17 21:58:12,710 [ERROR] LogOutputStream:75 - [STDERR_REDIRECT] 
2026-08-17 21:58:12,710 [ERROR] LogOutputStream:75 - [STDERR_REDIRECT] Aug 17, 2026 9:58:12 PM java.util.prefs.FileSystemPreferences syncWorld
2026-08-17 21:58:12,710 [ERROR] LogOutputStream:75 - [STDERR_REDIRECT] WARNING: Couldn't flush system prefs: java.util.prefs.BackingStoreException: Couldn't get file lock.
2026-08-17 21:58:12,710 [ERROR] LogOutputStream:75 - [STDERR_REDIRECT] 
2026-08-17 21:58:42,710 [ERROR] LogOutputStream:75 - [STDERR_REDIRECT] Aug 17, 2026 9:58:42 PM java.util.prefs.FileSystemPreferences checkLockFile0ErrorCode
2026-08-17 21:58:42,710 [ERROR] LogOutputStream:75 - [STDERR_REDIRECT] WARNING: Could not lock System prefs. Unix error code 5.
2026-08-17 21:58:42,710 [ERROR] LogOutputStream:75 - [STDERR_REDIRECT] 
2026-08-17 21:58:42,710 [ERROR] LogOutputStream:75 - [STDERR_REDIRECT] Aug 17, 2026 9:58:42 PM java.util.prefs.FileSystemPreferences syncWorld
2026-08-17 21:58:42,710 [ERROR] LogOutputStream:75 - [STDERR_REDIRECT] WARNING: Couldn't flush system prefs: java.util.prefs.BackingStoreException: Couldn't get file lock.
2026-08-17 21:58:42,710 [ERROR] LogOutputStream:75 - [STDERR_REDIRECT] 
2026-08-17 21:59:12,710 [ERROR] LogOutputStream:75 - [STDERR_REDIRECT] Aug 17, 2026 9:59:12 PM java.util.prefs.FileSystemPreferences checkLockFile0ErrorCode
2026-08-17 21:59:12,710 [ERROR] LogOutputStream:75 - [STDERR_REDIRECT] WARNING: Could not lock System prefs. Unix error code 5.
2026-08-17 21:59:12,710 [ERROR] LogOutputStream:75 - [STDERR_REDIRECT] 
2026-08-17 21:59:12,711 [ERROR] LogOutputStream:75 - [STDERR_REDIRECT] Aug 17, 2026 9:59:12 PM java.util.prefs.FileSystemPreferences syncWorld
2026-08-17 21:59:12,711 [ERROR] LogOutputStream:75 - [STDERR_REDIRECT] WARNING: Couldn't flush system prefs: java.util.prefs.BackingStoreException: Couldn't get file lock.
2026-08-17 21:59:12,711 [ERROR] LogOutputStream:75 - [STDERR_REDIRECT] 
2026-08-17 21:59:42,711 [ERROR] LogOutputStream:75 - [STDERR_REDIRECT] Aug 17, 2026 9:59:42 PM java.util.prefs.FileSystemPreferences checkLockFile0ErrorCode
2026-08-17 21:59:42,711 [ERROR] LogOutputStream:75 - [STDERR_REDIRECT] WARNING: Could not lock System prefs. Unix error code 5.
2026-08-17 21:59:42,711 [ERROR] LogOutputStream:75 - [STDERR_REDIRECT] 
2026-08-17 21:59:42,711 [ERROR] LogOutputStream:75 - [STDERR_REDIRECT] Aug 17, 2026 9:59:42 PM java.util.prefs.FileSystemPreferences syncWorld
2026-08-17 21:59:42,711 [ERROR] LogOutputStream:75 - [STDERR_REDIRECT] WARNING: Couldn't flush system prefs: java.util.prefs.BackingStoreException: Couldn't get file lock.
2026-08-17 21:59:42,711 [ERROR] LogOutputStream:75 - [STDERR_REDIRECT] 
2026-08-17 22:00:12,711 [ERROR] LogOutputStream:75 - [STDERR_REDIRECT] Aug 17, 2026 10:00:12 PM java.util.prefs.FileSystemPreferences checkLockFile0ErrorCode
2026-08-17 22:00:12,711 [ERROR] LogOutputStream:75 - [STDERR_REDIRECT] WARNING: Could not lock System prefs. Unix error code 5.
2026-08-17 22:00:12,711 [ERROR] LogOutputStream:75 - [STDERR_REDIRECT] 
2026-08-17 22:00:12,711 [ERROR] LogOutputStream:75 - [STDERR_REDIRECT] Aug 17, 2026 10:00:12 PM java.util.prefs.FileSystemPreferences syncWorld
2026-08-17 22:00:12,711 [ERROR] LogOutputStream:75 - [STDERR_REDIRECT] WARNING: Couldn't flush system prefs: java.util.prefs.BackingStoreException: Couldn't get file lock.
2026-08-17 22:00:12,711 [ERROR] LogOutputStream:75 - [STDERR_REDIRECT] 
2026-08-17 22:00:42,711 [ERROR] LogOutputStream:75 - [STDERR_REDIRECT] Aug 17, 2026 10:00:42 PM java.util.prefs.FileSystemPreferences checkLockFile0ErrorCode
2026-08-17 22:00:42,712 [ERROR] LogOutputStream:75 - [STDERR_REDIRECT] WARNING: Could not lock System prefs. Unix error code 5.
2026-08-17 22:00:42,712 [ERROR] LogOutputStream:75 - [STDERR_REDIRECT] 
2026-08-17 22:00:42,712 [ERROR] LogOutputStream:75 - [STDERR_REDIRECT] Aug 17, 2026 10:00:42 PM java.util.prefs.FileSystemPreferences syncWorld
2026-08-17 22:00:42,712 [ERROR] LogOutputStream:75 - [STDERR_REDIRECT] WARNING: Couldn't flush system prefs: java.util.prefs.BackingStoreException: Couldn't get file lock.
2026-08-17 22:00:42,712 [ERROR] LogOutputStream:75 - [STDERR_REDIRECT] 
2026-08-17 22:01:12,712 [ERROR] LogOutputStream:75 - [STDERR_REDIRECT] Aug 17, 2026 10:01:12 PM java.util.prefs.FileSystemPreferences checkLockFile0ErrorCode
2026-08-17 22:01:12,713 [ERROR] LogOutputStream:75 - [STDERR_REDIRECT] WARNING: Could not lock System prefs. Unix error code 5.
2026-08-17 22:01:12,713 [ERROR] LogOutputStream:75 - [STDERR_REDIRECT] 
2026-08-17 22:01:12,713 [ERROR] LogOutputStream:75 - [STDERR_REDIRECT] Aug 17, 2026 10:01:12 PM java.util.prefs.FileSystemPreferences syncWorld
2026-08-17 22:01:12,713 [ERROR] LogOutputStream:75 - [STDERR_REDIRECT] WARNING: Couldn't flush system prefs: java.util.prefs.BackingStoreException: Couldn't get file lock.
2026-08-17 22:01:12,713 [ERROR] LogOutputStream:75 - [STDERR_REDIRECT] 
2026-08-17 22:01:42,712 [ERROR] LogOutputStream:75 - [STDERR_REDIRECT] Aug 17, 2026 10:01:42 PM java.util.prefs.FileSystemPreferences checkLockFile0ErrorCode
2026-08-17 22:01:42,712 [ERROR] LogOutputStream:75 - [STDERR_REDIRECT] WARNING: Could not lock System prefs. Unix error code 5.
2026-08-17 22:01:42,712 [ERROR] LogOutputStream:75 - [STDERR_REDIRECT] 
2026-08-17 22:01:42,712 [ERROR] LogOutputStream:75 - [STDERR_REDIRECT] Aug 17, 2026 10:01:42 PM java.util.prefs.FileSystemPreferences syncWorld
2026-08-17 22:01:42,713 [ERROR] LogOutputStream:75 - [STDERR_REDIRECT] WARNING: Couldn't flush system prefs: java.util.prefs.BackingStoreException: Couldn't get file lock.
2026-08-17 22:01:42,713 [ERROR] LogOutputStream:75 - [STDERR_REDIRECT] 
2026-08-17 22:02:12,713 [ERROR] LogOutputStream:75 - [STDERR_REDIRECT] Aug 17, 2026 10:02:12 PM java.util.prefs.FileSystemPreferences checkLockFile0ErrorCode
2026-08-17 22:02:12,713 [ERROR] LogOutputStream:75 - [STDERR_REDIRECT] WARNING: Could not lock System prefs. Unix error code 5.
2026-08-17 22:02:12,714 [ERROR] LogOutputStream:75 - [STDERR_REDIRECT] 
2026-08-17 22:02:12,714 [ERROR] LogOutputStream:75 - [STDERR_REDIRECT] Aug 17, 2026 10:02:12 PM java.util.prefs.FileSystemPreferences syncWorld
2026-08-17 22:02:12,714 [ERROR] LogOutputStream:75 - [STDERR_REDIRECT] WARNING: Couldn't flush system prefs: java.util.prefs.BackingStoreException: Couldn't get file lock.
2026-08-17 22:02:12,714 [ERROR] LogOutputStream:75 - [STDERR_REDIRECT] 
2026-08-17 22:02:42,713 [ERROR] LogOutputStream:75 - [STDERR_REDIRECT] Aug 17, 2026 10:02:42 PM java.util.prefs.FileSystemPreferences checkLockFile0ErrorCode
2026-08-17 22:02:42,713 [ERROR] LogOutputStream:75 - [STDERR_REDIRECT] WARNING: Could not lock System prefs. Unix error code 5.
2026-08-17 22:02:42,713 [ERROR] LogOutputStream:75 - [STDERR_REDIRECT] 
2026-08-17 22:02:42,713 [ERROR] LogOutputStream:75 - [STDERR_REDIRECT] Aug 17, 2026 10:02:42 PM java.util.prefs.FileSystemPreferences syncWorld
2026-08-17 22:02:42,713 [ERROR] LogOutputStream:75 - [STDERR_REDIRECT] WARNING: Couldn't flush system prefs: java.util.prefs.BackingStoreException: Couldn't get file lock.
2026-08-17 22:02:42,714 [ERROR] LogOutputStream:75 - [STDERR_REDIRECT] 
2026-08-17 22:03:12,713 [ERROR] LogOutputStream:75 - [STDERR_REDIRECT] Aug 17, 2026 10:03:12 PM java.util.prefs.FileSystemPreferences checkLockFile0ErrorCode
2026-08-17 22:03:12,713 [ERROR] LogOutputStream:75 - [STDERR_REDIRECT] WARNING: Could not lock System prefs. Unix error code 5.
2026-08-17 22:03:12,713 [ERROR] LogOutputStream:75 - [STDERR_REDIRECT] 
2026-08-17 22:03:12,713 [ERROR] LogOutputStream:75 - [STDERR_REDIRECT] Aug 17, 2026 10:03:12 PM java.util.prefs.FileSystemPreferences syncWorld
2026-08-17 22:03:12,713 [ERROR] LogOutputStream:75 - [STDERR_REDIRECT] WARNING: Couldn't flush system prefs: java.util.prefs.BackingStoreException: Couldn't get file lock.
2026-08-17 22:03:12,713 [ERROR] LogOutputStream:75 - [STDERR_REDIRECT] 
2026-08-17 22:03:42,714 [ERROR] LogOutputStream:75 - [STDERR_REDIRECT] Aug 17, 2026 10:03:42 PM java.util.prefs.FileSystemPreferences checkLockFile0ErrorCode
2026-08-17 22:03:42,714 [ERROR] LogOutputStream:75 - [STDERR_REDIRECT] WARNING: Could not lock System prefs. Unix error code 5.
2026-08-17 22:03:42,714 [ERROR] LogOutputStream:75 - [STDERR_REDIRECT] 
2026-08-17 22:03:42,714 [ERROR] LogOutputStream:75 - [STDERR_REDIRECT] Aug 17, 2026 10:03:42 PM java.util.prefs.FileSystemPreferences syncWorld
2026-08-17 22:03:42,714 [ERROR] LogOutputStream:75 - [STDERR_REDIRECT] WARNING: Couldn't flush system prefs: java.util.prefs.BackingStoreException: Couldn't get file lock.
2026-08-17 22:03:42,714 [ERROR] LogOutputStream:75 - [STDERR_REDIRECT] 
2026-08-17 22:04:12,714 [ERROR] LogOutputStream:75 - [STDERR_REDIRECT] Aug 17, 2026 10:04:12 PM java.util.prefs.FileSystemPreferences checkLockFile0ErrorCode
2026-08-17 22:04:12,714 [ERROR] LogOutputStream:75 - [STDERR_REDIRECT] WARNING: Could not lock System prefs. Unix error code 5.
2026-08-17 22:04:12,714 [ERROR] LogOutputStream:75 - [STDERR_REDIRECT] 
2026-08-17 22:04:12,715 [ERROR] LogOutputStream:75 - [STDERR_REDIRECT] Aug 17, 2026 10:04:12 PM java.util.prefs.FileSystemPreferences syncWorld
2026-08-17 22:04:12,715 [ERROR] LogOutputStream:75 - [STDERR_REDIRECT] WARNING: Couldn't flush system prefs: java.util.prefs.BackingStoreException: Couldn't get file lock.
2026-08-17 22:04:12,715 [ERROR] LogOutputStream:75 - [STDERR_REDIRECT] 
2026-08-17 22:04:42,715 [ERROR] LogOutputStream:75 - [STDERR_REDIRECT] Aug 17, 2026 10:04:42 PM java.util.prefs.FileSystemPreferences checkLockFile0ErrorCode
2026-08-17 22:04:42,715 [ERROR] LogOutputStream:75 - [STDERR_REDIRECT] WARNING: Could not lock System prefs. Unix error code 5.
2026-08-17 22:04:42,715 [ERROR] LogOutputStream:75 - [STDERR_REDIRECT] 
2026-08-17 22:04:42,715 [ERROR] LogOutputStream:75 - [STDERR_REDIRECT] Aug 17, 2026 10:04:42 PM java.util.prefs.FileSystemPreferences syncWorld
2026-08-17 22:04:42,716 [ERROR] LogOutputStream:75 - [STDERR_REDIRECT] WARNING: Couldn't flush system prefs: java.util.prefs.BackingStoreException: Couldn't get file lock.
2026-08-17 22:04:42,716 [ERROR] LogOutputStream:75 - [STDERR_REDIRECT] 
2026-08-17 22:05:12,714 [ERROR] LogOutputStream:75 - [STDERR_REDIRECT] Aug 17, 2026 10:05:12 PM java.util.prefs.FileSystemPreferences checkLockFile0ErrorCode
2026-08-17 22:05:12,714 [ERROR] LogOutputStream:75 - [STDERR_REDIRECT] WARNING: Could not lock System prefs. Unix error code 5.
2026-08-17 22:05:12,715 [ERROR] LogOutputStream:75 - [STDERR_REDIRECT] 
2026-08-17 22:05:12,715 [ERROR] LogOutputStream:75 - [STDERR_REDIRECT] Aug 17, 2026 10:05:12 PM java.util.prefs.FileSystemPreferences syncWorld
2026-08-17 22:05:12,715 [ERROR] LogOutputStream:75 - [STDERR_REDIRECT] WARNING: Couldn't flush system prefs: java.util.prefs.BackingStoreException: Couldn't get file lock.
2026-08-17 22:05:12,715 [ERROR] LogOutputStream:75 - [STDERR_REDIRECT] 
2026-08-17 22:05:42,715 [ERROR] LogOutputStream:75 - [STDERR_REDIRECT] Aug 17, 2026 10:05:42 PM java.util.prefs.FileSystemPreferences checkLockFile0ErrorCode
2026-08-17 22:05:42,715 [ERROR] LogOutputStream:75 - [STDERR_REDIRECT] WARNING: Could not lock System prefs. Unix error code 5.
2026-08-17 22:05:42,715 [ERROR] LogOutputStream:75 - [STDERR_REDIRECT] 
2026-08-17 22:05:42,715 [ERROR] LogOutputStream:75 - [STDERR_REDIRECT] Aug 17, 2026 10:05:42 PM java.util.prefs.FileSystemPreferences syncWorld
2026-08-17 22:05:42,715 [ERROR] LogOutputStream:75 - [STDERR_REDIRECT] WARNING: Couldn't flush system prefs: java.util.prefs.BackingStoreException: Couldn't get file lock.
2026-08-17 22:05:42,715 [ERROR] LogOutputStream:75 - [STDERR_REDIRECT] 
2026-08-17 22:06:12,715 [ERROR] LogOutputStream:75 - [STDERR_REDIRECT] Aug 17, 2026 10:06:12 PM java.util.prefs.FileSystemPreferences checkLockFile0ErrorCode
2026-08-17 22:06:12,715 [ERROR] LogOutputStream:75 - [STDERR_REDIRECT] WARNING: Could not lock System prefs. Unix error code 5.
2026-08-17 22:06:12,716 [ERROR] LogOutputStream:75 - [STDERR_REDIRECT] 
2026-08-17 22:06:12,716 [ERROR] LogOutputStream:75 - [STDERR_REDIRECT] Aug 17, 2026 10:06:12 PM java.util.prefs.FileSystemPreferences syncWorld
2026-08-17 22:06:12,716 [ERROR] LogOutputStream:75 - [STDERR_REDIRECT] WARNING: Couldn't flush system prefs: java.util.prefs.BackingStoreException: Couldn't get file lock.
2026-08-17 22:06:12,716 [ERROR] LogOutputStream:75 - [STDERR_REDIRECT] 
2026-08-17 22:06:42,716 [ERROR] LogOutputStream:75 - [STDERR_REDIRECT] Aug 17, 2026 10:06:42 PM java.util.prefs.FileSystemPreferences checkLockFile0ErrorCode
2026-08-17 22:06:42,716 [ERROR] LogOutputStream:75 - [STDERR_REDIRECT] WARNING: Could not lock System prefs. Unix error code 5.
2026-08-17 22:06:42,716 [ERROR] LogOutputStream:75 - [STDERR_REDIRECT] 
2026-08-17 22:06:42,716 [ERROR] LogOutputStream:75 - [STDERR_REDIRECT] Aug 17, 2026 10:06:42 PM java.util.prefs.FileSystemPreferences syncWorld
2026-08-17 22:06:42,716 [ERROR] LogOutputStream:75 - [STDERR_REDIRECT] WARNING: Couldn't flush system prefs: java.util.prefs.BackingStoreException: Couldn't get file lock.
2026-08-17 22:06:42,716 [ERROR] LogOutputStream:75 - [STDERR_REDIRECT] 
2026-08-17 22:07:12,717 [ERROR] LogOutputStream:75 - [STDERR_REDIRECT] Aug 17, 2026 10:07:12 PM java.util.prefs.FileSystemPreferences checkLockFile0ErrorCode
2026-08-17 22:07:12,717 [ERROR] LogOutputStream:75 - [STDERR_REDIRECT] WARNING: Could not lock System prefs. Unix error code 5.
2026-08-17 22:07:12,717 [ERROR] LogOutputStream:75 - [STDERR_REDIRECT] 
2026-08-17 22:07:12,717 [ERROR] LogOutputStream:75 - [STDERR_REDIRECT] Aug 17, 2026 10:07:12 PM java.util.prefs.FileSystemPreferences syncWorld
2026-08-17 22:07:12,717 [ERROR] LogOutputStream:75 - [STDERR_REDIRECT] WARNING: Couldn't flush system prefs: java.util.prefs.BackingStoreException: Couldn't get file lock.
2026-08-17 22:07:12,717 [ERROR] LogOutputStream:75 - [STDERR_REDIRECT] 
2026-08-17 22:07:42,717 [ERROR] LogOutputStream:75 - [STDERR_REDIRECT] Aug 17, 2026 10:07:42 PM java.util.prefs.FileSystemPreferences checkLockFile0ErrorCode
2026-08-17 22:07:42,717 [ERROR] LogOutputStream:75 - [STDERR_REDIRECT] WARNING: Could not lock System prefs. Unix error code 5.
2026-08-17 22:07:42,717 [ERROR] LogOutputStream:75 - [STDERR_REDIRECT] 
2026-08-17 22:07:42,718 [ERROR] LogOutputStream:75 - [STDERR_REDIRECT] Aug 17, 2026 10:07:42 PM java.util.prefs.FileSystemPreferences syncWorld
2026-08-17 22:07:42,718 [ERROR] LogOutputStream:75 - [STDERR_REDIRECT] WARNING: Couldn't flush system prefs: java.util.prefs.BackingStoreException: Couldn't get file lock.
2026-08-17 22:07:42,718 [ERROR] LogOutputStream:75 - [STDERR_REDIRECT] 
2026-08-17 22:08:12,717 [ERROR] LogOutputStream:75 - [STDERR_REDIRECT] Aug 17, 2026 10:08:12 PM java.util.prefs.FileSystemPreferences checkLockFile0ErrorCode
2026-08-17 22:08:12,718 [ERROR] LogOutputStream:75 - [STDERR_REDIRECT] WARNING: Could not lock System prefs. Unix error code 5.
2026-08-17 22:08:12,718 [ERROR] LogOutputStream:75 - [STDERR_REDIRECT] 
2026-08-17 22:08:12,718 [ERROR] LogOutputStream:75 - [STDERR_REDIRECT] Aug 17, 2026 10:08:12 PM java.util.prefs.FileSystemPreferences syncWorld
2026-08-17 22:08:12,718 [ERROR] LogOutputStream:75 - [STDERR_REDIRECT] WARNING: Couldn't flush system prefs: java.util.prefs.BackingStoreException: Couldn't get file lock.
2026-08-17 22:08:12,718 [ERROR] LogOutputStream:75 - [STDERR_REDIRECT] 
2026-08-17 22:08:42,718 [ERROR] LogOutputStream:75 - [STDERR_REDIRECT] Aug 17, 2026 10:08:42 PM java.util.prefs.FileSystemPreferences checkLockFile0ErrorCode
2026-08-17 22:08:42,718 [ERROR] LogOutputStream:75 - [STDERR_REDIRECT] WARNING: Could not lock System prefs. Unix error code 5.
2026-08-17 22:08:42,718 [ERROR] LogOutputStream:75 - [STDERR_REDIRECT] 
2026-08-17 22:08:42,718 [ERROR] LogOutputStream:75 - [STDERR_REDIRECT] Aug 17, 2026 10:08:42 PM java.util.prefs.FileSystemPreferences syncWorld
2026-08-17 22:08:42,718 [ERROR] LogOutputStream:75 - [STDERR_REDIRECT] WARNING: Couldn't flush system prefs: java.util.prefs.BackingStoreException: Couldn't get file lock.
2026-08-17 22:08:42,718 [ERROR] LogOutputStream:75 - [STDERR_REDIRECT] 
2026-08-17 22:09:12,718 [ERROR] LogOutputStream:75 - [STDERR_REDIRECT] Aug 17, 2026 10:09:12 PM java.util.prefs.FileSystemPreferences checkLockFile0ErrorCode
2026-08-17 22:09:12,718 [ERROR] LogOutputStream:75 - [STDERR_REDIRECT] WARNING: Could not lock System prefs. Unix error code 5.
2026-08-17 22:09:12,718 [ERROR] LogOutputStream:75 - [STDERR_REDIRECT] 
2026-08-17 22:09:12,719 [ERROR] LogOutputStream:75 - [STDERR_REDIRECT] Aug 17, 2026 10:09:12 PM java.util.prefs.FileSystemPreferences syncWorld
2026-08-17 22:09:12,719 [ERROR] LogOutputStream:75 - [STDERR_REDIRECT] WARNING: Couldn't flush system prefs: java.util.prefs.BackingStoreException: Couldn't get file lock.
2026-08-17 22:09:12,719 [ERROR] LogOutputStream:75 - [STDERR_REDIRECT] 
2026-08-17 22:09:42,718 [ERROR] LogOutputStream:75 - [STDERR_REDIRECT] Aug 17, 2026 10:09:42 PM java.util.prefs.FileSystemPreferences checkLockFile0ErrorCode
2026-08-17 22:09:42,719 [ERROR] LogOutputStream:75 - [STDERR_REDIRECT] WARNING: Could not lock System prefs. Unix error code 5.
2026-08-17 22:09:42,719 [ERROR] LogOutputStream:75 - [STDERR_REDIRECT] 
2026-08-17 22:09:42,719 [ERROR] LogOutputStream:75 - [STDERR_REDIRECT] Aug 17, 2026 10:09:42 PM java.util.prefs.FileSystemPreferences syncWorld
2026-08-17 22:09:42,719 [ERROR] LogOutputStream:75 - [STDERR_REDIRECT] WARNING: Couldn't flush system prefs: java.util.prefs.BackingStoreException: Couldn't get file lock.
2026-08-17 22:09:42,719 [ERROR] LogOutputStream:75 - [STDERR_REDIRECT] 
2026-08-17 22:10:12,719 [ERROR] LogOutputStream:75 - [STDERR_REDIRECT] Aug 17, 2026 10:10:12 PM java.util.prefs.FileSystemPreferences checkLockFile0ErrorCode
2026-08-17 22:10:12,719 [ERROR] LogOutputStream:75 - [STDERR_REDIRECT] WARNING: Could not lock System prefs. Unix error code 5.
2026-08-17 22:10:12,719 [ERROR] LogOutputStream:75 - [STDERR_REDIRECT] 
2026-08-17 22:10:12,719 [ERROR] LogOutputStream:75 - [STDERR_REDIRECT] Aug 17, 2026 10:10:12 PM java.util.prefs.FileSystemPreferences syncWorld
2026-08-17 22:10:12,719 [ERROR] LogOutputStream:75 - [STDERR_REDIRECT] WARNING: Couldn't flush system prefs: java.util.prefs.BackingStoreException: Couldn't get file lock.
2026-08-17 22:10:12,719 [ERROR] LogOutputStream:75 - [STDERR_REDIRECT] 
2026-08-17 22:10:42,719 [ERROR] LogOutputStream:75 - [STDERR_REDIRECT] Aug 17, 2026 10:10:42 PM java.util.prefs.FileSystemPreferences checkLockFile0ErrorCode
2026-08-17 22:10:42,719 [ERROR] LogOutputStream:75 - [STDERR_REDIRECT] WARNING: Could not lock System prefs. Unix error code 5.
2026-08-17 22:10:42,719 [ERROR] LogOutputStream:75 - [STDERR_REDIRECT] 
2026-08-17 22:10:42,720 [ERROR] LogOutputStream:75 - [STDERR_REDIRECT] Aug 17, 2026 10:10:42 PM java.util.prefs.FileSystemPreferences syncWorld
2026-08-17 22:10:42,720 [ERROR] LogOutputStream:75 - [STDERR_REDIRECT] WARNING: Couldn't flush system prefs: java.util.prefs.BackingStoreException: Couldn't get file lock.
2026-08-17 22:10:42,720 [ERROR] LogOutputStream:75 - [STDERR_REDIRECT] 
2026-08-17 22:11:12,720 [ERROR] LogOutputStream:75 - [STDERR_REDIRECT] Aug 17, 2026 10:11:12 PM java.util.prefs.FileSystemPreferences checkLockFile0ErrorCode
2026-08-17 22:11:12,721 [ERROR] LogOutputStream:75 - [STDERR_REDIRECT] WARNING: Could not lock System prefs. Unix error code 5.
2026-08-17 22:11:12,721 [ERROR] LogOutputStream:75 - [STDERR_REDIRECT] 
2026-08-17 22:11:12,722 [ERROR] LogOutputStream:75 - [STDERR_REDIRECT] Aug 17, 2026 10:11:12 PM java.util.prefs.FileSystemPreferences syncWorld
2026-08-17 22:11:12,722 [ERROR] LogOutputStream:75 - [STDERR_REDIRECT] WARNING: Couldn't flush system prefs: java.util.prefs.BackingStoreException: Couldn't get file lock.
2026-08-17 22:11:12,722 [ERROR] LogOutputStream:75 - [STDERR_REDIRECT] 
2026-08-17 22:11:42,720 [ERROR] LogOutputStream:75 - [STDERR_REDIRECT] Aug 17, 2026 10:11:42 PM java.util.prefs.FileSystemPreferences checkLockFile0ErrorCode
2026-08-17 22:11:42,720 [ERROR] LogOutputStream:75 - [STDERR_REDIRECT] WARNING: Could not lock System prefs. Unix error code 5.
2026-08-17 22:11:42,720 [ERROR] LogOutputStream:75 - [STDERR_REDIRECT] 
2026-08-17 22:11:42,720 [ERROR] LogOutputStream:75 - [STDERR_REDIRECT] Aug 17, 2026 10:11:42 PM java.util.prefs.FileSystemPreferences syncWorld
2026-08-17 22:11:42,721 [ERROR] LogOutputStream:75 - [STDERR_REDIRECT] WARNING: Couldn't flush system prefs: java.util.prefs.BackingStoreException: Couldn't get file lock.
2026-08-17 22:11:42,721 [ERROR] LogOutputStream:75 - [STDERR_REDIRECT] 
2026-08-17 22:12:12,720 [ERROR] LogOutputStream:75 - [STDERR_REDIRECT] Aug 17, 2026 10:12:12 PM java.util.prefs.FileSystemPreferences checkLockFile0ErrorCode
2026-08-17 22:12:12,720 [ERROR] LogOutputStream:75 - [STDERR_REDIRECT] WARNING: Could not lock System prefs. Unix error code 5.
2026-08-17 22:12:12,720 [ERROR] LogOutputStream:75 - [STDERR_REDIRECT] 
2026-08-17 22:12:12,720 [ERROR] LogOutputStream:75 - [STDERR_REDIRECT] Aug 17, 2026 10:12:12 PM java.util.prefs.FileSystemPreferences syncWorld
2026-08-17 22:12:12,720 [ERROR] LogOutputStream:75 - [STDERR_REDIRECT] WARNING: Couldn't flush system prefs: java.util.prefs.BackingStoreException: Couldn't get file lock.
2026-08-17 22:12:12,720 [ERROR] LogOutputStream:75 - [STDERR_REDIRECT] 
2026-08-17 22:12:42,721 [ERROR] LogOutputStream:75 - [STDERR_REDIRECT] Aug 17, 2026 10:12:42 PM java.util.prefs.FileSystemPreferences checkLockFile0ErrorCode
2026-08-17 22:12:42,721 [ERROR] LogOutputStream:75 - [STDERR_REDIRECT] WARNING: Could not lock System prefs. Unix error code 5.
2026-08-17 22:12:42,721 [ERROR] LogOutputStream:75 - [STDERR_REDIRECT] 
2026-08-17 22:12:42,721 [ERROR] LogOutputStream:75 - [STDERR_REDIRECT] Aug 17, 2026 10:12:42 PM java.util.prefs.FileSystemPreferences syncWorld
2026-08-17 22:12:42,721 [ERROR] LogOutputStream:75 - [STDERR_REDIRECT] WARNING: Couldn't flush system prefs: java.util.prefs.BackingStoreException: Couldn't get file lock.
2026-08-17 22:12:42,721 [ERROR] LogOutputStream:75 - [STDERR_REDIRECT] 
2026-08-17 22:13:12,720 [ERROR] LogOutputStream:75 - [STDERR_REDIRECT] Aug 17, 2026 10:13:12 PM java.util.prefs.FileSystemPreferences checkLockFile0ErrorCode
2026-08-17 22:13:12,720 [ERROR] LogOutputStream:75 - [STDERR_REDIRECT] WARNING: Could not lock System prefs. Unix error code 5.
2026-08-17 22:13:12,720 [ERROR] LogOutputStream:75 - [STDERR_REDIRECT] 
2026-08-17 22:13:12,721 [ERROR] LogOutputStream:75 - [STDERR_REDIRECT] Aug 17, 2026 10:13:12 PM java.util.prefs.FileSystemPreferences syncWorld
2026-08-17 22:13:12,721 [ERROR] LogOutputStream:75 - [STDERR_REDIRECT] WARNING: Couldn't flush system prefs: java.util.prefs.BackingStoreException: Couldn't get file lock.
2026-08-17 22:13:12,721 [ERROR] LogOutputStream:75 - [STDERR_REDIRECT] 
2026-08-17 22:13:42,721 [ERROR] LogOutputStream:75 - [STDERR_REDIRECT] Aug 17, 2026 10:13:42 PM java.util.prefs.FileSystemPreferences checkLockFile0ErrorCode
2026-08-17 22:13:42,721 [ERROR] LogOutputStream:75 - [STDERR_REDIRECT] WARNING: Could not lock System prefs. Unix error code 5.
2026-08-17 22:13:42,721 [ERROR] LogOutputStream:75 - [STDERR_REDIRECT] 
2026-08-17 22:13:42,721 [ERROR] LogOutputStream:75 - [STDERR_REDIRECT] Aug 17, 2026 10:13:42 PM java.util.prefs.FileSystemPreferences syncWorld
2026-08-17 22:13:42,721 [ERROR] LogOutputStream:75 - [STDERR_REDIRECT] WARNING: Couldn't flush system prefs: java.util.prefs.BackingStoreException: Couldn't get file lock.
2026-08-17 22:13:42,721 [ERROR] LogOutputStream:75 - [STDERR_REDIRECT] 
2026-08-17 22:14:12,721 [ERROR] LogOutputStream:75 - [STDERR_REDIRECT] Aug 17, 2026 10:14:12 PM java.util.prefs.FileSystemPreferences checkLockFile0ErrorCode
2026-08-17 22:14:12,721 [ERROR] LogOutputStream:75 - [STDERR_REDIRECT] WARNING: Could not lock System prefs. Unix error code 5.
2026-08-17 22:14:12,721 [ERROR] LogOutputStream:75 - [STDERR_REDIRECT] 
2026-08-17 22:14:12,722 [ERROR] LogOutputStream:75 - [STDERR_REDIRECT] Aug 17, 2026 10:14:12 PM java.util.prefs.FileSystemPreferences syncWorld
2026-08-17 22:14:12,722 [ERROR] LogOutputStream:75 - [STDERR_REDIRECT] WARNING: Couldn't flush system prefs: java.util.prefs.BackingStoreException: Couldn't get file lock.
2026-08-17 22:14:12,722 [ERROR] LogOutputStream:75 - [STDERR_REDIRECT] 
2026-08-17 22:14:42,720 [ERROR] LogOutputStream:75 - [STDERR_REDIRECT] Aug 17, 2026 10:14:42 PM java.util.prefs.FileSystemPreferences checkLockFile0ErrorCode
2026-08-17 22:14:42,720 [ERROR] LogOutputStream:75 - [STDERR_REDIRECT] WARNING: Could not lock System prefs. Unix error code 5.
2026-08-17 22:14:42,721 [ERROR] LogOutputStream:75 - [STDERR_REDIRECT] 
2026-08-17 22:14:42,721 [ERROR] LogOutputStream:75 - [STDERR_REDIRECT] Aug 17, 2026 10:14:42 PM java.util.prefs.FileSystemPreferences syncWorld
2026-08-17 22:14:42,721 [ERROR] LogOutputStream:75 - [STDERR_REDIRECT] WARNING: Couldn't flush system prefs: java.util.prefs.BackingStoreException: Couldn't get file lock.
2026-08-17 22:14:42,721 [ERROR] LogOutputStream:75 - [STDERR_REDIRECT] 
2026-08-17 22:15:12,721 [ERROR] LogOutputStream:75 - [STDERR_REDIRECT] Aug 17, 2026 10:15:12 PM java.util.prefs.FileSystemPreferences checkLockFile0ErrorCode
2026-08-17 22:15:12,721 [ERROR] LogOutputStream:75 - [STDERR_REDIRECT] WARNING: Could not lock System prefs. Unix error code 5.
2026-08-17 22:15:12,721 [ERROR] LogOutputStream:75 - [STDERR_REDIRECT] 
2026-08-17 22:15:12,721 [ERROR] LogOutputStream:75 - [STDERR_REDIRECT] Aug 17, 2026 10:15:12 PM java.util.prefs.FileSystemPreferences syncWorld
2026-08-17 22:15:12,722 [ERROR] LogOutputStream:75 - [STDERR_REDIRECT] WARNING: Couldn't flush system prefs: java.util.prefs.BackingStoreException: Couldn't get file lock.
2026-08-17 22:15:12,722 [ERROR] LogOutputStream:75 - [STDERR_REDIRECT] 
2026-08-17 22:15:42,721 [ERROR] LogOutputStream:75 - [STDERR_REDIRECT] Aug 17, 2026 10:15:42 PM java.util.prefs.FileSystemPreferences checkLockFile0ErrorCode
2026-08-17 22:15:42,721 [ERROR] LogOutputStream:75 - [STDERR_REDIRECT] WARNING: Could not lock System prefs. Unix error code 5.
2026-08-17 22:15:42,721 [ERROR] LogOutputStream:75 - [STDERR_REDIRECT] 
2026-08-17 22:15:42,722 [ERROR] LogOutputStream:75 - [STDERR_REDIRECT] Aug 17, 2026 10:15:42 PM java.util.prefs.FileSystemPreferences syncWorld
2026-08-17 22:15:42,722 [ERROR] LogOutputStream:75 - [STDERR_REDIRECT] WARNING: Couldn't flush system prefs: java.util.prefs.BackingStoreException: Couldn't get file lock.
2026-08-17 22:15:42,722 [ERROR] LogOutputStream:75 - [STDERR_REDIRECT] 
2026-08-17 22:16:12,721 [ERROR] LogOutputStream:75 - [STDERR_REDIRECT] Aug 17, 2026 10:16:12 PM java.util.prefs.FileSystemPreferences checkLockFile0ErrorCode
2026-08-17 22:16:12,721 [ERROR] LogOutputStream:75 - [STDERR_REDIRECT] WARNING: Could not lock System prefs. Unix error code 5.
2026-08-17 22:16:12,721 [ERROR] LogOutputStream:75 - [STDERR_REDIRECT] 
2026-08-17 22:16:12,721 [ERROR] LogOutputStream:75 - [STDERR_REDIRECT] Aug 17, 2026 10:16:12 PM java.util.prefs.FileSystemPreferences syncWorld
2026-08-17 22:16:12,721 [ERROR] LogOutputStream:75 - [STDERR_REDIRECT] WARNING: Couldn't flush system prefs: java.util.prefs.BackingStoreException: Couldn't get file lock.
2026-08-17 22:16:12,721 [ERROR] LogOutputStream:75 - [STDERR_REDIRECT] 
2026-08-17 22:16:42,721 [ERROR] LogOutputStream:75 - [STDERR_REDIRECT] Aug 17, 2026 10:16:42 PM java.util.prefs.FileSystemPreferences checkLockFile0ErrorCode
2026-08-17 22:16:42,721 [ERROR] LogOutputStream:75 - [STDERR_REDIRECT] WARNING: Could not lock System prefs. Unix error code 5.
2026-08-17 22:16:42,721 [ERROR] LogOutputStream:75 - [STDERR_REDIRECT] 
2026-08-17 22:16:42,721 [ERROR] LogOutputStream:75 - [STDERR_REDIRECT] Aug 17, 2026 10:16:42 PM java.util.prefs.FileSystemPreferences syncWorld
2026-08-17 22:16:42,722 [ERROR] LogOutputStream:75 - [STDERR_REDIRECT] WARNING: Couldn't flush system prefs: java.util.prefs.BackingStoreException: Couldn't get file lock.
2026-08-17 22:16:42,722 [ERROR] LogOutputStream:75 - [STDERR_REDIRECT] 
2026-08-17 22:17:12,722 [ERROR] LogOutputStream:75 - [STDERR_REDIRECT] Aug 17, 2026 10:17:12 PM java.util.prefs.FileSystemPreferences checkLockFile0ErrorCode
2026-08-17 22:17:12,722 [ERROR] LogOutputStream:75 - [STDERR_REDIRECT] WARNING: Could not lock System prefs. Unix error code 5.
2026-08-17 22:17:12,722 [ERROR] LogOutputStream:75 - [STDERR_REDIRECT] 
2026-08-17 22:17:12,723 [ERROR] LogOutputStream:75 - [STDERR_REDIRECT] Aug 17, 2026 10:17:12 PM java.util.prefs.FileSystemPreferences syncWorld
2026-08-17 22:17:12,723 [ERROR] LogOutputStream:75 - [STDERR_REDIRECT] WARNING: Couldn't flush system prefs: java.util.prefs.BackingStoreException: Couldn't get file lock.
2026-08-17 22:17:12,723 [ERROR] LogOutputStream:75 - [STDERR_REDIRECT] 
2026-08-17 22:17:42,723 [ERROR] LogOutputStream:75 - [STDERR_REDIRECT] Aug 17, 2026 10:17:42 PM java.util.prefs.FileSystemPreferences checkLockFile0ErrorCode
2026-08-17 22:17:42,724 [ERROR] LogOutputStream:75 - [STDERR_REDIRECT] WARNING: Could not lock System prefs. Unix error code 5.
2026-08-17 22:17:42,725 [ERROR] LogOutputStream:75 - [STDERR_REDIRECT] 
2026-08-17 22:17:42,725 [ERROR] LogOutputStream:75 - [STDERR_REDIRECT] Aug 17, 2026 10:17:42 PM java.util.prefs.FileSystemPreferences syncWorld
2026-08-17 22:17:42,725 [ERROR] LogOutputStream:75 - [STDERR_REDIRECT] WARNING: Couldn't flush system prefs: java.util.prefs.BackingStoreException: Couldn't get file lock.
2026-08-17 22:17:42,725 [ERROR] LogOutputStream:75 - [STDERR_REDIRECT] 
2026-08-17 22:18:12,722 [ERROR] LogOutputStream:75 - [STDERR_REDIRECT] Aug 17, 2026 10:18:12 PM java.util.prefs.FileSystemPreferences checkLockFile0ErrorCode
2026-08-17 22:18:12,722 [ERROR] LogOutputStream:75 - [STDERR_REDIRECT] WARNING: Could not lock System prefs. Unix error code 5.
2026-08-17 22:18:12,722 [ERROR] LogOutputStream:75 - [STDERR_REDIRECT] 
2026-08-17 22:18:12,723 [ERROR] LogOutputStream:75 - [STDERR_REDIRECT] Aug 17, 2026 10:18:12 PM java.util.prefs.FileSystemPreferences syncWorld
2026-08-17 22:18:12,723 [ERROR] LogOutputStream:75 - [STDERR_REDIRECT] WARNING: Couldn't flush system prefs: java.util.prefs.BackingStoreException: Couldn't get file lock.
2026-08-17 22:18:12,723 [ERROR] LogOutputStream:75 - [STDERR_REDIRECT] 
2026-08-17 22:18:42,722 [ERROR] LogOutputStream:75 - [STDERR_REDIRECT] Aug 17, 2026 10:18:42 PM java.util.prefs.FileSystemPreferences checkLockFile0ErrorCode
2026-08-17 22:18:42,722 [ERROR] LogOutputStream:75 - [STDERR_REDIRECT] WARNING: Could not lock System prefs. Unix error code 5.
2026-08-17 22:18:42,722 [ERROR] LogOutputStream:75 - [STDERR_REDIRECT] 
2026-08-17 22:18:42,724 [ERROR] LogOutputStream:75 - [STDERR_REDIRECT] Aug 17, 2026 10:18:42 PM java.util.prefs.FileSystemPreferences syncWorld
2026-08-17 22:18:42,724 [ERROR] LogOutputStream:75 - [STDERR_REDIRECT] WARNING: Couldn't flush system prefs: java.util.prefs.BackingStoreException: Couldn't get file lock.
2026-08-17 22:18:42,724 [ERROR] LogOutputStream:75 - [STDERR_REDIRECT] 
2026-08-17 22:19:12,722 [ERROR] LogOutputStream:75 - [STDERR_REDIRECT] Aug 17, 2026 10:19:12 PM java.util.prefs.FileSystemPreferences checkLockFile0ErrorCode
2026-08-17 22:19:12,722 [ERROR] LogOutputStream:75 - [STDERR_REDIRECT] WARNING: Could not lock System prefs. Unix error code 5.
2026-08-17 22:19:12,722 [ERROR] LogOutputStream:75 - [STDERR_REDIRECT] 
2026-08-17 22:19:12,723 [ERROR] LogOutputStream:75 - [STDERR_REDIRECT] Aug 17, 2026 10:19:12 PM java.util.prefs.FileSystemPreferences syncWorld
2026-08-17 22:19:12,723 [ERROR] LogOutputStream:75 - [STDERR_REDIRECT] WARNING: Couldn't flush system prefs: java.util.prefs.BackingStoreException: Couldn't get file lock.
2026-08-17 22:19:12,723 [ERROR] LogOutputStream:75 - [STDERR_REDIRECT] 
2026-08-17 22:19:42,721 [ERROR] LogOutputStream:75 - [STDERR_REDIRECT] Aug 17, 2026 10:19:42 PM java.util.prefs.FileSystemPreferences checkLockFile0ErrorCode
2026-08-17 22:19:42,722 [ERROR] LogOutputStream:75 - [STDERR_REDIRECT] WARNING: Could not lock System prefs. Unix error code 5.
2026-08-17 22:19:42,722 [ERROR] LogOutputStream:75 - [STDERR_REDIRECT] 
2026-08-17 22:19:42,722 [ERROR] LogOutputStream:75 - [STDERR_REDIRECT] Aug 17, 2026 10:19:42 PM java.util.prefs.FileSystemPreferences syncWorld
2026-08-17 22:19:42,722 [ERROR] LogOutputStream:75 - [STDERR_REDIRECT] WARNING: Couldn't flush system prefs: java.util.prefs.BackingStoreException: Couldn't get file lock.
2026-08-17 22:19:42,722 [ERROR] LogOutputStream:75 - [STDERR_REDIRECT] 
2026-08-17 22:20:12,722 [ERROR] LogOutputStream:75 - [STDERR_REDIRECT] Aug 17, 2026 10:20:12 PM java.util.prefs.FileSystemPreferences checkLockFile0ErrorCode
2026-08-17 22:20:12,722 [ERROR] LogOutputStream:75 - [STDERR_REDIRECT] WARNING: Could not lock System prefs. Unix error code 5.
2026-08-17 22:20:12,722 [ERROR] LogOutputStream:75 - [STDERR_REDIRECT] 
2026-08-17 22:20:12,722 [ERROR] LogOutputStream:75 - [STDERR_REDIRECT] Aug 17, 2026 10:20:12 PM java.util.prefs.FileSystemPreferences syncWorld
2026-08-17 22:20:12,722 [ERROR] LogOutputStream:75 - [STDERR_REDIRECT] WARNING: Couldn't flush system prefs: java.util.prefs.BackingStoreException: Couldn't get file lock.
2026-08-17 22:20:12,722 [ERROR] LogOutputStream:75 - [STDERR_REDIRECT] 
2026-08-17 22:20:42,722 [ERROR] LogOutputStream:75 - [STDERR_REDIRECT] Aug 17, 2026 10:20:42 PM java.util.prefs.FileSystemPreferences checkLockFile0ErrorCode
2026-08-17 22:20:42,722 [ERROR] LogOutputStream:75 - [STDERR_REDIRECT] WARNING: Could not lock System prefs. Unix error code 5.
2026-08-17 22:20:42,722 [ERROR] LogOutputStream:75 - [STDERR_REDIRECT] 
2026-08-17 22:20:42,722 [ERROR] LogOutputStream:75 - [STDERR_REDIRECT] Aug 17, 2026 10:20:42 PM java.util.prefs.FileSystemPreferences syncWorld
2026-08-17 22:20:42,722 [ERROR] LogOutputStream:75 - [STDERR_REDIRECT] WARNING: Couldn't flush system prefs: java.util.prefs.BackingStoreException: Couldn't get file lock.
2026-08-17 22:20:42,722 [ERROR] LogOutputStream:75 - [STDERR_REDIRECT] 
2026-08-17 22:21:12,723 [ERROR] LogOutputStream:75 - [STDERR_REDIRECT] Aug 17, 2026 10:21:12 PM java.util.prefs.FileSystemPreferences checkLockFile0ErrorCode
2026-08-17 22:21:12,723 [ERROR] LogOutputStream:75 - [STDERR_REDIRECT] WARNING: Could not lock System prefs. Unix error code 5.
2026-08-17 22:21:12,724 [ERROR] LogOutputStream:75 - [STDERR_REDIRECT] 
2026-08-17 22:21:12,724 [ERROR] LogOutputStream:75 - [STDERR_REDIRECT] Aug 17, 2026 10:21:12 PM java.util.prefs.FileSystemPreferences syncWorld
2026-08-17 22:21:12,724 [ERROR] LogOutputStream:75 - [STDERR_REDIRECT] WARNING: Couldn't flush system prefs: java.util.prefs.BackingStoreException: Couldn't get file lock.
2026-08-17 22:21:12,724 [ERROR] LogOutputStream:75 - [STDERR_REDIRECT] 
2026-08-17 22:21:42,724 [ERROR] LogOutputStream:75 - [STDERR_REDIRECT] Aug 17, 2026 10:21:42 PM java.util.prefs.FileSystemPreferences checkLockFile0ErrorCode
2026-08-17 22:21:42,725 [ERROR] LogOutputStream:75 - [STDERR_REDIRECT] WARNING: Could not lock System prefs. Unix error code 5.
2026-08-17 22:21:42,725 [ERROR] LogOutputStream:75 - [STDERR_REDIRECT] 
2026-08-17 22:21:42,725 [ERROR] LogOutputStream:75 - [STDERR_REDIRECT] Aug 17, 2026 10:21:42 PM java.util.prefs.FileSystemPreferences syncWorld
2026-08-17 22:21:42,725 [ERROR] LogOutputStream:75 - [STDERR_REDIRECT] WARNING: Couldn't flush system prefs: java.util.prefs.BackingStoreException: Couldn't get file lock.
2026-08-17 22:21:42,725 [ERROR] LogOutputStream:75 - [STDERR_REDIRECT] 
2026-08-17 22:22:12,725 [ERROR] LogOutputStream:75 - [STDERR_REDIRECT] Aug 17, 2026 10:22:12 PM java.util.prefs.FileSystemPreferences checkLockFile0ErrorCode
2026-08-17 22:22:12,725 [ERROR] LogOutputStream:75 - [STDERR_REDIRECT] WARNING: Could not lock System prefs. Unix error code 5.
2026-08-17 22:22:12,726 [ERROR] LogOutputStream:75 - [STDERR_REDIRECT] 
2026-08-17 22:22:12,726 [ERROR] LogOutputStream:75 - [STDERR_REDIRECT] Aug 17, 2026 10:22:12 PM java.util.prefs.FileSystemPreferences syncWorld
2026-08-17 22:22:12,726 [ERROR] LogOutputStream:75 - [STDERR_REDIRECT] WARNING: Couldn't flush system prefs: java.util.prefs.BackingStoreException: Couldn't get file lock.
2026-08-17 22:22:12,726 [ERROR] LogOutputStream:75 - [STDERR_REDIRECT] 
2026-08-17 22:22:42,727 [ERROR] LogOutputStream:75 - [STDERR_REDIRECT] Aug 17, 2026 10:22:42 PM java.util.prefs.FileSystemPreferences checkLockFile0ErrorCode
2026-08-17 22:22:42,728 [ERROR] LogOutputStream:75 - [STDERR_REDIRECT] WARNING: Could not lock System prefs. Unix error code 5.
2026-08-17 22:22:42,728 [ERROR] LogOutputStream:75 - [STDERR_REDIRECT] 
2026-08-17 22:22:42,728 [ERROR] LogOutputStream:75 - [STDERR_REDIRECT] Aug 17, 2026 10:22:42 PM java.util.prefs.FileSystemPreferences syncWorld
2026-08-17 22:22:42,728 [ERROR] LogOutputStream:75 - [STDERR_REDIRECT] WARNING: Couldn't flush system prefs: java.util.prefs.BackingStoreException: Couldn't get file lock.
2026-08-17 22:22:42,728 [ERROR] LogOutputStream:75 - [STDERR_REDIRECT] 
2026-08-17 22:23:12,727 [ERROR] LogOutputStream:75 - [STDERR_REDIRECT] Aug 17, 2026 10:23:12 PM java.util.prefs.FileSystemPreferences checkLockFile0ErrorCode
2026-08-17 22:23:12,727 [ERROR] LogOutputStream:75 - [STDERR_REDIRECT] WARNING: Could not lock System prefs. Unix error code 5.
2026-08-17 22:23:12,727 [ERROR] LogOutputStream:75 - [STDERR_REDIRECT] 
2026-08-17 22:23:12,727 [ERROR] LogOutputStream:75 - [STDERR_REDIRECT] Aug 17, 2026 10:23:12 PM java.util.prefs.FileSystemPreferences syncWorld
2026-08-17 22:23:12,727 [ERROR] LogOutputStream:75 - [STDERR_REDIRECT] WARNING: Couldn't flush system prefs: java.util.prefs.BackingStoreException: Couldn't get file lock.
2026-08-17 22:23:12,727 [ERROR] LogOutputStream:75 - [STDERR_REDIRECT] 
2026-08-17 22:23:42,727 [ERROR] LogOutputStream:75 - [STDERR_REDIRECT] Aug 17, 2026 10:23:42 PM java.util.prefs.FileSystemPreferences checkLockFile0ErrorCode
2026-08-17 22:23:42,727 [ERROR] LogOutputStream:75 - [STDERR_REDIRECT] WARNING: Could not lock System prefs. Unix error code 5.
2026-08-17 22:23:42,727 [ERROR] LogOutputStream:75 - [STDERR_REDIRECT] 
2026-08-17 22:23:42,728 [ERROR] LogOutputStream:75 - [STDERR_REDIRECT] Aug 17, 2026 10:23:42 PM java.util.prefs.FileSystemPreferences syncWorld
2026-08-17 22:23:42,728 [ERROR] LogOutputStream:75 - [STDERR_REDIRECT] WARNING: Couldn't flush system prefs: java.util.prefs.BackingStoreException: Couldn't get file lock.
2026-08-17 22:23:42,728 [ERROR] LogOutputStream:75 - [STDERR_REDIRECT] 
2026-08-17 22:24:12,728 [ERROR] LogOutputStream:75 - [STDERR_REDIRECT] Aug 17, 2026 10:24:12 PM java.util.prefs.FileSystemPreferences checkLockFile0ErrorCode
2026-08-17 22:24:12,728 [ERROR] LogOutputStream:75 - [STDERR_REDIRECT] WARNING: Could not lock System prefs. Unix error code 5.
2026-08-17 22:24:12,728 [ERROR] LogOutputStream:75 - [STDERR_REDIRECT] 
2026-08-17 22:24:12,729 [ERROR] LogOutputStream:75 - [STDERR_REDIRECT] Aug 17, 2026 10:24:12 PM java.util.prefs.FileSystemPreferences syncWorld
2026-08-17 22:24:12,729 [ERROR] LogOutputStream:75 - [STDERR_REDIRECT] WARNING: Couldn't flush system prefs: java.util.prefs.BackingStoreException: Couldn't get file lock.
2026-08-17 22:24:12,729 [ERROR] LogOutputStream:75 - [STDERR_REDIRECT] 
2026-08-17 22:24:42,727 [ERROR] LogOutputStream:75 - [STDERR_REDIRECT] Aug 17, 2026 10:24:42 PM java.util.prefs.FileSystemPreferences checkLockFile0ErrorCode
2026-08-17 22:24:42,728 [ERROR] LogOutputStream:75 - [STDERR_REDIRECT] WARNING: Could not lock System prefs. Unix error code 5.
2026-08-17 22:24:42,728 [ERROR] LogOutputStream:75 - [STDERR_REDIRECT] 
2026-08-17 22:24:42,728 [ERROR] LogOutputStream:75 - [STDERR_REDIRECT] Aug 17, 2026 10:24:42 PM java.util.prefs.FileSystemPreferences syncWorld
2026-08-17 22:24:42,728 [ERROR] LogOutputStream:75 - [STDERR_REDIRECT] WARNING: Couldn't flush system prefs: java.util.prefs.BackingStoreException: Couldn't get file lock.
2026-08-17 22:24:42,728 [ERROR] LogOutputStream:75 - [STDERR_REDIRECT] 
2026-08-17 22:25:12,728 [ERROR] LogOutputStream:75 - [STDERR_REDIRECT] Aug 17, 2026 10:25:12 PM java.util.prefs.FileSystemPreferences checkLockFile0ErrorCode
2026-08-17 22:25:12,728 [ERROR] LogOutputStream:75 - [STDERR_REDIRECT] WARNING: Could not lock System prefs. Unix error code 5.
2026-08-17 22:25:12,728 [ERROR] LogOutputStream:75 - [STDERR_REDIRECT] 
2026-08-17 22:25:12,729 [ERROR] LogOutputStream:75 - [STDERR_REDIRECT] Aug 17, 2026 10:25:12 PM java.util.prefs.FileSystemPreferences syncWorld
2026-08-17 22:25:12,729 [ERROR] LogOutputStream:75 - [STDERR_REDIRECT] WARNING: Couldn't flush system prefs: java.util.prefs.BackingStoreException: Couldn't get file lock.
2026-08-17 22:25:12,729 [ERROR] LogOutputStream:75 - [STDERR_REDIRECT] 
2026-08-17 22:25:42,728 [ERROR] LogOutputStream:75 - [STDERR_REDIRECT] Aug 17, 2026 10:25:42 PM java.util.prefs.FileSystemPreferences checkLockFile0ErrorCode
2026-08-17 22:25:42,728 [ERROR] LogOutputStream:75 - [STDERR_REDIRECT] WARNING: Could not lock System prefs. Unix error code 5.
2026-08-17 22:25:42,728 [ERROR] LogOutputStream:75 - [STDERR_REDIRECT] 
2026-08-17 22:25:42,728 [ERROR] LogOutputStream:75 - [STDERR_REDIRECT] Aug 17, 2026 10:25:42 PM java.util.prefs.FileSystemPreferences syncWorld
2026-08-17 22:25:42,728 [ERROR] LogOutputStream:75 - [STDERR_REDIRECT] WARNING: Couldn't flush system prefs: java.util.prefs.BackingStoreException: Couldn't get file lock.
2026-08-17 22:25:42,728 [ERROR] LogOutputStream:75 - [STDERR_REDIRECT] 
2026-08-17 22:26:12,728 [ERROR] LogOutputStream:75 - [STDERR_REDIRECT] Aug 17, 2026 10:26:12 PM java.util.prefs.FileSystemPreferences checkLockFile0ErrorCode
2026-08-17 22:26:12,728 [ERROR] LogOutputStream:75 - [STDERR_REDIRECT] WARNING: Could not lock System prefs. Unix error code 5.
2026-08-17 22:26:12,728 [ERROR] LogOutputStream:75 - [STDERR_REDIRECT] 
2026-08-17 22:26:12,729 [ERROR] LogOutputStream:75 - [STDERR_REDIRECT] Aug 17, 2026 10:26:12 PM java.util.prefs.FileSystemPreferences syncWorld
2026-08-17 22:26:12,729 [ERROR] LogOutputStream:75 - [STDERR_REDIRECT] WARNING: Couldn't flush system prefs: java.util.prefs.BackingStoreException: Couldn't get file lock.
2026-08-17 22:26:12,729 [ERROR] LogOutputStream:75 - [STDERR_REDIRECT] 
2026-08-17 22:26:42,728 [ERROR] LogOutputStream:75 - [STDERR_REDIRECT] Aug 17, 2026 10:26:42 PM java.util.prefs.FileSystemPreferences checkLockFile0ErrorCode
2026-08-17 22:26:42,729 [ERROR] LogOutputStream:75 - [STDERR_REDIRECT] WARNING: Could not lock System prefs. Unix error code 5.
2026-08-17 22:26:42,729 [ERROR] LogOutputStream:75 - [STDERR_REDIRECT] 
2026-08-17 22:26:42,729 [ERROR] LogOutputStream:75 - [STDERR_REDIRECT] Aug 17, 2026 10:26:42 PM java.util.prefs.FileSystemPreferences syncWorld
2026-08-17 22:26:42,729 [ERROR] LogOutputStream:75 - [STDERR_REDIRECT] WARNING: Couldn't flush system prefs: java.util.prefs.BackingStoreException: Couldn't get file lock.
2026-08-17 22:26:42,729 [ERROR] LogOutputStream:75 - [STDERR_REDIRECT] 
2026-08-17 22:27:12,729 [ERROR] LogOutputStream:75 - [STDERR_REDIRECT] Aug 17, 2026 10:27:12 PM java.util.prefs.FileSystemPreferences checkLockFile0ErrorCode
2026-08-17 22:27:12,729 [ERROR] LogOutputStream:75 - [STDERR_REDIRECT] WARNING: Could not lock System prefs. Unix error code 5.
2026-08-17 22:27:12,729 [ERROR] LogOutputStream:75 - [STDERR_REDIRECT] 
2026-08-17 22:27:12,729 [ERROR] LogOutputStream:75 - [STDERR_REDIRECT] Aug 17, 2026 10:27:12 PM java.util.prefs.FileSystemPreferences syncWorld
2026-08-17 22:27:12,729 [ERROR] LogOutputStream:75 - [STDERR_REDIRECT] WARNING: Couldn't flush system prefs: java.util.prefs.BackingStoreException: Couldn't get file lock.
2026-08-17 22:27:12,729 [ERROR] LogOutputStream:75 - [STDERR_REDIRECT] 
2026-08-17 22:27:42,729 [ERROR] LogOutputStream:75 - [STDERR_REDIRECT] Aug 17, 2026 10:27:42 PM java.util.prefs.FileSystemPreferences checkLockFile0ErrorCode
2026-08-17 22:27:42,729 [ERROR] LogOutputStream:75 - [STDERR_REDIRECT] WARNING: Could not lock System prefs. Unix error code 5.
2026-08-17 22:27:42,729 [ERROR] LogOutputStream:75 - [STDERR_REDIRECT] 
2026-08-17 22:27:42,729 [ERROR] LogOutputStream:75 - [STDERR_REDIRECT] Aug 17, 2026 10:27:42 PM java.util.prefs.FileSystemPreferences syncWorld
2026-08-17 22:27:42,729 [ERROR] LogOutputStream:75 - [STDERR_REDIRECT] WARNING: Couldn't flush system prefs: java.util.prefs.BackingStoreException: Couldn't get file lock.
2026-08-17 22:27:42,729 [ERROR] LogOutputStream:75 - [STDERR_REDIRECT] 
2026-08-17 22:28:12,729 [ERROR] LogOutputStream:75 - [STDERR_REDIRECT] Aug 17, 2026 10:28:12 PM java.util.prefs.FileSystemPreferences checkLockFile0ErrorCode
2026-08-17 22:28:12,729 [ERROR] LogOutputStream:75 - [STDERR_REDIRECT] WARNING: Could not lock System prefs. Unix error code 5.
2026-08-17 22:28:12,729 [ERROR] LogOutputStream:75 - [STDERR_REDIRECT] 
2026-08-17 22:28:12,729 [ERROR] LogOutputStream:75 - [STDERR_REDIRECT] Aug 17, 2026 10:28:12 PM java.util.prefs.FileSystemPreferences syncWorld
2026-08-17 22:28:12,730 [ERROR] LogOutputStream:75 - [STDERR_REDIRECT] WARNING: Couldn't flush system prefs: java.util.prefs.BackingStoreException: Couldn't get file lock.
2026-08-17 22:28:12,730 [ERROR] LogOutputStream:75 - [STDERR_REDIRECT] 
2026-08-17 22:28:42,729 [ERROR] LogOutputStream:75 - [STDERR_REDIRECT] Aug 17, 2026 10:28:42 PM java.util.prefs.FileSystemPreferences checkLockFile0ErrorCode
2026-08-17 22:28:42,729 [ERROR] LogOutputStream:75 - [STDERR_REDIRECT] WARNING: Could not lock System prefs. Unix error code 5.
2026-08-17 22:28:42,729 [ERROR] LogOutputStream:75 - [STDERR_REDIRECT] 
2026-08-17 22:28:42,729 [ERROR] LogOutputStream:75 - [STDERR_REDIRECT] Aug 17, 2026 10:28:42 PM java.util.prefs.FileSystemPreferences syncWorld
2026-08-17 22:28:42,730 [ERROR] LogOutputStream:75 - [STDERR_REDIRECT] WARNING: Couldn't flush system prefs: java.util.prefs.BackingStoreException: Couldn't get file lock.
2026-08-17 22:28:42,730 [ERROR] LogOutputStream:75 - [STDERR_REDIRECT] 
2026-08-17 22:29:12,729 [ERROR] LogOutputStream:75 - [STDERR_REDIRECT] Aug 17, 2026 10:29:12 PM java.util.prefs.FileSystemPreferences checkLockFile0ErrorCode
2026-08-17 22:29:12,729 [ERROR] LogOutputStream:75 - [STDERR_REDIRECT] WARNING: Could not lock System prefs. Unix error code 5.
2026-08-17 22:29:12,729 [ERROR] LogOutputStream:75 - [STDERR_REDIRECT] 
2026-08-17 22:29:12,729 [ERROR] LogOutputStream:75 - [STDERR_REDIRECT] Aug 17, 2026 10:29:12 PM java.util.prefs.FileSystemPreferences syncWorld
2026-08-17 22:29:12,729 [ERROR] LogOutputStream:75 - [STDERR_REDIRECT] WARNING: Couldn't flush system prefs: java.util.prefs.BackingStoreException: Couldn't get file lock.
2026-08-17 22:29:12,730 [ERROR] LogOutputStream:75 - [STDERR_REDIRECT] 
2026-08-17 22:29:42,728 [ERROR] LogOutputStream:75 - [STDERR_REDIRECT] Aug 17, 2026 10:29:42 PM java.util.prefs.FileSystemPreferences checkLockFile0ErrorCode
2026-08-17 22:29:42,728 [ERROR] LogOutputStream:75 - [STDERR_REDIRECT] WARNING: Could not lock System prefs. Unix error code 5.
2026-08-17 22:29:42,728 [ERROR] LogOutputStream:75 - [STDERR_REDIRECT] 
2026-08-17 22:29:42,729 [ERROR] LogOutputStream:75 - [STDERR_REDIRECT] Aug 17, 2026 10:29:42 PM java.util.prefs.FileSystemPreferences syncWorld
2026-08-17 22:29:42,729 [ERROR] LogOutputStream:75 - [STDERR_REDIRECT] WARNING: Couldn't flush system prefs: java.util.prefs.BackingStoreException: Couldn't get file lock.
2026-08-17 22:29:42,729 [ERROR] LogOutputStream:75 - [STDERR_REDIRECT] 
2026-08-17 22:30:12,728 [ERROR] LogOutputStream:75 - [STDERR_REDIRECT] Aug 17, 2026 10:30:12 PM java.util.prefs.FileSystemPreferences checkLockFile0ErrorCode
2026-08-17 22:30:12,729 [ERROR] LogOutputStream:75 - [STDERR_REDIRECT] WARNING: Could not lock System prefs. Unix error code 5.
2026-08-17 22:30:12,729 [ERROR] LogOutputStream:75 - [STDERR_REDIRECT] 
2026-08-17 22:30:12,729 [ERROR] LogOutputStream:75 - [STDERR_REDIRECT] Aug 17, 2026 10:30:12 PM java.util.prefs.FileSystemPreferences syncWorld
2026-08-17 22:30:12,729 [ERROR] LogOutputStream:75 - [STDERR_REDIRECT] WARNING: Couldn't flush system prefs: java.util.prefs.BackingStoreException: Couldn't get file lock.
2026-08-17 22:30:12,729 [ERROR] LogOutputStream:75 - [STDERR_REDIRECT] 
2026-08-17 22:30:42,729 [ERROR] LogOutputStream:75 - [STDERR_REDIRECT] Aug 17, 2026 10:30:42 PM java.util.prefs.FileSystemPreferences checkLockFile0ErrorCode
2026-08-17 22:30:42,729 [ERROR] LogOutputStream:75 - [STDERR_REDIRECT] WARNING: Could not lock System prefs. Unix error code 5.
2026-08-17 22:30:42,729 [ERROR] LogOutputStream:75 - [STDERR_REDIRECT] 
2026-08-17 22:30:42,729 [ERROR] LogOutputStream:75 - [STDERR_REDIRECT] Aug 17, 2026 10:30:42 PM java.util.prefs.FileSystemPreferences syncWorld
2026-08-17 22:30:42,729 [ERROR] LogOutputStream:75 - [STDERR_REDIRECT] WARNING: Couldn't flush system prefs: java.util.prefs.BackingStoreException: Couldn't get file lock.
2026-08-17 22:30:42,729 [ERROR] LogOutputStream:75 - [STDERR_REDIRECT] 
2026-08-17 22:31:12,729 [ERROR] LogOutputStream:75 - [STDERR_REDIRECT] Aug 17, 2026 10:31:12 PM java.util.prefs.FileSystemPreferences checkLockFile0ErrorCode
2026-08-17 22:31:12,730 [ERROR] LogOutputStream:75 - [STDERR_REDIRECT] WARNING: Could not lock System prefs. Unix error code 5.
2026-08-17 22:31:12,730 [ERROR] LogOutputStream:75 - [STDERR_REDIRECT] 
2026-08-17 22:31:12,730 [ERROR] LogOutputStream:75 - [STDERR_REDIRECT] Aug 17, 2026 10:31:12 PM java.util.prefs.FileSystemPreferences syncWorld
2026-08-17 22:31:12,730 [ERROR] LogOutputStream:75 - [STDERR_REDIRECT] WARNING: Couldn't flush system prefs: java.util.prefs.BackingStoreException: Couldn't get file lock.
2026-08-17 22:31:12,730 [ERROR] LogOutputStream:75 - [STDERR_REDIRECT] 
2026-08-17 22:31:42,730 [ERROR] LogOutputStream:75 - [STDERR_REDIRECT] Aug 17, 2026 10:31:42 PM java.util.prefs.FileSystemPreferences checkLockFile0ErrorCode
2026-08-17 22:31:42,730 [ERROR] LogOutputStream:75 - [STDERR_REDIRECT] WARNING: Could not lock System prefs. Unix error code 5.
2026-08-17 22:31:42,730 [ERROR] LogOutputStream:75 - [STDERR_REDIRECT] 
2026-08-17 22:31:42,731 [ERROR] LogOutputStream:75 - [STDERR_REDIRECT] Aug 17, 2026 10:31:42 PM java.util.prefs.FileSystemPreferences syncWorld
2026-08-17 22:31:42,731 [ERROR] LogOutputStream:75 - [STDERR_REDIRECT] WARNING: Couldn't flush system prefs: java.util.prefs.BackingStoreException: Couldn't get file lock.
2026-08-17 22:31:42,731 [ERROR] LogOutputStream:75 - [STDERR_REDIRECT] 
2026-08-17 22:32:12,729 [ERROR] LogOutputStream:75 - [STDERR_REDIRECT] Aug 17, 2026 10:32:12 PM java.util.prefs.FileSystemPreferences checkLockFile0ErrorCode
2026-08-17 22:32:12,730 [ERROR] LogOutputStream:75 - [STDERR_REDIRECT] WARNING: Could not lock System prefs. Unix error code 5.
2026-08-17 22:32:12,730 [ERROR] LogOutputStream:75 - [STDERR_REDIRECT] 
2026-08-17 22:32:12,730 [ERROR] LogOutputStream:75 - [STDERR_REDIRECT] Aug 17, 2026 10:32:12 PM java.util.prefs.FileSystemPreferences syncWorld
2026-08-17 22:32:12,730 [ERROR] LogOutputStream:75 - [STDERR_REDIRECT] WARNING: Couldn't flush system prefs: java.util.prefs.BackingStoreException: Couldn't get file lock.
2026-08-17 22:32:12,730 [ERROR] LogOutputStream:75 - [STDERR_REDIRECT] 
2026-08-17 22:32:42,730 [ERROR] LogOutputStream:75 - [STDERR_REDIRECT] Aug 17, 2026 10:32:42 PM java.util.prefs.FileSystemPreferences checkLockFile0ErrorCode
2026-08-17 22:32:42,731 [ERROR] LogOutputStream:75 - [STDERR_REDIRECT] WARNING: Could not lock System prefs. Unix error code 5.
2026-08-17 22:32:42,731 [ERROR] LogOutputStream:75 - [STDERR_REDIRECT] 
2026-08-17 22:32:42,731 [ERROR] LogOutputStream:75 - [STDERR_REDIRECT] Aug 17, 2026 10:32:42 PM java.util.prefs.FileSystemPreferences syncWorld
2026-08-17 22:32:42,731 [ERROR] LogOutputStream:75 - [STDERR_REDIRECT] WARNING: Couldn't flush system prefs: java.util.prefs.BackingStoreException: Couldn't get file lock.
2026-08-17 22:32:42,731 [ERROR] LogOutputStream:75 - [STDERR_REDIRECT] 
2026-08-17 22:33:12,730 [ERROR] LogOutputStream:75 - [STDERR_REDIRECT] Aug 17, 2026 10:33:12 PM java.util.prefs.FileSystemPreferences checkLockFile0ErrorCode
2026-08-17 22:33:12,730 [ERROR] LogOutputStream:75 - [STDERR_REDIRECT] WARNING: Could not lock System prefs. Unix error code 5.
2026-08-17 22:33:12,730 [ERROR] LogOutputStream:75 - [STDERR_REDIRECT] 
2026-08-17 22:33:12,730 [ERROR] LogOutputStream:75 - [STDERR_REDIRECT] Aug 17, 2026 10:33:12 PM java.util.prefs.FileSystemPreferences syncWorld
2026-08-17 22:33:12,730 [ERROR] LogOutputStream:75 - [STDERR_REDIRECT] WARNING: Couldn't flush system prefs: java.util.prefs.BackingStoreException: Couldn't get file lock.
2026-08-17 22:33:12,730 [ERROR] LogOutputStream:75 - [STDERR_REDIRECT] 
2026-08-17 22:33:42,731 [ERROR] LogOutputStream:75 - [STDERR_REDIRECT] Aug 17, 2026 10:33:42 PM java.util.prefs.FileSystemPreferences checkLockFile0ErrorCode
2026-08-17 22:33:42,731 [ERROR] LogOutputStream:75 - [STDERR_REDIRECT] WARNING: Could not lock System prefs. Unix error code 5.
2026-08-17 22:33:42,731 [ERROR] LogOutputStream:75 - [STDERR_REDIRECT] 
2026-08-17 22:33:42,731 [ERROR] LogOutputStream:75 - [STDERR_REDIRECT] Aug 17, 2026 10:33:42 PM java.util.prefs.FileSystemPreferences syncWorld
2026-08-17 22:33:42,731 [ERROR] LogOutputStream:75 - [STDERR_REDIRECT] WARNING: Couldn't flush system prefs: java.util.prefs.BackingStoreException: Couldn't get file lock.
2026-08-17 22:33:42,731 [ERROR] LogOutputStream:75 - [STDERR_REDIRECT] 
2026-08-17 22:34:12,731 [ERROR] LogOutputStream:75 - [STDERR_REDIRECT] Aug 17, 2026 10:34:12 PM java.util.prefs.FileSystemPreferences checkLockFile0ErrorCode
2026-08-17 22:34:12,731 [ERROR] LogOutputStream:75 - [STDERR_REDIRECT] WARNING: Could not lock System prefs. Unix error code 5.
2026-08-17 22:34:12,732 [ERROR] LogOutputStream:75 - [STDERR_REDIRECT] 
2026-08-17 22:34:12,732 [ERROR] LogOutputStream:75 - [STDERR_REDIRECT] Aug 17, 2026 10:34:12 PM java.util.prefs.FileSystemPreferences syncWorld
2026-08-17 22:34:12,732 [ERROR] LogOutputStream:75 - [STDERR_REDIRECT] WARNING: Couldn't flush system prefs: java.util.prefs.BackingStoreException: Couldn't get file lock.
2026-08-17 22:34:12,732 [ERROR] LogOutputStream:75 - [STDERR_REDIRECT] 
2026-08-17 22:34:42,731 [ERROR] LogOutputStream:75 - [STDERR_REDIRECT] Aug 17, 2026 10:34:42 PM java.util.prefs.FileSystemPreferences checkLockFile0ErrorCode
2026-08-17 22:34:42,731 [ERROR] LogOutputStream:75 - [STDERR_REDIRECT] WARNING: Could not lock System prefs. Unix error code 5.
2026-08-17 22:34:42,731 [ERROR] LogOutputStream:75 - [STDERR_REDIRECT] 
2026-08-17 22:34:42,731 [ERROR] LogOutputStream:75 - [STDERR_REDIRECT] Aug 17, 2026 10:34:42 PM java.util.prefs.FileSystemPreferences syncWorld
2026-08-17 22:34:42,732 [ERROR] LogOutputStream:75 - [STDERR_REDIRECT] WARNING: Couldn't flush system prefs: java.util.prefs.BackingStoreException: Couldn't get file lock.
2026-08-17 22:34:42,732 [ERROR] LogOutputStream:75 - [STDERR_REDIRECT] 
2026-08-17 22:35:12,731 [ERROR] LogOutputStream:75 - [STDERR_REDIRECT] Aug 17, 2026 10:35:12 PM java.util.prefs.FileSystemPreferences checkLockFile0ErrorCode
2026-08-17 22:35:12,731 [ERROR] LogOutputStream:75 - [STDERR_REDIRECT] WARNING: Could not lock System prefs. Unix error code 5.
2026-08-17 22:35:12,731 [ERROR] LogOutputStream:75 - [STDERR_REDIRECT] 
2026-08-17 22:35:12,731 [ERROR] LogOutputStream:75 - [STDERR_REDIRECT] Aug 17, 2026 10:35:12 PM java.util.prefs.FileSystemPreferences syncWorld
2026-08-17 22:35:12,731 [ERROR] LogOutputStream:75 - [STDERR_REDIRECT] WARNING: Couldn't flush system prefs: java.util.prefs.BackingStoreException: Couldn't get file lock.
2026-08-17 22:35:12,731 [ERROR] LogOutputStream:75 - [STDERR_REDIRECT] 
2026-08-17 22:35:42,731 [ERROR] LogOutputStream:75 - [STDERR_REDIRECT] Aug 17, 2026 10:35:42 PM java.util.prefs.FileSystemPreferences checkLockFile0ErrorCode
2026-08-17 22:35:42,731 [ERROR] LogOutputStream:75 - [STDERR_REDIRECT] WARNING: Could not lock System prefs. Unix error code 5.
2026-08-17 22:35:42,731 [ERROR] LogOutputStream:75 - [STDERR_REDIRECT] 
2026-08-17 22:35:42,731 [ERROR] LogOutputStream:75 - [STDERR_REDIRECT] Aug 17, 2026 10:35:42 PM java.util.prefs.FileSystemPreferences syncWorld
2026-08-17 22:35:42,732 [ERROR] LogOutputStream:75 - [STDERR_REDIRECT] WARNING: Couldn't flush system prefs: java.util.prefs.BackingStoreException: Couldn't get file lock.
2026-08-17 22:35:42,732 [ERROR] LogOutputStream:75 - [STDERR_REDIRECT] 
2026-08-17 22:36:12,730 [ERROR] LogOutputStream:75 - [STDERR_REDIRECT] Aug 17, 2026 10:36:12 PM java.util.prefs.FileSystemPreferences checkLockFile0ErrorCode
2026-08-17 22:36:12,730 [ERROR] LogOutputStream:75 - [STDERR_REDIRECT] WARNING: Could not lock System prefs. Unix error code 5.
2026-08-17 22:36:12,730 [ERROR] LogOutputStream:75 - [STDERR_REDIRECT] 
2026-08-17 22:36:12,731 [ERROR] LogOutputStream:75 - [STDERR_REDIRECT] Aug 17, 2026 10:36:12 PM java.util.prefs.FileSystemPreferences syncWorld
2026-08-17 22:36:12,731 [ERROR] LogOutputStream:75 - [STDERR_REDIRECT] WARNING: Couldn't flush system prefs: java.util.prefs.BackingStoreException: Couldn't get file lock.
2026-08-17 22:36:12,731 [ERROR] LogOutputStream:75 - [STDERR_REDIRECT] 
2026-08-17 22:36:42,730 [ERROR] LogOutputStream:75 - [STDERR_REDIRECT] Aug 17, 2026 10:36:42 PM java.util.prefs.FileSystemPreferences checkLockFile0ErrorCode
2026-08-17 22:36:42,731 [ERROR] LogOutputStream:75 - [STDERR_REDIRECT] WARNING: Could not lock System prefs. Unix error code 5.
2026-08-17 22:36:42,731 [ERROR] LogOutputStream:75 - [STDERR_REDIRECT] 
2026-08-17 22:36:42,731 [ERROR] LogOutputStream:75 - [STDERR_REDIRECT] Aug 17, 2026 10:36:42 PM java.util.prefs.FileSystemPreferences syncWorld
2026-08-17 22:36:42,731 [ERROR] LogOutputStream:75 - [STDERR_REDIRECT] WARNING: Couldn't flush system prefs: java.util.prefs.BackingStoreException: Couldn't get file lock.
2026-08-17 22:36:42,731 [ERROR] LogOutputStream:75 - [STDERR_REDIRECT] 
2026-08-17 22:37:12,731 [ERROR] LogOutputStream:75 - [STDERR_REDIRECT] Aug 17, 2026 10:37:12 PM java.util.prefs.FileSystemPreferences checkLockFile0ErrorCode
2026-08-17 22:37:12,731 [ERROR] LogOutputStream:75 - [STDERR_REDIRECT] WARNING: Could not lock System prefs. Unix error code 5.
2026-08-17 22:37:12,731 [ERROR] LogOutputStream:75 - [STDERR_REDIRECT] 
2026-08-17 22:37:12,731 [ERROR] LogOutputStream:75 - [STDERR_REDIRECT] Aug 17, 2026 10:37:12 PM java.util.prefs.FileSystemPreferences syncWorld
2026-08-17 22:37:12,732 [ERROR] LogOutputStream:75 - [STDERR_REDIRECT] WARNING: Couldn't flush system prefs: java.util.prefs.BackingStoreException: Couldn't get file lock.
2026-08-17 22:37:12,732 [ERROR] LogOutputStream:75 - [STDERR_REDIRECT] 
2026-08-17 22:37:42,730 [ERROR] LogOutputStream:75 - [STDERR_REDIRECT] Aug 17, 2026 10:37:42 PM java.util.prefs.FileSystemPreferences checkLockFile0ErrorCode
2026-08-17 22:37:42,730 [ERROR] LogOutputStream:75 - [STDERR_REDIRECT] WARNING: Could not lock System prefs. Unix error code 5.
2026-08-17 22:37:42,731 [ERROR] LogOutputStream:75 - [STDERR_REDIRECT] 
2026-08-17 22:37:42,731 [ERROR] LogOutputStream:75 - [STDERR_REDIRECT] Aug 17, 2026 10:37:42 PM java.util.prefs.FileSystemPreferences syncWorld
2026-08-17 22:37:42,731 [ERROR] LogOutputStream:75 - [STDERR_REDIRECT] WARNING: Couldn't flush system prefs: java.util.prefs.BackingStoreException: Couldn't get file lock.
2026-08-17 22:37:42,731 [ERROR] LogOutputStream:75 - [STDERR_REDIRECT] 
2026-08-17 22:38:12,732 [ERROR] LogOutputStream:75 - [STDERR_REDIRECT] Aug 17, 2026 10:38:12 PM java.util.prefs.FileSystemPreferences checkLockFile0ErrorCode
2026-08-17 22:38:12,732 [ERROR] LogOutputStream:75 - [STDERR_REDIRECT] WARNING: Could not lock System prefs. Unix error code 5.
2026-08-17 22:38:12,732 [ERROR] LogOutputStream:75 - [STDERR_REDIRECT] 
2026-08-17 22:38:12,732 [ERROR] LogOutputStream:75 - [STDERR_REDIRECT] Aug 17, 2026 10:38:12 PM java.util.prefs.FileSystemPreferences syncWorld
2026-08-17 22:38:12,732 [ERROR] LogOutputStream:75 - [STDERR_REDIRECT] WARNING: Couldn't flush system prefs: java.util.prefs.BackingStoreException: Couldn't get file lock.
2026-08-17 22:38:12,732 [ERROR] LogOutputStream:75 - [STDERR_REDIRECT] 
2026-08-17 22:38:42,730 [ERROR] LogOutputStream:75 - [STDERR_REDIRECT] Aug 17, 2026 10:38:42 PM java.util.prefs.FileSystemPreferences checkLockFile0ErrorCode
2026-08-17 22:38:42,731 [ERROR] LogOutputStream:75 - [STDERR_REDIRECT] WARNING: Could not lock System prefs. Unix error code 5.
2026-08-17 22:38:42,731 [ERROR] LogOutputStream:75 - [STDERR_REDIRECT] 
2026-08-17 22:38:42,731 [ERROR] LogOutputStream:75 - [STDERR_REDIRECT] Aug 17, 2026 10:38:42 PM java.util.prefs.FileSystemPreferences syncWorld
2026-08-17 22:38:42,731 [ERROR] LogOutputStream:75 - [STDERR_REDIRECT] WARNING: Couldn't flush system prefs: java.util.prefs.BackingStoreException: Couldn't get file lock.
2026-08-17 22:38:42,731 [ERROR] LogOutputStream:75 - [STDERR_REDIRECT] 
2026-08-17 22:39:12,731 [ERROR] LogOutputStream:75 - [STDERR_REDIRECT] Aug 17, 2026 10:39:12 PM java.util.prefs.FileSystemPreferences checkLockFile0ErrorCode
2026-08-17 22:39:12,731 [ERROR] LogOutputStream:75 - [STDERR_REDIRECT] WARNING: Could not lock System prefs. Unix error code 5.
2026-08-17 22:39:12,731 [ERROR] LogOutputStream:75 - [STDERR_REDIRECT] 
2026-08-17 22:39:12,731 [ERROR] LogOutputStream:75 - [STDERR_REDIRECT] Aug 17, 2026 10:39:12 PM java.util.prefs.FileSystemPreferences syncWorld
2026-08-17 22:39:12,731 [ERROR] LogOutputStream:75 - [STDERR_REDIRECT] WARNING: Couldn't flush system prefs: java.util.prefs.BackingStoreException: Couldn't get file lock.
2026-08-17 22:39:12,732 [ERROR] LogOutputStream:75 - [STDERR_REDIRECT] 
2026-08-17 22:39:42,730 [ERROR] LogOutputStream:75 - [STDERR_REDIRECT] Aug 17, 2026 10:39:42 PM java.util.prefs.FileSystemPreferences checkLockFile0ErrorCode
2026-08-17 22:39:42,730 [ERROR] LogOutputStream:75 - [STDERR_REDIRECT] WARNING: Could not lock System prefs. Unix error code 5.
2026-08-17 22:39:42,730 [ERROR] LogOutputStream:75 - [STDERR_REDIRECT] 
2026-08-17 22:39:42,731 [ERROR] LogOutputStream:75 - [STDERR_REDIRECT] Aug 17, 2026 10:39:42 PM java.util.prefs.FileSystemPreferences syncWorld
2026-08-17 22:39:42,731 [ERROR] LogOutputStream:75 - [STDERR_REDIRECT] WARNING: Couldn't flush system prefs: java.util.prefs.BackingStoreException: Couldn't get file lock.
2026-08-17 22:39:42,731 [ERROR] LogOutputStream:75 - [STDERR_REDIRECT] 
2026-08-17 22:40:12,730 [ERROR] LogOutputStream:75 - [STDERR_REDIRECT] Aug 17, 2026 10:40:12 PM java.util.prefs.FileSystemPreferences checkLockFile0ErrorCode
2026-08-17 22:40:12,731 [ERROR] LogOutputStream:75 - [STDERR_REDIRECT] WARNING: Could not lock System prefs. Unix error code 5.
2026-08-17 22:40:12,731 [ERROR] LogOutputStream:75 - [STDERR_REDIRECT] 
2026-08-17 22:40:12,731 [ERROR] LogOutputStream:75 - [STDERR_REDIRECT] Aug 17, 2026 10:40:12 PM java.util.prefs.FileSystemPreferences syncWorld
2026-08-17 22:40:12,731 [ERROR] LogOutputStream:75 - [STDERR_REDIRECT] WARNING: Couldn't flush system prefs: java.util.prefs.BackingStoreException: Couldn't get file lock.
2026-08-17 22:40:12,731 [ERROR] LogOutputStream:75 - [STDERR_REDIRECT] 
2026-08-17 22:40:42,731 [ERROR] LogOutputStream:75 - [STDERR_REDIRECT] Aug 17, 2026 10:40:42 PM java.util.prefs.FileSystemPreferences checkLockFile0ErrorCode
2026-08-17 22:40:42,731 [ERROR] LogOutputStream:75 - [STDERR_REDIRECT] WARNING: Could not lock System prefs. Unix error code 5.
2026-08-17 22:40:42,731 [ERROR] LogOutputStream:75 - [STDERR_REDIRECT] 
2026-08-17 22:40:42,731 [ERROR] LogOutputStream:75 - [STDERR_REDIRECT] Aug 17, 2026 10:40:42 PM java.util.prefs.FileSystemPreferences syncWorld
2026-08-17 22:40:42,731 [ERROR] LogOutputStream:75 - [STDERR_REDIRECT] WARNING: Couldn't flush system prefs: java.util.prefs.BackingStoreException: Couldn't get file lock.
2026-08-17 22:40:42,731 [ERROR] LogOutputStream:75 - [STDERR_REDIRECT] 
2026-08-17 22:41:12,731 [ERROR] LogOutputStream:75 - [STDERR_REDIRECT] Aug 17, 2026 10:41:12 PM java.util.prefs.FileSystemPreferences checkLockFile0ErrorCode
2026-08-17 22:41:12,731 [ERROR] LogOutputStream:75 - [STDERR_REDIRECT] WARNING: Could not lock System prefs. Unix error code 5.
2026-08-17 22:41:12,731 [ERROR] LogOutputStream:75 - [STDERR_REDIRECT] 
2026-08-17 22:41:12,732 [ERROR] LogOutputStream:75 - [STDERR_REDIRECT] Aug 17, 2026 10:41:12 PM java.util.prefs.FileSystemPreferences syncWorld
2026-08-17 22:41:12,732 [ERROR] LogOutputStream:75 - [STDERR_REDIRECT] WARNING: Couldn't flush system prefs: java.util.prefs.BackingStoreException: Couldn't get file lock.
2026-08-17 22:41:12,732 [ERROR] LogOutputStream:75 - [STDERR_REDIRECT] 
2026-08-17 22:41:42,732 [ERROR] LogOutputStream:75 - [STDERR_REDIRECT] Aug 17, 2026 10:41:42 PM java.util.prefs.FileSystemPreferences checkLockFile0ErrorCode
2026-08-17 22:41:42,732 [ERROR] LogOutputStream:75 - [STDERR_REDIRECT] WARNING: Could not lock System prefs. Unix error code 5.
2026-08-17 22:41:42,732 [ERROR] LogOutputStream:75 - [STDERR_REDIRECT] 
2026-08-17 22:41:42,732 [ERROR] LogOutputStream:75 - [STDERR_REDIRECT] Aug 17, 2026 10:41:42 PM java.util.prefs.FileSystemPreferences syncWorld
2026-08-17 22:41:42,732 [ERROR] LogOutputStream:75 - [STDERR_REDIRECT] WARNING: Couldn't flush system prefs: java.util.prefs.BackingStoreException: Couldn't get file lock.
2026-08-17 22:41:42,732 [ERROR] LogOutputStream:75 - [STDERR_REDIRECT] 
2026-08-17 22:42:12,732 [ERROR] LogOutputStream:75 - [STDERR_REDIRECT] Aug 17, 2026 10:42:12 PM java.util.prefs.FileSystemPreferences checkLockFile0ErrorCode
2026-08-17 22:42:12,732 [ERROR] LogOutputStream:75 - [STDERR_REDIRECT] WARNING: Could not lock System prefs. Unix error code 5.
2026-08-17 22:42:12,732 [ERROR] LogOutputStream:75 - [STDERR_REDIRECT] 
2026-08-17 22:42:12,732 [ERROR] LogOutputStream:75 - [STDERR_REDIRECT] Aug 17, 2026 10:42:12 PM java.util.prefs.FileSystemPreferences syncWorld
2026-08-17 22:42:12,732 [ERROR] LogOutputStream:75 - [STDERR_REDIRECT] WARNING: Couldn't flush system prefs: java.util.prefs.BackingStoreException: Couldn't get file lock.
2026-08-17 22:42:12,733 [ERROR] LogOutputStream:75 - [STDERR_REDIRECT] 
2026-08-17 22:42:42,732 [ERROR] LogOutputStream:75 - [STDERR_REDIRECT] Aug 17, 2026 10:42:42 PM java.util.prefs.FileSystemPreferences checkLockFile0ErrorCode
2026-08-17 22:42:42,732 [ERROR] LogOutputStream:75 - [STDERR_REDIRECT] WARNING: Could not lock System prefs. Unix error code 5.
2026-08-17 22:42:42,732 [ERROR] LogOutputStream:75 - [STDERR_REDIRECT] 
2026-08-17 22:42:42,733 [ERROR] LogOutputStream:75 - [STDERR_REDIRECT] Aug 17, 2026 10:42:42 PM java.util.prefs.FileSystemPreferences syncWorld
2026-08-17 22:42:42,733 [ERROR] LogOutputStream:75 - [STDERR_REDIRECT] WARNING: Couldn't flush system prefs: java.util.prefs.BackingStoreException: Couldn't get file lock.
2026-08-17 22:42:42,733 [ERROR] LogOutputStream:75 - [STDERR_REDIRECT] 
2026-08-17 22:43:12,732 [ERROR] LogOutputStream:75 - [STDERR_REDIRECT] Aug 17, 2026 10:43:12 PM java.util.prefs.FileSystemPreferences checkLockFile0ErrorCode
2026-08-17 22:43:12,732 [ERROR] LogOutputStream:75 - [STDERR_REDIRECT] WARNING: Could not lock System prefs. Unix error code 5.
2026-08-17 22:43:12,732 [ERROR] LogOutputStream:75 - [STDERR_REDIRECT] 
2026-08-17 22:43:12,732 [ERROR] LogOutputStream:75 - [STDERR_REDIRECT] Aug 17, 2026 10:43:12 PM java.util.prefs.FileSystemPreferences syncWorld
2026-08-17 22:43:12,732 [ERROR] LogOutputStream:75 - [STDERR_REDIRECT] WARNING: Couldn't flush system prefs: java.util.prefs.BackingStoreException: Couldn't get file lock.
2026-08-17 22:43:12,732 [ERROR] LogOutputStream:75 - [STDERR_REDIRECT] 
2026-08-17 22:43:42,732 [ERROR] LogOutputStream:75 - [STDERR_REDIRECT] Aug 17, 2026 10:43:42 PM java.util.prefs.FileSystemPreferences checkLockFile0ErrorCode
2026-08-17 22:43:42,732 [ERROR] LogOutputStream:75 - [STDERR_REDIRECT] WARNING: Could not lock System prefs. Unix error code 5.
2026-08-17 22:43:42,732 [ERROR] LogOutputStream:75 - [STDERR_REDIRECT] 
2026-08-17 22:43:42,732 [ERROR] LogOutputStream:75 - [STDERR_REDIRECT] Aug 17, 2026 10:43:42 PM java.util.prefs.FileSystemPreferences syncWorld
2026-08-17 22:43:42,732 [ERROR] LogOutputStream:75 - [STDERR_REDIRECT] WARNING: Couldn't flush system prefs: java.util.prefs.BackingStoreException: Couldn't get file lock.
2026-08-17 22:43:42,732 [ERROR] LogOutputStream:75 - [STDERR_REDIRECT] 
2026-08-17 22:44:12,733 [ERROR] LogOutputStream:75 - [STDERR_REDIRECT] Aug 17, 2026 10:44:12 PM java.util.prefs.FileSystemPreferences checkLockFile0ErrorCode
2026-08-17 22:44:12,733 [ERROR] LogOutputStream:75 - [STDERR_REDIRECT] WARNING: Could not lock System prefs. Unix error code 5.
2026-08-17 22:44:12,733 [ERROR] LogOutputStream:75 - [STDERR_REDIRECT] 
2026-08-17 22:44:12,733 [ERROR] LogOutputStream:75 - [STDERR_REDIRECT] Aug 17, 2026 10:44:12 PM java.util.prefs.FileSystemPreferences syncWorld
2026-08-17 22:44:12,733 [ERROR] LogOutputStream:75 - [STDERR_REDIRECT] WARNING: Couldn't flush system prefs: java.util.prefs.BackingStoreException: Couldn't get file lock.
2026-08-17 22:44:12,733 [ERROR] LogOutputStream:75 - [STDERR_REDIRECT] 
2026-08-17 22:44:42,733 [ERROR] LogOutputStream:75 - [STDERR_REDIRECT] Aug 17, 2026 10:44:42 PM java.util.prefs.FileSystemPreferences checkLockFile0ErrorCode
2026-08-17 22:44:42,733 [ERROR] LogOutputStream:75 - [STDERR_REDIRECT] WARNING: Could not lock System prefs. Unix error code 5.
2026-08-17 22:44:42,733 [ERROR] LogOutputStream:75 - [STDERR_REDIRECT] 
2026-08-17 22:44:42,734 [ERROR] LogOutputStream:75 - [STDERR_REDIRECT] Aug 17, 2026 10:44:42 PM java.util.prefs.FileSystemPreferences syncWorld
2026-08-17 22:44:42,734 [ERROR] LogOutputStream:75 - [STDERR_REDIRECT] WARNING: Couldn't flush system prefs: java.util.prefs.BackingStoreException: Couldn't get file lock.
2026-08-17 22:44:42,734 [ERROR] LogOutputStream:75 - [STDERR_REDIRECT] 
2026-08-17 22:45:12,733 [ERROR] LogOutputStream:75 - [STDERR_REDIRECT] Aug 17, 2026 10:45:12 PM java.util.prefs.FileSystemPreferences checkLockFile0ErrorCode
2026-08-17 22:45:12,733 [ERROR] LogOutputStream:75 - [STDERR_REDIRECT] WARNING: Could not lock System prefs. Unix error code 5.
2026-08-17 22:45:12,734 [ERROR] LogOutputStream:75 - [STDERR_REDIRECT] 
2026-08-17 22:45:12,734 [ERROR] LogOutputStream:75 - [STDERR_REDIRECT] Aug 17, 2026 10:45:12 PM java.util.prefs.FileSystemPreferences syncWorld
2026-08-17 22:45:12,734 [ERROR] LogOutputStream:75 - [STDERR_REDIRECT] WARNING: Couldn't flush system prefs: java.util.prefs.BackingStoreException: Couldn't get file lock.
2026-08-17 22:45:12,734 [ERROR] LogOutputStream:75 - [STDERR_REDIRECT] 
2026-08-17 22:45:42,734 [ERROR] LogOutputStream:75 - [STDERR_REDIRECT] Aug 17, 2026 10:45:42 PM java.util.prefs.FileSystemPreferences checkLockFile0ErrorCode
2026-08-17 22:45:42,734 [ERROR] LogOutputStream:75 - [STDERR_REDIRECT] WARNING: Could not lock System prefs. Unix error code 5.
2026-08-17 22:45:42,734 [ERROR] LogOutputStream:75 - [STDERR_REDIRECT] 
2026-08-17 22:45:42,734 [ERROR] LogOutputStream:75 - [STDERR_REDIRECT] Aug 17, 2026 10:45:42 PM java.util.prefs.FileSystemPreferences syncWorld
2026-08-17 22:45:42,734 [ERROR] LogOutputStream:75 - [STDERR_REDIRECT] WARNING: Couldn't flush system prefs: java.util.prefs.BackingStoreException: Couldn't get file lock.
2026-08-17 22:45:42,734 [ERROR] LogOutputStream:75 - [STDERR_REDIRECT] 
2026-08-17 22:46:12,734 [ERROR] LogOutputStream:75 - [STDERR_REDIRECT] Aug 17, 2026 10:46:12 PM java.util.prefs.FileSystemPreferences checkLockFile0ErrorCode
2026-08-17 22:46:12,734 [ERROR] LogOutputStream:75 - [STDERR_REDIRECT] WARNING: Could not lock System prefs. Unix error code 5.
2026-08-17 22:46:12,734 [ERROR] LogOutputStream:75 - [STDERR_REDIRECT] 
2026-08-17 22:46:12,734 [ERROR] LogOutputStream:75 - [STDERR_REDIRECT] Aug 17, 2026 10:46:12 PM java.util.prefs.FileSystemPreferences syncWorld
2026-08-17 22:46:12,734 [ERROR] LogOutputStream:75 - [STDERR_REDIRECT] WARNING: Couldn't flush system prefs: java.util.prefs.BackingStoreException: Couldn't get file lock.
2026-08-17 22:46:12,734 [ERROR] LogOutputStream:75 - [STDERR_REDIRECT] 
2026-08-17 22:46:42,736 [ERROR] LogOutputStream:75 - [STDERR_REDIRECT] Aug 17, 2026 10:46:42 PM java.util.prefs.FileSystemPreferences checkLockFile0ErrorCode
2026-08-17 22:46:42,736 [ERROR] LogOutputStream:75 - [STDERR_REDIRECT] WARNING: Could not lock System prefs. Unix error code 5.
2026-08-17 22:46:42,736 [ERROR] LogOutputStream:75 - [STDERR_REDIRECT] 
2026-08-17 22:46:42,736 [ERROR] LogOutputStream:75 - [STDERR_REDIRECT] Aug 17, 2026 10:46:42 PM java.util.prefs.FileSystemPreferences syncWorld
2026-08-17 22:46:42,738 [ERROR] LogOutputStream:75 - [STDERR_REDIRECT] WARNING: Couldn't flush system prefs: java.util.prefs.BackingStoreException: Couldn't get file lock.
2026-08-17 22:46:42,738 [ERROR] LogOutputStream:75 - [STDERR_REDIRECT] 
2026-08-17 22:47:12,734 [ERROR] LogOutputStream:75 - [STDERR_REDIRECT] Aug 17, 2026 10:47:12 PM java.util.prefs.FileSystemPreferences checkLockFile0ErrorCode
2026-08-17 22:47:12,735 [ERROR] LogOutputStream:75 - [STDERR_REDIRECT] WARNING: Could not lock System prefs. Unix error code 5.
2026-08-17 22:47:12,735 [ERROR] LogOutputStream:75 - [STDERR_REDIRECT] 
2026-08-17 22:47:12,735 [ERROR] LogOutputStream:75 - [STDERR_REDIRECT] Aug 17, 2026 10:47:12 PM java.util.prefs.FileSystemPreferences syncWorld
2026-08-17 22:47:12,735 [ERROR] LogOutputStream:75 - [STDERR_REDIRECT] WARNING: Couldn't flush system prefs: java.util.prefs.BackingStoreException: Couldn't get file lock.
2026-08-17 22:47:12,735 [ERROR] LogOutputStream:75 - [STDERR_REDIRECT] 
2026-08-17 22:47:42,735 [ERROR] LogOutputStream:75 - [STDERR_REDIRECT] Aug 17, 2026 10:47:42 PM java.util.prefs.FileSystemPreferences checkLockFile0ErrorCode
2026-08-17 22:47:42,735 [ERROR] LogOutputStream:75 - [STDERR_REDIRECT] WARNING: Could not lock System prefs. Unix error code 5.
2026-08-17 22:47:42,735 [ERROR] LogOutputStream:75 - [STDERR_REDIRECT] 
2026-08-17 22:47:42,736 [ERROR] LogOutputStream:75 - [STDERR_REDIRECT] Aug 17, 2026 10:47:42 PM java.util.prefs.FileSystemPreferences syncWorld
2026-08-17 22:47:42,736 [ERROR] LogOutputStream:75 - [STDERR_REDIRECT] WARNING: Couldn't flush system prefs: java.util.prefs.BackingStoreException: Couldn't get file lock.
2026-08-17 22:47:42,736 [ERROR] LogOutputStream:75 - [STDERR_REDIRECT] 
2026-08-17 22:48:12,735 [ERROR] LogOutputStream:75 - [STDERR_REDIRECT] Aug 17, 2026 10:48:12 PM java.util.prefs.FileSystemPreferences checkLockFile0ErrorCode
2026-08-17 22:48:12,735 [ERROR] LogOutputStream:75 - [STDERR_REDIRECT] WARNING: Could not lock System prefs. Unix error code 5.
2026-08-17 22:48:12,735 [ERROR] LogOutputStream:75 - [STDERR_REDIRECT] 
2026-08-17 22:48:12,735 [ERROR] LogOutputStream:75 - [STDERR_REDIRECT] Aug 17, 2026 10:48:12 PM java.util.prefs.FileSystemPreferences syncWorld
2026-08-17 22:48:12,735 [ERROR] LogOutputStream:75 - [STDERR_REDIRECT] WARNING: Couldn't flush system prefs: java.util.prefs.BackingStoreException: Couldn't get file lock.
2026-08-17 22:48:12,735 [ERROR] LogOutputStream:75 - [STDERR_REDIRECT] 
2026-08-17 22:48:42,735 [ERROR] LogOutputStream:75 - [STDERR_REDIRECT] Aug 17, 2026 10:48:42 PM java.util.prefs.FileSystemPreferences checkLockFile0ErrorCode
2026-08-17 22:48:42,735 [ERROR] LogOutputStream:75 - [STDERR_REDIRECT] WARNING: Could not lock System prefs. Unix error code 5.
2026-08-17 22:48:42,735 [ERROR] LogOutputStream:75 - [STDERR_REDIRECT] 
2026-08-17 22:48:42,736 [ERROR] LogOutputStream:75 - [STDERR_REDIRECT] Aug 17, 2026 10:48:42 PM java.util.prefs.FileSystemPreferences syncWorld
2026-08-17 22:48:42,736 [ERROR] LogOutputStream:75 - [STDERR_REDIRECT] WARNING: Couldn't flush system prefs: java.util.prefs.BackingStoreException: Couldn't get file lock.
2026-08-17 22:48:42,736 [ERROR] LogOutputStream:75 - [STDERR_REDIRECT] 
2026-08-17 22:49:12,734 [ERROR] LogOutputStream:75 - [STDERR_REDIRECT] Aug 17, 2026 10:49:12 PM java.util.prefs.FileSystemPreferences checkLockFile0ErrorCode
2026-08-17 22:49:12,735 [ERROR] LogOutputStream:75 - [STDERR_REDIRECT] WARNING: Could not lock System prefs. Unix error code 5.
2026-08-17 22:49:12,735 [ERROR] LogOutputStream:75 - [STDERR_REDIRECT] 
2026-08-17 22:49:12,735 [ERROR] LogOutputStream:75 - [STDERR_REDIRECT] Aug 17, 2026 10:49:12 PM java.util.prefs.FileSystemPreferences syncWorld
2026-08-17 22:49:12,735 [ERROR] LogOutputStream:75 - [STDERR_REDIRECT] WARNING: Couldn't flush system prefs: java.util.prefs.BackingStoreException: Couldn't get file lock.
2026-08-17 22:49:12,735 [ERROR] LogOutputStream:75 - [STDERR_REDIRECT] 
2026-08-17 22:49:42,735 [ERROR] LogOutputStream:75 - [STDERR_REDIRECT] Aug 17, 2026 10:49:42 PM java.util.prefs.FileSystemPreferences checkLockFile0ErrorCode
2026-08-17 22:49:42,735 [ERROR] LogOutputStream:75 - [STDERR_REDIRECT] WARNING: Could not lock System prefs. Unix error code 5.
2026-08-17 22:49:42,735 [ERROR] LogOutputStream:75 - [STDERR_REDIRECT] 
2026-08-17 22:49:42,735 [ERROR] LogOutputStream:75 - [STDERR_REDIRECT] Aug 17, 2026 10:49:42 PM java.util.prefs.FileSystemPreferences syncWorld
2026-08-17 22:49:42,736 [ERROR] LogOutputStream:75 - [STDERR_REDIRECT] WARNING: Couldn't flush system prefs: java.util.prefs.BackingStoreException: Couldn't get file lock.
2026-08-17 22:49:42,736 [ERROR] LogOutputStream:75 - [STDERR_REDIRECT] 
2026-08-17 22:50:12,734 [ERROR] LogOutputStream:75 - [STDERR_REDIRECT] Aug 17, 2026 10:50:12 PM java.util.prefs.FileSystemPreferences checkLockFile0ErrorCode
2026-08-17 22:50:12,734 [ERROR] LogOutputStream:75 - [STDERR_REDIRECT] WARNING: Could not lock System prefs. Unix error code 5.
2026-08-17 22:50:12,735 [ERROR] LogOutputStream:75 - [STDERR_REDIRECT] 
2026-08-17 22:50:12,735 [ERROR] LogOutputStream:75 - [STDERR_REDIRECT] Aug 17, 2026 10:50:12 PM java.util.prefs.FileSystemPreferences syncWorld
2026-08-17 22:50:12,735 [ERROR] LogOutputStream:75 - [STDERR_REDIRECT] WARNING: Couldn't flush system prefs: java.util.prefs.BackingStoreException: Couldn't get file lock.
2026-08-17 22:50:12,735 [ERROR] LogOutputStream:75 - [STDERR_REDIRECT] 
2026-08-17 22:50:42,735 [ERROR] LogOutputStream:75 - [STDERR_REDIRECT] Aug 17, 2026 10:50:42 PM java.util.prefs.FileSystemPreferences checkLockFile0ErrorCode
2026-08-17 22:50:42,735 [ERROR] LogOutputStream:75 - [STDERR_REDIRECT] WARNING: Could not lock System prefs. Unix error code 5.
2026-08-17 22:50:42,735 [ERROR] LogOutputStream:75 - [STDERR_REDIRECT] 
2026-08-17 22:50:42,736 [ERROR] LogOutputStream:75 - [STDERR_REDIRECT] Aug 17, 2026 10:50:42 PM java.util.prefs.FileSystemPreferences syncWorld
2026-08-17 22:50:42,736 [ERROR] LogOutputStream:75 - [STDERR_REDIRECT] WARNING: Couldn't flush system prefs: java.util.prefs.BackingStoreException: Couldn't get file lock.
2026-08-17 22:50:42,736 [ERROR] LogOutputStream:75 - [STDERR_REDIRECT] 
2026-08-17 22:51:12,734 [ERROR] LogOutputStream:75 - [STDERR_REDIRECT] Aug 17, 2026 10:51:12 PM java.util.prefs.FileSystemPreferences checkLockFile0ErrorCode
2026-08-17 22:51:12,735 [ERROR] LogOutputStream:75 - [STDERR_REDIRECT] WARNING: Could not lock System prefs. Unix error code 5.
2026-08-17 22:51:12,735 [ERROR] LogOutputStream:75 - [STDERR_REDIRECT] 
2026-08-17 22:51:12,735 [ERROR] LogOutputStream:75 - [STDERR_REDIRECT] Aug 17, 2026 10:51:12 PM java.util.prefs.FileSystemPreferences syncWorld
2026-08-17 22:51:12,735 [ERROR] LogOutputStream:75 - [STDERR_REDIRECT] WARNING: Couldn't flush system prefs: java.util.prefs.BackingStoreException: Couldn't get file lock.
2026-08-17 22:51:12,735 [ERROR] LogOutputStream:75 - [STDERR_REDIRECT] 
2026-08-17 22:51:42,736 [ERROR] LogOutputStream:75 - [STDERR_REDIRECT] Aug 17, 2026 10:51:42 PM java.util.prefs.FileSystemPreferences checkLockFile0ErrorCode
2026-08-17 22:51:42,736 [ERROR] LogOutputStream:75 - [STDERR_REDIRECT] WARNING: Could not lock System prefs. Unix error code 5.
2026-08-17 22:51:42,736 [ERROR] LogOutputStream:75 - [STDERR_REDIRECT] 
2026-08-17 22:51:42,736 [ERROR] LogOutputStream:75 - [STDERR_REDIRECT] Aug 17, 2026 10:51:42 PM java.util.prefs.FileSystemPreferences syncWorld
2026-08-17 22:51:42,736 [ERROR] LogOutputStream:75 - [STDERR_REDIRECT] WARNING: Couldn't flush system prefs: java.util.prefs.BackingStoreException: Couldn't get file lock.
2026-08-17 22:51:42,736 [ERROR] LogOutputStream:75 - [STDERR_REDIRECT] 
2026-08-17 22:52:12,736 [ERROR] LogOutputStream:75 - [STDERR_REDIRECT] Aug 17, 2026 10:52:12 PM java.util.prefs.FileSystemPreferences checkLockFile0ErrorCode
2026-08-17 22:52:12,736 [ERROR] LogOutputStream:75 - [STDERR_REDIRECT] WARNING: Could not lock System prefs. Unix error code 5.
2026-08-17 22:52:12,736 [ERROR] LogOutputStream:75 - [STDERR_REDIRECT] 
2026-08-17 22:52:12,736 [ERROR] LogOutputStream:75 - [STDERR_REDIRECT] Aug 17, 2026 10:52:12 PM java.util.prefs.FileSystemPreferences syncWorld
2026-08-17 22:52:12,736 [ERROR] LogOutputStream:75 - [STDERR_REDIRECT] WARNING: Couldn't flush system prefs: java.util.prefs.BackingStoreException: Couldn't get file lock.
2026-08-17 22:52:12,737 [ERROR] LogOutputStream:75 - [STDERR_REDIRECT] 
2026-08-17 22:52:42,735 [ERROR] LogOutputStream:75 - [STDERR_REDIRECT] Aug 17, 2026 10:52:42 PM java.util.prefs.FileSystemPreferences checkLockFile0ErrorCode
2026-08-17 22:52:42,735 [ERROR] LogOutputStream:75 - [STDERR_REDIRECT] WARNING: Could not lock System prefs. Unix error code 5.
2026-08-17 22:52:42,735 [ERROR] LogOutputStream:75 - [STDERR_REDIRECT] 
2026-08-17 22:52:42,735 [ERROR] LogOutputStream:75 - [STDERR_REDIRECT] Aug 17, 2026 10:52:42 PM java.util.prefs.FileSystemPreferences syncWorld
2026-08-17 22:52:42,736 [ERROR] LogOutputStream:75 - [STDERR_REDIRECT] WARNING: Couldn't flush system prefs: java.util.prefs.BackingStoreException: Couldn't get file lock.
2026-08-17 22:52:42,736 [ERROR] LogOutputStream:75 - [STDERR_REDIRECT] 
2026-08-17 22:53:12,736 [ERROR] LogOutputStream:75 - [STDERR_REDIRECT] Aug 17, 2026 10:53:12 PM java.util.prefs.FileSystemPreferences checkLockFile0ErrorCode
2026-08-17 22:53:12,736 [ERROR] LogOutputStream:75 - [STDERR_REDIRECT] WARNING: Could not lock System prefs. Unix error code 5.
2026-08-17 22:53:12,736 [ERROR] LogOutputStream:75 - [STDERR_REDIRECT] 
2026-08-17 22:53:12,736 [ERROR] LogOutputStream:75 - [STDERR_REDIRECT] Aug 17, 2026 10:53:12 PM java.util.prefs.FileSystemPreferences syncWorld
2026-08-17 22:53:12,736 [ERROR] LogOutputStream:75 - [STDERR_REDIRECT] WARNING: Couldn't flush system prefs: java.util.prefs.BackingStoreException: Couldn't get file lock.
2026-08-17 22:53:12,736 [ERROR] LogOutputStream:75 - [STDERR_REDIRECT] 
2026-08-17 22:53:42,736 [ERROR] LogOutputStream:75 - [STDERR_REDIRECT] Aug 17, 2026 10:53:42 PM java.util.prefs.FileSystemPreferences checkLockFile0ErrorCode
2026-08-17 22:53:42,736 [ERROR] LogOutputStream:75 - [STDERR_REDIRECT] WARNING: Could not lock System prefs. Unix error code 5.
2026-08-17 22:53:42,736 [ERROR] LogOutputStream:75 - [STDERR_REDIRECT] 
2026-08-17 22:53:42,736 [ERROR] LogOutputStream:75 - [STDERR_REDIRECT] Aug 17, 2026 10:53:42 PM java.util.prefs.FileSystemPreferences syncWorld
2026-08-17 22:53:42,736 [ERROR] LogOutputStream:75 - [STDERR_REDIRECT] WARNING: Couldn't flush system prefs: java.util.prefs.BackingStoreException: Couldn't get file lock.
2026-08-17 22:53:42,736 [ERROR] LogOutputStream:75 - [STDERR_REDIRECT] 
2026-08-17 22:54:12,737 [ERROR] LogOutputStream:75 - [STDERR_REDIRECT] Aug 17, 2026 10:54:12 PM java.util.prefs.FileSystemPreferences checkLockFile0ErrorCode
2026-08-17 22:54:12,737 [ERROR] LogOutputStream:75 - [STDERR_REDIRECT] WARNING: Could not lock System prefs. Unix error code 5.
2026-08-17 22:54:12,737 [ERROR] LogOutputStream:75 - [STDERR_REDIRECT] 
2026-08-17 22:54:12,737 [ERROR] LogOutputStream:75 - [STDERR_REDIRECT] Aug 17, 2026 10:54:12 PM java.util.prefs.FileSystemPreferences syncWorld
2026-08-17 22:54:12,737 [ERROR] LogOutputStream:75 - [STDERR_REDIRECT] WARNING: Couldn't flush system prefs: java.util.prefs.BackingStoreException: Couldn't get file lock.
2026-08-17 22:54:12,737 [ERROR] LogOutputStream:75 - [STDERR_REDIRECT] 
2026-08-17 22:54:42,737 [ERROR] LogOutputStream:75 - [STDERR_REDIRECT] Aug 17, 2026 10:54:42 PM java.util.prefs.FileSystemPreferences checkLockFile0ErrorCode
2026-08-17 22:54:42,737 [ERROR] LogOutputStream:75 - [STDERR_REDIRECT] WARNING: Could not lock System prefs. Unix error code 5.
2026-08-17 22:54:42,737 [ERROR] LogOutputStream:75 - [STDERR_REDIRECT] 
2026-08-17 22:54:42,737 [ERROR] LogOutputStream:75 - [STDERR_REDIRECT] Aug 17, 2026 10:54:42 PM java.util.prefs.FileSystemPreferences syncWorld
2026-08-17 22:54:42,737 [ERROR] LogOutputStream:75 - [STDERR_REDIRECT] WARNING: Couldn't flush system prefs: java.util.prefs.BackingStoreException: Couldn't get file lock.
2026-08-17 22:54:42,737 [ERROR] LogOutputStream:75 - [STDERR_REDIRECT] 
2026-08-17 22:55:12,737 [ERROR] LogOutputStream:75 - [STDERR_REDIRECT] Aug 17, 2026 10:55:12 PM java.util.prefs.FileSystemPreferences checkLockFile0ErrorCode
2026-08-17 22:55:12,737 [ERROR] LogOutputStream:75 - [STDERR_REDIRECT] WARNING: Could not lock System prefs. Unix error code 5.
2026-08-17 22:55:12,737 [ERROR] LogOutputStream:75 - [STDERR_REDIRECT] 
2026-08-17 22:55:12,738 [ERROR] LogOutputStream:75 - [STDERR_REDIRECT] Aug 17, 2026 10:55:12 PM java.util.prefs.FileSystemPreferences syncWorld
2026-08-17 22:55:12,738 [ERROR] LogOutputStream:75 - [STDERR_REDIRECT] WARNING: Couldn't flush system prefs: java.util.prefs.BackingStoreException: Couldn't get file lock.
2026-08-17 22:55:12,738 [ERROR] LogOutputStream:75 - [STDERR_REDIRECT] 
2026-08-17 22:55:42,737 [ERROR] LogOutputStream:75 - [STDERR_REDIRECT] Aug 17, 2026 10:55:42 PM java.util.prefs.FileSystemPreferences checkLockFile0ErrorCode
2026-08-17 22:55:42,738 [ERROR] LogOutputStream:75 - [STDERR_REDIRECT] WARNING: Could not lock System prefs. Unix error code 5.
2026-08-17 22:55:42,738 [ERROR] LogOutputStream:75 - [STDERR_REDIRECT] 
2026-08-17 22:55:42,738 [ERROR] LogOutputStream:75 - [STDERR_REDIRECT] Aug 17, 2026 10:55:42 PM java.util.prefs.FileSystemPreferences syncWorld
2026-08-17 22:55:42,738 [ERROR] LogOutputStream:75 - [STDERR_REDIRECT] WARNING: Couldn't flush system prefs: java.util.prefs.BackingStoreException: Couldn't get file lock.
2026-08-17 22:55:42,738 [ERROR] LogOutputStream:75 - [STDERR_REDIRECT] 
2026-08-17 22:56:12,740 [ERROR] LogOutputStream:75 - [STDERR_REDIRECT] Aug 17, 2026 10:56:12 PM java.util.prefs.FileSystemPreferences checkLockFile0ErrorCode
2026-08-17 22:56:12,740 [ERROR] LogOutputStream:75 - [STDERR_REDIRECT] WARNING: Could not lock System prefs. Unix error code 5.
2026-08-17 22:56:12,740 [ERROR] LogOutputStream:75 - [STDERR_REDIRECT] 
2026-08-17 22:56:12,741 [ERROR] LogOutputStream:75 - [STDERR_REDIRECT] Aug 17, 2026 10:56:12 PM java.util.prefs.FileSystemPreferences syncWorld
2026-08-17 22:56:12,741 [ERROR] LogOutputStream:75 - [STDERR_REDIRECT] WARNING: Couldn't flush system prefs: java.util.prefs.BackingStoreException: Couldn't get file lock.
2026-08-17 22:56:12,741 [ERROR] LogOutputStream:75 - [STDERR_REDIRECT] 
2026-08-17 22:56:42,739 [ERROR] LogOutputStream:75 - [STDERR_REDIRECT] Aug 17, 2026 10:56:42 PM java.util.prefs.FileSystemPreferences checkLockFile0ErrorCode
2026-08-17 22:56:42,757 [ERROR] LogOutputStream:75 - [STDERR_REDIRECT] WARNING: Could not lock System prefs. Unix error code 5.
2026-08-17 22:56:42,758 [ERROR] LogOutputStream:75 - [STDERR_REDIRECT] 
2026-08-17 22:56:42,758 [ERROR] LogOutputStream:75 - [STDERR_REDIRECT] Aug 17, 2026 10:56:42 PM java.util.prefs.FileSystemPreferences syncWorld
2026-08-17 22:56:42,759 [ERROR] LogOutputStream:75 - [STDERR_REDIRECT] WARNING: Couldn't flush system prefs: java.util.prefs.BackingStoreException: Couldn't get file lock.
2026-08-17 22:56:42,759 [ERROR] LogOutputStream:75 - [STDERR_REDIRECT] 
2026-08-17 22:57:12,740 [ERROR] LogOutputStream:75 - [STDERR_REDIRECT] Aug 17, 2026 10:57:12 PM java.util.prefs.FileSystemPreferences checkLockFile0ErrorCode
2026-08-17 22:57:12,740 [ERROR] LogOutputStream:75 - [STDERR_REDIRECT] WARNING: Could not lock System prefs. Unix error code 5.
2026-08-17 22:57:12,740 [ERROR] LogOutputStream:75 - [STDERR_REDIRECT] 
2026-08-17 22:57:12,740 [ERROR] LogOutputStream:75 - [STDERR_REDIRECT] Aug 17, 2026 10:57:12 PM java.util.prefs.FileSystemPreferences syncWorld
2026-08-17 22:57:12,740 [ERROR] LogOutputStream:75 - [STDERR_REDIRECT] WARNING: Couldn't flush system prefs: java.util.prefs.BackingStoreException: Couldn't get file lock.
2026-08-17 22:57:12,740 [ERROR] LogOutputStream:75 - [STDERR_REDIRECT] 
2026-08-17 22:57:42,739 [ERROR] LogOutputStream:75 - [STDERR_REDIRECT] Aug 17, 2026 10:57:42 PM java.util.prefs.FileSystemPreferences checkLockFile0ErrorCode
2026-08-17 22:57:42,739 [ERROR] LogOutputStream:75 - [STDERR_REDIRECT] WARNING: Could not lock System prefs. Unix error code 5.
2026-08-17 22:57:42,739 [ERROR] LogOutputStream:75 - [STDERR_REDIRECT] 
2026-08-17 22:57:42,740 [ERROR] LogOutputStream:75 - [STDERR_REDIRECT] Aug 17, 2026 10:57:42 PM java.util.prefs.FileSystemPreferences syncWorld
2026-08-17 22:57:42,740 [ERROR] LogOutputStream:75 - [STDERR_REDIRECT] WARNING: Couldn't flush system prefs: java.util.prefs.BackingStoreException: Couldn't get file lock.
2026-08-17 22:57:42,740 [ERROR] LogOutputStream:75 - [STDERR_REDIRECT] 
2026-08-17 22:58:12,738 [ERROR] LogOutputStream:75 - [STDERR_REDIRECT] Aug 17, 2026 10:58:12 PM java.util.prefs.FileSystemPreferences checkLockFile0ErrorCode
2026-08-17 22:58:12,738 [ERROR] LogOutputStream:75 - [STDERR_REDIRECT] WARNING: Could not lock System prefs. Unix error code 5.
2026-08-17 22:58:12,738 [ERROR] LogOutputStream:75 - [STDERR_REDIRECT] 
2026-08-17 22:58:12,739 [ERROR] LogOutputStream:75 - [STDERR_REDIRECT] Aug 17, 2026 10:58:12 PM java.util.prefs.FileSystemPreferences syncWorld
2026-08-17 22:58:12,739 [ERROR] LogOutputStream:75 - [STDERR_REDIRECT] WARNING: Couldn't flush system prefs: java.util.prefs.BackingStoreException: Couldn't get file lock.
2026-08-17 22:58:12,739 [ERROR] LogOutputStream:75 - [STDERR_REDIRECT] 
2026-08-17 22:58:42,738 [ERROR] LogOutputStream:75 - [STDERR_REDIRECT] Aug 17, 2026 10:58:42 PM java.util.prefs.FileSystemPreferences checkLockFile0ErrorCode
2026-08-17 22:58:42,739 [ERROR] LogOutputStream:75 - [STDERR_REDIRECT] WARNING: Could not lock System prefs. Unix error code 5.
2026-08-17 22:58:42,739 [ERROR] LogOutputStream:75 - [STDERR_REDIRECT] 
2026-08-17 22:58:42,739 [ERROR] LogOutputStream:75 - [STDERR_REDIRECT] Aug 17, 2026 10:58:42 PM java.util.prefs.FileSystemPreferences syncWorld
2026-08-17 22:58:42,739 [ERROR] LogOutputStream:75 - [STDERR_REDIRECT] WARNING: Couldn't flush system prefs: java.util.prefs.BackingStoreException: Couldn't get file lock.
2026-08-17 22:58:42,739 [ERROR] LogOutputStream:75 - [STDERR_REDIRECT] 
2026-08-17 22:59:12,739 [ERROR] LogOutputStream:75 - [STDERR_REDIRECT] Aug 17, 2026 10:59:12 PM java.util.prefs.FileSystemPreferences checkLockFile0ErrorCode
2026-08-17 22:59:12,739 [ERROR] LogOutputStream:75 - [STDERR_REDIRECT] WARNING: Could not lock System prefs. Unix error code 5.
2026-08-17 22:59:12,756 [ERROR] LogOutputStream:75 - [STDERR_REDIRECT] 
2026-08-17 22:59:12,757 [ERROR] LogOutputStream:75 - [STDERR_REDIRECT] Aug 17, 2026 10:59:12 PM java.util.prefs.FileSystemPreferences syncWorld
2026-08-17 22:59:12,757 [ERROR] LogOutputStream:75 - [STDERR_REDIRECT] WARNING: Couldn't flush system prefs: java.util.prefs.BackingStoreException: Couldn't get file lock.
2026-08-17 22:59:12,757 [ERROR] LogOutputStream:75 - [STDERR_REDIRECT] 
2026-08-17 22:59:42,739 [ERROR] LogOutputStream:75 - [STDERR_REDIRECT] Aug 17, 2026 10:59:42 PM java.util.prefs.FileSystemPreferences checkLockFile0ErrorCode
2026-08-17 22:59:42,739 [ERROR] LogOutputStream:75 - [STDERR_REDIRECT] WARNING: Could not lock System prefs. Unix error code 5.
2026-08-17 22:59:42,739 [ERROR] LogOutputStream:75 - [STDERR_REDIRECT] 
2026-08-17 22:59:42,739 [ERROR] LogOutputStream:75 - [STDERR_REDIRECT] Aug 17, 2026 10:59:42 PM java.util.prefs.FileSystemPreferences syncWorld
2026-08-17 22:59:42,739 [ERROR] LogOutputStream:75 - [STDERR_REDIRECT] WARNING: Couldn't flush system prefs: java.util.prefs.BackingStoreException: Couldn't get file lock.
2026-08-17 22:59:42,740 [ERROR] LogOutputStream:75 - [STDERR_REDIRECT] 
2026-08-17 23:00:12,739 [ERROR] LogOutputStream:75 - [STDERR_REDIRECT] Aug 17, 2026 11:00:12 PM java.util.prefs.FileSystemPreferences checkLockFile0ErrorCode
2026-08-17 23:00:12,739 [ERROR] LogOutputStream:75 - [STDERR_REDIRECT] WARNING: Could not lock System prefs. Unix error code 5.
2026-08-17 23:00:12,739 [ERROR] LogOutputStream:75 - [STDERR_REDIRECT] 
2026-08-17 23:00:12,739 [ERROR] LogOutputStream:75 - [STDERR_REDIRECT] Aug 17, 2026 11:00:12 PM java.util.prefs.FileSystemPreferences syncWorld
2026-08-17 23:00:12,739 [ERROR] LogOutputStream:75 - [STDERR_REDIRECT] WARNING: Couldn't flush system prefs: java.util.prefs.BackingStoreException: Couldn't get file lock.
2026-08-17 23:00:12,739 [ERROR] LogOutputStream:75 - [STDERR_REDIRECT] 
2026-08-17 23:00:42,739 [ERROR] LogOutputStream:75 - [STDERR_REDIRECT] Aug 17, 2026 11:00:42 PM java.util.prefs.FileSystemPreferences checkLockFile0ErrorCode
2026-08-17 23:00:42,739 [ERROR] LogOutputStream:75 - [STDERR_REDIRECT] WARNING: Could not lock System prefs. Unix error code 5.
2026-08-17 23:00:42,739 [ERROR] LogOutputStream:75 - [STDERR_REDIRECT] 
2026-08-17 23:00:42,740 [ERROR] LogOutputStream:75 - [STDERR_REDIRECT] Aug 17, 2026 11:00:42 PM java.util.prefs.FileSystemPreferences syncWorld
2026-08-17 23:00:42,740 [ERROR] LogOutputStream:75 - [STDERR_REDIRECT] WARNING: Couldn't flush system prefs: java.util.prefs.BackingStoreException: Couldn't get file lock.
2026-08-17 23:00:42,740 [ERROR] LogOutputStream:75 - [STDERR_REDIRECT] 
2026-08-17 23:01:12,738 [ERROR] LogOutputStream:75 - [STDERR_REDIRECT] Aug 17, 2026 11:01:12 PM java.util.prefs.FileSystemPreferences checkLockFile0ErrorCode
2026-08-17 23:01:12,739 [ERROR] LogOutputStream:75 - [STDERR_REDIRECT] WARNING: Could not lock System prefs. Unix error code 5.
2026-08-17 23:01:12,739 [ERROR] LogOutputStream:75 - [STDERR_REDIRECT] 
2026-08-17 23:01:12,739 [ERROR] LogOutputStream:75 - [STDERR_REDIRECT] Aug 17, 2026 11:01:12 PM java.util.prefs.FileSystemPreferences syncWorld
2026-08-17 23:01:12,739 [ERROR] LogOutputStream:75 - [STDERR_REDIRECT] WARNING: Couldn't flush system prefs: java.util.prefs.BackingStoreException: Couldn't get file lock.
2026-08-17 23:01:12,739 [ERROR] LogOutputStream:75 - [STDERR_REDIRECT] 
2026-08-17 23:01:42,739 [ERROR] LogOutputStream:75 - [STDERR_REDIRECT] Aug 17, 2026 11:01:42 PM java.util.prefs.FileSystemPreferences checkLockFile0ErrorCode
2026-08-17 23:01:42,739 [ERROR] LogOutputStream:75 - [STDERR_REDIRECT] WARNING: Could not lock System prefs. Unix error code 5.
2026-08-17 23:01:42,739 [ERROR] LogOutputStream:75 - [STDERR_REDIRECT] 
2026-08-17 23:01:42,739 [ERROR] LogOutputStream:75 - [STDERR_REDIRECT] Aug 17, 2026 11:01:42 PM java.util.prefs.FileSystemPreferences syncWorld
2026-08-17 23:01:42,739 [ERROR] LogOutputStream:75 - [STDERR_REDIRECT] WARNING: Couldn't flush system prefs: java.util.prefs.BackingStoreException: Couldn't get file lock.
2026-08-17 23:01:42,739 [ERROR] LogOutputStream:75 - [STDERR_REDIRECT] 
2026-08-17 23:02:12,739 [ERROR] LogOutputStream:75 - [STDERR_REDIRECT] Aug 17, 2026 11:02:12 PM java.util.prefs.FileSystemPreferences checkLockFile0ErrorCode
2026-08-17 23:02:12,739 [ERROR] LogOutputStream:75 - [STDERR_REDIRECT] WARNING: Could not lock System prefs. Unix error code 5.
2026-08-17 23:02:12,740 [ERROR] LogOutputStream:75 - [STDERR_REDIRECT] 
2026-08-17 23:02:12,740 [ERROR] LogOutputStream:75 - [STDERR_REDIRECT] Aug 17, 2026 11:02:12 PM java.util.prefs.FileSystemPreferences syncWorld
2026-08-17 23:02:12,740 [ERROR] LogOutputStream:75 - [STDERR_REDIRECT] WARNING: Couldn't flush system prefs: java.util.prefs.BackingStoreException: Couldn't get file lock.
2026-08-17 23:02:12,740 [ERROR] LogOutputStream:75 - [STDERR_REDIRECT] 
2026-08-17 23:02:42,740 [ERROR] LogOutputStream:75 - [STDERR_REDIRECT] Aug 17, 2026 11:02:42 PM java.util.prefs.FileSystemPreferences checkLockFile0ErrorCode
2026-08-17 23:02:42,740 [ERROR] LogOutputStream:75 - [STDERR_REDIRECT] WARNING: Could not lock System prefs. Unix error code 5.
2026-08-17 23:02:42,740 [ERROR] LogOutputStream:75 - [STDERR_REDIRECT] 
2026-08-17 23:02:42,741 [ERROR] LogOutputStream:75 - [STDERR_REDIRECT] Aug 17, 2026 11:02:42 PM java.util.prefs.FileSystemPreferences syncWorld
2026-08-17 23:02:42,741 [ERROR] LogOutputStream:75 - [STDERR_REDIRECT] WARNING: Couldn't flush system prefs: java.util.prefs.BackingStoreException: Couldn't get file lock.
2026-08-17 23:02:42,741 [ERROR] LogOutputStream:75 - [STDERR_REDIRECT] 
2026-08-17 23:03:12,741 [ERROR] LogOutputStream:75 - [STDERR_REDIRECT] Aug 17, 2026 11:03:12 PM java.util.prefs.FileSystemPreferences checkLockFile0ErrorCode
2026-08-17 23:03:12,741 [ERROR] LogOutputStream:75 - [STDERR_REDIRECT] WARNING: Could not lock System prefs. Unix error code 5.
2026-08-17 23:03:12,741 [ERROR] LogOutputStream:75 - [STDERR_REDIRECT] 
2026-08-17 23:03:12,742 [ERROR] LogOutputStream:75 - [STDERR_REDIRECT] Aug 17, 2026 11:03:12 PM java.util.prefs.FileSystemPreferences syncWorld
2026-08-17 23:03:12,742 [ERROR] LogOutputStream:75 - [STDERR_REDIRECT] WARNING: Couldn't flush system prefs: java.util.prefs.BackingStoreException: Couldn't get file lock.
2026-08-17 23:03:12,742 [ERROR] LogOutputStream:75 - [STDERR_REDIRECT] 
2026-08-17 23:03:42,739 [ERROR] LogOutputStream:75 - [STDERR_REDIRECT] Aug 17, 2026 11:03:42 PM java.util.prefs.FileSystemPreferences checkLockFile0ErrorCode
2026-08-17 23:03:42,739 [ERROR] LogOutputStream:75 - [STDERR_REDIRECT] WARNING: Could not lock System prefs. Unix error code 5.
2026-08-17 23:03:42,739 [ERROR] LogOutputStream:75 - [STDERR_REDIRECT] 
2026-08-17 23:03:42,740 [ERROR] LogOutputStream:75 - [STDERR_REDIRECT] Aug 17, 2026 11:03:42 PM java.util.prefs.FileSystemPreferences syncWorld
2026-08-17 23:03:42,740 [ERROR] LogOutputStream:75 - [STDERR_REDIRECT] WARNING: Couldn't flush system prefs: java.util.prefs.BackingStoreException: Couldn't get file lock.
2026-08-17 23:03:42,740 [ERROR] LogOutputStream:75 - [STDERR_REDIRECT] 
2026-08-17 23:04:12,739 [ERROR] LogOutputStream:75 - [STDERR_REDIRECT] Aug 17, 2026 11:04:12 PM java.util.prefs.FileSystemPreferences checkLockFile0ErrorCode
2026-08-17 23:04:12,740 [ERROR] LogOutputStream:75 - [STDERR_REDIRECT] WARNING: Could not lock System prefs. Unix error code 5.
2026-08-17 23:04:12,740 [ERROR] LogOutputStream:75 - [STDERR_REDIRECT] 
2026-08-17 23:04:12,740 [ERROR] LogOutputStream:75 - [STDERR_REDIRECT] Aug 17, 2026 11:04:12 PM java.util.prefs.FileSystemPreferences syncWorld
2026-08-17 23:04:12,740 [ERROR] LogOutputStream:75 - [STDERR_REDIRECT] WARNING: Couldn't flush system prefs: java.util.prefs.BackingStoreException: Couldn't get file lock.
2026-08-17 23:04:12,740 [ERROR] LogOutputStream:75 - [STDERR_REDIRECT] 
2026-08-17 23:04:42,740 [ERROR] LogOutputStream:75 - [STDERR_REDIRECT] Aug 17, 2026 11:04:42 PM java.util.prefs.FileSystemPreferences checkLockFile0ErrorCode
2026-08-17 23:04:42,740 [ERROR] LogOutputStream:75 - [STDERR_REDIRECT] WARNING: Could not lock System prefs. Unix error code 5.
2026-08-17 23:04:42,740 [ERROR] LogOutputStream:75 - [STDERR_REDIRECT] 
2026-08-17 23:04:42,740 [ERROR] LogOutputStream:75 - [STDERR_REDIRECT] Aug 17, 2026 11:04:42 PM java.util.prefs.FileSystemPreferences syncWorld
2026-08-17 23:04:42,741 [ERROR] LogOutputStream:75 - [STDERR_REDIRECT] WARNING: Couldn't flush system prefs: java.util.prefs.BackingStoreException: Couldn't get file lock.
2026-08-17 23:04:42,741 [ERROR] LogOutputStream:75 - [STDERR_REDIRECT] 
2026-08-17 23:05:12,739 [ERROR] LogOutputStream:75 - [STDERR_REDIRECT] Aug 17, 2026 11:05:12 PM java.util.prefs.FileSystemPreferences checkLockFile0ErrorCode
2026-08-17 23:05:12,739 [ERROR] LogOutputStream:75 - [STDERR_REDIRECT] WARNING: Could not lock System prefs. Unix error code 5.
2026-08-17 23:05:12,739 [ERROR] LogOutputStream:75 - [STDERR_REDIRECT] 
2026-08-17 23:05:12,740 [ERROR] LogOutputStream:75 - [STDERR_REDIRECT] Aug 17, 2026 11:05:12 PM java.util.prefs.FileSystemPreferences syncWorld
2026-08-17 23:05:12,740 [ERROR] LogOutputStream:75 - [STDERR_REDIRECT] WARNING: Couldn't flush system prefs: java.util.prefs.BackingStoreException: Couldn't get file lock.
2026-08-17 23:05:12,740 [ERROR] LogOutputStream:75 - [STDERR_REDIRECT] 
2026-08-17 23:05:42,740 [ERROR] LogOutputStream:75 - [STDERR_REDIRECT] Aug 17, 2026 11:05:42 PM java.util.prefs.FileSystemPreferences checkLockFile0ErrorCode
2026-08-17 23:05:42,740 [ERROR] LogOutputStream:75 - [STDERR_REDIRECT] WARNING: Could not lock System prefs. Unix error code 5.
2026-08-17 23:05:42,741 [ERROR] LogOutputStream:75 - [STDERR_REDIRECT] 
2026-08-17 23:05:42,741 [ERROR] LogOutputStream:75 - [STDERR_REDIRECT] Aug 17, 2026 11:05:42 PM java.util.prefs.FileSystemPreferences syncWorld
2026-08-17 23:05:42,741 [ERROR] LogOutputStream:75 - [STDERR_REDIRECT] WARNING: Couldn't flush system prefs: java.util.prefs.BackingStoreException: Couldn't get file lock.
2026-08-17 23:05:42,741 [ERROR] LogOutputStream:75 - [STDERR_REDIRECT] 
2026-08-17 23:06:12,739 [ERROR] LogOutputStream:75 - [STDERR_REDIRECT] Aug 17, 2026 11:06:12 PM java.util.prefs.FileSystemPreferences checkLockFile0ErrorCode
2026-08-17 23:06:12,740 [ERROR] LogOutputStream:75 - [STDERR_REDIRECT] WARNING: Could not lock System prefs. Unix error code 5.
2026-08-17 23:06:12,740 [ERROR] LogOutputStream:75 - [STDERR_REDIRECT] 
2026-08-17 23:06:12,740 [ERROR] LogOutputStream:75 - [STDERR_REDIRECT] Aug 17, 2026 11:06:12 PM java.util.prefs.FileSystemPreferences syncWorld
2026-08-17 23:06:12,740 [ERROR] LogOutputStream:75 - [STDERR_REDIRECT] WARNING: Couldn't flush system prefs: java.util.prefs.BackingStoreException: Couldn't get file lock.
2026-08-17 23:06:12,740 [ERROR] LogOutputStream:75 - [STDERR_REDIRECT] 
2026-08-17 23:06:42,740 [ERROR] LogOutputStream:75 - [STDERR_REDIRECT] Aug 17, 2026 11:06:42 PM java.util.prefs.FileSystemPreferences checkLockFile0ErrorCode
2026-08-17 23:06:42,740 [ERROR] LogOutputStream:75 - [STDERR_REDIRECT] WARNING: Could not lock System prefs. Unix error code 5.
2026-08-17 23:06:42,740 [ERROR] LogOutputStream:75 - [STDERR_REDIRECT] 
2026-08-17 23:06:42,740 [ERROR] LogOutputStream:75 - [STDERR_REDIRECT] Aug 17, 2026 11:06:42 PM java.util.prefs.FileSystemPreferences syncWorld
2026-08-17 23:06:42,740 [ERROR] LogOutputStream:75 - [STDERR_REDIRECT] WARNING: Couldn't flush system prefs: java.util.prefs.BackingStoreException: Couldn't get file lock.
2026-08-17 23:06:42,740 [ERROR] LogOutputStream:75 - [STDERR_REDIRECT] 
2026-08-17 23:07:12,740 [ERROR] LogOutputStream:75 - [STDERR_REDIRECT] Aug 17, 2026 11:07:12 PM java.util.prefs.FileSystemPreferences checkLockFile0ErrorCode
2026-08-17 23:07:12,740 [ERROR] LogOutputStream:75 - [STDERR_REDIRECT] WARNING: Could not lock System prefs. Unix error code 5.
2026-08-17 23:07:12,757 [ERROR] LogOutputStream:75 - [STDERR_REDIRECT] 
2026-08-17 23:07:12,758 [ERROR] LogOutputStream:75 - [STDERR_REDIRECT] Aug 17, 2026 11:07:12 PM java.util.prefs.FileSystemPreferences syncWorld
2026-08-17 23:07:12,758 [ERROR] LogOutputStream:75 - [STDERR_REDIRECT] WARNING: Couldn't flush system prefs: java.util.prefs.BackingStoreException: Couldn't get file lock.
2026-08-17 23:07:12,758 [ERROR] LogOutputStream:75 - [STDERR_REDIRECT] 
2026-08-17 23:07:42,741 [ERROR] LogOutputStream:75 - [STDERR_REDIRECT] Aug 17, 2026 11:07:42 PM java.util.prefs.FileSystemPreferences checkLockFile0ErrorCode
2026-08-17 23:07:42,741 [ERROR] LogOutputStream:75 - [STDERR_REDIRECT] WARNING: Could not lock System prefs. Unix error code 5.
2026-08-17 23:07:42,741 [ERROR] LogOutputStream:75 - [STDERR_REDIRECT] 
2026-08-17 23:07:42,741 [ERROR] LogOutputStream:75 - [STDERR_REDIRECT] Aug 17, 2026 11:07:42 PM java.util.prefs.FileSystemPreferences syncWorld
2026-08-17 23:07:42,741 [ERROR] LogOutputStream:75 - [STDERR_REDIRECT] WARNING: Couldn't flush system prefs: java.util.prefs.BackingStoreException: Couldn't get file lock.
2026-08-17 23:07:42,741 [ERROR] LogOutputStream:75 - [STDERR_REDIRECT] 
2026-08-17 23:08:12,741 [ERROR] LogOutputStream:75 - [STDERR_REDIRECT] Aug 17, 2026 11:08:12 PM java.util.prefs.FileSystemPreferences checkLockFile0ErrorCode
2026-08-17 23:08:12,741 [ERROR] LogOutputStream:75 - [STDERR_REDIRECT] WARNING: Could not lock System prefs. Unix error code 5.
2026-08-17 23:08:12,741 [ERROR] LogOutputStream:75 - [STDERR_REDIRECT] 
2026-08-17 23:08:12,741 [ERROR] LogOutputStream:75 - [STDERR_REDIRECT] Aug 17, 2026 11:08:12 PM java.util.prefs.FileSystemPreferences syncWorld
2026-08-17 23:08:12,742 [ERROR] LogOutputStream:75 - [STDERR_REDIRECT] WARNING: Couldn't flush system prefs: java.util.prefs.BackingStoreException: Couldn't get file lock.
2026-08-17 23:08:12,742 [ERROR] LogOutputStream:75 - [STDERR_REDIRECT] 
2026-08-17 23:08:42,741 [ERROR] LogOutputStream:75 - [STDERR_REDIRECT] Aug 17, 2026 11:08:42 PM java.util.prefs.FileSystemPreferences checkLockFile0ErrorCode
2026-08-17 23:08:42,741 [ERROR] LogOutputStream:75 - [STDERR_REDIRECT] WARNING: Could not lock System prefs. Unix error code 5.
2026-08-17 23:08:42,742 [ERROR] LogOutputStream:75 - [STDERR_REDIRECT] 
2026-08-17 23:08:42,742 [ERROR] LogOutputStream:75 - [STDERR_REDIRECT] Aug 17, 2026 11:08:42 PM java.util.prefs.FileSystemPreferences syncWorld
2026-08-17 23:08:42,742 [ERROR] LogOutputStream:75 - [STDERR_REDIRECT] WARNING: Couldn't flush system prefs: java.util.prefs.BackingStoreException: Couldn't get file lock.
2026-08-17 23:08:42,742 [ERROR] LogOutputStream:75 - [STDERR_REDIRECT] 
2026-08-17 23:09:12,742 [ERROR] LogOutputStream:75 - [STDERR_REDIRECT] Aug 17, 2026 11:09:12 PM java.util.prefs.FileSystemPreferences checkLockFile0ErrorCode
2026-08-17 23:09:12,742 [ERROR] LogOutputStream:75 - [STDERR_REDIRECT] WARNING: Could not lock System prefs. Unix error code 5.
2026-08-17 23:09:12,742 [ERROR] LogOutputStream:75 - [STDERR_REDIRECT] 
2026-08-17 23:09:12,742 [ERROR] LogOutputStream:75 - [STDERR_REDIRECT] Aug 17, 2026 11:09:12 PM java.util.prefs.FileSystemPreferences syncWorld
2026-08-17 23:09:12,742 [ERROR] LogOutputStream:75 - [STDERR_REDIRECT] WARNING: Couldn't flush system prefs: java.util.prefs.BackingStoreException: Couldn't get file lock.
2026-08-17 23:09:12,743 [ERROR] LogOutputStream:75 - [STDERR_REDIRECT] 
2026-08-17 23:09:42,741 [ERROR] LogOutputStream:75 - [STDERR_REDIRECT] Aug 17, 2026 11:09:42 PM java.util.prefs.FileSystemPreferences checkLockFile0ErrorCode
2026-08-17 23:09:42,742 [ERROR] LogOutputStream:75 - [STDERR_REDIRECT] WARNING: Could not lock System prefs. Unix error code 5.
2026-08-17 23:09:42,742 [ERROR] LogOutputStream:75 - [STDERR_REDIRECT] 
2026-08-17 23:09:42,742 [ERROR] LogOutputStream:75 - [STDERR_REDIRECT] Aug 17, 2026 11:09:42 PM java.util.prefs.FileSystemPreferences syncWorld
2026-08-17 23:09:42,742 [ERROR] LogOutputStream:75 - [STDERR_REDIRECT] WARNING: Couldn't flush system prefs: java.util.prefs.BackingStoreException: Couldn't get file lock.
2026-08-17 23:09:42,742 [ERROR] LogOutputStream:75 - [STDERR_REDIRECT] 
2026-08-17 23:10:12,742 [ERROR] LogOutputStream:75 - [STDERR_REDIRECT] Aug 17, 2026 11:10:12 PM java.util.prefs.FileSystemPreferences checkLockFile0ErrorCode
2026-08-17 23:10:12,742 [ERROR] LogOutputStream:75 - [STDERR_REDIRECT] WARNING: Could not lock System prefs. Unix error code 5.
2026-08-17 23:10:12,742 [ERROR] LogOutputStream:75 - [STDERR_REDIRECT] 
2026-08-17 23:10:12,742 [ERROR] LogOutputStream:75 - [STDERR_REDIRECT] Aug 17, 2026 11:10:12 PM java.util.prefs.FileSystemPreferences syncWorld
2026-08-17 23:10:12,743 [ERROR] LogOutputStream:75 - [STDERR_REDIRECT] WARNING: Couldn't flush system prefs: java.util.prefs.BackingStoreException: Couldn't get file lock.
2026-08-17 23:10:12,743 [ERROR] LogOutputStream:75 - [STDERR_REDIRECT] 
2026-08-17 23:10:42,741 [ERROR] LogOutputStream:75 - [STDERR_REDIRECT] Aug 17, 2026 11:10:42 PM java.util.prefs.FileSystemPreferences checkLockFile0ErrorCode
2026-08-17 23:10:42,742 [ERROR] LogOutputStream:75 - [STDERR_REDIRECT] WARNING: Could not lock System prefs. Unix error code 5.
2026-08-17 23:10:42,742 [ERROR] LogOutputStream:75 - [STDERR_REDIRECT] 
2026-08-17 23:10:42,742 [ERROR] LogOutputStream:75 - [STDERR_REDIRECT] Aug 17, 2026 11:10:42 PM java.util.prefs.FileSystemPreferences syncWorld
2026-08-17 23:10:42,742 [ERROR] LogOutputStream:75 - [STDERR_REDIRECT] WARNING: Couldn't flush system prefs: java.util.prefs.BackingStoreException: Couldn't get file lock.
2026-08-17 23:10:42,742 [ERROR] LogOutputStream:75 - [STDERR_REDIRECT] 
2026-08-17 23:11:12,742 [ERROR] LogOutputStream:75 - [STDERR_REDIRECT] Aug 17, 2026 11:11:12 PM java.util.prefs.FileSystemPreferences checkLockFile0ErrorCode
2026-08-17 23:11:12,742 [ERROR] LogOutputStream:75 - [STDERR_REDIRECT] WARNING: Could not lock System prefs. Unix error code 5.
2026-08-17 23:11:12,742 [ERROR] LogOutputStream:75 - [STDERR_REDIRECT] 
2026-08-17 23:11:12,743 [ERROR] LogOutputStream:75 - [STDERR_REDIRECT] Aug 17, 2026 11:11:12 PM java.util.prefs.FileSystemPreferences syncWorld
2026-08-17 23:11:12,743 [ERROR] LogOutputStream:75 - [STDERR_REDIRECT] WARNING: Couldn't flush system prefs: java.util.prefs.BackingStoreException: Couldn't get file lock.
2026-08-17 23:11:12,743 [ERROR] LogOutputStream:75 - [STDERR_REDIRECT] 
2026-08-17 23:11:42,742 [ERROR] LogOutputStream:75 - [STDERR_REDIRECT] Aug 17, 2026 11:11:42 PM java.util.prefs.FileSystemPreferences checkLockFile0ErrorCode
2026-08-17 23:11:42,742 [ERROR] LogOutputStream:75 - [STDERR_REDIRECT] WARNING: Could not lock System prefs. Unix error code 5.
2026-08-17 23:11:42,742 [ERROR] LogOutputStream:75 - [STDERR_REDIRECT] 
2026-08-17 23:11:42,743 [ERROR] LogOutputStream:75 - [STDERR_REDIRECT] Aug 17, 2026 11:11:42 PM java.util.prefs.FileSystemPreferences syncWorld
2026-08-17 23:11:42,743 [ERROR] LogOutputStream:75 - [STDERR_REDIRECT] WARNING: Couldn't flush system prefs: java.util.prefs.BackingStoreException: Couldn't get file lock.
2026-08-17 23:11:42,743 [ERROR] LogOutputStream:75 - [STDERR_REDIRECT] 
2026-08-17 23:12:12,743 [ERROR] LogOutputStream:75 - [STDERR_REDIRECT] Aug 17, 2026 11:12:12 PM java.util.prefs.FileSystemPreferences checkLockFile0ErrorCode
2026-08-17 23:12:12,743 [ERROR] LogOutputStream:75 - [STDERR_REDIRECT] WARNING: Could not lock System prefs. Unix error code 5.
2026-08-17 23:12:12,743 [ERROR] LogOutputStream:75 - [STDERR_REDIRECT] 
2026-08-17 23:12:12,743 [ERROR] LogOutputStream:75 - [STDERR_REDIRECT] Aug 17, 2026 11:12:12 PM java.util.prefs.FileSystemPreferences syncWorld
2026-08-17 23:12:12,743 [ERROR] LogOutputStream:75 - [STDERR_REDIRECT] WARNING: Couldn't flush system prefs: java.util.prefs.BackingStoreException: Couldn't get file lock.
2026-08-17 23:12:12,743 [ERROR] LogOutputStream:75 - [STDERR_REDIRECT] 
2026-08-17 23:12:42,743 [ERROR] LogOutputStream:75 - [STDERR_REDIRECT] Aug 17, 2026 11:12:42 PM java.util.prefs.FileSystemPreferences checkLockFile0ErrorCode
2026-08-17 23:12:42,744 [ERROR] LogOutputStream:75 - [STDERR_REDIRECT] WARNING: Could not lock System prefs. Unix error code 5.
2026-08-17 23:12:42,744 [ERROR] LogOutputStream:75 - [STDERR_REDIRECT] 
2026-08-17 23:12:42,744 [ERROR] LogOutputStream:75 - [STDERR_REDIRECT] Aug 17, 2026 11:12:42 PM java.util.prefs.FileSystemPreferences syncWorld
2026-08-17 23:12:42,744 [ERROR] LogOutputStream:75 - [STDERR_REDIRECT] WARNING: Couldn't flush system prefs: java.util.prefs.BackingStoreException: Couldn't get file lock.
2026-08-17 23:12:42,744 [ERROR] LogOutputStream:75 - [STDERR_REDIRECT] 
2026-08-17 23:13:12,744 [ERROR] LogOutputStream:75 - [STDERR_REDIRECT] Aug 17, 2026 11:13:12 PM java.util.prefs.FileSystemPreferences checkLockFile0ErrorCode
2026-08-17 23:13:12,744 [ERROR] LogOutputStream:75 - [STDERR_REDIRECT] WARNING: Could not lock System prefs. Unix error code 5.
2026-08-17 23:13:12,744 [ERROR] LogOutputStream:75 - [STDERR_REDIRECT] 
2026-08-17 23:13:12,744 [ERROR] LogOutputStream:75 - [STDERR_REDIRECT] Aug 17, 2026 11:13:12 PM java.util.prefs.FileSystemPreferences syncWorld
2026-08-17 23:13:12,744 [ERROR] LogOutputStream:75 - [STDERR_REDIRECT] WARNING: Couldn't flush system prefs: java.util.prefs.BackingStoreException: Couldn't get file lock.
2026-08-17 23:13:12,744 [ERROR] LogOutputStream:75 - [STDERR_REDIRECT] 
2026-08-17 23:13:42,743 [ERROR] LogOutputStream:75 - [STDERR_REDIRECT] Aug 17, 2026 11:13:42 PM java.util.prefs.FileSystemPreferences checkLockFile0ErrorCode
2026-08-17 23:13:42,743 [ERROR] LogOutputStream:75 - [STDERR_REDIRECT] WARNING: Could not lock System prefs. Unix error code 5.
2026-08-17 23:13:42,743 [ERROR] LogOutputStream:75 - [STDERR_REDIRECT] 
2026-08-17 23:13:42,744 [ERROR] LogOutputStream:75 - [STDERR_REDIRECT] Aug 17, 2026 11:13:42 PM java.util.prefs.FileSystemPreferences syncWorld
2026-08-17 23:13:42,744 [ERROR] LogOutputStream:75 - [STDERR_REDIRECT] WARNING: Couldn't flush system prefs: java.util.prefs.BackingStoreException: Couldn't get file lock.
2026-08-17 23:13:42,744 [ERROR] LogOutputStream:75 - [STDERR_REDIRECT] 
2026-08-17 23:14:12,746 [ERROR] LogOutputStream:75 - [STDERR_REDIRECT] Aug 17, 2026 11:14:12 PM java.util.prefs.FileSystemPreferences checkLockFile0ErrorCode
2026-08-17 23:14:12,746 [ERROR] LogOutputStream:75 - [STDERR_REDIRECT] WARNING: Could not lock System prefs. Unix error code 5.
2026-08-17 23:14:12,746 [ERROR] LogOutputStream:75 - [STDERR_REDIRECT] 
2026-08-17 23:14:12,746 [ERROR] LogOutputStream:75 - [STDERR_REDIRECT] Aug 17, 2026 11:14:12 PM java.util.prefs.FileSystemPreferences syncWorld
2026-08-17 23:14:12,746 [ERROR] LogOutputStream:75 - [STDERR_REDIRECT] WARNING: Couldn't flush system prefs: java.util.prefs.BackingStoreException: Couldn't get file lock.
2026-08-17 23:14:12,746 [ERROR] LogOutputStream:75 - [STDERR_REDIRECT] 
2026-08-17 23:14:42,744 [ERROR] LogOutputStream:75 - [STDERR_REDIRECT] Aug 17, 2026 11:14:42 PM java.util.prefs.FileSystemPreferences checkLockFile0ErrorCode
2026-08-17 23:14:42,744 [ERROR] LogOutputStream:75 - [STDERR_REDIRECT] WARNING: Could not lock System prefs. Unix error code 5.
2026-08-17 23:14:42,744 [ERROR] LogOutputStream:75 - [STDERR_REDIRECT] 
2026-08-17 23:14:42,745 [ERROR] LogOutputStream:75 - [STDERR_REDIRECT] Aug 17, 2026 11:14:42 PM java.util.prefs.FileSystemPreferences syncWorld
2026-08-17 23:14:42,745 [ERROR] LogOutputStream:75 - [STDERR_REDIRECT] WARNING: Couldn't flush system prefs: java.util.prefs.BackingStoreException: Couldn't get file lock.
2026-08-17 23:14:42,745 [ERROR] LogOutputStream:75 - [STDERR_REDIRECT] 
2026-08-17 23:15:12,744 [ERROR] LogOutputStream:75 - [STDERR_REDIRECT] Aug 17, 2026 11:15:12 PM java.util.prefs.FileSystemPreferences checkLockFile0ErrorCode
2026-08-17 23:15:12,744 [ERROR] LogOutputStream:75 - [STDERR_REDIRECT] WARNING: Could not lock System prefs. Unix error code 5.
2026-08-17 23:15:12,744 [ERROR] LogOutputStream:75 - [STDERR_REDIRECT] 
2026-08-17 23:15:12,745 [ERROR] LogOutputStream:75 - [STDERR_REDIRECT] Aug 17, 2026 11:15:12 PM java.util.prefs.FileSystemPreferences syncWorld
2026-08-17 23:15:12,745 [ERROR] LogOutputStream:75 - [STDERR_REDIRECT] WARNING: Couldn't flush system prefs: java.util.prefs.BackingStoreException: Couldn't get file lock.
2026-08-17 23:15:12,745 [ERROR] LogOutputStream:75 - [STDERR_REDIRECT] 
2026-08-17 23:15:42,744 [ERROR] LogOutputStream:75 - [STDERR_REDIRECT] Aug 17, 2026 11:15:42 PM java.util.prefs.FileSystemPreferences checkLockFile0ErrorCode
2026-08-17 23:15:42,744 [ERROR] LogOutputStream:75 - [STDERR_REDIRECT] WARNING: Could not lock System prefs. Unix error code 5.
2026-08-17 23:15:42,744 [ERROR] LogOutputStream:75 - [STDERR_REDIRECT] 
2026-08-17 23:15:42,744 [ERROR] LogOutputStream:75 - [STDERR_REDIRECT] Aug 17, 2026 11:15:42 PM java.util.prefs.FileSystemPreferences syncWorld
2026-08-17 23:15:42,744 [ERROR] LogOutputStream:75 - [STDERR_REDIRECT] WARNING: Couldn't flush system prefs: java.util.prefs.BackingStoreException: Couldn't get file lock.
2026-08-17 23:15:42,744 [ERROR] LogOutputStream:75 - [STDERR_REDIRECT] 
2026-08-17 23:16:12,744 [ERROR] LogOutputStream:75 - [STDERR_REDIRECT] Aug 17, 2026 11:16:12 PM java.util.prefs.FileSystemPreferences checkLockFile0ErrorCode
2026-08-17 23:16:12,744 [ERROR] LogOutputStream:75 - [STDERR_REDIRECT] WARNING: Could not lock System prefs. Unix error code 5.
2026-08-17 23:16:12,744 [ERROR] LogOutputStream:75 - [STDERR_REDIRECT] 
2026-08-17 23:16:12,744 [ERROR] LogOutputStream:75 - [STDERR_REDIRECT] Aug 17, 2026 11:16:12 PM java.util.prefs.FileSystemPreferences syncWorld
2026-08-17 23:16:12,744 [ERROR] LogOutputStream:75 - [STDERR_REDIRECT] WARNING: Couldn't flush system prefs: java.util.prefs.BackingStoreException: Couldn't get file lock.
2026-08-17 23:16:12,744 [ERROR] LogOutputStream:75 - [STDERR_REDIRECT] 
2026-08-17 23:16:42,744 [ERROR] LogOutputStream:75 - [STDERR_REDIRECT] Aug 17, 2026 11:16:42 PM java.util.prefs.FileSystemPreferences checkLockFile0ErrorCode
2026-08-17 23:16:42,744 [ERROR] LogOutputStream:75 - [STDERR_REDIRECT] WARNING: Could not lock System prefs. Unix error code 5.
2026-08-17 23:16:42,744 [ERROR] LogOutputStream:75 - [STDERR_REDIRECT] 
2026-08-17 23:16:42,744 [ERROR] LogOutputStream:75 - [STDERR_REDIRECT] Aug 17, 2026 11:16:42 PM java.util.prefs.FileSystemPreferences syncWorld
2026-08-17 23:16:42,744 [ERROR] LogOutputStream:75 - [STDERR_REDIRECT] WARNING: Couldn't flush system prefs: java.util.prefs.BackingStoreException: Couldn't get file lock.
2026-08-17 23:16:42,745 [ERROR] LogOutputStream:75 - [STDERR_REDIRECT] 
2026-08-17 23:17:12,743 [ERROR] LogOutputStream:75 - [STDERR_REDIRECT] Aug 17, 2026 11:17:12 PM java.util.prefs.FileSystemPreferences checkLockFile0ErrorCode
2026-08-17 23:17:12,744 [ERROR] LogOutputStream:75 - [STDERR_REDIRECT] WARNING: Could not lock System prefs. Unix error code 5.
2026-08-17 23:17:12,744 [ERROR] LogOutputStream:75 - [STDERR_REDIRECT] 
2026-08-17 23:17:12,744 [ERROR] LogOutputStream:75 - [STDERR_REDIRECT] Aug 17, 2026 11:17:12 PM java.util.prefs.FileSystemPreferences syncWorld
2026-08-17 23:17:12,744 [ERROR] LogOutputStream:75 - [STDERR_REDIRECT] WARNING: Couldn't flush system prefs: java.util.prefs.BackingStoreException: Couldn't get file lock.
2026-08-17 23:17:12,744 [ERROR] LogOutputStream:75 - [STDERR_REDIRECT] 
2026-08-17 23:17:42,744 [ERROR] LogOutputStream:75 - [STDERR_REDIRECT] Aug 17, 2026 11:17:42 PM java.util.prefs.FileSystemPreferences checkLockFile0ErrorCode
2026-08-17 23:17:42,744 [ERROR] LogOutputStream:75 - [STDERR_REDIRECT] WARNING: Could not lock System prefs. Unix error code 5.
2026-08-17 23:17:42,744 [ERROR] LogOutputStream:75 - [STDERR_REDIRECT] 
2026-08-17 23:17:42,745 [ERROR] LogOutputStream:75 - [STDERR_REDIRECT] Aug 17, 2026 11:17:42 PM java.util.prefs.FileSystemPreferences syncWorld
2026-08-17 23:17:42,745 [ERROR] LogOutputStream:75 - [STDERR_REDIRECT] WARNING: Couldn't flush system prefs: java.util.prefs.BackingStoreException: Couldn't get file lock.
2026-08-17 23:17:42,745 [ERROR] LogOutputStream:75 - [STDERR_REDIRECT] 
2026-08-17 23:18:12,743 [ERROR] LogOutputStream:75 - [STDERR_REDIRECT] Aug 17, 2026 11:18:12 PM java.util.prefs.FileSystemPreferences checkLockFile0ErrorCode
2026-08-17 23:18:12,744 [ERROR] LogOutputStream:75 - [STDERR_REDIRECT] WARNING: Could not lock System prefs. Unix error code 5.
2026-08-17 23:18:12,744 [ERROR] LogOutputStream:75 - [STDERR_REDIRECT] 
2026-08-17 23:18:12,744 [ERROR] LogOutputStream:75 - [STDERR_REDIRECT] Aug 17, 2026 11:18:12 PM java.util.prefs.FileSystemPreferences syncWorld
2026-08-17 23:18:12,744 [ERROR] LogOutputStream:75 - [STDERR_REDIRECT] WARNING: Couldn't flush system prefs: java.util.prefs.BackingStoreException: Couldn't get file lock.
2026-08-17 23:18:12,744 [ERROR] LogOutputStream:75 - [STDERR_REDIRECT] 
2026-08-17 23:18:42,743 [ERROR] LogOutputStream:75 - [STDERR_REDIRECT] Aug 17, 2026 11:18:42 PM java.util.prefs.FileSystemPreferences checkLockFile0ErrorCode
2026-08-17 23:18:42,744 [ERROR] LogOutputStream:75 - [STDERR_REDIRECT] WARNING: Could not lock System prefs. Unix error code 5.
2026-08-17 23:18:42,744 [ERROR] LogOutputStream:75 - [STDERR_REDIRECT] 
2026-08-17 23:18:42,744 [ERROR] LogOutputStream:75 - [STDERR_REDIRECT] Aug 17, 2026 11:18:42 PM java.util.prefs.FileSystemPreferences syncWorld
2026-08-17 23:18:42,744 [ERROR] LogOutputStream:75 - [STDERR_REDIRECT] WARNING: Couldn't flush system prefs: java.util.prefs.BackingStoreException: Couldn't get file lock.
2026-08-17 23:18:42,744 [ERROR] LogOutputStream:75 - [STDERR_REDIRECT] 
2026-08-17 23:19:12,744 [ERROR] LogOutputStream:75 - [STDERR_REDIRECT] Aug 17, 2026 11:19:12 PM java.util.prefs.FileSystemPreferences checkLockFile0ErrorCode
2026-08-17 23:19:12,744 [ERROR] LogOutputStream:75 - [STDERR_REDIRECT] WARNING: Could not lock System prefs. Unix error code 5.
2026-08-17 23:19:12,744 [ERROR] LogOutputStream:75 - [STDERR_REDIRECT] 
2026-08-17 23:19:12,745 [ERROR] LogOutputStream:75 - [STDERR_REDIRECT] Aug 17, 2026 11:19:12 PM java.util.prefs.FileSystemPreferences syncWorld
2026-08-17 23:19:12,745 [ERROR] LogOutputStream:75 - [STDERR_REDIRECT] WARNING: Couldn't flush system prefs: java.util.prefs.BackingStoreException: Couldn't get file lock.
2026-08-17 23:19:12,745 [ERROR] LogOutputStream:75 - [STDERR_REDIRECT] 
2026-08-17 23:19:42,744 [ERROR] LogOutputStream:75 - [STDERR_REDIRECT] Aug 17, 2026 11:19:42 PM java.util.prefs.FileSystemPreferences checkLockFile0ErrorCode
2026-08-17 23:19:42,744 [ERROR] LogOutputStream:75 - [STDERR_REDIRECT] WARNING: Could not lock System prefs. Unix error code 5.
2026-08-17 23:19:42,744 [ERROR] LogOutputStream:75 - [STDERR_REDIRECT] 
2026-08-17 23:19:42,744 [ERROR] LogOutputStream:75 - [STDERR_REDIRECT] Aug 17, 2026 11:19:42 PM java.util.prefs.FileSystemPreferences syncWorld
2026-08-17 23:19:42,745 [ERROR] LogOutputStream:75 - [STDERR_REDIRECT] WARNING: Couldn't flush system prefs: java.util.prefs.BackingStoreException: Couldn't get file lock.
2026-08-17 23:19:42,745 [ERROR] LogOutputStream:75 - [STDERR_REDIRECT] 
2026-08-17 23:20:12,743 [ERROR] LogOutputStream:75 - [STDERR_REDIRECT] Aug 17, 2026 11:20:12 PM java.util.prefs.FileSystemPreferences checkLockFile0ErrorCode
2026-08-17 23:20:12,744 [ERROR] LogOutputStream:75 - [STDERR_REDIRECT] WARNING: Could not lock System prefs. Unix error code 5.
2026-08-17 23:20:12,744 [ERROR] LogOutputStream:75 - [STDERR_REDIRECT] 
2026-08-17 23:20:12,745 [ERROR] LogOutputStream:75 - [STDERR_REDIRECT] Aug 17, 2026 11:20:12 PM java.util.prefs.FileSystemPreferences syncWorld
2026-08-17 23:20:12,745 [ERROR] LogOutputStream:75 - [STDERR_REDIRECT] WARNING: Couldn't flush system prefs: java.util.prefs.BackingStoreException: Couldn't get file lock.
2026-08-17 23:20:12,745 [ERROR] LogOutputStream:75 - [STDERR_REDIRECT] 
2026-08-17 23:20:42,745 [ERROR] LogOutputStream:75 - [STDERR_REDIRECT] Aug 17, 2026 11:20:42 PM java.util.prefs.FileSystemPreferences checkLockFile0ErrorCode
2026-08-17 23:20:42,745 [ERROR] LogOutputStream:75 - [STDERR_REDIRECT] WARNING: Could not lock System prefs. Unix error code 5.
2026-08-17 23:20:42,745 [ERROR] LogOutputStream:75 - [STDERR_REDIRECT] 
2026-08-17 23:20:42,745 [ERROR] LogOutputStream:75 - [STDERR_REDIRECT] Aug 17, 2026 11:20:42 PM java.util.prefs.FileSystemPreferences syncWorld
2026-08-17 23:20:42,745 [ERROR] LogOutputStream:75 - [STDERR_REDIRECT] WARNING: Couldn't flush system prefs: java.util.prefs.BackingStoreException: Couldn't get file lock.
2026-08-17 23:20:42,745 [ERROR] LogOutputStream:75 - [STDERR_REDIRECT] 
2026-08-17 23:21:12,745 [ERROR] LogOutputStream:75 - [STDERR_REDIRECT] Aug 17, 2026 11:21:12 PM java.util.prefs.FileSystemPreferences checkLockFile0ErrorCode
2026-08-17 23:21:12,745 [ERROR] LogOutputStream:75 - [STDERR_REDIRECT] WARNING: Could not lock System prefs. Unix error code 5.
2026-08-17 23:21:12,745 [ERROR] LogOutputStream:75 - [STDERR_REDIRECT] 
2026-08-17 23:21:12,745 [ERROR] LogOutputStream:75 - [STDERR_REDIRECT] Aug 17, 2026 11:21:12 PM java.util.prefs.FileSystemPreferences syncWorld
2026-08-17 23:21:12,746 [ERROR] LogOutputStream:75 - [STDERR_REDIRECT] WARNING: Couldn't flush system prefs: java.util.prefs.BackingStoreException: Couldn't get file lock.
2026-08-17 23:21:12,746 [ERROR] LogOutputStream:75 - [STDERR_REDIRECT] 
2026-08-17 23:21:42,745 [ERROR] LogOutputStream:75 - [STDERR_REDIRECT] Aug 17, 2026 11:21:42 PM java.util.prefs.FileSystemPreferences checkLockFile0ErrorCode
2026-08-17 23:21:42,745 [ERROR] LogOutputStream:75 - [STDERR_REDIRECT] WARNING: Could not lock System prefs. Unix error code 5.
2026-08-17 23:21:42,745 [ERROR] LogOutputStream:75 - [STDERR_REDIRECT] 
2026-08-17 23:21:42,745 [ERROR] LogOutputStream:75 - [STDERR_REDIRECT] Aug 17, 2026 11:21:42 PM java.util.prefs.FileSystemPreferences syncWorld
2026-08-17 23:21:42,745 [ERROR] LogOutputStream:75 - [STDERR_REDIRECT] WARNING: Couldn't flush system prefs: java.util.prefs.BackingStoreException: Couldn't get file lock.
2026-08-17 23:21:42,746 [ERROR] LogOutputStream:75 - [STDERR_REDIRECT] 
2026-08-17 23:22:12,744 [ERROR] LogOutputStream:75 - [STDERR_REDIRECT] Aug 17, 2026 11:22:12 PM java.util.prefs.FileSystemPreferences checkLockFile0ErrorCode
2026-08-17 23:22:12,744 [ERROR] LogOutputStream:75 - [STDERR_REDIRECT] WARNING: Could not lock System prefs. Unix error code 5.
2026-08-17 23:22:12,744 [ERROR] LogOutputStream:75 - [STDERR_REDIRECT] 
2026-08-17 23:22:12,745 [ERROR] LogOutputStream:75 - [STDERR_REDIRECT] Aug 17, 2026 11:22:12 PM java.util.prefs.FileSystemPreferences syncWorld
2026-08-17 23:22:12,745 [ERROR] LogOutputStream:75 - [STDERR_REDIRECT] WARNING: Couldn't flush system prefs: java.util.prefs.BackingStoreException: Couldn't get file lock.
2026-08-17 23:22:12,745 [ERROR] LogOutputStream:75 - [STDERR_REDIRECT] 
2026-08-17 23:22:42,744 [ERROR] LogOutputStream:75 - [STDERR_REDIRECT] Aug 17, 2026 11:22:42 PM java.util.prefs.FileSystemPreferences checkLockFile0ErrorCode
2026-08-17 23:22:42,745 [ERROR] LogOutputStream:75 - [STDERR_REDIRECT] WARNING: Could not lock System prefs. Unix error code 5.
2026-08-17 23:22:42,745 [ERROR] LogOutputStream:75 - [STDERR_REDIRECT] 
2026-08-17 23:22:42,745 [ERROR] LogOutputStream:75 - [STDERR_REDIRECT] Aug 17, 2026 11:22:42 PM java.util.prefs.FileSystemPreferences syncWorld
2026-08-17 23:22:42,745 [ERROR] LogOutputStream:75 - [STDERR_REDIRECT] WARNING: Couldn't flush system prefs: java.util.prefs.BackingStoreException: Couldn't get file lock.
2026-08-17 23:22:42,745 [ERROR] LogOutputStream:75 - [STDERR_REDIRECT] 
2026-08-17 23:23:12,745 [ERROR] LogOutputStream:75 - [STDERR_REDIRECT] Aug 17, 2026 11:23:12 PM java.util.prefs.FileSystemPreferences checkLockFile0ErrorCode
2026-08-17 23:23:12,745 [ERROR] LogOutputStream:75 - [STDERR_REDIRECT] WARNING: Could not lock System prefs. Unix error code 5.
2026-08-17 23:23:12,745 [ERROR] LogOutputStream:75 - [STDERR_REDIRECT] 
2026-08-17 23:23:12,745 [ERROR] LogOutputStream:75 - [STDERR_REDIRECT] Aug 17, 2026 11:23:12 PM java.util.prefs.FileSystemPreferences syncWorld
2026-08-17 23:23:12,745 [ERROR] LogOutputStream:75 - [STDERR_REDIRECT] WARNING: Couldn't flush system prefs: java.util.prefs.BackingStoreException: Couldn't get file lock.
2026-08-17 23:23:12,745 [ERROR] LogOutputStream:75 - [STDERR_REDIRECT] 
2026-08-17 23:23:42,745 [ERROR] LogOutputStream:75 - [STDERR_REDIRECT] Aug 17, 2026 11:23:42 PM java.util.prefs.FileSystemPreferences checkLockFile0ErrorCode
2026-08-17 23:23:42,745 [ERROR] LogOutputStream:75 - [STDERR_REDIRECT] WARNING: Could not lock System prefs. Unix error code 5.
2026-08-17 23:23:42,745 [ERROR] LogOutputStream:75 - [STDERR_REDIRECT] 
2026-08-17 23:23:42,746 [ERROR] LogOutputStream:75 - [STDERR_REDIRECT] Aug 17, 2026 11:23:42 PM java.util.prefs.FileSystemPreferences syncWorld
2026-08-17 23:23:42,746 [ERROR] LogOutputStream:75 - [STDERR_REDIRECT] WARNING: Couldn't flush system prefs: java.util.prefs.BackingStoreException: Couldn't get file lock.
2026-08-17 23:23:42,746 [ERROR] LogOutputStream:75 - [STDERR_REDIRECT] 
2026-08-17 23:24:12,745 [ERROR] LogOutputStream:75 - [STDERR_REDIRECT] Aug 17, 2026 11:24:12 PM java.util.prefs.FileSystemPreferences checkLockFile0ErrorCode
2026-08-17 23:24:12,746 [ERROR] LogOutputStream:75 - [STDERR_REDIRECT] WARNING: Could not lock System prefs. Unix error code 5.
2026-08-17 23:24:12,746 [ERROR] LogOutputStream:75 - [STDERR_REDIRECT] 
2026-08-17 23:24:12,746 [ERROR] LogOutputStream:75 - [STDERR_REDIRECT] Aug 17, 2026 11:24:12 PM java.util.prefs.FileSystemPreferences syncWorld
2026-08-17 23:24:12,746 [ERROR] LogOutputStream:75 - [STDERR_REDIRECT] WARNING: Couldn't flush system prefs: java.util.prefs.BackingStoreException: Couldn't get file lock.
2026-08-17 23:24:12,746 [ERROR] LogOutputStream:75 - [STDERR_REDIRECT] 
2026-08-17 23:24:42,746 [ERROR] LogOutputStream:75 - [STDERR_REDIRECT] Aug 17, 2026 11:24:42 PM java.util.prefs.FileSystemPreferences checkLockFile0ErrorCode
2026-08-17 23:24:42,746 [ERROR] LogOutputStream:75 - [STDERR_REDIRECT] WARNING: Could not lock System prefs. Unix error code 5.
2026-08-17 23:24:42,746 [ERROR] LogOutputStream:75 - [STDERR_REDIRECT] 
2026-08-17 23:24:42,747 [ERROR] LogOutputStream:75 - [STDERR_REDIRECT] Aug 17, 2026 11:24:42 PM java.util.prefs.FileSystemPreferences syncWorld
2026-08-17 23:24:42,747 [ERROR] LogOutputStream:75 - [STDERR_REDIRECT] WARNING: Couldn't flush system prefs: java.util.prefs.BackingStoreException: Couldn't get file lock.
2026-08-17 23:24:42,747 [ERROR] LogOutputStream:75 - [STDERR_REDIRECT] 
2026-08-17 23:25:12,746 [ERROR] LogOutputStream:75 - [STDERR_REDIRECT] Aug 17, 2026 11:25:12 PM java.util.prefs.FileSystemPreferences checkLockFile0ErrorCode
2026-08-17 23:25:12,747 [ERROR] LogOutputStream:75 - [STDERR_REDIRECT] WARNING: Could not lock System prefs. Unix error code 5.
2026-08-17 23:25:12,747 [ERROR] LogOutputStream:75 - [STDERR_REDIRECT] 
2026-08-17 23:25:12,747 [ERROR] LogOutputStream:75 - [STDERR_REDIRECT] Aug 17, 2026 11:25:12 PM java.util.prefs.FileSystemPreferences syncWorld
2026-08-17 23:25:12,747 [ERROR] LogOutputStream:75 - [STDERR_REDIRECT] WARNING: Couldn't flush system prefs: java.util.prefs.BackingStoreException: Couldn't get file lock.
2026-08-17 23:25:12,747 [ERROR] LogOutputStream:75 - [STDERR_REDIRECT] 
2026-08-17 23:25:42,746 [ERROR] LogOutputStream:75 - [STDERR_REDIRECT] Aug 17, 2026 11:25:42 PM java.util.prefs.FileSystemPreferences checkLockFile0ErrorCode
2026-08-17 23:25:42,746 [ERROR] LogOutputStream:75 - [STDERR_REDIRECT] WARNING: Could not lock System prefs. Unix error code 5.
2026-08-17 23:25:42,746 [ERROR] LogOutputStream:75 - [STDERR_REDIRECT] 
2026-08-17 23:25:42,747 [ERROR] LogOutputStream:75 - [STDERR_REDIRECT] Aug 17, 2026 11:25:42 PM java.util.prefs.FileSystemPreferences syncWorld
2026-08-17 23:25:42,747 [ERROR] LogOutputStream:75 - [STDERR_REDIRECT] WARNING: Couldn't flush system prefs: java.util.prefs.BackingStoreException: Couldn't get file lock.
2026-08-17 23:25:42,747 [ERROR] LogOutputStream:75 - [STDERR_REDIRECT] 
2026-08-17 23:26:12,745 [ERROR] LogOutputStream:75 - [STDERR_REDIRECT] Aug 17, 2026 11:26:12 PM java.util.prefs.FileSystemPreferences checkLockFile0ErrorCode
2026-08-17 23:26:12,746 [ERROR] LogOutputStream:75 - [STDERR_REDIRECT] WARNING: Could not lock System prefs. Unix error code 5.
2026-08-17 23:26:12,746 [ERROR] LogOutputStream:75 - [STDERR_REDIRECT] 
2026-08-17 23:26:12,746 [ERROR] LogOutputStream:75 - [STDERR_REDIRECT] Aug 17, 2026 11:26:12 PM java.util.prefs.FileSystemPreferences syncWorld
2026-08-17 23:26:12,747 [ERROR] LogOutputStream:75 - [STDERR_REDIRECT] WARNING: Couldn't flush system prefs: java.util.prefs.BackingStoreException: Couldn't get file lock.
2026-08-17 23:26:12,747 [ERROR] LogOutputStream:75 - [STDERR_REDIRECT] 
2026-08-17 23:26:42,746 [ERROR] LogOutputStream:75 - [STDERR_REDIRECT] Aug 17, 2026 11:26:42 PM java.util.prefs.FileSystemPreferences checkLockFile0ErrorCode
2026-08-17 23:26:42,746 [ERROR] LogOutputStream:75 - [STDERR_REDIRECT] WARNING: Could not lock System prefs. Unix error code 5.
2026-08-17 23:26:42,746 [ERROR] LogOutputStream:75 - [STDERR_REDIRECT] 
2026-08-17 23:26:42,746 [ERROR] LogOutputStream:75 - [STDERR_REDIRECT] Aug 17, 2026 11:26:42 PM java.util.prefs.FileSystemPreferences syncWorld
2026-08-17 23:26:42,746 [ERROR] LogOutputStream:75 - [STDERR_REDIRECT] WARNING: Couldn't flush system prefs: java.util.prefs.BackingStoreException: Couldn't get file lock.
2026-08-17 23:26:42,746 [ERROR] LogOutputStream:75 - [STDERR_REDIRECT] 
2026-08-17 23:27:12,746 [ERROR] LogOutputStream:75 - [STDERR_REDIRECT] Aug 17, 2026 11:27:12 PM java.util.prefs.FileSystemPreferences checkLockFile0ErrorCode
2026-08-17 23:27:12,746 [ERROR] LogOutputStream:75 - [STDERR_REDIRECT] WARNING: Could not lock System prefs. Unix error code 5.
2026-08-17 23:27:12,746 [ERROR] LogOutputStream:75 - [STDERR_REDIRECT] 
2026-08-17 23:27:12,747 [ERROR] LogOutputStream:75 - [STDERR_REDIRECT] Aug 17, 2026 11:27:12 PM java.util.prefs.FileSystemPreferences syncWorld
2026-08-17 23:27:12,747 [ERROR] LogOutputStream:75 - [STDERR_REDIRECT] WARNING: Couldn't flush system prefs: java.util.prefs.BackingStoreException: Couldn't get file lock.
2026-08-17 23:27:12,747 [ERROR] LogOutputStream:75 - [STDERR_REDIRECT] 
2026-08-17 23:27:42,745 [ERROR] LogOutputStream:75 - [STDERR_REDIRECT] Aug 17, 2026 11:27:42 PM java.util.prefs.FileSystemPreferences checkLockFile0ErrorCode
2026-08-17 23:27:42,745 [ERROR] LogOutputStream:75 - [STDERR_REDIRECT] WARNING: Could not lock System prefs. Unix error code 5.
2026-08-17 23:27:42,746 [ERROR] LogOutputStream:75 - [STDERR_REDIRECT] 
2026-08-17 23:27:42,746 [ERROR] LogOutputStream:75 - [STDERR_REDIRECT] Aug 17, 2026 11:27:42 PM java.util.prefs.FileSystemPreferences syncWorld
2026-08-17 23:27:42,746 [ERROR] LogOutputStream:75 - [STDERR_REDIRECT] WARNING: Couldn't flush system prefs: java.util.prefs.BackingStoreException: Couldn't get file lock.
2026-08-17 23:27:42,746 [ERROR] LogOutputStream:75 - [STDERR_REDIRECT] 
2026-08-17 23:28:12,746 [ERROR] LogOutputStream:75 - [STDERR_REDIRECT] Aug 17, 2026 11:28:12 PM java.util.prefs.FileSystemPreferences checkLockFile0ErrorCode
2026-08-17 23:28:12,746 [ERROR] LogOutputStream:75 - [STDERR_REDIRECT] WARNING: Could not lock System prefs. Unix error code 5.
2026-08-17 23:28:12,746 [ERROR] LogOutputStream:75 - [STDERR_REDIRECT] 
2026-08-17 23:28:12,747 [ERROR] LogOutputStream:75 - [STDERR_REDIRECT] Aug 17, 2026 11:28:12 PM java.util.prefs.FileSystemPreferences syncWorld
2026-08-17 23:28:12,747 [ERROR] LogOutputStream:75 - [STDERR_REDIRECT] WARNING: Couldn't flush system prefs: java.util.prefs.BackingStoreException: Couldn't get file lock.
2026-08-17 23:28:12,747 [ERROR] LogOutputStream:75 - [STDERR_REDIRECT] 
2026-08-17 23:28:42,748 [ERROR] LogOutputStream:75 - [STDERR_REDIRECT] Aug 17, 2026 11:28:42 PM java.util.prefs.FileSystemPreferences checkLockFile0ErrorCode
2026-08-17 23:28:42,748 [ERROR] LogOutputStream:75 - [STDERR_REDIRECT] WARNING: Could not lock System prefs. Unix error code 5.
2026-08-17 23:28:42,748 [ERROR] LogOutputStream:75 - [STDERR_REDIRECT] 
2026-08-17 23:28:42,748 [ERROR] LogOutputStream:75 - [STDERR_REDIRECT] Aug 17, 2026 11:28:42 PM java.util.prefs.FileSystemPreferences syncWorld
2026-08-17 23:28:42,748 [ERROR] LogOutputStream:75 - [STDERR_REDIRECT] WARNING: Couldn't flush system prefs: java.util.prefs.BackingStoreException: Couldn't get file lock.
2026-08-17 23:28:42,748 [ERROR] LogOutputStream:75 - [STDERR_REDIRECT] 
2026-08-17 23:29:12,746 [ERROR] LogOutputStream:75 - [STDERR_REDIRECT] Aug 17, 2026 11:29:12 PM java.util.prefs.FileSystemPreferences checkLockFile0ErrorCode
2026-08-17 23:29:12,746 [ERROR] LogOutputStream:75 - [STDERR_REDIRECT] WARNING: Could not lock System prefs. Unix error code 5.
2026-08-17 23:29:12,746 [ERROR] LogOutputStream:75 - [STDERR_REDIRECT] 
2026-08-17 23:29:12,746 [ERROR] LogOutputStream:75 - [STDERR_REDIRECT] Aug 17, 2026 11:29:12 PM java.util.prefs.FileSystemPreferences syncWorld
2026-08-17 23:29:12,747 [ERROR] LogOutputStream:75 - [STDERR_REDIRECT] WARNING: Couldn't flush system prefs: java.util.prefs.BackingStoreException: Couldn't get file lock.
2026-08-17 23:29:12,747 [ERROR] LogOutputStream:75 - [STDERR_REDIRECT] 
2026-08-17 23:29:42,746 [ERROR] LogOutputStream:75 - [STDERR_REDIRECT] Aug 17, 2026 11:29:42 PM java.util.prefs.FileSystemPreferences checkLockFile0ErrorCode
2026-08-17 23:29:42,747 [ERROR] LogOutputStream:75 - [STDERR_REDIRECT] WARNING: Could not lock System prefs. Unix error code 5.
2026-08-17 23:29:42,749 [ERROR] LogOutputStream:75 - [STDERR_REDIRECT] 
2026-08-17 23:29:42,749 [ERROR] LogOutputStream:75 - [STDERR_REDIRECT] Aug 17, 2026 11:29:42 PM java.util.prefs.FileSystemPreferences syncWorld
2026-08-17 23:29:42,749 [ERROR] LogOutputStream:75 - [STDERR_REDIRECT] WARNING: Couldn't flush system prefs: java.util.prefs.BackingStoreException: Couldn't get file lock.
2026-08-17 23:29:42,749 [ERROR] LogOutputStream:75 - [STDERR_REDIRECT] 
2026-08-17 23:30:12,746 [ERROR] LogOutputStream:75 - [STDERR_REDIRECT] Aug 17, 2026 11:30:12 PM java.util.prefs.FileSystemPreferences checkLockFile0ErrorCode
2026-08-17 23:30:12,746 [ERROR] LogOutputStream:75 - [STDERR_REDIRECT] WARNING: Could not lock System prefs. Unix error code 5.
2026-08-17 23:30:12,746 [ERROR] LogOutputStream:75 - [STDERR_REDIRECT] 
2026-08-17 23:30:12,746 [ERROR] LogOutputStream:75 - [STDERR_REDIRECT] Aug 17, 2026 11:30:12 PM java.util.prefs.FileSystemPreferences syncWorld
2026-08-17 23:30:12,746 [ERROR] LogOutputStream:75 - [STDERR_REDIRECT] WARNING: Couldn't flush system prefs: java.util.prefs.BackingStoreException: Couldn't get file lock.
2026-08-17 23:30:12,746 [ERROR] LogOutputStream:75 - [STDERR_REDIRECT] 
2026-08-17 23:30:42,746 [ERROR] LogOutputStream:75 - [STDERR_REDIRECT] Aug 17, 2026 11:30:42 PM java.util.prefs.FileSystemPreferences checkLockFile0ErrorCode
2026-08-17 23:30:42,746 [ERROR] LogOutputStream:75 - [STDERR_REDIRECT] WARNING: Could not lock System prefs. Unix error code 5.
2026-08-17 23:30:42,746 [ERROR] LogOutputStream:75 - [STDERR_REDIRECT] 
2026-08-17 23:30:42,746 [ERROR] LogOutputStream:75 - [STDERR_REDIRECT] Aug 17, 2026 11:30:42 PM java.util.prefs.FileSystemPreferences syncWorld
2026-08-17 23:30:42,746 [ERROR] LogOutputStream:75 - [STDERR_REDIRECT] WARNING: Couldn't flush system prefs: java.util.prefs.BackingStoreException: Couldn't get file lock.
2026-08-17 23:30:42,746 [ERROR] LogOutputStream:75 - [STDERR_REDIRECT] 
2026-08-17 23:31:12,746 [ERROR] LogOutputStream:75 - [STDERR_REDIRECT] Aug 17, 2026 11:31:12 PM java.util.prefs.FileSystemPreferences checkLockFile0ErrorCode
2026-08-17 23:31:12,746 [ERROR] LogOutputStream:75 - [STDERR_REDIRECT] WARNING: Could not lock System prefs. Unix error code 5.
2026-08-17 23:31:12,746 [ERROR] LogOutputStream:75 - [STDERR_REDIRECT] 
2026-08-17 23:31:12,747 [ERROR] LogOutputStream:75 - [STDERR_REDIRECT] Aug 17, 2026 11:31:12 PM java.util.prefs.FileSystemPreferences syncWorld
2026-08-17 23:31:12,747 [ERROR] LogOutputStream:75 - [STDERR_REDIRECT] WARNING: Couldn't flush system prefs: java.util.prefs.BackingStoreException: Couldn't get file lock.
2026-08-17 23:31:12,747 [ERROR] LogOutputStream:75 - [STDERR_REDIRECT] 
2026-08-17 23:31:42,746 [ERROR] LogOutputStream:75 - [STDERR_REDIRECT] Aug 17, 2026 11:31:42 PM java.util.prefs.FileSystemPreferences checkLockFile0ErrorCode
2026-08-17 23:31:42,747 [ERROR] LogOutputStream:75 - [STDERR_REDIRECT] WARNING: Could not lock System prefs. Unix error code 5.
2026-08-17 23:31:42,747 [ERROR] LogOutputStream:75 - [STDERR_REDIRECT] 
2026-08-17 23:31:42,747 [ERROR] LogOutputStream:75 - [STDERR_REDIRECT] Aug 17, 2026 11:31:42 PM java.util.prefs.FileSystemPreferences syncWorld
2026-08-17 23:31:42,747 [ERROR] LogOutputStream:75 - [STDERR_REDIRECT] WARNING: Couldn't flush system prefs: java.util.prefs.BackingStoreException: Couldn't get file lock.
2026-08-17 23:31:42,747 [ERROR] LogOutputStream:75 - [STDERR_REDIRECT] 
2026-08-17 23:32:12,747 [ERROR] LogOutputStream:75 - [STDERR_REDIRECT] Aug 17, 2026 11:32:12 PM java.util.prefs.FileSystemPreferences checkLockFile0ErrorCode
2026-08-17 23:32:12,747 [ERROR] LogOutputStream:75 - [STDERR_REDIRECT] WARNING: Could not lock System prefs. Unix error code 5.
2026-08-17 23:32:12,747 [ERROR] LogOutputStream:75 - [STDERR_REDIRECT] 
2026-08-17 23:32:12,748 [ERROR] LogOutputStream:75 - [STDERR_REDIRECT] Aug 17, 2026 11:32:12 PM java.util.prefs.FileSystemPreferences syncWorld
2026-08-17 23:32:12,748 [ERROR] LogOutputStream:75 - [STDERR_REDIRECT] WARNING: Couldn't flush system prefs: java.util.prefs.BackingStoreException: Couldn't get file lock.
2026-08-17 23:32:12,748 [ERROR] LogOutputStream:75 - [STDERR_REDIRECT] 
2026-08-17 23:32:42,747 [ERROR] LogOutputStream:75 - [STDERR_REDIRECT] Aug 17, 2026 11:32:42 PM java.util.prefs.FileSystemPreferences checkLockFile0ErrorCode
2026-08-17 23:32:42,747 [ERROR] LogOutputStream:75 - [STDERR_REDIRECT] WARNING: Could not lock System prefs. Unix error code 5.
2026-08-17 23:32:42,747 [ERROR] LogOutputStream:75 - [STDERR_REDIRECT] 
2026-08-17 23:32:42,747 [ERROR] LogOutputStream:75 - [STDERR_REDIRECT] Aug 17, 2026 11:32:42 PM java.util.prefs.FileSystemPreferences syncWorld
2026-08-17 23:32:42,747 [ERROR] LogOutputStream:75 - [STDERR_REDIRECT] WARNING: Couldn't flush system prefs: java.util.prefs.BackingStoreException: Couldn't get file lock.
2026-08-17 23:32:42,747 [ERROR] LogOutputStream:75 - [STDERR_REDIRECT] 
2026-08-17 23:33:12,747 [ERROR] LogOutputStream:75 - [STDERR_REDIRECT] Aug 17, 2026 11:33:12 PM java.util.prefs.FileSystemPreferences checkLockFile0ErrorCode
2026-08-17 23:33:12,747 [ERROR] LogOutputStream:75 - [STDERR_REDIRECT] WARNING: Could not lock System prefs. Unix error code 5.
2026-08-17 23:33:12,748 [ERROR] LogOutputStream:75 - [STDERR_REDIRECT] 
2026-08-17 23:33:12,748 [ERROR] LogOutputStream:75 - [STDERR_REDIRECT] Aug 17, 2026 11:33:12 PM java.util.prefs.FileSystemPreferences syncWorld
2026-08-17 23:33:12,748 [ERROR] LogOutputStream:75 - [STDERR_REDIRECT] WARNING: Couldn't flush system prefs: java.util.prefs.BackingStoreException: Couldn't get file lock.
2026-08-17 23:33:12,748 [ERROR] LogOutputStream:75 - [STDERR_REDIRECT] 
2026-08-17 23:33:42,748 [ERROR] LogOutputStream:75 - [STDERR_REDIRECT] Aug 17, 2026 11:33:42 PM java.util.prefs.FileSystemPreferences checkLockFile0ErrorCode
2026-08-17 23:33:42,748 [ERROR] LogOutputStream:75 - [STDERR_REDIRECT] WARNING: Could not lock System prefs. Unix error code 5.
2026-08-17 23:33:42,748 [ERROR] LogOutputStream:75 - [STDERR_REDIRECT] 
2026-08-17 23:33:42,748 [ERROR] LogOutputStream:75 - [STDERR_REDIRECT] Aug 17, 2026 11:33:42 PM java.util.prefs.FileSystemPreferences syncWorld
2026-08-17 23:33:42,748 [ERROR] LogOutputStream:75 - [STDERR_REDIRECT] WARNING: Couldn't flush system prefs: java.util.prefs.BackingStoreException: Couldn't get file lock.
2026-08-17 23:33:42,748 [ERROR] LogOutputStream:75 - [STDERR_REDIRECT] 
2026-08-17 23:34:12,748 [ERROR] LogOutputStream:75 - [STDERR_REDIRECT] Aug 17, 2026 11:34:12 PM java.util.prefs.FileSystemPreferences checkLockFile0ErrorCode
2026-08-17 23:34:12,748 [ERROR] LogOutputStream:75 - [STDERR_REDIRECT] WARNING: Could not lock System prefs. Unix error code 5.
2026-08-17 23:34:12,748 [ERROR] LogOutputStream:75 - [STDERR_REDIRECT] 
2026-08-17 23:34:12,748 [ERROR] LogOutputStream:75 - [STDERR_REDIRECT] Aug 17, 2026 11:34:12 PM java.util.prefs.FileSystemPreferences syncWorld
2026-08-17 23:34:12,748 [ERROR] LogOutputStream:75 - [STDERR_REDIRECT] WARNING: Couldn't flush system prefs: java.util.prefs.BackingStoreException: Couldn't get file lock.
2026-08-17 23:34:12,748 [ERROR] LogOutputStream:75 - [STDERR_REDIRECT] 
2026-08-17 23:34:42,748 [ERROR] LogOutputStream:75 - [STDERR_REDIRECT] Aug 17, 2026 11:34:42 PM java.util.prefs.FileSystemPreferences checkLockFile0ErrorCode
2026-08-17 23:34:42,749 [ERROR] LogOutputStream:75 - [STDERR_REDIRECT] WARNING: Could not lock System prefs. Unix error code 5.
2026-08-17 23:34:42,749 [ERROR] LogOutputStream:75 - [STDERR_REDIRECT] 
2026-08-17 23:34:42,749 [ERROR] LogOutputStream:75 - [STDERR_REDIRECT] Aug 17, 2026 11:34:42 PM java.util.prefs.FileSystemPreferences syncWorld
2026-08-17 23:34:42,749 [ERROR] LogOutputStream:75 - [STDERR_REDIRECT] WARNING: Couldn't flush system prefs: java.util.prefs.BackingStoreException: Couldn't get file lock.
2026-08-17 23:34:42,749 [ERROR] LogOutputStream:75 - [STDERR_REDIRECT] 
2026-08-17 23:35:12,749 [ERROR] LogOutputStream:75 - [STDERR_REDIRECT] Aug 17, 2026 11:35:12 PM java.util.prefs.FileSystemPreferences checkLockFile0ErrorCode
2026-08-17 23:35:12,749 [ERROR] LogOutputStream:75 - [STDERR_REDIRECT] WARNING: Could not lock System prefs. Unix error code 5.
2026-08-17 23:35:12,749 [ERROR] LogOutputStream:75 - [STDERR_REDIRECT] 
2026-08-17 23:35:12,749 [ERROR] LogOutputStream:75 - [STDERR_REDIRECT] Aug 17, 2026 11:35:12 PM java.util.prefs.FileSystemPreferences syncWorld
2026-08-17 23:35:12,749 [ERROR] LogOutputStream:75 - [STDERR_REDIRECT] WARNING: Couldn't flush system prefs: java.util.prefs.BackingStoreException: Couldn't get file lock.
2026-08-17 23:35:12,749 [ERROR] LogOutputStream:75 - [STDERR_REDIRECT] 
2026-08-17 23:35:42,749 [ERROR] LogOutputStream:75 - [STDERR_REDIRECT] Aug 17, 2026 11:35:42 PM java.util.prefs.FileSystemPreferences checkLockFile0ErrorCode
2026-08-17 23:35:42,749 [ERROR] LogOutputStream:75 - [STDERR_REDIRECT] WARNING: Could not lock System prefs. Unix error code 5.
2026-08-17 23:35:42,749 [ERROR] LogOutputStream:75 - [STDERR_REDIRECT] 
2026-08-17 23:35:42,750 [ERROR] LogOutputStream:75 - [STDERR_REDIRECT] Aug 17, 2026 11:35:42 PM java.util.prefs.FileSystemPreferences syncWorld
2026-08-17 23:35:42,750 [ERROR] LogOutputStream:75 - [STDERR_REDIRECT] WARNING: Couldn't flush system prefs: java.util.prefs.BackingStoreException: Couldn't get file lock.
2026-08-17 23:35:42,750 [ERROR] LogOutputStream:75 - [STDERR_REDIRECT] 
2026-08-17 23:36:12,749 [ERROR] LogOutputStream:75 - [STDERR_REDIRECT] Aug 17, 2026 11:36:12 PM java.util.prefs.FileSystemPreferences checkLockFile0ErrorCode
2026-08-17 23:36:12,750 [ERROR] LogOutputStream:75 - [STDERR_REDIRECT] WARNING: Could not lock System prefs. Unix error code 5.
2026-08-17 23:36:12,750 [ERROR] LogOutputStream:75 - [STDERR_REDIRECT] 
2026-08-17 23:36:12,750 [ERROR] LogOutputStream:75 - [STDERR_REDIRECT] Aug 17, 2026 11:36:12 PM java.util.prefs.FileSystemPreferences syncWorld
2026-08-17 23:36:12,750 [ERROR] LogOutputStream:75 - [STDERR_REDIRECT] WARNING: Couldn't flush system prefs: java.util.prefs.BackingStoreException: Couldn't get file lock.
2026-08-17 23:36:12,750 [ERROR] LogOutputStream:75 - [STDERR_REDIRECT] 
2026-08-17 23:36:42,750 [ERROR] LogOutputStream:75 - [STDERR_REDIRECT] Aug 17, 2026 11:36:42 PM java.util.prefs.FileSystemPreferences checkLockFile0ErrorCode
2026-08-17 23:36:42,750 [ERROR] LogOutputStream:75 - [STDERR_REDIRECT] WARNING: Could not lock System prefs. Unix error code 5.
2026-08-17 23:36:42,750 [ERROR] LogOutputStream:75 - [STDERR_REDIRECT] 
2026-08-17 23:36:42,750 [ERROR] LogOutputStream:75 - [STDERR_REDIRECT] Aug 17, 2026 11:36:42 PM java.util.prefs.FileSystemPreferences syncWorld
2026-08-17 23:36:42,750 [ERROR] LogOutputStream:75 - [STDERR_REDIRECT] WARNING: Couldn't flush system prefs: java.util.prefs.BackingStoreException: Couldn't get file lock.
2026-08-17 23:36:42,751 [ERROR] LogOutputStream:75 - [STDERR_REDIRECT] 
2026-08-17 23:37:12,750 [ERROR] LogOutputStream:75 - [STDERR_REDIRECT] Aug 17, 2026 11:37:12 PM java.util.prefs.FileSystemPreferences checkLockFile0ErrorCode
2026-08-17 23:37:12,750 [ERROR] LogOutputStream:75 - [STDERR_REDIRECT] WARNING: Could not lock System prefs. Unix error code 5.
2026-08-17 23:37:12,750 [ERROR] LogOutputStream:75 - [STDERR_REDIRECT] 
2026-08-17 23:37:12,751 [ERROR] LogOutputStream:75 - [STDERR_REDIRECT] Aug 17, 2026 11:37:12 PM java.util.prefs.FileSystemPreferences syncWorld
2026-08-17 23:37:12,751 [ERROR] LogOutputStream:75 - [STDERR_REDIRECT] WARNING: Couldn't flush system prefs: java.util.prefs.BackingStoreException: Couldn't get file lock.
2026-08-17 23:37:12,751 [ERROR] LogOutputStream:75 - [STDERR_REDIRECT] 
2026-08-17 23:37:42,750 [ERROR] LogOutputStream:75 - [STDERR_REDIRECT] Aug 17, 2026 11:37:42 PM java.util.prefs.FileSystemPreferences checkLockFile0ErrorCode
2026-08-17 23:37:42,751 [ERROR] LogOutputStream:75 - [STDERR_REDIRECT] WARNING: Could not lock System prefs. Unix error code 5.
2026-08-17 23:37:42,751 [ERROR] LogOutputStream:75 - [STDERR_REDIRECT] 
2026-08-17 23:37:42,751 [ERROR] LogOutputStream:75 - [STDERR_REDIRECT] Aug 17, 2026 11:37:42 PM java.util.prefs.FileSystemPreferences syncWorld
2026-08-17 23:37:42,751 [ERROR] LogOutputStream:75 - [STDERR_REDIRECT] WARNING: Couldn't flush system prefs: java.util.prefs.BackingStoreException: Couldn't get file lock.
2026-08-17 23:37:42,751 [ERROR] LogOutputStream:75 - [STDERR_REDIRECT] 
2026-08-17 23:38:12,750 [ERROR] LogOutputStream:75 - [STDERR_REDIRECT] Aug 17, 2026 11:38:12 PM java.util.prefs.FileSystemPreferences checkLockFile0ErrorCode
2026-08-17 23:38:12,750 [ERROR] LogOutputStream:75 - [STDERR_REDIRECT] WARNING: Could not lock System prefs. Unix error code 5.
2026-08-17 23:38:12,750 [ERROR] LogOutputStream:75 - [STDERR_REDIRECT] 
2026-08-17 23:38:12,750 [ERROR] LogOutputStream:75 - [STDERR_REDIRECT] Aug 17, 2026 11:38:12 PM java.util.prefs.FileSystemPreferences syncWorld
2026-08-17 23:38:12,750 [ERROR] LogOutputStream:75 - [STDERR_REDIRECT] WARNING: Couldn't flush system prefs: java.util.prefs.BackingStoreException: Couldn't get file lock.
2026-08-17 23:38:12,750 [ERROR] LogOutputStream:75 - [STDERR_REDIRECT] 
2026-08-17 23:38:42,750 [ERROR] LogOutputStream:75 - [STDERR_REDIRECT] Aug 17, 2026 11:38:42 PM java.util.prefs.FileSystemPreferences checkLockFile0ErrorCode
2026-08-17 23:38:42,750 [ERROR] LogOutputStream:75 - [STDERR_REDIRECT] WARNING: Could not lock System prefs. Unix error code 5.
2026-08-17 23:38:42,750 [ERROR] LogOutputStream:75 - [STDERR_REDIRECT] 
2026-08-17 23:38:42,750 [ERROR] LogOutputStream:75 - [STDERR_REDIRECT] Aug 17, 2026 11:38:42 PM java.util.prefs.FileSystemPreferences syncWorld
2026-08-17 23:38:42,750 [ERROR] LogOutputStream:75 - [STDERR_REDIRECT] WARNING: Couldn't flush system prefs: java.util.prefs.BackingStoreException: Couldn't get file lock.
2026-08-17 23:38:42,750 [ERROR] LogOutputStream:75 - [STDERR_REDIRECT] 
2026-08-17 23:39:12,750 [ERROR] LogOutputStream:75 - [STDERR_REDIRECT] Aug 17, 2026 11:39:12 PM java.util.prefs.FileSystemPreferences checkLockFile0ErrorCode
2026-08-17 23:39:12,750 [ERROR] LogOutputStream:75 - [STDERR_REDIRECT] WARNING: Could not lock System prefs. Unix error code 5.
2026-08-17 23:39:12,750 [ERROR] LogOutputStream:75 - [STDERR_REDIRECT] 
2026-08-17 23:39:12,751 [ERROR] LogOutputStream:75 - [STDERR_REDIRECT] Aug 17, 2026 11:39:12 PM java.util.prefs.FileSystemPreferences syncWorld
2026-08-17 23:39:12,751 [ERROR] LogOutputStream:75 - [STDERR_REDIRECT] WARNING: Couldn't flush system prefs: java.util.prefs.BackingStoreException: Couldn't get file lock.
2026-08-17 23:39:12,751 [ERROR] LogOutputStream:75 - [STDERR_REDIRECT] 
2026-08-17 23:39:42,751 [ERROR] LogOutputStream:75 - [STDERR_REDIRECT] Aug 17, 2026 11:39:42 PM java.util.prefs.FileSystemPreferences checkLockFile0ErrorCode
2026-08-17 23:39:42,751 [ERROR] LogOutputStream:75 - [STDERR_REDIRECT] WARNING: Could not lock System prefs. Unix error code 5.
2026-08-17 23:39:42,751 [ERROR] LogOutputStream:75 - [STDERR_REDIRECT] 
2026-08-17 23:39:42,751 [ERROR] LogOutputStream:75 - [STDERR_REDIRECT] Aug 17, 2026 11:39:42 PM java.util.prefs.FileSystemPreferences syncWorld
2026-08-17 23:39:42,751 [ERROR] LogOutputStream:75 - [STDERR_REDIRECT] WARNING: Couldn't flush system prefs: java.util.prefs.BackingStoreException: Couldn't get file lock.
2026-08-17 23:39:42,751 [ERROR] LogOutputStream:75 - [STDERR_REDIRECT] 
2026-08-17 23:40:12,751 [ERROR] LogOutputStream:75 - [STDERR_REDIRECT] Aug 17, 2026 11:40:12 PM java.util.prefs.FileSystemPreferences checkLockFile0ErrorCode
2026-08-17 23:40:12,751 [ERROR] LogOutputStream:75 - [STDERR_REDIRECT] WARNING: Could not lock System prefs. Unix error code 5.
2026-08-17 23:40:12,751 [ERROR] LogOutputStream:75 - [STDERR_REDIRECT] 
2026-08-17 23:40:12,751 [ERROR] LogOutputStream:75 - [STDERR_REDIRECT] Aug 17, 2026 11:40:12 PM java.util.prefs.FileSystemPreferences syncWorld
2026-08-17 23:40:12,751 [ERROR] LogOutputStream:75 - [STDERR_REDIRECT] WARNING: Couldn't flush system prefs: java.util.prefs.BackingStoreException: Couldn't get file lock.
2026-08-17 23:40:12,751 [ERROR] LogOutputStream:75 - [STDERR_REDIRECT] 
2026-08-17 23:40:42,751 [ERROR] LogOutputStream:75 - [STDERR_REDIRECT] Aug 17, 2026 11:40:42 PM java.util.prefs.FileSystemPreferences checkLockFile0ErrorCode
2026-08-17 23:40:42,751 [ERROR] LogOutputStream:75 - [STDERR_REDIRECT] WARNING: Could not lock System prefs. Unix error code 5.
2026-08-17 23:40:42,751 [ERROR] LogOutputStream:75 - [STDERR_REDIRECT] 
2026-08-17 23:40:42,752 [ERROR] LogOutputStream:75 - [STDERR_REDIRECT] Aug 17, 2026 11:40:42 PM java.util.prefs.FileSystemPreferences syncWorld
2026-08-17 23:40:42,752 [ERROR] LogOutputStream:75 - [STDERR_REDIRECT] WARNING: Couldn't flush system prefs: java.util.prefs.BackingStoreException: Couldn't get file lock.
2026-08-17 23:40:42,752 [ERROR] LogOutputStream:75 - [STDERR_REDIRECT] 
2026-08-17 23:41:12,752 [ERROR] LogOutputStream:75 - [STDERR_REDIRECT] Aug 17, 2026 11:41:12 PM java.util.prefs.FileSystemPreferences checkLockFile0ErrorCode
2026-08-17 23:41:12,753 [ERROR] LogOutputStream:75 - [STDERR_REDIRECT] WARNING: Could not lock System prefs. Unix error code 5.
2026-08-17 23:41:12,753 [ERROR] LogOutputStream:75 - [STDERR_REDIRECT] 
2026-08-17 23:41:12,753 [ERROR] LogOutputStream:75 - [STDERR_REDIRECT] Aug 17, 2026 11:41:12 PM java.util.prefs.FileSystemPreferences syncWorld
2026-08-17 23:41:12,753 [ERROR] LogOutputStream:75 - [STDERR_REDIRECT] WARNING: Couldn't flush system prefs: java.util.prefs.BackingStoreException: Couldn't get file lock.
2026-08-17 23:41:12,753 [ERROR] LogOutputStream:75 - [STDERR_REDIRECT] 
2026-08-17 23:41:42,751 [ERROR] LogOutputStream:75 - [STDERR_REDIRECT] Aug 17, 2026 11:41:42 PM java.util.prefs.FileSystemPreferences checkLockFile0ErrorCode
2026-08-17 23:41:42,752 [ERROR] LogOutputStream:75 - [STDERR_REDIRECT] WARNING: Could not lock System prefs. Unix error code 5.
2026-08-17 23:41:42,752 [ERROR] LogOutputStream:75 - [STDERR_REDIRECT] 
2026-08-17 23:41:42,752 [ERROR] LogOutputStream:75 - [STDERR_REDIRECT] Aug 17, 2026 11:41:42 PM java.util.prefs.FileSystemPreferences syncWorld
2026-08-17 23:41:42,752 [ERROR] LogOutputStream:75 - [STDERR_REDIRECT] WARNING: Couldn't flush system prefs: java.util.prefs.BackingStoreException: Couldn't get file lock.
2026-08-17 23:41:42,752 [ERROR] LogOutputStream:75 - [STDERR_REDIRECT] 
2026-08-17 23:42:12,753 [ERROR] LogOutputStream:75 - [STDERR_REDIRECT] Aug 17, 2026 11:42:12 PM java.util.prefs.FileSystemPreferences checkLockFile0ErrorCode
2026-08-17 23:42:12,753 [ERROR] LogOutputStream:75 - [STDERR_REDIRECT] WARNING: Could not lock System prefs. Unix error code 5.
2026-08-17 23:42:12,753 [ERROR] LogOutputStream:75 - [STDERR_REDIRECT] 
2026-08-17 23:42:12,753 [ERROR] LogOutputStream:75 - [STDERR_REDIRECT] Aug 17, 2026 11:42:12 PM java.util.prefs.FileSystemPreferences syncWorld
2026-08-17 23:42:12,753 [ERROR] LogOutputStream:75 - [STDERR_REDIRECT] WARNING: Couldn't flush system prefs: java.util.prefs.BackingStoreException: Couldn't get file lock.
2026-08-17 23:42:12,753 [ERROR] LogOutputStream:75 - [STDERR_REDIRECT] 
2026-08-17 23:42:42,752 [ERROR] LogOutputStream:75 - [STDERR_REDIRECT] Aug 17, 2026 11:42:42 PM java.util.prefs.FileSystemPreferences checkLockFile0ErrorCode
2026-08-17 23:42:42,752 [ERROR] LogOutputStream:75 - [STDERR_REDIRECT] WARNING: Could not lock System prefs. Unix error code 5.
2026-08-17 23:42:42,752 [ERROR] LogOutputStream:75 - [STDERR_REDIRECT] 
2026-08-17 23:42:42,753 [ERROR] LogOutputStream:75 - [STDERR_REDIRECT] Aug 17, 2026 11:42:42 PM java.util.prefs.FileSystemPreferences syncWorld
2026-08-17 23:42:42,753 [ERROR] LogOutputStream:75 - [STDERR_REDIRECT] WARNING: Couldn't flush system prefs: java.util.prefs.BackingStoreException: Couldn't get file lock.
2026-08-17 23:42:42,753 [ERROR] LogOutputStream:75 - [STDERR_REDIRECT] 
2026-08-17 23:43:12,752 [ERROR] LogOutputStream:75 - [STDERR_REDIRECT] Aug 17, 2026 11:43:12 PM java.util.prefs.FileSystemPreferences checkLockFile0ErrorCode
2026-08-17 23:43:12,752 [ERROR] LogOutputStream:75 - [STDERR_REDIRECT] WARNING: Could not lock System prefs. Unix error code 5.
2026-08-17 23:43:12,752 [ERROR] LogOutputStream:75 - [STDERR_REDIRECT] 
2026-08-17 23:43:12,752 [ERROR] LogOutputStream:75 - [STDERR_REDIRECT] Aug 17, 2026 11:43:12 PM java.util.prefs.FileSystemPreferences syncWorld
2026-08-17 23:43:12,752 [ERROR] LogOutputStream:75 - [STDERR_REDIRECT] WARNING: Couldn't flush system prefs: java.util.prefs.BackingStoreException: Couldn't get file lock.
2026-08-17 23:43:12,753 [ERROR] LogOutputStream:75 - [STDERR_REDIRECT] 
2026-08-17 23:43:42,751 [ERROR] LogOutputStream:75 - [STDERR_REDIRECT] Aug 17, 2026 11:43:42 PM java.util.prefs.FileSystemPreferences checkLockFile0ErrorCode
2026-08-17 23:43:42,752 [ERROR] LogOutputStream:75 - [STDERR_REDIRECT] WARNING: Could not lock System prefs. Unix error code 5.
2026-08-17 23:43:42,752 [ERROR] LogOutputStream:75 - [STDERR_REDIRECT] 
2026-08-17 23:43:42,752 [ERROR] LogOutputStream:75 - [STDERR_REDIRECT] Aug 17, 2026 11:43:42 PM java.util.prefs.FileSystemPreferences syncWorld
2026-08-17 23:43:42,752 [ERROR] LogOutputStream:75 - [STDERR_REDIRECT] WARNING: Couldn't flush system prefs: java.util.prefs.BackingStoreException: Couldn't get file lock.
2026-08-17 23:43:42,752 [ERROR] LogOutputStream:75 - [STDERR_REDIRECT] 
2026-08-17 23:44:12,753 [ERROR] LogOutputStream:75 - [STDERR_REDIRECT] Aug 17, 2026 11:44:12 PM java.util.prefs.FileSystemPreferences checkLockFile0ErrorCode
2026-08-17 23:44:12,753 [ERROR] LogOutputStream:75 - [STDERR_REDIRECT] WARNING: Could not lock System prefs. Unix error code 5.
2026-08-17 23:44:12,753 [ERROR] LogOutputStream:75 - [STDERR_REDIRECT] 
2026-08-17 23:44:12,753 [ERROR] LogOutputStream:75 - [STDERR_REDIRECT] Aug 17, 2026 11:44:12 PM java.util.prefs.FileSystemPreferences syncWorld
2026-08-17 23:44:12,753 [ERROR] LogOutputStream:75 - [STDERR_REDIRECT] WARNING: Couldn't flush system prefs: java.util.prefs.BackingStoreException: Couldn't get file lock.
2026-08-17 23:44:12,753 [ERROR] LogOutputStream:75 - [STDERR_REDIRECT] 
2026-08-17 23:44:42,753 [ERROR] LogOutputStream:75 - [STDERR_REDIRECT] Aug 17, 2026 11:44:42 PM java.util.prefs.FileSystemPreferences checkLockFile0ErrorCode
2026-08-17 23:44:42,753 [ERROR] LogOutputStream:75 - [STDERR_REDIRECT] WARNING: Could not lock System prefs. Unix error code 5.
2026-08-17 23:44:42,753 [ERROR] LogOutputStream:75 - [STDERR_REDIRECT] 
2026-08-17 23:44:42,753 [ERROR] LogOutputStream:75 - [STDERR_REDIRECT] Aug 17, 2026 11:44:42 PM java.util.prefs.FileSystemPreferences syncWorld
2026-08-17 23:44:42,753 [ERROR] LogOutputStream:75 - [STDERR_REDIRECT] WARNING: Couldn't flush system prefs: java.util.prefs.BackingStoreException: Couldn't get file lock.
2026-08-17 23:44:42,753 [ERROR] LogOutputStream:75 - [STDERR_REDIRECT] 
2026-08-17 23:45:12,753 [ERROR] LogOutputStream:75 - [STDERR_REDIRECT] Aug 17, 2026 11:45:12 PM java.util.prefs.FileSystemPreferences checkLockFile0ErrorCode
2026-08-17 23:45:12,753 [ERROR] LogOutputStream:75 - [STDERR_REDIRECT] WARNING: Could not lock System prefs. Unix error code 5.
2026-08-17 23:45:12,753 [ERROR] LogOutputStream:75 - [STDERR_REDIRECT] 
2026-08-17 23:45:12,753 [ERROR] LogOutputStream:75 - [STDERR_REDIRECT] Aug 17, 2026 11:45:12 PM java.util.prefs.FileSystemPreferences syncWorld
2026-08-17 23:45:12,753 [ERROR] LogOutputStream:75 - [STDERR_REDIRECT] WARNING: Couldn't flush system prefs: java.util.prefs.BackingStoreException: Couldn't get file lock.
2026-08-17 23:45:12,753 [ERROR] LogOutputStream:75 - [STDERR_REDIRECT] 
2026-08-17 23:45:42,755 [ERROR] LogOutputStream:75 - [STDERR_REDIRECT] Aug 17, 2026 11:45:42 PM java.util.prefs.FileSystemPreferences checkLockFile0ErrorCode
2026-08-17 23:45:42,755 [ERROR] LogOutputStream:75 - [STDERR_REDIRECT] WARNING: Could not lock System prefs. Unix error code 5.
2026-08-17 23:45:42,755 [ERROR] LogOutputStream:75 - [STDERR_REDIRECT] 
2026-08-17 23:45:42,756 [ERROR] LogOutputStream:75 - [STDERR_REDIRECT] Aug 17, 2026 11:45:42 PM java.util.prefs.FileSystemPreferences syncWorld
2026-08-17 23:45:42,756 [ERROR] LogOutputStream:75 - [STDERR_REDIRECT] WARNING: Couldn't flush system prefs: java.util.prefs.BackingStoreException: Couldn't get file lock.
2026-08-17 23:45:42,756 [ERROR] LogOutputStream:75 - [STDERR_REDIRECT] 
2026-08-17 23:46:12,755 [ERROR] LogOutputStream:75 - [STDERR_REDIRECT] Aug 17, 2026 11:46:12 PM java.util.prefs.FileSystemPreferences checkLockFile0ErrorCode
2026-08-17 23:46:12,755 [ERROR] LogOutputStream:75 - [STDERR_REDIRECT] WARNING: Could not lock System prefs. Unix error code 5.
2026-08-17 23:46:12,755 [ERROR] LogOutputStream:75 - [STDERR_REDIRECT] 
2026-08-17 23:46:12,755 [ERROR] LogOutputStream:75 - [STDERR_REDIRECT] Aug 17, 2026 11:46:12 PM java.util.prefs.FileSystemPreferences syncWorld
2026-08-17 23:46:12,755 [ERROR] LogOutputStream:75 - [STDERR_REDIRECT] WARNING: Couldn't flush system prefs: java.util.prefs.BackingStoreException: Couldn't get file lock.
2026-08-17 23:46:12,756 [ERROR] LogOutputStream:75 - [STDERR_REDIRECT] 
2026-08-17 23:46:42,752 [ERROR] LogOutputStream:75 - [STDERR_REDIRECT] Aug 17, 2026 11:46:42 PM java.util.prefs.FileSystemPreferences checkLockFile0ErrorCode
2026-08-17 23:46:42,752 [ERROR] LogOutputStream:75 - [STDERR_REDIRECT] WARNING: Could not lock System prefs. Unix error code 5.
2026-08-17 23:46:42,752 [ERROR] LogOutputStream:75 - [STDERR_REDIRECT] 
2026-08-17 23:46:42,753 [ERROR] LogOutputStream:75 - [STDERR_REDIRECT] Aug 17, 2026 11:46:42 PM java.util.prefs.FileSystemPreferences syncWorld
2026-08-17 23:46:42,753 [ERROR] LogOutputStream:75 - [STDERR_REDIRECT] WARNING: Couldn't flush system prefs: java.util.prefs.BackingStoreException: Couldn't get file lock.
2026-08-17 23:46:42,753 [ERROR] LogOutputStream:75 - [STDERR_REDIRECT] 
2026-08-17 23:47:12,755 [ERROR] LogOutputStream:75 - [STDERR_REDIRECT] Aug 17, 2026 11:47:12 PM java.util.prefs.FileSystemPreferences checkLockFile0ErrorCode
2026-08-17 23:47:12,755 [ERROR] LogOutputStream:75 - [STDERR_REDIRECT] WARNING: Could not lock System prefs. Unix error code 5.
2026-08-17 23:47:12,755 [ERROR] LogOutputStream:75 - [STDERR_REDIRECT] 
2026-08-17 23:47:12,755 [ERROR] LogOutputStream:75 - [STDERR_REDIRECT] Aug 17, 2026 11:47:12 PM java.util.prefs.FileSystemPreferences syncWorld
2026-08-17 23:47:12,755 [ERROR] LogOutputStream:75 - [STDERR_REDIRECT] WARNING: Couldn't flush system prefs: java.util.prefs.BackingStoreException: Couldn't get file lock.
2026-08-17 23:47:12,755 [ERROR] LogOutputStream:75 - [STDERR_REDIRECT] 
2026-08-17 23:47:42,753 [ERROR] LogOutputStream:75 - [STDERR_REDIRECT] Aug 17, 2026 11:47:42 PM java.util.prefs.FileSystemPreferences checkLockFile0ErrorCode
2026-08-17 23:47:42,753 [ERROR] LogOutputStream:75 - [STDERR_REDIRECT] WARNING: Could not lock System prefs. Unix error code 5.
2026-08-17 23:47:42,753 [ERROR] LogOutputStream:75 - [STDERR_REDIRECT] 
2026-08-17 23:47:42,753 [ERROR] LogOutputStream:75 - [STDERR_REDIRECT] Aug 17, 2026 11:47:42 PM java.util.prefs.FileSystemPreferences syncWorld
2026-08-17 23:47:42,754 [ERROR] LogOutputStream:75 - [STDERR_REDIRECT] WARNING: Couldn't flush system prefs: java.util.prefs.BackingStoreException: Couldn't get file lock.
2026-08-17 23:47:42,754 [ERROR] LogOutputStream:75 - [STDERR_REDIRECT] 
2026-08-17 23:48:12,752 [ERROR] LogOutputStream:75 - [STDERR_REDIRECT] Aug 17, 2026 11:48:12 PM java.util.prefs.FileSystemPreferences checkLockFile0ErrorCode
2026-08-17 23:48:12,753 [ERROR] LogOutputStream:75 - [STDERR_REDIRECT] WARNING: Could not lock System prefs. Unix error code 5.
2026-08-17 23:48:12,753 [ERROR] LogOutputStream:75 - [STDERR_REDIRECT] 
2026-08-17 23:48:12,753 [ERROR] LogOutputStream:75 - [STDERR_REDIRECT] Aug 17, 2026 11:48:12 PM java.util.prefs.FileSystemPreferences syncWorld
2026-08-17 23:48:12,753 [ERROR] LogOutputStream:75 - [STDERR_REDIRECT] WARNING: Couldn't flush system prefs: java.util.prefs.BackingStoreException: Couldn't get file lock.
2026-08-17 23:48:12,753 [ERROR] LogOutputStream:75 - [STDERR_REDIRECT] 
2026-08-17 23:48:42,753 [ERROR] LogOutputStream:75 - [STDERR_REDIRECT] Aug 17, 2026 11:48:42 PM java.util.prefs.FileSystemPreferences checkLockFile0ErrorCode
2026-08-17 23:48:42,754 [ERROR] LogOutputStream:75 - [STDERR_REDIRECT] WARNING: Could not lock System prefs. Unix error code 5.
2026-08-17 23:48:42,754 [ERROR] LogOutputStream:75 - [STDERR_REDIRECT] 
2026-08-17 23:48:42,754 [ERROR] LogOutputStream:75 - [STDERR_REDIRECT] Aug 17, 2026 11:48:42 PM java.util.prefs.FileSystemPreferences syncWorld
2026-08-17 23:48:42,754 [ERROR] LogOutputStream:75 - [STDERR_REDIRECT] WARNING: Couldn't flush system prefs: java.util.prefs.BackingStoreException: Couldn't get file lock.
2026-08-17 23:48:42,754 [ERROR] LogOutputStream:75 - [STDERR_REDIRECT] 
2026-08-17 23:49:12,753 [ERROR] LogOutputStream:75 - [STDERR_REDIRECT] Aug 17, 2026 11:49:12 PM java.util.prefs.FileSystemPreferences checkLockFile0ErrorCode
2026-08-17 23:49:12,753 [ERROR] LogOutputStream:75 - [STDERR_REDIRECT] WARNING: Could not lock System prefs. Unix error code 5.
2026-08-17 23:49:12,753 [ERROR] LogOutputStream:75 - [STDERR_REDIRECT] 
2026-08-17 23:49:12,753 [ERROR] LogOutputStream:75 - [STDERR_REDIRECT] Aug 17, 2026 11:49:12 PM java.util.prefs.FileSystemPreferences syncWorld
2026-08-17 23:49:12,753 [ERROR] LogOutputStream:75 - [STDERR_REDIRECT] WARNING: Couldn't flush system prefs: java.util.prefs.BackingStoreException: Couldn't get file lock.
2026-08-17 23:49:12,754 [ERROR] LogOutputStream:75 - [STDERR_REDIRECT] 
2026-08-17 23:49:42,752 [ERROR] LogOutputStream:75 - [STDERR_REDIRECT] Aug 17, 2026 11:49:42 PM java.util.prefs.FileSystemPreferences checkLockFile0ErrorCode
2026-08-17 23:49:42,752 [ERROR] LogOutputStream:75 - [STDERR_REDIRECT] WARNING: Could not lock System prefs. Unix error code 5.
2026-08-17 23:49:42,753 [ERROR] LogOutputStream:75 - [STDERR_REDIRECT] 
2026-08-17 23:49:42,753 [ERROR] LogOutputStream:75 - [STDERR_REDIRECT] Aug 17, 2026 11:49:42 PM java.util.prefs.FileSystemPreferences syncWorld
2026-08-17 23:49:42,753 [ERROR] LogOutputStream:75 - [STDERR_REDIRECT] WARNING: Couldn't flush system prefs: java.util.prefs.BackingStoreException: Couldn't get file lock.
2026-08-17 23:49:42,753 [ERROR] LogOutputStream:75 - [STDERR_REDIRECT] 
2026-08-17 23:50:12,753 [ERROR] LogOutputStream:75 - [STDERR_REDIRECT] Aug 17, 2026 11:50:12 PM java.util.prefs.FileSystemPreferences checkLockFile0ErrorCode
2026-08-17 23:50:12,753 [ERROR] LogOutputStream:75 - [STDERR_REDIRECT] WARNING: Could not lock System prefs. Unix error code 5.
2026-08-17 23:50:12,753 [ERROR] LogOutputStream:75 - [STDERR_REDIRECT] 
2026-08-17 23:50:12,753 [ERROR] LogOutputStream:75 - [STDERR_REDIRECT] Aug 17, 2026 11:50:12 PM java.util.prefs.FileSystemPreferences syncWorld
2026-08-17 23:50:12,753 [ERROR] LogOutputStream:75 - [STDERR_REDIRECT] WARNING: Couldn't flush system prefs: java.util.prefs.BackingStoreException: Couldn't get file lock.
2026-08-17 23:50:12,753 [ERROR] LogOutputStream:75 - [STDERR_REDIRECT] 
2026-08-17 23:50:42,753 [ERROR] LogOutputStream:75 - [STDERR_REDIRECT] Aug 17, 2026 11:50:42 PM java.util.prefs.FileSystemPreferences checkLockFile0ErrorCode
2026-08-17 23:50:42,753 [ERROR] LogOutputStream:75 - [STDERR_REDIRECT] WARNING: Could not lock System prefs. Unix error code 5.
2026-08-17 23:50:42,753 [ERROR] LogOutputStream:75 - [STDERR_REDIRECT] 
2026-08-17 23:50:42,754 [ERROR] LogOutputStream:75 - [STDERR_REDIRECT] Aug 17, 2026 11:50:42 PM java.util.prefs.FileSystemPreferences syncWorld
2026-08-17 23:50:42,754 [ERROR] LogOutputStream:75 - [STDERR_REDIRECT] WARNING: Couldn't flush system prefs: java.util.prefs.BackingStoreException: Couldn't get file lock.
2026-08-17 23:50:42,754 [ERROR] LogOutputStream:75 - [STDERR_REDIRECT] 
2026-08-17 23:51:12,753 [ERROR] LogOutputStream:75 - [STDERR_REDIRECT] Aug 17, 2026 11:51:12 PM java.util.prefs.FileSystemPreferences checkLockFile0ErrorCode
2026-08-17 23:51:12,753 [ERROR] LogOutputStream:75 - [STDERR_REDIRECT] WARNING: Could not lock System prefs. Unix error code 5.
2026-08-17 23:51:12,754 [ERROR] LogOutputStream:75 - [STDERR_REDIRECT] 
2026-08-17 23:51:12,754 [ERROR] LogOutputStream:75 - [STDERR_REDIRECT] Aug 17, 2026 11:51:12 PM java.util.prefs.FileSystemPreferences syncWorld
2026-08-17 23:51:12,754 [ERROR] LogOutputStream:75 - [STDERR_REDIRECT] WARNING: Couldn't flush system prefs: java.util.prefs.BackingStoreException: Couldn't get file lock.
2026-08-17 23:51:12,754 [ERROR] LogOutputStream:75 - [STDERR_REDIRECT] 
2026-08-17 23:51:42,754 [ERROR] LogOutputStream:75 - [STDERR_REDIRECT] Aug 17, 2026 11:51:42 PM java.util.prefs.FileSystemPreferences checkLockFile0ErrorCode
2026-08-17 23:51:42,754 [ERROR] LogOutputStream:75 - [STDERR_REDIRECT] WARNING: Could not lock System prefs. Unix error code 5.
2026-08-17 23:51:42,754 [ERROR] LogOutputStream:75 - [STDERR_REDIRECT] 
2026-08-17 23:51:42,755 [ERROR] LogOutputStream:75 - [STDERR_REDIRECT] Aug 17, 2026 11:51:42 PM java.util.prefs.FileSystemPreferences syncWorld
2026-08-17 23:51:42,755 [ERROR] LogOutputStream:75 - [STDERR_REDIRECT] WARNING: Couldn't flush system prefs: java.util.prefs.BackingStoreException: Couldn't get file lock.
2026-08-17 23:51:42,755 [ERROR] LogOutputStream:75 - [STDERR_REDIRECT] 
2026-08-17 23:52:12,753 [ERROR] LogOutputStream:75 - [STDERR_REDIRECT] Aug 17, 2026 11:52:12 PM java.util.prefs.FileSystemPreferences checkLockFile0ErrorCode
2026-08-17 23:52:12,753 [ERROR] LogOutputStream:75 - [STDERR_REDIRECT] WARNING: Could not lock System prefs. Unix error code 5.
2026-08-17 23:52:12,753 [ERROR] LogOutputStream:75 - [STDERR_REDIRECT] 
2026-08-17 23:52:12,753 [ERROR] LogOutputStream:75 - [STDERR_REDIRECT] Aug 17, 2026 11:52:12 PM java.util.prefs.FileSystemPreferences syncWorld
2026-08-17 23:52:12,753 [ERROR] LogOutputStream:75 - [STDERR_REDIRECT] WARNING: Couldn't flush system prefs: java.util.prefs.BackingStoreException: Couldn't get file lock.
2026-08-17 23:52:12,753 [ERROR] LogOutputStream:75 - [STDERR_REDIRECT] 
2026-08-17 23:52:42,753 [ERROR] LogOutputStream:75 - [STDERR_REDIRECT] Aug 17, 2026 11:52:42 PM java.util.prefs.FileSystemPreferences checkLockFile0ErrorCode
2026-08-17 23:52:42,753 [ERROR] LogOutputStream:75 - [STDERR_REDIRECT] WARNING: Could not lock System prefs. Unix error code 5.
2026-08-17 23:52:42,753 [ERROR] LogOutputStream:75 - [STDERR_REDIRECT] 
2026-08-17 23:52:42,753 [ERROR] LogOutputStream:75 - [STDERR_REDIRECT] Aug 17, 2026 11:52:42 PM java.util.prefs.FileSystemPreferences syncWorld
2026-08-17 23:52:42,753 [ERROR] LogOutputStream:75 - [STDERR_REDIRECT] WARNING: Couldn't flush system prefs: java.util.prefs.BackingStoreException: Couldn't get file lock.
2026-08-17 23:52:42,753 [ERROR] LogOutputStream:75 - [STDERR_REDIRECT] 
2026-08-17 23:53:12,754 [ERROR] LogOutputStream:75 - [STDERR_REDIRECT] Aug 17, 2026 11:53:12 PM java.util.prefs.FileSystemPreferences checkLockFile0ErrorCode
2026-08-17 23:53:12,754 [ERROR] LogOutputStream:75 - [STDERR_REDIRECT] WARNING: Could not lock System prefs. Unix error code 5.
2026-08-17 23:53:12,754 [ERROR] LogOutputStream:75 - [STDERR_REDIRECT] 
2026-08-17 23:53:12,754 [ERROR] LogOutputStream:75 - [STDERR_REDIRECT] Aug 17, 2026 11:53:12 PM java.util.prefs.FileSystemPreferences syncWorld
2026-08-17 23:53:12,754 [ERROR] LogOutputStream:75 - [STDERR_REDIRECT] WARNING: Couldn't flush system prefs: java.util.prefs.BackingStoreException: Couldn't get file lock.
2026-08-17 23:53:12,755 [ERROR] LogOutputStream:75 - [STDERR_REDIRECT] 
2026-08-17 23:53:42,754 [ERROR] LogOutputStream:75 - [STDERR_REDIRECT] Aug 17, 2026 11:53:42 PM java.util.prefs.FileSystemPreferences checkLockFile0ErrorCode
2026-08-17 23:53:42,754 [ERROR] LogOutputStream:75 - [STDERR_REDIRECT] WARNING: Could not lock System prefs. Unix error code 5.
2026-08-17 23:53:42,754 [ERROR] LogOutputStream:75 - [STDERR_REDIRECT] 
2026-08-17 23:53:42,755 [ERROR] LogOutputStream:75 - [STDERR_REDIRECT] Aug 17, 2026 11:53:42 PM java.util.prefs.FileSystemPreferences syncWorld
2026-08-17 23:53:42,755 [ERROR] LogOutputStream:75 - [STDERR_REDIRECT] WARNING: Couldn't flush system prefs: java.util.prefs.BackingStoreException: Couldn't get file lock.
2026-08-17 23:53:42,755 [ERROR] LogOutputStream:75 - [STDERR_REDIRECT] 
2026-08-17 23:54:12,754 [ERROR] LogOutputStream:75 - [STDERR_REDIRECT] Aug 17, 2026 11:54:12 PM java.util.prefs.FileSystemPreferences checkLockFile0ErrorCode
2026-08-17 23:54:12,754 [ERROR] LogOutputStream:75 - [STDERR_REDIRECT] WARNING: Could not lock System prefs. Unix error code 5.
2026-08-17 23:54:12,754 [ERROR] LogOutputStream:75 - [STDERR_REDIRECT] 
2026-08-17 23:54:12,754 [ERROR] LogOutputStream:75 - [STDERR_REDIRECT] Aug 17, 2026 11:54:12 PM java.util.prefs.FileSystemPreferences syncWorld
2026-08-17 23:54:12,754 [ERROR] LogOutputStream:75 - [STDERR_REDIRECT] WARNING: Couldn't flush system prefs: java.util.prefs.BackingStoreException: Couldn't get file lock.
2026-08-17 23:54:12,754 [ERROR] LogOutputStream:75 - [STDERR_REDIRECT] 
2026-08-17 23:54:42,755 [ERROR] LogOutputStream:75 - [STDERR_REDIRECT] Aug 17, 2026 11:54:42 PM java.util.prefs.FileSystemPreferences checkLockFile0ErrorCode
2026-08-17 23:54:42,755 [ERROR] LogOutputStream:75 - [STDERR_REDIRECT] WARNING: Could not lock System prefs. Unix error code 5.
2026-08-17 23:54:42,755 [ERROR] LogOutputStream:75 - [STDERR_REDIRECT] 
2026-08-17 23:54:42,755 [ERROR] LogOutputStream:75 - [STDERR_REDIRECT] Aug 17, 2026 11:54:42 PM java.util.prefs.FileSystemPreferences syncWorld
2026-08-17 23:54:42,756 [ERROR] LogOutputStream:75 - [STDERR_REDIRECT] WARNING: Couldn't flush system prefs: java.util.prefs.BackingStoreException: Couldn't get file lock.
2026-08-17 23:54:42,756 [ERROR] LogOutputStream:75 - [STDERR_REDIRECT] 
2026-08-17 23:55:12,755 [ERROR] LogOutputStream:75 - [STDERR_REDIRECT] Aug 17, 2026 11:55:12 PM java.util.prefs.FileSystemPreferences checkLockFile0ErrorCode
2026-08-17 23:55:12,755 [ERROR] LogOutputStream:75 - [STDERR_REDIRECT] WARNING: Could not lock System prefs. Unix error code 5.
2026-08-17 23:55:12,756 [ERROR] LogOutputStream:75 - [STDERR_REDIRECT] 
2026-08-17 23:55:12,756 [ERROR] LogOutputStream:75 - [STDERR_REDIRECT] Aug 17, 2026 11:55:12 PM java.util.prefs.FileSystemPreferences syncWorld
2026-08-17 23:55:12,756 [ERROR] LogOutputStream:75 - [STDERR_REDIRECT] WARNING: Couldn't flush system prefs: java.util.prefs.BackingStoreException: Couldn't get file lock.
2026-08-17 23:55:12,756 [ERROR] LogOutputStream:75 - [STDERR_REDIRECT] 
2026-08-17 23:55:42,755 [ERROR] LogOutputStream:75 - [STDERR_REDIRECT] Aug 17, 2026 11:55:42 PM java.util.prefs.FileSystemPreferences checkLockFile0ErrorCode
2026-08-17 23:55:42,756 [ERROR] LogOutputStream:75 - [STDERR_REDIRECT] WARNING: Could not lock System prefs. Unix error code 5.
2026-08-17 23:55:42,756 [ERROR] LogOutputStream:75 - [STDERR_REDIRECT] 
2026-08-17 23:55:42,756 [ERROR] LogOutputStream:75 - [STDERR_REDIRECT] Aug 17, 2026 11:55:42 PM java.util.prefs.FileSystemPreferences syncWorld
2026-08-17 23:55:42,756 [ERROR] LogOutputStream:75 - [STDERR_REDIRECT] WARNING: Couldn't flush system prefs: java.util.prefs.BackingStoreException: Couldn't get file lock.
2026-08-17 23:55:42,756 [ERROR] LogOutputStream:75 - [STDERR_REDIRECT] 
2026-08-17 23:56:12,756 [ERROR] LogOutputStream:75 - [STDERR_REDIRECT] Aug 17, 2026 11:56:12 PM java.util.prefs.FileSystemPreferences checkLockFile0ErrorCode
2026-08-17 23:56:12,756 [ERROR] LogOutputStream:75 - [STDERR_REDIRECT] WARNING: Could not lock System prefs. Unix error code 5.
2026-08-17 23:56:12,756 [ERROR] LogOutputStream:75 - [STDERR_REDIRECT] 
2026-08-17 23:56:12,756 [ERROR] LogOutputStream:75 - [STDERR_REDIRECT] Aug 17, 2026 11:56:12 PM java.util.prefs.FileSystemPreferences syncWorld
2026-08-17 23:56:12,756 [ERROR] LogOutputStream:75 - [STDERR_REDIRECT] WARNING: Couldn't flush system prefs: java.util.prefs.BackingStoreException: Couldn't get file lock.
2026-08-17 23:56:12,756 [ERROR] LogOutputStream:75 - [STDERR_REDIRECT] 
2026-08-17 23:56:42,756 [ERROR] LogOutputStream:75 - [STDERR_REDIRECT] Aug 17, 2026 11:56:42 PM java.util.prefs.FileSystemPreferences checkLockFile0ErrorCode
2026-08-17 23:56:42,756 [ERROR] LogOutputStream:75 - [STDERR_REDIRECT] WARNING: Could not lock System prefs. Unix error code 5.
2026-08-17 23:56:42,756 [ERROR] LogOutputStream:75 - [STDERR_REDIRECT] 
2026-08-17 23:56:42,756 [ERROR] LogOutputStream:75 - [STDERR_REDIRECT] Aug 17, 2026 11:56:42 PM java.util.prefs.FileSystemPreferences syncWorld
2026-08-17 23:56:42,757 [ERROR] LogOutputStream:75 - [STDERR_REDIRECT] WARNING: Couldn't flush system prefs: java.util.prefs.BackingStoreException: Couldn't get file lock.
2026-08-17 23:56:42,757 [ERROR] LogOutputStream:75 - [STDERR_REDIRECT] 
2026-08-17 23:57:12,756 [ERROR] LogOutputStream:75 - [STDERR_REDIRECT] Aug 17, 2026 11:57:12 PM java.util.prefs.FileSystemPreferences checkLockFile0ErrorCode
2026-08-17 23:57:12,756 [ERROR] LogOutputStream:75 - [STDERR_REDIRECT] WARNING: Could not lock System prefs. Unix error code 5.
2026-08-17 23:57:12,756 [ERROR] LogOutputStream:75 - [STDERR_REDIRECT] 
2026-08-17 23:57:12,756 [ERROR] LogOutputStream:75 - [STDERR_REDIRECT] Aug 17, 2026 11:57:12 PM java.util.prefs.FileSystemPreferences syncWorld
2026-08-17 23:57:12,756 [ERROR] LogOutputStream:75 - [STDERR_REDIRECT] WARNING: Couldn't flush system prefs: java.util.prefs.BackingStoreException: Couldn't get file lock.
2026-08-17 23:57:12,756 [ERROR] LogOutputStream:75 - [STDERR_REDIRECT] 
2026-08-17 23:57:42,756 [ERROR] LogOutputStream:75 - [STDERR_REDIRECT] Aug 17, 2026 11:57:42 PM java.util.prefs.FileSystemPreferences checkLockFile0ErrorCode
2026-08-17 23:57:42,756 [ERROR] LogOutputStream:75 - [STDERR_REDIRECT] WARNING: Could not lock System prefs. Unix error code 5.
2026-08-17 23:57:42,756 [ERROR] LogOutputStream:75 - [STDERR_REDIRECT] 
2026-08-17 23:57:42,757 [ERROR] LogOutputStream:75 - [STDERR_REDIRECT] Aug 17, 2026 11:57:42 PM java.util.prefs.FileSystemPreferences syncWorld
2026-08-17 23:57:42,757 [ERROR] LogOutputStream:75 - [STDERR_REDIRECT] WARNING: Couldn't flush system prefs: java.util.prefs.BackingStoreException: Couldn't get file lock.
2026-08-17 23:57:42,757 [ERROR] LogOutputStream:75 - [STDERR_REDIRECT] 
2026-08-17 23:58:12,756 [ERROR] LogOutputStream:75 - [STDERR_REDIRECT] Aug 17, 2026 11:58:12 PM java.util.prefs.FileSystemPreferences checkLockFile0ErrorCode
2026-08-17 23:58:12,756 [ERROR] LogOutputStream:75 - [STDERR_REDIRECT] WARNING: Could not lock System prefs. Unix error code 5.
2026-08-17 23:58:12,756 [ERROR] LogOutputStream:75 - [STDERR_REDIRECT] 
2026-08-17 23:58:12,756 [ERROR] LogOutputStream:75 - [STDERR_REDIRECT] Aug 17, 2026 11:58:12 PM java.util.prefs.FileSystemPreferences syncWorld
2026-08-17 23:58:12,756 [ERROR] LogOutputStream:75 - [STDERR_REDIRECT] WARNING: Couldn't flush system prefs: java.util.prefs.BackingStoreException: Couldn't get file lock.
2026-08-17 23:58:12,756 [ERROR] LogOutputStream:75 - [STDERR_REDIRECT] 
2026-08-17 23:58:42,756 [ERROR] LogOutputStream:75 - [STDERR_REDIRECT] Aug 17, 2026 11:58:42 PM java.util.prefs.FileSystemPreferences checkLockFile0ErrorCode
2026-08-17 23:58:42,756 [ERROR] LogOutputStream:75 - [STDERR_REDIRECT] WARNING: Could not lock System prefs. Unix error code 5.
2026-08-17 23:58:42,756 [ERROR] LogOutputStream:75 - [STDERR_REDIRECT] 
2026-08-17 23:58:42,756 [ERROR] LogOutputStream:75 - [STDERR_REDIRECT] Aug 17, 2026 11:58:42 PM java.util.prefs.FileSystemPreferences syncWorld
2026-08-17 23:58:42,757 [ERROR] LogOutputStream:75 - [STDERR_REDIRECT] WARNING: Couldn't flush system prefs: java.util.prefs.BackingStoreException: Couldn't get file lock.
2026-08-17 23:58:42,757 [ERROR] LogOutputStream:75 - [STDERR_REDIRECT] 
2026-08-17 23:59:12,756 [ERROR] LogOutputStream:75 - [STDERR_REDIRECT] Aug 17, 2026 11:59:12 PM java.util.prefs.FileSystemPreferences checkLockFile0ErrorCode
2026-08-17 23:59:12,756 [ERROR] LogOutputStream:75 - [STDERR_REDIRECT] WARNING: Could not lock System prefs. Unix error code 5.
2026-08-17 23:59:12,756 [ERROR] LogOutputStream:75 - [STDERR_REDIRECT] 
2026-08-17 23:59:12,757 [ERROR] LogOutputStream:75 - [STDERR_REDIRECT] Aug 17, 2026 11:59:12 PM java.util.prefs.FileSystemPreferences syncWorld
2026-08-17 23:59:12,757 [ERROR] LogOutputStream:75 - [STDERR_REDIRECT] WARNING: Couldn't flush system prefs: java.util.prefs.BackingStoreException: Couldn't get file lock.
2026-08-17 23:59:12,757 [ERROR] LogOutputStream:75 - [STDERR_REDIRECT] 
2026-08-17 23:59:42,756 [ERROR] LogOutputStream:75 - [STDERR_REDIRECT] Aug 17, 2026 11:59:42 PM java.util.prefs.FileSystemPreferences checkLockFile0ErrorCode
2026-08-17 23:59:42,757 [ERROR] LogOutputStream:75 - [STDERR_REDIRECT] WARNING: Could not lock System prefs. Unix error code 5.
2026-08-17 23:59:42,757 [ERROR] LogOutputStream:75 - [STDERR_REDIRECT] 
2026-08-17 23:59:42,757 [ERROR] LogOutputStream:75 - [STDERR_REDIRECT] Aug 17, 2026 11:59:42 PM java.util.prefs.FileSystemPreferences syncWorld
2026-08-17 23:59:42,757 [ERROR] LogOutputStream:75 - [STDERR_REDIRECT] WARNING: Couldn't flush system prefs: java.util.prefs.BackingStoreException: Couldn't get file lock.
2026-08-17 23:59:42,757 [ERROR] LogOutputStream:75 - [STDERR_REDIRECT] 
