2026-09-29 00:00:20,229 [ERROR] LogOutputStream:75 - [STDERR_REDIRECT] Sep 29, 2026 12:00:20 AM java.util.prefs.FileSystemPreferences checkLockFile0ErrorCode
2026-09-29 00:00:20,230 [ERROR] LogOutputStream:75 - [STDERR_REDIRECT] WARNING: Could not lock System prefs. Unix error code 5.
2026-09-29 00:00:20,230 [ERROR] LogOutputStream:75 - [STDERR_REDIRECT] 
2026-09-29 00:00:20,231 [ERROR] LogOutputStream:75 - [STDERR_REDIRECT] Sep 29, 2026 12:00:20 AM java.util.prefs.FileSystemPreferences syncWorld
2026-09-29 00:00:20,231 [ERROR] LogOutputStream:75 - [STDERR_REDIRECT] WARNING: Couldn't flush system prefs: java.util.prefs.BackingStoreException: Couldn't get file lock.
2026-09-29 00:00:20,231 [ERROR] LogOutputStream:75 - [STDERR_REDIRECT] 
2026-09-29 00:00:50,227 [ERROR] LogOutputStream:75 - [STDERR_REDIRECT] Sep 29, 2026 12:00:50 AM java.util.prefs.FileSystemPreferences checkLockFile0ErrorCode
2026-09-29 00:00:50,228 [ERROR] LogOutputStream:75 - [STDERR_REDIRECT] WARNING: Could not lock System prefs. Unix error code 5.
2026-09-29 00:00:50,228 [ERROR] LogOutputStream:75 - [STDERR_REDIRECT] 
2026-09-29 00:00:50,228 [ERROR] LogOutputStream:75 - [STDERR_REDIRECT] Sep 29, 2026 12:00:50 AM java.util.prefs.FileSystemPreferences syncWorld
2026-09-29 00:00:50,228 [ERROR] LogOutputStream:75 - [STDERR_REDIRECT] WARNING: Couldn't flush system prefs: java.util.prefs.BackingStoreException: Couldn't get file lock.
2026-09-29 00:00:50,228 [ERROR] LogOutputStream:75 - [STDERR_REDIRECT] 
2026-09-29 00:01:20,230 [ERROR] LogOutputStream:75 - [STDERR_REDIRECT] Sep 29, 2026 12:01:20 AM java.util.prefs.FileSystemPreferences checkLockFile0ErrorCode
2026-09-29 00:01:20,230 [ERROR] LogOutputStream:75 - [STDERR_REDIRECT] WARNING: Could not lock System prefs. Unix error code 5.
2026-09-29 00:01:20,230 [ERROR] LogOutputStream:75 - [STDERR_REDIRECT] 
2026-09-29 00:01:20,230 [ERROR] LogOutputStream:75 - [STDERR_REDIRECT] Sep 29, 2026 12:01:20 AM java.util.prefs.FileSystemPreferences syncWorld
2026-09-29 00:01:20,230 [ERROR] LogOutputStream:75 - [STDERR_REDIRECT] WARNING: Couldn't flush system prefs: java.util.prefs.BackingStoreException: Couldn't get file lock.
2026-09-29 00:01:20,230 [ERROR] LogOutputStream:75 - [STDERR_REDIRECT] 
2026-09-29 00:01:50,230 [ERROR] LogOutputStream:75 - [STDERR_REDIRECT] Sep 29, 2026 12:01:50 AM java.util.prefs.FileSystemPreferences checkLockFile0ErrorCode
2026-09-29 00:01:50,230 [ERROR] LogOutputStream:75 - [STDERR_REDIRECT] WARNING: Could not lock System prefs. Unix error code 5.
2026-09-29 00:01:50,230 [ERROR] LogOutputStream:75 - [STDERR_REDIRECT] 
2026-09-29 00:01:50,231 [ERROR] LogOutputStream:75 - [STDERR_REDIRECT] Sep 29, 2026 12:01:50 AM java.util.prefs.FileSystemPreferences syncWorld
2026-09-29 00:01:50,231 [ERROR] LogOutputStream:75 - [STDERR_REDIRECT] WARNING: Couldn't flush system prefs: java.util.prefs.BackingStoreException: Couldn't get file lock.
2026-09-29 00:01:50,231 [ERROR] LogOutputStream:75 - [STDERR_REDIRECT] 
2026-09-29 00:02:20,229 [ERROR] LogOutputStream:75 - [STDERR_REDIRECT] Sep 29, 2026 12:02:20 AM java.util.prefs.FileSystemPreferences checkLockFile0ErrorCode
2026-09-29 00:02:20,229 [ERROR] LogOutputStream:75 - [STDERR_REDIRECT] WARNING: Could not lock System prefs. Unix error code 5.
2026-09-29 00:02:20,229 [ERROR] LogOutputStream:75 - [STDERR_REDIRECT] 
2026-09-29 00:02:20,229 [ERROR] LogOutputStream:75 - [STDERR_REDIRECT] Sep 29, 2026 12:02:20 AM java.util.prefs.FileSystemPreferences syncWorld
2026-09-29 00:02:20,229 [ERROR] LogOutputStream:75 - [STDERR_REDIRECT] WARNING: Couldn't flush system prefs: java.util.prefs.BackingStoreException: Couldn't get file lock.
2026-09-29 00:02:20,230 [ERROR] LogOutputStream:75 - [STDERR_REDIRECT] 
2026-09-29 00:02:50,228 [ERROR] LogOutputStream:75 - [STDERR_REDIRECT] Sep 29, 2026 12:02:50 AM java.util.prefs.FileSystemPreferences checkLockFile0ErrorCode
2026-09-29 00:02:50,229 [ERROR] LogOutputStream:75 - [STDERR_REDIRECT] WARNING: Could not lock System prefs. Unix error code 5.
2026-09-29 00:02:50,229 [ERROR] LogOutputStream:75 - [STDERR_REDIRECT] 
2026-09-29 00:02:50,229 [ERROR] LogOutputStream:75 - [STDERR_REDIRECT] Sep 29, 2026 12:02:50 AM java.util.prefs.FileSystemPreferences syncWorld
2026-09-29 00:02:50,229 [ERROR] LogOutputStream:75 - [STDERR_REDIRECT] WARNING: Couldn't flush system prefs: java.util.prefs.BackingStoreException: Couldn't get file lock.
2026-09-29 00:02:50,229 [ERROR] LogOutputStream:75 - [STDERR_REDIRECT] 
2026-09-29 00:03:20,228 [ERROR] LogOutputStream:75 - [STDERR_REDIRECT] Sep 29, 2026 12:03:20 AM java.util.prefs.FileSystemPreferences checkLockFile0ErrorCode
2026-09-29 00:03:20,228 [ERROR] LogOutputStream:75 - [STDERR_REDIRECT] WARNING: Could not lock System prefs. Unix error code 5.
2026-09-29 00:03:20,228 [ERROR] LogOutputStream:75 - [STDERR_REDIRECT] 
2026-09-29 00:03:20,229 [ERROR] LogOutputStream:75 - [STDERR_REDIRECT] Sep 29, 2026 12:03:20 AM java.util.prefs.FileSystemPreferences syncWorld
2026-09-29 00:03:20,229 [ERROR] LogOutputStream:75 - [STDERR_REDIRECT] WARNING: Couldn't flush system prefs: java.util.prefs.BackingStoreException: Couldn't get file lock.
2026-09-29 00:03:20,229 [ERROR] LogOutputStream:75 - [STDERR_REDIRECT] 
2026-09-29 00:03:50,228 [ERROR] LogOutputStream:75 - [STDERR_REDIRECT] Sep 29, 2026 12:03:50 AM java.util.prefs.FileSystemPreferences checkLockFile0ErrorCode
2026-09-29 00:03:50,228 [ERROR] LogOutputStream:75 - [STDERR_REDIRECT] WARNING: Could not lock System prefs. Unix error code 5.
2026-09-29 00:03:50,228 [ERROR] LogOutputStream:75 - [STDERR_REDIRECT] 
2026-09-29 00:03:50,228 [ERROR] LogOutputStream:75 - [STDERR_REDIRECT] Sep 29, 2026 12:03:50 AM java.util.prefs.FileSystemPreferences syncWorld
2026-09-29 00:03:50,228 [ERROR] LogOutputStream:75 - [STDERR_REDIRECT] WARNING: Couldn't flush system prefs: java.util.prefs.BackingStoreException: Couldn't get file lock.
2026-09-29 00:03:50,228 [ERROR] LogOutputStream:75 - [STDERR_REDIRECT] 
2026-09-29 00:04:20,229 [ERROR] LogOutputStream:75 - [STDERR_REDIRECT] Sep 29, 2026 12:04:20 AM java.util.prefs.FileSystemPreferences checkLockFile0ErrorCode
2026-09-29 00:04:20,229 [ERROR] LogOutputStream:75 - [STDERR_REDIRECT] WARNING: Could not lock System prefs. Unix error code 5.
2026-09-29 00:04:20,229 [ERROR] LogOutputStream:75 - [STDERR_REDIRECT] 
2026-09-29 00:04:20,230 [ERROR] LogOutputStream:75 - [STDERR_REDIRECT] Sep 29, 2026 12:04:20 AM java.util.prefs.FileSystemPreferences syncWorld
2026-09-29 00:04:20,230 [ERROR] LogOutputStream:75 - [STDERR_REDIRECT] WARNING: Couldn't flush system prefs: java.util.prefs.BackingStoreException: Couldn't get file lock.
2026-09-29 00:04:20,230 [ERROR] LogOutputStream:75 - [STDERR_REDIRECT] 
2026-09-29 00:04:50,227 [ERROR] LogOutputStream:75 - [STDERR_REDIRECT] Sep 29, 2026 12:04:50 AM java.util.prefs.FileSystemPreferences checkLockFile0ErrorCode
2026-09-29 00:04:50,228 [ERROR] LogOutputStream:75 - [STDERR_REDIRECT] WARNING: Could not lock System prefs. Unix error code 5.
2026-09-29 00:04:50,228 [ERROR] LogOutputStream:75 - [STDERR_REDIRECT] 
2026-09-29 00:04:50,228 [ERROR] LogOutputStream:75 - [STDERR_REDIRECT] Sep 29, 2026 12:04:50 AM java.util.prefs.FileSystemPreferences syncWorld
2026-09-29 00:04:50,228 [ERROR] LogOutputStream:75 - [STDERR_REDIRECT] WARNING: Couldn't flush system prefs: java.util.prefs.BackingStoreException: Couldn't get file lock.
2026-09-29 00:04:50,228 [ERROR] LogOutputStream:75 - [STDERR_REDIRECT] 
2026-09-29 00:05:20,228 [ERROR] LogOutputStream:75 - [STDERR_REDIRECT] Sep 29, 2026 12:05:20 AM java.util.prefs.FileSystemPreferences checkLockFile0ErrorCode
2026-09-29 00:05:20,228 [ERROR] LogOutputStream:75 - [STDERR_REDIRECT] WARNING: Could not lock System prefs. Unix error code 5.
2026-09-29 00:05:20,228 [ERROR] LogOutputStream:75 - [STDERR_REDIRECT] 
2026-09-29 00:05:20,228 [ERROR] LogOutputStream:75 - [STDERR_REDIRECT] Sep 29, 2026 12:05:20 AM java.util.prefs.FileSystemPreferences syncWorld
2026-09-29 00:05:20,228 [ERROR] LogOutputStream:75 - [STDERR_REDIRECT] WARNING: Couldn't flush system prefs: java.util.prefs.BackingStoreException: Couldn't get file lock.
2026-09-29 00:05:20,228 [ERROR] LogOutputStream:75 - [STDERR_REDIRECT] 
2026-09-29 00:05:50,228 [ERROR] LogOutputStream:75 - [STDERR_REDIRECT] Sep 29, 2026 12:05:50 AM java.util.prefs.FileSystemPreferences checkLockFile0ErrorCode
2026-09-29 00:05:50,228 [ERROR] LogOutputStream:75 - [STDERR_REDIRECT] WARNING: Could not lock System prefs. Unix error code 5.
2026-09-29 00:05:50,229 [ERROR] LogOutputStream:75 - [STDERR_REDIRECT] 
2026-09-29 00:05:50,229 [ERROR] LogOutputStream:75 - [STDERR_REDIRECT] Sep 29, 2026 12:05:50 AM java.util.prefs.FileSystemPreferences syncWorld
2026-09-29 00:05:50,229 [ERROR] LogOutputStream:75 - [STDERR_REDIRECT] WARNING: Couldn't flush system prefs: java.util.prefs.BackingStoreException: Couldn't get file lock.
2026-09-29 00:05:50,229 [ERROR] LogOutputStream:75 - [STDERR_REDIRECT] 
2026-09-29 00:06:20,229 [ERROR] LogOutputStream:75 - [STDERR_REDIRECT] Sep 29, 2026 12:06:20 AM java.util.prefs.FileSystemPreferences checkLockFile0ErrorCode
2026-09-29 00:06:20,229 [ERROR] LogOutputStream:75 - [STDERR_REDIRECT] WARNING: Could not lock System prefs. Unix error code 5.
2026-09-29 00:06:20,229 [ERROR] LogOutputStream:75 - [STDERR_REDIRECT] 
2026-09-29 00:06:20,229 [ERROR] LogOutputStream:75 - [STDERR_REDIRECT] Sep 29, 2026 12:06:20 AM java.util.prefs.FileSystemPreferences syncWorld
2026-09-29 00:06:20,229 [ERROR] LogOutputStream:75 - [STDERR_REDIRECT] WARNING: Couldn't flush system prefs: java.util.prefs.BackingStoreException: Couldn't get file lock.
2026-09-29 00:06:20,229 [ERROR] LogOutputStream:75 - [STDERR_REDIRECT] 
2026-09-29 00:06:50,229 [ERROR] LogOutputStream:75 - [STDERR_REDIRECT] Sep 29, 2026 12:06:50 AM java.util.prefs.FileSystemPreferences checkLockFile0ErrorCode
2026-09-29 00:06:50,229 [ERROR] LogOutputStream:75 - [STDERR_REDIRECT] WARNING: Could not lock System prefs. Unix error code 5.
2026-09-29 00:06:50,229 [ERROR] LogOutputStream:75 - [STDERR_REDIRECT] 
2026-09-29 00:06:50,229 [ERROR] LogOutputStream:75 - [STDERR_REDIRECT] Sep 29, 2026 12:06:50 AM java.util.prefs.FileSystemPreferences syncWorld
2026-09-29 00:06:50,229 [ERROR] LogOutputStream:75 - [STDERR_REDIRECT] WARNING: Couldn't flush system prefs: java.util.prefs.BackingStoreException: Couldn't get file lock.
2026-09-29 00:06:50,229 [ERROR] LogOutputStream:75 - [STDERR_REDIRECT] 
2026-09-29 00:07:20,229 [ERROR] LogOutputStream:75 - [STDERR_REDIRECT] Sep 29, 2026 12:07:20 AM java.util.prefs.FileSystemPreferences checkLockFile0ErrorCode
2026-09-29 00:07:20,229 [ERROR] LogOutputStream:75 - [STDERR_REDIRECT] WARNING: Could not lock System prefs. Unix error code 5.
2026-09-29 00:07:20,229 [ERROR] LogOutputStream:75 - [STDERR_REDIRECT] 
2026-09-29 00:07:20,230 [ERROR] LogOutputStream:75 - [STDERR_REDIRECT] Sep 29, 2026 12:07:20 AM java.util.prefs.FileSystemPreferences syncWorld
2026-09-29 00:07:20,230 [ERROR] LogOutputStream:75 - [STDERR_REDIRECT] WARNING: Couldn't flush system prefs: java.util.prefs.BackingStoreException: Couldn't get file lock.
2026-09-29 00:07:20,230 [ERROR] LogOutputStream:75 - [STDERR_REDIRECT] 
2026-09-29 00:07:50,229 [ERROR] LogOutputStream:75 - [STDERR_REDIRECT] Sep 29, 2026 12:07:50 AM java.util.prefs.FileSystemPreferences checkLockFile0ErrorCode
2026-09-29 00:07:50,230 [ERROR] LogOutputStream:75 - [STDERR_REDIRECT] WARNING: Could not lock System prefs. Unix error code 5.
2026-09-29 00:07:50,230 [ERROR] LogOutputStream:75 - [STDERR_REDIRECT] 
2026-09-29 00:07:50,230 [ERROR] LogOutputStream:75 - [STDERR_REDIRECT] Sep 29, 2026 12:07:50 AM java.util.prefs.FileSystemPreferences syncWorld
2026-09-29 00:07:50,230 [ERROR] LogOutputStream:75 - [STDERR_REDIRECT] WARNING: Couldn't flush system prefs: java.util.prefs.BackingStoreException: Couldn't get file lock.
2026-09-29 00:07:50,230 [ERROR] LogOutputStream:75 - [STDERR_REDIRECT] 
2026-09-29 00:08:20,230 [ERROR] LogOutputStream:75 - [STDERR_REDIRECT] Sep 29, 2026 12:08:20 AM java.util.prefs.FileSystemPreferences checkLockFile0ErrorCode
2026-09-29 00:08:20,230 [ERROR] LogOutputStream:75 - [STDERR_REDIRECT] WARNING: Could not lock System prefs. Unix error code 5.
2026-09-29 00:08:20,230 [ERROR] LogOutputStream:75 - [STDERR_REDIRECT] 
2026-09-29 00:08:20,230 [ERROR] LogOutputStream:75 - [STDERR_REDIRECT] Sep 29, 2026 12:08:20 AM java.util.prefs.FileSystemPreferences syncWorld
2026-09-29 00:08:20,230 [ERROR] LogOutputStream:75 - [STDERR_REDIRECT] WARNING: Couldn't flush system prefs: java.util.prefs.BackingStoreException: Couldn't get file lock.
2026-09-29 00:08:20,230 [ERROR] LogOutputStream:75 - [STDERR_REDIRECT] 
2026-09-29 00:08:50,230 [ERROR] LogOutputStream:75 - [STDERR_REDIRECT] Sep 29, 2026 12:08:50 AM java.util.prefs.FileSystemPreferences checkLockFile0ErrorCode
2026-09-29 00:08:50,231 [ERROR] LogOutputStream:75 - [STDERR_REDIRECT] WARNING: Could not lock System prefs. Unix error code 5.
2026-09-29 00:08:50,231 [ERROR] LogOutputStream:75 - [STDERR_REDIRECT] 
2026-09-29 00:08:50,231 [ERROR] LogOutputStream:75 - [STDERR_REDIRECT] Sep 29, 2026 12:08:50 AM java.util.prefs.FileSystemPreferences syncWorld
2026-09-29 00:08:50,231 [ERROR] LogOutputStream:75 - [STDERR_REDIRECT] WARNING: Couldn't flush system prefs: java.util.prefs.BackingStoreException: Couldn't get file lock.
2026-09-29 00:08:50,231 [ERROR] LogOutputStream:75 - [STDERR_REDIRECT] 
2026-09-29 00:09:20,230 [ERROR] LogOutputStream:75 - [STDERR_REDIRECT] Sep 29, 2026 12:09:20 AM java.util.prefs.FileSystemPreferences checkLockFile0ErrorCode
2026-09-29 00:09:20,230 [ERROR] LogOutputStream:75 - [STDERR_REDIRECT] WARNING: Could not lock System prefs. Unix error code 5.
2026-09-29 00:09:20,230 [ERROR] LogOutputStream:75 - [STDERR_REDIRECT] 
2026-09-29 00:09:20,230 [ERROR] LogOutputStream:75 - [STDERR_REDIRECT] Sep 29, 2026 12:09:20 AM java.util.prefs.FileSystemPreferences syncWorld
2026-09-29 00:09:20,231 [ERROR] LogOutputStream:75 - [STDERR_REDIRECT] WARNING: Couldn't flush system prefs: java.util.prefs.BackingStoreException: Couldn't get file lock.
2026-09-29 00:09:20,231 [ERROR] LogOutputStream:75 - [STDERR_REDIRECT] 
2026-09-29 00:09:50,229 [ERROR] LogOutputStream:75 - [STDERR_REDIRECT] Sep 29, 2026 12:09:50 AM java.util.prefs.FileSystemPreferences checkLockFile0ErrorCode
2026-09-29 00:09:50,229 [ERROR] LogOutputStream:75 - [STDERR_REDIRECT] WARNING: Could not lock System prefs. Unix error code 5.
2026-09-29 00:09:50,229 [ERROR] LogOutputStream:75 - [STDERR_REDIRECT] 
2026-09-29 00:09:50,230 [ERROR] LogOutputStream:75 - [STDERR_REDIRECT] Sep 29, 2026 12:09:50 AM java.util.prefs.FileSystemPreferences syncWorld
2026-09-29 00:09:50,230 [ERROR] LogOutputStream:75 - [STDERR_REDIRECT] WARNING: Couldn't flush system prefs: java.util.prefs.BackingStoreException: Couldn't get file lock.
2026-09-29 00:09:50,230 [ERROR] LogOutputStream:75 - [STDERR_REDIRECT] 
2026-09-29 00:10:20,232 [ERROR] LogOutputStream:75 - [STDERR_REDIRECT] Sep 29, 2026 12:10:20 AM java.util.prefs.FileSystemPreferences checkLockFile0ErrorCode
2026-09-29 00:10:20,232 [ERROR] LogOutputStream:75 - [STDERR_REDIRECT] WARNING: Could not lock System prefs. Unix error code 5.
2026-09-29 00:10:20,233 [ERROR] LogOutputStream:75 - [STDERR_REDIRECT] 
2026-09-29 00:10:20,233 [ERROR] LogOutputStream:75 - [STDERR_REDIRECT] Sep 29, 2026 12:10:20 AM java.util.prefs.FileSystemPreferences syncWorld
2026-09-29 00:10:20,233 [ERROR] LogOutputStream:75 - [STDERR_REDIRECT] WARNING: Couldn't flush system prefs: java.util.prefs.BackingStoreException: Couldn't get file lock.
2026-09-29 00:10:20,233 [ERROR] LogOutputStream:75 - [STDERR_REDIRECT] 
2026-09-29 00:10:50,231 [ERROR] LogOutputStream:75 - [STDERR_REDIRECT] Sep 29, 2026 12:10:50 AM java.util.prefs.FileSystemPreferences checkLockFile0ErrorCode
2026-09-29 00:10:50,232 [ERROR] LogOutputStream:75 - [STDERR_REDIRECT] WARNING: Could not lock System prefs. Unix error code 5.
2026-09-29 00:10:50,232 [ERROR] LogOutputStream:75 - [STDERR_REDIRECT] 
2026-09-29 00:10:50,232 [ERROR] LogOutputStream:75 - [STDERR_REDIRECT] Sep 29, 2026 12:10:50 AM java.util.prefs.FileSystemPreferences syncWorld
2026-09-29 00:10:50,232 [ERROR] LogOutputStream:75 - [STDERR_REDIRECT] WARNING: Couldn't flush system prefs: java.util.prefs.BackingStoreException: Couldn't get file lock.
2026-09-29 00:10:50,232 [ERROR] LogOutputStream:75 - [STDERR_REDIRECT] 
2026-09-29 00:11:20,233 [ERROR] LogOutputStream:75 - [STDERR_REDIRECT] Sep 29, 2026 12:11:20 AM java.util.prefs.FileSystemPreferences checkLockFile0ErrorCode
2026-09-29 00:11:20,233 [ERROR] LogOutputStream:75 - [STDERR_REDIRECT] WARNING: Could not lock System prefs. Unix error code 5.
2026-09-29 00:11:20,233 [ERROR] LogOutputStream:75 - [STDERR_REDIRECT] 
2026-09-29 00:11:20,233 [ERROR] LogOutputStream:75 - [STDERR_REDIRECT] Sep 29, 2026 12:11:20 AM java.util.prefs.FileSystemPreferences syncWorld
2026-09-29 00:11:20,233 [ERROR] LogOutputStream:75 - [STDERR_REDIRECT] WARNING: Couldn't flush system prefs: java.util.prefs.BackingStoreException: Couldn't get file lock.
2026-09-29 00:11:20,233 [ERROR] LogOutputStream:75 - [STDERR_REDIRECT] 
2026-09-29 00:11:50,234 [ERROR] LogOutputStream:75 - [STDERR_REDIRECT] Sep 29, 2026 12:11:50 AM java.util.prefs.FileSystemPreferences checkLockFile0ErrorCode
2026-09-29 00:11:50,235 [ERROR] LogOutputStream:75 - [STDERR_REDIRECT] WARNING: Could not lock System prefs. Unix error code 5.
2026-09-29 00:11:50,235 [ERROR] LogOutputStream:75 - [STDERR_REDIRECT] 
2026-09-29 00:11:50,235 [ERROR] LogOutputStream:75 - [STDERR_REDIRECT] Sep 29, 2026 12:11:50 AM java.util.prefs.FileSystemPreferences syncWorld
2026-09-29 00:11:50,235 [ERROR] LogOutputStream:75 - [STDERR_REDIRECT] WARNING: Couldn't flush system prefs: java.util.prefs.BackingStoreException: Couldn't get file lock.
2026-09-29 00:11:50,235 [ERROR] LogOutputStream:75 - [STDERR_REDIRECT] 
2026-09-29 00:12:20,233 [ERROR] LogOutputStream:75 - [STDERR_REDIRECT] Sep 29, 2026 12:12:20 AM java.util.prefs.FileSystemPreferences checkLockFile0ErrorCode
2026-09-29 00:12:20,233 [ERROR] LogOutputStream:75 - [STDERR_REDIRECT] WARNING: Could not lock System prefs. Unix error code 5.
2026-09-29 00:12:20,233 [ERROR] LogOutputStream:75 - [STDERR_REDIRECT] 
2026-09-29 00:12:20,234 [ERROR] LogOutputStream:75 - [STDERR_REDIRECT] Sep 29, 2026 12:12:20 AM java.util.prefs.FileSystemPreferences syncWorld
2026-09-29 00:12:20,234 [ERROR] LogOutputStream:75 - [STDERR_REDIRECT] WARNING: Couldn't flush system prefs: java.util.prefs.BackingStoreException: Couldn't get file lock.
2026-09-29 00:12:20,234 [ERROR] LogOutputStream:75 - [STDERR_REDIRECT] 
2026-09-29 00:12:50,234 [ERROR] LogOutputStream:75 - [STDERR_REDIRECT] Sep 29, 2026 12:12:50 AM java.util.prefs.FileSystemPreferences checkLockFile0ErrorCode
2026-09-29 00:12:50,234 [ERROR] LogOutputStream:75 - [STDERR_REDIRECT] WARNING: Could not lock System prefs. Unix error code 5.
2026-09-29 00:12:50,234 [ERROR] LogOutputStream:75 - [STDERR_REDIRECT] 
2026-09-29 00:12:50,234 [ERROR] LogOutputStream:75 - [STDERR_REDIRECT] Sep 29, 2026 12:12:50 AM java.util.prefs.FileSystemPreferences syncWorld
2026-09-29 00:12:50,234 [ERROR] LogOutputStream:75 - [STDERR_REDIRECT] WARNING: Couldn't flush system prefs: java.util.prefs.BackingStoreException: Couldn't get file lock.
2026-09-29 00:12:50,234 [ERROR] LogOutputStream:75 - [STDERR_REDIRECT] 
2026-09-29 00:13:20,234 [ERROR] LogOutputStream:75 - [STDERR_REDIRECT] Sep 29, 2026 12:13:20 AM java.util.prefs.FileSystemPreferences checkLockFile0ErrorCode
2026-09-29 00:13:20,234 [ERROR] LogOutputStream:75 - [STDERR_REDIRECT] WARNING: Could not lock System prefs. Unix error code 5.
2026-09-29 00:13:20,234 [ERROR] LogOutputStream:75 - [STDERR_REDIRECT] 
2026-09-29 00:13:20,235 [ERROR] LogOutputStream:75 - [STDERR_REDIRECT] Sep 29, 2026 12:13:20 AM java.util.prefs.FileSystemPreferences syncWorld
2026-09-29 00:13:20,235 [ERROR] LogOutputStream:75 - [STDERR_REDIRECT] WARNING: Couldn't flush system prefs: java.util.prefs.BackingStoreException: Couldn't get file lock.
2026-09-29 00:13:20,235 [ERROR] LogOutputStream:75 - [STDERR_REDIRECT] 
2026-09-29 00:13:50,234 [ERROR] LogOutputStream:75 - [STDERR_REDIRECT] Sep 29, 2026 12:13:50 AM java.util.prefs.FileSystemPreferences checkLockFile0ErrorCode
2026-09-29 00:13:50,234 [ERROR] LogOutputStream:75 - [STDERR_REDIRECT] WARNING: Could not lock System prefs. Unix error code 5.
2026-09-29 00:13:50,234 [ERROR] LogOutputStream:75 - [STDERR_REDIRECT] 
2026-09-29 00:13:50,234 [ERROR] LogOutputStream:75 - [STDERR_REDIRECT] Sep 29, 2026 12:13:50 AM java.util.prefs.FileSystemPreferences syncWorld
2026-09-29 00:13:50,234 [ERROR] LogOutputStream:75 - [STDERR_REDIRECT] WARNING: Couldn't flush system prefs: java.util.prefs.BackingStoreException: Couldn't get file lock.
2026-09-29 00:13:50,234 [ERROR] LogOutputStream:75 - [STDERR_REDIRECT] 
2026-09-29 00:14:20,236 [ERROR] LogOutputStream:75 - [STDERR_REDIRECT] Sep 29, 2026 12:14:20 AM java.util.prefs.FileSystemPreferences checkLockFile0ErrorCode
2026-09-29 00:14:20,237 [ERROR] LogOutputStream:75 - [STDERR_REDIRECT] WARNING: Could not lock System prefs. Unix error code 5.
2026-09-29 00:14:20,237 [ERROR] LogOutputStream:75 - [STDERR_REDIRECT] 
2026-09-29 00:14:20,237 [ERROR] LogOutputStream:75 - [STDERR_REDIRECT] Sep 29, 2026 12:14:20 AM java.util.prefs.FileSystemPreferences syncWorld
2026-09-29 00:14:20,237 [ERROR] LogOutputStream:75 - [STDERR_REDIRECT] WARNING: Couldn't flush system prefs: java.util.prefs.BackingStoreException: Couldn't get file lock.
2026-09-29 00:14:20,237 [ERROR] LogOutputStream:75 - [STDERR_REDIRECT] 
2026-09-29 00:14:50,236 [ERROR] LogOutputStream:75 - [STDERR_REDIRECT] Sep 29, 2026 12:14:50 AM java.util.prefs.FileSystemPreferences checkLockFile0ErrorCode
2026-09-29 00:14:50,237 [ERROR] LogOutputStream:75 - [STDERR_REDIRECT] WARNING: Could not lock System prefs. Unix error code 5.
2026-09-29 00:14:50,237 [ERROR] LogOutputStream:75 - [STDERR_REDIRECT] 
2026-09-29 00:14:50,237 [ERROR] LogOutputStream:75 - [STDERR_REDIRECT] Sep 29, 2026 12:14:50 AM java.util.prefs.FileSystemPreferences syncWorld
2026-09-29 00:14:50,237 [ERROR] LogOutputStream:75 - [STDERR_REDIRECT] WARNING: Couldn't flush system prefs: java.util.prefs.BackingStoreException: Couldn't get file lock.
2026-09-29 00:14:50,237 [ERROR] LogOutputStream:75 - [STDERR_REDIRECT] 
2026-09-29 00:15:20,242 [ERROR] LogOutputStream:75 - [STDERR_REDIRECT] Sep 29, 2026 12:15:20 AM java.util.prefs.FileSystemPreferences checkLockFile0ErrorCode
2026-09-29 00:15:20,242 [ERROR] LogOutputStream:75 - [STDERR_REDIRECT] WARNING: Could not lock System prefs. Unix error code 5.
2026-09-29 00:15:20,242 [ERROR] LogOutputStream:75 - [STDERR_REDIRECT] 
2026-09-29 00:15:20,242 [ERROR] LogOutputStream:75 - [STDERR_REDIRECT] Sep 29, 2026 12:15:20 AM java.util.prefs.FileSystemPreferences syncWorld
2026-09-29 00:15:20,243 [ERROR] LogOutputStream:75 - [STDERR_REDIRECT] WARNING: Couldn't flush system prefs: java.util.prefs.BackingStoreException: Couldn't get file lock.
2026-09-29 00:15:20,243 [ERROR] LogOutputStream:75 - [STDERR_REDIRECT] 
2026-09-29 00:15:50,235 [ERROR] LogOutputStream:75 - [STDERR_REDIRECT] Sep 29, 2026 12:15:50 AM java.util.prefs.FileSystemPreferences checkLockFile0ErrorCode
2026-09-29 00:15:50,235 [ERROR] LogOutputStream:75 - [STDERR_REDIRECT] WARNING: Could not lock System prefs. Unix error code 5.
2026-09-29 00:15:50,235 [ERROR] LogOutputStream:75 - [STDERR_REDIRECT] 
2026-09-29 00:15:50,235 [ERROR] LogOutputStream:75 - [STDERR_REDIRECT] Sep 29, 2026 12:15:50 AM java.util.prefs.FileSystemPreferences syncWorld
2026-09-29 00:15:50,235 [ERROR] LogOutputStream:75 - [STDERR_REDIRECT] WARNING: Couldn't flush system prefs: java.util.prefs.BackingStoreException: Couldn't get file lock.
2026-09-29 00:15:50,236 [ERROR] LogOutputStream:75 - [STDERR_REDIRECT] 
2026-09-29 00:16:20,235 [ERROR] LogOutputStream:75 - [STDERR_REDIRECT] Sep 29, 2026 12:16:20 AM java.util.prefs.FileSystemPreferences checkLockFile0ErrorCode
2026-09-29 00:16:20,236 [ERROR] LogOutputStream:75 - [STDERR_REDIRECT] WARNING: Could not lock System prefs. Unix error code 5.
2026-09-29 00:16:20,240 [ERROR] LogOutputStream:75 - [STDERR_REDIRECT] 
2026-09-29 00:16:20,240 [ERROR] LogOutputStream:75 - [STDERR_REDIRECT] Sep 29, 2026 12:16:20 AM java.util.prefs.FileSystemPreferences syncWorld
2026-09-29 00:16:20,241 [ERROR] LogOutputStream:75 - [STDERR_REDIRECT] WARNING: Couldn't flush system prefs: java.util.prefs.BackingStoreException: Couldn't get file lock.
2026-09-29 00:16:20,241 [ERROR] LogOutputStream:75 - [STDERR_REDIRECT] 
2026-09-29 00:16:50,234 [ERROR] LogOutputStream:75 - [STDERR_REDIRECT] Sep 29, 2026 12:16:50 AM java.util.prefs.FileSystemPreferences checkLockFile0ErrorCode
2026-09-29 00:16:50,235 [ERROR] LogOutputStream:75 - [STDERR_REDIRECT] WARNING: Could not lock System prefs. Unix error code 5.
2026-09-29 00:16:50,235 [ERROR] LogOutputStream:75 - [STDERR_REDIRECT] 
2026-09-29 00:16:50,235 [ERROR] LogOutputStream:75 - [STDERR_REDIRECT] Sep 29, 2026 12:16:50 AM java.util.prefs.FileSystemPreferences syncWorld
2026-09-29 00:16:50,235 [ERROR] LogOutputStream:75 - [STDERR_REDIRECT] WARNING: Couldn't flush system prefs: java.util.prefs.BackingStoreException: Couldn't get file lock.
2026-09-29 00:16:50,235 [ERROR] LogOutputStream:75 - [STDERR_REDIRECT] 
2026-09-29 00:17:20,235 [ERROR] LogOutputStream:75 - [STDERR_REDIRECT] Sep 29, 2026 12:17:20 AM java.util.prefs.FileSystemPreferences checkLockFile0ErrorCode
2026-09-29 00:17:20,235 [ERROR] LogOutputStream:75 - [STDERR_REDIRECT] WARNING: Could not lock System prefs. Unix error code 5.
2026-09-29 00:17:20,235 [ERROR] LogOutputStream:75 - [STDERR_REDIRECT] 
2026-09-29 00:17:20,235 [ERROR] LogOutputStream:75 - [STDERR_REDIRECT] Sep 29, 2026 12:17:20 AM java.util.prefs.FileSystemPreferences syncWorld
2026-09-29 00:17:20,235 [ERROR] LogOutputStream:75 - [STDERR_REDIRECT] WARNING: Couldn't flush system prefs: java.util.prefs.BackingStoreException: Couldn't get file lock.
2026-09-29 00:17:20,235 [ERROR] LogOutputStream:75 - [STDERR_REDIRECT] 
2026-09-29 00:17:50,235 [ERROR] LogOutputStream:75 - [STDERR_REDIRECT] Sep 29, 2026 12:17:50 AM java.util.prefs.FileSystemPreferences checkLockFile0ErrorCode
2026-09-29 00:17:50,235 [ERROR] LogOutputStream:75 - [STDERR_REDIRECT] WARNING: Could not lock System prefs. Unix error code 5.
2026-09-29 00:17:50,235 [ERROR] LogOutputStream:75 - [STDERR_REDIRECT] 
2026-09-29 00:17:50,235 [ERROR] LogOutputStream:75 - [STDERR_REDIRECT] Sep 29, 2026 12:17:50 AM java.util.prefs.FileSystemPreferences syncWorld
2026-09-29 00:17:50,236 [ERROR] LogOutputStream:75 - [STDERR_REDIRECT] WARNING: Couldn't flush system prefs: java.util.prefs.BackingStoreException: Couldn't get file lock.
2026-09-29 00:17:50,236 [ERROR] LogOutputStream:75 - [STDERR_REDIRECT] 
2026-09-29 00:18:20,234 [ERROR] LogOutputStream:75 - [STDERR_REDIRECT] Sep 29, 2026 12:18:20 AM java.util.prefs.FileSystemPreferences checkLockFile0ErrorCode
2026-09-29 00:18:20,235 [ERROR] LogOutputStream:75 - [STDERR_REDIRECT] WARNING: Could not lock System prefs. Unix error code 5.
2026-09-29 00:18:20,235 [ERROR] LogOutputStream:75 - [STDERR_REDIRECT] 
2026-09-29 00:18:20,235 [ERROR] LogOutputStream:75 - [STDERR_REDIRECT] Sep 29, 2026 12:18:20 AM java.util.prefs.FileSystemPreferences syncWorld
2026-09-29 00:18:20,235 [ERROR] LogOutputStream:75 - [STDERR_REDIRECT] WARNING: Couldn't flush system prefs: java.util.prefs.BackingStoreException: Couldn't get file lock.
2026-09-29 00:18:20,235 [ERROR] LogOutputStream:75 - [STDERR_REDIRECT] 
2026-09-29 00:18:50,235 [ERROR] LogOutputStream:75 - [STDERR_REDIRECT] Sep 29, 2026 12:18:50 AM java.util.prefs.FileSystemPreferences checkLockFile0ErrorCode
2026-09-29 00:18:50,235 [ERROR] LogOutputStream:75 - [STDERR_REDIRECT] WARNING: Could not lock System prefs. Unix error code 5.
2026-09-29 00:18:50,235 [ERROR] LogOutputStream:75 - [STDERR_REDIRECT] 
2026-09-29 00:18:50,235 [ERROR] LogOutputStream:75 - [STDERR_REDIRECT] Sep 29, 2026 12:18:50 AM java.util.prefs.FileSystemPreferences syncWorld
2026-09-29 00:18:50,235 [ERROR] LogOutputStream:75 - [STDERR_REDIRECT] WARNING: Couldn't flush system prefs: java.util.prefs.BackingStoreException: Couldn't get file lock.
2026-09-29 00:18:50,235 [ERROR] LogOutputStream:75 - [STDERR_REDIRECT] 
2026-09-29 00:19:20,237 [ERROR] LogOutputStream:75 - [STDERR_REDIRECT] Sep 29, 2026 12:19:20 AM java.util.prefs.FileSystemPreferences checkLockFile0ErrorCode
2026-09-29 00:19:20,238 [ERROR] LogOutputStream:75 - [STDERR_REDIRECT] WARNING: Could not lock System prefs. Unix error code 5.
2026-09-29 00:19:20,238 [ERROR] LogOutputStream:75 - [STDERR_REDIRECT] 
2026-09-29 00:19:20,238 [ERROR] LogOutputStream:75 - [STDERR_REDIRECT] Sep 29, 2026 12:19:20 AM java.util.prefs.FileSystemPreferences syncWorld
2026-09-29 00:19:20,238 [ERROR] LogOutputStream:75 - [STDERR_REDIRECT] WARNING: Couldn't flush system prefs: java.util.prefs.BackingStoreException: Couldn't get file lock.
2026-09-29 00:19:20,238 [ERROR] LogOutputStream:75 - [STDERR_REDIRECT] 
2026-09-29 00:19:50,235 [ERROR] LogOutputStream:75 - [STDERR_REDIRECT] Sep 29, 2026 12:19:50 AM java.util.prefs.FileSystemPreferences checkLockFile0ErrorCode
2026-09-29 00:19:50,235 [ERROR] LogOutputStream:75 - [STDERR_REDIRECT] WARNING: Could not lock System prefs. Unix error code 5.
2026-09-29 00:19:50,235 [ERROR] LogOutputStream:75 - [STDERR_REDIRECT] 
2026-09-29 00:19:50,235 [ERROR] LogOutputStream:75 - [STDERR_REDIRECT] Sep 29, 2026 12:19:50 AM java.util.prefs.FileSystemPreferences syncWorld
2026-09-29 00:19:50,235 [ERROR] LogOutputStream:75 - [STDERR_REDIRECT] WARNING: Couldn't flush system prefs: java.util.prefs.BackingStoreException: Couldn't get file lock.
2026-09-29 00:19:50,235 [ERROR] LogOutputStream:75 - [STDERR_REDIRECT] 
2026-09-29 00:20:20,235 [ERROR] LogOutputStream:75 - [STDERR_REDIRECT] Sep 29, 2026 12:20:20 AM java.util.prefs.FileSystemPreferences checkLockFile0ErrorCode
2026-09-29 00:20:20,236 [ERROR] LogOutputStream:75 - [STDERR_REDIRECT] WARNING: Could not lock System prefs. Unix error code 5.
2026-09-29 00:20:20,236 [ERROR] LogOutputStream:75 - [STDERR_REDIRECT] 
2026-09-29 00:20:20,236 [ERROR] LogOutputStream:75 - [STDERR_REDIRECT] Sep 29, 2026 12:20:20 AM java.util.prefs.FileSystemPreferences syncWorld
2026-09-29 00:20:20,236 [ERROR] LogOutputStream:75 - [STDERR_REDIRECT] WARNING: Couldn't flush system prefs: java.util.prefs.BackingStoreException: Couldn't get file lock.
2026-09-29 00:20:20,236 [ERROR] LogOutputStream:75 - [STDERR_REDIRECT] 
2026-09-29 00:20:50,235 [ERROR] LogOutputStream:75 - [STDERR_REDIRECT] Sep 29, 2026 12:20:50 AM java.util.prefs.FileSystemPreferences checkLockFile0ErrorCode
2026-09-29 00:20:50,235 [ERROR] LogOutputStream:75 - [STDERR_REDIRECT] WARNING: Could not lock System prefs. Unix error code 5.
2026-09-29 00:20:50,235 [ERROR] LogOutputStream:75 - [STDERR_REDIRECT] 
2026-09-29 00:20:50,236 [ERROR] LogOutputStream:75 - [STDERR_REDIRECT] Sep 29, 2026 12:20:50 AM java.util.prefs.FileSystemPreferences syncWorld
2026-09-29 00:20:50,236 [ERROR] LogOutputStream:75 - [STDERR_REDIRECT] WARNING: Couldn't flush system prefs: java.util.prefs.BackingStoreException: Couldn't get file lock.
2026-09-29 00:20:50,236 [ERROR] LogOutputStream:75 - [STDERR_REDIRECT] 
2026-09-29 00:21:20,240 [ERROR] LogOutputStream:75 - [STDERR_REDIRECT] Sep 29, 2026 12:21:20 AM java.util.prefs.FileSystemPreferences checkLockFile0ErrorCode
2026-09-29 00:21:20,240 [ERROR] LogOutputStream:75 - [STDERR_REDIRECT] WARNING: Could not lock System prefs. Unix error code 5.
2026-09-29 00:21:20,240 [ERROR] LogOutputStream:75 - [STDERR_REDIRECT] 
2026-09-29 00:21:20,240 [ERROR] LogOutputStream:75 - [STDERR_REDIRECT] Sep 29, 2026 12:21:20 AM java.util.prefs.FileSystemPreferences syncWorld
2026-09-29 00:21:20,241 [ERROR] LogOutputStream:75 - [STDERR_REDIRECT] WARNING: Couldn't flush system prefs: java.util.prefs.BackingStoreException: Couldn't get file lock.
2026-09-29 00:21:20,241 [ERROR] LogOutputStream:75 - [STDERR_REDIRECT] 
2026-09-29 00:21:50,236 [ERROR] LogOutputStream:75 - [STDERR_REDIRECT] Sep 29, 2026 12:21:50 AM java.util.prefs.FileSystemPreferences checkLockFile0ErrorCode
2026-09-29 00:21:50,236 [ERROR] LogOutputStream:75 - [STDERR_REDIRECT] WARNING: Could not lock System prefs. Unix error code 5.
2026-09-29 00:21:50,236 [ERROR] LogOutputStream:75 - [STDERR_REDIRECT] 
2026-09-29 00:21:50,236 [ERROR] LogOutputStream:75 - [STDERR_REDIRECT] Sep 29, 2026 12:21:50 AM java.util.prefs.FileSystemPreferences syncWorld
2026-09-29 00:21:50,236 [ERROR] LogOutputStream:75 - [STDERR_REDIRECT] WARNING: Couldn't flush system prefs: java.util.prefs.BackingStoreException: Couldn't get file lock.
2026-09-29 00:21:50,236 [ERROR] LogOutputStream:75 - [STDERR_REDIRECT] 
2026-09-29 00:22:20,239 [ERROR] LogOutputStream:75 - [STDERR_REDIRECT] Sep 29, 2026 12:22:20 AM java.util.prefs.FileSystemPreferences checkLockFile0ErrorCode
2026-09-29 00:22:20,240 [ERROR] LogOutputStream:75 - [STDERR_REDIRECT] WARNING: Could not lock System prefs. Unix error code 5.
2026-09-29 00:22:20,240 [ERROR] LogOutputStream:75 - [STDERR_REDIRECT] 
2026-09-29 00:22:20,240 [ERROR] LogOutputStream:75 - [STDERR_REDIRECT] Sep 29, 2026 12:22:20 AM java.util.prefs.FileSystemPreferences syncWorld
2026-09-29 00:22:20,241 [ERROR] LogOutputStream:75 - [STDERR_REDIRECT] WARNING: Couldn't flush system prefs: java.util.prefs.BackingStoreException: Couldn't get file lock.
2026-09-29 00:22:20,241 [ERROR] LogOutputStream:75 - [STDERR_REDIRECT] 
2026-09-29 00:22:50,236 [ERROR] LogOutputStream:75 - [STDERR_REDIRECT] Sep 29, 2026 12:22:50 AM java.util.prefs.FileSystemPreferences checkLockFile0ErrorCode
2026-09-29 00:22:50,237 [ERROR] LogOutputStream:75 - [STDERR_REDIRECT] WARNING: Could not lock System prefs. Unix error code 5.
2026-09-29 00:22:50,237 [ERROR] LogOutputStream:75 - [STDERR_REDIRECT] 
2026-09-29 00:22:50,237 [ERROR] LogOutputStream:75 - [STDERR_REDIRECT] Sep 29, 2026 12:22:50 AM java.util.prefs.FileSystemPreferences syncWorld
2026-09-29 00:22:50,237 [ERROR] LogOutputStream:75 - [STDERR_REDIRECT] WARNING: Couldn't flush system prefs: java.util.prefs.BackingStoreException: Couldn't get file lock.
2026-09-29 00:22:50,237 [ERROR] LogOutputStream:75 - [STDERR_REDIRECT] 
2026-09-29 00:23:20,237 [ERROR] LogOutputStream:75 - [STDERR_REDIRECT] Sep 29, 2026 12:23:20 AM java.util.prefs.FileSystemPreferences checkLockFile0ErrorCode
2026-09-29 00:23:20,237 [ERROR] LogOutputStream:75 - [STDERR_REDIRECT] WARNING: Could not lock System prefs. Unix error code 5.
2026-09-29 00:23:20,237 [ERROR] LogOutputStream:75 - [STDERR_REDIRECT] 
2026-09-29 00:23:20,237 [ERROR] LogOutputStream:75 - [STDERR_REDIRECT] Sep 29, 2026 12:23:20 AM java.util.prefs.FileSystemPreferences syncWorld
2026-09-29 00:23:20,237 [ERROR] LogOutputStream:75 - [STDERR_REDIRECT] WARNING: Couldn't flush system prefs: java.util.prefs.BackingStoreException: Couldn't get file lock.
2026-09-29 00:23:20,237 [ERROR] LogOutputStream:75 - [STDERR_REDIRECT] 
2026-09-29 00:23:50,238 [ERROR] LogOutputStream:75 - [STDERR_REDIRECT] Sep 29, 2026 12:23:50 AM java.util.prefs.FileSystemPreferences checkLockFile0ErrorCode
2026-09-29 00:23:50,239 [ERROR] LogOutputStream:75 - [STDERR_REDIRECT] WARNING: Could not lock System prefs. Unix error code 5.
2026-09-29 00:23:50,239 [ERROR] LogOutputStream:75 - [STDERR_REDIRECT] 
2026-09-29 00:23:50,239 [ERROR] LogOutputStream:75 - [STDERR_REDIRECT] Sep 29, 2026 12:23:50 AM java.util.prefs.FileSystemPreferences syncWorld
2026-09-29 00:23:50,239 [ERROR] LogOutputStream:75 - [STDERR_REDIRECT] WARNING: Couldn't flush system prefs: java.util.prefs.BackingStoreException: Couldn't get file lock.
2026-09-29 00:23:50,239 [ERROR] LogOutputStream:75 - [STDERR_REDIRECT] 
2026-09-29 00:24:20,238 [ERROR] LogOutputStream:75 - [STDERR_REDIRECT] Sep 29, 2026 12:24:20 AM java.util.prefs.FileSystemPreferences checkLockFile0ErrorCode
2026-09-29 00:24:20,238 [ERROR] LogOutputStream:75 - [STDERR_REDIRECT] WARNING: Could not lock System prefs. Unix error code 5.
2026-09-29 00:24:20,238 [ERROR] LogOutputStream:75 - [STDERR_REDIRECT] 
2026-09-29 00:24:20,238 [ERROR] LogOutputStream:75 - [STDERR_REDIRECT] Sep 29, 2026 12:24:20 AM java.util.prefs.FileSystemPreferences syncWorld
2026-09-29 00:24:20,238 [ERROR] LogOutputStream:75 - [STDERR_REDIRECT] WARNING: Couldn't flush system prefs: java.util.prefs.BackingStoreException: Couldn't get file lock.
2026-09-29 00:24:20,239 [ERROR] LogOutputStream:75 - [STDERR_REDIRECT] 
2026-09-29 00:24:50,237 [ERROR] LogOutputStream:75 - [STDERR_REDIRECT] Sep 29, 2026 12:24:50 AM java.util.prefs.FileSystemPreferences checkLockFile0ErrorCode
2026-09-29 00:24:50,238 [ERROR] LogOutputStream:75 - [STDERR_REDIRECT] WARNING: Could not lock System prefs. Unix error code 5.
2026-09-29 00:24:50,238 [ERROR] LogOutputStream:75 - [STDERR_REDIRECT] 
2026-09-29 00:24:50,238 [ERROR] LogOutputStream:75 - [STDERR_REDIRECT] Sep 29, 2026 12:24:50 AM java.util.prefs.FileSystemPreferences syncWorld
2026-09-29 00:24:50,238 [ERROR] LogOutputStream:75 - [STDERR_REDIRECT] WARNING: Couldn't flush system prefs: java.util.prefs.BackingStoreException: Couldn't get file lock.
2026-09-29 00:24:50,238 [ERROR] LogOutputStream:75 - [STDERR_REDIRECT] 
2026-09-29 00:25:20,238 [ERROR] LogOutputStream:75 - [STDERR_REDIRECT] Sep 29, 2026 12:25:20 AM java.util.prefs.FileSystemPreferences checkLockFile0ErrorCode
2026-09-29 00:25:20,238 [ERROR] LogOutputStream:75 - [STDERR_REDIRECT] WARNING: Could not lock System prefs. Unix error code 5.
2026-09-29 00:25:20,238 [ERROR] LogOutputStream:75 - [STDERR_REDIRECT] 
2026-09-29 00:25:20,238 [ERROR] LogOutputStream:75 - [STDERR_REDIRECT] Sep 29, 2026 12:25:20 AM java.util.prefs.FileSystemPreferences syncWorld
2026-09-29 00:25:20,238 [ERROR] LogOutputStream:75 - [STDERR_REDIRECT] WARNING: Couldn't flush system prefs: java.util.prefs.BackingStoreException: Couldn't get file lock.
2026-09-29 00:25:20,238 [ERROR] LogOutputStream:75 - [STDERR_REDIRECT] 
2026-09-29 00:25:50,238 [ERROR] LogOutputStream:75 - [STDERR_REDIRECT] Sep 29, 2026 12:25:50 AM java.util.prefs.FileSystemPreferences checkLockFile0ErrorCode
2026-09-29 00:25:50,238 [ERROR] LogOutputStream:75 - [STDERR_REDIRECT] WARNING: Could not lock System prefs. Unix error code 5.
2026-09-29 00:25:50,238 [ERROR] LogOutputStream:75 - [STDERR_REDIRECT] 
2026-09-29 00:25:50,238 [ERROR] LogOutputStream:75 - [STDERR_REDIRECT] Sep 29, 2026 12:25:50 AM java.util.prefs.FileSystemPreferences syncWorld
2026-09-29 00:25:50,238 [ERROR] LogOutputStream:75 - [STDERR_REDIRECT] WARNING: Couldn't flush system prefs: java.util.prefs.BackingStoreException: Couldn't get file lock.
2026-09-29 00:25:50,238 [ERROR] LogOutputStream:75 - [STDERR_REDIRECT] 
2026-09-29 00:26:20,239 [ERROR] LogOutputStream:75 - [STDERR_REDIRECT] Sep 29, 2026 12:26:20 AM java.util.prefs.FileSystemPreferences checkLockFile0ErrorCode
2026-09-29 00:26:20,239 [ERROR] LogOutputStream:75 - [STDERR_REDIRECT] WARNING: Could not lock System prefs. Unix error code 5.
2026-09-29 00:26:20,239 [ERROR] LogOutputStream:75 - [STDERR_REDIRECT] 
2026-09-29 00:26:20,240 [ERROR] LogOutputStream:75 - [STDERR_REDIRECT] Sep 29, 2026 12:26:20 AM java.util.prefs.FileSystemPreferences syncWorld
2026-09-29 00:26:20,240 [ERROR] LogOutputStream:75 - [STDERR_REDIRECT] WARNING: Couldn't flush system prefs: java.util.prefs.BackingStoreException: Couldn't get file lock.
2026-09-29 00:26:20,240 [ERROR] LogOutputStream:75 - [STDERR_REDIRECT] 
2026-09-29 00:26:50,239 [ERROR] LogOutputStream:75 - [STDERR_REDIRECT] Sep 29, 2026 12:26:50 AM java.util.prefs.FileSystemPreferences checkLockFile0ErrorCode
2026-09-29 00:26:50,240 [ERROR] LogOutputStream:75 - [STDERR_REDIRECT] WARNING: Could not lock System prefs. Unix error code 5.
2026-09-29 00:26:50,240 [ERROR] LogOutputStream:75 - [STDERR_REDIRECT] 
2026-09-29 00:26:50,242 [ERROR] LogOutputStream:75 - [STDERR_REDIRECT] Sep 29, 2026 12:26:50 AM java.util.prefs.FileSystemPreferences syncWorld
2026-09-29 00:26:50,242 [ERROR] LogOutputStream:75 - [STDERR_REDIRECT] WARNING: Couldn't flush system prefs: java.util.prefs.BackingStoreException: Couldn't get file lock.
2026-09-29 00:26:50,242 [ERROR] LogOutputStream:75 - [STDERR_REDIRECT] 
2026-09-29 00:27:20,240 [ERROR] LogOutputStream:75 - [STDERR_REDIRECT] Sep 29, 2026 12:27:20 AM java.util.prefs.FileSystemPreferences checkLockFile0ErrorCode
2026-09-29 00:27:20,240 [ERROR] LogOutputStream:75 - [STDERR_REDIRECT] WARNING: Could not lock System prefs. Unix error code 5.
2026-09-29 00:27:20,241 [ERROR] LogOutputStream:75 - [STDERR_REDIRECT] 
2026-09-29 00:27:20,241 [ERROR] LogOutputStream:75 - [STDERR_REDIRECT] Sep 29, 2026 12:27:20 AM java.util.prefs.FileSystemPreferences syncWorld
2026-09-29 00:27:20,241 [ERROR] LogOutputStream:75 - [STDERR_REDIRECT] WARNING: Couldn't flush system prefs: java.util.prefs.BackingStoreException: Couldn't get file lock.
2026-09-29 00:27:20,241 [ERROR] LogOutputStream:75 - [STDERR_REDIRECT] 
2026-09-29 00:27:50,240 [ERROR] LogOutputStream:75 - [STDERR_REDIRECT] Sep 29, 2026 12:27:50 AM java.util.prefs.FileSystemPreferences checkLockFile0ErrorCode
2026-09-29 00:27:50,240 [ERROR] LogOutputStream:75 - [STDERR_REDIRECT] WARNING: Could not lock System prefs. Unix error code 5.
2026-09-29 00:27:50,240 [ERROR] LogOutputStream:75 - [STDERR_REDIRECT] 
2026-09-29 00:27:50,240 [ERROR] LogOutputStream:75 - [STDERR_REDIRECT] Sep 29, 2026 12:27:50 AM java.util.prefs.FileSystemPreferences syncWorld
2026-09-29 00:27:50,240 [ERROR] LogOutputStream:75 - [STDERR_REDIRECT] WARNING: Couldn't flush system prefs: java.util.prefs.BackingStoreException: Couldn't get file lock.
2026-09-29 00:27:50,240 [ERROR] LogOutputStream:75 - [STDERR_REDIRECT] 
2026-09-29 00:28:20,240 [ERROR] LogOutputStream:75 - [STDERR_REDIRECT] Sep 29, 2026 12:28:20 AM java.util.prefs.FileSystemPreferences checkLockFile0ErrorCode
2026-09-29 00:28:20,240 [ERROR] LogOutputStream:75 - [STDERR_REDIRECT] WARNING: Could not lock System prefs. Unix error code 5.
2026-09-29 00:28:20,240 [ERROR] LogOutputStream:75 - [STDERR_REDIRECT] 
2026-09-29 00:28:20,240 [ERROR] LogOutputStream:75 - [STDERR_REDIRECT] Sep 29, 2026 12:28:20 AM java.util.prefs.FileSystemPreferences syncWorld
2026-09-29 00:28:20,240 [ERROR] LogOutputStream:75 - [STDERR_REDIRECT] WARNING: Couldn't flush system prefs: java.util.prefs.BackingStoreException: Couldn't get file lock.
2026-09-29 00:28:20,240 [ERROR] LogOutputStream:75 - [STDERR_REDIRECT] 
2026-09-29 00:28:50,242 [ERROR] LogOutputStream:75 - [STDERR_REDIRECT] Sep 29, 2026 12:28:50 AM java.util.prefs.FileSystemPreferences checkLockFile0ErrorCode
2026-09-29 00:28:50,242 [ERROR] LogOutputStream:75 - [STDERR_REDIRECT] WARNING: Could not lock System prefs. Unix error code 5.
2026-09-29 00:28:50,242 [ERROR] LogOutputStream:75 - [STDERR_REDIRECT] 
2026-09-29 00:28:50,242 [ERROR] LogOutputStream:75 - [STDERR_REDIRECT] Sep 29, 2026 12:28:50 AM java.util.prefs.FileSystemPreferences syncWorld
2026-09-29 00:28:50,243 [ERROR] LogOutputStream:75 - [STDERR_REDIRECT] WARNING: Couldn't flush system prefs: java.util.prefs.BackingStoreException: Couldn't get file lock.
2026-09-29 00:28:50,243 [ERROR] LogOutputStream:75 - [STDERR_REDIRECT] 
2026-09-29 00:29:20,240 [ERROR] LogOutputStream:75 - [STDERR_REDIRECT] Sep 29, 2026 12:29:20 AM java.util.prefs.FileSystemPreferences checkLockFile0ErrorCode
2026-09-29 00:29:20,241 [ERROR] LogOutputStream:75 - [STDERR_REDIRECT] WARNING: Could not lock System prefs. Unix error code 5.
2026-09-29 00:29:20,241 [ERROR] LogOutputStream:75 - [STDERR_REDIRECT] 
2026-09-29 00:29:20,241 [ERROR] LogOutputStream:75 - [STDERR_REDIRECT] Sep 29, 2026 12:29:20 AM java.util.prefs.FileSystemPreferences syncWorld
2026-09-29 00:29:20,241 [ERROR] LogOutputStream:75 - [STDERR_REDIRECT] WARNING: Couldn't flush system prefs: java.util.prefs.BackingStoreException: Couldn't get file lock.
2026-09-29 00:29:20,241 [ERROR] LogOutputStream:75 - [STDERR_REDIRECT] 
2026-09-29 00:29:50,241 [ERROR] LogOutputStream:75 - [STDERR_REDIRECT] Sep 29, 2026 12:29:50 AM java.util.prefs.FileSystemPreferences checkLockFile0ErrorCode
2026-09-29 00:29:50,241 [ERROR] LogOutputStream:75 - [STDERR_REDIRECT] WARNING: Could not lock System prefs. Unix error code 5.
2026-09-29 00:29:50,241 [ERROR] LogOutputStream:75 - [STDERR_REDIRECT] 
2026-09-29 00:29:50,241 [ERROR] LogOutputStream:75 - [STDERR_REDIRECT] Sep 29, 2026 12:29:50 AM java.util.prefs.FileSystemPreferences syncWorld
2026-09-29 00:29:50,241 [ERROR] LogOutputStream:75 - [STDERR_REDIRECT] WARNING: Couldn't flush system prefs: java.util.prefs.BackingStoreException: Couldn't get file lock.
2026-09-29 00:29:50,241 [ERROR] LogOutputStream:75 - [STDERR_REDIRECT] 
2026-09-29 00:30:20,242 [ERROR] LogOutputStream:75 - [STDERR_REDIRECT] Sep 29, 2026 12:30:20 AM java.util.prefs.FileSystemPreferences checkLockFile0ErrorCode
2026-09-29 00:30:20,242 [ERROR] LogOutputStream:75 - [STDERR_REDIRECT] WARNING: Could not lock System prefs. Unix error code 5.
2026-09-29 00:30:20,242 [ERROR] LogOutputStream:75 - [STDERR_REDIRECT] 
2026-09-29 00:30:20,242 [ERROR] LogOutputStream:75 - [STDERR_REDIRECT] Sep 29, 2026 12:30:20 AM java.util.prefs.FileSystemPreferences syncWorld
2026-09-29 00:30:20,242 [ERROR] LogOutputStream:75 - [STDERR_REDIRECT] WARNING: Couldn't flush system prefs: java.util.prefs.BackingStoreException: Couldn't get file lock.
2026-09-29 00:30:20,242 [ERROR] LogOutputStream:75 - [STDERR_REDIRECT] 
2026-09-29 00:30:50,244 [ERROR] LogOutputStream:75 - [STDERR_REDIRECT] Sep 29, 2026 12:30:50 AM java.util.prefs.FileSystemPreferences checkLockFile0ErrorCode
2026-09-29 00:30:50,244 [ERROR] LogOutputStream:75 - [STDERR_REDIRECT] WARNING: Could not lock System prefs. Unix error code 5.
2026-09-29 00:30:50,244 [ERROR] LogOutputStream:75 - [STDERR_REDIRECT] 
2026-09-29 00:30:50,244 [ERROR] LogOutputStream:75 - [STDERR_REDIRECT] Sep 29, 2026 12:30:50 AM java.util.prefs.FileSystemPreferences syncWorld
2026-09-29 00:30:50,244 [ERROR] LogOutputStream:75 - [STDERR_REDIRECT] WARNING: Couldn't flush system prefs: java.util.prefs.BackingStoreException: Couldn't get file lock.
2026-09-29 00:30:50,244 [ERROR] LogOutputStream:75 - [STDERR_REDIRECT] 
2026-09-29 00:31:20,242 [ERROR] LogOutputStream:75 - [STDERR_REDIRECT] Sep 29, 2026 12:31:20 AM java.util.prefs.FileSystemPreferences checkLockFile0ErrorCode
2026-09-29 00:31:20,242 [ERROR] LogOutputStream:75 - [STDERR_REDIRECT] WARNING: Could not lock System prefs. Unix error code 5.
2026-09-29 00:31:20,242 [ERROR] LogOutputStream:75 - [STDERR_REDIRECT] 
2026-09-29 00:31:20,242 [ERROR] LogOutputStream:75 - [STDERR_REDIRECT] Sep 29, 2026 12:31:20 AM java.util.prefs.FileSystemPreferences syncWorld
2026-09-29 00:31:20,242 [ERROR] LogOutputStream:75 - [STDERR_REDIRECT] WARNING: Couldn't flush system prefs: java.util.prefs.BackingStoreException: Couldn't get file lock.
2026-09-29 00:31:20,243 [ERROR] LogOutputStream:75 - [STDERR_REDIRECT] 
2026-09-29 00:31:50,259 [ERROR] LogOutputStream:75 - [STDERR_REDIRECT] Sep 29, 2026 12:31:50 AM java.util.prefs.FileSystemPreferences checkLockFile0ErrorCode
2026-09-29 00:31:50,259 [ERROR] LogOutputStream:75 - [STDERR_REDIRECT] WARNING: Could not lock System prefs. Unix error code 5.
2026-09-29 00:31:50,260 [ERROR] LogOutputStream:75 - [STDERR_REDIRECT] 
2026-09-29 00:31:50,260 [ERROR] LogOutputStream:75 - [STDERR_REDIRECT] Sep 29, 2026 12:31:50 AM java.util.prefs.FileSystemPreferences syncWorld
2026-09-29 00:31:50,260 [ERROR] LogOutputStream:75 - [STDERR_REDIRECT] WARNING: Couldn't flush system prefs: java.util.prefs.BackingStoreException: Couldn't get file lock.
2026-09-29 00:31:50,260 [ERROR] LogOutputStream:75 - [STDERR_REDIRECT] 
2026-09-29 00:32:20,242 [ERROR] LogOutputStream:75 - [STDERR_REDIRECT] Sep 29, 2026 12:32:20 AM java.util.prefs.FileSystemPreferences checkLockFile0ErrorCode
2026-09-29 00:32:20,242 [ERROR] LogOutputStream:75 - [STDERR_REDIRECT] WARNING: Could not lock System prefs. Unix error code 5.
2026-09-29 00:32:20,242 [ERROR] LogOutputStream:75 - [STDERR_REDIRECT] 
2026-09-29 00:32:20,242 [ERROR] LogOutputStream:75 - [STDERR_REDIRECT] Sep 29, 2026 12:32:20 AM java.util.prefs.FileSystemPreferences syncWorld
2026-09-29 00:32:20,242 [ERROR] LogOutputStream:75 - [STDERR_REDIRECT] WARNING: Couldn't flush system prefs: java.util.prefs.BackingStoreException: Couldn't get file lock.
2026-09-29 00:32:20,242 [ERROR] LogOutputStream:75 - [STDERR_REDIRECT] 
2026-09-29 00:32:50,242 [ERROR] LogOutputStream:75 - [STDERR_REDIRECT] Sep 29, 2026 12:32:50 AM java.util.prefs.FileSystemPreferences checkLockFile0ErrorCode
2026-09-29 00:32:50,242 [ERROR] LogOutputStream:75 - [STDERR_REDIRECT] WARNING: Could not lock System prefs. Unix error code 5.
2026-09-29 00:32:50,243 [ERROR] LogOutputStream:75 - [STDERR_REDIRECT] 
2026-09-29 00:32:50,243 [ERROR] LogOutputStream:75 - [STDERR_REDIRECT] Sep 29, 2026 12:32:50 AM java.util.prefs.FileSystemPreferences syncWorld
2026-09-29 00:32:50,243 [ERROR] LogOutputStream:75 - [STDERR_REDIRECT] WARNING: Couldn't flush system prefs: java.util.prefs.BackingStoreException: Couldn't get file lock.
2026-09-29 00:32:50,243 [ERROR] LogOutputStream:75 - [STDERR_REDIRECT] 
2026-09-29 00:33:20,244 [ERROR] LogOutputStream:75 - [STDERR_REDIRECT] Sep 29, 2026 12:33:20 AM java.util.prefs.FileSystemPreferences checkLockFile0ErrorCode
2026-09-29 00:33:20,244 [ERROR] LogOutputStream:75 - [STDERR_REDIRECT] WARNING: Could not lock System prefs. Unix error code 5.
2026-09-29 00:33:20,244 [ERROR] LogOutputStream:75 - [STDERR_REDIRECT] 
2026-09-29 00:33:20,244 [ERROR] LogOutputStream:75 - [STDERR_REDIRECT] Sep 29, 2026 12:33:20 AM java.util.prefs.FileSystemPreferences syncWorld
2026-09-29 00:33:20,244 [ERROR] LogOutputStream:75 - [STDERR_REDIRECT] WARNING: Couldn't flush system prefs: java.util.prefs.BackingStoreException: Couldn't get file lock.
2026-09-29 00:33:20,245 [ERROR] LogOutputStream:75 - [STDERR_REDIRECT] 
2026-09-29 00:33:50,242 [ERROR] LogOutputStream:75 - [STDERR_REDIRECT] Sep 29, 2026 12:33:50 AM java.util.prefs.FileSystemPreferences checkLockFile0ErrorCode
2026-09-29 00:33:50,242 [ERROR] LogOutputStream:75 - [STDERR_REDIRECT] WARNING: Could not lock System prefs. Unix error code 5.
2026-09-29 00:33:50,242 [ERROR] LogOutputStream:75 - [STDERR_REDIRECT] 
2026-09-29 00:33:50,243 [ERROR] LogOutputStream:75 - [STDERR_REDIRECT] Sep 29, 2026 12:33:50 AM java.util.prefs.FileSystemPreferences syncWorld
2026-09-29 00:33:50,243 [ERROR] LogOutputStream:75 - [STDERR_REDIRECT] WARNING: Couldn't flush system prefs: java.util.prefs.BackingStoreException: Couldn't get file lock.
2026-09-29 00:33:50,243 [ERROR] LogOutputStream:75 - [STDERR_REDIRECT] 
2026-09-29 00:34:20,243 [ERROR] LogOutputStream:75 - [STDERR_REDIRECT] Sep 29, 2026 12:34:20 AM java.util.prefs.FileSystemPreferences checkLockFile0ErrorCode
2026-09-29 00:34:20,243 [ERROR] LogOutputStream:75 - [STDERR_REDIRECT] WARNING: Could not lock System prefs. Unix error code 5.
2026-09-29 00:34:20,243 [ERROR] LogOutputStream:75 - [STDERR_REDIRECT] 
2026-09-29 00:34:20,243 [ERROR] LogOutputStream:75 - [STDERR_REDIRECT] Sep 29, 2026 12:34:20 AM java.util.prefs.FileSystemPreferences syncWorld
2026-09-29 00:34:20,243 [ERROR] LogOutputStream:75 - [STDERR_REDIRECT] WARNING: Couldn't flush system prefs: java.util.prefs.BackingStoreException: Couldn't get file lock.
2026-09-29 00:34:20,243 [ERROR] LogOutputStream:75 - [STDERR_REDIRECT] 
2026-09-29 00:34:50,242 [ERROR] LogOutputStream:75 - [STDERR_REDIRECT] Sep 29, 2026 12:34:50 AM java.util.prefs.FileSystemPreferences checkLockFile0ErrorCode
2026-09-29 00:34:50,243 [ERROR] LogOutputStream:75 - [STDERR_REDIRECT] WARNING: Could not lock System prefs. Unix error code 5.
2026-09-29 00:34:50,243 [ERROR] LogOutputStream:75 - [STDERR_REDIRECT] 
2026-09-29 00:34:50,243 [ERROR] LogOutputStream:75 - [STDERR_REDIRECT] Sep 29, 2026 12:34:50 AM java.util.prefs.FileSystemPreferences syncWorld
2026-09-29 00:34:50,243 [ERROR] LogOutputStream:75 - [STDERR_REDIRECT] WARNING: Couldn't flush system prefs: java.util.prefs.BackingStoreException: Couldn't get file lock.
2026-09-29 00:34:50,243 [ERROR] LogOutputStream:75 - [STDERR_REDIRECT] 
2026-09-29 00:35:20,243 [ERROR] LogOutputStream:75 - [STDERR_REDIRECT] Sep 29, 2026 12:35:20 AM java.util.prefs.FileSystemPreferences checkLockFile0ErrorCode
2026-09-29 00:35:20,243 [ERROR] LogOutputStream:75 - [STDERR_REDIRECT] WARNING: Could not lock System prefs. Unix error code 5.
2026-09-29 00:35:20,243 [ERROR] LogOutputStream:75 - [STDERR_REDIRECT] 
2026-09-29 00:35:20,243 [ERROR] LogOutputStream:75 - [STDERR_REDIRECT] Sep 29, 2026 12:35:20 AM java.util.prefs.FileSystemPreferences syncWorld
2026-09-29 00:35:20,243 [ERROR] LogOutputStream:75 - [STDERR_REDIRECT] WARNING: Couldn't flush system prefs: java.util.prefs.BackingStoreException: Couldn't get file lock.
2026-09-29 00:35:20,243 [ERROR] LogOutputStream:75 - [STDERR_REDIRECT] 
2026-09-29 00:35:50,243 [ERROR] LogOutputStream:75 - [STDERR_REDIRECT] Sep 29, 2026 12:35:50 AM java.util.prefs.FileSystemPreferences checkLockFile0ErrorCode
2026-09-29 00:35:50,243 [ERROR] LogOutputStream:75 - [STDERR_REDIRECT] WARNING: Could not lock System prefs. Unix error code 5.
2026-09-29 00:35:50,243 [ERROR] LogOutputStream:75 - [STDERR_REDIRECT] 
2026-09-29 00:35:50,243 [ERROR] LogOutputStream:75 - [STDERR_REDIRECT] Sep 29, 2026 12:35:50 AM java.util.prefs.FileSystemPreferences syncWorld
2026-09-29 00:35:50,243 [ERROR] LogOutputStream:75 - [STDERR_REDIRECT] WARNING: Couldn't flush system prefs: java.util.prefs.BackingStoreException: Couldn't get file lock.
2026-09-29 00:35:50,243 [ERROR] LogOutputStream:75 - [STDERR_REDIRECT] 
2026-09-29 00:36:20,244 [ERROR] LogOutputStream:75 - [STDERR_REDIRECT] Sep 29, 2026 12:36:20 AM java.util.prefs.FileSystemPreferences checkLockFile0ErrorCode
2026-09-29 00:36:20,245 [ERROR] LogOutputStream:75 - [STDERR_REDIRECT] WARNING: Could not lock System prefs. Unix error code 5.
2026-09-29 00:36:20,245 [ERROR] LogOutputStream:75 - [STDERR_REDIRECT] 
2026-09-29 00:36:20,245 [ERROR] LogOutputStream:75 - [STDERR_REDIRECT] Sep 29, 2026 12:36:20 AM java.util.prefs.FileSystemPreferences syncWorld
2026-09-29 00:36:20,245 [ERROR] LogOutputStream:75 - [STDERR_REDIRECT] WARNING: Couldn't flush system prefs: java.util.prefs.BackingStoreException: Couldn't get file lock.
2026-09-29 00:36:20,245 [ERROR] LogOutputStream:75 - [STDERR_REDIRECT] 
2026-09-29 00:36:50,244 [ERROR] LogOutputStream:75 - [STDERR_REDIRECT] Sep 29, 2026 12:36:50 AM java.util.prefs.FileSystemPreferences checkLockFile0ErrorCode
2026-09-29 00:36:50,245 [ERROR] LogOutputStream:75 - [STDERR_REDIRECT] WARNING: Could not lock System prefs. Unix error code 5.
2026-09-29 00:36:50,245 [ERROR] LogOutputStream:75 - [STDERR_REDIRECT] 
2026-09-29 00:36:50,245 [ERROR] LogOutputStream:75 - [STDERR_REDIRECT] Sep 29, 2026 12:36:50 AM java.util.prefs.FileSystemPreferences syncWorld
2026-09-29 00:36:50,245 [ERROR] LogOutputStream:75 - [STDERR_REDIRECT] WARNING: Couldn't flush system prefs: java.util.prefs.BackingStoreException: Couldn't get file lock.
2026-09-29 00:36:50,245 [ERROR] LogOutputStream:75 - [STDERR_REDIRECT] 
2026-09-29 00:37:20,244 [ERROR] LogOutputStream:75 - [STDERR_REDIRECT] Sep 29, 2026 12:37:20 AM java.util.prefs.FileSystemPreferences checkLockFile0ErrorCode
2026-09-29 00:37:20,244 [ERROR] LogOutputStream:75 - [STDERR_REDIRECT] WARNING: Could not lock System prefs. Unix error code 5.
2026-09-29 00:37:20,244 [ERROR] LogOutputStream:75 - [STDERR_REDIRECT] 
2026-09-29 00:37:20,244 [ERROR] LogOutputStream:75 - [STDERR_REDIRECT] Sep 29, 2026 12:37:20 AM java.util.prefs.FileSystemPreferences syncWorld
2026-09-29 00:37:20,244 [ERROR] LogOutputStream:75 - [STDERR_REDIRECT] WARNING: Couldn't flush system prefs: java.util.prefs.BackingStoreException: Couldn't get file lock.
2026-09-29 00:37:20,244 [ERROR] LogOutputStream:75 - [STDERR_REDIRECT] 
2026-09-29 00:37:50,244 [ERROR] LogOutputStream:75 - [STDERR_REDIRECT] Sep 29, 2026 12:37:50 AM java.util.prefs.FileSystemPreferences checkLockFile0ErrorCode
2026-09-29 00:37:50,244 [ERROR] LogOutputStream:75 - [STDERR_REDIRECT] WARNING: Could not lock System prefs. Unix error code 5.
2026-09-29 00:37:50,244 [ERROR] LogOutputStream:75 - [STDERR_REDIRECT] 
2026-09-29 00:37:50,245 [ERROR] LogOutputStream:75 - [STDERR_REDIRECT] Sep 29, 2026 12:37:50 AM java.util.prefs.FileSystemPreferences syncWorld
2026-09-29 00:37:50,245 [ERROR] LogOutputStream:75 - [STDERR_REDIRECT] WARNING: Couldn't flush system prefs: java.util.prefs.BackingStoreException: Couldn't get file lock.
2026-09-29 00:37:50,245 [ERROR] LogOutputStream:75 - [STDERR_REDIRECT] 
2026-09-29 00:38:20,244 [ERROR] LogOutputStream:75 - [STDERR_REDIRECT] Sep 29, 2026 12:38:20 AM java.util.prefs.FileSystemPreferences checkLockFile0ErrorCode
2026-09-29 00:38:20,245 [ERROR] LogOutputStream:75 - [STDERR_REDIRECT] WARNING: Could not lock System prefs. Unix error code 5.
2026-09-29 00:38:20,245 [ERROR] LogOutputStream:75 - [STDERR_REDIRECT] 
2026-09-29 00:38:20,245 [ERROR] LogOutputStream:75 - [STDERR_REDIRECT] Sep 29, 2026 12:38:20 AM java.util.prefs.FileSystemPreferences syncWorld
2026-09-29 00:38:20,245 [ERROR] LogOutputStream:75 - [STDERR_REDIRECT] WARNING: Couldn't flush system prefs: java.util.prefs.BackingStoreException: Couldn't get file lock.
2026-09-29 00:38:20,245 [ERROR] LogOutputStream:75 - [STDERR_REDIRECT] 
2026-09-29 00:38:50,245 [ERROR] LogOutputStream:75 - [STDERR_REDIRECT] Sep 29, 2026 12:38:50 AM java.util.prefs.FileSystemPreferences checkLockFile0ErrorCode
2026-09-29 00:38:50,245 [ERROR] LogOutputStream:75 - [STDERR_REDIRECT] WARNING: Could not lock System prefs. Unix error code 5.
2026-09-29 00:38:50,246 [ERROR] LogOutputStream:75 - [STDERR_REDIRECT] 
2026-09-29 00:38:50,246 [ERROR] LogOutputStream:75 - [STDERR_REDIRECT] Sep 29, 2026 12:38:50 AM java.util.prefs.FileSystemPreferences syncWorld
2026-09-29 00:38:50,246 [ERROR] LogOutputStream:75 - [STDERR_REDIRECT] WARNING: Couldn't flush system prefs: java.util.prefs.BackingStoreException: Couldn't get file lock.
2026-09-29 00:38:50,246 [ERROR] LogOutputStream:75 - [STDERR_REDIRECT] 
2026-09-29 00:39:20,245 [ERROR] LogOutputStream:75 - [STDERR_REDIRECT] Sep 29, 2026 12:39:20 AM java.util.prefs.FileSystemPreferences checkLockFile0ErrorCode
2026-09-29 00:39:20,246 [ERROR] LogOutputStream:75 - [STDERR_REDIRECT] WARNING: Could not lock System prefs. Unix error code 5.
2026-09-29 00:39:20,246 [ERROR] LogOutputStream:75 - [STDERR_REDIRECT] 
2026-09-29 00:39:20,246 [ERROR] LogOutputStream:75 - [STDERR_REDIRECT] Sep 29, 2026 12:39:20 AM java.util.prefs.FileSystemPreferences syncWorld
2026-09-29 00:39:20,246 [ERROR] LogOutputStream:75 - [STDERR_REDIRECT] WARNING: Couldn't flush system prefs: java.util.prefs.BackingStoreException: Couldn't get file lock.
2026-09-29 00:39:20,246 [ERROR] LogOutputStream:75 - [STDERR_REDIRECT] 
2026-09-29 00:39:50,246 [ERROR] LogOutputStream:75 - [STDERR_REDIRECT] Sep 29, 2026 12:39:50 AM java.util.prefs.FileSystemPreferences checkLockFile0ErrorCode
2026-09-29 00:39:50,246 [ERROR] LogOutputStream:75 - [STDERR_REDIRECT] WARNING: Could not lock System prefs. Unix error code 5.
2026-09-29 00:39:50,246 [ERROR] LogOutputStream:75 - [STDERR_REDIRECT] 
2026-09-29 00:39:50,248 [ERROR] LogOutputStream:75 - [STDERR_REDIRECT] Sep 29, 2026 12:39:50 AM java.util.prefs.FileSystemPreferences syncWorld
2026-09-29 00:39:50,248 [ERROR] LogOutputStream:75 - [STDERR_REDIRECT] WARNING: Couldn't flush system prefs: java.util.prefs.BackingStoreException: Couldn't get file lock.
2026-09-29 00:39:50,248 [ERROR] LogOutputStream:75 - [STDERR_REDIRECT] 
2026-09-29 00:40:20,246 [ERROR] LogOutputStream:75 - [STDERR_REDIRECT] Sep 29, 2026 12:40:20 AM java.util.prefs.FileSystemPreferences checkLockFile0ErrorCode
2026-09-29 00:40:20,247 [ERROR] LogOutputStream:75 - [STDERR_REDIRECT] WARNING: Could not lock System prefs. Unix error code 5.
2026-09-29 00:40:20,247 [ERROR] LogOutputStream:75 - [STDERR_REDIRECT] 
2026-09-29 00:40:20,247 [ERROR] LogOutputStream:75 - [STDERR_REDIRECT] Sep 29, 2026 12:40:20 AM java.util.prefs.FileSystemPreferences syncWorld
2026-09-29 00:40:20,247 [ERROR] LogOutputStream:75 - [STDERR_REDIRECT] WARNING: Couldn't flush system prefs: java.util.prefs.BackingStoreException: Couldn't get file lock.
2026-09-29 00:40:20,247 [ERROR] LogOutputStream:75 - [STDERR_REDIRECT] 
2026-09-29 00:40:50,245 [ERROR] LogOutputStream:75 - [STDERR_REDIRECT] Sep 29, 2026 12:40:50 AM java.util.prefs.FileSystemPreferences checkLockFile0ErrorCode
2026-09-29 00:40:50,246 [ERROR] LogOutputStream:75 - [STDERR_REDIRECT] WARNING: Could not lock System prefs. Unix error code 5.
2026-09-29 00:40:50,246 [ERROR] LogOutputStream:75 - [STDERR_REDIRECT] 
2026-09-29 00:40:50,246 [ERROR] LogOutputStream:75 - [STDERR_REDIRECT] Sep 29, 2026 12:40:50 AM java.util.prefs.FileSystemPreferences syncWorld
2026-09-29 00:40:50,246 [ERROR] LogOutputStream:75 - [STDERR_REDIRECT] WARNING: Couldn't flush system prefs: java.util.prefs.BackingStoreException: Couldn't get file lock.
2026-09-29 00:40:50,246 [ERROR] LogOutputStream:75 - [STDERR_REDIRECT] 
2026-09-29 00:41:20,263 [ERROR] LogOutputStream:75 - [STDERR_REDIRECT] Sep 29, 2026 12:41:20 AM java.util.prefs.FileSystemPreferences checkLockFile0ErrorCode
2026-09-29 00:41:20,264 [ERROR] LogOutputStream:75 - [STDERR_REDIRECT] WARNING: Could not lock System prefs. Unix error code 5.
2026-09-29 00:41:20,264 [ERROR] LogOutputStream:75 - [STDERR_REDIRECT] 
2026-09-29 00:41:20,264 [ERROR] LogOutputStream:75 - [STDERR_REDIRECT] Sep 29, 2026 12:41:20 AM java.util.prefs.FileSystemPreferences syncWorld
2026-09-29 00:41:20,264 [ERROR] LogOutputStream:75 - [STDERR_REDIRECT] WARNING: Couldn't flush system prefs: java.util.prefs.BackingStoreException: Couldn't get file lock.
2026-09-29 00:41:20,265 [ERROR] LogOutputStream:75 - [STDERR_REDIRECT] 
2026-09-29 00:41:50,249 [ERROR] LogOutputStream:75 - [STDERR_REDIRECT] Sep 29, 2026 12:41:50 AM java.util.prefs.FileSystemPreferences checkLockFile0ErrorCode
2026-09-29 00:41:50,249 [ERROR] LogOutputStream:75 - [STDERR_REDIRECT] WARNING: Could not lock System prefs. Unix error code 5.
2026-09-29 00:41:50,249 [ERROR] LogOutputStream:75 - [STDERR_REDIRECT] 
2026-09-29 00:41:50,249 [ERROR] LogOutputStream:75 - [STDERR_REDIRECT] Sep 29, 2026 12:41:50 AM java.util.prefs.FileSystemPreferences syncWorld
2026-09-29 00:41:50,249 [ERROR] LogOutputStream:75 - [STDERR_REDIRECT] WARNING: Couldn't flush system prefs: java.util.prefs.BackingStoreException: Couldn't get file lock.
2026-09-29 00:41:50,249 [ERROR] LogOutputStream:75 - [STDERR_REDIRECT] 
2026-09-29 00:42:20,246 [ERROR] LogOutputStream:75 - [STDERR_REDIRECT] Sep 29, 2026 12:42:20 AM java.util.prefs.FileSystemPreferences checkLockFile0ErrorCode
2026-09-29 00:42:20,246 [ERROR] LogOutputStream:75 - [STDERR_REDIRECT] WARNING: Could not lock System prefs. Unix error code 5.
2026-09-29 00:42:20,247 [ERROR] LogOutputStream:75 - [STDERR_REDIRECT] 
2026-09-29 00:42:20,247 [ERROR] LogOutputStream:75 - [STDERR_REDIRECT] Sep 29, 2026 12:42:20 AM java.util.prefs.FileSystemPreferences syncWorld
2026-09-29 00:42:20,247 [ERROR] LogOutputStream:75 - [STDERR_REDIRECT] WARNING: Couldn't flush system prefs: java.util.prefs.BackingStoreException: Couldn't get file lock.
2026-09-29 00:42:20,247 [ERROR] LogOutputStream:75 - [STDERR_REDIRECT] 
2026-09-29 00:42:50,248 [ERROR] LogOutputStream:75 - [STDERR_REDIRECT] Sep 29, 2026 12:42:50 AM java.util.prefs.FileSystemPreferences checkLockFile0ErrorCode
2026-09-29 00:42:50,249 [ERROR] LogOutputStream:75 - [STDERR_REDIRECT] WARNING: Could not lock System prefs. Unix error code 5.
2026-09-29 00:42:50,249 [ERROR] LogOutputStream:75 - [STDERR_REDIRECT] 
2026-09-29 00:42:50,249 [ERROR] LogOutputStream:75 - [STDERR_REDIRECT] Sep 29, 2026 12:42:50 AM java.util.prefs.FileSystemPreferences syncWorld
2026-09-29 00:42:50,249 [ERROR] LogOutputStream:75 - [STDERR_REDIRECT] WARNING: Couldn't flush system prefs: java.util.prefs.BackingStoreException: Couldn't get file lock.
2026-09-29 00:42:50,249 [ERROR] LogOutputStream:75 - [STDERR_REDIRECT] 
2026-09-29 00:43:20,247 [ERROR] LogOutputStream:75 - [STDERR_REDIRECT] Sep 29, 2026 12:43:20 AM java.util.prefs.FileSystemPreferences checkLockFile0ErrorCode
2026-09-29 00:43:20,247 [ERROR] LogOutputStream:75 - [STDERR_REDIRECT] WARNING: Could not lock System prefs. Unix error code 5.
2026-09-29 00:43:20,247 [ERROR] LogOutputStream:75 - [STDERR_REDIRECT] 
2026-09-29 00:43:20,247 [ERROR] LogOutputStream:75 - [STDERR_REDIRECT] Sep 29, 2026 12:43:20 AM java.util.prefs.FileSystemPreferences syncWorld
2026-09-29 00:43:20,247 [ERROR] LogOutputStream:75 - [STDERR_REDIRECT] WARNING: Couldn't flush system prefs: java.util.prefs.BackingStoreException: Couldn't get file lock.
2026-09-29 00:43:20,247 [ERROR] LogOutputStream:75 - [STDERR_REDIRECT] 
2026-09-29 00:43:50,247 [ERROR] LogOutputStream:75 - [STDERR_REDIRECT] Sep 29, 2026 12:43:50 AM java.util.prefs.FileSystemPreferences checkLockFile0ErrorCode
2026-09-29 00:43:50,247 [ERROR] LogOutputStream:75 - [STDERR_REDIRECT] WARNING: Could not lock System prefs. Unix error code 5.
2026-09-29 00:43:50,247 [ERROR] LogOutputStream:75 - [STDERR_REDIRECT] 
2026-09-29 00:43:50,247 [ERROR] LogOutputStream:75 - [STDERR_REDIRECT] Sep 29, 2026 12:43:50 AM java.util.prefs.FileSystemPreferences syncWorld
2026-09-29 00:43:50,247 [ERROR] LogOutputStream:75 - [STDERR_REDIRECT] WARNING: Couldn't flush system prefs: java.util.prefs.BackingStoreException: Couldn't get file lock.
2026-09-29 00:43:50,248 [ERROR] LogOutputStream:75 - [STDERR_REDIRECT] 
2026-09-29 00:44:20,247 [ERROR] LogOutputStream:75 - [STDERR_REDIRECT] Sep 29, 2026 12:44:20 AM java.util.prefs.FileSystemPreferences checkLockFile0ErrorCode
2026-09-29 00:44:20,247 [ERROR] LogOutputStream:75 - [STDERR_REDIRECT] WARNING: Could not lock System prefs. Unix error code 5.
2026-09-29 00:44:20,247 [ERROR] LogOutputStream:75 - [STDERR_REDIRECT] 
2026-09-29 00:44:20,248 [ERROR] LogOutputStream:75 - [STDERR_REDIRECT] Sep 29, 2026 12:44:20 AM java.util.prefs.FileSystemPreferences syncWorld
2026-09-29 00:44:20,248 [ERROR] LogOutputStream:75 - [STDERR_REDIRECT] WARNING: Couldn't flush system prefs: java.util.prefs.BackingStoreException: Couldn't get file lock.
2026-09-29 00:44:20,248 [ERROR] LogOutputStream:75 - [STDERR_REDIRECT] 
2026-09-29 00:44:50,248 [ERROR] LogOutputStream:75 - [STDERR_REDIRECT] Sep 29, 2026 12:44:50 AM java.util.prefs.FileSystemPreferences checkLockFile0ErrorCode
2026-09-29 00:44:50,248 [ERROR] LogOutputStream:75 - [STDERR_REDIRECT] WARNING: Could not lock System prefs. Unix error code 5.
2026-09-29 00:44:50,248 [ERROR] LogOutputStream:75 - [STDERR_REDIRECT] 
2026-09-29 00:44:50,248 [ERROR] LogOutputStream:75 - [STDERR_REDIRECT] Sep 29, 2026 12:44:50 AM java.util.prefs.FileSystemPreferences syncWorld
2026-09-29 00:44:50,248 [ERROR] LogOutputStream:75 - [STDERR_REDIRECT] WARNING: Couldn't flush system prefs: java.util.prefs.BackingStoreException: Couldn't get file lock.
2026-09-29 00:44:50,248 [ERROR] LogOutputStream:75 - [STDERR_REDIRECT] 
2026-09-29 00:45:20,248 [ERROR] LogOutputStream:75 - [STDERR_REDIRECT] Sep 29, 2026 12:45:20 AM java.util.prefs.FileSystemPreferences checkLockFile0ErrorCode
2026-09-29 00:45:20,248 [ERROR] LogOutputStream:75 - [STDERR_REDIRECT] WARNING: Could not lock System prefs. Unix error code 5.
2026-09-29 00:45:20,248 [ERROR] LogOutputStream:75 - [STDERR_REDIRECT] 
2026-09-29 00:45:20,248 [ERROR] LogOutputStream:75 - [STDERR_REDIRECT] Sep 29, 2026 12:45:20 AM java.util.prefs.FileSystemPreferences syncWorld
2026-09-29 00:45:20,248 [ERROR] LogOutputStream:75 - [STDERR_REDIRECT] WARNING: Couldn't flush system prefs: java.util.prefs.BackingStoreException: Couldn't get file lock.
2026-09-29 00:45:20,249 [ERROR] LogOutputStream:75 - [STDERR_REDIRECT] 
2026-09-29 00:45:50,248 [ERROR] LogOutputStream:75 - [STDERR_REDIRECT] Sep 29, 2026 12:45:50 AM java.util.prefs.FileSystemPreferences checkLockFile0ErrorCode
2026-09-29 00:45:50,248 [ERROR] LogOutputStream:75 - [STDERR_REDIRECT] WARNING: Could not lock System prefs. Unix error code 5.
2026-09-29 00:45:50,248 [ERROR] LogOutputStream:75 - [STDERR_REDIRECT] 
2026-09-29 00:45:50,249 [ERROR] LogOutputStream:75 - [STDERR_REDIRECT] Sep 29, 2026 12:45:50 AM java.util.prefs.FileSystemPreferences syncWorld
2026-09-29 00:45:50,249 [ERROR] LogOutputStream:75 - [STDERR_REDIRECT] WARNING: Couldn't flush system prefs: java.util.prefs.BackingStoreException: Couldn't get file lock.
2026-09-29 00:45:50,249 [ERROR] LogOutputStream:75 - [STDERR_REDIRECT] 
2026-09-29 00:46:20,249 [ERROR] LogOutputStream:75 - [STDERR_REDIRECT] Sep 29, 2026 12:46:20 AM java.util.prefs.FileSystemPreferences checkLockFile0ErrorCode
2026-09-29 00:46:20,249 [ERROR] LogOutputStream:75 - [STDERR_REDIRECT] WARNING: Could not lock System prefs. Unix error code 5.
2026-09-29 00:46:20,249 [ERROR] LogOutputStream:75 - [STDERR_REDIRECT] 
2026-09-29 00:46:20,249 [ERROR] LogOutputStream:75 - [STDERR_REDIRECT] Sep 29, 2026 12:46:20 AM java.util.prefs.FileSystemPreferences syncWorld
2026-09-29 00:46:20,249 [ERROR] LogOutputStream:75 - [STDERR_REDIRECT] WARNING: Couldn't flush system prefs: java.util.prefs.BackingStoreException: Couldn't get file lock.
2026-09-29 00:46:20,249 [ERROR] LogOutputStream:75 - [STDERR_REDIRECT] 
2026-09-29 00:46:50,249 [ERROR] LogOutputStream:75 - [STDERR_REDIRECT] Sep 29, 2026 12:46:50 AM java.util.prefs.FileSystemPreferences checkLockFile0ErrorCode
2026-09-29 00:46:50,249 [ERROR] LogOutputStream:75 - [STDERR_REDIRECT] WARNING: Could not lock System prefs. Unix error code 5.
2026-09-29 00:46:50,249 [ERROR] LogOutputStream:75 - [STDERR_REDIRECT] 
2026-09-29 00:46:50,249 [ERROR] LogOutputStream:75 - [STDERR_REDIRECT] Sep 29, 2026 12:46:50 AM java.util.prefs.FileSystemPreferences syncWorld
2026-09-29 00:46:50,249 [ERROR] LogOutputStream:75 - [STDERR_REDIRECT] WARNING: Couldn't flush system prefs: java.util.prefs.BackingStoreException: Couldn't get file lock.
2026-09-29 00:46:50,249 [ERROR] LogOutputStream:75 - [STDERR_REDIRECT] 
2026-09-29 00:47:20,249 [ERROR] LogOutputStream:75 - [STDERR_REDIRECT] Sep 29, 2026 12:47:20 AM java.util.prefs.FileSystemPreferences checkLockFile0ErrorCode
2026-09-29 00:47:20,249 [ERROR] LogOutputStream:75 - [STDERR_REDIRECT] WARNING: Could not lock System prefs. Unix error code 5.
2026-09-29 00:47:20,250 [ERROR] LogOutputStream:75 - [STDERR_REDIRECT] 
2026-09-29 00:47:20,250 [ERROR] LogOutputStream:75 - [STDERR_REDIRECT] Sep 29, 2026 12:47:20 AM java.util.prefs.FileSystemPreferences syncWorld
2026-09-29 00:47:20,250 [ERROR] LogOutputStream:75 - [STDERR_REDIRECT] WARNING: Couldn't flush system prefs: java.util.prefs.BackingStoreException: Couldn't get file lock.
2026-09-29 00:47:20,250 [ERROR] LogOutputStream:75 - [STDERR_REDIRECT] 
2026-09-29 00:47:50,250 [ERROR] LogOutputStream:75 - [STDERR_REDIRECT] Sep 29, 2026 12:47:50 AM java.util.prefs.FileSystemPreferences checkLockFile0ErrorCode
2026-09-29 00:47:50,250 [ERROR] LogOutputStream:75 - [STDERR_REDIRECT] WARNING: Could not lock System prefs. Unix error code 5.
2026-09-29 00:47:50,250 [ERROR] LogOutputStream:75 - [STDERR_REDIRECT] 
2026-09-29 00:47:50,250 [ERROR] LogOutputStream:75 - [STDERR_REDIRECT] Sep 29, 2026 12:47:50 AM java.util.prefs.FileSystemPreferences syncWorld
2026-09-29 00:47:50,250 [ERROR] LogOutputStream:75 - [STDERR_REDIRECT] WARNING: Couldn't flush system prefs: java.util.prefs.BackingStoreException: Couldn't get file lock.
2026-09-29 00:47:50,250 [ERROR] LogOutputStream:75 - [STDERR_REDIRECT] 
2026-09-29 00:48:20,250 [ERROR] LogOutputStream:75 - [STDERR_REDIRECT] Sep 29, 2026 12:48:20 AM java.util.prefs.FileSystemPreferences checkLockFile0ErrorCode
2026-09-29 00:48:20,250 [ERROR] LogOutputStream:75 - [STDERR_REDIRECT] WARNING: Could not lock System prefs. Unix error code 5.
2026-09-29 00:48:20,250 [ERROR] LogOutputStream:75 - [STDERR_REDIRECT] 
2026-09-29 00:48:20,250 [ERROR] LogOutputStream:75 - [STDERR_REDIRECT] Sep 29, 2026 12:48:20 AM java.util.prefs.FileSystemPreferences syncWorld
2026-09-29 00:48:20,250 [ERROR] LogOutputStream:75 - [STDERR_REDIRECT] WARNING: Couldn't flush system prefs: java.util.prefs.BackingStoreException: Couldn't get file lock.
2026-09-29 00:48:20,250 [ERROR] LogOutputStream:75 - [STDERR_REDIRECT] 
2026-09-29 00:48:50,250 [ERROR] LogOutputStream:75 - [STDERR_REDIRECT] Sep 29, 2026 12:48:50 AM java.util.prefs.FileSystemPreferences checkLockFile0ErrorCode
2026-09-29 00:48:50,250 [ERROR] LogOutputStream:75 - [STDERR_REDIRECT] WARNING: Could not lock System prefs. Unix error code 5.
2026-09-29 00:48:50,251 [ERROR] LogOutputStream:75 - [STDERR_REDIRECT] 
2026-09-29 00:48:50,251 [ERROR] LogOutputStream:75 - [STDERR_REDIRECT] Sep 29, 2026 12:48:50 AM java.util.prefs.FileSystemPreferences syncWorld
2026-09-29 00:48:50,251 [ERROR] LogOutputStream:75 - [STDERR_REDIRECT] WARNING: Couldn't flush system prefs: java.util.prefs.BackingStoreException: Couldn't get file lock.
2026-09-29 00:48:50,251 [ERROR] LogOutputStream:75 - [STDERR_REDIRECT] 
2026-09-29 00:49:20,251 [ERROR] LogOutputStream:75 - [STDERR_REDIRECT] Sep 29, 2026 12:49:20 AM java.util.prefs.FileSystemPreferences checkLockFile0ErrorCode
2026-09-29 00:49:20,251 [ERROR] LogOutputStream:75 - [STDERR_REDIRECT] WARNING: Could not lock System prefs. Unix error code 5.
2026-09-29 00:49:20,251 [ERROR] LogOutputStream:75 - [STDERR_REDIRECT] 
2026-09-29 00:49:20,252 [ERROR] LogOutputStream:75 - [STDERR_REDIRECT] Sep 29, 2026 12:49:20 AM java.util.prefs.FileSystemPreferences syncWorld
2026-09-29 00:49:20,252 [ERROR] LogOutputStream:75 - [STDERR_REDIRECT] WARNING: Couldn't flush system prefs: java.util.prefs.BackingStoreException: Couldn't get file lock.
2026-09-29 00:49:20,252 [ERROR] LogOutputStream:75 - [STDERR_REDIRECT] 
2026-09-29 00:49:50,251 [ERROR] LogOutputStream:75 - [STDERR_REDIRECT] Sep 29, 2026 12:49:50 AM java.util.prefs.FileSystemPreferences checkLockFile0ErrorCode
2026-09-29 00:49:50,251 [ERROR] LogOutputStream:75 - [STDERR_REDIRECT] WARNING: Could not lock System prefs. Unix error code 5.
2026-09-29 00:49:50,251 [ERROR] LogOutputStream:75 - [STDERR_REDIRECT] 
2026-09-29 00:49:50,251 [ERROR] LogOutputStream:75 - [STDERR_REDIRECT] Sep 29, 2026 12:49:50 AM java.util.prefs.FileSystemPreferences syncWorld
2026-09-29 00:49:50,251 [ERROR] LogOutputStream:75 - [STDERR_REDIRECT] WARNING: Couldn't flush system prefs: java.util.prefs.BackingStoreException: Couldn't get file lock.
2026-09-29 00:49:50,251 [ERROR] LogOutputStream:75 - [STDERR_REDIRECT] 
2026-09-29 00:50:20,251 [ERROR] LogOutputStream:75 - [STDERR_REDIRECT] Sep 29, 2026 12:50:20 AM java.util.prefs.FileSystemPreferences checkLockFile0ErrorCode
2026-09-29 00:50:20,251 [ERROR] LogOutputStream:75 - [STDERR_REDIRECT] WARNING: Could not lock System prefs. Unix error code 5.
2026-09-29 00:50:20,251 [ERROR] LogOutputStream:75 - [STDERR_REDIRECT] 
2026-09-29 00:50:20,251 [ERROR] LogOutputStream:75 - [STDERR_REDIRECT] Sep 29, 2026 12:50:20 AM java.util.prefs.FileSystemPreferences syncWorld
2026-09-29 00:50:20,251 [ERROR] LogOutputStream:75 - [STDERR_REDIRECT] WARNING: Couldn't flush system prefs: java.util.prefs.BackingStoreException: Couldn't get file lock.
2026-09-29 00:50:20,251 [ERROR] LogOutputStream:75 - [STDERR_REDIRECT] 
2026-09-29 00:50:50,251 [ERROR] LogOutputStream:75 - [STDERR_REDIRECT] Sep 29, 2026 12:50:50 AM java.util.prefs.FileSystemPreferences checkLockFile0ErrorCode
2026-09-29 00:50:50,251 [ERROR] LogOutputStream:75 - [STDERR_REDIRECT] WARNING: Could not lock System prefs. Unix error code 5.
2026-09-29 00:50:50,251 [ERROR] LogOutputStream:75 - [STDERR_REDIRECT] 
2026-09-29 00:50:50,252 [ERROR] LogOutputStream:75 - [STDERR_REDIRECT] Sep 29, 2026 12:50:50 AM java.util.prefs.FileSystemPreferences syncWorld
2026-09-29 00:50:50,252 [ERROR] LogOutputStream:75 - [STDERR_REDIRECT] WARNING: Couldn't flush system prefs: java.util.prefs.BackingStoreException: Couldn't get file lock.
2026-09-29 00:50:50,252 [ERROR] LogOutputStream:75 - [STDERR_REDIRECT] 
2026-09-29 00:51:20,251 [ERROR] LogOutputStream:75 - [STDERR_REDIRECT] Sep 29, 2026 12:51:20 AM java.util.prefs.FileSystemPreferences checkLockFile0ErrorCode
2026-09-29 00:51:20,252 [ERROR] LogOutputStream:75 - [STDERR_REDIRECT] WARNING: Could not lock System prefs. Unix error code 5.
2026-09-29 00:51:20,252 [ERROR] LogOutputStream:75 - [STDERR_REDIRECT] 
2026-09-29 00:51:20,252 [ERROR] LogOutputStream:75 - [STDERR_REDIRECT] Sep 29, 2026 12:51:20 AM java.util.prefs.FileSystemPreferences syncWorld
2026-09-29 00:51:20,252 [ERROR] LogOutputStream:75 - [STDERR_REDIRECT] WARNING: Couldn't flush system prefs: java.util.prefs.BackingStoreException: Couldn't get file lock.
2026-09-29 00:51:20,252 [ERROR] LogOutputStream:75 - [STDERR_REDIRECT] 
2026-09-29 00:51:50,252 [ERROR] LogOutputStream:75 - [STDERR_REDIRECT] Sep 29, 2026 12:51:50 AM java.util.prefs.FileSystemPreferences checkLockFile0ErrorCode
2026-09-29 00:51:50,252 [ERROR] LogOutputStream:75 - [STDERR_REDIRECT] WARNING: Could not lock System prefs. Unix error code 5.
2026-09-29 00:51:50,252 [ERROR] LogOutputStream:75 - [STDERR_REDIRECT] 
2026-09-29 00:51:50,253 [ERROR] LogOutputStream:75 - [STDERR_REDIRECT] Sep 29, 2026 12:51:50 AM java.util.prefs.FileSystemPreferences syncWorld
2026-09-29 00:51:50,253 [ERROR] LogOutputStream:75 - [STDERR_REDIRECT] WARNING: Couldn't flush system prefs: java.util.prefs.BackingStoreException: Couldn't get file lock.
2026-09-29 00:51:50,253 [ERROR] LogOutputStream:75 - [STDERR_REDIRECT] 
2026-09-29 00:52:20,252 [ERROR] LogOutputStream:75 - [STDERR_REDIRECT] Sep 29, 2026 12:52:20 AM java.util.prefs.FileSystemPreferences checkLockFile0ErrorCode
2026-09-29 00:52:20,253 [ERROR] LogOutputStream:75 - [STDERR_REDIRECT] WARNING: Could not lock System prefs. Unix error code 5.
2026-09-29 00:52:20,253 [ERROR] LogOutputStream:75 - [STDERR_REDIRECT] 
2026-09-29 00:52:20,253 [ERROR] LogOutputStream:75 - [STDERR_REDIRECT] Sep 29, 2026 12:52:20 AM java.util.prefs.FileSystemPreferences syncWorld
2026-09-29 00:52:20,253 [ERROR] LogOutputStream:75 - [STDERR_REDIRECT] WARNING: Couldn't flush system prefs: java.util.prefs.BackingStoreException: Couldn't get file lock.
2026-09-29 00:52:20,253 [ERROR] LogOutputStream:75 - [STDERR_REDIRECT] 
2026-09-29 00:52:50,253 [ERROR] LogOutputStream:75 - [STDERR_REDIRECT] Sep 29, 2026 12:52:50 AM java.util.prefs.FileSystemPreferences checkLockFile0ErrorCode
2026-09-29 00:52:50,253 [ERROR] LogOutputStream:75 - [STDERR_REDIRECT] WARNING: Could not lock System prefs. Unix error code 5.
2026-09-29 00:52:50,253 [ERROR] LogOutputStream:75 - [STDERR_REDIRECT] 
2026-09-29 00:52:50,253 [ERROR] LogOutputStream:75 - [STDERR_REDIRECT] Sep 29, 2026 12:52:50 AM java.util.prefs.FileSystemPreferences syncWorld
2026-09-29 00:52:50,253 [ERROR] LogOutputStream:75 - [STDERR_REDIRECT] WARNING: Couldn't flush system prefs: java.util.prefs.BackingStoreException: Couldn't get file lock.
2026-09-29 00:52:50,253 [ERROR] LogOutputStream:75 - [STDERR_REDIRECT] 
2026-09-29 00:53:20,253 [ERROR] LogOutputStream:75 - [STDERR_REDIRECT] Sep 29, 2026 12:53:20 AM java.util.prefs.FileSystemPreferences checkLockFile0ErrorCode
2026-09-29 00:53:20,253 [ERROR] LogOutputStream:75 - [STDERR_REDIRECT] WARNING: Could not lock System prefs. Unix error code 5.
2026-09-29 00:53:20,253 [ERROR] LogOutputStream:75 - [STDERR_REDIRECT] 
2026-09-29 00:53:20,254 [ERROR] LogOutputStream:75 - [STDERR_REDIRECT] Sep 29, 2026 12:53:20 AM java.util.prefs.FileSystemPreferences syncWorld
2026-09-29 00:53:20,254 [ERROR] LogOutputStream:75 - [STDERR_REDIRECT] WARNING: Couldn't flush system prefs: java.util.prefs.BackingStoreException: Couldn't get file lock.
2026-09-29 00:53:20,254 [ERROR] LogOutputStream:75 - [STDERR_REDIRECT] 
2026-09-29 00:53:50,253 [ERROR] LogOutputStream:75 - [STDERR_REDIRECT] Sep 29, 2026 12:53:50 AM java.util.prefs.FileSystemPreferences checkLockFile0ErrorCode
2026-09-29 00:53:50,254 [ERROR] LogOutputStream:75 - [STDERR_REDIRECT] WARNING: Could not lock System prefs. Unix error code 5.
2026-09-29 00:53:50,254 [ERROR] LogOutputStream:75 - [STDERR_REDIRECT] 
2026-09-29 00:53:50,254 [ERROR] LogOutputStream:75 - [STDERR_REDIRECT] Sep 29, 2026 12:53:50 AM java.util.prefs.FileSystemPreferences syncWorld
2026-09-29 00:53:50,254 [ERROR] LogOutputStream:75 - [STDERR_REDIRECT] WARNING: Couldn't flush system prefs: java.util.prefs.BackingStoreException: Couldn't get file lock.
2026-09-29 00:53:50,254 [ERROR] LogOutputStream:75 - [STDERR_REDIRECT] 
2026-09-29 00:54:20,254 [ERROR] LogOutputStream:75 - [STDERR_REDIRECT] Sep 29, 2026 12:54:20 AM java.util.prefs.FileSystemPreferences checkLockFile0ErrorCode
2026-09-29 00:54:20,254 [ERROR] LogOutputStream:75 - [STDERR_REDIRECT] WARNING: Could not lock System prefs. Unix error code 5.
2026-09-29 00:54:20,254 [ERROR] LogOutputStream:75 - [STDERR_REDIRECT] 
2026-09-29 00:54:20,254 [ERROR] LogOutputStream:75 - [STDERR_REDIRECT] Sep 29, 2026 12:54:20 AM java.util.prefs.FileSystemPreferences syncWorld
2026-09-29 00:54:20,271 [ERROR] LogOutputStream:75 - [STDERR_REDIRECT] WARNING: Couldn't flush system prefs: java.util.prefs.BackingStoreException: Couldn't get file lock.
2026-09-29 00:54:20,272 [ERROR] LogOutputStream:75 - [STDERR_REDIRECT] 
2026-09-29 00:54:50,253 [ERROR] LogOutputStream:75 - [STDERR_REDIRECT] Sep 29, 2026 12:54:50 AM java.util.prefs.FileSystemPreferences checkLockFile0ErrorCode
2026-09-29 00:54:50,253 [ERROR] LogOutputStream:75 - [STDERR_REDIRECT] WARNING: Could not lock System prefs. Unix error code 5.
2026-09-29 00:54:50,253 [ERROR] LogOutputStream:75 - [STDERR_REDIRECT] 
2026-09-29 00:54:50,254 [ERROR] LogOutputStream:75 - [STDERR_REDIRECT] Sep 29, 2026 12:54:50 AM java.util.prefs.FileSystemPreferences syncWorld
2026-09-29 00:54:50,254 [ERROR] LogOutputStream:75 - [STDERR_REDIRECT] WARNING: Couldn't flush system prefs: java.util.prefs.BackingStoreException: Couldn't get file lock.
2026-09-29 00:54:50,254 [ERROR] LogOutputStream:75 - [STDERR_REDIRECT] 
2026-09-29 00:55:20,254 [ERROR] LogOutputStream:75 - [STDERR_REDIRECT] Sep 29, 2026 12:55:20 AM java.util.prefs.FileSystemPreferences checkLockFile0ErrorCode
2026-09-29 00:55:20,254 [ERROR] LogOutputStream:75 - [STDERR_REDIRECT] WARNING: Could not lock System prefs. Unix error code 5.
2026-09-29 00:55:20,254 [ERROR] LogOutputStream:75 - [STDERR_REDIRECT] 
2026-09-29 00:55:20,254 [ERROR] LogOutputStream:75 - [STDERR_REDIRECT] Sep 29, 2026 12:55:20 AM java.util.prefs.FileSystemPreferences syncWorld
2026-09-29 00:55:20,254 [ERROR] LogOutputStream:75 - [STDERR_REDIRECT] WARNING: Couldn't flush system prefs: java.util.prefs.BackingStoreException: Couldn't get file lock.
2026-09-29 00:55:20,254 [ERROR] LogOutputStream:75 - [STDERR_REDIRECT] 
2026-09-29 00:55:50,254 [ERROR] LogOutputStream:75 - [STDERR_REDIRECT] Sep 29, 2026 12:55:50 AM java.util.prefs.FileSystemPreferences checkLockFile0ErrorCode
2026-09-29 00:55:50,254 [ERROR] LogOutputStream:75 - [STDERR_REDIRECT] WARNING: Could not lock System prefs. Unix error code 5.
2026-09-29 00:55:50,254 [ERROR] LogOutputStream:75 - [STDERR_REDIRECT] 
2026-09-29 00:55:50,254 [ERROR] LogOutputStream:75 - [STDERR_REDIRECT] Sep 29, 2026 12:55:50 AM java.util.prefs.FileSystemPreferences syncWorld
2026-09-29 00:55:50,255 [ERROR] LogOutputStream:75 - [STDERR_REDIRECT] WARNING: Couldn't flush system prefs: java.util.prefs.BackingStoreException: Couldn't get file lock.
2026-09-29 00:55:50,255 [ERROR] LogOutputStream:75 - [STDERR_REDIRECT] 
2026-09-29 00:56:20,254 [ERROR] LogOutputStream:75 - [STDERR_REDIRECT] Sep 29, 2026 12:56:20 AM java.util.prefs.FileSystemPreferences checkLockFile0ErrorCode
2026-09-29 00:56:20,255 [ERROR] LogOutputStream:75 - [STDERR_REDIRECT] WARNING: Could not lock System prefs. Unix error code 5.
2026-09-29 00:56:20,255 [ERROR] LogOutputStream:75 - [STDERR_REDIRECT] 
2026-09-29 00:56:20,255 [ERROR] LogOutputStream:75 - [STDERR_REDIRECT] Sep 29, 2026 12:56:20 AM java.util.prefs.FileSystemPreferences syncWorld
2026-09-29 00:56:20,255 [ERROR] LogOutputStream:75 - [STDERR_REDIRECT] WARNING: Couldn't flush system prefs: java.util.prefs.BackingStoreException: Couldn't get file lock.
2026-09-29 00:56:20,255 [ERROR] LogOutputStream:75 - [STDERR_REDIRECT] 
2026-09-29 00:56:50,255 [ERROR] LogOutputStream:75 - [STDERR_REDIRECT] Sep 29, 2026 12:56:50 AM java.util.prefs.FileSystemPreferences checkLockFile0ErrorCode
2026-09-29 00:56:50,255 [ERROR] LogOutputStream:75 - [STDERR_REDIRECT] WARNING: Could not lock System prefs. Unix error code 5.
2026-09-29 00:56:50,255 [ERROR] LogOutputStream:75 - [STDERR_REDIRECT] 
2026-09-29 00:56:50,255 [ERROR] LogOutputStream:75 - [STDERR_REDIRECT] Sep 29, 2026 12:56:50 AM java.util.prefs.FileSystemPreferences syncWorld
2026-09-29 00:56:50,255 [ERROR] LogOutputStream:75 - [STDERR_REDIRECT] WARNING: Couldn't flush system prefs: java.util.prefs.BackingStoreException: Couldn't get file lock.
2026-09-29 00:56:50,255 [ERROR] LogOutputStream:75 - [STDERR_REDIRECT] 
2026-09-29 00:57:20,255 [ERROR] LogOutputStream:75 - [STDERR_REDIRECT] Sep 29, 2026 12:57:20 AM java.util.prefs.FileSystemPreferences checkLockFile0ErrorCode
2026-09-29 00:57:20,255 [ERROR] LogOutputStream:75 - [STDERR_REDIRECT] WARNING: Could not lock System prefs. Unix error code 5.
2026-09-29 00:57:20,255 [ERROR] LogOutputStream:75 - [STDERR_REDIRECT] 
2026-09-29 00:57:20,256 [ERROR] LogOutputStream:75 - [STDERR_REDIRECT] Sep 29, 2026 12:57:20 AM java.util.prefs.FileSystemPreferences syncWorld
2026-09-29 00:57:20,256 [ERROR] LogOutputStream:75 - [STDERR_REDIRECT] WARNING: Couldn't flush system prefs: java.util.prefs.BackingStoreException: Couldn't get file lock.
2026-09-29 00:57:20,256 [ERROR] LogOutputStream:75 - [STDERR_REDIRECT] 
2026-09-29 00:57:50,256 [ERROR] LogOutputStream:75 - [STDERR_REDIRECT] Sep 29, 2026 12:57:50 AM java.util.prefs.FileSystemPreferences checkLockFile0ErrorCode
2026-09-29 00:57:50,256 [ERROR] LogOutputStream:75 - [STDERR_REDIRECT] WARNING: Could not lock System prefs. Unix error code 5.
2026-09-29 00:57:50,256 [ERROR] LogOutputStream:75 - [STDERR_REDIRECT] 
2026-09-29 00:57:50,256 [ERROR] LogOutputStream:75 - [STDERR_REDIRECT] Sep 29, 2026 12:57:50 AM java.util.prefs.FileSystemPreferences syncWorld
2026-09-29 00:57:50,256 [ERROR] LogOutputStream:75 - [STDERR_REDIRECT] WARNING: Couldn't flush system prefs: java.util.prefs.BackingStoreException: Couldn't get file lock.
2026-09-29 00:57:50,256 [ERROR] LogOutputStream:75 - [STDERR_REDIRECT] 
2026-09-29 00:58:20,256 [ERROR] LogOutputStream:75 - [STDERR_REDIRECT] Sep 29, 2026 12:58:20 AM java.util.prefs.FileSystemPreferences checkLockFile0ErrorCode
2026-09-29 00:58:20,256 [ERROR] LogOutputStream:75 - [STDERR_REDIRECT] WARNING: Could not lock System prefs. Unix error code 5.
2026-09-29 00:58:20,256 [ERROR] LogOutputStream:75 - [STDERR_REDIRECT] 
2026-09-29 00:58:20,256 [ERROR] LogOutputStream:75 - [STDERR_REDIRECT] Sep 29, 2026 12:58:20 AM java.util.prefs.FileSystemPreferences syncWorld
2026-09-29 00:58:20,256 [ERROR] LogOutputStream:75 - [STDERR_REDIRECT] WARNING: Couldn't flush system prefs: java.util.prefs.BackingStoreException: Couldn't get file lock.
2026-09-29 00:58:20,256 [ERROR] LogOutputStream:75 - [STDERR_REDIRECT] 
2026-09-29 00:58:50,259 [ERROR] LogOutputStream:75 - [STDERR_REDIRECT] Sep 29, 2026 12:58:50 AM java.util.prefs.FileSystemPreferences checkLockFile0ErrorCode
2026-09-29 00:58:50,259 [ERROR] LogOutputStream:75 - [STDERR_REDIRECT] WARNING: Could not lock System prefs. Unix error code 5.
2026-09-29 00:58:50,259 [ERROR] LogOutputStream:75 - [STDERR_REDIRECT] 
2026-09-29 00:58:50,259 [ERROR] LogOutputStream:75 - [STDERR_REDIRECT] Sep 29, 2026 12:58:50 AM java.util.prefs.FileSystemPreferences syncWorld
2026-09-29 00:58:50,259 [ERROR] LogOutputStream:75 - [STDERR_REDIRECT] WARNING: Couldn't flush system prefs: java.util.prefs.BackingStoreException: Couldn't get file lock.
2026-09-29 00:58:50,259 [ERROR] LogOutputStream:75 - [STDERR_REDIRECT] 
2026-09-29 00:59:20,260 [ERROR] LogOutputStream:75 - [STDERR_REDIRECT] Sep 29, 2026 12:59:20 AM java.util.prefs.FileSystemPreferences checkLockFile0ErrorCode
2026-09-29 00:59:20,260 [ERROR] LogOutputStream:75 - [STDERR_REDIRECT] WARNING: Could not lock System prefs. Unix error code 5.
2026-09-29 00:59:20,260 [ERROR] LogOutputStream:75 - [STDERR_REDIRECT] 
2026-09-29 00:59:20,260 [ERROR] LogOutputStream:75 - [STDERR_REDIRECT] Sep 29, 2026 12:59:20 AM java.util.prefs.FileSystemPreferences syncWorld
2026-09-29 00:59:20,260 [ERROR] LogOutputStream:75 - [STDERR_REDIRECT] WARNING: Couldn't flush system prefs: java.util.prefs.BackingStoreException: Couldn't get file lock.
2026-09-29 00:59:20,260 [ERROR] LogOutputStream:75 - [STDERR_REDIRECT] 
2026-09-29 00:59:50,305 [ERROR] LogOutputStream:75 - [STDERR_REDIRECT] Sep 29, 2026 12:59:50 AM java.util.prefs.FileSystemPreferences checkLockFile0ErrorCode
2026-09-29 00:59:50,305 [ERROR] LogOutputStream:75 - [STDERR_REDIRECT] WARNING: Could not lock System prefs. Unix error code 5.
2026-09-29 00:59:50,305 [ERROR] LogOutputStream:75 - [STDERR_REDIRECT] 
2026-09-29 00:59:50,305 [ERROR] LogOutputStream:75 - [STDERR_REDIRECT] Sep 29, 2026 12:59:50 AM java.util.prefs.FileSystemPreferences syncWorld
2026-09-29 00:59:50,305 [ERROR] LogOutputStream:75 - [STDERR_REDIRECT] WARNING: Couldn't flush system prefs: java.util.prefs.BackingStoreException: Couldn't get file lock.
2026-09-29 00:59:50,305 [ERROR] LogOutputStream:75 - [STDERR_REDIRECT] 
2026-09-29 01:00:20,259 [ERROR] LogOutputStream:75 - [STDERR_REDIRECT] Sep 29, 2026 1:00:20 AM java.util.prefs.FileSystemPreferences checkLockFile0ErrorCode
2026-09-29 01:00:20,259 [ERROR] LogOutputStream:75 - [STDERR_REDIRECT] WARNING: Could not lock System prefs. Unix error code 5.
2026-09-29 01:00:20,260 [ERROR] LogOutputStream:75 - [STDERR_REDIRECT] 
2026-09-29 01:00:20,260 [ERROR] LogOutputStream:75 - [STDERR_REDIRECT] Sep 29, 2026 1:00:20 AM java.util.prefs.FileSystemPreferences syncWorld
2026-09-29 01:00:20,260 [ERROR] LogOutputStream:75 - [STDERR_REDIRECT] WARNING: Couldn't flush system prefs: java.util.prefs.BackingStoreException: Couldn't get file lock.
2026-09-29 01:00:20,260 [ERROR] LogOutputStream:75 - [STDERR_REDIRECT] 
2026-09-29 01:00:50,263 [ERROR] LogOutputStream:75 - [STDERR_REDIRECT] Sep 29, 2026 1:00:50 AM java.util.prefs.FileSystemPreferences checkLockFile0ErrorCode
2026-09-29 01:00:50,264 [ERROR] LogOutputStream:75 - [STDERR_REDIRECT] WARNING: Could not lock System prefs. Unix error code 5.
2026-09-29 01:00:50,264 [ERROR] LogOutputStream:75 - [STDERR_REDIRECT] 
2026-09-29 01:00:50,264 [ERROR] LogOutputStream:75 - [STDERR_REDIRECT] Sep 29, 2026 1:00:50 AM java.util.prefs.FileSystemPreferences syncWorld
2026-09-29 01:00:50,264 [ERROR] LogOutputStream:75 - [STDERR_REDIRECT] WARNING: Couldn't flush system prefs: java.util.prefs.BackingStoreException: Couldn't get file lock.
2026-09-29 01:00:50,264 [ERROR] LogOutputStream:75 - [STDERR_REDIRECT] 
2026-09-29 01:01:20,264 [ERROR] LogOutputStream:75 - [STDERR_REDIRECT] Sep 29, 2026 1:01:20 AM java.util.prefs.FileSystemPreferences checkLockFile0ErrorCode
2026-09-29 01:01:20,264 [ERROR] LogOutputStream:75 - [STDERR_REDIRECT] WARNING: Could not lock System prefs. Unix error code 5.
2026-09-29 01:01:20,264 [ERROR] LogOutputStream:75 - [STDERR_REDIRECT] 
2026-09-29 01:01:20,264 [ERROR] LogOutputStream:75 - [STDERR_REDIRECT] Sep 29, 2026 1:01:20 AM java.util.prefs.FileSystemPreferences syncWorld
2026-09-29 01:01:20,264 [ERROR] LogOutputStream:75 - [STDERR_REDIRECT] WARNING: Couldn't flush system prefs: java.util.prefs.BackingStoreException: Couldn't get file lock.
2026-09-29 01:01:20,264 [ERROR] LogOutputStream:75 - [STDERR_REDIRECT] 
2026-09-29 01:01:50,266 [ERROR] LogOutputStream:75 - [STDERR_REDIRECT] Sep 29, 2026 1:01:50 AM java.util.prefs.FileSystemPreferences checkLockFile0ErrorCode
2026-09-29 01:01:50,267 [ERROR] LogOutputStream:75 - [STDERR_REDIRECT] WARNING: Could not lock System prefs. Unix error code 5.
2026-09-29 01:01:50,267 [ERROR] LogOutputStream:75 - [STDERR_REDIRECT] 
2026-09-29 01:01:50,267 [ERROR] LogOutputStream:75 - [STDERR_REDIRECT] Sep 29, 2026 1:01:50 AM java.util.prefs.FileSystemPreferences syncWorld
2026-09-29 01:01:50,268 [ERROR] LogOutputStream:75 - [STDERR_REDIRECT] WARNING: Couldn't flush system prefs: java.util.prefs.BackingStoreException: Couldn't get file lock.
2026-09-29 01:01:50,268 [ERROR] LogOutputStream:75 - [STDERR_REDIRECT] 
2026-09-29 01:02:20,270 [ERROR] LogOutputStream:75 - [STDERR_REDIRECT] Sep 29, 2026 1:02:20 AM java.util.prefs.FileSystemPreferences checkLockFile0ErrorCode
2026-09-29 01:02:20,270 [ERROR] LogOutputStream:75 - [STDERR_REDIRECT] WARNING: Could not lock System prefs. Unix error code 5.
2026-09-29 01:02:20,270 [ERROR] LogOutputStream:75 - [STDERR_REDIRECT] 
2026-09-29 01:02:20,271 [ERROR] LogOutputStream:75 - [STDERR_REDIRECT] Sep 29, 2026 1:02:20 AM java.util.prefs.FileSystemPreferences syncWorld
2026-09-29 01:02:20,271 [ERROR] LogOutputStream:75 - [STDERR_REDIRECT] WARNING: Couldn't flush system prefs: java.util.prefs.BackingStoreException: Couldn't get file lock.
2026-09-29 01:02:20,271 [ERROR] LogOutputStream:75 - [STDERR_REDIRECT] 
2026-09-29 01:02:50,266 [ERROR] LogOutputStream:75 - [STDERR_REDIRECT] Sep 29, 2026 1:02:50 AM java.util.prefs.FileSystemPreferences checkLockFile0ErrorCode
2026-09-29 01:02:50,267 [ERROR] LogOutputStream:75 - [STDERR_REDIRECT] WARNING: Could not lock System prefs. Unix error code 5.
2026-09-29 01:02:50,267 [ERROR] LogOutputStream:75 - [STDERR_REDIRECT] 
2026-09-29 01:02:50,268 [ERROR] LogOutputStream:75 - [STDERR_REDIRECT] Sep 29, 2026 1:02:50 AM java.util.prefs.FileSystemPreferences syncWorld
2026-09-29 01:02:50,268 [ERROR] LogOutputStream:75 - [STDERR_REDIRECT] WARNING: Couldn't flush system prefs: java.util.prefs.BackingStoreException: Couldn't get file lock.
2026-09-29 01:02:50,268 [ERROR] LogOutputStream:75 - [STDERR_REDIRECT] 
2026-09-29 01:03:20,269 [ERROR] LogOutputStream:75 - [STDERR_REDIRECT] Sep 29, 2026 1:03:20 AM java.util.prefs.FileSystemPreferences checkLockFile0ErrorCode
2026-09-29 01:03:20,269 [ERROR] LogOutputStream:75 - [STDERR_REDIRECT] WARNING: Could not lock System prefs. Unix error code 5.
2026-09-29 01:03:20,269 [ERROR] LogOutputStream:75 - [STDERR_REDIRECT] 
2026-09-29 01:03:20,269 [ERROR] LogOutputStream:75 - [STDERR_REDIRECT] Sep 29, 2026 1:03:20 AM java.util.prefs.FileSystemPreferences syncWorld
2026-09-29 01:03:20,269 [ERROR] LogOutputStream:75 - [STDERR_REDIRECT] WARNING: Couldn't flush system prefs: java.util.prefs.BackingStoreException: Couldn't get file lock.
2026-09-29 01:03:20,269 [ERROR] LogOutputStream:75 - [STDERR_REDIRECT] 
2026-09-29 01:03:50,269 [ERROR] LogOutputStream:75 - [STDERR_REDIRECT] Sep 29, 2026 1:03:50 AM java.util.prefs.FileSystemPreferences checkLockFile0ErrorCode
2026-09-29 01:03:50,269 [ERROR] LogOutputStream:75 - [STDERR_REDIRECT] WARNING: Could not lock System prefs. Unix error code 5.
2026-09-29 01:03:50,269 [ERROR] LogOutputStream:75 - [STDERR_REDIRECT] 
2026-09-29 01:03:50,269 [ERROR] LogOutputStream:75 - [STDERR_REDIRECT] Sep 29, 2026 1:03:50 AM java.util.prefs.FileSystemPreferences syncWorld
2026-09-29 01:03:50,270 [ERROR] LogOutputStream:75 - [STDERR_REDIRECT] WARNING: Couldn't flush system prefs: java.util.prefs.BackingStoreException: Couldn't get file lock.
2026-09-29 01:03:50,270 [ERROR] LogOutputStream:75 - [STDERR_REDIRECT] 
2026-09-29 01:04:20,267 [ERROR] LogOutputStream:75 - [STDERR_REDIRECT] Sep 29, 2026 1:04:20 AM java.util.prefs.FileSystemPreferences checkLockFile0ErrorCode
2026-09-29 01:04:20,267 [ERROR] LogOutputStream:75 - [STDERR_REDIRECT] WARNING: Could not lock System prefs. Unix error code 5.
2026-09-29 01:04:20,268 [ERROR] LogOutputStream:75 - [STDERR_REDIRECT] 
2026-09-29 01:04:20,268 [ERROR] LogOutputStream:75 - [STDERR_REDIRECT] Sep 29, 2026 1:04:20 AM java.util.prefs.FileSystemPreferences syncWorld
2026-09-29 01:04:20,268 [ERROR] LogOutputStream:75 - [STDERR_REDIRECT] WARNING: Couldn't flush system prefs: java.util.prefs.BackingStoreException: Couldn't get file lock.
2026-09-29 01:04:20,268 [ERROR] LogOutputStream:75 - [STDERR_REDIRECT] 
2026-09-29 01:04:50,315 [ERROR] LogOutputStream:75 - [STDERR_REDIRECT] Sep 29, 2026 1:04:50 AM java.util.prefs.FileSystemPreferences checkLockFile0ErrorCode
2026-09-29 01:04:50,315 [ERROR] LogOutputStream:75 - [STDERR_REDIRECT] WARNING: Could not lock System prefs. Unix error code 5.
2026-09-29 01:04:50,315 [ERROR] LogOutputStream:75 - [STDERR_REDIRECT] 
2026-09-29 01:04:50,315 [ERROR] LogOutputStream:75 - [STDERR_REDIRECT] Sep 29, 2026 1:04:50 AM java.util.prefs.FileSystemPreferences syncWorld
2026-09-29 01:04:50,315 [ERROR] LogOutputStream:75 - [STDERR_REDIRECT] WARNING: Couldn't flush system prefs: java.util.prefs.BackingStoreException: Couldn't get file lock.
2026-09-29 01:04:50,315 [ERROR] LogOutputStream:75 - [STDERR_REDIRECT] 
2026-09-29 01:05:20,269 [ERROR] LogOutputStream:75 - [STDERR_REDIRECT] Sep 29, 2026 1:05:20 AM java.util.prefs.FileSystemPreferences checkLockFile0ErrorCode
2026-09-29 01:05:20,270 [ERROR] LogOutputStream:75 - [STDERR_REDIRECT] WARNING: Could not lock System prefs. Unix error code 5.
2026-09-29 01:05:20,270 [ERROR] LogOutputStream:75 - [STDERR_REDIRECT] 
2026-09-29 01:05:20,270 [ERROR] LogOutputStream:75 - [STDERR_REDIRECT] Sep 29, 2026 1:05:20 AM java.util.prefs.FileSystemPreferences syncWorld
2026-09-29 01:05:20,270 [ERROR] LogOutputStream:75 - [STDERR_REDIRECT] WARNING: Couldn't flush system prefs: java.util.prefs.BackingStoreException: Couldn't get file lock.
2026-09-29 01:05:20,270 [ERROR] LogOutputStream:75 - [STDERR_REDIRECT] 
2026-09-29 01:05:50,271 [ERROR] LogOutputStream:75 - [STDERR_REDIRECT] Sep 29, 2026 1:05:50 AM java.util.prefs.FileSystemPreferences checkLockFile0ErrorCode
2026-09-29 01:05:50,271 [ERROR] LogOutputStream:75 - [STDERR_REDIRECT] WARNING: Could not lock System prefs. Unix error code 5.
2026-09-29 01:05:50,271 [ERROR] LogOutputStream:75 - [STDERR_REDIRECT] 
2026-09-29 01:05:50,271 [ERROR] LogOutputStream:75 - [STDERR_REDIRECT] Sep 29, 2026 1:05:50 AM java.util.prefs.FileSystemPreferences syncWorld
2026-09-29 01:05:50,271 [ERROR] LogOutputStream:75 - [STDERR_REDIRECT] WARNING: Couldn't flush system prefs: java.util.prefs.BackingStoreException: Couldn't get file lock.
2026-09-29 01:05:50,271 [ERROR] LogOutputStream:75 - [STDERR_REDIRECT] 
2026-09-29 01:06:20,311 [ERROR] LogOutputStream:75 - [STDERR_REDIRECT] Sep 29, 2026 1:06:20 AM java.util.prefs.FileSystemPreferences checkLockFile0ErrorCode
2026-09-29 01:06:20,311 [ERROR] LogOutputStream:75 - [STDERR_REDIRECT] WARNING: Could not lock System prefs. Unix error code 5.
2026-09-29 01:06:20,311 [ERROR] LogOutputStream:75 - [STDERR_REDIRECT] 
2026-09-29 01:06:20,312 [ERROR] LogOutputStream:75 - [STDERR_REDIRECT] Sep 29, 2026 1:06:20 AM java.util.prefs.FileSystemPreferences syncWorld
2026-09-29 01:06:20,312 [ERROR] LogOutputStream:75 - [STDERR_REDIRECT] WARNING: Couldn't flush system prefs: java.util.prefs.BackingStoreException: Couldn't get file lock.
2026-09-29 01:06:20,312 [ERROR] LogOutputStream:75 - [STDERR_REDIRECT] 
2026-09-29 01:06:50,273 [ERROR] LogOutputStream:75 - [STDERR_REDIRECT] Sep 29, 2026 1:06:50 AM java.util.prefs.FileSystemPreferences checkLockFile0ErrorCode
2026-09-29 01:06:50,273 [ERROR] LogOutputStream:75 - [STDERR_REDIRECT] WARNING: Could not lock System prefs. Unix error code 5.
2026-09-29 01:06:50,274 [ERROR] LogOutputStream:75 - [STDERR_REDIRECT] 
2026-09-29 01:06:50,274 [ERROR] LogOutputStream:75 - [STDERR_REDIRECT] Sep 29, 2026 1:06:50 AM java.util.prefs.FileSystemPreferences syncWorld
2026-09-29 01:06:50,276 [ERROR] LogOutputStream:75 - [STDERR_REDIRECT] WARNING: Couldn't flush system prefs: java.util.prefs.BackingStoreException: Couldn't get file lock.
2026-09-29 01:06:50,276 [ERROR] LogOutputStream:75 - [STDERR_REDIRECT] 
2026-09-29 01:07:20,270 [ERROR] LogOutputStream:75 - [STDERR_REDIRECT] Sep 29, 2026 1:07:20 AM java.util.prefs.FileSystemPreferences checkLockFile0ErrorCode
2026-09-29 01:07:20,270 [ERROR] LogOutputStream:75 - [STDERR_REDIRECT] WARNING: Could not lock System prefs. Unix error code 5.
2026-09-29 01:07:20,270 [ERROR] LogOutputStream:75 - [STDERR_REDIRECT] 
2026-09-29 01:07:20,270 [ERROR] LogOutputStream:75 - [STDERR_REDIRECT] Sep 29, 2026 1:07:20 AM java.util.prefs.FileSystemPreferences syncWorld
2026-09-29 01:07:20,271 [ERROR] LogOutputStream:75 - [STDERR_REDIRECT] WARNING: Couldn't flush system prefs: java.util.prefs.BackingStoreException: Couldn't get file lock.
2026-09-29 01:07:20,271 [ERROR] LogOutputStream:75 - [STDERR_REDIRECT] 
2026-09-29 01:07:50,269 [ERROR] LogOutputStream:75 - [STDERR_REDIRECT] Sep 29, 2026 1:07:50 AM java.util.prefs.FileSystemPreferences checkLockFile0ErrorCode
2026-09-29 01:07:50,269 [ERROR] LogOutputStream:75 - [STDERR_REDIRECT] WARNING: Could not lock System prefs. Unix error code 5.
2026-09-29 01:07:50,269 [ERROR] LogOutputStream:75 - [STDERR_REDIRECT] 
2026-09-29 01:07:50,270 [ERROR] LogOutputStream:75 - [STDERR_REDIRECT] Sep 29, 2026 1:07:50 AM java.util.prefs.FileSystemPreferences syncWorld
2026-09-29 01:07:50,270 [ERROR] LogOutputStream:75 - [STDERR_REDIRECT] WARNING: Couldn't flush system prefs: java.util.prefs.BackingStoreException: Couldn't get file lock.
2026-09-29 01:07:50,270 [ERROR] LogOutputStream:75 - [STDERR_REDIRECT] 
2026-09-29 01:08:20,273 [ERROR] LogOutputStream:75 - [STDERR_REDIRECT] Sep 29, 2026 1:08:20 AM java.util.prefs.FileSystemPreferences checkLockFile0ErrorCode
2026-09-29 01:08:20,274 [ERROR] LogOutputStream:75 - [STDERR_REDIRECT] WARNING: Could not lock System prefs. Unix error code 5.
2026-09-29 01:08:20,274 [ERROR] LogOutputStream:75 - [STDERR_REDIRECT] 
2026-09-29 01:08:20,274 [ERROR] LogOutputStream:75 - [STDERR_REDIRECT] Sep 29, 2026 1:08:20 AM java.util.prefs.FileSystemPreferences syncWorld
2026-09-29 01:08:20,274 [ERROR] LogOutputStream:75 - [STDERR_REDIRECT] WARNING: Couldn't flush system prefs: java.util.prefs.BackingStoreException: Couldn't get file lock.
2026-09-29 01:08:20,274 [ERROR] LogOutputStream:75 - [STDERR_REDIRECT] 
2026-09-29 01:08:50,270 [ERROR] LogOutputStream:75 - [STDERR_REDIRECT] Sep 29, 2026 1:08:50 AM java.util.prefs.FileSystemPreferences checkLockFile0ErrorCode
2026-09-29 01:08:50,270 [ERROR] LogOutputStream:75 - [STDERR_REDIRECT] WARNING: Could not lock System prefs. Unix error code 5.
2026-09-29 01:08:50,270 [ERROR] LogOutputStream:75 - [STDERR_REDIRECT] 
2026-09-29 01:08:50,270 [ERROR] LogOutputStream:75 - [STDERR_REDIRECT] Sep 29, 2026 1:08:50 AM java.util.prefs.FileSystemPreferences syncWorld
2026-09-29 01:08:50,270 [ERROR] LogOutputStream:75 - [STDERR_REDIRECT] WARNING: Couldn't flush system prefs: java.util.prefs.BackingStoreException: Couldn't get file lock.
2026-09-29 01:08:50,270 [ERROR] LogOutputStream:75 - [STDERR_REDIRECT] 
2026-09-29 01:09:20,270 [ERROR] LogOutputStream:75 - [STDERR_REDIRECT] Sep 29, 2026 1:09:20 AM java.util.prefs.FileSystemPreferences checkLockFile0ErrorCode
2026-09-29 01:09:20,273 [ERROR] LogOutputStream:75 - [STDERR_REDIRECT] WARNING: Could not lock System prefs. Unix error code 5.
2026-09-29 01:09:20,274 [ERROR] LogOutputStream:75 - [STDERR_REDIRECT] 
2026-09-29 01:09:20,275 [ERROR] LogOutputStream:75 - [STDERR_REDIRECT] Sep 29, 2026 1:09:20 AM java.util.prefs.FileSystemPreferences syncWorld
2026-09-29 01:09:20,275 [ERROR] LogOutputStream:75 - [STDERR_REDIRECT] WARNING: Couldn't flush system prefs: java.util.prefs.BackingStoreException: Couldn't get file lock.
2026-09-29 01:09:20,275 [ERROR] LogOutputStream:75 - [STDERR_REDIRECT] 
2026-09-29 01:09:50,270 [ERROR] LogOutputStream:75 - [STDERR_REDIRECT] Sep 29, 2026 1:09:50 AM java.util.prefs.FileSystemPreferences checkLockFile0ErrorCode
2026-09-29 01:09:50,272 [ERROR] LogOutputStream:75 - [STDERR_REDIRECT] WARNING: Could not lock System prefs. Unix error code 5.
2026-09-29 01:09:50,272 [ERROR] LogOutputStream:75 - [STDERR_REDIRECT] 
2026-09-29 01:09:50,272 [ERROR] LogOutputStream:75 - [STDERR_REDIRECT] Sep 29, 2026 1:09:50 AM java.util.prefs.FileSystemPreferences syncWorld
2026-09-29 01:09:50,272 [ERROR] LogOutputStream:75 - [STDERR_REDIRECT] WARNING: Couldn't flush system prefs: java.util.prefs.BackingStoreException: Couldn't get file lock.
2026-09-29 01:09:50,272 [ERROR] LogOutputStream:75 - [STDERR_REDIRECT] 
2026-09-29 01:10:20,271 [ERROR] LogOutputStream:75 - [STDERR_REDIRECT] Sep 29, 2026 1:10:20 AM java.util.prefs.FileSystemPreferences checkLockFile0ErrorCode
2026-09-29 01:10:20,271 [ERROR] LogOutputStream:75 - [STDERR_REDIRECT] WARNING: Could not lock System prefs. Unix error code 5.
2026-09-29 01:10:20,271 [ERROR] LogOutputStream:75 - [STDERR_REDIRECT] 
2026-09-29 01:10:20,271 [ERROR] LogOutputStream:75 - [STDERR_REDIRECT] Sep 29, 2026 1:10:20 AM java.util.prefs.FileSystemPreferences syncWorld
2026-09-29 01:10:20,271 [ERROR] LogOutputStream:75 - [STDERR_REDIRECT] WARNING: Couldn't flush system prefs: java.util.prefs.BackingStoreException: Couldn't get file lock.
2026-09-29 01:10:20,271 [ERROR] LogOutputStream:75 - [STDERR_REDIRECT] 
2026-09-29 01:10:50,273 [ERROR] LogOutputStream:75 - [STDERR_REDIRECT] Sep 29, 2026 1:10:50 AM java.util.prefs.FileSystemPreferences checkLockFile0ErrorCode
2026-09-29 01:10:50,274 [ERROR] LogOutputStream:75 - [STDERR_REDIRECT] WARNING: Could not lock System prefs. Unix error code 5.
2026-09-29 01:10:50,290 [ERROR] LogOutputStream:75 - [STDERR_REDIRECT] 
2026-09-29 01:10:50,291 [ERROR] LogOutputStream:75 - [STDERR_REDIRECT] Sep 29, 2026 1:10:50 AM java.util.prefs.FileSystemPreferences syncWorld
2026-09-29 01:10:50,291 [ERROR] LogOutputStream:75 - [STDERR_REDIRECT] WARNING: Couldn't flush system prefs: java.util.prefs.BackingStoreException: Couldn't get file lock.
2026-09-29 01:10:50,291 [ERROR] LogOutputStream:75 - [STDERR_REDIRECT] 
2026-09-29 01:11:20,272 [ERROR] LogOutputStream:75 - [STDERR_REDIRECT] Sep 29, 2026 1:11:20 AM java.util.prefs.FileSystemPreferences checkLockFile0ErrorCode
2026-09-29 01:11:20,272 [ERROR] LogOutputStream:75 - [STDERR_REDIRECT] WARNING: Could not lock System prefs. Unix error code 5.
2026-09-29 01:11:20,272 [ERROR] LogOutputStream:75 - [STDERR_REDIRECT] 
2026-09-29 01:11:20,272 [ERROR] LogOutputStream:75 - [STDERR_REDIRECT] Sep 29, 2026 1:11:20 AM java.util.prefs.FileSystemPreferences syncWorld
2026-09-29 01:11:20,272 [ERROR] LogOutputStream:75 - [STDERR_REDIRECT] WARNING: Couldn't flush system prefs: java.util.prefs.BackingStoreException: Couldn't get file lock.
2026-09-29 01:11:20,272 [ERROR] LogOutputStream:75 - [STDERR_REDIRECT] 
2026-09-29 01:11:50,272 [ERROR] LogOutputStream:75 - [STDERR_REDIRECT] Sep 29, 2026 1:11:50 AM java.util.prefs.FileSystemPreferences checkLockFile0ErrorCode
2026-09-29 01:11:50,272 [ERROR] LogOutputStream:75 - [STDERR_REDIRECT] WARNING: Could not lock System prefs. Unix error code 5.
2026-09-29 01:11:50,272 [ERROR] LogOutputStream:75 - [STDERR_REDIRECT] 
2026-09-29 01:11:50,272 [ERROR] LogOutputStream:75 - [STDERR_REDIRECT] Sep 29, 2026 1:11:50 AM java.util.prefs.FileSystemPreferences syncWorld
2026-09-29 01:11:50,272 [ERROR] LogOutputStream:75 - [STDERR_REDIRECT] WARNING: Couldn't flush system prefs: java.util.prefs.BackingStoreException: Couldn't get file lock.
2026-09-29 01:11:50,272 [ERROR] LogOutputStream:75 - [STDERR_REDIRECT] 
2026-09-29 01:12:20,275 [ERROR] LogOutputStream:75 - [STDERR_REDIRECT] Sep 29, 2026 1:12:20 AM java.util.prefs.FileSystemPreferences checkLockFile0ErrorCode
2026-09-29 01:12:20,275 [ERROR] LogOutputStream:75 - [STDERR_REDIRECT] WARNING: Could not lock System prefs. Unix error code 5.
2026-09-29 01:12:20,275 [ERROR] LogOutputStream:75 - [STDERR_REDIRECT] 
2026-09-29 01:12:20,276 [ERROR] LogOutputStream:75 - [STDERR_REDIRECT] Sep 29, 2026 1:12:20 AM java.util.prefs.FileSystemPreferences syncWorld
2026-09-29 01:12:20,276 [ERROR] LogOutputStream:75 - [STDERR_REDIRECT] WARNING: Couldn't flush system prefs: java.util.prefs.BackingStoreException: Couldn't get file lock.
2026-09-29 01:12:20,276 [ERROR] LogOutputStream:75 - [STDERR_REDIRECT] 
2026-09-29 01:12:50,275 [ERROR] LogOutputStream:75 - [STDERR_REDIRECT] Sep 29, 2026 1:12:50 AM java.util.prefs.FileSystemPreferences checkLockFile0ErrorCode
2026-09-29 01:12:50,275 [ERROR] LogOutputStream:75 - [STDERR_REDIRECT] WARNING: Could not lock System prefs. Unix error code 5.
2026-09-29 01:12:50,275 [ERROR] LogOutputStream:75 - [STDERR_REDIRECT] 
2026-09-29 01:12:50,292 [ERROR] LogOutputStream:75 - [STDERR_REDIRECT] Sep 29, 2026 1:12:50 AM java.util.prefs.FileSystemPreferences syncWorld
2026-09-29 01:12:50,292 [ERROR] LogOutputStream:75 - [STDERR_REDIRECT] WARNING: Couldn't flush system prefs: java.util.prefs.BackingStoreException: Couldn't get file lock.
2026-09-29 01:12:50,292 [ERROR] LogOutputStream:75 - [STDERR_REDIRECT] 
2026-09-29 01:13:20,275 [ERROR] LogOutputStream:75 - [STDERR_REDIRECT] Sep 29, 2026 1:13:20 AM java.util.prefs.FileSystemPreferences checkLockFile0ErrorCode
2026-09-29 01:13:20,275 [ERROR] LogOutputStream:75 - [STDERR_REDIRECT] WARNING: Could not lock System prefs. Unix error code 5.
2026-09-29 01:13:20,275 [ERROR] LogOutputStream:75 - [STDERR_REDIRECT] 
2026-09-29 01:13:20,275 [ERROR] LogOutputStream:75 - [STDERR_REDIRECT] Sep 29, 2026 1:13:20 AM java.util.prefs.FileSystemPreferences syncWorld
2026-09-29 01:13:20,275 [ERROR] LogOutputStream:75 - [STDERR_REDIRECT] WARNING: Couldn't flush system prefs: java.util.prefs.BackingStoreException: Couldn't get file lock.
2026-09-29 01:13:20,275 [ERROR] LogOutputStream:75 - [STDERR_REDIRECT] 
2026-09-29 01:13:50,292 [ERROR] LogOutputStream:75 - [STDERR_REDIRECT] Sep 29, 2026 1:13:50 AM java.util.prefs.FileSystemPreferences checkLockFile0ErrorCode
2026-09-29 01:13:50,295 [ERROR] LogOutputStream:75 - [STDERR_REDIRECT] WARNING: Could not lock System prefs. Unix error code 5.
2026-09-29 01:13:50,295 [ERROR] LogOutputStream:75 - [STDERR_REDIRECT] 
2026-09-29 01:13:50,295 [ERROR] LogOutputStream:75 - [STDERR_REDIRECT] Sep 29, 2026 1:13:50 AM java.util.prefs.FileSystemPreferences syncWorld
2026-09-29 01:13:50,295 [ERROR] LogOutputStream:75 - [STDERR_REDIRECT] WARNING: Couldn't flush system prefs: java.util.prefs.BackingStoreException: Couldn't get file lock.
2026-09-29 01:13:50,296 [ERROR] LogOutputStream:75 - [STDERR_REDIRECT] 
2026-09-29 01:14:20,274 [ERROR] LogOutputStream:75 - [STDERR_REDIRECT] Sep 29, 2026 1:14:20 AM java.util.prefs.FileSystemPreferences checkLockFile0ErrorCode
2026-09-29 01:14:20,274 [ERROR] LogOutputStream:75 - [STDERR_REDIRECT] WARNING: Could not lock System prefs. Unix error code 5.
2026-09-29 01:14:20,274 [ERROR] LogOutputStream:75 - [STDERR_REDIRECT] 
2026-09-29 01:14:20,275 [ERROR] LogOutputStream:75 - [STDERR_REDIRECT] Sep 29, 2026 1:14:20 AM java.util.prefs.FileSystemPreferences syncWorld
2026-09-29 01:14:20,275 [ERROR] LogOutputStream:75 - [STDERR_REDIRECT] WARNING: Couldn't flush system prefs: java.util.prefs.BackingStoreException: Couldn't get file lock.
2026-09-29 01:14:20,275 [ERROR] LogOutputStream:75 - [STDERR_REDIRECT] 
2026-09-29 01:14:50,275 [ERROR] LogOutputStream:75 - [STDERR_REDIRECT] Sep 29, 2026 1:14:50 AM java.util.prefs.FileSystemPreferences checkLockFile0ErrorCode
2026-09-29 01:14:50,275 [ERROR] LogOutputStream:75 - [STDERR_REDIRECT] WARNING: Could not lock System prefs. Unix error code 5.
2026-09-29 01:14:50,275 [ERROR] LogOutputStream:75 - [STDERR_REDIRECT] 
2026-09-29 01:14:50,275 [ERROR] LogOutputStream:75 - [STDERR_REDIRECT] Sep 29, 2026 1:14:50 AM java.util.prefs.FileSystemPreferences syncWorld
2026-09-29 01:14:50,276 [ERROR] LogOutputStream:75 - [STDERR_REDIRECT] WARNING: Couldn't flush system prefs: java.util.prefs.BackingStoreException: Couldn't get file lock.
2026-09-29 01:14:50,276 [ERROR] LogOutputStream:75 - [STDERR_REDIRECT] 
2026-09-29 01:15:20,275 [ERROR] LogOutputStream:75 - [STDERR_REDIRECT] Sep 29, 2026 1:15:20 AM java.util.prefs.FileSystemPreferences checkLockFile0ErrorCode
2026-09-29 01:15:20,276 [ERROR] LogOutputStream:75 - [STDERR_REDIRECT] WARNING: Could not lock System prefs. Unix error code 5.
2026-09-29 01:15:20,276 [ERROR] LogOutputStream:75 - [STDERR_REDIRECT] 
2026-09-29 01:15:20,277 [ERROR] LogOutputStream:75 - [STDERR_REDIRECT] Sep 29, 2026 1:15:20 AM java.util.prefs.FileSystemPreferences syncWorld
2026-09-29 01:15:20,277 [ERROR] LogOutputStream:75 - [STDERR_REDIRECT] WARNING: Couldn't flush system prefs: java.util.prefs.BackingStoreException: Couldn't get file lock.
2026-09-29 01:15:20,277 [ERROR] LogOutputStream:75 - [STDERR_REDIRECT] 
2026-09-29 01:15:50,277 [ERROR] LogOutputStream:75 - [STDERR_REDIRECT] Sep 29, 2026 1:15:50 AM java.util.prefs.FileSystemPreferences checkLockFile0ErrorCode
2026-09-29 01:15:50,277 [ERROR] LogOutputStream:75 - [STDERR_REDIRECT] WARNING: Could not lock System prefs. Unix error code 5.
2026-09-29 01:15:50,277 [ERROR] LogOutputStream:75 - [STDERR_REDIRECT] 
2026-09-29 01:15:50,278 [ERROR] LogOutputStream:75 - [STDERR_REDIRECT] Sep 29, 2026 1:15:50 AM java.util.prefs.FileSystemPreferences syncWorld
2026-09-29 01:15:50,278 [ERROR] LogOutputStream:75 - [STDERR_REDIRECT] WARNING: Couldn't flush system prefs: java.util.prefs.BackingStoreException: Couldn't get file lock.
2026-09-29 01:15:50,278 [ERROR] LogOutputStream:75 - [STDERR_REDIRECT] 
2026-09-29 01:16:20,275 [ERROR] LogOutputStream:75 - [STDERR_REDIRECT] Sep 29, 2026 1:16:20 AM java.util.prefs.FileSystemPreferences checkLockFile0ErrorCode
2026-09-29 01:16:20,275 [ERROR] LogOutputStream:75 - [STDERR_REDIRECT] WARNING: Could not lock System prefs. Unix error code 5.
2026-09-29 01:16:20,275 [ERROR] LogOutputStream:75 - [STDERR_REDIRECT] 
2026-09-29 01:16:20,275 [ERROR] LogOutputStream:75 - [STDERR_REDIRECT] Sep 29, 2026 1:16:20 AM java.util.prefs.FileSystemPreferences syncWorld
2026-09-29 01:16:20,275 [ERROR] LogOutputStream:75 - [STDERR_REDIRECT] WARNING: Couldn't flush system prefs: java.util.prefs.BackingStoreException: Couldn't get file lock.
2026-09-29 01:16:20,275 [ERROR] LogOutputStream:75 - [STDERR_REDIRECT] 
2026-09-29 01:16:50,276 [ERROR] LogOutputStream:75 - [STDERR_REDIRECT] Sep 29, 2026 1:16:50 AM java.util.prefs.FileSystemPreferences checkLockFile0ErrorCode
2026-09-29 01:16:50,276 [ERROR] LogOutputStream:75 - [STDERR_REDIRECT] WARNING: Could not lock System prefs. Unix error code 5.
2026-09-29 01:16:50,276 [ERROR] LogOutputStream:75 - [STDERR_REDIRECT] 
2026-09-29 01:16:50,277 [ERROR] LogOutputStream:75 - [STDERR_REDIRECT] Sep 29, 2026 1:16:50 AM java.util.prefs.FileSystemPreferences syncWorld
2026-09-29 01:16:50,277 [ERROR] LogOutputStream:75 - [STDERR_REDIRECT] WARNING: Couldn't flush system prefs: java.util.prefs.BackingStoreException: Couldn't get file lock.
2026-09-29 01:16:50,277 [ERROR] LogOutputStream:75 - [STDERR_REDIRECT] 
2026-09-29 01:17:20,276 [ERROR] LogOutputStream:75 - [STDERR_REDIRECT] Sep 29, 2026 1:17:20 AM java.util.prefs.FileSystemPreferences checkLockFile0ErrorCode
2026-09-29 01:17:20,276 [ERROR] LogOutputStream:75 - [STDERR_REDIRECT] WARNING: Could not lock System prefs. Unix error code 5.
2026-09-29 01:17:20,276 [ERROR] LogOutputStream:75 - [STDERR_REDIRECT] 
2026-09-29 01:17:20,276 [ERROR] LogOutputStream:75 - [STDERR_REDIRECT] Sep 29, 2026 1:17:20 AM java.util.prefs.FileSystemPreferences syncWorld
2026-09-29 01:17:20,276 [ERROR] LogOutputStream:75 - [STDERR_REDIRECT] WARNING: Couldn't flush system prefs: java.util.prefs.BackingStoreException: Couldn't get file lock.
2026-09-29 01:17:20,276 [ERROR] LogOutputStream:75 - [STDERR_REDIRECT] 
2026-09-29 01:17:50,276 [ERROR] LogOutputStream:75 - [STDERR_REDIRECT] Sep 29, 2026 1:17:50 AM java.util.prefs.FileSystemPreferences checkLockFile0ErrorCode
2026-09-29 01:17:50,276 [ERROR] LogOutputStream:75 - [STDERR_REDIRECT] WARNING: Could not lock System prefs. Unix error code 5.
2026-09-29 01:17:50,276 [ERROR] LogOutputStream:75 - [STDERR_REDIRECT] 
2026-09-29 01:17:50,276 [ERROR] LogOutputStream:75 - [STDERR_REDIRECT] Sep 29, 2026 1:17:50 AM java.util.prefs.FileSystemPreferences syncWorld
2026-09-29 01:17:50,277 [ERROR] LogOutputStream:75 - [STDERR_REDIRECT] WARNING: Couldn't flush system prefs: java.util.prefs.BackingStoreException: Couldn't get file lock.
2026-09-29 01:17:50,277 [ERROR] LogOutputStream:75 - [STDERR_REDIRECT] 
2026-09-29 01:18:20,276 [ERROR] LogOutputStream:75 - [STDERR_REDIRECT] Sep 29, 2026 1:18:20 AM java.util.prefs.FileSystemPreferences checkLockFile0ErrorCode
2026-09-29 01:18:20,294 [ERROR] LogOutputStream:75 - [STDERR_REDIRECT] WARNING: Could not lock System prefs. Unix error code 5.
2026-09-29 01:18:20,294 [ERROR] LogOutputStream:75 - [STDERR_REDIRECT] 
2026-09-29 01:18:20,294 [ERROR] LogOutputStream:75 - [STDERR_REDIRECT] Sep 29, 2026 1:18:20 AM java.util.prefs.FileSystemPreferences syncWorld
2026-09-29 01:18:20,294 [ERROR] LogOutputStream:75 - [STDERR_REDIRECT] WARNING: Couldn't flush system prefs: java.util.prefs.BackingStoreException: Couldn't get file lock.
2026-09-29 01:18:20,295 [ERROR] LogOutputStream:75 - [STDERR_REDIRECT] 
2026-09-29 01:18:50,276 [ERROR] LogOutputStream:75 - [STDERR_REDIRECT] Sep 29, 2026 1:18:50 AM java.util.prefs.FileSystemPreferences checkLockFile0ErrorCode
2026-09-29 01:18:50,276 [ERROR] LogOutputStream:75 - [STDERR_REDIRECT] WARNING: Could not lock System prefs. Unix error code 5.
2026-09-29 01:18:50,276 [ERROR] LogOutputStream:75 - [STDERR_REDIRECT] 
2026-09-29 01:18:50,277 [ERROR] LogOutputStream:75 - [STDERR_REDIRECT] Sep 29, 2026 1:18:50 AM java.util.prefs.FileSystemPreferences syncWorld
2026-09-29 01:18:50,277 [ERROR] LogOutputStream:75 - [STDERR_REDIRECT] WARNING: Couldn't flush system prefs: java.util.prefs.BackingStoreException: Couldn't get file lock.
2026-09-29 01:18:50,277 [ERROR] LogOutputStream:75 - [STDERR_REDIRECT] 
2026-09-29 01:19:20,279 [ERROR] LogOutputStream:75 - [STDERR_REDIRECT] Sep 29, 2026 1:19:20 AM java.util.prefs.FileSystemPreferences checkLockFile0ErrorCode
2026-09-29 01:19:20,280 [ERROR] LogOutputStream:75 - [STDERR_REDIRECT] WARNING: Could not lock System prefs. Unix error code 5.
2026-09-29 01:19:20,280 [ERROR] LogOutputStream:75 - [STDERR_REDIRECT] 
2026-09-29 01:19:20,280 [ERROR] LogOutputStream:75 - [STDERR_REDIRECT] Sep 29, 2026 1:19:20 AM java.util.prefs.FileSystemPreferences syncWorld
2026-09-29 01:19:20,280 [ERROR] LogOutputStream:75 - [STDERR_REDIRECT] WARNING: Couldn't flush system prefs: java.util.prefs.BackingStoreException: Couldn't get file lock.
2026-09-29 01:19:20,280 [ERROR] LogOutputStream:75 - [STDERR_REDIRECT] 
2026-09-29 01:19:50,279 [ERROR] LogOutputStream:75 - [STDERR_REDIRECT] Sep 29, 2026 1:19:50 AM java.util.prefs.FileSystemPreferences checkLockFile0ErrorCode
2026-09-29 01:19:50,280 [ERROR] LogOutputStream:75 - [STDERR_REDIRECT] WARNING: Could not lock System prefs. Unix error code 5.
2026-09-29 01:19:50,280 [ERROR] LogOutputStream:75 - [STDERR_REDIRECT] 
2026-09-29 01:19:50,280 [ERROR] LogOutputStream:75 - [STDERR_REDIRECT] Sep 29, 2026 1:19:50 AM java.util.prefs.FileSystemPreferences syncWorld
2026-09-29 01:19:50,280 [ERROR] LogOutputStream:75 - [STDERR_REDIRECT] WARNING: Couldn't flush system prefs: java.util.prefs.BackingStoreException: Couldn't get file lock.
2026-09-29 01:19:50,280 [ERROR] LogOutputStream:75 - [STDERR_REDIRECT] 
2026-09-29 01:20:20,284 [ERROR] LogOutputStream:75 - [STDERR_REDIRECT] Sep 29, 2026 1:20:20 AM java.util.prefs.FileSystemPreferences checkLockFile0ErrorCode
2026-09-29 01:20:20,284 [ERROR] LogOutputStream:75 - [STDERR_REDIRECT] WARNING: Could not lock System prefs. Unix error code 5.
2026-09-29 01:20:20,284 [ERROR] LogOutputStream:75 - [STDERR_REDIRECT] 
2026-09-29 01:20:20,284 [ERROR] LogOutputStream:75 - [STDERR_REDIRECT] Sep 29, 2026 1:20:20 AM java.util.prefs.FileSystemPreferences syncWorld
2026-09-29 01:20:20,284 [ERROR] LogOutputStream:75 - [STDERR_REDIRECT] WARNING: Couldn't flush system prefs: java.util.prefs.BackingStoreException: Couldn't get file lock.
2026-09-29 01:20:20,284 [ERROR] LogOutputStream:75 - [STDERR_REDIRECT] 
2026-09-29 01:20:50,283 [ERROR] LogOutputStream:75 - [STDERR_REDIRECT] Sep 29, 2026 1:20:50 AM java.util.prefs.FileSystemPreferences checkLockFile0ErrorCode
2026-09-29 01:20:50,284 [ERROR] LogOutputStream:75 - [STDERR_REDIRECT] WARNING: Could not lock System prefs. Unix error code 5.
2026-09-29 01:20:50,284 [ERROR] LogOutputStream:75 - [STDERR_REDIRECT] 
2026-09-29 01:20:50,284 [ERROR] LogOutputStream:75 - [STDERR_REDIRECT] Sep 29, 2026 1:20:50 AM java.util.prefs.FileSystemPreferences syncWorld
2026-09-29 01:20:50,284 [ERROR] LogOutputStream:75 - [STDERR_REDIRECT] WARNING: Couldn't flush system prefs: java.util.prefs.BackingStoreException: Couldn't get file lock.
2026-09-29 01:20:50,284 [ERROR] LogOutputStream:75 - [STDERR_REDIRECT] 
2026-09-29 01:21:20,301 [ERROR] LogOutputStream:75 - [STDERR_REDIRECT] Sep 29, 2026 1:21:20 AM java.util.prefs.FileSystemPreferences checkLockFile0ErrorCode
2026-09-29 01:21:20,301 [ERROR] LogOutputStream:75 - [STDERR_REDIRECT] WARNING: Could not lock System prefs. Unix error code 5.
2026-09-29 01:21:20,302 [ERROR] LogOutputStream:75 - [STDERR_REDIRECT] 
2026-09-29 01:21:20,302 [ERROR] LogOutputStream:75 - [STDERR_REDIRECT] Sep 29, 2026 1:21:20 AM java.util.prefs.FileSystemPreferences syncWorld
2026-09-29 01:21:20,302 [ERROR] LogOutputStream:75 - [STDERR_REDIRECT] WARNING: Couldn't flush system prefs: java.util.prefs.BackingStoreException: Couldn't get file lock.
2026-09-29 01:21:20,302 [ERROR] LogOutputStream:75 - [STDERR_REDIRECT] 
2026-09-29 01:21:50,286 [ERROR] LogOutputStream:75 - [STDERR_REDIRECT] Sep 29, 2026 1:21:50 AM java.util.prefs.FileSystemPreferences checkLockFile0ErrorCode
2026-09-29 01:21:50,286 [ERROR] LogOutputStream:75 - [STDERR_REDIRECT] WARNING: Could not lock System prefs. Unix error code 5.
2026-09-29 01:21:50,286 [ERROR] LogOutputStream:75 - [STDERR_REDIRECT] 
2026-09-29 01:21:50,286 [ERROR] LogOutputStream:75 - [STDERR_REDIRECT] Sep 29, 2026 1:21:50 AM java.util.prefs.FileSystemPreferences syncWorld
2026-09-29 01:21:50,287 [ERROR] LogOutputStream:75 - [STDERR_REDIRECT] WARNING: Couldn't flush system prefs: java.util.prefs.BackingStoreException: Couldn't get file lock.
2026-09-29 01:21:50,287 [ERROR] LogOutputStream:75 - [STDERR_REDIRECT] 
2026-09-29 01:22:20,286 [ERROR] LogOutputStream:75 - [STDERR_REDIRECT] Sep 29, 2026 1:22:20 AM java.util.prefs.FileSystemPreferences checkLockFile0ErrorCode
2026-09-29 01:22:20,286 [ERROR] LogOutputStream:75 - [STDERR_REDIRECT] WARNING: Could not lock System prefs. Unix error code 5.
2026-09-29 01:22:20,286 [ERROR] LogOutputStream:75 - [STDERR_REDIRECT] 
2026-09-29 01:22:20,286 [ERROR] LogOutputStream:75 - [STDERR_REDIRECT] Sep 29, 2026 1:22:20 AM java.util.prefs.FileSystemPreferences syncWorld
2026-09-29 01:22:20,286 [ERROR] LogOutputStream:75 - [STDERR_REDIRECT] WARNING: Couldn't flush system prefs: java.util.prefs.BackingStoreException: Couldn't get file lock.
2026-09-29 01:22:20,287 [ERROR] LogOutputStream:75 - [STDERR_REDIRECT] 
2026-09-29 01:22:50,285 [ERROR] LogOutputStream:75 - [STDERR_REDIRECT] Sep 29, 2026 1:22:50 AM java.util.prefs.FileSystemPreferences checkLockFile0ErrorCode
2026-09-29 01:22:50,286 [ERROR] LogOutputStream:75 - [STDERR_REDIRECT] WARNING: Could not lock System prefs. Unix error code 5.
2026-09-29 01:22:50,286 [ERROR] LogOutputStream:75 - [STDERR_REDIRECT] 
2026-09-29 01:22:50,286 [ERROR] LogOutputStream:75 - [STDERR_REDIRECT] Sep 29, 2026 1:22:50 AM java.util.prefs.FileSystemPreferences syncWorld
2026-09-29 01:22:50,286 [ERROR] LogOutputStream:75 - [STDERR_REDIRECT] WARNING: Couldn't flush system prefs: java.util.prefs.BackingStoreException: Couldn't get file lock.
2026-09-29 01:22:50,286 [ERROR] LogOutputStream:75 - [STDERR_REDIRECT] 
2026-09-29 01:23:20,287 [ERROR] LogOutputStream:75 - [STDERR_REDIRECT] Sep 29, 2026 1:23:20 AM java.util.prefs.FileSystemPreferences checkLockFile0ErrorCode
2026-09-29 01:23:20,287 [ERROR] LogOutputStream:75 - [STDERR_REDIRECT] WARNING: Could not lock System prefs. Unix error code 5.
2026-09-29 01:23:20,287 [ERROR] LogOutputStream:75 - [STDERR_REDIRECT] 
2026-09-29 01:23:20,287 [ERROR] LogOutputStream:75 - [STDERR_REDIRECT] Sep 29, 2026 1:23:20 AM java.util.prefs.FileSystemPreferences syncWorld
2026-09-29 01:23:20,287 [ERROR] LogOutputStream:75 - [STDERR_REDIRECT] WARNING: Couldn't flush system prefs: java.util.prefs.BackingStoreException: Couldn't get file lock.
2026-09-29 01:23:20,288 [ERROR] LogOutputStream:75 - [STDERR_REDIRECT] 
2026-09-29 01:23:50,302 [ERROR] LogOutputStream:75 - [STDERR_REDIRECT] Sep 29, 2026 1:23:50 AM java.util.prefs.FileSystemPreferences checkLockFile0ErrorCode
2026-09-29 01:23:50,303 [ERROR] LogOutputStream:75 - [STDERR_REDIRECT] WARNING: Could not lock System prefs. Unix error code 5.
2026-09-29 01:23:50,303 [ERROR] LogOutputStream:75 - [STDERR_REDIRECT] 
2026-09-29 01:23:50,304 [ERROR] LogOutputStream:75 - [STDERR_REDIRECT] Sep 29, 2026 1:23:50 AM java.util.prefs.FileSystemPreferences syncWorld
2026-09-29 01:23:50,305 [ERROR] LogOutputStream:75 - [STDERR_REDIRECT] WARNING: Couldn't flush system prefs: java.util.prefs.BackingStoreException: Couldn't get file lock.
2026-09-29 01:23:50,306 [ERROR] LogOutputStream:75 - [STDERR_REDIRECT] 
2026-09-29 01:24:20,286 [ERROR] LogOutputStream:75 - [STDERR_REDIRECT] Sep 29, 2026 1:24:20 AM java.util.prefs.FileSystemPreferences checkLockFile0ErrorCode
2026-09-29 01:24:20,286 [ERROR] LogOutputStream:75 - [STDERR_REDIRECT] WARNING: Could not lock System prefs. Unix error code 5.
2026-09-29 01:24:20,286 [ERROR] LogOutputStream:75 - [STDERR_REDIRECT] 
2026-09-29 01:24:20,286 [ERROR] LogOutputStream:75 - [STDERR_REDIRECT] Sep 29, 2026 1:24:20 AM java.util.prefs.FileSystemPreferences syncWorld
2026-09-29 01:24:20,286 [ERROR] LogOutputStream:75 - [STDERR_REDIRECT] WARNING: Couldn't flush system prefs: java.util.prefs.BackingStoreException: Couldn't get file lock.
2026-09-29 01:24:20,286 [ERROR] LogOutputStream:75 - [STDERR_REDIRECT] 
2026-09-29 01:24:50,286 [ERROR] LogOutputStream:75 - [STDERR_REDIRECT] Sep 29, 2026 1:24:50 AM java.util.prefs.FileSystemPreferences checkLockFile0ErrorCode
2026-09-29 01:24:50,286 [ERROR] LogOutputStream:75 - [STDERR_REDIRECT] WARNING: Could not lock System prefs. Unix error code 5.
2026-09-29 01:24:50,286 [ERROR] LogOutputStream:75 - [STDERR_REDIRECT] 
2026-09-29 01:24:50,286 [ERROR] LogOutputStream:75 - [STDERR_REDIRECT] Sep 29, 2026 1:24:50 AM java.util.prefs.FileSystemPreferences syncWorld
2026-09-29 01:24:50,287 [ERROR] LogOutputStream:75 - [STDERR_REDIRECT] WARNING: Couldn't flush system prefs: java.util.prefs.BackingStoreException: Couldn't get file lock.
2026-09-29 01:24:50,287 [ERROR] LogOutputStream:75 - [STDERR_REDIRECT] 
2026-09-29 01:25:20,287 [ERROR] LogOutputStream:75 - [STDERR_REDIRECT] Sep 29, 2026 1:25:20 AM java.util.prefs.FileSystemPreferences checkLockFile0ErrorCode
2026-09-29 01:25:20,287 [ERROR] LogOutputStream:75 - [STDERR_REDIRECT] WARNING: Could not lock System prefs. Unix error code 5.
2026-09-29 01:25:20,287 [ERROR] LogOutputStream:75 - [STDERR_REDIRECT] 
2026-09-29 01:25:20,288 [ERROR] LogOutputStream:75 - [STDERR_REDIRECT] Sep 29, 2026 1:25:20 AM java.util.prefs.FileSystemPreferences syncWorld
2026-09-29 01:25:20,288 [ERROR] LogOutputStream:75 - [STDERR_REDIRECT] WARNING: Couldn't flush system prefs: java.util.prefs.BackingStoreException: Couldn't get file lock.
2026-09-29 01:25:20,288 [ERROR] LogOutputStream:75 - [STDERR_REDIRECT] 
2026-09-29 01:25:50,285 [ERROR] LogOutputStream:75 - [STDERR_REDIRECT] Sep 29, 2026 1:25:50 AM java.util.prefs.FileSystemPreferences checkLockFile0ErrorCode
2026-09-29 01:25:50,286 [ERROR] LogOutputStream:75 - [STDERR_REDIRECT] WARNING: Could not lock System prefs. Unix error code 5.
2026-09-29 01:25:50,286 [ERROR] LogOutputStream:75 - [STDERR_REDIRECT] 
2026-09-29 01:25:50,286 [ERROR] LogOutputStream:75 - [STDERR_REDIRECT] Sep 29, 2026 1:25:50 AM java.util.prefs.FileSystemPreferences syncWorld
2026-09-29 01:25:50,286 [ERROR] LogOutputStream:75 - [STDERR_REDIRECT] WARNING: Couldn't flush system prefs: java.util.prefs.BackingStoreException: Couldn't get file lock.
2026-09-29 01:25:50,286 [ERROR] LogOutputStream:75 - [STDERR_REDIRECT] 
2026-09-29 01:26:20,287 [ERROR] LogOutputStream:75 - [STDERR_REDIRECT] Sep 29, 2026 1:26:20 AM java.util.prefs.FileSystemPreferences checkLockFile0ErrorCode
2026-09-29 01:26:20,288 [ERROR] LogOutputStream:75 - [STDERR_REDIRECT] WARNING: Could not lock System prefs. Unix error code 5.
2026-09-29 01:26:20,288 [ERROR] LogOutputStream:75 - [STDERR_REDIRECT] 
2026-09-29 01:26:20,288 [ERROR] LogOutputStream:75 - [STDERR_REDIRECT] Sep 29, 2026 1:26:20 AM java.util.prefs.FileSystemPreferences syncWorld
2026-09-29 01:26:20,288 [ERROR] LogOutputStream:75 - [STDERR_REDIRECT] WARNING: Couldn't flush system prefs: java.util.prefs.BackingStoreException: Couldn't get file lock.
2026-09-29 01:26:20,288 [ERROR] LogOutputStream:75 - [STDERR_REDIRECT] 
2026-09-29 01:26:50,293 [ERROR] LogOutputStream:75 - [STDERR_REDIRECT] Sep 29, 2026 1:26:50 AM java.util.prefs.FileSystemPreferences checkLockFile0ErrorCode
2026-09-29 01:26:50,293 [ERROR] LogOutputStream:75 - [STDERR_REDIRECT] WARNING: Could not lock System prefs. Unix error code 5.
2026-09-29 01:26:50,293 [ERROR] LogOutputStream:75 - [STDERR_REDIRECT] 
2026-09-29 01:26:50,293 [ERROR] LogOutputStream:75 - [STDERR_REDIRECT] Sep 29, 2026 1:26:50 AM java.util.prefs.FileSystemPreferences syncWorld
2026-09-29 01:26:50,293 [ERROR] LogOutputStream:75 - [STDERR_REDIRECT] WARNING: Couldn't flush system prefs: java.util.prefs.BackingStoreException: Couldn't get file lock.
2026-09-29 01:26:50,293 [ERROR] LogOutputStream:75 - [STDERR_REDIRECT] 
2026-09-29 01:27:20,289 [ERROR] LogOutputStream:75 - [STDERR_REDIRECT] Sep 29, 2026 1:27:20 AM java.util.prefs.FileSystemPreferences checkLockFile0ErrorCode
2026-09-29 01:27:20,290 [ERROR] LogOutputStream:75 - [STDERR_REDIRECT] WARNING: Could not lock System prefs. Unix error code 5.
2026-09-29 01:27:20,291 [ERROR] LogOutputStream:75 - [STDERR_REDIRECT] 
2026-09-29 01:27:20,292 [ERROR] LogOutputStream:75 - [STDERR_REDIRECT] Sep 29, 2026 1:27:20 AM java.util.prefs.FileSystemPreferences syncWorld
2026-09-29 01:27:20,292 [ERROR] LogOutputStream:75 - [STDERR_REDIRECT] WARNING: Couldn't flush system prefs: java.util.prefs.BackingStoreException: Couldn't get file lock.
2026-09-29 01:27:20,292 [ERROR] LogOutputStream:75 - [STDERR_REDIRECT] 
2026-09-29 01:27:50,288 [ERROR] LogOutputStream:75 - [STDERR_REDIRECT] Sep 29, 2026 1:27:50 AM java.util.prefs.FileSystemPreferences checkLockFile0ErrorCode
2026-09-29 01:27:50,288 [ERROR] LogOutputStream:75 - [STDERR_REDIRECT] WARNING: Could not lock System prefs. Unix error code 5.
2026-09-29 01:27:50,289 [ERROR] LogOutputStream:75 - [STDERR_REDIRECT] 
2026-09-29 01:27:50,289 [ERROR] LogOutputStream:75 - [STDERR_REDIRECT] Sep 29, 2026 1:27:50 AM java.util.prefs.FileSystemPreferences syncWorld
2026-09-29 01:27:50,289 [ERROR] LogOutputStream:75 - [STDERR_REDIRECT] WARNING: Couldn't flush system prefs: java.util.prefs.BackingStoreException: Couldn't get file lock.
2026-09-29 01:27:50,289 [ERROR] LogOutputStream:75 - [STDERR_REDIRECT] 
2026-09-29 01:28:20,289 [ERROR] LogOutputStream:75 - [STDERR_REDIRECT] Sep 29, 2026 1:28:20 AM java.util.prefs.FileSystemPreferences checkLockFile0ErrorCode
2026-09-29 01:28:20,290 [ERROR] LogOutputStream:75 - [STDERR_REDIRECT] WARNING: Could not lock System prefs. Unix error code 5.
2026-09-29 01:28:20,290 [ERROR] LogOutputStream:75 - [STDERR_REDIRECT] 
2026-09-29 01:28:20,290 [ERROR] LogOutputStream:75 - [STDERR_REDIRECT] Sep 29, 2026 1:28:20 AM java.util.prefs.FileSystemPreferences syncWorld
2026-09-29 01:28:20,290 [ERROR] LogOutputStream:75 - [STDERR_REDIRECT] WARNING: Couldn't flush system prefs: java.util.prefs.BackingStoreException: Couldn't get file lock.
2026-09-29 01:28:20,290 [ERROR] LogOutputStream:75 - [STDERR_REDIRECT] 
2026-09-29 01:28:50,289 [ERROR] LogOutputStream:75 - [STDERR_REDIRECT] Sep 29, 2026 1:28:50 AM java.util.prefs.FileSystemPreferences checkLockFile0ErrorCode
2026-09-29 01:28:50,289 [ERROR] LogOutputStream:75 - [STDERR_REDIRECT] WARNING: Could not lock System prefs. Unix error code 5.
2026-09-29 01:28:50,290 [ERROR] LogOutputStream:75 - [STDERR_REDIRECT] 
2026-09-29 01:28:50,290 [ERROR] LogOutputStream:75 - [STDERR_REDIRECT] Sep 29, 2026 1:28:50 AM java.util.prefs.FileSystemPreferences syncWorld
2026-09-29 01:28:50,290 [ERROR] LogOutputStream:75 - [STDERR_REDIRECT] WARNING: Couldn't flush system prefs: java.util.prefs.BackingStoreException: Couldn't get file lock.
2026-09-29 01:28:50,290 [ERROR] LogOutputStream:75 - [STDERR_REDIRECT] 
2026-09-29 01:29:20,290 [ERROR] LogOutputStream:75 - [STDERR_REDIRECT] Sep 29, 2026 1:29:20 AM java.util.prefs.FileSystemPreferences checkLockFile0ErrorCode
2026-09-29 01:29:20,290 [ERROR] LogOutputStream:75 - [STDERR_REDIRECT] WARNING: Could not lock System prefs. Unix error code 5.
2026-09-29 01:29:20,290 [ERROR] LogOutputStream:75 - [STDERR_REDIRECT] 
2026-09-29 01:29:20,291 [ERROR] LogOutputStream:75 - [STDERR_REDIRECT] Sep 29, 2026 1:29:20 AM java.util.prefs.FileSystemPreferences syncWorld
2026-09-29 01:29:20,291 [ERROR] LogOutputStream:75 - [STDERR_REDIRECT] WARNING: Couldn't flush system prefs: java.util.prefs.BackingStoreException: Couldn't get file lock.
2026-09-29 01:29:20,291 [ERROR] LogOutputStream:75 - [STDERR_REDIRECT] 
2026-09-29 01:29:50,293 [ERROR] LogOutputStream:75 - [STDERR_REDIRECT] Sep 29, 2026 1:29:50 AM java.util.prefs.FileSystemPreferences checkLockFile0ErrorCode
2026-09-29 01:29:50,293 [ERROR] LogOutputStream:75 - [STDERR_REDIRECT] WARNING: Could not lock System prefs. Unix error code 5.
2026-09-29 01:29:50,293 [ERROR] LogOutputStream:75 - [STDERR_REDIRECT] 
2026-09-29 01:29:50,294 [ERROR] LogOutputStream:75 - [STDERR_REDIRECT] Sep 29, 2026 1:29:50 AM java.util.prefs.FileSystemPreferences syncWorld
2026-09-29 01:29:50,294 [ERROR] LogOutputStream:75 - [STDERR_REDIRECT] WARNING: Couldn't flush system prefs: java.util.prefs.BackingStoreException: Couldn't get file lock.
2026-09-29 01:29:50,294 [ERROR] LogOutputStream:75 - [STDERR_REDIRECT] 
2026-09-29 01:30:20,291 [ERROR] LogOutputStream:75 - [STDERR_REDIRECT] Sep 29, 2026 1:30:20 AM java.util.prefs.FileSystemPreferences checkLockFile0ErrorCode
2026-09-29 01:30:20,291 [ERROR] LogOutputStream:75 - [STDERR_REDIRECT] WARNING: Could not lock System prefs. Unix error code 5.
2026-09-29 01:30:20,291 [ERROR] LogOutputStream:75 - [STDERR_REDIRECT] 
2026-09-29 01:30:20,291 [ERROR] LogOutputStream:75 - [STDERR_REDIRECT] Sep 29, 2026 1:30:20 AM java.util.prefs.FileSystemPreferences syncWorld
2026-09-29 01:30:20,291 [ERROR] LogOutputStream:75 - [STDERR_REDIRECT] WARNING: Couldn't flush system prefs: java.util.prefs.BackingStoreException: Couldn't get file lock.
2026-09-29 01:30:20,291 [ERROR] LogOutputStream:75 - [STDERR_REDIRECT] 
2026-09-29 01:30:50,289 [ERROR] LogOutputStream:75 - [STDERR_REDIRECT] Sep 29, 2026 1:30:50 AM java.util.prefs.FileSystemPreferences checkLockFile0ErrorCode
2026-09-29 01:30:50,289 [ERROR] LogOutputStream:75 - [STDERR_REDIRECT] WARNING: Could not lock System prefs. Unix error code 5.
2026-09-29 01:30:50,289 [ERROR] LogOutputStream:75 - [STDERR_REDIRECT] 
2026-09-29 01:30:50,289 [ERROR] LogOutputStream:75 - [STDERR_REDIRECT] Sep 29, 2026 1:30:50 AM java.util.prefs.FileSystemPreferences syncWorld
2026-09-29 01:30:50,289 [ERROR] LogOutputStream:75 - [STDERR_REDIRECT] WARNING: Couldn't flush system prefs: java.util.prefs.BackingStoreException: Couldn't get file lock.
2026-09-29 01:30:50,290 [ERROR] LogOutputStream:75 - [STDERR_REDIRECT] 
2026-09-29 01:31:20,289 [ERROR] LogOutputStream:75 - [STDERR_REDIRECT] Sep 29, 2026 1:31:20 AM java.util.prefs.FileSystemPreferences checkLockFile0ErrorCode
2026-09-29 01:31:20,289 [ERROR] LogOutputStream:75 - [STDERR_REDIRECT] WARNING: Could not lock System prefs. Unix error code 5.
2026-09-29 01:31:20,290 [ERROR] LogOutputStream:75 - [STDERR_REDIRECT] 
2026-09-29 01:31:20,290 [ERROR] LogOutputStream:75 - [STDERR_REDIRECT] Sep 29, 2026 1:31:20 AM java.util.prefs.FileSystemPreferences syncWorld
2026-09-29 01:31:20,290 [ERROR] LogOutputStream:75 - [STDERR_REDIRECT] WARNING: Couldn't flush system prefs: java.util.prefs.BackingStoreException: Couldn't get file lock.
2026-09-29 01:31:20,290 [ERROR] LogOutputStream:75 - [STDERR_REDIRECT] 
2026-09-29 01:31:50,290 [ERROR] LogOutputStream:75 - [STDERR_REDIRECT] Sep 29, 2026 1:31:50 AM java.util.prefs.FileSystemPreferences checkLockFile0ErrorCode
2026-09-29 01:31:50,290 [ERROR] LogOutputStream:75 - [STDERR_REDIRECT] WARNING: Could not lock System prefs. Unix error code 5.
2026-09-29 01:31:50,290 [ERROR] LogOutputStream:75 - [STDERR_REDIRECT] 
2026-09-29 01:31:50,290 [ERROR] LogOutputStream:75 - [STDERR_REDIRECT] Sep 29, 2026 1:31:50 AM java.util.prefs.FileSystemPreferences syncWorld
2026-09-29 01:31:50,290 [ERROR] LogOutputStream:75 - [STDERR_REDIRECT] WARNING: Couldn't flush system prefs: java.util.prefs.BackingStoreException: Couldn't get file lock.
2026-09-29 01:31:50,290 [ERROR] LogOutputStream:75 - [STDERR_REDIRECT] 
2026-09-29 01:32:20,290 [ERROR] LogOutputStream:75 - [STDERR_REDIRECT] Sep 29, 2026 1:32:20 AM java.util.prefs.FileSystemPreferences checkLockFile0ErrorCode
2026-09-29 01:32:20,290 [ERROR] LogOutputStream:75 - [STDERR_REDIRECT] WARNING: Could not lock System prefs. Unix error code 5.
2026-09-29 01:32:20,290 [ERROR] LogOutputStream:75 - [STDERR_REDIRECT] 
2026-09-29 01:32:20,291 [ERROR] LogOutputStream:75 - [STDERR_REDIRECT] Sep 29, 2026 1:32:20 AM java.util.prefs.FileSystemPreferences syncWorld
2026-09-29 01:32:20,291 [ERROR] LogOutputStream:75 - [STDERR_REDIRECT] WARNING: Couldn't flush system prefs: java.util.prefs.BackingStoreException: Couldn't get file lock.
2026-09-29 01:32:20,291 [ERROR] LogOutputStream:75 - [STDERR_REDIRECT] 
2026-09-29 01:32:50,289 [ERROR] LogOutputStream:75 - [STDERR_REDIRECT] Sep 29, 2026 1:32:50 AM java.util.prefs.FileSystemPreferences checkLockFile0ErrorCode
2026-09-29 01:32:50,290 [ERROR] LogOutputStream:75 - [STDERR_REDIRECT] WARNING: Could not lock System prefs. Unix error code 5.
2026-09-29 01:32:50,290 [ERROR] LogOutputStream:75 - [STDERR_REDIRECT] 
2026-09-29 01:32:50,290 [ERROR] LogOutputStream:75 - [STDERR_REDIRECT] Sep 29, 2026 1:32:50 AM java.util.prefs.FileSystemPreferences syncWorld
2026-09-29 01:32:50,290 [ERROR] LogOutputStream:75 - [STDERR_REDIRECT] WARNING: Couldn't flush system prefs: java.util.prefs.BackingStoreException: Couldn't get file lock.
2026-09-29 01:32:50,290 [ERROR] LogOutputStream:75 - [STDERR_REDIRECT] 
2026-09-29 01:33:20,290 [ERROR] LogOutputStream:75 - [STDERR_REDIRECT] Sep 29, 2026 1:33:20 AM java.util.prefs.FileSystemPreferences checkLockFile0ErrorCode
2026-09-29 01:33:20,290 [ERROR] LogOutputStream:75 - [STDERR_REDIRECT] WARNING: Could not lock System prefs. Unix error code 5.
2026-09-29 01:33:20,290 [ERROR] LogOutputStream:75 - [STDERR_REDIRECT] 
2026-09-29 01:33:20,290 [ERROR] LogOutputStream:75 - [STDERR_REDIRECT] Sep 29, 2026 1:33:20 AM java.util.prefs.FileSystemPreferences syncWorld
2026-09-29 01:33:20,291 [ERROR] LogOutputStream:75 - [STDERR_REDIRECT] WARNING: Couldn't flush system prefs: java.util.prefs.BackingStoreException: Couldn't get file lock.
2026-09-29 01:33:20,291 [ERROR] LogOutputStream:75 - [STDERR_REDIRECT] 
2026-09-29 01:33:50,289 [ERROR] LogOutputStream:75 - [STDERR_REDIRECT] Sep 29, 2026 1:33:50 AM java.util.prefs.FileSystemPreferences checkLockFile0ErrorCode
2026-09-29 01:33:50,290 [ERROR] LogOutputStream:75 - [STDERR_REDIRECT] WARNING: Could not lock System prefs. Unix error code 5.
2026-09-29 01:33:50,290 [ERROR] LogOutputStream:75 - [STDERR_REDIRECT] 
2026-09-29 01:33:50,290 [ERROR] LogOutputStream:75 - [STDERR_REDIRECT] Sep 29, 2026 1:33:50 AM java.util.prefs.FileSystemPreferences syncWorld
2026-09-29 01:33:50,290 [ERROR] LogOutputStream:75 - [STDERR_REDIRECT] WARNING: Couldn't flush system prefs: java.util.prefs.BackingStoreException: Couldn't get file lock.
2026-09-29 01:33:50,290 [ERROR] LogOutputStream:75 - [STDERR_REDIRECT] 
2026-09-29 01:34:20,290 [ERROR] LogOutputStream:75 - [STDERR_REDIRECT] Sep 29, 2026 1:34:20 AM java.util.prefs.FileSystemPreferences checkLockFile0ErrorCode
2026-09-29 01:34:20,290 [ERROR] LogOutputStream:75 - [STDERR_REDIRECT] WARNING: Could not lock System prefs. Unix error code 5.
2026-09-29 01:34:20,290 [ERROR] LogOutputStream:75 - [STDERR_REDIRECT] 
2026-09-29 01:34:20,290 [ERROR] LogOutputStream:75 - [STDERR_REDIRECT] Sep 29, 2026 1:34:20 AM java.util.prefs.FileSystemPreferences syncWorld
2026-09-29 01:34:20,290 [ERROR] LogOutputStream:75 - [STDERR_REDIRECT] WARNING: Couldn't flush system prefs: java.util.prefs.BackingStoreException: Couldn't get file lock.
2026-09-29 01:34:20,290 [ERROR] LogOutputStream:75 - [STDERR_REDIRECT] 
2026-09-29 01:34:50,290 [ERROR] LogOutputStream:75 - [STDERR_REDIRECT] Sep 29, 2026 1:34:50 AM java.util.prefs.FileSystemPreferences checkLockFile0ErrorCode
2026-09-29 01:34:50,290 [ERROR] LogOutputStream:75 - [STDERR_REDIRECT] WARNING: Could not lock System prefs. Unix error code 5.
2026-09-29 01:34:50,290 [ERROR] LogOutputStream:75 - [STDERR_REDIRECT] 
2026-09-29 01:34:50,291 [ERROR] LogOutputStream:75 - [STDERR_REDIRECT] Sep 29, 2026 1:34:50 AM java.util.prefs.FileSystemPreferences syncWorld
2026-09-29 01:34:50,291 [ERROR] LogOutputStream:75 - [STDERR_REDIRECT] WARNING: Couldn't flush system prefs: java.util.prefs.BackingStoreException: Couldn't get file lock.
2026-09-29 01:34:50,291 [ERROR] LogOutputStream:75 - [STDERR_REDIRECT] 
2026-09-29 01:35:20,289 [ERROR] LogOutputStream:75 - [STDERR_REDIRECT] Sep 29, 2026 1:35:20 AM java.util.prefs.FileSystemPreferences checkLockFile0ErrorCode
2026-09-29 01:35:20,289 [ERROR] LogOutputStream:75 - [STDERR_REDIRECT] WARNING: Could not lock System prefs. Unix error code 5.
2026-09-29 01:35:20,290 [ERROR] LogOutputStream:75 - [STDERR_REDIRECT] 
2026-09-29 01:35:20,290 [ERROR] LogOutputStream:75 - [STDERR_REDIRECT] Sep 29, 2026 1:35:20 AM java.util.prefs.FileSystemPreferences syncWorld
2026-09-29 01:35:20,290 [ERROR] LogOutputStream:75 - [STDERR_REDIRECT] WARNING: Couldn't flush system prefs: java.util.prefs.BackingStoreException: Couldn't get file lock.
2026-09-29 01:35:20,290 [ERROR] LogOutputStream:75 - [STDERR_REDIRECT] 
2026-09-29 01:35:50,289 [ERROR] LogOutputStream:75 - [STDERR_REDIRECT] Sep 29, 2026 1:35:50 AM java.util.prefs.FileSystemPreferences checkLockFile0ErrorCode
2026-09-29 01:35:50,290 [ERROR] LogOutputStream:75 - [STDERR_REDIRECT] WARNING: Could not lock System prefs. Unix error code 5.
2026-09-29 01:35:50,290 [ERROR] LogOutputStream:75 - [STDERR_REDIRECT] 
2026-09-29 01:35:50,290 [ERROR] LogOutputStream:75 - [STDERR_REDIRECT] Sep 29, 2026 1:35:50 AM java.util.prefs.FileSystemPreferences syncWorld
2026-09-29 01:35:50,290 [ERROR] LogOutputStream:75 - [STDERR_REDIRECT] WARNING: Couldn't flush system prefs: java.util.prefs.BackingStoreException: Couldn't get file lock.
2026-09-29 01:35:50,290 [ERROR] LogOutputStream:75 - [STDERR_REDIRECT] 
2026-09-29 01:36:20,290 [ERROR] LogOutputStream:75 - [STDERR_REDIRECT] Sep 29, 2026 1:36:20 AM java.util.prefs.FileSystemPreferences checkLockFile0ErrorCode
2026-09-29 01:36:20,290 [ERROR] LogOutputStream:75 - [STDERR_REDIRECT] WARNING: Could not lock System prefs. Unix error code 5.
2026-09-29 01:36:20,290 [ERROR] LogOutputStream:75 - [STDERR_REDIRECT] 
2026-09-29 01:36:20,290 [ERROR] LogOutputStream:75 - [STDERR_REDIRECT] Sep 29, 2026 1:36:20 AM java.util.prefs.FileSystemPreferences syncWorld
2026-09-29 01:36:20,290 [ERROR] LogOutputStream:75 - [STDERR_REDIRECT] WARNING: Couldn't flush system prefs: java.util.prefs.BackingStoreException: Couldn't get file lock.
2026-09-29 01:36:20,290 [ERROR] LogOutputStream:75 - [STDERR_REDIRECT] 
2026-09-29 01:36:50,290 [ERROR] LogOutputStream:75 - [STDERR_REDIRECT] Sep 29, 2026 1:36:50 AM java.util.prefs.FileSystemPreferences checkLockFile0ErrorCode
2026-09-29 01:36:50,290 [ERROR] LogOutputStream:75 - [STDERR_REDIRECT] WARNING: Could not lock System prefs. Unix error code 5.
2026-09-29 01:36:50,291 [ERROR] LogOutputStream:75 - [STDERR_REDIRECT] 
2026-09-29 01:36:50,291 [ERROR] LogOutputStream:75 - [STDERR_REDIRECT] Sep 29, 2026 1:36:50 AM java.util.prefs.FileSystemPreferences syncWorld
2026-09-29 01:36:50,291 [ERROR] LogOutputStream:75 - [STDERR_REDIRECT] WARNING: Couldn't flush system prefs: java.util.prefs.BackingStoreException: Couldn't get file lock.
2026-09-29 01:36:50,291 [ERROR] LogOutputStream:75 - [STDERR_REDIRECT] 
2026-09-29 01:37:20,291 [ERROR] LogOutputStream:75 - [STDERR_REDIRECT] Sep 29, 2026 1:37:20 AM java.util.prefs.FileSystemPreferences checkLockFile0ErrorCode
2026-09-29 01:37:20,291 [ERROR] LogOutputStream:75 - [STDERR_REDIRECT] WARNING: Could not lock System prefs. Unix error code 5.
2026-09-29 01:37:20,291 [ERROR] LogOutputStream:75 - [STDERR_REDIRECT] 
2026-09-29 01:37:20,291 [ERROR] LogOutputStream:75 - [STDERR_REDIRECT] Sep 29, 2026 1:37:20 AM java.util.prefs.FileSystemPreferences syncWorld
2026-09-29 01:37:20,291 [ERROR] LogOutputStream:75 - [STDERR_REDIRECT] WARNING: Couldn't flush system prefs: java.util.prefs.BackingStoreException: Couldn't get file lock.
2026-09-29 01:37:20,291 [ERROR] LogOutputStream:75 - [STDERR_REDIRECT] 
2026-09-29 01:37:50,291 [ERROR] LogOutputStream:75 - [STDERR_REDIRECT] Sep 29, 2026 1:37:50 AM java.util.prefs.FileSystemPreferences checkLockFile0ErrorCode
2026-09-29 01:37:50,291 [ERROR] LogOutputStream:75 - [STDERR_REDIRECT] WARNING: Could not lock System prefs. Unix error code 5.
2026-09-29 01:37:50,291 [ERROR] LogOutputStream:75 - [STDERR_REDIRECT] 
2026-09-29 01:37:50,292 [ERROR] LogOutputStream:75 - [STDERR_REDIRECT] Sep 29, 2026 1:37:50 AM java.util.prefs.FileSystemPreferences syncWorld
2026-09-29 01:37:50,292 [ERROR] LogOutputStream:75 - [STDERR_REDIRECT] WARNING: Couldn't flush system prefs: java.util.prefs.BackingStoreException: Couldn't get file lock.
2026-09-29 01:37:50,292 [ERROR] LogOutputStream:75 - [STDERR_REDIRECT] 
2026-09-29 01:38:20,291 [ERROR] LogOutputStream:75 - [STDERR_REDIRECT] Sep 29, 2026 1:38:20 AM java.util.prefs.FileSystemPreferences checkLockFile0ErrorCode
2026-09-29 01:38:20,291 [ERROR] LogOutputStream:75 - [STDERR_REDIRECT] WARNING: Could not lock System prefs. Unix error code 5.
2026-09-29 01:38:20,291 [ERROR] LogOutputStream:75 - [STDERR_REDIRECT] 
2026-09-29 01:38:20,291 [ERROR] LogOutputStream:75 - [STDERR_REDIRECT] Sep 29, 2026 1:38:20 AM java.util.prefs.FileSystemPreferences syncWorld
2026-09-29 01:38:20,291 [ERROR] LogOutputStream:75 - [STDERR_REDIRECT] WARNING: Couldn't flush system prefs: java.util.prefs.BackingStoreException: Couldn't get file lock.
2026-09-29 01:38:20,291 [ERROR] LogOutputStream:75 - [STDERR_REDIRECT] 
2026-09-29 01:38:50,291 [ERROR] LogOutputStream:75 - [STDERR_REDIRECT] Sep 29, 2026 1:38:50 AM java.util.prefs.FileSystemPreferences checkLockFile0ErrorCode
2026-09-29 01:38:50,291 [ERROR] LogOutputStream:75 - [STDERR_REDIRECT] WARNING: Could not lock System prefs. Unix error code 5.
2026-09-29 01:38:50,291 [ERROR] LogOutputStream:75 - [STDERR_REDIRECT] 
2026-09-29 01:38:50,291 [ERROR] LogOutputStream:75 - [STDERR_REDIRECT] Sep 29, 2026 1:38:50 AM java.util.prefs.FileSystemPreferences syncWorld
2026-09-29 01:38:50,292 [ERROR] LogOutputStream:75 - [STDERR_REDIRECT] WARNING: Couldn't flush system prefs: java.util.prefs.BackingStoreException: Couldn't get file lock.
2026-09-29 01:38:50,292 [ERROR] LogOutputStream:75 - [STDERR_REDIRECT] 
2026-09-29 01:39:20,290 [ERROR] LogOutputStream:75 - [STDERR_REDIRECT] Sep 29, 2026 1:39:20 AM java.util.prefs.FileSystemPreferences checkLockFile0ErrorCode
2026-09-29 01:39:20,290 [ERROR] LogOutputStream:75 - [STDERR_REDIRECT] WARNING: Could not lock System prefs. Unix error code 5.
2026-09-29 01:39:20,290 [ERROR] LogOutputStream:75 - [STDERR_REDIRECT] 
2026-09-29 01:39:20,291 [ERROR] LogOutputStream:75 - [STDERR_REDIRECT] Sep 29, 2026 1:39:20 AM java.util.prefs.FileSystemPreferences syncWorld
2026-09-29 01:39:20,291 [ERROR] LogOutputStream:75 - [STDERR_REDIRECT] WARNING: Couldn't flush system prefs: java.util.prefs.BackingStoreException: Couldn't get file lock.
2026-09-29 01:39:20,291 [ERROR] LogOutputStream:75 - [STDERR_REDIRECT] 
2026-09-29 01:39:50,291 [ERROR] LogOutputStream:75 - [STDERR_REDIRECT] Sep 29, 2026 1:39:50 AM java.util.prefs.FileSystemPreferences checkLockFile0ErrorCode
2026-09-29 01:39:50,291 [ERROR] LogOutputStream:75 - [STDERR_REDIRECT] WARNING: Could not lock System prefs. Unix error code 5.
2026-09-29 01:39:50,291 [ERROR] LogOutputStream:75 - [STDERR_REDIRECT] 
2026-09-29 01:39:50,291 [ERROR] LogOutputStream:75 - [STDERR_REDIRECT] Sep 29, 2026 1:39:50 AM java.util.prefs.FileSystemPreferences syncWorld
2026-09-29 01:39:50,291 [ERROR] LogOutputStream:75 - [STDERR_REDIRECT] WARNING: Couldn't flush system prefs: java.util.prefs.BackingStoreException: Couldn't get file lock.
2026-09-29 01:39:50,291 [ERROR] LogOutputStream:75 - [STDERR_REDIRECT] 
2026-09-29 01:40:20,291 [ERROR] LogOutputStream:75 - [STDERR_REDIRECT] Sep 29, 2026 1:40:20 AM java.util.prefs.FileSystemPreferences checkLockFile0ErrorCode
2026-09-29 01:40:20,291 [ERROR] LogOutputStream:75 - [STDERR_REDIRECT] WARNING: Could not lock System prefs. Unix error code 5.
2026-09-29 01:40:20,291 [ERROR] LogOutputStream:75 - [STDERR_REDIRECT] 
2026-09-29 01:40:20,292 [ERROR] LogOutputStream:75 - [STDERR_REDIRECT] Sep 29, 2026 1:40:20 AM java.util.prefs.FileSystemPreferences syncWorld
2026-09-29 01:40:20,292 [ERROR] LogOutputStream:75 - [STDERR_REDIRECT] WARNING: Couldn't flush system prefs: java.util.prefs.BackingStoreException: Couldn't get file lock.
2026-09-29 01:40:20,292 [ERROR] LogOutputStream:75 - [STDERR_REDIRECT] 
2026-09-29 01:40:50,292 [ERROR] LogOutputStream:75 - [STDERR_REDIRECT] Sep 29, 2026 1:40:50 AM java.util.prefs.FileSystemPreferences checkLockFile0ErrorCode
2026-09-29 01:40:50,292 [ERROR] LogOutputStream:75 - [STDERR_REDIRECT] WARNING: Could not lock System prefs. Unix error code 5.
2026-09-29 01:40:50,292 [ERROR] LogOutputStream:75 - [STDERR_REDIRECT] 
2026-09-29 01:40:50,292 [ERROR] LogOutputStream:75 - [STDERR_REDIRECT] Sep 29, 2026 1:40:50 AM java.util.prefs.FileSystemPreferences syncWorld
2026-09-29 01:40:50,292 [ERROR] LogOutputStream:75 - [STDERR_REDIRECT] WARNING: Couldn't flush system prefs: java.util.prefs.BackingStoreException: Couldn't get file lock.
2026-09-29 01:40:50,292 [ERROR] LogOutputStream:75 - [STDERR_REDIRECT] 
2026-09-29 01:41:20,292 [ERROR] LogOutputStream:75 - [STDERR_REDIRECT] Sep 29, 2026 1:41:20 AM java.util.prefs.FileSystemPreferences checkLockFile0ErrorCode
2026-09-29 01:41:20,292 [ERROR] LogOutputStream:75 - [STDERR_REDIRECT] WARNING: Could not lock System prefs. Unix error code 5.
2026-09-29 01:41:20,292 [ERROR] LogOutputStream:75 - [STDERR_REDIRECT] 
2026-09-29 01:41:20,292 [ERROR] LogOutputStream:75 - [STDERR_REDIRECT] Sep 29, 2026 1:41:20 AM java.util.prefs.FileSystemPreferences syncWorld
2026-09-29 01:41:20,292 [ERROR] LogOutputStream:75 - [STDERR_REDIRECT] WARNING: Couldn't flush system prefs: java.util.prefs.BackingStoreException: Couldn't get file lock.
2026-09-29 01:41:20,292 [ERROR] LogOutputStream:75 - [STDERR_REDIRECT] 
2026-09-29 01:41:50,292 [ERROR] LogOutputStream:75 - [STDERR_REDIRECT] Sep 29, 2026 1:41:50 AM java.util.prefs.FileSystemPreferences checkLockFile0ErrorCode
2026-09-29 01:41:50,292 [ERROR] LogOutputStream:75 - [STDERR_REDIRECT] WARNING: Could not lock System prefs. Unix error code 5.
2026-09-29 01:41:50,292 [ERROR] LogOutputStream:75 - [STDERR_REDIRECT] 
2026-09-29 01:41:50,292 [ERROR] LogOutputStream:75 - [STDERR_REDIRECT] Sep 29, 2026 1:41:50 AM java.util.prefs.FileSystemPreferences syncWorld
2026-09-29 01:41:50,292 [ERROR] LogOutputStream:75 - [STDERR_REDIRECT] WARNING: Couldn't flush system prefs: java.util.prefs.BackingStoreException: Couldn't get file lock.
2026-09-29 01:41:50,292 [ERROR] LogOutputStream:75 - [STDERR_REDIRECT] 
2026-09-29 01:42:20,292 [ERROR] LogOutputStream:75 - [STDERR_REDIRECT] Sep 29, 2026 1:42:20 AM java.util.prefs.FileSystemPreferences checkLockFile0ErrorCode
2026-09-29 01:42:20,293 [ERROR] LogOutputStream:75 - [STDERR_REDIRECT] WARNING: Could not lock System prefs. Unix error code 5.
2026-09-29 01:42:20,293 [ERROR] LogOutputStream:75 - [STDERR_REDIRECT] 
2026-09-29 01:42:20,293 [ERROR] LogOutputStream:75 - [STDERR_REDIRECT] Sep 29, 2026 1:42:20 AM java.util.prefs.FileSystemPreferences syncWorld
2026-09-29 01:42:20,293 [ERROR] LogOutputStream:75 - [STDERR_REDIRECT] WARNING: Couldn't flush system prefs: java.util.prefs.BackingStoreException: Couldn't get file lock.
2026-09-29 01:42:20,293 [ERROR] LogOutputStream:75 - [STDERR_REDIRECT] 
2026-09-29 01:42:50,293 [ERROR] LogOutputStream:75 - [STDERR_REDIRECT] Sep 29, 2026 1:42:50 AM java.util.prefs.FileSystemPreferences checkLockFile0ErrorCode
2026-09-29 01:42:50,293 [ERROR] LogOutputStream:75 - [STDERR_REDIRECT] WARNING: Could not lock System prefs. Unix error code 5.
2026-09-29 01:42:50,293 [ERROR] LogOutputStream:75 - [STDERR_REDIRECT] 
2026-09-29 01:42:50,293 [ERROR] LogOutputStream:75 - [STDERR_REDIRECT] Sep 29, 2026 1:42:50 AM java.util.prefs.FileSystemPreferences syncWorld
2026-09-29 01:42:50,293 [ERROR] LogOutputStream:75 - [STDERR_REDIRECT] WARNING: Couldn't flush system prefs: java.util.prefs.BackingStoreException: Couldn't get file lock.
2026-09-29 01:42:50,293 [ERROR] LogOutputStream:75 - [STDERR_REDIRECT] 
2026-09-29 01:43:20,293 [ERROR] LogOutputStream:75 - [STDERR_REDIRECT] Sep 29, 2026 1:43:20 AM java.util.prefs.FileSystemPreferences checkLockFile0ErrorCode
2026-09-29 01:43:20,293 [ERROR] LogOutputStream:75 - [STDERR_REDIRECT] WARNING: Could not lock System prefs. Unix error code 5.
2026-09-29 01:43:20,293 [ERROR] LogOutputStream:75 - [STDERR_REDIRECT] 
2026-09-29 01:43:20,294 [ERROR] LogOutputStream:75 - [STDERR_REDIRECT] Sep 29, 2026 1:43:20 AM java.util.prefs.FileSystemPreferences syncWorld
2026-09-29 01:43:20,294 [ERROR] LogOutputStream:75 - [STDERR_REDIRECT] WARNING: Couldn't flush system prefs: java.util.prefs.BackingStoreException: Couldn't get file lock.
2026-09-29 01:43:20,294 [ERROR] LogOutputStream:75 - [STDERR_REDIRECT] 
2026-09-29 01:43:50,292 [ERROR] LogOutputStream:75 - [STDERR_REDIRECT] Sep 29, 2026 1:43:50 AM java.util.prefs.FileSystemPreferences checkLockFile0ErrorCode
2026-09-29 01:43:50,293 [ERROR] LogOutputStream:75 - [STDERR_REDIRECT] WARNING: Could not lock System prefs. Unix error code 5.
2026-09-29 01:43:50,293 [ERROR] LogOutputStream:75 - [STDERR_REDIRECT] 
2026-09-29 01:43:50,293 [ERROR] LogOutputStream:75 - [STDERR_REDIRECT] Sep 29, 2026 1:43:50 AM java.util.prefs.FileSystemPreferences syncWorld
2026-09-29 01:43:50,293 [ERROR] LogOutputStream:75 - [STDERR_REDIRECT] WARNING: Couldn't flush system prefs: java.util.prefs.BackingStoreException: Couldn't get file lock.
2026-09-29 01:43:50,293 [ERROR] LogOutputStream:75 - [STDERR_REDIRECT] 
2026-09-29 01:44:20,293 [ERROR] LogOutputStream:75 - [STDERR_REDIRECT] Sep 29, 2026 1:44:20 AM java.util.prefs.FileSystemPreferences checkLockFile0ErrorCode
2026-09-29 01:44:20,293 [ERROR] LogOutputStream:75 - [STDERR_REDIRECT] WARNING: Could not lock System prefs. Unix error code 5.
2026-09-29 01:44:20,293 [ERROR] LogOutputStream:75 - [STDERR_REDIRECT] 
2026-09-29 01:44:20,293 [ERROR] LogOutputStream:75 - [STDERR_REDIRECT] Sep 29, 2026 1:44:20 AM java.util.prefs.FileSystemPreferences syncWorld
2026-09-29 01:44:20,293 [ERROR] LogOutputStream:75 - [STDERR_REDIRECT] WARNING: Couldn't flush system prefs: java.util.prefs.BackingStoreException: Couldn't get file lock.
2026-09-29 01:44:20,294 [ERROR] LogOutputStream:75 - [STDERR_REDIRECT] 
2026-09-29 01:44:50,292 [ERROR] LogOutputStream:75 - [STDERR_REDIRECT] Sep 29, 2026 1:44:50 AM java.util.prefs.FileSystemPreferences checkLockFile0ErrorCode
2026-09-29 01:44:50,292 [ERROR] LogOutputStream:75 - [STDERR_REDIRECT] WARNING: Could not lock System prefs. Unix error code 5.
2026-09-29 01:44:50,292 [ERROR] LogOutputStream:75 - [STDERR_REDIRECT] 
2026-09-29 01:44:50,292 [ERROR] LogOutputStream:75 - [STDERR_REDIRECT] Sep 29, 2026 1:44:50 AM java.util.prefs.FileSystemPreferences syncWorld
2026-09-29 01:44:50,293 [ERROR] LogOutputStream:75 - [STDERR_REDIRECT] WARNING: Couldn't flush system prefs: java.util.prefs.BackingStoreException: Couldn't get file lock.
2026-09-29 01:44:50,293 [ERROR] LogOutputStream:75 - [STDERR_REDIRECT] 
2026-09-29 01:45:20,292 [ERROR] LogOutputStream:75 - [STDERR_REDIRECT] Sep 29, 2026 1:45:20 AM java.util.prefs.FileSystemPreferences checkLockFile0ErrorCode
2026-09-29 01:45:20,293 [ERROR] LogOutputStream:75 - [STDERR_REDIRECT] WARNING: Could not lock System prefs. Unix error code 5.
2026-09-29 01:45:20,293 [ERROR] LogOutputStream:75 - [STDERR_REDIRECT] 
2026-09-29 01:45:20,293 [ERROR] LogOutputStream:75 - [STDERR_REDIRECT] Sep 29, 2026 1:45:20 AM java.util.prefs.FileSystemPreferences syncWorld
2026-09-29 01:45:20,293 [ERROR] LogOutputStream:75 - [STDERR_REDIRECT] WARNING: Couldn't flush system prefs: java.util.prefs.BackingStoreException: Couldn't get file lock.
2026-09-29 01:45:20,293 [ERROR] LogOutputStream:75 - [STDERR_REDIRECT] 
2026-09-29 01:45:50,293 [ERROR] LogOutputStream:75 - [STDERR_REDIRECT] Sep 29, 2026 1:45:50 AM java.util.prefs.FileSystemPreferences checkLockFile0ErrorCode
2026-09-29 01:45:50,293 [ERROR] LogOutputStream:75 - [STDERR_REDIRECT] WARNING: Could not lock System prefs. Unix error code 5.
2026-09-29 01:45:50,293 [ERROR] LogOutputStream:75 - [STDERR_REDIRECT] 
2026-09-29 01:45:50,293 [ERROR] LogOutputStream:75 - [STDERR_REDIRECT] Sep 29, 2026 1:45:50 AM java.util.prefs.FileSystemPreferences syncWorld
2026-09-29 01:45:50,294 [ERROR] LogOutputStream:75 - [STDERR_REDIRECT] WARNING: Couldn't flush system prefs: java.util.prefs.BackingStoreException: Couldn't get file lock.
2026-09-29 01:45:50,294 [ERROR] LogOutputStream:75 - [STDERR_REDIRECT] 
2026-09-29 01:46:20,292 [ERROR] LogOutputStream:75 - [STDERR_REDIRECT] Sep 29, 2026 1:46:20 AM java.util.prefs.FileSystemPreferences checkLockFile0ErrorCode
2026-09-29 01:46:20,292 [ERROR] LogOutputStream:75 - [STDERR_REDIRECT] WARNING: Could not lock System prefs. Unix error code 5.
2026-09-29 01:46:20,293 [ERROR] LogOutputStream:75 - [STDERR_REDIRECT] 
2026-09-29 01:46:20,293 [ERROR] LogOutputStream:75 - [STDERR_REDIRECT] Sep 29, 2026 1:46:20 AM java.util.prefs.FileSystemPreferences syncWorld
2026-09-29 01:46:20,293 [ERROR] LogOutputStream:75 - [STDERR_REDIRECT] WARNING: Couldn't flush system prefs: java.util.prefs.BackingStoreException: Couldn't get file lock.
2026-09-29 01:46:20,293 [ERROR] LogOutputStream:75 - [STDERR_REDIRECT] 
2026-09-29 01:46:50,293 [ERROR] LogOutputStream:75 - [STDERR_REDIRECT] Sep 29, 2026 1:46:50 AM java.util.prefs.FileSystemPreferences checkLockFile0ErrorCode
2026-09-29 01:46:50,293 [ERROR] LogOutputStream:75 - [STDERR_REDIRECT] WARNING: Could not lock System prefs. Unix error code 5.
2026-09-29 01:46:50,293 [ERROR] LogOutputStream:75 - [STDERR_REDIRECT] 
2026-09-29 01:46:50,293 [ERROR] LogOutputStream:75 - [STDERR_REDIRECT] Sep 29, 2026 1:46:50 AM java.util.prefs.FileSystemPreferences syncWorld
2026-09-29 01:46:50,293 [ERROR] LogOutputStream:75 - [STDERR_REDIRECT] WARNING: Couldn't flush system prefs: java.util.prefs.BackingStoreException: Couldn't get file lock.
2026-09-29 01:46:50,294 [ERROR] LogOutputStream:75 - [STDERR_REDIRECT] 
2026-09-29 01:47:20,292 [ERROR] LogOutputStream:75 - [STDERR_REDIRECT] Sep 29, 2026 1:47:20 AM java.util.prefs.FileSystemPreferences checkLockFile0ErrorCode
2026-09-29 01:47:20,293 [ERROR] LogOutputStream:75 - [STDERR_REDIRECT] WARNING: Could not lock System prefs. Unix error code 5.
2026-09-29 01:47:20,293 [ERROR] LogOutputStream:75 - [STDERR_REDIRECT] 
2026-09-29 01:47:20,293 [ERROR] LogOutputStream:75 - [STDERR_REDIRECT] Sep 29, 2026 1:47:20 AM java.util.prefs.FileSystemPreferences syncWorld
2026-09-29 01:47:20,293 [ERROR] LogOutputStream:75 - [STDERR_REDIRECT] WARNING: Couldn't flush system prefs: java.util.prefs.BackingStoreException: Couldn't get file lock.
2026-09-29 01:47:20,293 [ERROR] LogOutputStream:75 - [STDERR_REDIRECT] 
2026-09-29 01:47:50,292 [ERROR] LogOutputStream:75 - [STDERR_REDIRECT] Sep 29, 2026 1:47:50 AM java.util.prefs.FileSystemPreferences checkLockFile0ErrorCode
2026-09-29 01:47:50,293 [ERROR] LogOutputStream:75 - [STDERR_REDIRECT] WARNING: Could not lock System prefs. Unix error code 5.
2026-09-29 01:47:50,293 [ERROR] LogOutputStream:75 - [STDERR_REDIRECT] 
2026-09-29 01:47:50,293 [ERROR] LogOutputStream:75 - [STDERR_REDIRECT] Sep 29, 2026 1:47:50 AM java.util.prefs.FileSystemPreferences syncWorld
2026-09-29 01:47:50,293 [ERROR] LogOutputStream:75 - [STDERR_REDIRECT] WARNING: Couldn't flush system prefs: java.util.prefs.BackingStoreException: Couldn't get file lock.
2026-09-29 01:47:50,293 [ERROR] LogOutputStream:75 - [STDERR_REDIRECT] 
2026-09-29 01:48:20,293 [ERROR] LogOutputStream:75 - [STDERR_REDIRECT] Sep 29, 2026 1:48:20 AM java.util.prefs.FileSystemPreferences checkLockFile0ErrorCode
2026-09-29 01:48:20,293 [ERROR] LogOutputStream:75 - [STDERR_REDIRECT] WARNING: Could not lock System prefs. Unix error code 5.
2026-09-29 01:48:20,293 [ERROR] LogOutputStream:75 - [STDERR_REDIRECT] 
2026-09-29 01:48:20,294 [ERROR] LogOutputStream:75 - [STDERR_REDIRECT] Sep 29, 2026 1:48:20 AM java.util.prefs.FileSystemPreferences syncWorld
2026-09-29 01:48:20,294 [ERROR] LogOutputStream:75 - [STDERR_REDIRECT] WARNING: Couldn't flush system prefs: java.util.prefs.BackingStoreException: Couldn't get file lock.
2026-09-29 01:48:20,294 [ERROR] LogOutputStream:75 - [STDERR_REDIRECT] 
2026-09-29 01:48:50,292 [ERROR] LogOutputStream:75 - [STDERR_REDIRECT] Sep 29, 2026 1:48:50 AM java.util.prefs.FileSystemPreferences checkLockFile0ErrorCode
2026-09-29 01:48:50,292 [ERROR] LogOutputStream:75 - [STDERR_REDIRECT] WARNING: Could not lock System prefs. Unix error code 5.
2026-09-29 01:48:50,293 [ERROR] LogOutputStream:75 - [STDERR_REDIRECT] 
2026-09-29 01:48:50,293 [ERROR] LogOutputStream:75 - [STDERR_REDIRECT] Sep 29, 2026 1:48:50 AM java.util.prefs.FileSystemPreferences syncWorld
2026-09-29 01:48:50,293 [ERROR] LogOutputStream:75 - [STDERR_REDIRECT] WARNING: Couldn't flush system prefs: java.util.prefs.BackingStoreException: Couldn't get file lock.
2026-09-29 01:48:50,293 [ERROR] LogOutputStream:75 - [STDERR_REDIRECT] 
2026-09-29 01:49:20,293 [ERROR] LogOutputStream:75 - [STDERR_REDIRECT] Sep 29, 2026 1:49:20 AM java.util.prefs.FileSystemPreferences checkLockFile0ErrorCode
2026-09-29 01:49:20,293 [ERROR] LogOutputStream:75 - [STDERR_REDIRECT] WARNING: Could not lock System prefs. Unix error code 5.
2026-09-29 01:49:20,293 [ERROR] LogOutputStream:75 - [STDERR_REDIRECT] 
2026-09-29 01:49:20,293 [ERROR] LogOutputStream:75 - [STDERR_REDIRECT] Sep 29, 2026 1:49:20 AM java.util.prefs.FileSystemPreferences syncWorld
2026-09-29 01:49:20,293 [ERROR] LogOutputStream:75 - [STDERR_REDIRECT] WARNING: Couldn't flush system prefs: java.util.prefs.BackingStoreException: Couldn't get file lock.
2026-09-29 01:49:20,293 [ERROR] LogOutputStream:75 - [STDERR_REDIRECT] 
2026-09-29 01:49:50,293 [ERROR] LogOutputStream:75 - [STDERR_REDIRECT] Sep 29, 2026 1:49:50 AM java.util.prefs.FileSystemPreferences checkLockFile0ErrorCode
2026-09-29 01:49:50,293 [ERROR] LogOutputStream:75 - [STDERR_REDIRECT] WARNING: Could not lock System prefs. Unix error code 5.
2026-09-29 01:49:50,293 [ERROR] LogOutputStream:75 - [STDERR_REDIRECT] 
2026-09-29 01:49:50,294 [ERROR] LogOutputStream:75 - [STDERR_REDIRECT] Sep 29, 2026 1:49:50 AM java.util.prefs.FileSystemPreferences syncWorld
2026-09-29 01:49:50,294 [ERROR] LogOutputStream:75 - [STDERR_REDIRECT] WARNING: Couldn't flush system prefs: java.util.prefs.BackingStoreException: Couldn't get file lock.
2026-09-29 01:49:50,294 [ERROR] LogOutputStream:75 - [STDERR_REDIRECT] 
2026-09-29 01:50:20,293 [ERROR] LogOutputStream:75 - [STDERR_REDIRECT] Sep 29, 2026 1:50:20 AM java.util.prefs.FileSystemPreferences checkLockFile0ErrorCode
2026-09-29 01:50:20,293 [ERROR] LogOutputStream:75 - [STDERR_REDIRECT] WARNING: Could not lock System prefs. Unix error code 5.
2026-09-29 01:50:20,293 [ERROR] LogOutputStream:75 - [STDERR_REDIRECT] 
2026-09-29 01:50:20,293 [ERROR] LogOutputStream:75 - [STDERR_REDIRECT] Sep 29, 2026 1:50:20 AM java.util.prefs.FileSystemPreferences syncWorld
2026-09-29 01:50:20,293 [ERROR] LogOutputStream:75 - [STDERR_REDIRECT] WARNING: Couldn't flush system prefs: java.util.prefs.BackingStoreException: Couldn't get file lock.
2026-09-29 01:50:20,293 [ERROR] LogOutputStream:75 - [STDERR_REDIRECT] 
2026-09-29 01:50:50,294 [ERROR] LogOutputStream:75 - [STDERR_REDIRECT] Sep 29, 2026 1:50:50 AM java.util.prefs.FileSystemPreferences checkLockFile0ErrorCode
2026-09-29 01:50:50,294 [ERROR] LogOutputStream:75 - [STDERR_REDIRECT] WARNING: Could not lock System prefs. Unix error code 5.
2026-09-29 01:50:50,294 [ERROR] LogOutputStream:75 - [STDERR_REDIRECT] 
2026-09-29 01:50:50,294 [ERROR] LogOutputStream:75 - [STDERR_REDIRECT] Sep 29, 2026 1:50:50 AM java.util.prefs.FileSystemPreferences syncWorld
2026-09-29 01:50:50,294 [ERROR] LogOutputStream:75 - [STDERR_REDIRECT] WARNING: Couldn't flush system prefs: java.util.prefs.BackingStoreException: Couldn't get file lock.
2026-09-29 01:50:50,294 [ERROR] LogOutputStream:75 - [STDERR_REDIRECT] 
2026-09-29 01:51:20,293 [ERROR] LogOutputStream:75 - [STDERR_REDIRECT] Sep 29, 2026 1:51:20 AM java.util.prefs.FileSystemPreferences checkLockFile0ErrorCode
2026-09-29 01:51:20,293 [ERROR] LogOutputStream:75 - [STDERR_REDIRECT] WARNING: Could not lock System prefs. Unix error code 5.
2026-09-29 01:51:20,293 [ERROR] LogOutputStream:75 - [STDERR_REDIRECT] 
2026-09-29 01:51:20,293 [ERROR] LogOutputStream:75 - [STDERR_REDIRECT] Sep 29, 2026 1:51:20 AM java.util.prefs.FileSystemPreferences syncWorld
2026-09-29 01:51:20,293 [ERROR] LogOutputStream:75 - [STDERR_REDIRECT] WARNING: Couldn't flush system prefs: java.util.prefs.BackingStoreException: Couldn't get file lock.
2026-09-29 01:51:20,293 [ERROR] LogOutputStream:75 - [STDERR_REDIRECT] 
2026-09-29 01:51:50,293 [ERROR] LogOutputStream:75 - [STDERR_REDIRECT] Sep 29, 2026 1:51:50 AM java.util.prefs.FileSystemPreferences checkLockFile0ErrorCode
2026-09-29 01:51:50,294 [ERROR] LogOutputStream:75 - [STDERR_REDIRECT] WARNING: Could not lock System prefs. Unix error code 5.
2026-09-29 01:51:50,294 [ERROR] LogOutputStream:75 - [STDERR_REDIRECT] 
2026-09-29 01:51:50,294 [ERROR] LogOutputStream:75 - [STDERR_REDIRECT] Sep 29, 2026 1:51:50 AM java.util.prefs.FileSystemPreferences syncWorld
2026-09-29 01:51:50,294 [ERROR] LogOutputStream:75 - [STDERR_REDIRECT] WARNING: Couldn't flush system prefs: java.util.prefs.BackingStoreException: Couldn't get file lock.
2026-09-29 01:51:50,294 [ERROR] LogOutputStream:75 - [STDERR_REDIRECT] 
2026-09-29 01:52:20,294 [ERROR] LogOutputStream:75 - [STDERR_REDIRECT] Sep 29, 2026 1:52:20 AM java.util.prefs.FileSystemPreferences checkLockFile0ErrorCode
2026-09-29 01:52:20,296 [ERROR] LogOutputStream:75 - [STDERR_REDIRECT] WARNING: Could not lock System prefs. Unix error code 5.
2026-09-29 01:52:20,296 [ERROR] LogOutputStream:75 - [STDERR_REDIRECT] 
2026-09-29 01:52:20,296 [ERROR] LogOutputStream:75 - [STDERR_REDIRECT] Sep 29, 2026 1:52:20 AM java.util.prefs.FileSystemPreferences syncWorld
2026-09-29 01:52:20,297 [ERROR] LogOutputStream:75 - [STDERR_REDIRECT] WARNING: Couldn't flush system prefs: java.util.prefs.BackingStoreException: Couldn't get file lock.
2026-09-29 01:52:20,297 [ERROR] LogOutputStream:75 - [STDERR_REDIRECT] 
2026-09-29 01:52:50,293 [ERROR] LogOutputStream:75 - [STDERR_REDIRECT] Sep 29, 2026 1:52:50 AM java.util.prefs.FileSystemPreferences checkLockFile0ErrorCode
2026-09-29 01:52:50,293 [ERROR] LogOutputStream:75 - [STDERR_REDIRECT] WARNING: Could not lock System prefs. Unix error code 5.
2026-09-29 01:52:50,293 [ERROR] LogOutputStream:75 - [STDERR_REDIRECT] 
2026-09-29 01:52:50,294 [ERROR] LogOutputStream:75 - [STDERR_REDIRECT] Sep 29, 2026 1:52:50 AM java.util.prefs.FileSystemPreferences syncWorld
2026-09-29 01:52:50,294 [ERROR] LogOutputStream:75 - [STDERR_REDIRECT] WARNING: Couldn't flush system prefs: java.util.prefs.BackingStoreException: Couldn't get file lock.
2026-09-29 01:52:50,294 [ERROR] LogOutputStream:75 - [STDERR_REDIRECT] 
2026-09-29 01:53:20,293 [ERROR] LogOutputStream:75 - [STDERR_REDIRECT] Sep 29, 2026 1:53:20 AM java.util.prefs.FileSystemPreferences checkLockFile0ErrorCode
2026-09-29 01:53:20,294 [ERROR] LogOutputStream:75 - [STDERR_REDIRECT] WARNING: Could not lock System prefs. Unix error code 5.
2026-09-29 01:53:20,294 [ERROR] LogOutputStream:75 - [STDERR_REDIRECT] 
2026-09-29 01:53:20,294 [ERROR] LogOutputStream:75 - [STDERR_REDIRECT] Sep 29, 2026 1:53:20 AM java.util.prefs.FileSystemPreferences syncWorld
2026-09-29 01:53:20,294 [ERROR] LogOutputStream:75 - [STDERR_REDIRECT] WARNING: Couldn't flush system prefs: java.util.prefs.BackingStoreException: Couldn't get file lock.
2026-09-29 01:53:20,294 [ERROR] LogOutputStream:75 - [STDERR_REDIRECT] 
2026-09-29 01:53:50,294 [ERROR] LogOutputStream:75 - [STDERR_REDIRECT] Sep 29, 2026 1:53:50 AM java.util.prefs.FileSystemPreferences checkLockFile0ErrorCode
2026-09-29 01:53:50,294 [ERROR] LogOutputStream:75 - [STDERR_REDIRECT] WARNING: Could not lock System prefs. Unix error code 5.
2026-09-29 01:53:50,294 [ERROR] LogOutputStream:75 - [STDERR_REDIRECT] 
2026-09-29 01:53:50,295 [ERROR] LogOutputStream:75 - [STDERR_REDIRECT] Sep 29, 2026 1:53:50 AM java.util.prefs.FileSystemPreferences syncWorld
2026-09-29 01:53:50,295 [ERROR] LogOutputStream:75 - [STDERR_REDIRECT] WARNING: Couldn't flush system prefs: java.util.prefs.BackingStoreException: Couldn't get file lock.
2026-09-29 01:53:50,295 [ERROR] LogOutputStream:75 - [STDERR_REDIRECT] 
2026-09-29 01:54:20,293 [ERROR] LogOutputStream:75 - [STDERR_REDIRECT] Sep 29, 2026 1:54:20 AM java.util.prefs.FileSystemPreferences checkLockFile0ErrorCode
2026-09-29 01:54:20,294 [ERROR] LogOutputStream:75 - [STDERR_REDIRECT] WARNING: Could not lock System prefs. Unix error code 5.
2026-09-29 01:54:20,294 [ERROR] LogOutputStream:75 - [STDERR_REDIRECT] 
2026-09-29 01:54:20,294 [ERROR] LogOutputStream:75 - [STDERR_REDIRECT] Sep 29, 2026 1:54:20 AM java.util.prefs.FileSystemPreferences syncWorld
2026-09-29 01:54:20,294 [ERROR] LogOutputStream:75 - [STDERR_REDIRECT] WARNING: Couldn't flush system prefs: java.util.prefs.BackingStoreException: Couldn't get file lock.
2026-09-29 01:54:20,294 [ERROR] LogOutputStream:75 - [STDERR_REDIRECT] 
2026-09-29 01:54:50,294 [ERROR] LogOutputStream:75 - [STDERR_REDIRECT] Sep 29, 2026 1:54:50 AM java.util.prefs.FileSystemPreferences checkLockFile0ErrorCode
2026-09-29 01:54:50,294 [ERROR] LogOutputStream:75 - [STDERR_REDIRECT] WARNING: Could not lock System prefs. Unix error code 5.
2026-09-29 01:54:50,294 [ERROR] LogOutputStream:75 - [STDERR_REDIRECT] 
2026-09-29 01:54:50,294 [ERROR] LogOutputStream:75 - [STDERR_REDIRECT] Sep 29, 2026 1:54:50 AM java.util.prefs.FileSystemPreferences syncWorld
2026-09-29 01:54:50,294 [ERROR] LogOutputStream:75 - [STDERR_REDIRECT] WARNING: Couldn't flush system prefs: java.util.prefs.BackingStoreException: Couldn't get file lock.
2026-09-29 01:54:50,294 [ERROR] LogOutputStream:75 - [STDERR_REDIRECT] 
2026-09-29 01:55:20,294 [ERROR] LogOutputStream:75 - [STDERR_REDIRECT] Sep 29, 2026 1:55:20 AM java.util.prefs.FileSystemPreferences checkLockFile0ErrorCode
2026-09-29 01:55:20,294 [ERROR] LogOutputStream:75 - [STDERR_REDIRECT] WARNING: Could not lock System prefs. Unix error code 5.
2026-09-29 01:55:20,294 [ERROR] LogOutputStream:75 - [STDERR_REDIRECT] 
2026-09-29 01:55:20,294 [ERROR] LogOutputStream:75 - [STDERR_REDIRECT] Sep 29, 2026 1:55:20 AM java.util.prefs.FileSystemPreferences syncWorld
2026-09-29 01:55:20,295 [ERROR] LogOutputStream:75 - [STDERR_REDIRECT] WARNING: Couldn't flush system prefs: java.util.prefs.BackingStoreException: Couldn't get file lock.
2026-09-29 01:55:20,295 [ERROR] LogOutputStream:75 - [STDERR_REDIRECT] 
2026-09-29 01:55:50,293 [ERROR] LogOutputStream:75 - [STDERR_REDIRECT] Sep 29, 2026 1:55:50 AM java.util.prefs.FileSystemPreferences checkLockFile0ErrorCode
2026-09-29 01:55:50,293 [ERROR] LogOutputStream:75 - [STDERR_REDIRECT] WARNING: Could not lock System prefs. Unix error code 5.
2026-09-29 01:55:50,293 [ERROR] LogOutputStream:75 - [STDERR_REDIRECT] 
2026-09-29 01:55:50,294 [ERROR] LogOutputStream:75 - [STDERR_REDIRECT] Sep 29, 2026 1:55:50 AM java.util.prefs.FileSystemPreferences syncWorld
2026-09-29 01:55:50,294 [ERROR] LogOutputStream:75 - [STDERR_REDIRECT] WARNING: Couldn't flush system prefs: java.util.prefs.BackingStoreException: Couldn't get file lock.
2026-09-29 01:55:50,294 [ERROR] LogOutputStream:75 - [STDERR_REDIRECT] 
2026-09-29 01:56:20,294 [ERROR] LogOutputStream:75 - [STDERR_REDIRECT] Sep 29, 2026 1:56:20 AM java.util.prefs.FileSystemPreferences checkLockFile0ErrorCode
2026-09-29 01:56:20,294 [ERROR] LogOutputStream:75 - [STDERR_REDIRECT] WARNING: Could not lock System prefs. Unix error code 5.
2026-09-29 01:56:20,294 [ERROR] LogOutputStream:75 - [STDERR_REDIRECT] 
2026-09-29 01:56:20,294 [ERROR] LogOutputStream:75 - [STDERR_REDIRECT] Sep 29, 2026 1:56:20 AM java.util.prefs.FileSystemPreferences syncWorld
2026-09-29 01:56:20,294 [ERROR] LogOutputStream:75 - [STDERR_REDIRECT] WARNING: Couldn't flush system prefs: java.util.prefs.BackingStoreException: Couldn't get file lock.
2026-09-29 01:56:20,294 [ERROR] LogOutputStream:75 - [STDERR_REDIRECT] 
2026-09-29 01:56:50,294 [ERROR] LogOutputStream:75 - [STDERR_REDIRECT] Sep 29, 2026 1:56:50 AM java.util.prefs.FileSystemPreferences checkLockFile0ErrorCode
2026-09-29 01:56:50,294 [ERROR] LogOutputStream:75 - [STDERR_REDIRECT] WARNING: Could not lock System prefs. Unix error code 5.
2026-09-29 01:56:50,294 [ERROR] LogOutputStream:75 - [STDERR_REDIRECT] 
2026-09-29 01:56:50,294 [ERROR] LogOutputStream:75 - [STDERR_REDIRECT] Sep 29, 2026 1:56:50 AM java.util.prefs.FileSystemPreferences syncWorld
2026-09-29 01:56:50,294 [ERROR] LogOutputStream:75 - [STDERR_REDIRECT] WARNING: Couldn't flush system prefs: java.util.prefs.BackingStoreException: Couldn't get file lock.
2026-09-29 01:56:50,294 [ERROR] LogOutputStream:75 - [STDERR_REDIRECT] 
2026-09-29 01:57:20,294 [ERROR] LogOutputStream:75 - [STDERR_REDIRECT] Sep 29, 2026 1:57:20 AM java.util.prefs.FileSystemPreferences checkLockFile0ErrorCode
2026-09-29 01:57:20,295 [ERROR] LogOutputStream:75 - [STDERR_REDIRECT] WARNING: Could not lock System prefs. Unix error code 5.
2026-09-29 01:57:20,295 [ERROR] LogOutputStream:75 - [STDERR_REDIRECT] 
2026-09-29 01:57:20,295 [ERROR] LogOutputStream:75 - [STDERR_REDIRECT] Sep 29, 2026 1:57:20 AM java.util.prefs.FileSystemPreferences syncWorld
2026-09-29 01:57:20,295 [ERROR] LogOutputStream:75 - [STDERR_REDIRECT] WARNING: Couldn't flush system prefs: java.util.prefs.BackingStoreException: Couldn't get file lock.
2026-09-29 01:57:20,295 [ERROR] LogOutputStream:75 - [STDERR_REDIRECT] 
2026-09-29 01:57:50,295 [ERROR] LogOutputStream:75 - [STDERR_REDIRECT] Sep 29, 2026 1:57:50 AM java.util.prefs.FileSystemPreferences checkLockFile0ErrorCode
2026-09-29 01:57:50,295 [ERROR] LogOutputStream:75 - [STDERR_REDIRECT] WARNING: Could not lock System prefs. Unix error code 5.
2026-09-29 01:57:50,295 [ERROR] LogOutputStream:75 - [STDERR_REDIRECT] 
2026-09-29 01:57:50,295 [ERROR] LogOutputStream:75 - [STDERR_REDIRECT] Sep 29, 2026 1:57:50 AM java.util.prefs.FileSystemPreferences syncWorld
2026-09-29 01:57:50,295 [ERROR] LogOutputStream:75 - [STDERR_REDIRECT] WARNING: Couldn't flush system prefs: java.util.prefs.BackingStoreException: Couldn't get file lock.
2026-09-29 01:57:50,295 [ERROR] LogOutputStream:75 - [STDERR_REDIRECT] 
2026-09-29 01:58:20,296 [ERROR] LogOutputStream:75 - [STDERR_REDIRECT] Sep 29, 2026 1:58:20 AM java.util.prefs.FileSystemPreferences checkLockFile0ErrorCode
2026-09-29 01:58:20,296 [ERROR] LogOutputStream:75 - [STDERR_REDIRECT] WARNING: Could not lock System prefs. Unix error code 5.
2026-09-29 01:58:20,296 [ERROR] LogOutputStream:75 - [STDERR_REDIRECT] 
2026-09-29 01:58:20,296 [ERROR] LogOutputStream:75 - [STDERR_REDIRECT] Sep 29, 2026 1:58:20 AM java.util.prefs.FileSystemPreferences syncWorld
2026-09-29 01:58:20,296 [ERROR] LogOutputStream:75 - [STDERR_REDIRECT] WARNING: Couldn't flush system prefs: java.util.prefs.BackingStoreException: Couldn't get file lock.
2026-09-29 01:58:20,296 [ERROR] LogOutputStream:75 - [STDERR_REDIRECT] 
2026-09-29 01:58:50,296 [ERROR] LogOutputStream:75 - [STDERR_REDIRECT] Sep 29, 2026 1:58:50 AM java.util.prefs.FileSystemPreferences checkLockFile0ErrorCode
2026-09-29 01:58:50,296 [ERROR] LogOutputStream:75 - [STDERR_REDIRECT] WARNING: Could not lock System prefs. Unix error code 5.
2026-09-29 01:58:50,296 [ERROR] LogOutputStream:75 - [STDERR_REDIRECT] 
2026-09-29 01:58:50,296 [ERROR] LogOutputStream:75 - [STDERR_REDIRECT] Sep 29, 2026 1:58:50 AM java.util.prefs.FileSystemPreferences syncWorld
2026-09-29 01:58:50,297 [ERROR] LogOutputStream:75 - [STDERR_REDIRECT] WARNING: Couldn't flush system prefs: java.util.prefs.BackingStoreException: Couldn't get file lock.
2026-09-29 01:58:50,297 [ERROR] LogOutputStream:75 - [STDERR_REDIRECT] 
2026-09-29 01:59:20,296 [ERROR] LogOutputStream:75 - [STDERR_REDIRECT] Sep 29, 2026 1:59:20 AM java.util.prefs.FileSystemPreferences checkLockFile0ErrorCode
2026-09-29 01:59:20,296 [ERROR] LogOutputStream:75 - [STDERR_REDIRECT] WARNING: Could not lock System prefs. Unix error code 5.
2026-09-29 01:59:20,296 [ERROR] LogOutputStream:75 - [STDERR_REDIRECT] 
2026-09-29 01:59:20,297 [ERROR] LogOutputStream:75 - [STDERR_REDIRECT] Sep 29, 2026 1:59:20 AM java.util.prefs.FileSystemPreferences syncWorld
2026-09-29 01:59:20,297 [ERROR] LogOutputStream:75 - [STDERR_REDIRECT] WARNING: Couldn't flush system prefs: java.util.prefs.BackingStoreException: Couldn't get file lock.
2026-09-29 01:59:20,297 [ERROR] LogOutputStream:75 - [STDERR_REDIRECT] 
2026-09-29 01:59:50,296 [ERROR] LogOutputStream:75 - [STDERR_REDIRECT] Sep 29, 2026 1:59:50 AM java.util.prefs.FileSystemPreferences checkLockFile0ErrorCode
2026-09-29 01:59:50,296 [ERROR] LogOutputStream:75 - [STDERR_REDIRECT] WARNING: Could not lock System prefs. Unix error code 5.
2026-09-29 01:59:50,296 [ERROR] LogOutputStream:75 - [STDERR_REDIRECT] 
2026-09-29 01:59:50,297 [ERROR] LogOutputStream:75 - [STDERR_REDIRECT] Sep 29, 2026 1:59:50 AM java.util.prefs.FileSystemPreferences syncWorld
2026-09-29 01:59:50,297 [ERROR] LogOutputStream:75 - [STDERR_REDIRECT] WARNING: Couldn't flush system prefs: java.util.prefs.BackingStoreException: Couldn't get file lock.
2026-09-29 01:59:50,297 [ERROR] LogOutputStream:75 - [STDERR_REDIRECT] 
2026-09-29 02:00:20,297 [ERROR] LogOutputStream:75 - [STDERR_REDIRECT] Sep 29, 2026 2:00:20 AM java.util.prefs.FileSystemPreferences checkLockFile0ErrorCode
2026-09-29 02:00:20,297 [ERROR] LogOutputStream:75 - [STDERR_REDIRECT] WARNING: Could not lock System prefs. Unix error code 5.
2026-09-29 02:00:20,297 [ERROR] LogOutputStream:75 - [STDERR_REDIRECT] 
2026-09-29 02:00:20,297 [ERROR] LogOutputStream:75 - [STDERR_REDIRECT] Sep 29, 2026 2:00:20 AM java.util.prefs.FileSystemPreferences syncWorld
2026-09-29 02:00:20,297 [ERROR] LogOutputStream:75 - [STDERR_REDIRECT] WARNING: Couldn't flush system prefs: java.util.prefs.BackingStoreException: Couldn't get file lock.
2026-09-29 02:00:20,297 [ERROR] LogOutputStream:75 - [STDERR_REDIRECT] 
2026-09-29 02:00:50,297 [ERROR] LogOutputStream:75 - [STDERR_REDIRECT] Sep 29, 2026 2:00:50 AM java.util.prefs.FileSystemPreferences checkLockFile0ErrorCode
2026-09-29 02:00:50,297 [ERROR] LogOutputStream:75 - [STDERR_REDIRECT] WARNING: Could not lock System prefs. Unix error code 5.
2026-09-29 02:00:50,297 [ERROR] LogOutputStream:75 - [STDERR_REDIRECT] 
2026-09-29 02:00:50,297 [ERROR] LogOutputStream:75 - [STDERR_REDIRECT] Sep 29, 2026 2:00:50 AM java.util.prefs.FileSystemPreferences syncWorld
2026-09-29 02:00:50,298 [ERROR] LogOutputStream:75 - [STDERR_REDIRECT] WARNING: Couldn't flush system prefs: java.util.prefs.BackingStoreException: Couldn't get file lock.
2026-09-29 02:00:50,298 [ERROR] LogOutputStream:75 - [STDERR_REDIRECT] 
2026-09-29 02:01:20,296 [ERROR] LogOutputStream:75 - [STDERR_REDIRECT] Sep 29, 2026 2:01:20 AM java.util.prefs.FileSystemPreferences checkLockFile0ErrorCode
2026-09-29 02:01:20,297 [ERROR] LogOutputStream:75 - [STDERR_REDIRECT] WARNING: Could not lock System prefs. Unix error code 5.
2026-09-29 02:01:20,297 [ERROR] LogOutputStream:75 - [STDERR_REDIRECT] 
2026-09-29 02:01:20,297 [ERROR] LogOutputStream:75 - [STDERR_REDIRECT] Sep 29, 2026 2:01:20 AM java.util.prefs.FileSystemPreferences syncWorld
2026-09-29 02:01:20,297 [ERROR] LogOutputStream:75 - [STDERR_REDIRECT] WARNING: Couldn't flush system prefs: java.util.prefs.BackingStoreException: Couldn't get file lock.
2026-09-29 02:01:20,297 [ERROR] LogOutputStream:75 - [STDERR_REDIRECT] 
2026-09-29 02:01:50,297 [ERROR] LogOutputStream:75 - [STDERR_REDIRECT] Sep 29, 2026 2:01:50 AM java.util.prefs.FileSystemPreferences checkLockFile0ErrorCode
2026-09-29 02:01:50,297 [ERROR] LogOutputStream:75 - [STDERR_REDIRECT] WARNING: Could not lock System prefs. Unix error code 5.
2026-09-29 02:01:50,297 [ERROR] LogOutputStream:75 - [STDERR_REDIRECT] 
2026-09-29 02:01:50,297 [ERROR] LogOutputStream:75 - [STDERR_REDIRECT] Sep 29, 2026 2:01:50 AM java.util.prefs.FileSystemPreferences syncWorld
2026-09-29 02:01:50,297 [ERROR] LogOutputStream:75 - [STDERR_REDIRECT] WARNING: Couldn't flush system prefs: java.util.prefs.BackingStoreException: Couldn't get file lock.
2026-09-29 02:01:50,297 [ERROR] LogOutputStream:75 - [STDERR_REDIRECT] 
2026-09-29 02:02:20,297 [ERROR] LogOutputStream:75 - [STDERR_REDIRECT] Sep 29, 2026 2:02:20 AM java.util.prefs.FileSystemPreferences checkLockFile0ErrorCode
2026-09-29 02:02:20,297 [ERROR] LogOutputStream:75 - [STDERR_REDIRECT] WARNING: Could not lock System prefs. Unix error code 5.
2026-09-29 02:02:20,297 [ERROR] LogOutputStream:75 - [STDERR_REDIRECT] 
2026-09-29 02:02:20,298 [ERROR] LogOutputStream:75 - [STDERR_REDIRECT] Sep 29, 2026 2:02:20 AM java.util.prefs.FileSystemPreferences syncWorld
2026-09-29 02:02:20,298 [ERROR] LogOutputStream:75 - [STDERR_REDIRECT] WARNING: Couldn't flush system prefs: java.util.prefs.BackingStoreException: Couldn't get file lock.
2026-09-29 02:02:20,298 [ERROR] LogOutputStream:75 - [STDERR_REDIRECT] 
2026-09-29 02:02:50,297 [ERROR] LogOutputStream:75 - [STDERR_REDIRECT] Sep 29, 2026 2:02:50 AM java.util.prefs.FileSystemPreferences checkLockFile0ErrorCode
2026-09-29 02:02:50,298 [ERROR] LogOutputStream:75 - [STDERR_REDIRECT] WARNING: Could not lock System prefs. Unix error code 5.
2026-09-29 02:02:50,298 [ERROR] LogOutputStream:75 - [STDERR_REDIRECT] 
2026-09-29 02:02:50,298 [ERROR] LogOutputStream:75 - [STDERR_REDIRECT] Sep 29, 2026 2:02:50 AM java.util.prefs.FileSystemPreferences syncWorld
2026-09-29 02:02:50,298 [ERROR] LogOutputStream:75 - [STDERR_REDIRECT] WARNING: Couldn't flush system prefs: java.util.prefs.BackingStoreException: Couldn't get file lock.
2026-09-29 02:02:50,298 [ERROR] LogOutputStream:75 - [STDERR_REDIRECT] 
2026-09-29 02:03:20,298 [ERROR] LogOutputStream:75 - [STDERR_REDIRECT] Sep 29, 2026 2:03:20 AM java.util.prefs.FileSystemPreferences checkLockFile0ErrorCode
2026-09-29 02:03:20,298 [ERROR] LogOutputStream:75 - [STDERR_REDIRECT] WARNING: Could not lock System prefs. Unix error code 5.
2026-09-29 02:03:20,299 [ERROR] LogOutputStream:75 - [STDERR_REDIRECT] 
2026-09-29 02:03:20,299 [ERROR] LogOutputStream:75 - [STDERR_REDIRECT] Sep 29, 2026 2:03:20 AM java.util.prefs.FileSystemPreferences syncWorld
2026-09-29 02:03:20,299 [ERROR] LogOutputStream:75 - [STDERR_REDIRECT] WARNING: Couldn't flush system prefs: java.util.prefs.BackingStoreException: Couldn't get file lock.
2026-09-29 02:03:20,299 [ERROR] LogOutputStream:75 - [STDERR_REDIRECT] 
2026-09-29 02:03:50,298 [ERROR] LogOutputStream:75 - [STDERR_REDIRECT] Sep 29, 2026 2:03:50 AM java.util.prefs.FileSystemPreferences checkLockFile0ErrorCode
2026-09-29 02:03:50,298 [ERROR] LogOutputStream:75 - [STDERR_REDIRECT] WARNING: Could not lock System prefs. Unix error code 5.
2026-09-29 02:03:50,298 [ERROR] LogOutputStream:75 - [STDERR_REDIRECT] 
2026-09-29 02:03:50,298 [ERROR] LogOutputStream:75 - [STDERR_REDIRECT] Sep 29, 2026 2:03:50 AM java.util.prefs.FileSystemPreferences syncWorld
2026-09-29 02:03:50,298 [ERROR] LogOutputStream:75 - [STDERR_REDIRECT] WARNING: Couldn't flush system prefs: java.util.prefs.BackingStoreException: Couldn't get file lock.
2026-09-29 02:03:50,298 [ERROR] LogOutputStream:75 - [STDERR_REDIRECT] 
2026-09-29 02:04:20,298 [ERROR] LogOutputStream:75 - [STDERR_REDIRECT] Sep 29, 2026 2:04:20 AM java.util.prefs.FileSystemPreferences checkLockFile0ErrorCode
2026-09-29 02:04:20,298 [ERROR] LogOutputStream:75 - [STDERR_REDIRECT] WARNING: Could not lock System prefs. Unix error code 5.
2026-09-29 02:04:20,298 [ERROR] LogOutputStream:75 - [STDERR_REDIRECT] 
2026-09-29 02:04:20,299 [ERROR] LogOutputStream:75 - [STDERR_REDIRECT] Sep 29, 2026 2:04:20 AM java.util.prefs.FileSystemPreferences syncWorld
2026-09-29 02:04:20,299 [ERROR] LogOutputStream:75 - [STDERR_REDIRECT] WARNING: Couldn't flush system prefs: java.util.prefs.BackingStoreException: Couldn't get file lock.
2026-09-29 02:04:20,299 [ERROR] LogOutputStream:75 - [STDERR_REDIRECT] 
2026-09-29 02:04:50,298 [ERROR] LogOutputStream:75 - [STDERR_REDIRECT] Sep 29, 2026 2:04:50 AM java.util.prefs.FileSystemPreferences checkLockFile0ErrorCode
2026-09-29 02:04:50,298 [ERROR] LogOutputStream:75 - [STDERR_REDIRECT] WARNING: Could not lock System prefs. Unix error code 5.
2026-09-29 02:04:50,298 [ERROR] LogOutputStream:75 - [STDERR_REDIRECT] 
2026-09-29 02:04:50,298 [ERROR] LogOutputStream:75 - [STDERR_REDIRECT] Sep 29, 2026 2:04:50 AM java.util.prefs.FileSystemPreferences syncWorld
2026-09-29 02:04:50,298 [ERROR] LogOutputStream:75 - [STDERR_REDIRECT] WARNING: Couldn't flush system prefs: java.util.prefs.BackingStoreException: Couldn't get file lock.
2026-09-29 02:04:50,298 [ERROR] LogOutputStream:75 - [STDERR_REDIRECT] 
2026-09-29 02:05:20,298 [ERROR] LogOutputStream:75 - [STDERR_REDIRECT] Sep 29, 2026 2:05:20 AM java.util.prefs.FileSystemPreferences checkLockFile0ErrorCode
2026-09-29 02:05:20,298 [ERROR] LogOutputStream:75 - [STDERR_REDIRECT] WARNING: Could not lock System prefs. Unix error code 5.
2026-09-29 02:05:20,298 [ERROR] LogOutputStream:75 - [STDERR_REDIRECT] 
2026-09-29 02:05:20,299 [ERROR] LogOutputStream:75 - [STDERR_REDIRECT] Sep 29, 2026 2:05:20 AM java.util.prefs.FileSystemPreferences syncWorld
2026-09-29 02:05:20,299 [ERROR] LogOutputStream:75 - [STDERR_REDIRECT] WARNING: Couldn't flush system prefs: java.util.prefs.BackingStoreException: Couldn't get file lock.
2026-09-29 02:05:20,299 [ERROR] LogOutputStream:75 - [STDERR_REDIRECT] 
2026-09-29 02:05:50,298 [ERROR] LogOutputStream:75 - [STDERR_REDIRECT] Sep 29, 2026 2:05:50 AM java.util.prefs.FileSystemPreferences checkLockFile0ErrorCode
2026-09-29 02:05:50,298 [ERROR] LogOutputStream:75 - [STDERR_REDIRECT] WARNING: Could not lock System prefs. Unix error code 5.
2026-09-29 02:05:50,298 [ERROR] LogOutputStream:75 - [STDERR_REDIRECT] 
2026-09-29 02:05:50,298 [ERROR] LogOutputStream:75 - [STDERR_REDIRECT] Sep 29, 2026 2:05:50 AM java.util.prefs.FileSystemPreferences syncWorld
2026-09-29 02:05:50,298 [ERROR] LogOutputStream:75 - [STDERR_REDIRECT] WARNING: Couldn't flush system prefs: java.util.prefs.BackingStoreException: Couldn't get file lock.
2026-09-29 02:05:50,298 [ERROR] LogOutputStream:75 - [STDERR_REDIRECT] 
2026-09-29 02:06:20,298 [ERROR] LogOutputStream:75 - [STDERR_REDIRECT] Sep 29, 2026 2:06:20 AM java.util.prefs.FileSystemPreferences checkLockFile0ErrorCode
2026-09-29 02:06:20,298 [ERROR] LogOutputStream:75 - [STDERR_REDIRECT] WARNING: Could not lock System prefs. Unix error code 5.
2026-09-29 02:06:20,298 [ERROR] LogOutputStream:75 - [STDERR_REDIRECT] 
2026-09-29 02:06:20,299 [ERROR] LogOutputStream:75 - [STDERR_REDIRECT] Sep 29, 2026 2:06:20 AM java.util.prefs.FileSystemPreferences syncWorld
2026-09-29 02:06:20,299 [ERROR] LogOutputStream:75 - [STDERR_REDIRECT] WARNING: Couldn't flush system prefs: java.util.prefs.BackingStoreException: Couldn't get file lock.
2026-09-29 02:06:20,299 [ERROR] LogOutputStream:75 - [STDERR_REDIRECT] 
2026-09-29 02:06:50,297 [ERROR] LogOutputStream:75 - [STDERR_REDIRECT] Sep 29, 2026 2:06:50 AM java.util.prefs.FileSystemPreferences checkLockFile0ErrorCode
2026-09-29 02:06:50,297 [ERROR] LogOutputStream:75 - [STDERR_REDIRECT] WARNING: Could not lock System prefs. Unix error code 5.
2026-09-29 02:06:50,298 [ERROR] LogOutputStream:75 - [STDERR_REDIRECT] 
2026-09-29 02:06:50,298 [ERROR] LogOutputStream:75 - [STDERR_REDIRECT] Sep 29, 2026 2:06:50 AM java.util.prefs.FileSystemPreferences syncWorld
2026-09-29 02:06:50,298 [ERROR] LogOutputStream:75 - [STDERR_REDIRECT] WARNING: Couldn't flush system prefs: java.util.prefs.BackingStoreException: Couldn't get file lock.
2026-09-29 02:06:50,298 [ERROR] LogOutputStream:75 - [STDERR_REDIRECT] 
2026-09-29 02:07:20,299 [ERROR] LogOutputStream:75 - [STDERR_REDIRECT] Sep 29, 2026 2:07:20 AM java.util.prefs.FileSystemPreferences checkLockFile0ErrorCode
2026-09-29 02:07:20,299 [ERROR] LogOutputStream:75 - [STDERR_REDIRECT] WARNING: Could not lock System prefs. Unix error code 5.
2026-09-29 02:07:20,299 [ERROR] LogOutputStream:75 - [STDERR_REDIRECT] 
2026-09-29 02:07:20,299 [ERROR] LogOutputStream:75 - [STDERR_REDIRECT] Sep 29, 2026 2:07:20 AM java.util.prefs.FileSystemPreferences syncWorld
2026-09-29 02:07:20,299 [ERROR] LogOutputStream:75 - [STDERR_REDIRECT] WARNING: Couldn't flush system prefs: java.util.prefs.BackingStoreException: Couldn't get file lock.
2026-09-29 02:07:20,299 [ERROR] LogOutputStream:75 - [STDERR_REDIRECT] 
2026-09-29 02:07:50,298 [ERROR] LogOutputStream:75 - [STDERR_REDIRECT] Sep 29, 2026 2:07:50 AM java.util.prefs.FileSystemPreferences checkLockFile0ErrorCode
2026-09-29 02:07:50,298 [ERROR] LogOutputStream:75 - [STDERR_REDIRECT] WARNING: Could not lock System prefs. Unix error code 5.
2026-09-29 02:07:50,299 [ERROR] LogOutputStream:75 - [STDERR_REDIRECT] 
2026-09-29 02:07:50,299 [ERROR] LogOutputStream:75 - [STDERR_REDIRECT] Sep 29, 2026 2:07:50 AM java.util.prefs.FileSystemPreferences syncWorld
2026-09-29 02:07:50,299 [ERROR] LogOutputStream:75 - [STDERR_REDIRECT] WARNING: Couldn't flush system prefs: java.util.prefs.BackingStoreException: Couldn't get file lock.
2026-09-29 02:07:50,299 [ERROR] LogOutputStream:75 - [STDERR_REDIRECT] 
2026-09-29 02:08:20,299 [ERROR] LogOutputStream:75 - [STDERR_REDIRECT] Sep 29, 2026 2:08:20 AM java.util.prefs.FileSystemPreferences checkLockFile0ErrorCode
2026-09-29 02:08:20,299 [ERROR] LogOutputStream:75 - [STDERR_REDIRECT] WARNING: Could not lock System prefs. Unix error code 5.
2026-09-29 02:08:20,299 [ERROR] LogOutputStream:75 - [STDERR_REDIRECT] 
2026-09-29 02:08:20,299 [ERROR] LogOutputStream:75 - [STDERR_REDIRECT] Sep 29, 2026 2:08:20 AM java.util.prefs.FileSystemPreferences syncWorld
2026-09-29 02:08:20,299 [ERROR] LogOutputStream:75 - [STDERR_REDIRECT] WARNING: Couldn't flush system prefs: java.util.prefs.BackingStoreException: Couldn't get file lock.
2026-09-29 02:08:20,299 [ERROR] LogOutputStream:75 - [STDERR_REDIRECT] 
2026-09-29 02:08:50,299 [ERROR] LogOutputStream:75 - [STDERR_REDIRECT] Sep 29, 2026 2:08:50 AM java.util.prefs.FileSystemPreferences checkLockFile0ErrorCode
2026-09-29 02:08:50,299 [ERROR] LogOutputStream:75 - [STDERR_REDIRECT] WARNING: Could not lock System prefs. Unix error code 5.
2026-09-29 02:08:50,299 [ERROR] LogOutputStream:75 - [STDERR_REDIRECT] 
2026-09-29 02:08:50,299 [ERROR] LogOutputStream:75 - [STDERR_REDIRECT] Sep 29, 2026 2:08:50 AM java.util.prefs.FileSystemPreferences syncWorld
2026-09-29 02:08:50,300 [ERROR] LogOutputStream:75 - [STDERR_REDIRECT] WARNING: Couldn't flush system prefs: java.util.prefs.BackingStoreException: Couldn't get file lock.
2026-09-29 02:08:50,300 [ERROR] LogOutputStream:75 - [STDERR_REDIRECT] 
2026-09-29 02:09:20,298 [ERROR] LogOutputStream:75 - [STDERR_REDIRECT] Sep 29, 2026 2:09:20 AM java.util.prefs.FileSystemPreferences checkLockFile0ErrorCode
2026-09-29 02:09:20,298 [ERROR] LogOutputStream:75 - [STDERR_REDIRECT] WARNING: Could not lock System prefs. Unix error code 5.
2026-09-29 02:09:20,299 [ERROR] LogOutputStream:75 - [STDERR_REDIRECT] 
2026-09-29 02:09:20,299 [ERROR] LogOutputStream:75 - [STDERR_REDIRECT] Sep 29, 2026 2:09:20 AM java.util.prefs.FileSystemPreferences syncWorld
2026-09-29 02:09:20,299 [ERROR] LogOutputStream:75 - [STDERR_REDIRECT] WARNING: Couldn't flush system prefs: java.util.prefs.BackingStoreException: Couldn't get file lock.
2026-09-29 02:09:20,299 [ERROR] LogOutputStream:75 - [STDERR_REDIRECT] 
2026-09-29 02:09:50,299 [ERROR] LogOutputStream:75 - [STDERR_REDIRECT] Sep 29, 2026 2:09:50 AM java.util.prefs.FileSystemPreferences checkLockFile0ErrorCode
2026-09-29 02:09:50,299 [ERROR] LogOutputStream:75 - [STDERR_REDIRECT] WARNING: Could not lock System prefs. Unix error code 5.
2026-09-29 02:09:50,299 [ERROR] LogOutputStream:75 - [STDERR_REDIRECT] 
2026-09-29 02:09:50,299 [ERROR] LogOutputStream:75 - [STDERR_REDIRECT] Sep 29, 2026 2:09:50 AM java.util.prefs.FileSystemPreferences syncWorld
2026-09-29 02:09:50,299 [ERROR] LogOutputStream:75 - [STDERR_REDIRECT] WARNING: Couldn't flush system prefs: java.util.prefs.BackingStoreException: Couldn't get file lock.
2026-09-29 02:09:50,299 [ERROR] LogOutputStream:75 - [STDERR_REDIRECT] 
2026-09-29 02:10:20,300 [ERROR] LogOutputStream:75 - [STDERR_REDIRECT] Sep 29, 2026 2:10:20 AM java.util.prefs.FileSystemPreferences checkLockFile0ErrorCode
2026-09-29 02:10:20,300 [ERROR] LogOutputStream:75 - [STDERR_REDIRECT] WARNING: Could not lock System prefs. Unix error code 5.
2026-09-29 02:10:20,300 [ERROR] LogOutputStream:75 - [STDERR_REDIRECT] 
2026-09-29 02:10:20,300 [ERROR] LogOutputStream:75 - [STDERR_REDIRECT] Sep 29, 2026 2:10:20 AM java.util.prefs.FileSystemPreferences syncWorld
2026-09-29 02:10:20,300 [ERROR] LogOutputStream:75 - [STDERR_REDIRECT] WARNING: Couldn't flush system prefs: java.util.prefs.BackingStoreException: Couldn't get file lock.
2026-09-29 02:10:20,300 [ERROR] LogOutputStream:75 - [STDERR_REDIRECT] 
2026-09-29 02:10:50,299 [ERROR] LogOutputStream:75 - [STDERR_REDIRECT] Sep 29, 2026 2:10:50 AM java.util.prefs.FileSystemPreferences checkLockFile0ErrorCode
2026-09-29 02:10:50,299 [ERROR] LogOutputStream:75 - [STDERR_REDIRECT] WARNING: Could not lock System prefs. Unix error code 5.
2026-09-29 02:10:50,299 [ERROR] LogOutputStream:75 - [STDERR_REDIRECT] 
2026-09-29 02:10:50,299 [ERROR] LogOutputStream:75 - [STDERR_REDIRECT] Sep 29, 2026 2:10:50 AM java.util.prefs.FileSystemPreferences syncWorld
2026-09-29 02:10:50,300 [ERROR] LogOutputStream:75 - [STDERR_REDIRECT] WARNING: Couldn't flush system prefs: java.util.prefs.BackingStoreException: Couldn't get file lock.
2026-09-29 02:10:50,300 [ERROR] LogOutputStream:75 - [STDERR_REDIRECT] 
