2026-09-21 00:00:09,493 [ERROR] LogOutputStream:75 - [STDERR_REDIRECT] Sep 21, 2026 12:00:09 AM java.util.prefs.FileSystemPreferences checkLockFile0ErrorCode
2026-09-21 00:00:09,495 [ERROR] LogOutputStream:75 - [STDERR_REDIRECT] WARNING: Could not lock System prefs. Unix error code 31587.
2026-09-21 00:00:09,495 [ERROR] LogOutputStream:75 - [STDERR_REDIRECT] 
2026-09-21 00:00:09,495 [ERROR] LogOutputStream:75 - [STDERR_REDIRECT] Sep 21, 2026 12:00:09 AM java.util.prefs.FileSystemPreferences syncWorld
2026-09-21 00:00:09,495 [ERROR] LogOutputStream:75 - [STDERR_REDIRECT] WARNING: Couldn't flush system prefs: java.util.prefs.BackingStoreException: Couldn't get file lock.
2026-09-21 00:00:09,495 [ERROR] LogOutputStream:75 - [STDERR_REDIRECT] 
2026-09-21 00:00:39,495 [ERROR] LogOutputStream:75 - [STDERR_REDIRECT] Sep 21, 2026 12:00:39 AM java.util.prefs.FileSystemPreferences checkLockFile0ErrorCode
2026-09-21 00:00:39,495 [ERROR] LogOutputStream:75 - [STDERR_REDIRECT] WARNING: Could not lock System prefs. Unix error code 31587.
2026-09-21 00:00:39,495 [ERROR] LogOutputStream:75 - [STDERR_REDIRECT] 
2026-09-21 00:00:39,496 [ERROR] LogOutputStream:75 - [STDERR_REDIRECT] Sep 21, 2026 12:00:39 AM java.util.prefs.FileSystemPreferences syncWorld
2026-09-21 00:00:39,496 [ERROR] LogOutputStream:75 - [STDERR_REDIRECT] WARNING: Couldn't flush system prefs: java.util.prefs.BackingStoreException: Couldn't get file lock.
2026-09-21 00:00:39,496 [ERROR] LogOutputStream:75 - [STDERR_REDIRECT] 
2026-09-21 00:01:09,493 [ERROR] LogOutputStream:75 - [STDERR_REDIRECT] Sep 21, 2026 12:01:09 AM java.util.prefs.FileSystemPreferences checkLockFile0ErrorCode
2026-09-21 00:01:09,494 [ERROR] LogOutputStream:75 - [STDERR_REDIRECT] WARNING: Could not lock System prefs. Unix error code 31587.
2026-09-21 00:01:09,494 [ERROR] LogOutputStream:75 - [STDERR_REDIRECT] 
2026-09-21 00:01:09,494 [ERROR] LogOutputStream:75 - [STDERR_REDIRECT] Sep 21, 2026 12:01:09 AM java.util.prefs.FileSystemPreferences syncWorld
2026-09-21 00:01:09,494 [ERROR] LogOutputStream:75 - [STDERR_REDIRECT] WARNING: Couldn't flush system prefs: java.util.prefs.BackingStoreException: Couldn't get file lock.
2026-09-21 00:01:09,494 [ERROR] LogOutputStream:75 - [STDERR_REDIRECT] 
2026-09-21 00:01:39,525 [ERROR] LogOutputStream:75 - [STDERR_REDIRECT] Sep 21, 2026 12:01:39 AM java.util.prefs.FileSystemPreferences checkLockFile0ErrorCode
2026-09-21 00:01:39,526 [ERROR] LogOutputStream:75 - [STDERR_REDIRECT] WARNING: Could not lock System prefs. Unix error code 31587.
2026-09-21 00:01:39,526 [ERROR] LogOutputStream:75 - [STDERR_REDIRECT] 
2026-09-21 00:01:39,526 [ERROR] LogOutputStream:75 - [STDERR_REDIRECT] Sep 21, 2026 12:01:39 AM java.util.prefs.FileSystemPreferences syncWorld
2026-09-21 00:01:39,526 [ERROR] LogOutputStream:75 - [STDERR_REDIRECT] WARNING: Couldn't flush system prefs: java.util.prefs.BackingStoreException: Couldn't get file lock.
2026-09-21 00:01:39,526 [ERROR] LogOutputStream:75 - [STDERR_REDIRECT] 
2026-09-21 00:02:09,498 [ERROR] LogOutputStream:75 - [STDERR_REDIRECT] Sep 21, 2026 12:02:09 AM java.util.prefs.FileSystemPreferences checkLockFile0ErrorCode
2026-09-21 00:02:09,498 [ERROR] LogOutputStream:75 - [STDERR_REDIRECT] WARNING: Could not lock System prefs. Unix error code 31587.
2026-09-21 00:02:09,498 [ERROR] LogOutputStream:75 - [STDERR_REDIRECT] 
2026-09-21 00:02:09,498 [ERROR] LogOutputStream:75 - [STDERR_REDIRECT] Sep 21, 2026 12:02:09 AM java.util.prefs.FileSystemPreferences syncWorld
2026-09-21 00:02:09,500 [ERROR] LogOutputStream:75 - [STDERR_REDIRECT] WARNING: Couldn't flush system prefs: java.util.prefs.BackingStoreException: Couldn't get file lock.
2026-09-21 00:02:09,500 [ERROR] LogOutputStream:75 - [STDERR_REDIRECT] 
2026-09-21 00:02:39,501 [ERROR] LogOutputStream:75 - [STDERR_REDIRECT] Sep 21, 2026 12:02:39 AM java.util.prefs.FileSystemPreferences checkLockFile0ErrorCode
2026-09-21 00:02:39,502 [ERROR] LogOutputStream:75 - [STDERR_REDIRECT] WARNING: Could not lock System prefs. Unix error code 31587.
2026-09-21 00:02:39,504 [ERROR] LogOutputStream:75 - [STDERR_REDIRECT] 
2026-09-21 00:02:39,505 [ERROR] LogOutputStream:75 - [STDERR_REDIRECT] Sep 21, 2026 12:02:39 AM java.util.prefs.FileSystemPreferences syncWorld
2026-09-21 00:02:39,505 [ERROR] LogOutputStream:75 - [STDERR_REDIRECT] WARNING: Couldn't flush system prefs: java.util.prefs.BackingStoreException: Couldn't get file lock.
2026-09-21 00:02:39,505 [ERROR] LogOutputStream:75 - [STDERR_REDIRECT] 
2026-09-21 00:03:09,502 [ERROR] LogOutputStream:75 - [STDERR_REDIRECT] Sep 21, 2026 12:03:09 AM java.util.prefs.FileSystemPreferences checkLockFile0ErrorCode
2026-09-21 00:03:09,502 [ERROR] LogOutputStream:75 - [STDERR_REDIRECT] WARNING: Could not lock System prefs. Unix error code 31587.
2026-09-21 00:03:09,502 [ERROR] LogOutputStream:75 - [STDERR_REDIRECT] 
2026-09-21 00:03:09,503 [ERROR] LogOutputStream:75 - [STDERR_REDIRECT] Sep 21, 2026 12:03:09 AM java.util.prefs.FileSystemPreferences syncWorld
2026-09-21 00:03:09,503 [ERROR] LogOutputStream:75 - [STDERR_REDIRECT] WARNING: Couldn't flush system prefs: java.util.prefs.BackingStoreException: Couldn't get file lock.
2026-09-21 00:03:09,503 [ERROR] LogOutputStream:75 - [STDERR_REDIRECT] 
2026-09-21 00:03:39,502 [ERROR] LogOutputStream:75 - [STDERR_REDIRECT] Sep 21, 2026 12:03:39 AM java.util.prefs.FileSystemPreferences checkLockFile0ErrorCode
2026-09-21 00:03:39,502 [ERROR] LogOutputStream:75 - [STDERR_REDIRECT] WARNING: Could not lock System prefs. Unix error code 31587.
2026-09-21 00:03:39,503 [ERROR] LogOutputStream:75 - [STDERR_REDIRECT] 
2026-09-21 00:03:39,503 [ERROR] LogOutputStream:75 - [STDERR_REDIRECT] Sep 21, 2026 12:03:39 AM java.util.prefs.FileSystemPreferences syncWorld
2026-09-21 00:03:39,503 [ERROR] LogOutputStream:75 - [STDERR_REDIRECT] WARNING: Couldn't flush system prefs: java.util.prefs.BackingStoreException: Couldn't get file lock.
2026-09-21 00:03:39,503 [ERROR] LogOutputStream:75 - [STDERR_REDIRECT] 
2026-09-21 00:04:09,505 [ERROR] LogOutputStream:75 - [STDERR_REDIRECT] Sep 21, 2026 12:04:09 AM java.util.prefs.FileSystemPreferences checkLockFile0ErrorCode
2026-09-21 00:04:09,505 [ERROR] LogOutputStream:75 - [STDERR_REDIRECT] WARNING: Could not lock System prefs. Unix error code 31587.
2026-09-21 00:04:09,505 [ERROR] LogOutputStream:75 - [STDERR_REDIRECT] 
2026-09-21 00:04:09,505 [ERROR] LogOutputStream:75 - [STDERR_REDIRECT] Sep 21, 2026 12:04:09 AM java.util.prefs.FileSystemPreferences syncWorld
2026-09-21 00:04:09,505 [ERROR] LogOutputStream:75 - [STDERR_REDIRECT] WARNING: Couldn't flush system prefs: java.util.prefs.BackingStoreException: Couldn't get file lock.
2026-09-21 00:04:09,505 [ERROR] LogOutputStream:75 - [STDERR_REDIRECT] 
2026-09-21 00:04:39,508 [ERROR] LogOutputStream:75 - [STDERR_REDIRECT] Sep 21, 2026 12:04:39 AM java.util.prefs.FileSystemPreferences checkLockFile0ErrorCode
2026-09-21 00:04:39,511 [ERROR] LogOutputStream:75 - [STDERR_REDIRECT] WARNING: Could not lock System prefs. Unix error code 31587.
2026-09-21 00:04:39,511 [ERROR] LogOutputStream:75 - [STDERR_REDIRECT] 
2026-09-21 00:04:39,512 [ERROR] LogOutputStream:75 - [STDERR_REDIRECT] Sep 21, 2026 12:04:39 AM java.util.prefs.FileSystemPreferences syncWorld
2026-09-21 00:04:39,512 [ERROR] LogOutputStream:75 - [STDERR_REDIRECT] WARNING: Couldn't flush system prefs: java.util.prefs.BackingStoreException: Couldn't get file lock.
2026-09-21 00:04:39,512 [ERROR] LogOutputStream:75 - [STDERR_REDIRECT] 
2026-09-21 00:05:09,512 [ERROR] LogOutputStream:75 - [STDERR_REDIRECT] Sep 21, 2026 12:05:09 AM java.util.prefs.FileSystemPreferences checkLockFile0ErrorCode
2026-09-21 00:05:09,513 [ERROR] LogOutputStream:75 - [STDERR_REDIRECT] WARNING: Could not lock System prefs. Unix error code 31587.
2026-09-21 00:05:09,513 [ERROR] LogOutputStream:75 - [STDERR_REDIRECT] 
2026-09-21 00:05:09,517 [ERROR] LogOutputStream:75 - [STDERR_REDIRECT] Sep 21, 2026 12:05:09 AM java.util.prefs.FileSystemPreferences syncWorld
2026-09-21 00:05:09,517 [ERROR] LogOutputStream:75 - [STDERR_REDIRECT] WARNING: Couldn't flush system prefs: java.util.prefs.BackingStoreException: Couldn't get file lock.
2026-09-21 00:05:09,517 [ERROR] LogOutputStream:75 - [STDERR_REDIRECT] 
2026-09-21 00:05:39,509 [ERROR] LogOutputStream:75 - [STDERR_REDIRECT] Sep 21, 2026 12:05:39 AM java.util.prefs.FileSystemPreferences checkLockFile0ErrorCode
2026-09-21 00:05:39,509 [ERROR] LogOutputStream:75 - [STDERR_REDIRECT] WARNING: Could not lock System prefs. Unix error code 31587.
2026-09-21 00:05:39,509 [ERROR] LogOutputStream:75 - [STDERR_REDIRECT] 
2026-09-21 00:05:39,509 [ERROR] LogOutputStream:75 - [STDERR_REDIRECT] Sep 21, 2026 12:05:39 AM java.util.prefs.FileSystemPreferences syncWorld
2026-09-21 00:05:39,509 [ERROR] LogOutputStream:75 - [STDERR_REDIRECT] WARNING: Couldn't flush system prefs: java.util.prefs.BackingStoreException: Couldn't get file lock.
2026-09-21 00:05:39,510 [ERROR] LogOutputStream:75 - [STDERR_REDIRECT] 
2026-09-21 00:06:09,526 [ERROR] LogOutputStream:75 - [STDERR_REDIRECT] Sep 21, 2026 12:06:09 AM java.util.prefs.FileSystemPreferences checkLockFile0ErrorCode
2026-09-21 00:06:09,526 [ERROR] LogOutputStream:75 - [STDERR_REDIRECT] WARNING: Could not lock System prefs. Unix error code 31587.
2026-09-21 00:06:09,526 [ERROR] LogOutputStream:75 - [STDERR_REDIRECT] 
2026-09-21 00:06:09,526 [ERROR] LogOutputStream:75 - [STDERR_REDIRECT] Sep 21, 2026 12:06:09 AM java.util.prefs.FileSystemPreferences syncWorld
2026-09-21 00:06:09,526 [ERROR] LogOutputStream:75 - [STDERR_REDIRECT] WARNING: Couldn't flush system prefs: java.util.prefs.BackingStoreException: Couldn't get file lock.
2026-09-21 00:06:09,527 [ERROR] LogOutputStream:75 - [STDERR_REDIRECT] 
2026-09-21 00:06:39,512 [ERROR] LogOutputStream:75 - [STDERR_REDIRECT] Sep 21, 2026 12:06:39 AM java.util.prefs.FileSystemPreferences checkLockFile0ErrorCode
2026-09-21 00:06:39,512 [ERROR] LogOutputStream:75 - [STDERR_REDIRECT] WARNING: Could not lock System prefs. Unix error code 31587.
2026-09-21 00:06:39,512 [ERROR] LogOutputStream:75 - [STDERR_REDIRECT] 
2026-09-21 00:06:39,512 [ERROR] LogOutputStream:75 - [STDERR_REDIRECT] Sep 21, 2026 12:06:39 AM java.util.prefs.FileSystemPreferences syncWorld
2026-09-21 00:06:39,513 [ERROR] LogOutputStream:75 - [STDERR_REDIRECT] WARNING: Couldn't flush system prefs: java.util.prefs.BackingStoreException: Couldn't get file lock.
2026-09-21 00:06:39,513 [ERROR] LogOutputStream:75 - [STDERR_REDIRECT] 
2026-09-21 00:07:09,532 [ERROR] LogOutputStream:75 - [STDERR_REDIRECT] Sep 21, 2026 12:07:09 AM java.util.prefs.FileSystemPreferences checkLockFile0ErrorCode
2026-09-21 00:07:09,533 [ERROR] LogOutputStream:75 - [STDERR_REDIRECT] WARNING: Could not lock System prefs. Unix error code 31587.
2026-09-21 00:07:09,533 [ERROR] LogOutputStream:75 - [STDERR_REDIRECT] 
2026-09-21 00:07:09,533 [ERROR] LogOutputStream:75 - [STDERR_REDIRECT] Sep 21, 2026 12:07:09 AM java.util.prefs.FileSystemPreferences syncWorld
2026-09-21 00:07:09,533 [ERROR] LogOutputStream:75 - [STDERR_REDIRECT] WARNING: Couldn't flush system prefs: java.util.prefs.BackingStoreException: Couldn't get file lock.
2026-09-21 00:07:09,533 [ERROR] LogOutputStream:75 - [STDERR_REDIRECT] 
2026-09-21 00:07:39,512 [ERROR] LogOutputStream:75 - [STDERR_REDIRECT] Sep 21, 2026 12:07:39 AM java.util.prefs.FileSystemPreferences checkLockFile0ErrorCode
2026-09-21 00:07:39,512 [ERROR] LogOutputStream:75 - [STDERR_REDIRECT] WARNING: Could not lock System prefs. Unix error code 31587.
2026-09-21 00:07:39,512 [ERROR] LogOutputStream:75 - [STDERR_REDIRECT] 
2026-09-21 00:07:39,514 [ERROR] LogOutputStream:75 - [STDERR_REDIRECT] Sep 21, 2026 12:07:39 AM java.util.prefs.FileSystemPreferences syncWorld
2026-09-21 00:07:39,514 [ERROR] LogOutputStream:75 - [STDERR_REDIRECT] WARNING: Couldn't flush system prefs: java.util.prefs.BackingStoreException: Couldn't get file lock.
2026-09-21 00:07:39,514 [ERROR] LogOutputStream:75 - [STDERR_REDIRECT] 
2026-09-21 00:08:09,518 [ERROR] LogOutputStream:75 - [STDERR_REDIRECT] Sep 21, 2026 12:08:09 AM java.util.prefs.FileSystemPreferences checkLockFile0ErrorCode
2026-09-21 00:08:09,520 [ERROR] LogOutputStream:75 - [STDERR_REDIRECT] WARNING: Could not lock System prefs. Unix error code 31587.
2026-09-21 00:08:09,521 [ERROR] LogOutputStream:75 - [STDERR_REDIRECT] 
2026-09-21 00:08:09,522 [ERROR] LogOutputStream:75 - [STDERR_REDIRECT] Sep 21, 2026 12:08:09 AM java.util.prefs.FileSystemPreferences syncWorld
2026-09-21 00:08:09,523 [ERROR] LogOutputStream:75 - [STDERR_REDIRECT] WARNING: Couldn't flush system prefs: java.util.prefs.BackingStoreException: Couldn't get file lock.
2026-09-21 00:08:09,523 [ERROR] LogOutputStream:75 - [STDERR_REDIRECT] 
2026-09-21 00:08:39,524 [ERROR] LogOutputStream:75 - [STDERR_REDIRECT] Sep 21, 2026 12:08:39 AM java.util.prefs.FileSystemPreferences checkLockFile0ErrorCode
2026-09-21 00:08:39,525 [ERROR] LogOutputStream:75 - [STDERR_REDIRECT] WARNING: Could not lock System prefs. Unix error code 31587.
2026-09-21 00:08:39,525 [ERROR] LogOutputStream:75 - [STDERR_REDIRECT] 
2026-09-21 00:08:39,526 [ERROR] LogOutputStream:75 - [STDERR_REDIRECT] Sep 21, 2026 12:08:39 AM java.util.prefs.FileSystemPreferences syncWorld
2026-09-21 00:08:39,526 [ERROR] LogOutputStream:75 - [STDERR_REDIRECT] WARNING: Couldn't flush system prefs: java.util.prefs.BackingStoreException: Couldn't get file lock.
2026-09-21 00:08:39,529 [ERROR] LogOutputStream:75 - [STDERR_REDIRECT] 
2026-09-21 00:09:09,515 [ERROR] LogOutputStream:75 - [STDERR_REDIRECT] Sep 21, 2026 12:09:09 AM java.util.prefs.FileSystemPreferences checkLockFile0ErrorCode
2026-09-21 00:09:09,516 [ERROR] LogOutputStream:75 - [STDERR_REDIRECT] WARNING: Could not lock System prefs. Unix error code 31587.
2026-09-21 00:09:09,516 [ERROR] LogOutputStream:75 - [STDERR_REDIRECT] 
2026-09-21 00:09:09,516 [ERROR] LogOutputStream:75 - [STDERR_REDIRECT] Sep 21, 2026 12:09:09 AM java.util.prefs.FileSystemPreferences syncWorld
2026-09-21 00:09:09,520 [ERROR] LogOutputStream:75 - [STDERR_REDIRECT] WARNING: Couldn't flush system prefs: java.util.prefs.BackingStoreException: Couldn't get file lock.
2026-09-21 00:09:09,533 [ERROR] LogOutputStream:75 - [STDERR_REDIRECT] 
2026-09-21 00:09:39,518 [ERROR] LogOutputStream:75 - [STDERR_REDIRECT] Sep 21, 2026 12:09:39 AM java.util.prefs.FileSystemPreferences checkLockFile0ErrorCode
2026-09-21 00:09:39,519 [ERROR] LogOutputStream:75 - [STDERR_REDIRECT] WARNING: Could not lock System prefs. Unix error code 31587.
2026-09-21 00:09:39,519 [ERROR] LogOutputStream:75 - [STDERR_REDIRECT] 
2026-09-21 00:09:39,519 [ERROR] LogOutputStream:75 - [STDERR_REDIRECT] Sep 21, 2026 12:09:39 AM java.util.prefs.FileSystemPreferences syncWorld
2026-09-21 00:09:39,519 [ERROR] LogOutputStream:75 - [STDERR_REDIRECT] WARNING: Couldn't flush system prefs: java.util.prefs.BackingStoreException: Couldn't get file lock.
2026-09-21 00:09:39,519 [ERROR] LogOutputStream:75 - [STDERR_REDIRECT] 
2026-09-21 00:10:09,521 [ERROR] LogOutputStream:75 - [STDERR_REDIRECT] Sep 21, 2026 12:10:09 AM java.util.prefs.FileSystemPreferences checkLockFile0ErrorCode
2026-09-21 00:10:09,521 [ERROR] LogOutputStream:75 - [STDERR_REDIRECT] WARNING: Could not lock System prefs. Unix error code 31587.
2026-09-21 00:10:09,521 [ERROR] LogOutputStream:75 - [STDERR_REDIRECT] 
2026-09-21 00:10:09,521 [ERROR] LogOutputStream:75 - [STDERR_REDIRECT] Sep 21, 2026 12:10:09 AM java.util.prefs.FileSystemPreferences syncWorld
2026-09-21 00:10:09,521 [ERROR] LogOutputStream:75 - [STDERR_REDIRECT] WARNING: Couldn't flush system prefs: java.util.prefs.BackingStoreException: Couldn't get file lock.
2026-09-21 00:10:09,522 [ERROR] LogOutputStream:75 - [STDERR_REDIRECT] 
2026-09-21 00:10:39,561 [ERROR] LogOutputStream:75 - [STDERR_REDIRECT] Sep 21, 2026 12:10:39 AM java.util.prefs.FileSystemPreferences checkLockFile0ErrorCode
2026-09-21 00:10:39,561 [ERROR] LogOutputStream:75 - [STDERR_REDIRECT] WARNING: Could not lock System prefs. Unix error code 31587.
2026-09-21 00:10:39,562 [ERROR] LogOutputStream:75 - [STDERR_REDIRECT] 
2026-09-21 00:10:39,562 [ERROR] LogOutputStream:75 - [STDERR_REDIRECT] Sep 21, 2026 12:10:39 AM java.util.prefs.FileSystemPreferences syncWorld
2026-09-21 00:10:39,562 [ERROR] LogOutputStream:75 - [STDERR_REDIRECT] WARNING: Couldn't flush system prefs: java.util.prefs.BackingStoreException: Couldn't get file lock.
2026-09-21 00:10:39,567 [ERROR] LogOutputStream:75 - [STDERR_REDIRECT] 
2026-09-21 00:11:09,534 [ERROR] LogOutputStream:75 - [STDERR_REDIRECT] Sep 21, 2026 12:11:09 AM java.util.prefs.FileSystemPreferences checkLockFile0ErrorCode
2026-09-21 00:11:09,534 [ERROR] LogOutputStream:75 - [STDERR_REDIRECT] WARNING: Could not lock System prefs. Unix error code 31587.
2026-09-21 00:11:09,534 [ERROR] LogOutputStream:75 - [STDERR_REDIRECT] 
2026-09-21 00:11:09,534 [ERROR] LogOutputStream:75 - [STDERR_REDIRECT] Sep 21, 2026 12:11:09 AM java.util.prefs.FileSystemPreferences syncWorld
2026-09-21 00:11:09,535 [ERROR] LogOutputStream:75 - [STDERR_REDIRECT] WARNING: Couldn't flush system prefs: java.util.prefs.BackingStoreException: Couldn't get file lock.
2026-09-21 00:11:09,535 [ERROR] LogOutputStream:75 - [STDERR_REDIRECT] 
2026-09-21 00:11:39,564 [ERROR] LogOutputStream:75 - [STDERR_REDIRECT] Sep 21, 2026 12:11:39 AM java.util.prefs.FileSystemPreferences checkLockFile0ErrorCode
2026-09-21 00:11:39,564 [ERROR] LogOutputStream:75 - [STDERR_REDIRECT] WARNING: Could not lock System prefs. Unix error code 31587.
2026-09-21 00:11:39,564 [ERROR] LogOutputStream:75 - [STDERR_REDIRECT] 
2026-09-21 00:11:39,565 [ERROR] LogOutputStream:75 - [STDERR_REDIRECT] Sep 21, 2026 12:11:39 AM java.util.prefs.FileSystemPreferences syncWorld
2026-09-21 00:11:39,566 [ERROR] LogOutputStream:75 - [STDERR_REDIRECT] WARNING: Couldn't flush system prefs: java.util.prefs.BackingStoreException: Couldn't get file lock.
2026-09-21 00:11:39,566 [ERROR] LogOutputStream:75 - [STDERR_REDIRECT] 
2026-09-21 00:12:09,560 [ERROR] LogOutputStream:75 - [STDERR_REDIRECT] Sep 21, 2026 12:12:09 AM java.util.prefs.FileSystemPreferences checkLockFile0ErrorCode
2026-09-21 00:12:09,561 [ERROR] LogOutputStream:75 - [STDERR_REDIRECT] WARNING: Could not lock System prefs. Unix error code 31587.
2026-09-21 00:12:09,561 [ERROR] LogOutputStream:75 - [STDERR_REDIRECT] 
2026-09-21 00:12:09,562 [ERROR] LogOutputStream:75 - [STDERR_REDIRECT] Sep 21, 2026 12:12:09 AM java.util.prefs.FileSystemPreferences syncWorld
2026-09-21 00:12:09,563 [ERROR] LogOutputStream:75 - [STDERR_REDIRECT] WARNING: Couldn't flush system prefs: java.util.prefs.BackingStoreException: Couldn't get file lock.
2026-09-21 00:12:09,563 [ERROR] LogOutputStream:75 - [STDERR_REDIRECT] 
2026-09-21 00:12:39,561 [ERROR] LogOutputStream:75 - [STDERR_REDIRECT] Sep 21, 2026 12:12:39 AM java.util.prefs.FileSystemPreferences checkLockFile0ErrorCode
2026-09-21 00:12:39,562 [ERROR] LogOutputStream:75 - [STDERR_REDIRECT] WARNING: Could not lock System prefs. Unix error code 31587.
2026-09-21 00:12:39,562 [ERROR] LogOutputStream:75 - [STDERR_REDIRECT] 
2026-09-21 00:12:39,562 [ERROR] LogOutputStream:75 - [STDERR_REDIRECT] Sep 21, 2026 12:12:39 AM java.util.prefs.FileSystemPreferences syncWorld
2026-09-21 00:12:39,562 [ERROR] LogOutputStream:75 - [STDERR_REDIRECT] WARNING: Couldn't flush system prefs: java.util.prefs.BackingStoreException: Couldn't get file lock.
2026-09-21 00:12:39,562 [ERROR] LogOutputStream:75 - [STDERR_REDIRECT] 
2026-09-21 00:13:09,578 [ERROR] LogOutputStream:75 - [STDERR_REDIRECT] Sep 21, 2026 12:13:09 AM java.util.prefs.FileSystemPreferences checkLockFile0ErrorCode
2026-09-21 00:13:09,578 [ERROR] LogOutputStream:75 - [STDERR_REDIRECT] WARNING: Could not lock System prefs. Unix error code 31587.
2026-09-21 00:13:09,578 [ERROR] LogOutputStream:75 - [STDERR_REDIRECT] 
2026-09-21 00:13:09,578 [ERROR] LogOutputStream:75 - [STDERR_REDIRECT] Sep 21, 2026 12:13:09 AM java.util.prefs.FileSystemPreferences syncWorld
2026-09-21 00:13:09,578 [ERROR] LogOutputStream:75 - [STDERR_REDIRECT] WARNING: Couldn't flush system prefs: java.util.prefs.BackingStoreException: Couldn't get file lock.
2026-09-21 00:13:09,579 [ERROR] LogOutputStream:75 - [STDERR_REDIRECT] 
2026-09-21 00:13:39,563 [ERROR] LogOutputStream:75 - [STDERR_REDIRECT] Sep 21, 2026 12:13:39 AM java.util.prefs.FileSystemPreferences checkLockFile0ErrorCode
2026-09-21 00:13:39,563 [ERROR] LogOutputStream:75 - [STDERR_REDIRECT] WARNING: Could not lock System prefs. Unix error code 31587.
2026-09-21 00:13:39,563 [ERROR] LogOutputStream:75 - [STDERR_REDIRECT] 
2026-09-21 00:13:39,563 [ERROR] LogOutputStream:75 - [STDERR_REDIRECT] Sep 21, 2026 12:13:39 AM java.util.prefs.FileSystemPreferences syncWorld
2026-09-21 00:13:39,564 [ERROR] LogOutputStream:75 - [STDERR_REDIRECT] WARNING: Couldn't flush system prefs: java.util.prefs.BackingStoreException: Couldn't get file lock.
2026-09-21 00:13:39,564 [ERROR] LogOutputStream:75 - [STDERR_REDIRECT] 
2026-09-21 00:14:09,563 [ERROR] LogOutputStream:75 - [STDERR_REDIRECT] Sep 21, 2026 12:14:09 AM java.util.prefs.FileSystemPreferences checkLockFile0ErrorCode
2026-09-21 00:14:09,563 [ERROR] LogOutputStream:75 - [STDERR_REDIRECT] WARNING: Could not lock System prefs. Unix error code 31587.
2026-09-21 00:14:09,563 [ERROR] LogOutputStream:75 - [STDERR_REDIRECT] 
2026-09-21 00:14:09,567 [ERROR] LogOutputStream:75 - [STDERR_REDIRECT] Sep 21, 2026 12:14:09 AM java.util.prefs.FileSystemPreferences syncWorld
2026-09-21 00:14:09,567 [ERROR] LogOutputStream:75 - [STDERR_REDIRECT] WARNING: Couldn't flush system prefs: java.util.prefs.BackingStoreException: Couldn't get file lock.
2026-09-21 00:14:09,568 [ERROR] LogOutputStream:75 - [STDERR_REDIRECT] 
2026-09-21 00:14:39,579 [ERROR] LogOutputStream:75 - [STDERR_REDIRECT] Sep 21, 2026 12:14:39 AM java.util.prefs.FileSystemPreferences checkLockFile0ErrorCode
2026-09-21 00:14:39,580 [ERROR] LogOutputStream:75 - [STDERR_REDIRECT] WARNING: Could not lock System prefs. Unix error code 31587.
2026-09-21 00:14:39,580 [ERROR] LogOutputStream:75 - [STDERR_REDIRECT] 
2026-09-21 00:14:39,580 [ERROR] LogOutputStream:75 - [STDERR_REDIRECT] Sep 21, 2026 12:14:39 AM java.util.prefs.FileSystemPreferences syncWorld
2026-09-21 00:14:39,580 [ERROR] LogOutputStream:75 - [STDERR_REDIRECT] WARNING: Couldn't flush system prefs: java.util.prefs.BackingStoreException: Couldn't get file lock.
2026-09-21 00:14:39,580 [ERROR] LogOutputStream:75 - [STDERR_REDIRECT] 
2026-09-21 00:15:09,566 [ERROR] LogOutputStream:75 - [STDERR_REDIRECT] Sep 21, 2026 12:15:09 AM java.util.prefs.FileSystemPreferences checkLockFile0ErrorCode
2026-09-21 00:15:09,566 [ERROR] LogOutputStream:75 - [STDERR_REDIRECT] WARNING: Could not lock System prefs. Unix error code 31587.
2026-09-21 00:15:09,567 [ERROR] LogOutputStream:75 - [STDERR_REDIRECT] 
2026-09-21 00:15:09,567 [ERROR] LogOutputStream:75 - [STDERR_REDIRECT] Sep 21, 2026 12:15:09 AM java.util.prefs.FileSystemPreferences syncWorld
2026-09-21 00:15:09,567 [ERROR] LogOutputStream:75 - [STDERR_REDIRECT] WARNING: Couldn't flush system prefs: java.util.prefs.BackingStoreException: Couldn't get file lock.
2026-09-21 00:15:09,570 [ERROR] LogOutputStream:75 - [STDERR_REDIRECT] 
2026-09-21 00:15:39,568 [ERROR] LogOutputStream:75 - [STDERR_REDIRECT] Sep 21, 2026 12:15:39 AM java.util.prefs.FileSystemPreferences checkLockFile0ErrorCode
2026-09-21 00:15:39,568 [ERROR] LogOutputStream:75 - [STDERR_REDIRECT] WARNING: Could not lock System prefs. Unix error code 31587.
2026-09-21 00:15:39,568 [ERROR] LogOutputStream:75 - [STDERR_REDIRECT] 
2026-09-21 00:15:39,568 [ERROR] LogOutputStream:75 - [STDERR_REDIRECT] Sep 21, 2026 12:15:39 AM java.util.prefs.FileSystemPreferences syncWorld
2026-09-21 00:15:39,568 [ERROR] LogOutputStream:75 - [STDERR_REDIRECT] WARNING: Couldn't flush system prefs: java.util.prefs.BackingStoreException: Couldn't get file lock.
2026-09-21 00:15:39,568 [ERROR] LogOutputStream:75 - [STDERR_REDIRECT] 
2026-09-21 00:16:09,569 [ERROR] LogOutputStream:75 - [STDERR_REDIRECT] Sep 21, 2026 12:16:09 AM java.util.prefs.FileSystemPreferences checkLockFile0ErrorCode
2026-09-21 00:16:09,570 [ERROR] LogOutputStream:75 - [STDERR_REDIRECT] WARNING: Could not lock System prefs. Unix error code 31587.
2026-09-21 00:16:09,570 [ERROR] LogOutputStream:75 - [STDERR_REDIRECT] 
2026-09-21 00:16:09,572 [ERROR] LogOutputStream:75 - [STDERR_REDIRECT] Sep 21, 2026 12:16:09 AM java.util.prefs.FileSystemPreferences syncWorld
2026-09-21 00:16:09,572 [ERROR] LogOutputStream:75 - [STDERR_REDIRECT] WARNING: Couldn't flush system prefs: java.util.prefs.BackingStoreException: Couldn't get file lock.
2026-09-21 00:16:09,572 [ERROR] LogOutputStream:75 - [STDERR_REDIRECT] 
2026-09-21 00:16:39,574 [ERROR] LogOutputStream:75 - [STDERR_REDIRECT] Sep 21, 2026 12:16:39 AM java.util.prefs.FileSystemPreferences checkLockFile0ErrorCode
2026-09-21 00:16:39,575 [ERROR] LogOutputStream:75 - [STDERR_REDIRECT] WARNING: Could not lock System prefs. Unix error code 31587.
2026-09-21 00:16:39,575 [ERROR] LogOutputStream:75 - [STDERR_REDIRECT] 
2026-09-21 00:16:39,575 [ERROR] LogOutputStream:75 - [STDERR_REDIRECT] Sep 21, 2026 12:16:39 AM java.util.prefs.FileSystemPreferences syncWorld
2026-09-21 00:16:39,575 [ERROR] LogOutputStream:75 - [STDERR_REDIRECT] WARNING: Couldn't flush system prefs: java.util.prefs.BackingStoreException: Couldn't get file lock.
2026-09-21 00:16:39,575 [ERROR] LogOutputStream:75 - [STDERR_REDIRECT] 
2026-09-21 00:17:09,573 [ERROR] LogOutputStream:75 - [STDERR_REDIRECT] Sep 21, 2026 12:17:09 AM java.util.prefs.FileSystemPreferences checkLockFile0ErrorCode
2026-09-21 00:17:09,573 [ERROR] LogOutputStream:75 - [STDERR_REDIRECT] WARNING: Could not lock System prefs. Unix error code 31587.
2026-09-21 00:17:09,573 [ERROR] LogOutputStream:75 - [STDERR_REDIRECT] 
2026-09-21 00:17:09,573 [ERROR] LogOutputStream:75 - [STDERR_REDIRECT] Sep 21, 2026 12:17:09 AM java.util.prefs.FileSystemPreferences syncWorld
2026-09-21 00:17:09,573 [ERROR] LogOutputStream:75 - [STDERR_REDIRECT] WARNING: Couldn't flush system prefs: java.util.prefs.BackingStoreException: Couldn't get file lock.
2026-09-21 00:17:09,574 [ERROR] LogOutputStream:75 - [STDERR_REDIRECT] 
2026-09-21 00:17:39,588 [ERROR] LogOutputStream:75 - [STDERR_REDIRECT] Sep 21, 2026 12:17:39 AM java.util.prefs.FileSystemPreferences checkLockFile0ErrorCode
2026-09-21 00:17:39,588 [ERROR] LogOutputStream:75 - [STDERR_REDIRECT] WARNING: Could not lock System prefs. Unix error code 31587.
2026-09-21 00:17:39,588 [ERROR] LogOutputStream:75 - [STDERR_REDIRECT] 
2026-09-21 00:17:39,588 [ERROR] LogOutputStream:75 - [STDERR_REDIRECT] Sep 21, 2026 12:17:39 AM java.util.prefs.FileSystemPreferences syncWorld
2026-09-21 00:17:39,588 [ERROR] LogOutputStream:75 - [STDERR_REDIRECT] WARNING: Couldn't flush system prefs: java.util.prefs.BackingStoreException: Couldn't get file lock.
2026-09-21 00:17:39,588 [ERROR] LogOutputStream:75 - [STDERR_REDIRECT] 
2026-09-21 00:18:09,576 [ERROR] LogOutputStream:75 - [STDERR_REDIRECT] Sep 21, 2026 12:18:09 AM java.util.prefs.FileSystemPreferences checkLockFile0ErrorCode
2026-09-21 00:18:09,577 [ERROR] LogOutputStream:75 - [STDERR_REDIRECT] WARNING: Could not lock System prefs. Unix error code 31587.
2026-09-21 00:18:09,578 [ERROR] LogOutputStream:75 - [STDERR_REDIRECT] 
2026-09-21 00:18:09,578 [ERROR] LogOutputStream:75 - [STDERR_REDIRECT] Sep 21, 2026 12:18:09 AM java.util.prefs.FileSystemPreferences syncWorld
2026-09-21 00:18:09,578 [ERROR] LogOutputStream:75 - [STDERR_REDIRECT] WARNING: Couldn't flush system prefs: java.util.prefs.BackingStoreException: Couldn't get file lock.
2026-09-21 00:18:09,579 [ERROR] LogOutputStream:75 - [STDERR_REDIRECT] 
2026-09-21 00:18:39,578 [ERROR] LogOutputStream:75 - [STDERR_REDIRECT] Sep 21, 2026 12:18:39 AM java.util.prefs.FileSystemPreferences checkLockFile0ErrorCode
2026-09-21 00:18:39,578 [ERROR] LogOutputStream:75 - [STDERR_REDIRECT] WARNING: Could not lock System prefs. Unix error code 31587.
2026-09-21 00:18:39,578 [ERROR] LogOutputStream:75 - [STDERR_REDIRECT] 
2026-09-21 00:18:39,578 [ERROR] LogOutputStream:75 - [STDERR_REDIRECT] Sep 21, 2026 12:18:39 AM java.util.prefs.FileSystemPreferences syncWorld
2026-09-21 00:18:39,579 [ERROR] LogOutputStream:75 - [STDERR_REDIRECT] WARNING: Couldn't flush system prefs: java.util.prefs.BackingStoreException: Couldn't get file lock.
2026-09-21 00:18:39,579 [ERROR] LogOutputStream:75 - [STDERR_REDIRECT] 
2026-09-21 00:19:09,595 [ERROR] LogOutputStream:75 - [STDERR_REDIRECT] Sep 21, 2026 12:19:09 AM java.util.prefs.FileSystemPreferences checkLockFile0ErrorCode
2026-09-21 00:19:09,596 [ERROR] LogOutputStream:75 - [STDERR_REDIRECT] WARNING: Could not lock System prefs. Unix error code 31587.
2026-09-21 00:19:09,596 [ERROR] LogOutputStream:75 - [STDERR_REDIRECT] 
2026-09-21 00:19:09,597 [ERROR] LogOutputStream:75 - [STDERR_REDIRECT] Sep 21, 2026 12:19:09 AM java.util.prefs.FileSystemPreferences syncWorld
2026-09-21 00:19:09,597 [ERROR] LogOutputStream:75 - [STDERR_REDIRECT] WARNING: Couldn't flush system prefs: java.util.prefs.BackingStoreException: Couldn't get file lock.
2026-09-21 00:19:09,597 [ERROR] LogOutputStream:75 - [STDERR_REDIRECT] 
2026-09-21 00:19:39,576 [ERROR] LogOutputStream:75 - [STDERR_REDIRECT] Sep 21, 2026 12:19:39 AM java.util.prefs.FileSystemPreferences checkLockFile0ErrorCode
2026-09-21 00:19:39,577 [ERROR] LogOutputStream:75 - [STDERR_REDIRECT] WARNING: Could not lock System prefs. Unix error code 31587.
2026-09-21 00:19:39,577 [ERROR] LogOutputStream:75 - [STDERR_REDIRECT] 
2026-09-21 00:19:39,578 [ERROR] LogOutputStream:75 - [STDERR_REDIRECT] Sep 21, 2026 12:19:39 AM java.util.prefs.FileSystemPreferences syncWorld
2026-09-21 00:19:39,578 [ERROR] LogOutputStream:75 - [STDERR_REDIRECT] WARNING: Couldn't flush system prefs: java.util.prefs.BackingStoreException: Couldn't get file lock.
2026-09-21 00:19:39,578 [ERROR] LogOutputStream:75 - [STDERR_REDIRECT] 
2026-09-21 00:20:09,580 [ERROR] LogOutputStream:75 - [STDERR_REDIRECT] Sep 21, 2026 12:20:09 AM java.util.prefs.FileSystemPreferences checkLockFile0ErrorCode
2026-09-21 00:20:09,580 [ERROR] LogOutputStream:75 - [STDERR_REDIRECT] WARNING: Could not lock System prefs. Unix error code 31587.
2026-09-21 00:20:09,580 [ERROR] LogOutputStream:75 - [STDERR_REDIRECT] 
2026-09-21 00:20:09,580 [ERROR] LogOutputStream:75 - [STDERR_REDIRECT] Sep 21, 2026 12:20:09 AM java.util.prefs.FileSystemPreferences syncWorld
2026-09-21 00:20:09,580 [ERROR] LogOutputStream:75 - [STDERR_REDIRECT] WARNING: Couldn't flush system prefs: java.util.prefs.BackingStoreException: Couldn't get file lock.
2026-09-21 00:20:09,580 [ERROR] LogOutputStream:75 - [STDERR_REDIRECT] 
2026-09-21 00:20:39,581 [ERROR] LogOutputStream:75 - [STDERR_REDIRECT] Sep 21, 2026 12:20:39 AM java.util.prefs.FileSystemPreferences checkLockFile0ErrorCode
2026-09-21 00:20:39,582 [ERROR] LogOutputStream:75 - [STDERR_REDIRECT] WARNING: Could not lock System prefs. Unix error code 31587.
2026-09-21 00:20:39,582 [ERROR] LogOutputStream:75 - [STDERR_REDIRECT] 
2026-09-21 00:20:39,582 [ERROR] LogOutputStream:75 - [STDERR_REDIRECT] Sep 21, 2026 12:20:39 AM java.util.prefs.FileSystemPreferences syncWorld
2026-09-21 00:20:39,582 [ERROR] LogOutputStream:75 - [STDERR_REDIRECT] WARNING: Couldn't flush system prefs: java.util.prefs.BackingStoreException: Couldn't get file lock.
2026-09-21 00:20:39,582 [ERROR] LogOutputStream:75 - [STDERR_REDIRECT] 
2026-09-21 00:21:09,613 [ERROR] LogOutputStream:75 - [STDERR_REDIRECT] Sep 21, 2026 12:21:09 AM java.util.prefs.FileSystemPreferences checkLockFile0ErrorCode
2026-09-21 00:21:09,615 [ERROR] LogOutputStream:75 - [STDERR_REDIRECT] WARNING: Could not lock System prefs. Unix error code 31587.
2026-09-21 00:21:09,616 [ERROR] LogOutputStream:75 - [STDERR_REDIRECT] 
2026-09-21 00:21:09,619 [ERROR] LogOutputStream:75 - [STDERR_REDIRECT] Sep 21, 2026 12:21:09 AM java.util.prefs.FileSystemPreferences syncWorld
2026-09-21 00:21:09,619 [ERROR] LogOutputStream:75 - [STDERR_REDIRECT] WARNING: Couldn't flush system prefs: java.util.prefs.BackingStoreException: Couldn't get file lock.
2026-09-21 00:21:09,619 [ERROR] LogOutputStream:75 - [STDERR_REDIRECT] 
2026-09-21 00:21:39,586 [ERROR] LogOutputStream:75 - [STDERR_REDIRECT] Sep 21, 2026 12:21:39 AM java.util.prefs.FileSystemPreferences checkLockFile0ErrorCode
2026-09-21 00:21:39,586 [ERROR] LogOutputStream:75 - [STDERR_REDIRECT] WARNING: Could not lock System prefs. Unix error code 31587.
2026-09-21 00:21:39,586 [ERROR] LogOutputStream:75 - [STDERR_REDIRECT] 
2026-09-21 00:21:39,586 [ERROR] LogOutputStream:75 - [STDERR_REDIRECT] Sep 21, 2026 12:21:39 AM java.util.prefs.FileSystemPreferences syncWorld
2026-09-21 00:21:39,586 [ERROR] LogOutputStream:75 - [STDERR_REDIRECT] WARNING: Couldn't flush system prefs: java.util.prefs.BackingStoreException: Couldn't get file lock.
2026-09-21 00:21:39,587 [ERROR] LogOutputStream:75 - [STDERR_REDIRECT] 
2026-09-21 00:22:09,586 [ERROR] LogOutputStream:75 - [STDERR_REDIRECT] Sep 21, 2026 12:22:09 AM java.util.prefs.FileSystemPreferences checkLockFile0ErrorCode
2026-09-21 00:22:09,587 [ERROR] LogOutputStream:75 - [STDERR_REDIRECT] WARNING: Could not lock System prefs. Unix error code 31587.
2026-09-21 00:22:09,587 [ERROR] LogOutputStream:75 - [STDERR_REDIRECT] 
2026-09-21 00:22:09,588 [ERROR] LogOutputStream:75 - [STDERR_REDIRECT] Sep 21, 2026 12:22:09 AM java.util.prefs.FileSystemPreferences syncWorld
2026-09-21 00:22:09,588 [ERROR] LogOutputStream:75 - [STDERR_REDIRECT] WARNING: Couldn't flush system prefs: java.util.prefs.BackingStoreException: Couldn't get file lock.
2026-09-21 00:22:09,589 [ERROR] LogOutputStream:75 - [STDERR_REDIRECT] 
2026-09-21 00:22:39,586 [ERROR] LogOutputStream:75 - [STDERR_REDIRECT] Sep 21, 2026 12:22:39 AM java.util.prefs.FileSystemPreferences checkLockFile0ErrorCode
2026-09-21 00:22:39,587 [ERROR] LogOutputStream:75 - [STDERR_REDIRECT] WARNING: Could not lock System prefs. Unix error code 31587.
2026-09-21 00:22:39,587 [ERROR] LogOutputStream:75 - [STDERR_REDIRECT] 
2026-09-21 00:22:39,587 [ERROR] LogOutputStream:75 - [STDERR_REDIRECT] Sep 21, 2026 12:22:39 AM java.util.prefs.FileSystemPreferences syncWorld
2026-09-21 00:22:39,590 [ERROR] LogOutputStream:75 - [STDERR_REDIRECT] WARNING: Couldn't flush system prefs: java.util.prefs.BackingStoreException: Couldn't get file lock.
2026-09-21 00:22:39,590 [ERROR] LogOutputStream:75 - [STDERR_REDIRECT] 
2026-09-21 00:23:09,600 [ERROR] LogOutputStream:75 - [STDERR_REDIRECT] Sep 21, 2026 12:23:09 AM java.util.prefs.FileSystemPreferences checkLockFile0ErrorCode
2026-09-21 00:23:09,600 [ERROR] LogOutputStream:75 - [STDERR_REDIRECT] WARNING: Could not lock System prefs. Unix error code 31587.
2026-09-21 00:23:09,600 [ERROR] LogOutputStream:75 - [STDERR_REDIRECT] 
2026-09-21 00:23:09,601 [ERROR] LogOutputStream:75 - [STDERR_REDIRECT] Sep 21, 2026 12:23:09 AM java.util.prefs.FileSystemPreferences syncWorld
2026-09-21 00:23:09,601 [ERROR] LogOutputStream:75 - [STDERR_REDIRECT] WARNING: Couldn't flush system prefs: java.util.prefs.BackingStoreException: Couldn't get file lock.
2026-09-21 00:23:09,601 [ERROR] LogOutputStream:75 - [STDERR_REDIRECT] 
2026-09-21 00:23:39,603 [ERROR] LogOutputStream:75 - [STDERR_REDIRECT] Sep 21, 2026 12:23:39 AM java.util.prefs.FileSystemPreferences checkLockFile0ErrorCode
2026-09-21 00:23:39,604 [ERROR] LogOutputStream:75 - [STDERR_REDIRECT] WARNING: Could not lock System prefs. Unix error code 31587.
2026-09-21 00:23:39,604 [ERROR] LogOutputStream:75 - [STDERR_REDIRECT] 
2026-09-21 00:23:39,604 [ERROR] LogOutputStream:75 - [STDERR_REDIRECT] Sep 21, 2026 12:23:39 AM java.util.prefs.FileSystemPreferences syncWorld
2026-09-21 00:23:39,604 [ERROR] LogOutputStream:75 - [STDERR_REDIRECT] WARNING: Couldn't flush system prefs: java.util.prefs.BackingStoreException: Couldn't get file lock.
2026-09-21 00:23:39,604 [ERROR] LogOutputStream:75 - [STDERR_REDIRECT] 
2026-09-21 00:24:09,608 [ERROR] LogOutputStream:75 - [STDERR_REDIRECT] Sep 21, 2026 12:24:09 AM java.util.prefs.FileSystemPreferences checkLockFile0ErrorCode
2026-09-21 00:24:09,608 [ERROR] LogOutputStream:75 - [STDERR_REDIRECT] WARNING: Could not lock System prefs. Unix error code 31587.
2026-09-21 00:24:09,609 [ERROR] LogOutputStream:75 - [STDERR_REDIRECT] 
2026-09-21 00:24:09,609 [ERROR] LogOutputStream:75 - [STDERR_REDIRECT] Sep 21, 2026 12:24:09 AM java.util.prefs.FileSystemPreferences syncWorld
2026-09-21 00:24:09,609 [ERROR] LogOutputStream:75 - [STDERR_REDIRECT] WARNING: Couldn't flush system prefs: java.util.prefs.BackingStoreException: Couldn't get file lock.
2026-09-21 00:24:09,609 [ERROR] LogOutputStream:75 - [STDERR_REDIRECT] 
2026-09-21 00:24:39,611 [ERROR] LogOutputStream:75 - [STDERR_REDIRECT] Sep 21, 2026 12:24:39 AM java.util.prefs.FileSystemPreferences checkLockFile0ErrorCode
2026-09-21 00:24:39,611 [ERROR] LogOutputStream:75 - [STDERR_REDIRECT] WARNING: Could not lock System prefs. Unix error code 31587.
2026-09-21 00:24:39,611 [ERROR] LogOutputStream:75 - [STDERR_REDIRECT] 
2026-09-21 00:24:39,611 [ERROR] LogOutputStream:75 - [STDERR_REDIRECT] Sep 21, 2026 12:24:39 AM java.util.prefs.FileSystemPreferences syncWorld
2026-09-21 00:24:39,611 [ERROR] LogOutputStream:75 - [STDERR_REDIRECT] WARNING: Couldn't flush system prefs: java.util.prefs.BackingStoreException: Couldn't get file lock.
2026-09-21 00:24:39,612 [ERROR] LogOutputStream:75 - [STDERR_REDIRECT] 
2026-09-21 00:25:09,610 [ERROR] LogOutputStream:75 - [STDERR_REDIRECT] Sep 21, 2026 12:25:09 AM java.util.prefs.FileSystemPreferences checkLockFile0ErrorCode
2026-09-21 00:25:09,610 [ERROR] LogOutputStream:75 - [STDERR_REDIRECT] WARNING: Could not lock System prefs. Unix error code 31587.
2026-09-21 00:25:09,610 [ERROR] LogOutputStream:75 - [STDERR_REDIRECT] 
2026-09-21 00:25:09,610 [ERROR] LogOutputStream:75 - [STDERR_REDIRECT] Sep 21, 2026 12:25:09 AM java.util.prefs.FileSystemPreferences syncWorld
2026-09-21 00:25:09,610 [ERROR] LogOutputStream:75 - [STDERR_REDIRECT] WARNING: Couldn't flush system prefs: java.util.prefs.BackingStoreException: Couldn't get file lock.
2026-09-21 00:25:09,610 [ERROR] LogOutputStream:75 - [STDERR_REDIRECT] 
2026-09-21 00:25:39,611 [ERROR] LogOutputStream:75 - [STDERR_REDIRECT] Sep 21, 2026 12:25:39 AM java.util.prefs.FileSystemPreferences checkLockFile0ErrorCode
2026-09-21 00:25:39,611 [ERROR] LogOutputStream:75 - [STDERR_REDIRECT] WARNING: Could not lock System prefs. Unix error code 31587.
2026-09-21 00:25:39,611 [ERROR] LogOutputStream:75 - [STDERR_REDIRECT] 
2026-09-21 00:25:39,612 [ERROR] LogOutputStream:75 - [STDERR_REDIRECT] Sep 21, 2026 12:25:39 AM java.util.prefs.FileSystemPreferences syncWorld
2026-09-21 00:25:39,612 [ERROR] LogOutputStream:75 - [STDERR_REDIRECT] WARNING: Couldn't flush system prefs: java.util.prefs.BackingStoreException: Couldn't get file lock.
2026-09-21 00:25:39,612 [ERROR] LogOutputStream:75 - [STDERR_REDIRECT] 
2026-09-21 00:26:09,615 [ERROR] LogOutputStream:75 - [STDERR_REDIRECT] Sep 21, 2026 12:26:09 AM java.util.prefs.FileSystemPreferences checkLockFile0ErrorCode
2026-09-21 00:26:09,615 [ERROR] LogOutputStream:75 - [STDERR_REDIRECT] WARNING: Could not lock System prefs. Unix error code 31587.
2026-09-21 00:26:09,615 [ERROR] LogOutputStream:75 - [STDERR_REDIRECT] 
2026-09-21 00:26:09,615 [ERROR] LogOutputStream:75 - [STDERR_REDIRECT] Sep 21, 2026 12:26:09 AM java.util.prefs.FileSystemPreferences syncWorld
2026-09-21 00:26:09,615 [ERROR] LogOutputStream:75 - [STDERR_REDIRECT] WARNING: Couldn't flush system prefs: java.util.prefs.BackingStoreException: Couldn't get file lock.
2026-09-21 00:26:09,615 [ERROR] LogOutputStream:75 - [STDERR_REDIRECT] 
2026-09-21 00:26:39,615 [ERROR] LogOutputStream:75 - [STDERR_REDIRECT] Sep 21, 2026 12:26:39 AM java.util.prefs.FileSystemPreferences checkLockFile0ErrorCode
2026-09-21 00:26:39,615 [ERROR] LogOutputStream:75 - [STDERR_REDIRECT] WARNING: Could not lock System prefs. Unix error code 31587.
2026-09-21 00:26:39,615 [ERROR] LogOutputStream:75 - [STDERR_REDIRECT] 
2026-09-21 00:26:39,615 [ERROR] LogOutputStream:75 - [STDERR_REDIRECT] Sep 21, 2026 12:26:39 AM java.util.prefs.FileSystemPreferences syncWorld
2026-09-21 00:26:39,615 [ERROR] LogOutputStream:75 - [STDERR_REDIRECT] WARNING: Couldn't flush system prefs: java.util.prefs.BackingStoreException: Couldn't get file lock.
2026-09-21 00:26:39,615 [ERROR] LogOutputStream:75 - [STDERR_REDIRECT] 
2026-09-21 00:27:09,614 [ERROR] LogOutputStream:75 - [STDERR_REDIRECT] Sep 21, 2026 12:27:09 AM java.util.prefs.FileSystemPreferences checkLockFile0ErrorCode
2026-09-21 00:27:09,614 [ERROR] LogOutputStream:75 - [STDERR_REDIRECT] WARNING: Could not lock System prefs. Unix error code 31587.
2026-09-21 00:27:09,614 [ERROR] LogOutputStream:75 - [STDERR_REDIRECT] 
2026-09-21 00:27:09,617 [ERROR] LogOutputStream:75 - [STDERR_REDIRECT] Sep 21, 2026 12:27:09 AM java.util.prefs.FileSystemPreferences syncWorld
2026-09-21 00:27:09,617 [ERROR] LogOutputStream:75 - [STDERR_REDIRECT] WARNING: Couldn't flush system prefs: java.util.prefs.BackingStoreException: Couldn't get file lock.
2026-09-21 00:27:09,618 [ERROR] LogOutputStream:75 - [STDERR_REDIRECT] 
2026-09-21 00:27:39,616 [ERROR] LogOutputStream:75 - [STDERR_REDIRECT] Sep 21, 2026 12:27:39 AM java.util.prefs.FileSystemPreferences checkLockFile0ErrorCode
2026-09-21 00:27:39,616 [ERROR] LogOutputStream:75 - [STDERR_REDIRECT] WARNING: Could not lock System prefs. Unix error code 31587.
2026-09-21 00:27:39,616 [ERROR] LogOutputStream:75 - [STDERR_REDIRECT] 
2026-09-21 00:27:39,617 [ERROR] LogOutputStream:75 - [STDERR_REDIRECT] Sep 21, 2026 12:27:39 AM java.util.prefs.FileSystemPreferences syncWorld
2026-09-21 00:27:39,617 [ERROR] LogOutputStream:75 - [STDERR_REDIRECT] WARNING: Couldn't flush system prefs: java.util.prefs.BackingStoreException: Couldn't get file lock.
2026-09-21 00:27:39,617 [ERROR] LogOutputStream:75 - [STDERR_REDIRECT] 
2026-09-21 00:28:09,619 [ERROR] LogOutputStream:75 - [STDERR_REDIRECT] Sep 21, 2026 12:28:09 AM java.util.prefs.FileSystemPreferences checkLockFile0ErrorCode
2026-09-21 00:28:09,619 [ERROR] LogOutputStream:75 - [STDERR_REDIRECT] WARNING: Could not lock System prefs. Unix error code 31587.
2026-09-21 00:28:09,619 [ERROR] LogOutputStream:75 - [STDERR_REDIRECT] 
2026-09-21 00:28:09,620 [ERROR] LogOutputStream:75 - [STDERR_REDIRECT] Sep 21, 2026 12:28:09 AM java.util.prefs.FileSystemPreferences syncWorld
2026-09-21 00:28:09,620 [ERROR] LogOutputStream:75 - [STDERR_REDIRECT] WARNING: Couldn't flush system prefs: java.util.prefs.BackingStoreException: Couldn't get file lock.
2026-09-21 00:28:09,620 [ERROR] LogOutputStream:75 - [STDERR_REDIRECT] 
2026-09-21 00:28:39,620 [ERROR] LogOutputStream:75 - [STDERR_REDIRECT] Sep 21, 2026 12:28:39 AM java.util.prefs.FileSystemPreferences checkLockFile0ErrorCode
2026-09-21 00:28:39,620 [ERROR] LogOutputStream:75 - [STDERR_REDIRECT] WARNING: Could not lock System prefs. Unix error code 31587.
2026-09-21 00:28:39,620 [ERROR] LogOutputStream:75 - [STDERR_REDIRECT] 
2026-09-21 00:28:39,620 [ERROR] LogOutputStream:75 - [STDERR_REDIRECT] Sep 21, 2026 12:28:39 AM java.util.prefs.FileSystemPreferences syncWorld
2026-09-21 00:28:39,620 [ERROR] LogOutputStream:75 - [STDERR_REDIRECT] WARNING: Couldn't flush system prefs: java.util.prefs.BackingStoreException: Couldn't get file lock.
2026-09-21 00:28:39,620 [ERROR] LogOutputStream:75 - [STDERR_REDIRECT] 
2026-09-21 00:29:09,625 [ERROR] LogOutputStream:75 - [STDERR_REDIRECT] Sep 21, 2026 12:29:09 AM java.util.prefs.FileSystemPreferences checkLockFile0ErrorCode
2026-09-21 00:29:09,628 [ERROR] LogOutputStream:75 - [STDERR_REDIRECT] WARNING: Could not lock System prefs. Unix error code 31587.
2026-09-21 00:29:09,628 [ERROR] LogOutputStream:75 - [STDERR_REDIRECT] 
2026-09-21 00:29:09,629 [ERROR] LogOutputStream:75 - [STDERR_REDIRECT] Sep 21, 2026 12:29:09 AM java.util.prefs.FileSystemPreferences syncWorld
2026-09-21 00:29:09,629 [ERROR] LogOutputStream:75 - [STDERR_REDIRECT] WARNING: Couldn't flush system prefs: java.util.prefs.BackingStoreException: Couldn't get file lock.
2026-09-21 00:29:09,629 [ERROR] LogOutputStream:75 - [STDERR_REDIRECT] 
2026-09-21 00:29:39,643 [ERROR] LogOutputStream:75 - [STDERR_REDIRECT] Sep 21, 2026 12:29:39 AM java.util.prefs.FileSystemPreferences checkLockFile0ErrorCode
2026-09-21 00:29:39,643 [ERROR] LogOutputStream:75 - [STDERR_REDIRECT] WARNING: Could not lock System prefs. Unix error code 31587.
2026-09-21 00:29:39,644 [ERROR] LogOutputStream:75 - [STDERR_REDIRECT] 
2026-09-21 00:29:39,644 [ERROR] LogOutputStream:75 - [STDERR_REDIRECT] Sep 21, 2026 12:29:39 AM java.util.prefs.FileSystemPreferences syncWorld
2026-09-21 00:29:39,644 [ERROR] LogOutputStream:75 - [STDERR_REDIRECT] WARNING: Couldn't flush system prefs: java.util.prefs.BackingStoreException: Couldn't get file lock.
2026-09-21 00:29:39,644 [ERROR] LogOutputStream:75 - [STDERR_REDIRECT] 
2026-09-21 00:30:09,648 [ERROR] LogOutputStream:75 - [STDERR_REDIRECT] Sep 21, 2026 12:30:09 AM java.util.prefs.FileSystemPreferences checkLockFile0ErrorCode
2026-09-21 00:30:09,649 [ERROR] LogOutputStream:75 - [STDERR_REDIRECT] WARNING: Could not lock System prefs. Unix error code 31587.
2026-09-21 00:30:09,649 [ERROR] LogOutputStream:75 - [STDERR_REDIRECT] 
2026-09-21 00:30:09,649 [ERROR] LogOutputStream:75 - [STDERR_REDIRECT] Sep 21, 2026 12:30:09 AM java.util.prefs.FileSystemPreferences syncWorld
2026-09-21 00:30:09,649 [ERROR] LogOutputStream:75 - [STDERR_REDIRECT] WARNING: Couldn't flush system prefs: java.util.prefs.BackingStoreException: Couldn't get file lock.
2026-09-21 00:30:09,649 [ERROR] LogOutputStream:75 - [STDERR_REDIRECT] 
2026-09-21 00:30:39,648 [ERROR] LogOutputStream:75 - [STDERR_REDIRECT] Sep 21, 2026 12:30:39 AM java.util.prefs.FileSystemPreferences checkLockFile0ErrorCode
2026-09-21 00:30:39,648 [ERROR] LogOutputStream:75 - [STDERR_REDIRECT] WARNING: Could not lock System prefs. Unix error code 31587.
2026-09-21 00:30:39,648 [ERROR] LogOutputStream:75 - [STDERR_REDIRECT] 
2026-09-21 00:30:39,648 [ERROR] LogOutputStream:75 - [STDERR_REDIRECT] Sep 21, 2026 12:30:39 AM java.util.prefs.FileSystemPreferences syncWorld
2026-09-21 00:30:39,648 [ERROR] LogOutputStream:75 - [STDERR_REDIRECT] WARNING: Couldn't flush system prefs: java.util.prefs.BackingStoreException: Couldn't get file lock.
2026-09-21 00:30:39,648 [ERROR] LogOutputStream:75 - [STDERR_REDIRECT] 
2026-09-21 00:31:09,653 [ERROR] LogOutputStream:75 - [STDERR_REDIRECT] Sep 21, 2026 12:31:09 AM java.util.prefs.FileSystemPreferences checkLockFile0ErrorCode
2026-09-21 00:31:09,653 [ERROR] LogOutputStream:75 - [STDERR_REDIRECT] WARNING: Could not lock System prefs. Unix error code 31587.
2026-09-21 00:31:09,653 [ERROR] LogOutputStream:75 - [STDERR_REDIRECT] 
2026-09-21 00:31:09,653 [ERROR] LogOutputStream:75 - [STDERR_REDIRECT] Sep 21, 2026 12:31:09 AM java.util.prefs.FileSystemPreferences syncWorld
2026-09-21 00:31:09,653 [ERROR] LogOutputStream:75 - [STDERR_REDIRECT] WARNING: Couldn't flush system prefs: java.util.prefs.BackingStoreException: Couldn't get file lock.
2026-09-21 00:31:09,653 [ERROR] LogOutputStream:75 - [STDERR_REDIRECT] 
2026-09-21 00:31:39,652 [ERROR] LogOutputStream:75 - [STDERR_REDIRECT] Sep 21, 2026 12:31:39 AM java.util.prefs.FileSystemPreferences checkLockFile0ErrorCode
2026-09-21 00:31:39,653 [ERROR] LogOutputStream:75 - [STDERR_REDIRECT] WARNING: Could not lock System prefs. Unix error code 31587.
2026-09-21 00:31:39,653 [ERROR] LogOutputStream:75 - [STDERR_REDIRECT] 
2026-09-21 00:31:39,654 [ERROR] LogOutputStream:75 - [STDERR_REDIRECT] Sep 21, 2026 12:31:39 AM java.util.prefs.FileSystemPreferences syncWorld
2026-09-21 00:31:39,654 [ERROR] LogOutputStream:75 - [STDERR_REDIRECT] WARNING: Couldn't flush system prefs: java.util.prefs.BackingStoreException: Couldn't get file lock.
2026-09-21 00:31:39,654 [ERROR] LogOutputStream:75 - [STDERR_REDIRECT] 
2026-09-21 00:32:09,653 [ERROR] LogOutputStream:75 - [STDERR_REDIRECT] Sep 21, 2026 12:32:09 AM java.util.prefs.FileSystemPreferences checkLockFile0ErrorCode
2026-09-21 00:32:09,654 [ERROR] LogOutputStream:75 - [STDERR_REDIRECT] WARNING: Could not lock System prefs. Unix error code 31587.
2026-09-21 00:32:09,654 [ERROR] LogOutputStream:75 - [STDERR_REDIRECT] 
2026-09-21 00:32:09,654 [ERROR] LogOutputStream:75 - [STDERR_REDIRECT] Sep 21, 2026 12:32:09 AM java.util.prefs.FileSystemPreferences syncWorld
2026-09-21 00:32:09,654 [ERROR] LogOutputStream:75 - [STDERR_REDIRECT] WARNING: Couldn't flush system prefs: java.util.prefs.BackingStoreException: Couldn't get file lock.
2026-09-21 00:32:09,654 [ERROR] LogOutputStream:75 - [STDERR_REDIRECT] 
2026-09-21 00:32:39,657 [ERROR] LogOutputStream:75 - [STDERR_REDIRECT] Sep 21, 2026 12:32:39 AM java.util.prefs.FileSystemPreferences checkLockFile0ErrorCode
2026-09-21 00:32:39,657 [ERROR] LogOutputStream:75 - [STDERR_REDIRECT] WARNING: Could not lock System prefs. Unix error code 31587.
2026-09-21 00:32:39,657 [ERROR] LogOutputStream:75 - [STDERR_REDIRECT] 
2026-09-21 00:32:39,658 [ERROR] LogOutputStream:75 - [STDERR_REDIRECT] Sep 21, 2026 12:32:39 AM java.util.prefs.FileSystemPreferences syncWorld
2026-09-21 00:32:39,659 [ERROR] LogOutputStream:75 - [STDERR_REDIRECT] WARNING: Couldn't flush system prefs: java.util.prefs.BackingStoreException: Couldn't get file lock.
2026-09-21 00:32:39,659 [ERROR] LogOutputStream:75 - [STDERR_REDIRECT] 
2026-09-21 00:33:09,656 [ERROR] LogOutputStream:75 - [STDERR_REDIRECT] Sep 21, 2026 12:33:09 AM java.util.prefs.FileSystemPreferences checkLockFile0ErrorCode
2026-09-21 00:33:09,656 [ERROR] LogOutputStream:75 - [STDERR_REDIRECT] WARNING: Could not lock System prefs. Unix error code 31587.
2026-09-21 00:33:09,657 [ERROR] LogOutputStream:75 - [STDERR_REDIRECT] 
2026-09-21 00:33:09,657 [ERROR] LogOutputStream:75 - [STDERR_REDIRECT] Sep 21, 2026 12:33:09 AM java.util.prefs.FileSystemPreferences syncWorld
2026-09-21 00:33:09,661 [ERROR] LogOutputStream:75 - [STDERR_REDIRECT] WARNING: Couldn't flush system prefs: java.util.prefs.BackingStoreException: Couldn't get file lock.
2026-09-21 00:33:09,661 [ERROR] LogOutputStream:75 - [STDERR_REDIRECT] 
2026-09-21 00:33:39,706 [ERROR] LogOutputStream:75 - [STDERR_REDIRECT] Sep 21, 2026 12:33:39 AM java.util.prefs.FileSystemPreferences checkLockFile0ErrorCode
2026-09-21 00:33:39,706 [ERROR] LogOutputStream:75 - [STDERR_REDIRECT] WARNING: Could not lock System prefs. Unix error code 31587.
2026-09-21 00:33:39,707 [ERROR] LogOutputStream:75 - [STDERR_REDIRECT] 
2026-09-21 00:33:39,707 [ERROR] LogOutputStream:75 - [STDERR_REDIRECT] Sep 21, 2026 12:33:39 AM java.util.prefs.FileSystemPreferences syncWorld
2026-09-21 00:33:39,707 [ERROR] LogOutputStream:75 - [STDERR_REDIRECT] WARNING: Couldn't flush system prefs: java.util.prefs.BackingStoreException: Couldn't get file lock.
2026-09-21 00:33:39,709 [ERROR] LogOutputStream:75 - [STDERR_REDIRECT] 
2026-09-21 00:34:09,657 [ERROR] LogOutputStream:75 - [STDERR_REDIRECT] Sep 21, 2026 12:34:09 AM java.util.prefs.FileSystemPreferences checkLockFile0ErrorCode
2026-09-21 00:34:09,657 [ERROR] LogOutputStream:75 - [STDERR_REDIRECT] WARNING: Could not lock System prefs. Unix error code 31587.
2026-09-21 00:34:09,657 [ERROR] LogOutputStream:75 - [STDERR_REDIRECT] 
2026-09-21 00:34:09,658 [ERROR] LogOutputStream:75 - [STDERR_REDIRECT] Sep 21, 2026 12:34:09 AM java.util.prefs.FileSystemPreferences syncWorld
2026-09-21 00:34:09,659 [ERROR] LogOutputStream:75 - [STDERR_REDIRECT] WARNING: Couldn't flush system prefs: java.util.prefs.BackingStoreException: Couldn't get file lock.
2026-09-21 00:34:09,659 [ERROR] LogOutputStream:75 - [STDERR_REDIRECT] 
2026-09-21 00:34:39,660 [ERROR] LogOutputStream:75 - [STDERR_REDIRECT] Sep 21, 2026 12:34:39 AM java.util.prefs.FileSystemPreferences checkLockFile0ErrorCode
2026-09-21 00:34:39,660 [ERROR] LogOutputStream:75 - [STDERR_REDIRECT] WARNING: Could not lock System prefs. Unix error code 31587.
2026-09-21 00:34:39,661 [ERROR] LogOutputStream:75 - [STDERR_REDIRECT] 
2026-09-21 00:34:39,661 [ERROR] LogOutputStream:75 - [STDERR_REDIRECT] Sep 21, 2026 12:34:39 AM java.util.prefs.FileSystemPreferences syncWorld
2026-09-21 00:34:39,664 [ERROR] LogOutputStream:75 - [STDERR_REDIRECT] WARNING: Couldn't flush system prefs: java.util.prefs.BackingStoreException: Couldn't get file lock.
2026-09-21 00:34:39,667 [ERROR] LogOutputStream:75 - [STDERR_REDIRECT] 
2026-09-21 00:35:09,658 [ERROR] LogOutputStream:75 - [STDERR_REDIRECT] Sep 21, 2026 12:35:09 AM java.util.prefs.FileSystemPreferences checkLockFile0ErrorCode
2026-09-21 00:35:09,659 [ERROR] LogOutputStream:75 - [STDERR_REDIRECT] WARNING: Could not lock System prefs. Unix error code 31587.
2026-09-21 00:35:09,659 [ERROR] LogOutputStream:75 - [STDERR_REDIRECT] 
2026-09-21 00:35:09,659 [ERROR] LogOutputStream:75 - [STDERR_REDIRECT] Sep 21, 2026 12:35:09 AM java.util.prefs.FileSystemPreferences syncWorld
2026-09-21 00:35:09,659 [ERROR] LogOutputStream:75 - [STDERR_REDIRECT] WARNING: Couldn't flush system prefs: java.util.prefs.BackingStoreException: Couldn't get file lock.
2026-09-21 00:35:09,659 [ERROR] LogOutputStream:75 - [STDERR_REDIRECT] 
2026-09-21 00:35:39,662 [ERROR] LogOutputStream:75 - [STDERR_REDIRECT] Sep 21, 2026 12:35:39 AM java.util.prefs.FileSystemPreferences checkLockFile0ErrorCode
2026-09-21 00:35:39,664 [ERROR] LogOutputStream:75 - [STDERR_REDIRECT] WARNING: Could not lock System prefs. Unix error code 31587.
2026-09-21 00:35:39,664 [ERROR] LogOutputStream:75 - [STDERR_REDIRECT] 
2026-09-21 00:35:39,667 [ERROR] LogOutputStream:75 - [STDERR_REDIRECT] Sep 21, 2026 12:35:39 AM java.util.prefs.FileSystemPreferences syncWorld
2026-09-21 00:35:39,670 [ERROR] LogOutputStream:75 - [STDERR_REDIRECT] WARNING: Couldn't flush system prefs: java.util.prefs.BackingStoreException: Couldn't get file lock.
2026-09-21 00:35:39,670 [ERROR] LogOutputStream:75 - [STDERR_REDIRECT] 
2026-09-21 00:36:09,660 [ERROR] LogOutputStream:75 - [STDERR_REDIRECT] Sep 21, 2026 12:36:09 AM java.util.prefs.FileSystemPreferences checkLockFile0ErrorCode
2026-09-21 00:36:09,660 [ERROR] LogOutputStream:75 - [STDERR_REDIRECT] WARNING: Could not lock System prefs. Unix error code 31587.
2026-09-21 00:36:09,661 [ERROR] LogOutputStream:75 - [STDERR_REDIRECT] 
2026-09-21 00:36:09,662 [ERROR] LogOutputStream:75 - [STDERR_REDIRECT] Sep 21, 2026 12:36:09 AM java.util.prefs.FileSystemPreferences syncWorld
2026-09-21 00:36:09,663 [ERROR] LogOutputStream:75 - [STDERR_REDIRECT] WARNING: Couldn't flush system prefs: java.util.prefs.BackingStoreException: Couldn't get file lock.
2026-09-21 00:36:09,665 [ERROR] LogOutputStream:75 - [STDERR_REDIRECT] 
2026-09-21 00:36:39,662 [ERROR] LogOutputStream:75 - [STDERR_REDIRECT] Sep 21, 2026 12:36:39 AM java.util.prefs.FileSystemPreferences checkLockFile0ErrorCode
2026-09-21 00:36:39,662 [ERROR] LogOutputStream:75 - [STDERR_REDIRECT] WARNING: Could not lock System prefs. Unix error code 31587.
2026-09-21 00:36:39,662 [ERROR] LogOutputStream:75 - [STDERR_REDIRECT] 
2026-09-21 00:36:39,662 [ERROR] LogOutputStream:75 - [STDERR_REDIRECT] Sep 21, 2026 12:36:39 AM java.util.prefs.FileSystemPreferences syncWorld
2026-09-21 00:36:39,663 [ERROR] LogOutputStream:75 - [STDERR_REDIRECT] WARNING: Couldn't flush system prefs: java.util.prefs.BackingStoreException: Couldn't get file lock.
2026-09-21 00:36:39,663 [ERROR] LogOutputStream:75 - [STDERR_REDIRECT] 
2026-09-21 00:37:09,676 [ERROR] LogOutputStream:75 - [STDERR_REDIRECT] Sep 21, 2026 12:37:09 AM java.util.prefs.FileSystemPreferences checkLockFile0ErrorCode
2026-09-21 00:37:09,676 [ERROR] LogOutputStream:75 - [STDERR_REDIRECT] WARNING: Could not lock System prefs. Unix error code 31587.
2026-09-21 00:37:09,676 [ERROR] LogOutputStream:75 - [STDERR_REDIRECT] 
2026-09-21 00:37:09,677 [ERROR] LogOutputStream:75 - [STDERR_REDIRECT] Sep 21, 2026 12:37:09 AM java.util.prefs.FileSystemPreferences syncWorld
2026-09-21 00:37:09,677 [ERROR] LogOutputStream:75 - [STDERR_REDIRECT] WARNING: Couldn't flush system prefs: java.util.prefs.BackingStoreException: Couldn't get file lock.
2026-09-21 00:37:09,677 [ERROR] LogOutputStream:75 - [STDERR_REDIRECT] 
2026-09-21 00:37:39,673 [ERROR] LogOutputStream:75 - [STDERR_REDIRECT] Sep 21, 2026 12:37:39 AM java.util.prefs.FileSystemPreferences checkLockFile0ErrorCode
2026-09-21 00:37:39,673 [ERROR] LogOutputStream:75 - [STDERR_REDIRECT] WARNING: Could not lock System prefs. Unix error code 31587.
2026-09-21 00:37:39,674 [ERROR] LogOutputStream:75 - [STDERR_REDIRECT] 
2026-09-21 00:37:39,674 [ERROR] LogOutputStream:75 - [STDERR_REDIRECT] Sep 21, 2026 12:37:39 AM java.util.prefs.FileSystemPreferences syncWorld
2026-09-21 00:37:39,676 [ERROR] LogOutputStream:75 - [STDERR_REDIRECT] WARNING: Couldn't flush system prefs: java.util.prefs.BackingStoreException: Couldn't get file lock.
2026-09-21 00:37:39,676 [ERROR] LogOutputStream:75 - [STDERR_REDIRECT] 
2026-09-21 00:38:09,678 [ERROR] LogOutputStream:75 - [STDERR_REDIRECT] Sep 21, 2026 12:38:09 AM java.util.prefs.FileSystemPreferences checkLockFile0ErrorCode
2026-09-21 00:38:09,679 [ERROR] LogOutputStream:75 - [STDERR_REDIRECT] WARNING: Could not lock System prefs. Unix error code 31587.
2026-09-21 00:38:09,679 [ERROR] LogOutputStream:75 - [STDERR_REDIRECT] 
2026-09-21 00:38:09,679 [ERROR] LogOutputStream:75 - [STDERR_REDIRECT] Sep 21, 2026 12:38:09 AM java.util.prefs.FileSystemPreferences syncWorld
2026-09-21 00:38:09,679 [ERROR] LogOutputStream:75 - [STDERR_REDIRECT] WARNING: Couldn't flush system prefs: java.util.prefs.BackingStoreException: Couldn't get file lock.
2026-09-21 00:38:09,680 [ERROR] LogOutputStream:75 - [STDERR_REDIRECT] 
2026-09-21 02:10:10,273 [ERROR] LogOutputStream:75 - [STDERR_REDIRECT] Sep 21, 2026 2:10:10 AM java.util.prefs.FileSystemPreferences checkLockFile0ErrorCode
2026-09-21 02:10:10,273 [ERROR] LogOutputStream:75 - [STDERR_REDIRECT] WARNING: Could not lock System prefs. Unix error code 31587.
2026-09-21 02:10:10,273 [ERROR] LogOutputStream:75 - [STDERR_REDIRECT] 
2026-09-21 02:10:10,274 [ERROR] LogOutputStream:75 - [STDERR_REDIRECT] Sep 21, 2026 2:10:10 AM java.util.prefs.FileSystemPreferences syncWorld
2026-09-21 02:10:10,274 [ERROR] LogOutputStream:75 - [STDERR_REDIRECT] WARNING: Couldn't flush system prefs: java.util.prefs.BackingStoreException: Couldn't get file lock.
2026-09-21 02:10:10,274 [ERROR] LogOutputStream:75 - [STDERR_REDIRECT] 
2026-09-21 02:10:40,274 [ERROR] LogOutputStream:75 - [STDERR_REDIRECT] Sep 21, 2026 2:10:40 AM java.util.prefs.FileSystemPreferences checkLockFile0ErrorCode
2026-09-21 02:10:40,274 [ERROR] LogOutputStream:75 - [STDERR_REDIRECT] WARNING: Could not lock System prefs. Unix error code 31587.
2026-09-21 02:10:40,274 [ERROR] LogOutputStream:75 - [STDERR_REDIRECT] 
2026-09-21 02:10:40,275 [ERROR] LogOutputStream:75 - [STDERR_REDIRECT] Sep 21, 2026 2:10:40 AM java.util.prefs.FileSystemPreferences syncWorld
2026-09-21 02:10:40,275 [ERROR] LogOutputStream:75 - [STDERR_REDIRECT] WARNING: Couldn't flush system prefs: java.util.prefs.BackingStoreException: Couldn't get file lock.
2026-09-21 02:10:40,275 [ERROR] LogOutputStream:75 - [STDERR_REDIRECT] 
2026-09-21 02:11:10,304 [ERROR] LogOutputStream:75 - [STDERR_REDIRECT] Sep 21, 2026 2:11:10 AM java.util.prefs.FileSystemPreferences checkLockFile0ErrorCode
2026-09-21 02:11:10,304 [ERROR] LogOutputStream:75 - [STDERR_REDIRECT] WARNING: Could not lock System prefs. Unix error code 31587.
2026-09-21 02:11:10,304 [ERROR] LogOutputStream:75 - [STDERR_REDIRECT] 
2026-09-21 02:11:10,305 [ERROR] LogOutputStream:75 - [STDERR_REDIRECT] Sep 21, 2026 2:11:10 AM java.util.prefs.FileSystemPreferences syncWorld
2026-09-21 02:11:10,305 [ERROR] LogOutputStream:75 - [STDERR_REDIRECT] WARNING: Couldn't flush system prefs: java.util.prefs.BackingStoreException: Couldn't get file lock.
2026-09-21 02:11:10,305 [ERROR] LogOutputStream:75 - [STDERR_REDIRECT] 
2026-09-21 02:11:40,272 [ERROR] LogOutputStream:75 - [STDERR_REDIRECT] Sep 21, 2026 2:11:40 AM java.util.prefs.FileSystemPreferences checkLockFile0ErrorCode
2026-09-21 02:11:40,272 [ERROR] LogOutputStream:75 - [STDERR_REDIRECT] WARNING: Could not lock System prefs. Unix error code 31587.
2026-09-21 02:11:40,272 [ERROR] LogOutputStream:75 - [STDERR_REDIRECT] 
2026-09-21 02:11:40,272 [ERROR] LogOutputStream:75 - [STDERR_REDIRECT] Sep 21, 2026 2:11:40 AM java.util.prefs.FileSystemPreferences syncWorld
2026-09-21 02:11:40,272 [ERROR] LogOutputStream:75 - [STDERR_REDIRECT] WARNING: Couldn't flush system prefs: java.util.prefs.BackingStoreException: Couldn't get file lock.
2026-09-21 02:11:40,274 [ERROR] LogOutputStream:75 - [STDERR_REDIRECT] 
2026-09-21 02:12:10,271 [ERROR] LogOutputStream:75 - [STDERR_REDIRECT] Sep 21, 2026 2:12:10 AM java.util.prefs.FileSystemPreferences checkLockFile0ErrorCode
2026-09-21 02:12:10,272 [ERROR] LogOutputStream:75 - [STDERR_REDIRECT] WARNING: Could not lock System prefs. Unix error code 31587.
2026-09-21 02:12:10,272 [ERROR] LogOutputStream:75 - [STDERR_REDIRECT] 
2026-09-21 02:12:10,272 [ERROR] LogOutputStream:75 - [STDERR_REDIRECT] Sep 21, 2026 2:12:10 AM java.util.prefs.FileSystemPreferences syncWorld
2026-09-21 02:12:10,272 [ERROR] LogOutputStream:75 - [STDERR_REDIRECT] WARNING: Couldn't flush system prefs: java.util.prefs.BackingStoreException: Couldn't get file lock.
2026-09-21 02:12:10,272 [ERROR] LogOutputStream:75 - [STDERR_REDIRECT] 
2026-09-21 02:12:40,272 [ERROR] LogOutputStream:75 - [STDERR_REDIRECT] Sep 21, 2026 2:12:40 AM java.util.prefs.FileSystemPreferences checkLockFile0ErrorCode
2026-09-21 02:12:40,272 [ERROR] LogOutputStream:75 - [STDERR_REDIRECT] WARNING: Could not lock System prefs. Unix error code 31587.
2026-09-21 02:12:40,272 [ERROR] LogOutputStream:75 - [STDERR_REDIRECT] 
2026-09-21 02:12:40,273 [ERROR] LogOutputStream:75 - [STDERR_REDIRECT] Sep 21, 2026 2:12:40 AM java.util.prefs.FileSystemPreferences syncWorld
2026-09-21 02:12:40,273 [ERROR] LogOutputStream:75 - [STDERR_REDIRECT] WARNING: Couldn't flush system prefs: java.util.prefs.BackingStoreException: Couldn't get file lock.
2026-09-21 02:12:40,273 [ERROR] LogOutputStream:75 - [STDERR_REDIRECT] 
2026-09-21 02:13:10,283 [ERROR] LogOutputStream:75 - [STDERR_REDIRECT] Sep 21, 2026 2:13:10 AM java.util.prefs.FileSystemPreferences checkLockFile0ErrorCode
2026-09-21 02:13:10,283 [ERROR] LogOutputStream:75 - [STDERR_REDIRECT] WARNING: Could not lock System prefs. Unix error code 31587.
2026-09-21 02:13:10,283 [ERROR] LogOutputStream:75 - [STDERR_REDIRECT] 
2026-09-21 02:13:10,283 [ERROR] LogOutputStream:75 - [STDERR_REDIRECT] Sep 21, 2026 2:13:10 AM java.util.prefs.FileSystemPreferences syncWorld
2026-09-21 02:13:10,283 [ERROR] LogOutputStream:75 - [STDERR_REDIRECT] WARNING: Couldn't flush system prefs: java.util.prefs.BackingStoreException: Couldn't get file lock.
2026-09-21 02:13:10,283 [ERROR] LogOutputStream:75 - [STDERR_REDIRECT] 
2026-09-21 02:13:40,284 [ERROR] LogOutputStream:75 - [STDERR_REDIRECT] Sep 21, 2026 2:13:40 AM java.util.prefs.FileSystemPreferences checkLockFile0ErrorCode
2026-09-21 02:13:40,284 [ERROR] LogOutputStream:75 - [STDERR_REDIRECT] WARNING: Could not lock System prefs. Unix error code 31587.
2026-09-21 02:13:40,284 [ERROR] LogOutputStream:75 - [STDERR_REDIRECT] 
2026-09-21 02:13:40,285 [ERROR] LogOutputStream:75 - [STDERR_REDIRECT] Sep 21, 2026 2:13:40 AM java.util.prefs.FileSystemPreferences syncWorld
2026-09-21 02:13:40,285 [ERROR] LogOutputStream:75 - [STDERR_REDIRECT] WARNING: Couldn't flush system prefs: java.util.prefs.BackingStoreException: Couldn't get file lock.
2026-09-21 02:13:40,285 [ERROR] LogOutputStream:75 - [STDERR_REDIRECT] 
2026-09-21 02:14:10,277 [ERROR] LogOutputStream:75 - [STDERR_REDIRECT] Sep 21, 2026 2:14:10 AM java.util.prefs.FileSystemPreferences checkLockFile0ErrorCode
2026-09-21 02:14:10,277 [ERROR] LogOutputStream:75 - [STDERR_REDIRECT] WARNING: Could not lock System prefs. Unix error code 31587.
2026-09-21 02:14:10,277 [ERROR] LogOutputStream:75 - [STDERR_REDIRECT] 
2026-09-21 02:14:10,278 [ERROR] LogOutputStream:75 - [STDERR_REDIRECT] Sep 21, 2026 2:14:10 AM java.util.prefs.FileSystemPreferences syncWorld
2026-09-21 02:14:10,278 [ERROR] LogOutputStream:75 - [STDERR_REDIRECT] WARNING: Couldn't flush system prefs: java.util.prefs.BackingStoreException: Couldn't get file lock.
2026-09-21 02:14:10,278 [ERROR] LogOutputStream:75 - [STDERR_REDIRECT] 
2026-09-21 02:14:40,277 [ERROR] LogOutputStream:75 - [STDERR_REDIRECT] Sep 21, 2026 2:14:40 AM java.util.prefs.FileSystemPreferences checkLockFile0ErrorCode
2026-09-21 02:14:40,277 [ERROR] LogOutputStream:75 - [STDERR_REDIRECT] WARNING: Could not lock System prefs. Unix error code 31587.
2026-09-21 02:14:40,277 [ERROR] LogOutputStream:75 - [STDERR_REDIRECT] 
2026-09-21 02:14:40,277 [ERROR] LogOutputStream:75 - [STDERR_REDIRECT] Sep 21, 2026 2:14:40 AM java.util.prefs.FileSystemPreferences syncWorld
2026-09-21 02:14:40,277 [ERROR] LogOutputStream:75 - [STDERR_REDIRECT] WARNING: Couldn't flush system prefs: java.util.prefs.BackingStoreException: Couldn't get file lock.
2026-09-21 02:14:40,277 [ERROR] LogOutputStream:75 - [STDERR_REDIRECT] 
2026-09-21 02:15:10,281 [ERROR] LogOutputStream:75 - [STDERR_REDIRECT] Sep 21, 2026 2:15:10 AM java.util.prefs.FileSystemPreferences checkLockFile0ErrorCode
2026-09-21 02:15:10,281 [ERROR] LogOutputStream:75 - [STDERR_REDIRECT] WARNING: Could not lock System prefs. Unix error code 31587.
2026-09-21 02:15:10,281 [ERROR] LogOutputStream:75 - [STDERR_REDIRECT] 
2026-09-21 02:15:10,282 [ERROR] LogOutputStream:75 - [STDERR_REDIRECT] Sep 21, 2026 2:15:10 AM java.util.prefs.FileSystemPreferences syncWorld
2026-09-21 02:15:10,282 [ERROR] LogOutputStream:75 - [STDERR_REDIRECT] WARNING: Couldn't flush system prefs: java.util.prefs.BackingStoreException: Couldn't get file lock.
2026-09-21 02:15:10,283 [ERROR] LogOutputStream:75 - [STDERR_REDIRECT] 
2026-09-21 02:15:40,279 [ERROR] LogOutputStream:75 - [STDERR_REDIRECT] Sep 21, 2026 2:15:40 AM java.util.prefs.FileSystemPreferences checkLockFile0ErrorCode
2026-09-21 02:15:40,279 [ERROR] LogOutputStream:75 - [STDERR_REDIRECT] WARNING: Could not lock System prefs. Unix error code 31587.
2026-09-21 02:15:40,279 [ERROR] LogOutputStream:75 - [STDERR_REDIRECT] 
2026-09-21 02:15:40,279 [ERROR] LogOutputStream:75 - [STDERR_REDIRECT] Sep 21, 2026 2:15:40 AM java.util.prefs.FileSystemPreferences syncWorld
2026-09-21 02:15:40,279 [ERROR] LogOutputStream:75 - [STDERR_REDIRECT] WARNING: Couldn't flush system prefs: java.util.prefs.BackingStoreException: Couldn't get file lock.
2026-09-21 02:15:40,279 [ERROR] LogOutputStream:75 - [STDERR_REDIRECT] 
2026-09-21 02:16:10,278 [ERROR] LogOutputStream:75 - [STDERR_REDIRECT] Sep 21, 2026 2:16:10 AM java.util.prefs.FileSystemPreferences checkLockFile0ErrorCode
2026-09-21 02:16:10,278 [ERROR] LogOutputStream:75 - [STDERR_REDIRECT] WARNING: Could not lock System prefs. Unix error code 31587.
2026-09-21 02:16:10,278 [ERROR] LogOutputStream:75 - [STDERR_REDIRECT] 
2026-09-21 02:16:10,278 [ERROR] LogOutputStream:75 - [STDERR_REDIRECT] Sep 21, 2026 2:16:10 AM java.util.prefs.FileSystemPreferences syncWorld
2026-09-21 02:16:10,278 [ERROR] LogOutputStream:75 - [STDERR_REDIRECT] WARNING: Couldn't flush system prefs: java.util.prefs.BackingStoreException: Couldn't get file lock.
2026-09-21 02:16:10,278 [ERROR] LogOutputStream:75 - [STDERR_REDIRECT] 
2026-09-21 02:16:40,281 [ERROR] LogOutputStream:75 - [STDERR_REDIRECT] Sep 21, 2026 2:16:40 AM java.util.prefs.FileSystemPreferences checkLockFile0ErrorCode
2026-09-21 02:16:40,281 [ERROR] LogOutputStream:75 - [STDERR_REDIRECT] WARNING: Could not lock System prefs. Unix error code 31587.
2026-09-21 02:16:40,281 [ERROR] LogOutputStream:75 - [STDERR_REDIRECT] 
2026-09-21 02:16:40,282 [ERROR] LogOutputStream:75 - [STDERR_REDIRECT] Sep 21, 2026 2:16:40 AM java.util.prefs.FileSystemPreferences syncWorld
2026-09-21 02:16:40,282 [ERROR] LogOutputStream:75 - [STDERR_REDIRECT] WARNING: Couldn't flush system prefs: java.util.prefs.BackingStoreException: Couldn't get file lock.
2026-09-21 02:16:40,282 [ERROR] LogOutputStream:75 - [STDERR_REDIRECT] 
2026-09-21 02:17:10,279 [ERROR] LogOutputStream:75 - [STDERR_REDIRECT] Sep 21, 2026 2:17:10 AM java.util.prefs.FileSystemPreferences checkLockFile0ErrorCode
2026-09-21 02:17:10,279 [ERROR] LogOutputStream:75 - [STDERR_REDIRECT] WARNING: Could not lock System prefs. Unix error code 31587.
2026-09-21 02:17:10,279 [ERROR] LogOutputStream:75 - [STDERR_REDIRECT] 
2026-09-21 02:17:10,280 [ERROR] LogOutputStream:75 - [STDERR_REDIRECT] Sep 21, 2026 2:17:10 AM java.util.prefs.FileSystemPreferences syncWorld
2026-09-21 02:17:10,280 [ERROR] LogOutputStream:75 - [STDERR_REDIRECT] WARNING: Couldn't flush system prefs: java.util.prefs.BackingStoreException: Couldn't get file lock.
2026-09-21 02:17:10,280 [ERROR] LogOutputStream:75 - [STDERR_REDIRECT] 
2026-09-21 02:17:40,287 [ERROR] LogOutputStream:75 - [STDERR_REDIRECT] Sep 21, 2026 2:17:40 AM java.util.prefs.FileSystemPreferences checkLockFile0ErrorCode
2026-09-21 02:17:40,287 [ERROR] LogOutputStream:75 - [STDERR_REDIRECT] WARNING: Could not lock System prefs. Unix error code 31587.
2026-09-21 02:17:40,287 [ERROR] LogOutputStream:75 - [STDERR_REDIRECT] 
2026-09-21 02:17:40,287 [ERROR] LogOutputStream:75 - [STDERR_REDIRECT] Sep 21, 2026 2:17:40 AM java.util.prefs.FileSystemPreferences syncWorld
2026-09-21 02:17:40,287 [ERROR] LogOutputStream:75 - [STDERR_REDIRECT] WARNING: Couldn't flush system prefs: java.util.prefs.BackingStoreException: Couldn't get file lock.
2026-09-21 02:17:40,287 [ERROR] LogOutputStream:75 - [STDERR_REDIRECT] 
2026-09-21 02:18:10,281 [ERROR] LogOutputStream:75 - [STDERR_REDIRECT] Sep 21, 2026 2:18:10 AM java.util.prefs.FileSystemPreferences checkLockFile0ErrorCode
2026-09-21 02:18:10,281 [ERROR] LogOutputStream:75 - [STDERR_REDIRECT] WARNING: Could not lock System prefs. Unix error code 31587.
2026-09-21 02:18:10,281 [ERROR] LogOutputStream:75 - [STDERR_REDIRECT] 
2026-09-21 02:18:10,282 [ERROR] LogOutputStream:75 - [STDERR_REDIRECT] Sep 21, 2026 2:18:10 AM java.util.prefs.FileSystemPreferences syncWorld
2026-09-21 02:18:10,283 [ERROR] LogOutputStream:75 - [STDERR_REDIRECT] WARNING: Couldn't flush system prefs: java.util.prefs.BackingStoreException: Couldn't get file lock.
2026-09-21 02:18:10,283 [ERROR] LogOutputStream:75 - [STDERR_REDIRECT] 
2026-09-21 02:18:40,285 [ERROR] LogOutputStream:75 - [STDERR_REDIRECT] Sep 21, 2026 2:18:40 AM java.util.prefs.FileSystemPreferences checkLockFile0ErrorCode
2026-09-21 02:18:40,285 [ERROR] LogOutputStream:75 - [STDERR_REDIRECT] WARNING: Could not lock System prefs. Unix error code 31587.
2026-09-21 02:18:40,285 [ERROR] LogOutputStream:75 - [STDERR_REDIRECT] 
2026-09-21 02:18:40,286 [ERROR] LogOutputStream:75 - [STDERR_REDIRECT] Sep 21, 2026 2:18:40 AM java.util.prefs.FileSystemPreferences syncWorld
2026-09-21 02:18:40,286 [ERROR] LogOutputStream:75 - [STDERR_REDIRECT] WARNING: Couldn't flush system prefs: java.util.prefs.BackingStoreException: Couldn't get file lock.
2026-09-21 02:18:40,286 [ERROR] LogOutputStream:75 - [STDERR_REDIRECT] 
2026-09-21 02:19:10,285 [ERROR] LogOutputStream:75 - [STDERR_REDIRECT] Sep 21, 2026 2:19:10 AM java.util.prefs.FileSystemPreferences checkLockFile0ErrorCode
2026-09-21 02:19:10,285 [ERROR] LogOutputStream:75 - [STDERR_REDIRECT] WARNING: Could not lock System prefs. Unix error code 31587.
2026-09-21 02:19:10,285 [ERROR] LogOutputStream:75 - [STDERR_REDIRECT] 
2026-09-21 02:19:10,286 [ERROR] LogOutputStream:75 - [STDERR_REDIRECT] Sep 21, 2026 2:19:10 AM java.util.prefs.FileSystemPreferences syncWorld
2026-09-21 02:19:10,286 [ERROR] LogOutputStream:75 - [STDERR_REDIRECT] WARNING: Couldn't flush system prefs: java.util.prefs.BackingStoreException: Couldn't get file lock.
2026-09-21 02:19:10,286 [ERROR] LogOutputStream:75 - [STDERR_REDIRECT] 
2026-09-21 02:19:40,283 [ERROR] LogOutputStream:75 - [STDERR_REDIRECT] Sep 21, 2026 2:19:40 AM java.util.prefs.FileSystemPreferences checkLockFile0ErrorCode
2026-09-21 02:19:40,285 [ERROR] LogOutputStream:75 - [STDERR_REDIRECT] WARNING: Could not lock System prefs. Unix error code 31587.
2026-09-21 02:19:40,285 [ERROR] LogOutputStream:75 - [STDERR_REDIRECT] 
2026-09-21 02:19:40,285 [ERROR] LogOutputStream:75 - [STDERR_REDIRECT] Sep 21, 2026 2:19:40 AM java.util.prefs.FileSystemPreferences syncWorld
2026-09-21 02:19:40,285 [ERROR] LogOutputStream:75 - [STDERR_REDIRECT] WARNING: Couldn't flush system prefs: java.util.prefs.BackingStoreException: Couldn't get file lock.
2026-09-21 02:19:40,285 [ERROR] LogOutputStream:75 - [STDERR_REDIRECT] 
2026-09-21 02:20:10,283 [ERROR] LogOutputStream:75 - [STDERR_REDIRECT] Sep 21, 2026 2:20:10 AM java.util.prefs.FileSystemPreferences checkLockFile0ErrorCode
2026-09-21 02:20:10,284 [ERROR] LogOutputStream:75 - [STDERR_REDIRECT] WARNING: Could not lock System prefs. Unix error code 31587.
2026-09-21 02:20:10,285 [ERROR] LogOutputStream:75 - [STDERR_REDIRECT] 
2026-09-21 02:20:10,285 [ERROR] LogOutputStream:75 - [STDERR_REDIRECT] Sep 21, 2026 2:20:10 AM java.util.prefs.FileSystemPreferences syncWorld
2026-09-21 02:20:10,285 [ERROR] LogOutputStream:75 - [STDERR_REDIRECT] WARNING: Couldn't flush system prefs: java.util.prefs.BackingStoreException: Couldn't get file lock.
2026-09-21 02:20:10,285 [ERROR] LogOutputStream:75 - [STDERR_REDIRECT] 
2026-09-21 02:20:40,286 [ERROR] LogOutputStream:75 - [STDERR_REDIRECT] Sep 21, 2026 2:20:40 AM java.util.prefs.FileSystemPreferences checkLockFile0ErrorCode
2026-09-21 02:20:40,288 [ERROR] LogOutputStream:75 - [STDERR_REDIRECT] WARNING: Could not lock System prefs. Unix error code 31587.
2026-09-21 02:20:40,289 [ERROR] LogOutputStream:75 - [STDERR_REDIRECT] 
2026-09-21 02:20:40,289 [ERROR] LogOutputStream:75 - [STDERR_REDIRECT] Sep 21, 2026 2:20:40 AM java.util.prefs.FileSystemPreferences syncWorld
2026-09-21 02:20:40,289 [ERROR] LogOutputStream:75 - [STDERR_REDIRECT] WARNING: Couldn't flush system prefs: java.util.prefs.BackingStoreException: Couldn't get file lock.
2026-09-21 02:20:40,298 [ERROR] LogOutputStream:75 - [STDERR_REDIRECT] 
2026-09-21 02:21:10,285 [ERROR] LogOutputStream:75 - [STDERR_REDIRECT] Sep 21, 2026 2:21:10 AM java.util.prefs.FileSystemPreferences checkLockFile0ErrorCode
2026-09-21 02:21:10,285 [ERROR] LogOutputStream:75 - [STDERR_REDIRECT] WARNING: Could not lock System prefs. Unix error code 31587.
2026-09-21 02:21:10,285 [ERROR] LogOutputStream:75 - [STDERR_REDIRECT] 
2026-09-21 02:21:10,286 [ERROR] LogOutputStream:75 - [STDERR_REDIRECT] Sep 21, 2026 2:21:10 AM java.util.prefs.FileSystemPreferences syncWorld
2026-09-21 02:21:10,286 [ERROR] LogOutputStream:75 - [STDERR_REDIRECT] WARNING: Couldn't flush system prefs: java.util.prefs.BackingStoreException: Couldn't get file lock.
2026-09-21 02:21:10,286 [ERROR] LogOutputStream:75 - [STDERR_REDIRECT] 
2026-09-21 02:21:40,286 [ERROR] LogOutputStream:75 - [STDERR_REDIRECT] Sep 21, 2026 2:21:40 AM java.util.prefs.FileSystemPreferences checkLockFile0ErrorCode
2026-09-21 02:21:40,286 [ERROR] LogOutputStream:75 - [STDERR_REDIRECT] WARNING: Could not lock System prefs. Unix error code 31587.
2026-09-21 02:21:40,287 [ERROR] LogOutputStream:75 - [STDERR_REDIRECT] 
2026-09-21 02:21:40,287 [ERROR] LogOutputStream:75 - [STDERR_REDIRECT] Sep 21, 2026 2:21:40 AM java.util.prefs.FileSystemPreferences syncWorld
2026-09-21 02:21:40,287 [ERROR] LogOutputStream:75 - [STDERR_REDIRECT] WARNING: Couldn't flush system prefs: java.util.prefs.BackingStoreException: Couldn't get file lock.
2026-09-21 02:21:40,287 [ERROR] LogOutputStream:75 - [STDERR_REDIRECT] 
2026-09-21 02:22:10,285 [ERROR] LogOutputStream:75 - [STDERR_REDIRECT] Sep 21, 2026 2:22:10 AM java.util.prefs.FileSystemPreferences checkLockFile0ErrorCode
2026-09-21 02:22:10,285 [ERROR] LogOutputStream:75 - [STDERR_REDIRECT] WARNING: Could not lock System prefs. Unix error code 31587.
2026-09-21 02:22:10,285 [ERROR] LogOutputStream:75 - [STDERR_REDIRECT] 
2026-09-21 02:22:10,285 [ERROR] LogOutputStream:75 - [STDERR_REDIRECT] Sep 21, 2026 2:22:10 AM java.util.prefs.FileSystemPreferences syncWorld
2026-09-21 02:22:10,285 [ERROR] LogOutputStream:75 - [STDERR_REDIRECT] WARNING: Couldn't flush system prefs: java.util.prefs.BackingStoreException: Couldn't get file lock.
2026-09-21 02:22:10,286 [ERROR] LogOutputStream:75 - [STDERR_REDIRECT] 
2026-09-21 02:22:40,285 [ERROR] LogOutputStream:75 - [STDERR_REDIRECT] Sep 21, 2026 2:22:40 AM java.util.prefs.FileSystemPreferences checkLockFile0ErrorCode
2026-09-21 02:22:40,286 [ERROR] LogOutputStream:75 - [STDERR_REDIRECT] WARNING: Could not lock System prefs. Unix error code 31587.
2026-09-21 02:22:40,286 [ERROR] LogOutputStream:75 - [STDERR_REDIRECT] 
2026-09-21 02:22:40,287 [ERROR] LogOutputStream:75 - [STDERR_REDIRECT] Sep 21, 2026 2:22:40 AM java.util.prefs.FileSystemPreferences syncWorld
2026-09-21 02:22:40,287 [ERROR] LogOutputStream:75 - [STDERR_REDIRECT] WARNING: Couldn't flush system prefs: java.util.prefs.BackingStoreException: Couldn't get file lock.
2026-09-21 02:22:40,287 [ERROR] LogOutputStream:75 - [STDERR_REDIRECT] 
2026-09-21 02:23:10,301 [ERROR] LogOutputStream:75 - [STDERR_REDIRECT] Sep 21, 2026 2:23:10 AM java.util.prefs.FileSystemPreferences checkLockFile0ErrorCode
2026-09-21 02:23:10,301 [ERROR] LogOutputStream:75 - [STDERR_REDIRECT] WARNING: Could not lock System prefs. Unix error code 31587.
2026-09-21 02:23:10,301 [ERROR] LogOutputStream:75 - [STDERR_REDIRECT] 
2026-09-21 02:23:10,301 [ERROR] LogOutputStream:75 - [STDERR_REDIRECT] Sep 21, 2026 2:23:10 AM java.util.prefs.FileSystemPreferences syncWorld
2026-09-21 02:23:10,301 [ERROR] LogOutputStream:75 - [STDERR_REDIRECT] WARNING: Couldn't flush system prefs: java.util.prefs.BackingStoreException: Couldn't get file lock.
2026-09-21 02:23:10,304 [ERROR] LogOutputStream:75 - [STDERR_REDIRECT] 
2026-09-21 02:23:40,288 [ERROR] LogOutputStream:75 - [STDERR_REDIRECT] Sep 21, 2026 2:23:40 AM java.util.prefs.FileSystemPreferences checkLockFile0ErrorCode
2026-09-21 02:23:40,288 [ERROR] LogOutputStream:75 - [STDERR_REDIRECT] WARNING: Could not lock System prefs. Unix error code 31587.
2026-09-21 02:23:40,289 [ERROR] LogOutputStream:75 - [STDERR_REDIRECT] 
2026-09-21 02:23:40,289 [ERROR] LogOutputStream:75 - [STDERR_REDIRECT] Sep 21, 2026 2:23:40 AM java.util.prefs.FileSystemPreferences syncWorld
2026-09-21 02:23:40,289 [ERROR] LogOutputStream:75 - [STDERR_REDIRECT] WARNING: Couldn't flush system prefs: java.util.prefs.BackingStoreException: Couldn't get file lock.
2026-09-21 02:23:40,289 [ERROR] LogOutputStream:75 - [STDERR_REDIRECT] 
2026-09-21 02:24:10,287 [ERROR] LogOutputStream:75 - [STDERR_REDIRECT] Sep 21, 2026 2:24:10 AM java.util.prefs.FileSystemPreferences checkLockFile0ErrorCode
2026-09-21 02:24:10,287 [ERROR] LogOutputStream:75 - [STDERR_REDIRECT] WARNING: Could not lock System prefs. Unix error code 31587.
2026-09-21 02:24:10,287 [ERROR] LogOutputStream:75 - [STDERR_REDIRECT] 
2026-09-21 02:24:10,287 [ERROR] LogOutputStream:75 - [STDERR_REDIRECT] Sep 21, 2026 2:24:10 AM java.util.prefs.FileSystemPreferences syncWorld
2026-09-21 02:24:10,288 [ERROR] LogOutputStream:75 - [STDERR_REDIRECT] WARNING: Couldn't flush system prefs: java.util.prefs.BackingStoreException: Couldn't get file lock.
2026-09-21 02:24:10,288 [ERROR] LogOutputStream:75 - [STDERR_REDIRECT] 
2026-09-21 02:24:40,287 [ERROR] LogOutputStream:75 - [STDERR_REDIRECT] Sep 21, 2026 2:24:40 AM java.util.prefs.FileSystemPreferences checkLockFile0ErrorCode
2026-09-21 02:24:40,287 [ERROR] LogOutputStream:75 - [STDERR_REDIRECT] WARNING: Could not lock System prefs. Unix error code 31587.
2026-09-21 02:24:40,288 [ERROR] LogOutputStream:75 - [STDERR_REDIRECT] 
2026-09-21 02:24:40,288 [ERROR] LogOutputStream:75 - [STDERR_REDIRECT] Sep 21, 2026 2:24:40 AM java.util.prefs.FileSystemPreferences syncWorld
2026-09-21 02:24:40,288 [ERROR] LogOutputStream:75 - [STDERR_REDIRECT] WARNING: Couldn't flush system prefs: java.util.prefs.BackingStoreException: Couldn't get file lock.
2026-09-21 02:24:40,288 [ERROR] LogOutputStream:75 - [STDERR_REDIRECT] 
2026-09-21 02:25:10,288 [ERROR] LogOutputStream:75 - [STDERR_REDIRECT] Sep 21, 2026 2:25:10 AM java.util.prefs.FileSystemPreferences checkLockFile0ErrorCode
2026-09-21 02:25:10,288 [ERROR] LogOutputStream:75 - [STDERR_REDIRECT] WARNING: Could not lock System prefs. Unix error code 31587.
2026-09-21 02:25:10,289 [ERROR] LogOutputStream:75 - [STDERR_REDIRECT] 
2026-09-21 02:25:10,289 [ERROR] LogOutputStream:75 - [STDERR_REDIRECT] Sep 21, 2026 2:25:10 AM java.util.prefs.FileSystemPreferences syncWorld
2026-09-21 02:25:10,289 [ERROR] LogOutputStream:75 - [STDERR_REDIRECT] WARNING: Couldn't flush system prefs: java.util.prefs.BackingStoreException: Couldn't get file lock.
2026-09-21 02:25:10,289 [ERROR] LogOutputStream:75 - [STDERR_REDIRECT] 
2026-09-21 02:25:40,292 [ERROR] LogOutputStream:75 - [STDERR_REDIRECT] Sep 21, 2026 2:25:40 AM java.util.prefs.FileSystemPreferences checkLockFile0ErrorCode
2026-09-21 02:25:40,292 [ERROR] LogOutputStream:75 - [STDERR_REDIRECT] WARNING: Could not lock System prefs. Unix error code 31587.
2026-09-21 02:25:40,292 [ERROR] LogOutputStream:75 - [STDERR_REDIRECT] 
2026-09-21 02:25:40,293 [ERROR] LogOutputStream:75 - [STDERR_REDIRECT] Sep 21, 2026 2:25:40 AM java.util.prefs.FileSystemPreferences syncWorld
2026-09-21 02:25:40,293 [ERROR] LogOutputStream:75 - [STDERR_REDIRECT] WARNING: Couldn't flush system prefs: java.util.prefs.BackingStoreException: Couldn't get file lock.
2026-09-21 02:25:40,293 [ERROR] LogOutputStream:75 - [STDERR_REDIRECT] 
2026-09-21 02:26:10,291 [ERROR] LogOutputStream:75 - [STDERR_REDIRECT] Sep 21, 2026 2:26:10 AM java.util.prefs.FileSystemPreferences checkLockFile0ErrorCode
2026-09-21 02:26:10,292 [ERROR] LogOutputStream:75 - [STDERR_REDIRECT] WARNING: Could not lock System prefs. Unix error code 31587.
2026-09-21 02:26:10,292 [ERROR] LogOutputStream:75 - [STDERR_REDIRECT] 
2026-09-21 02:26:10,292 [ERROR] LogOutputStream:75 - [STDERR_REDIRECT] Sep 21, 2026 2:26:10 AM java.util.prefs.FileSystemPreferences syncWorld
2026-09-21 02:26:10,293 [ERROR] LogOutputStream:75 - [STDERR_REDIRECT] WARNING: Couldn't flush system prefs: java.util.prefs.BackingStoreException: Couldn't get file lock.
2026-09-21 02:26:10,293 [ERROR] LogOutputStream:75 - [STDERR_REDIRECT] 
2026-09-21 02:26:40,291 [ERROR] LogOutputStream:75 - [STDERR_REDIRECT] Sep 21, 2026 2:26:40 AM java.util.prefs.FileSystemPreferences checkLockFile0ErrorCode
2026-09-21 02:26:40,292 [ERROR] LogOutputStream:75 - [STDERR_REDIRECT] WARNING: Could not lock System prefs. Unix error code 31587.
2026-09-21 02:26:40,292 [ERROR] LogOutputStream:75 - [STDERR_REDIRECT] 
2026-09-21 02:26:40,292 [ERROR] LogOutputStream:75 - [STDERR_REDIRECT] Sep 21, 2026 2:26:40 AM java.util.prefs.FileSystemPreferences syncWorld
2026-09-21 02:26:40,292 [ERROR] LogOutputStream:75 - [STDERR_REDIRECT] WARNING: Couldn't flush system prefs: java.util.prefs.BackingStoreException: Couldn't get file lock.
2026-09-21 02:26:40,292 [ERROR] LogOutputStream:75 - [STDERR_REDIRECT] 
2026-09-21 02:27:10,290 [ERROR] LogOutputStream:75 - [STDERR_REDIRECT] Sep 21, 2026 2:27:10 AM java.util.prefs.FileSystemPreferences checkLockFile0ErrorCode
2026-09-21 02:27:10,291 [ERROR] LogOutputStream:75 - [STDERR_REDIRECT] WARNING: Could not lock System prefs. Unix error code 31587.
2026-09-21 02:27:10,291 [ERROR] LogOutputStream:75 - [STDERR_REDIRECT] 
2026-09-21 02:27:10,291 [ERROR] LogOutputStream:75 - [STDERR_REDIRECT] Sep 21, 2026 2:27:10 AM java.util.prefs.FileSystemPreferences syncWorld
2026-09-21 02:27:10,291 [ERROR] LogOutputStream:75 - [STDERR_REDIRECT] WARNING: Couldn't flush system prefs: java.util.prefs.BackingStoreException: Couldn't get file lock.
2026-09-21 02:27:10,291 [ERROR] LogOutputStream:75 - [STDERR_REDIRECT] 
2026-09-21 02:27:40,290 [ERROR] LogOutputStream:75 - [STDERR_REDIRECT] Sep 21, 2026 2:27:40 AM java.util.prefs.FileSystemPreferences checkLockFile0ErrorCode
2026-09-21 02:27:40,290 [ERROR] LogOutputStream:75 - [STDERR_REDIRECT] WARNING: Could not lock System prefs. Unix error code 31587.
2026-09-21 02:27:40,290 [ERROR] LogOutputStream:75 - [STDERR_REDIRECT] 
2026-09-21 02:27:40,291 [ERROR] LogOutputStream:75 - [STDERR_REDIRECT] Sep 21, 2026 2:27:40 AM java.util.prefs.FileSystemPreferences syncWorld
2026-09-21 02:27:40,291 [ERROR] LogOutputStream:75 - [STDERR_REDIRECT] WARNING: Couldn't flush system prefs: java.util.prefs.BackingStoreException: Couldn't get file lock.
2026-09-21 02:27:40,291 [ERROR] LogOutputStream:75 - [STDERR_REDIRECT] 
2026-09-21 02:28:10,291 [ERROR] LogOutputStream:75 - [STDERR_REDIRECT] Sep 21, 2026 2:28:10 AM java.util.prefs.FileSystemPreferences checkLockFile0ErrorCode
2026-09-21 02:28:10,291 [ERROR] LogOutputStream:75 - [STDERR_REDIRECT] WARNING: Could not lock System prefs. Unix error code 31587.
2026-09-21 02:28:10,291 [ERROR] LogOutputStream:75 - [STDERR_REDIRECT] 
2026-09-21 02:28:10,292 [ERROR] LogOutputStream:75 - [STDERR_REDIRECT] Sep 21, 2026 2:28:10 AM java.util.prefs.FileSystemPreferences syncWorld
2026-09-21 02:28:10,292 [ERROR] LogOutputStream:75 - [STDERR_REDIRECT] WARNING: Couldn't flush system prefs: java.util.prefs.BackingStoreException: Couldn't get file lock.
2026-09-21 02:28:10,292 [ERROR] LogOutputStream:75 - [STDERR_REDIRECT] 
2026-09-21 02:28:40,290 [ERROR] LogOutputStream:75 - [STDERR_REDIRECT] Sep 21, 2026 2:28:40 AM java.util.prefs.FileSystemPreferences checkLockFile0ErrorCode
2026-09-21 02:28:40,291 [ERROR] LogOutputStream:75 - [STDERR_REDIRECT] WARNING: Could not lock System prefs. Unix error code 31587.
2026-09-21 02:28:40,291 [ERROR] LogOutputStream:75 - [STDERR_REDIRECT] 
2026-09-21 02:28:40,291 [ERROR] LogOutputStream:75 - [STDERR_REDIRECT] Sep 21, 2026 2:28:40 AM java.util.prefs.FileSystemPreferences syncWorld
2026-09-21 02:28:40,291 [ERROR] LogOutputStream:75 - [STDERR_REDIRECT] WARNING: Couldn't flush system prefs: java.util.prefs.BackingStoreException: Couldn't get file lock.
2026-09-21 02:28:40,292 [ERROR] LogOutputStream:75 - [STDERR_REDIRECT] 
2026-09-21 02:29:10,291 [ERROR] LogOutputStream:75 - [STDERR_REDIRECT] Sep 21, 2026 2:29:10 AM java.util.prefs.FileSystemPreferences checkLockFile0ErrorCode
2026-09-21 02:29:10,292 [ERROR] LogOutputStream:75 - [STDERR_REDIRECT] WARNING: Could not lock System prefs. Unix error code 31587.
2026-09-21 02:29:10,292 [ERROR] LogOutputStream:75 - [STDERR_REDIRECT] 
2026-09-21 02:29:10,292 [ERROR] LogOutputStream:75 - [STDERR_REDIRECT] Sep 21, 2026 2:29:10 AM java.util.prefs.FileSystemPreferences syncWorld
2026-09-21 02:29:10,292 [ERROR] LogOutputStream:75 - [STDERR_REDIRECT] WARNING: Couldn't flush system prefs: java.util.prefs.BackingStoreException: Couldn't get file lock.
2026-09-21 02:29:10,292 [ERROR] LogOutputStream:75 - [STDERR_REDIRECT] 
2026-09-21 02:29:40,292 [ERROR] LogOutputStream:75 - [STDERR_REDIRECT] Sep 21, 2026 2:29:40 AM java.util.prefs.FileSystemPreferences checkLockFile0ErrorCode
2026-09-21 02:29:40,292 [ERROR] LogOutputStream:75 - [STDERR_REDIRECT] WARNING: Could not lock System prefs. Unix error code 31587.
2026-09-21 02:29:40,292 [ERROR] LogOutputStream:75 - [STDERR_REDIRECT] 
2026-09-21 02:29:40,292 [ERROR] LogOutputStream:75 - [STDERR_REDIRECT] Sep 21, 2026 2:29:40 AM java.util.prefs.FileSystemPreferences syncWorld
2026-09-21 02:29:40,292 [ERROR] LogOutputStream:75 - [STDERR_REDIRECT] WARNING: Couldn't flush system prefs: java.util.prefs.BackingStoreException: Couldn't get file lock.
2026-09-21 02:29:40,292 [ERROR] LogOutputStream:75 - [STDERR_REDIRECT] 
2026-09-21 02:30:10,294 [ERROR] LogOutputStream:75 - [STDERR_REDIRECT] Sep 21, 2026 2:30:10 AM java.util.prefs.FileSystemPreferences checkLockFile0ErrorCode
2026-09-21 02:30:10,294 [ERROR] LogOutputStream:75 - [STDERR_REDIRECT] WARNING: Could not lock System prefs. Unix error code 31587.
2026-09-21 02:30:10,294 [ERROR] LogOutputStream:75 - [STDERR_REDIRECT] 
2026-09-21 02:30:10,295 [ERROR] LogOutputStream:75 - [STDERR_REDIRECT] Sep 21, 2026 2:30:10 AM java.util.prefs.FileSystemPreferences syncWorld
2026-09-21 02:30:10,295 [ERROR] LogOutputStream:75 - [STDERR_REDIRECT] WARNING: Couldn't flush system prefs: java.util.prefs.BackingStoreException: Couldn't get file lock.
2026-09-21 02:30:10,295 [ERROR] LogOutputStream:75 - [STDERR_REDIRECT] 
2026-09-21 02:30:40,292 [ERROR] LogOutputStream:75 - [STDERR_REDIRECT] Sep 21, 2026 2:30:40 AM java.util.prefs.FileSystemPreferences checkLockFile0ErrorCode
2026-09-21 02:30:40,292 [ERROR] LogOutputStream:75 - [STDERR_REDIRECT] WARNING: Could not lock System prefs. Unix error code 31587.
2026-09-21 02:30:40,292 [ERROR] LogOutputStream:75 - [STDERR_REDIRECT] 
2026-09-21 02:30:40,292 [ERROR] LogOutputStream:75 - [STDERR_REDIRECT] Sep 21, 2026 2:30:40 AM java.util.prefs.FileSystemPreferences syncWorld
2026-09-21 02:30:40,292 [ERROR] LogOutputStream:75 - [STDERR_REDIRECT] WARNING: Couldn't flush system prefs: java.util.prefs.BackingStoreException: Couldn't get file lock.
2026-09-21 02:30:40,292 [ERROR] LogOutputStream:75 - [STDERR_REDIRECT] 
2026-09-21 02:31:10,294 [ERROR] LogOutputStream:75 - [STDERR_REDIRECT] Sep 21, 2026 2:31:10 AM java.util.prefs.FileSystemPreferences checkLockFile0ErrorCode
2026-09-21 02:31:10,294 [ERROR] LogOutputStream:75 - [STDERR_REDIRECT] WARNING: Could not lock System prefs. Unix error code 31587.
2026-09-21 02:31:10,294 [ERROR] LogOutputStream:75 - [STDERR_REDIRECT] 
2026-09-21 02:31:10,294 [ERROR] LogOutputStream:75 - [STDERR_REDIRECT] Sep 21, 2026 2:31:10 AM java.util.prefs.FileSystemPreferences syncWorld
2026-09-21 02:31:10,294 [ERROR] LogOutputStream:75 - [STDERR_REDIRECT] WARNING: Couldn't flush system prefs: java.util.prefs.BackingStoreException: Couldn't get file lock.
2026-09-21 02:31:10,295 [ERROR] LogOutputStream:75 - [STDERR_REDIRECT] 
2026-09-21 02:31:40,295 [ERROR] LogOutputStream:75 - [STDERR_REDIRECT] Sep 21, 2026 2:31:40 AM java.util.prefs.FileSystemPreferences checkLockFile0ErrorCode
2026-09-21 02:31:40,296 [ERROR] LogOutputStream:75 - [STDERR_REDIRECT] WARNING: Could not lock System prefs. Unix error code 31587.
2026-09-21 02:31:40,297 [ERROR] LogOutputStream:75 - [STDERR_REDIRECT] 
2026-09-21 02:31:40,297 [ERROR] LogOutputStream:75 - [STDERR_REDIRECT] Sep 21, 2026 2:31:40 AM java.util.prefs.FileSystemPreferences syncWorld
2026-09-21 02:31:40,297 [ERROR] LogOutputStream:75 - [STDERR_REDIRECT] WARNING: Couldn't flush system prefs: java.util.prefs.BackingStoreException: Couldn't get file lock.
2026-09-21 02:31:40,297 [ERROR] LogOutputStream:75 - [STDERR_REDIRECT] 
2026-09-21 02:32:10,295 [ERROR] LogOutputStream:75 - [STDERR_REDIRECT] Sep 21, 2026 2:32:10 AM java.util.prefs.FileSystemPreferences checkLockFile0ErrorCode
2026-09-21 02:32:10,296 [ERROR] LogOutputStream:75 - [STDERR_REDIRECT] WARNING: Could not lock System prefs. Unix error code 31587.
2026-09-21 02:32:10,296 [ERROR] LogOutputStream:75 - [STDERR_REDIRECT] 
2026-09-21 02:32:10,296 [ERROR] LogOutputStream:75 - [STDERR_REDIRECT] Sep 21, 2026 2:32:10 AM java.util.prefs.FileSystemPreferences syncWorld
2026-09-21 02:32:10,296 [ERROR] LogOutputStream:75 - [STDERR_REDIRECT] WARNING: Couldn't flush system prefs: java.util.prefs.BackingStoreException: Couldn't get file lock.
2026-09-21 02:32:10,296 [ERROR] LogOutputStream:75 - [STDERR_REDIRECT] 
2026-09-21 02:32:40,295 [ERROR] LogOutputStream:75 - [STDERR_REDIRECT] Sep 21, 2026 2:32:40 AM java.util.prefs.FileSystemPreferences checkLockFile0ErrorCode
2026-09-21 02:32:40,295 [ERROR] LogOutputStream:75 - [STDERR_REDIRECT] WARNING: Could not lock System prefs. Unix error code 31587.
2026-09-21 02:32:40,295 [ERROR] LogOutputStream:75 - [STDERR_REDIRECT] 
2026-09-21 02:32:40,296 [ERROR] LogOutputStream:75 - [STDERR_REDIRECT] Sep 21, 2026 2:32:40 AM java.util.prefs.FileSystemPreferences syncWorld
2026-09-21 02:32:40,296 [ERROR] LogOutputStream:75 - [STDERR_REDIRECT] WARNING: Couldn't flush system prefs: java.util.prefs.BackingStoreException: Couldn't get file lock.
2026-09-21 02:32:40,296 [ERROR] LogOutputStream:75 - [STDERR_REDIRECT] 
2026-09-21 02:33:10,294 [ERROR] LogOutputStream:75 - [STDERR_REDIRECT] Sep 21, 2026 2:33:10 AM java.util.prefs.FileSystemPreferences checkLockFile0ErrorCode
2026-09-21 02:33:10,294 [ERROR] LogOutputStream:75 - [STDERR_REDIRECT] WARNING: Could not lock System prefs. Unix error code 31587.
2026-09-21 02:33:10,295 [ERROR] LogOutputStream:75 - [STDERR_REDIRECT] 
2026-09-21 02:33:10,295 [ERROR] LogOutputStream:75 - [STDERR_REDIRECT] Sep 21, 2026 2:33:10 AM java.util.prefs.FileSystemPreferences syncWorld
2026-09-21 02:33:10,295 [ERROR] LogOutputStream:75 - [STDERR_REDIRECT] WARNING: Couldn't flush system prefs: java.util.prefs.BackingStoreException: Couldn't get file lock.
2026-09-21 02:33:10,295 [ERROR] LogOutputStream:75 - [STDERR_REDIRECT] 
2026-09-21 02:33:40,296 [ERROR] LogOutputStream:75 - [STDERR_REDIRECT] Sep 21, 2026 2:33:40 AM java.util.prefs.FileSystemPreferences checkLockFile0ErrorCode
2026-09-21 02:33:40,296 [ERROR] LogOutputStream:75 - [STDERR_REDIRECT] WARNING: Could not lock System prefs. Unix error code 31587.
2026-09-21 02:33:40,296 [ERROR] LogOutputStream:75 - [STDERR_REDIRECT] 
2026-09-21 02:33:40,297 [ERROR] LogOutputStream:75 - [STDERR_REDIRECT] Sep 21, 2026 2:33:40 AM java.util.prefs.FileSystemPreferences syncWorld
2026-09-21 02:33:40,297 [ERROR] LogOutputStream:75 - [STDERR_REDIRECT] WARNING: Couldn't flush system prefs: java.util.prefs.BackingStoreException: Couldn't get file lock.
2026-09-21 02:33:40,297 [ERROR] LogOutputStream:75 - [STDERR_REDIRECT] 
2026-09-21 02:34:10,305 [ERROR] LogOutputStream:75 - [STDERR_REDIRECT] Sep 21, 2026 2:34:10 AM java.util.prefs.FileSystemPreferences checkLockFile0ErrorCode
2026-09-21 02:34:10,321 [ERROR] LogOutputStream:75 - [STDERR_REDIRECT] WARNING: Could not lock System prefs. Unix error code 31587.
2026-09-21 02:34:10,322 [ERROR] LogOutputStream:75 - [STDERR_REDIRECT] 
2026-09-21 02:34:10,322 [ERROR] LogOutputStream:75 - [STDERR_REDIRECT] Sep 21, 2026 2:34:10 AM java.util.prefs.FileSystemPreferences syncWorld
2026-09-21 02:34:10,322 [ERROR] LogOutputStream:75 - [STDERR_REDIRECT] WARNING: Couldn't flush system prefs: java.util.prefs.BackingStoreException: Couldn't get file lock.
2026-09-21 02:34:10,322 [ERROR] LogOutputStream:75 - [STDERR_REDIRECT] 
2026-09-21 02:34:40,296 [ERROR] LogOutputStream:75 - [STDERR_REDIRECT] Sep 21, 2026 2:34:40 AM java.util.prefs.FileSystemPreferences checkLockFile0ErrorCode
2026-09-21 02:34:40,297 [ERROR] LogOutputStream:75 - [STDERR_REDIRECT] WARNING: Could not lock System prefs. Unix error code 31587.
2026-09-21 02:34:40,297 [ERROR] LogOutputStream:75 - [STDERR_REDIRECT] 
2026-09-21 02:34:40,297 [ERROR] LogOutputStream:75 - [STDERR_REDIRECT] Sep 21, 2026 2:34:40 AM java.util.prefs.FileSystemPreferences syncWorld
2026-09-21 02:34:40,297 [ERROR] LogOutputStream:75 - [STDERR_REDIRECT] WARNING: Couldn't flush system prefs: java.util.prefs.BackingStoreException: Couldn't get file lock.
2026-09-21 02:34:40,313 [ERROR] LogOutputStream:75 - [STDERR_REDIRECT] 
2026-09-21 02:35:10,298 [ERROR] LogOutputStream:75 - [STDERR_REDIRECT] Sep 21, 2026 2:35:10 AM java.util.prefs.FileSystemPreferences checkLockFile0ErrorCode
2026-09-21 02:35:10,299 [ERROR] LogOutputStream:75 - [STDERR_REDIRECT] WARNING: Could not lock System prefs. Unix error code 31587.
2026-09-21 02:35:10,299 [ERROR] LogOutputStream:75 - [STDERR_REDIRECT] 
2026-09-21 02:35:10,299 [ERROR] LogOutputStream:75 - [STDERR_REDIRECT] Sep 21, 2026 2:35:10 AM java.util.prefs.FileSystemPreferences syncWorld
2026-09-21 02:35:10,299 [ERROR] LogOutputStream:75 - [STDERR_REDIRECT] WARNING: Couldn't flush system prefs: java.util.prefs.BackingStoreException: Couldn't get file lock.
2026-09-21 02:35:10,299 [ERROR] LogOutputStream:75 - [STDERR_REDIRECT] 
2026-09-21 02:35:40,300 [ERROR] LogOutputStream:75 - [STDERR_REDIRECT] Sep 21, 2026 2:35:40 AM java.util.prefs.FileSystemPreferences checkLockFile0ErrorCode
2026-09-21 02:35:40,300 [ERROR] LogOutputStream:75 - [STDERR_REDIRECT] WARNING: Could not lock System prefs. Unix error code 31587.
2026-09-21 02:35:40,300 [ERROR] LogOutputStream:75 - [STDERR_REDIRECT] 
2026-09-21 02:35:40,301 [ERROR] LogOutputStream:75 - [STDERR_REDIRECT] Sep 21, 2026 2:35:40 AM java.util.prefs.FileSystemPreferences syncWorld
2026-09-21 02:35:40,301 [ERROR] LogOutputStream:75 - [STDERR_REDIRECT] WARNING: Couldn't flush system prefs: java.util.prefs.BackingStoreException: Couldn't get file lock.
2026-09-21 02:35:40,301 [ERROR] LogOutputStream:75 - [STDERR_REDIRECT] 
2026-09-21 02:36:10,299 [ERROR] LogOutputStream:75 - [STDERR_REDIRECT] Sep 21, 2026 2:36:10 AM java.util.prefs.FileSystemPreferences checkLockFile0ErrorCode
2026-09-21 02:36:10,316 [ERROR] LogOutputStream:75 - [STDERR_REDIRECT] WARNING: Could not lock System prefs. Unix error code 31587.
2026-09-21 02:36:10,316 [ERROR] LogOutputStream:75 - [STDERR_REDIRECT] 
2026-09-21 02:36:10,316 [ERROR] LogOutputStream:75 - [STDERR_REDIRECT] Sep 21, 2026 2:36:10 AM java.util.prefs.FileSystemPreferences syncWorld
2026-09-21 02:36:10,317 [ERROR] LogOutputStream:75 - [STDERR_REDIRECT] WARNING: Couldn't flush system prefs: java.util.prefs.BackingStoreException: Couldn't get file lock.
2026-09-21 02:36:10,317 [ERROR] LogOutputStream:75 - [STDERR_REDIRECT] 
2026-09-21 02:36:40,302 [ERROR] LogOutputStream:75 - [STDERR_REDIRECT] Sep 21, 2026 2:36:40 AM java.util.prefs.FileSystemPreferences checkLockFile0ErrorCode
2026-09-21 02:36:40,302 [ERROR] LogOutputStream:75 - [STDERR_REDIRECT] WARNING: Could not lock System prefs. Unix error code 31587.
2026-09-21 02:36:40,302 [ERROR] LogOutputStream:75 - [STDERR_REDIRECT] 
2026-09-21 02:36:40,303 [ERROR] LogOutputStream:75 - [STDERR_REDIRECT] Sep 21, 2026 2:36:40 AM java.util.prefs.FileSystemPreferences syncWorld
2026-09-21 02:36:40,303 [ERROR] LogOutputStream:75 - [STDERR_REDIRECT] WARNING: Couldn't flush system prefs: java.util.prefs.BackingStoreException: Couldn't get file lock.
2026-09-21 02:36:40,303 [ERROR] LogOutputStream:75 - [STDERR_REDIRECT] 
2026-09-21 02:37:10,304 [ERROR] LogOutputStream:75 - [STDERR_REDIRECT] Sep 21, 2026 2:37:10 AM java.util.prefs.FileSystemPreferences checkLockFile0ErrorCode
2026-09-21 02:37:10,304 [ERROR] LogOutputStream:75 - [STDERR_REDIRECT] WARNING: Could not lock System prefs. Unix error code 31587.
2026-09-21 02:37:10,304 [ERROR] LogOutputStream:75 - [STDERR_REDIRECT] 
2026-09-21 02:37:10,304 [ERROR] LogOutputStream:75 - [STDERR_REDIRECT] Sep 21, 2026 2:37:10 AM java.util.prefs.FileSystemPreferences syncWorld
2026-09-21 02:37:10,304 [ERROR] LogOutputStream:75 - [STDERR_REDIRECT] WARNING: Couldn't flush system prefs: java.util.prefs.BackingStoreException: Couldn't get file lock.
2026-09-21 02:37:10,304 [ERROR] LogOutputStream:75 - [STDERR_REDIRECT] 
2026-09-21 02:37:40,323 [ERROR] LogOutputStream:75 - [STDERR_REDIRECT] Sep 21, 2026 2:37:40 AM java.util.prefs.FileSystemPreferences checkLockFile0ErrorCode
2026-09-21 02:37:40,323 [ERROR] LogOutputStream:75 - [STDERR_REDIRECT] WARNING: Could not lock System prefs. Unix error code 31587.
2026-09-21 02:37:40,323 [ERROR] LogOutputStream:75 - [STDERR_REDIRECT] 
2026-09-21 02:37:40,324 [ERROR] LogOutputStream:75 - [STDERR_REDIRECT] Sep 21, 2026 2:37:40 AM java.util.prefs.FileSystemPreferences syncWorld
2026-09-21 02:37:40,324 [ERROR] LogOutputStream:75 - [STDERR_REDIRECT] WARNING: Couldn't flush system prefs: java.util.prefs.BackingStoreException: Couldn't get file lock.
2026-09-21 02:37:40,324 [ERROR] LogOutputStream:75 - [STDERR_REDIRECT] 
2026-09-21 02:38:10,303 [ERROR] LogOutputStream:75 - [STDERR_REDIRECT] Sep 21, 2026 2:38:10 AM java.util.prefs.FileSystemPreferences checkLockFile0ErrorCode
2026-09-21 02:38:10,303 [ERROR] LogOutputStream:75 - [STDERR_REDIRECT] WARNING: Could not lock System prefs. Unix error code 31587.
2026-09-21 02:38:10,303 [ERROR] LogOutputStream:75 - [STDERR_REDIRECT] 
2026-09-21 02:38:10,303 [ERROR] LogOutputStream:75 - [STDERR_REDIRECT] Sep 21, 2026 2:38:10 AM java.util.prefs.FileSystemPreferences syncWorld
2026-09-21 02:38:10,303 [ERROR] LogOutputStream:75 - [STDERR_REDIRECT] WARNING: Couldn't flush system prefs: java.util.prefs.BackingStoreException: Couldn't get file lock.
2026-09-21 02:38:10,303 [ERROR] LogOutputStream:75 - [STDERR_REDIRECT] 
2026-09-21 02:38:40,304 [ERROR] LogOutputStream:75 - [STDERR_REDIRECT] Sep 21, 2026 2:38:40 AM java.util.prefs.FileSystemPreferences checkLockFile0ErrorCode
2026-09-21 02:38:40,321 [ERROR] LogOutputStream:75 - [STDERR_REDIRECT] WARNING: Could not lock System prefs. Unix error code 31587.
2026-09-21 02:38:40,321 [ERROR] LogOutputStream:75 - [STDERR_REDIRECT] 
2026-09-21 02:38:40,321 [ERROR] LogOutputStream:75 - [STDERR_REDIRECT] Sep 21, 2026 2:38:40 AM java.util.prefs.FileSystemPreferences syncWorld
2026-09-21 02:38:40,321 [ERROR] LogOutputStream:75 - [STDERR_REDIRECT] WARNING: Couldn't flush system prefs: java.util.prefs.BackingStoreException: Couldn't get file lock.
2026-09-21 02:38:40,321 [ERROR] LogOutputStream:75 - [STDERR_REDIRECT] 
2026-09-21 02:39:10,306 [ERROR] LogOutputStream:75 - [STDERR_REDIRECT] Sep 21, 2026 2:39:10 AM java.util.prefs.FileSystemPreferences checkLockFile0ErrorCode
2026-09-21 02:39:10,306 [ERROR] LogOutputStream:75 - [STDERR_REDIRECT] WARNING: Could not lock System prefs. Unix error code 31587.
2026-09-21 02:39:10,307 [ERROR] LogOutputStream:75 - [STDERR_REDIRECT] 
2026-09-21 02:39:10,323 [ERROR] LogOutputStream:75 - [STDERR_REDIRECT] Sep 21, 2026 2:39:10 AM java.util.prefs.FileSystemPreferences syncWorld
2026-09-21 02:39:10,324 [ERROR] LogOutputStream:75 - [STDERR_REDIRECT] WARNING: Couldn't flush system prefs: java.util.prefs.BackingStoreException: Couldn't get file lock.
2026-09-21 02:39:10,324 [ERROR] LogOutputStream:75 - [STDERR_REDIRECT] 
2026-09-21 02:39:40,309 [ERROR] LogOutputStream:75 - [STDERR_REDIRECT] Sep 21, 2026 2:39:40 AM java.util.prefs.FileSystemPreferences checkLockFile0ErrorCode
2026-09-21 02:39:40,309 [ERROR] LogOutputStream:75 - [STDERR_REDIRECT] WARNING: Could not lock System prefs. Unix error code 31587.
2026-09-21 02:39:40,310 [ERROR] LogOutputStream:75 - [STDERR_REDIRECT] 
2026-09-21 02:39:40,310 [ERROR] LogOutputStream:75 - [STDERR_REDIRECT] Sep 21, 2026 2:39:40 AM java.util.prefs.FileSystemPreferences syncWorld
2026-09-21 02:39:40,310 [ERROR] LogOutputStream:75 - [STDERR_REDIRECT] WARNING: Couldn't flush system prefs: java.util.prefs.BackingStoreException: Couldn't get file lock.
2026-09-21 02:39:40,310 [ERROR] LogOutputStream:75 - [STDERR_REDIRECT] 
2026-09-21 02:40:10,308 [ERROR] LogOutputStream:75 - [STDERR_REDIRECT] Sep 21, 2026 2:40:10 AM java.util.prefs.FileSystemPreferences checkLockFile0ErrorCode
2026-09-21 02:40:10,309 [ERROR] LogOutputStream:75 - [STDERR_REDIRECT] WARNING: Could not lock System prefs. Unix error code 31587.
2026-09-21 02:40:10,309 [ERROR] LogOutputStream:75 - [STDERR_REDIRECT] 
2026-09-21 02:40:10,309 [ERROR] LogOutputStream:75 - [STDERR_REDIRECT] Sep 21, 2026 2:40:10 AM java.util.prefs.FileSystemPreferences syncWorld
2026-09-21 02:40:10,309 [ERROR] LogOutputStream:75 - [STDERR_REDIRECT] WARNING: Couldn't flush system prefs: java.util.prefs.BackingStoreException: Couldn't get file lock.
2026-09-21 02:40:10,309 [ERROR] LogOutputStream:75 - [STDERR_REDIRECT] 
2026-09-21 02:40:40,310 [ERROR] LogOutputStream:75 - [STDERR_REDIRECT] Sep 21, 2026 2:40:40 AM java.util.prefs.FileSystemPreferences checkLockFile0ErrorCode
2026-09-21 02:40:40,311 [ERROR] LogOutputStream:75 - [STDERR_REDIRECT] WARNING: Could not lock System prefs. Unix error code 31587.
2026-09-21 02:40:40,311 [ERROR] LogOutputStream:75 - [STDERR_REDIRECT] 
2026-09-21 02:40:40,312 [ERROR] LogOutputStream:75 - [STDERR_REDIRECT] Sep 21, 2026 2:40:40 AM java.util.prefs.FileSystemPreferences syncWorld
2026-09-21 02:40:40,313 [ERROR] LogOutputStream:75 - [STDERR_REDIRECT] WARNING: Couldn't flush system prefs: java.util.prefs.BackingStoreException: Couldn't get file lock.
2026-09-21 02:40:40,313 [ERROR] LogOutputStream:75 - [STDERR_REDIRECT] 
2026-09-21 02:41:10,316 [ERROR] LogOutputStream:75 - [STDERR_REDIRECT] Sep 21, 2026 2:41:10 AM java.util.prefs.FileSystemPreferences checkLockFile0ErrorCode
2026-09-21 02:41:10,333 [ERROR] LogOutputStream:75 - [STDERR_REDIRECT] WARNING: Could not lock System prefs. Unix error code 31587.
2026-09-21 02:41:10,333 [ERROR] LogOutputStream:75 - [STDERR_REDIRECT] 
2026-09-21 02:41:10,333 [ERROR] LogOutputStream:75 - [STDERR_REDIRECT] Sep 21, 2026 2:41:10 AM java.util.prefs.FileSystemPreferences syncWorld
2026-09-21 02:41:10,334 [ERROR] LogOutputStream:75 - [STDERR_REDIRECT] WARNING: Couldn't flush system prefs: java.util.prefs.BackingStoreException: Couldn't get file lock.
2026-09-21 02:41:10,334 [ERROR] LogOutputStream:75 - [STDERR_REDIRECT] 
2026-09-21 02:41:40,309 [ERROR] LogOutputStream:75 - [STDERR_REDIRECT] Sep 21, 2026 2:41:40 AM java.util.prefs.FileSystemPreferences checkLockFile0ErrorCode
2026-09-21 02:41:40,309 [ERROR] LogOutputStream:75 - [STDERR_REDIRECT] WARNING: Could not lock System prefs. Unix error code 31587.
2026-09-21 02:41:40,309 [ERROR] LogOutputStream:75 - [STDERR_REDIRECT] 
2026-09-21 02:41:40,310 [ERROR] LogOutputStream:75 - [STDERR_REDIRECT] Sep 21, 2026 2:41:40 AM java.util.prefs.FileSystemPreferences syncWorld
2026-09-21 02:41:40,310 [ERROR] LogOutputStream:75 - [STDERR_REDIRECT] WARNING: Couldn't flush system prefs: java.util.prefs.BackingStoreException: Couldn't get file lock.
2026-09-21 02:41:40,310 [ERROR] LogOutputStream:75 - [STDERR_REDIRECT] 
2026-09-21 02:42:10,310 [ERROR] LogOutputStream:75 - [STDERR_REDIRECT] Sep 21, 2026 2:42:10 AM java.util.prefs.FileSystemPreferences checkLockFile0ErrorCode
2026-09-21 02:42:10,310 [ERROR] LogOutputStream:75 - [STDERR_REDIRECT] WARNING: Could not lock System prefs. Unix error code 31587.
2026-09-21 02:42:10,310 [ERROR] LogOutputStream:75 - [STDERR_REDIRECT] 
2026-09-21 02:42:10,310 [ERROR] LogOutputStream:75 - [STDERR_REDIRECT] Sep 21, 2026 2:42:10 AM java.util.prefs.FileSystemPreferences syncWorld
2026-09-21 02:42:10,311 [ERROR] LogOutputStream:75 - [STDERR_REDIRECT] WARNING: Couldn't flush system prefs: java.util.prefs.BackingStoreException: Couldn't get file lock.
2026-09-21 02:42:10,311 [ERROR] LogOutputStream:75 - [STDERR_REDIRECT] 
2026-09-21 02:42:40,309 [ERROR] LogOutputStream:75 - [STDERR_REDIRECT] Sep 21, 2026 2:42:40 AM java.util.prefs.FileSystemPreferences checkLockFile0ErrorCode
2026-09-21 02:42:40,309 [ERROR] LogOutputStream:75 - [STDERR_REDIRECT] WARNING: Could not lock System prefs. Unix error code 31587.
2026-09-21 02:42:40,310 [ERROR] LogOutputStream:75 - [STDERR_REDIRECT] 
2026-09-21 02:42:40,310 [ERROR] LogOutputStream:75 - [STDERR_REDIRECT] Sep 21, 2026 2:42:40 AM java.util.prefs.FileSystemPreferences syncWorld
2026-09-21 02:42:40,310 [ERROR] LogOutputStream:75 - [STDERR_REDIRECT] WARNING: Couldn't flush system prefs: java.util.prefs.BackingStoreException: Couldn't get file lock.
2026-09-21 02:42:40,310 [ERROR] LogOutputStream:75 - [STDERR_REDIRECT] 
2026-09-21 02:43:10,308 [ERROR] LogOutputStream:75 - [STDERR_REDIRECT] Sep 21, 2026 2:43:10 AM java.util.prefs.FileSystemPreferences checkLockFile0ErrorCode
2026-09-21 02:43:10,308 [ERROR] LogOutputStream:75 - [STDERR_REDIRECT] WARNING: Could not lock System prefs. Unix error code 31587.
2026-09-21 02:43:10,308 [ERROR] LogOutputStream:75 - [STDERR_REDIRECT] 
2026-09-21 02:43:10,308 [ERROR] LogOutputStream:75 - [STDERR_REDIRECT] Sep 21, 2026 2:43:10 AM java.util.prefs.FileSystemPreferences syncWorld
2026-09-21 02:43:10,308 [ERROR] LogOutputStream:75 - [STDERR_REDIRECT] WARNING: Couldn't flush system prefs: java.util.prefs.BackingStoreException: Couldn't get file lock.
2026-09-21 02:43:10,308 [ERROR] LogOutputStream:75 - [STDERR_REDIRECT] 
2026-09-21 02:43:40,309 [ERROR] LogOutputStream:75 - [STDERR_REDIRECT] Sep 21, 2026 2:43:40 AM java.util.prefs.FileSystemPreferences checkLockFile0ErrorCode
2026-09-21 02:43:40,310 [ERROR] LogOutputStream:75 - [STDERR_REDIRECT] WARNING: Could not lock System prefs. Unix error code 31587.
2026-09-21 02:43:40,311 [ERROR] LogOutputStream:75 - [STDERR_REDIRECT] 
2026-09-21 02:43:40,311 [ERROR] LogOutputStream:75 - [STDERR_REDIRECT] Sep 21, 2026 2:43:40 AM java.util.prefs.FileSystemPreferences syncWorld
2026-09-21 02:43:40,311 [ERROR] LogOutputStream:75 - [STDERR_REDIRECT] WARNING: Couldn't flush system prefs: java.util.prefs.BackingStoreException: Couldn't get file lock.
2026-09-21 02:43:40,311 [ERROR] LogOutputStream:75 - [STDERR_REDIRECT] 
2026-09-21 02:44:11,045 [ERROR] LogOutputStream:75 - [STDERR_REDIRECT] Sep 21, 2026 2:44:11 AM java.util.prefs.FileSystemPreferences checkLockFile0ErrorCode
2026-09-21 02:44:11,045 [ERROR] LogOutputStream:75 - [STDERR_REDIRECT] WARNING: Could not lock System prefs. Unix error code 31587.
2026-09-21 02:44:11,045 [ERROR] LogOutputStream:75 - [STDERR_REDIRECT] 
2026-09-21 02:44:11,045 [ERROR] LogOutputStream:75 - [STDERR_REDIRECT] Sep 21, 2026 2:44:11 AM java.util.prefs.FileSystemPreferences syncWorld
2026-09-21 02:44:11,045 [ERROR] LogOutputStream:75 - [STDERR_REDIRECT] WARNING: Couldn't flush system prefs: java.util.prefs.BackingStoreException: Couldn't get file lock.
2026-09-21 02:44:11,046 [ERROR] LogOutputStream:75 - [STDERR_REDIRECT] 
2026-09-21 02:44:40,312 [ERROR] LogOutputStream:75 - [STDERR_REDIRECT] Sep 21, 2026 2:44:40 AM java.util.prefs.FileSystemPreferences checkLockFile0ErrorCode
2026-09-21 02:44:40,312 [ERROR] LogOutputStream:75 - [STDERR_REDIRECT] WARNING: Could not lock System prefs. Unix error code 31587.
2026-09-21 02:44:40,312 [ERROR] LogOutputStream:75 - [STDERR_REDIRECT] 
2026-09-21 02:44:40,313 [ERROR] LogOutputStream:75 - [STDERR_REDIRECT] Sep 21, 2026 2:44:40 AM java.util.prefs.FileSystemPreferences syncWorld
2026-09-21 02:44:40,313 [ERROR] LogOutputStream:75 - [STDERR_REDIRECT] WARNING: Couldn't flush system prefs: java.util.prefs.BackingStoreException: Couldn't get file lock.
2026-09-21 02:44:40,313 [ERROR] LogOutputStream:75 - [STDERR_REDIRECT] 
2026-09-21 02:45:10,329 [ERROR] LogOutputStream:75 - [STDERR_REDIRECT] Sep 21, 2026 2:45:10 AM java.util.prefs.FileSystemPreferences checkLockFile0ErrorCode
2026-09-21 02:45:10,329 [ERROR] LogOutputStream:75 - [STDERR_REDIRECT] WARNING: Could not lock System prefs. Unix error code 31587.
2026-09-21 02:45:10,329 [ERROR] LogOutputStream:75 - [STDERR_REDIRECT] 
2026-09-21 02:45:10,329 [ERROR] LogOutputStream:75 - [STDERR_REDIRECT] Sep 21, 2026 2:45:10 AM java.util.prefs.FileSystemPreferences syncWorld
2026-09-21 02:45:10,329 [ERROR] LogOutputStream:75 - [STDERR_REDIRECT] WARNING: Couldn't flush system prefs: java.util.prefs.BackingStoreException: Couldn't get file lock.
2026-09-21 02:45:10,329 [ERROR] LogOutputStream:75 - [STDERR_REDIRECT] 
2026-09-21 02:45:40,311 [ERROR] LogOutputStream:75 - [STDERR_REDIRECT] Sep 21, 2026 2:45:40 AM java.util.prefs.FileSystemPreferences checkLockFile0ErrorCode
2026-09-21 02:45:40,311 [ERROR] LogOutputStream:75 - [STDERR_REDIRECT] WARNING: Could not lock System prefs. Unix error code 31587.
2026-09-21 02:45:40,311 [ERROR] LogOutputStream:75 - [STDERR_REDIRECT] 
2026-09-21 02:45:40,311 [ERROR] LogOutputStream:75 - [STDERR_REDIRECT] Sep 21, 2026 2:45:40 AM java.util.prefs.FileSystemPreferences syncWorld
2026-09-21 02:45:40,311 [ERROR] LogOutputStream:75 - [STDERR_REDIRECT] WARNING: Couldn't flush system prefs: java.util.prefs.BackingStoreException: Couldn't get file lock.
2026-09-21 02:45:40,311 [ERROR] LogOutputStream:75 - [STDERR_REDIRECT] 
2026-09-21 02:46:10,312 [ERROR] LogOutputStream:75 - [STDERR_REDIRECT] Sep 21, 2026 2:46:10 AM java.util.prefs.FileSystemPreferences checkLockFile0ErrorCode
2026-09-21 02:46:10,312 [ERROR] LogOutputStream:75 - [STDERR_REDIRECT] WARNING: Could not lock System prefs. Unix error code 31587.
2026-09-21 02:46:10,312 [ERROR] LogOutputStream:75 - [STDERR_REDIRECT] 
2026-09-21 02:46:10,313 [ERROR] LogOutputStream:75 - [STDERR_REDIRECT] Sep 21, 2026 2:46:10 AM java.util.prefs.FileSystemPreferences syncWorld
2026-09-21 02:46:10,313 [ERROR] LogOutputStream:75 - [STDERR_REDIRECT] WARNING: Couldn't flush system prefs: java.util.prefs.BackingStoreException: Couldn't get file lock.
2026-09-21 02:46:10,313 [ERROR] LogOutputStream:75 - [STDERR_REDIRECT] 
2026-09-21 02:46:40,313 [ERROR] LogOutputStream:75 - [STDERR_REDIRECT] Sep 21, 2026 2:46:40 AM java.util.prefs.FileSystemPreferences checkLockFile0ErrorCode
2026-09-21 02:46:40,313 [ERROR] LogOutputStream:75 - [STDERR_REDIRECT] WARNING: Could not lock System prefs. Unix error code 31587.
2026-09-21 02:46:40,313 [ERROR] LogOutputStream:75 - [STDERR_REDIRECT] 
2026-09-21 02:46:40,314 [ERROR] LogOutputStream:75 - [STDERR_REDIRECT] Sep 21, 2026 2:46:40 AM java.util.prefs.FileSystemPreferences syncWorld
2026-09-21 02:46:40,314 [ERROR] LogOutputStream:75 - [STDERR_REDIRECT] WARNING: Couldn't flush system prefs: java.util.prefs.BackingStoreException: Couldn't get file lock.
2026-09-21 02:46:40,314 [ERROR] LogOutputStream:75 - [STDERR_REDIRECT] 
2026-09-21 02:47:10,335 [ERROR] LogOutputStream:75 - [STDERR_REDIRECT] Sep 21, 2026 2:47:10 AM java.util.prefs.FileSystemPreferences checkLockFile0ErrorCode
2026-09-21 02:47:10,335 [ERROR] LogOutputStream:75 - [STDERR_REDIRECT] WARNING: Could not lock System prefs. Unix error code 31587.
2026-09-21 02:47:10,335 [ERROR] LogOutputStream:75 - [STDERR_REDIRECT] 
2026-09-21 02:47:10,336 [ERROR] LogOutputStream:75 - [STDERR_REDIRECT] Sep 21, 2026 2:47:10 AM java.util.prefs.FileSystemPreferences syncWorld
2026-09-21 02:47:10,336 [ERROR] LogOutputStream:75 - [STDERR_REDIRECT] WARNING: Couldn't flush system prefs: java.util.prefs.BackingStoreException: Couldn't get file lock.
2026-09-21 02:47:10,336 [ERROR] LogOutputStream:75 - [STDERR_REDIRECT] 
2026-09-21 02:47:40,312 [ERROR] LogOutputStream:75 - [STDERR_REDIRECT] Sep 21, 2026 2:47:40 AM java.util.prefs.FileSystemPreferences checkLockFile0ErrorCode
2026-09-21 02:47:40,312 [ERROR] LogOutputStream:75 - [STDERR_REDIRECT] WARNING: Could not lock System prefs. Unix error code 31587.
2026-09-21 02:47:40,312 [ERROR] LogOutputStream:75 - [STDERR_REDIRECT] 
2026-09-21 02:47:40,313 [ERROR] LogOutputStream:75 - [STDERR_REDIRECT] Sep 21, 2026 2:47:40 AM java.util.prefs.FileSystemPreferences syncWorld
2026-09-21 02:47:40,313 [ERROR] LogOutputStream:75 - [STDERR_REDIRECT] WARNING: Couldn't flush system prefs: java.util.prefs.BackingStoreException: Couldn't get file lock.
2026-09-21 02:47:40,313 [ERROR] LogOutputStream:75 - [STDERR_REDIRECT] 
2026-09-21 02:48:10,342 [ERROR] LogOutputStream:75 - [STDERR_REDIRECT] Sep 21, 2026 2:48:10 AM java.util.prefs.FileSystemPreferences checkLockFile0ErrorCode
2026-09-21 02:48:10,342 [ERROR] LogOutputStream:75 - [STDERR_REDIRECT] WARNING: Could not lock System prefs. Unix error code 31587.
2026-09-21 02:48:10,342 [ERROR] LogOutputStream:75 - [STDERR_REDIRECT] 
2026-09-21 02:48:10,343 [ERROR] LogOutputStream:75 - [STDERR_REDIRECT] Sep 21, 2026 2:48:10 AM java.util.prefs.FileSystemPreferences syncWorld
2026-09-21 02:48:10,343 [ERROR] LogOutputStream:75 - [STDERR_REDIRECT] WARNING: Couldn't flush system prefs: java.util.prefs.BackingStoreException: Couldn't get file lock.
2026-09-21 02:48:10,343 [ERROR] LogOutputStream:75 - [STDERR_REDIRECT] 
2026-09-21 02:48:40,324 [ERROR] LogOutputStream:75 - [STDERR_REDIRECT] Sep 21, 2026 2:48:40 AM java.util.prefs.FileSystemPreferences checkLockFile0ErrorCode
2026-09-21 02:48:40,324 [ERROR] LogOutputStream:75 - [STDERR_REDIRECT] WARNING: Could not lock System prefs. Unix error code 31587.
2026-09-21 02:48:40,325 [ERROR] LogOutputStream:75 - [STDERR_REDIRECT] 
2026-09-21 02:48:40,325 [ERROR] LogOutputStream:75 - [STDERR_REDIRECT] Sep 21, 2026 2:48:40 AM java.util.prefs.FileSystemPreferences syncWorld
2026-09-21 02:48:40,325 [ERROR] LogOutputStream:75 - [STDERR_REDIRECT] WARNING: Couldn't flush system prefs: java.util.prefs.BackingStoreException: Couldn't get file lock.
2026-09-21 02:48:40,325 [ERROR] LogOutputStream:75 - [STDERR_REDIRECT] 
2026-09-21 02:49:10,316 [ERROR] LogOutputStream:75 - [STDERR_REDIRECT] Sep 21, 2026 2:49:10 AM java.util.prefs.FileSystemPreferences checkLockFile0ErrorCode
2026-09-21 02:49:10,316 [ERROR] LogOutputStream:75 - [STDERR_REDIRECT] WARNING: Could not lock System prefs. Unix error code 31587.
2026-09-21 02:49:10,316 [ERROR] LogOutputStream:75 - [STDERR_REDIRECT] 
2026-09-21 02:49:10,317 [ERROR] LogOutputStream:75 - [STDERR_REDIRECT] Sep 21, 2026 2:49:10 AM java.util.prefs.FileSystemPreferences syncWorld
2026-09-21 02:49:10,317 [ERROR] LogOutputStream:75 - [STDERR_REDIRECT] WARNING: Couldn't flush system prefs: java.util.prefs.BackingStoreException: Couldn't get file lock.
2026-09-21 02:49:10,317 [ERROR] LogOutputStream:75 - [STDERR_REDIRECT] 
2026-09-21 02:49:40,313 [ERROR] LogOutputStream:75 - [STDERR_REDIRECT] Sep 21, 2026 2:49:40 AM java.util.prefs.FileSystemPreferences checkLockFile0ErrorCode
2026-09-21 02:49:40,313 [ERROR] LogOutputStream:75 - [STDERR_REDIRECT] WARNING: Could not lock System prefs. Unix error code 31587.
2026-09-21 02:49:40,313 [ERROR] LogOutputStream:75 - [STDERR_REDIRECT] 
2026-09-21 02:49:40,314 [ERROR] LogOutputStream:75 - [STDERR_REDIRECT] Sep 21, 2026 2:49:40 AM java.util.prefs.FileSystemPreferences syncWorld
2026-09-21 02:49:40,314 [ERROR] LogOutputStream:75 - [STDERR_REDIRECT] WARNING: Couldn't flush system prefs: java.util.prefs.BackingStoreException: Couldn't get file lock.
2026-09-21 02:49:40,314 [ERROR] LogOutputStream:75 - [STDERR_REDIRECT] 
2026-09-21 02:50:10,313 [ERROR] LogOutputStream:75 - [STDERR_REDIRECT] Sep 21, 2026 2:50:10 AM java.util.prefs.FileSystemPreferences checkLockFile0ErrorCode
2026-09-21 02:50:10,314 [ERROR] LogOutputStream:75 - [STDERR_REDIRECT] WARNING: Could not lock System prefs. Unix error code 31587.
2026-09-21 02:50:10,314 [ERROR] LogOutputStream:75 - [STDERR_REDIRECT] 
2026-09-21 02:50:10,316 [ERROR] LogOutputStream:75 - [STDERR_REDIRECT] Sep 21, 2026 2:50:10 AM java.util.prefs.FileSystemPreferences syncWorld
2026-09-21 02:50:10,316 [ERROR] LogOutputStream:75 - [STDERR_REDIRECT] WARNING: Couldn't flush system prefs: java.util.prefs.BackingStoreException: Couldn't get file lock.
2026-09-21 02:50:10,316 [ERROR] LogOutputStream:75 - [STDERR_REDIRECT] 
2026-09-21 02:50:40,324 [ERROR] LogOutputStream:75 - [STDERR_REDIRECT] Sep 21, 2026 2:50:40 AM java.util.prefs.FileSystemPreferences checkLockFile0ErrorCode
2026-09-21 02:50:40,325 [ERROR] LogOutputStream:75 - [STDERR_REDIRECT] WARNING: Could not lock System prefs. Unix error code 31587.
2026-09-21 02:50:40,325 [ERROR] LogOutputStream:75 - [STDERR_REDIRECT] 
2026-09-21 02:50:40,325 [ERROR] LogOutputStream:75 - [STDERR_REDIRECT] Sep 21, 2026 2:50:40 AM java.util.prefs.FileSystemPreferences syncWorld
2026-09-21 02:50:40,325 [ERROR] LogOutputStream:75 - [STDERR_REDIRECT] WARNING: Couldn't flush system prefs: java.util.prefs.BackingStoreException: Couldn't get file lock.
2026-09-21 02:50:40,325 [ERROR] LogOutputStream:75 - [STDERR_REDIRECT] 
2026-09-21 02:51:10,336 [ERROR] LogOutputStream:75 - [STDERR_REDIRECT] Sep 21, 2026 2:51:10 AM java.util.prefs.FileSystemPreferences checkLockFile0ErrorCode
2026-09-21 02:51:10,336 [ERROR] LogOutputStream:75 - [STDERR_REDIRECT] WARNING: Could not lock System prefs. Unix error code 31587.
2026-09-21 02:51:10,336 [ERROR] LogOutputStream:75 - [STDERR_REDIRECT] 
2026-09-21 02:51:10,337 [ERROR] LogOutputStream:75 - [STDERR_REDIRECT] Sep 21, 2026 2:51:10 AM java.util.prefs.FileSystemPreferences syncWorld
2026-09-21 02:51:10,337 [ERROR] LogOutputStream:75 - [STDERR_REDIRECT] WARNING: Couldn't flush system prefs: java.util.prefs.BackingStoreException: Couldn't get file lock.
2026-09-21 02:51:10,337 [ERROR] LogOutputStream:75 - [STDERR_REDIRECT] 
2026-09-21 02:51:40,319 [ERROR] LogOutputStream:75 - [STDERR_REDIRECT] Sep 21, 2026 2:51:40 AM java.util.prefs.FileSystemPreferences checkLockFile0ErrorCode
2026-09-21 02:51:40,320 [ERROR] LogOutputStream:75 - [STDERR_REDIRECT] WARNING: Could not lock System prefs. Unix error code 31587.
2026-09-21 02:51:40,320 [ERROR] LogOutputStream:75 - [STDERR_REDIRECT] 
2026-09-21 02:51:40,320 [ERROR] LogOutputStream:75 - [STDERR_REDIRECT] Sep 21, 2026 2:51:40 AM java.util.prefs.FileSystemPreferences syncWorld
2026-09-21 02:51:40,320 [ERROR] LogOutputStream:75 - [STDERR_REDIRECT] WARNING: Couldn't flush system prefs: java.util.prefs.BackingStoreException: Couldn't get file lock.
2026-09-21 02:51:40,320 [ERROR] LogOutputStream:75 - [STDERR_REDIRECT] 
2026-09-21 02:52:10,320 [ERROR] LogOutputStream:75 - [STDERR_REDIRECT] Sep 21, 2026 2:52:10 AM java.util.prefs.FileSystemPreferences checkLockFile0ErrorCode
2026-09-21 02:52:10,320 [ERROR] LogOutputStream:75 - [STDERR_REDIRECT] WARNING: Could not lock System prefs. Unix error code 31587.
2026-09-21 02:52:10,320 [ERROR] LogOutputStream:75 - [STDERR_REDIRECT] 
2026-09-21 02:52:10,321 [ERROR] LogOutputStream:75 - [STDERR_REDIRECT] Sep 21, 2026 2:52:10 AM java.util.prefs.FileSystemPreferences syncWorld
2026-09-21 02:52:10,321 [ERROR] LogOutputStream:75 - [STDERR_REDIRECT] WARNING: Couldn't flush system prefs: java.util.prefs.BackingStoreException: Couldn't get file lock.
2026-09-21 02:52:10,321 [ERROR] LogOutputStream:75 - [STDERR_REDIRECT] 
2026-09-21 02:52:40,324 [ERROR] LogOutputStream:75 - [STDERR_REDIRECT] Sep 21, 2026 2:52:40 AM java.util.prefs.FileSystemPreferences checkLockFile0ErrorCode
2026-09-21 02:52:40,324 [ERROR] LogOutputStream:75 - [STDERR_REDIRECT] WARNING: Could not lock System prefs. Unix error code 31587.
2026-09-21 02:52:40,324 [ERROR] LogOutputStream:75 - [STDERR_REDIRECT] 
2026-09-21 02:52:40,324 [ERROR] LogOutputStream:75 - [STDERR_REDIRECT] Sep 21, 2026 2:52:40 AM java.util.prefs.FileSystemPreferences syncWorld
2026-09-21 02:52:40,324 [ERROR] LogOutputStream:75 - [STDERR_REDIRECT] WARNING: Couldn't flush system prefs: java.util.prefs.BackingStoreException: Couldn't get file lock.
2026-09-21 02:52:40,324 [ERROR] LogOutputStream:75 - [STDERR_REDIRECT] 
2026-09-21 02:53:10,324 [ERROR] LogOutputStream:75 - [STDERR_REDIRECT] Sep 21, 2026 2:53:10 AM java.util.prefs.FileSystemPreferences checkLockFile0ErrorCode
2026-09-21 02:53:10,325 [ERROR] LogOutputStream:75 - [STDERR_REDIRECT] WARNING: Could not lock System prefs. Unix error code 31587.
2026-09-21 02:53:10,325 [ERROR] LogOutputStream:75 - [STDERR_REDIRECT] 
2026-09-21 02:53:10,326 [ERROR] LogOutputStream:75 - [STDERR_REDIRECT] Sep 21, 2026 2:53:10 AM java.util.prefs.FileSystemPreferences syncWorld
2026-09-21 02:53:10,326 [ERROR] LogOutputStream:75 - [STDERR_REDIRECT] WARNING: Couldn't flush system prefs: java.util.prefs.BackingStoreException: Couldn't get file lock.
2026-09-21 02:53:10,328 [ERROR] LogOutputStream:75 - [STDERR_REDIRECT] 
2026-09-21 02:53:40,321 [ERROR] LogOutputStream:75 - [STDERR_REDIRECT] Sep 21, 2026 2:53:40 AM java.util.prefs.FileSystemPreferences checkLockFile0ErrorCode
2026-09-21 02:53:40,321 [ERROR] LogOutputStream:75 - [STDERR_REDIRECT] WARNING: Could not lock System prefs. Unix error code 31587.
2026-09-21 02:53:40,321 [ERROR] LogOutputStream:75 - [STDERR_REDIRECT] 
2026-09-21 02:53:40,321 [ERROR] LogOutputStream:75 - [STDERR_REDIRECT] Sep 21, 2026 2:53:40 AM java.util.prefs.FileSystemPreferences syncWorld
2026-09-21 02:53:40,322 [ERROR] LogOutputStream:75 - [STDERR_REDIRECT] WARNING: Couldn't flush system prefs: java.util.prefs.BackingStoreException: Couldn't get file lock.
2026-09-21 02:53:40,322 [ERROR] LogOutputStream:75 - [STDERR_REDIRECT] 
2026-09-21 02:54:10,328 [ERROR] LogOutputStream:75 - [STDERR_REDIRECT] Sep 21, 2026 2:54:10 AM java.util.prefs.FileSystemPreferences checkLockFile0ErrorCode
2026-09-21 02:54:10,329 [ERROR] LogOutputStream:75 - [STDERR_REDIRECT] WARNING: Could not lock System prefs. Unix error code 31587.
2026-09-21 02:54:10,329 [ERROR] LogOutputStream:75 - [STDERR_REDIRECT] 
2026-09-21 02:54:10,330 [ERROR] LogOutputStream:75 - [STDERR_REDIRECT] Sep 21, 2026 2:54:10 AM java.util.prefs.FileSystemPreferences syncWorld
2026-09-21 02:54:10,330 [ERROR] LogOutputStream:75 - [STDERR_REDIRECT] WARNING: Couldn't flush system prefs: java.util.prefs.BackingStoreException: Couldn't get file lock.
2026-09-21 02:54:10,331 [ERROR] LogOutputStream:75 - [STDERR_REDIRECT] 
2026-09-21 02:54:40,324 [ERROR] LogOutputStream:75 - [STDERR_REDIRECT] Sep 21, 2026 2:54:40 AM java.util.prefs.FileSystemPreferences checkLockFile0ErrorCode
2026-09-21 02:54:40,325 [ERROR] LogOutputStream:75 - [STDERR_REDIRECT] WARNING: Could not lock System prefs. Unix error code 31587.
2026-09-21 02:54:40,325 [ERROR] LogOutputStream:75 - [STDERR_REDIRECT] 
2026-09-21 02:54:40,326 [ERROR] LogOutputStream:75 - [STDERR_REDIRECT] Sep 21, 2026 2:54:40 AM java.util.prefs.FileSystemPreferences syncWorld
2026-09-21 02:54:40,326 [ERROR] LogOutputStream:75 - [STDERR_REDIRECT] WARNING: Couldn't flush system prefs: java.util.prefs.BackingStoreException: Couldn't get file lock.
2026-09-21 02:54:40,326 [ERROR] LogOutputStream:75 - [STDERR_REDIRECT] 
2026-09-21 02:55:10,322 [ERROR] LogOutputStream:75 - [STDERR_REDIRECT] Sep 21, 2026 2:55:10 AM java.util.prefs.FileSystemPreferences checkLockFile0ErrorCode
2026-09-21 02:55:10,322 [ERROR] LogOutputStream:75 - [STDERR_REDIRECT] WARNING: Could not lock System prefs. Unix error code 31587.
2026-09-21 02:55:10,322 [ERROR] LogOutputStream:75 - [STDERR_REDIRECT] 
2026-09-21 02:55:10,322 [ERROR] LogOutputStream:75 - [STDERR_REDIRECT] Sep 21, 2026 2:55:10 AM java.util.prefs.FileSystemPreferences syncWorld
2026-09-21 02:55:10,322 [ERROR] LogOutputStream:75 - [STDERR_REDIRECT] WARNING: Couldn't flush system prefs: java.util.prefs.BackingStoreException: Couldn't get file lock.
2026-09-21 02:55:10,323 [ERROR] LogOutputStream:75 - [STDERR_REDIRECT] 
2026-09-21 02:55:40,321 [ERROR] LogOutputStream:75 - [STDERR_REDIRECT] Sep 21, 2026 2:55:40 AM java.util.prefs.FileSystemPreferences checkLockFile0ErrorCode
2026-09-21 02:55:40,322 [ERROR] LogOutputStream:75 - [STDERR_REDIRECT] WARNING: Could not lock System prefs. Unix error code 31587.
2026-09-21 02:55:40,322 [ERROR] LogOutputStream:75 - [STDERR_REDIRECT] 
2026-09-21 02:55:40,322 [ERROR] LogOutputStream:75 - [STDERR_REDIRECT] Sep 21, 2026 2:55:40 AM java.util.prefs.FileSystemPreferences syncWorld
2026-09-21 02:55:40,322 [ERROR] LogOutputStream:75 - [STDERR_REDIRECT] WARNING: Couldn't flush system prefs: java.util.prefs.BackingStoreException: Couldn't get file lock.
2026-09-21 02:55:40,322 [ERROR] LogOutputStream:75 - [STDERR_REDIRECT] 
2026-09-21 02:56:10,326 [ERROR] LogOutputStream:75 - [STDERR_REDIRECT] Sep 21, 2026 2:56:10 AM java.util.prefs.FileSystemPreferences checkLockFile0ErrorCode
2026-09-21 02:56:10,326 [ERROR] LogOutputStream:75 - [STDERR_REDIRECT] WARNING: Could not lock System prefs. Unix error code 31587.
2026-09-21 02:56:10,326 [ERROR] LogOutputStream:75 - [STDERR_REDIRECT] 
2026-09-21 02:56:10,327 [ERROR] LogOutputStream:75 - [STDERR_REDIRECT] Sep 21, 2026 2:56:10 AM java.util.prefs.FileSystemPreferences syncWorld
2026-09-21 02:56:10,329 [ERROR] LogOutputStream:75 - [STDERR_REDIRECT] WARNING: Couldn't flush system prefs: java.util.prefs.BackingStoreException: Couldn't get file lock.
2026-09-21 02:56:10,329 [ERROR] LogOutputStream:75 - [STDERR_REDIRECT] 
2026-09-21 02:56:40,334 [ERROR] LogOutputStream:75 - [STDERR_REDIRECT] Sep 21, 2026 2:56:40 AM java.util.prefs.FileSystemPreferences checkLockFile0ErrorCode
2026-09-21 02:56:40,334 [ERROR] LogOutputStream:75 - [STDERR_REDIRECT] WARNING: Could not lock System prefs. Unix error code 31587.
2026-09-21 02:56:40,334 [ERROR] LogOutputStream:75 - [STDERR_REDIRECT] 
2026-09-21 02:56:40,334 [ERROR] LogOutputStream:75 - [STDERR_REDIRECT] Sep 21, 2026 2:56:40 AM java.util.prefs.FileSystemPreferences syncWorld
2026-09-21 02:56:40,334 [ERROR] LogOutputStream:75 - [STDERR_REDIRECT] WARNING: Couldn't flush system prefs: java.util.prefs.BackingStoreException: Couldn't get file lock.
2026-09-21 02:56:40,334 [ERROR] LogOutputStream:75 - [STDERR_REDIRECT] 
2026-09-21 02:57:10,328 [ERROR] LogOutputStream:75 - [STDERR_REDIRECT] Sep 21, 2026 2:57:10 AM java.util.prefs.FileSystemPreferences checkLockFile0ErrorCode
2026-09-21 02:57:10,329 [ERROR] LogOutputStream:75 - [STDERR_REDIRECT] WARNING: Could not lock System prefs. Unix error code 31587.
2026-09-21 02:57:10,329 [ERROR] LogOutputStream:75 - [STDERR_REDIRECT] 
2026-09-21 02:57:10,329 [ERROR] LogOutputStream:75 - [STDERR_REDIRECT] Sep 21, 2026 2:57:10 AM java.util.prefs.FileSystemPreferences syncWorld
2026-09-21 02:57:10,331 [ERROR] LogOutputStream:75 - [STDERR_REDIRECT] WARNING: Couldn't flush system prefs: java.util.prefs.BackingStoreException: Couldn't get file lock.
2026-09-21 02:57:10,331 [ERROR] LogOutputStream:75 - [STDERR_REDIRECT] 
2026-09-21 02:57:40,329 [ERROR] LogOutputStream:75 - [STDERR_REDIRECT] Sep 21, 2026 2:57:40 AM java.util.prefs.FileSystemPreferences checkLockFile0ErrorCode
2026-09-21 02:57:40,329 [ERROR] LogOutputStream:75 - [STDERR_REDIRECT] WARNING: Could not lock System prefs. Unix error code 31587.
2026-09-21 02:57:40,329 [ERROR] LogOutputStream:75 - [STDERR_REDIRECT] 
2026-09-21 02:57:40,329 [ERROR] LogOutputStream:75 - [STDERR_REDIRECT] Sep 21, 2026 2:57:40 AM java.util.prefs.FileSystemPreferences syncWorld
2026-09-21 02:57:40,330 [ERROR] LogOutputStream:75 - [STDERR_REDIRECT] WARNING: Couldn't flush system prefs: java.util.prefs.BackingStoreException: Couldn't get file lock.
2026-09-21 02:57:40,330 [ERROR] LogOutputStream:75 - [STDERR_REDIRECT] 
2026-09-21 02:58:10,328 [ERROR] LogOutputStream:75 - [STDERR_REDIRECT] Sep 21, 2026 2:58:10 AM java.util.prefs.FileSystemPreferences checkLockFile0ErrorCode
2026-09-21 02:58:10,328 [ERROR] LogOutputStream:75 - [STDERR_REDIRECT] WARNING: Could not lock System prefs. Unix error code 31587.
2026-09-21 02:58:10,328 [ERROR] LogOutputStream:75 - [STDERR_REDIRECT] 
2026-09-21 02:58:10,328 [ERROR] LogOutputStream:75 - [STDERR_REDIRECT] Sep 21, 2026 2:58:10 AM java.util.prefs.FileSystemPreferences syncWorld
2026-09-21 02:58:10,328 [ERROR] LogOutputStream:75 - [STDERR_REDIRECT] WARNING: Couldn't flush system prefs: java.util.prefs.BackingStoreException: Couldn't get file lock.
2026-09-21 02:58:10,328 [ERROR] LogOutputStream:75 - [STDERR_REDIRECT] 
2026-09-21 02:58:40,330 [ERROR] LogOutputStream:75 - [STDERR_REDIRECT] Sep 21, 2026 2:58:40 AM java.util.prefs.FileSystemPreferences checkLockFile0ErrorCode
2026-09-21 02:58:40,330 [ERROR] LogOutputStream:75 - [STDERR_REDIRECT] WARNING: Could not lock System prefs. Unix error code 31587.
2026-09-21 02:58:40,330 [ERROR] LogOutputStream:75 - [STDERR_REDIRECT] 
2026-09-21 02:58:40,331 [ERROR] LogOutputStream:75 - [STDERR_REDIRECT] Sep 21, 2026 2:58:40 AM java.util.prefs.FileSystemPreferences syncWorld
2026-09-21 02:58:40,331 [ERROR] LogOutputStream:75 - [STDERR_REDIRECT] WARNING: Couldn't flush system prefs: java.util.prefs.BackingStoreException: Couldn't get file lock.
2026-09-21 02:58:40,331 [ERROR] LogOutputStream:75 - [STDERR_REDIRECT] 
2026-09-21 02:59:10,331 [ERROR] LogOutputStream:75 - [STDERR_REDIRECT] Sep 21, 2026 2:59:10 AM java.util.prefs.FileSystemPreferences checkLockFile0ErrorCode
2026-09-21 02:59:10,332 [ERROR] LogOutputStream:75 - [STDERR_REDIRECT] WARNING: Could not lock System prefs. Unix error code 31587.
2026-09-21 02:59:10,332 [ERROR] LogOutputStream:75 - [STDERR_REDIRECT] 
2026-09-21 02:59:10,332 [ERROR] LogOutputStream:75 - [STDERR_REDIRECT] Sep 21, 2026 2:59:10 AM java.util.prefs.FileSystemPreferences syncWorld
2026-09-21 02:59:10,332 [ERROR] LogOutputStream:75 - [STDERR_REDIRECT] WARNING: Couldn't flush system prefs: java.util.prefs.BackingStoreException: Couldn't get file lock.
2026-09-21 02:59:10,332 [ERROR] LogOutputStream:75 - [STDERR_REDIRECT] 
2026-09-21 02:59:40,334 [ERROR] LogOutputStream:75 - [STDERR_REDIRECT] Sep 21, 2026 2:59:40 AM java.util.prefs.FileSystemPreferences checkLockFile0ErrorCode
2026-09-21 02:59:40,334 [ERROR] LogOutputStream:75 - [STDERR_REDIRECT] WARNING: Could not lock System prefs. Unix error code 31587.
2026-09-21 02:59:40,334 [ERROR] LogOutputStream:75 - [STDERR_REDIRECT] 
2026-09-21 02:59:40,335 [ERROR] LogOutputStream:75 - [STDERR_REDIRECT] Sep 21, 2026 2:59:40 AM java.util.prefs.FileSystemPreferences syncWorld
2026-09-21 02:59:40,337 [ERROR] LogOutputStream:75 - [STDERR_REDIRECT] WARNING: Couldn't flush system prefs: java.util.prefs.BackingStoreException: Couldn't get file lock.
2026-09-21 02:59:40,338 [ERROR] LogOutputStream:75 - [STDERR_REDIRECT] 
2026-09-21 03:00:10,332 [ERROR] LogOutputStream:75 - [STDERR_REDIRECT] Sep 21, 2026 3:00:10 AM java.util.prefs.FileSystemPreferences checkLockFile0ErrorCode
2026-09-21 03:00:10,332 [ERROR] LogOutputStream:75 - [STDERR_REDIRECT] WARNING: Could not lock System prefs. Unix error code 31587.
2026-09-21 03:00:10,332 [ERROR] LogOutputStream:75 - [STDERR_REDIRECT] 
2026-09-21 03:00:10,332 [ERROR] LogOutputStream:75 - [STDERR_REDIRECT] Sep 21, 2026 3:00:10 AM java.util.prefs.FileSystemPreferences syncWorld
2026-09-21 03:00:10,333 [ERROR] LogOutputStream:75 - [STDERR_REDIRECT] WARNING: Couldn't flush system prefs: java.util.prefs.BackingStoreException: Couldn't get file lock.
2026-09-21 03:00:10,333 [ERROR] LogOutputStream:75 - [STDERR_REDIRECT] 
2026-09-21 03:00:40,339 [ERROR] LogOutputStream:75 - [STDERR_REDIRECT] Sep 21, 2026 3:00:40 AM java.util.prefs.FileSystemPreferences checkLockFile0ErrorCode
2026-09-21 03:00:40,339 [ERROR] LogOutputStream:75 - [STDERR_REDIRECT] WARNING: Could not lock System prefs. Unix error code 31587.
2026-09-21 03:00:40,339 [ERROR] LogOutputStream:75 - [STDERR_REDIRECT] 
2026-09-21 03:00:40,340 [ERROR] LogOutputStream:75 - [STDERR_REDIRECT] Sep 21, 2026 3:00:40 AM java.util.prefs.FileSystemPreferences syncWorld
2026-09-21 03:00:40,340 [ERROR] LogOutputStream:75 - [STDERR_REDIRECT] WARNING: Couldn't flush system prefs: java.util.prefs.BackingStoreException: Couldn't get file lock.
2026-09-21 03:00:40,340 [ERROR] LogOutputStream:75 - [STDERR_REDIRECT] 
2026-09-21 03:01:10,333 [ERROR] LogOutputStream:75 - [STDERR_REDIRECT] Sep 21, 2026 3:01:10 AM java.util.prefs.FileSystemPreferences checkLockFile0ErrorCode
2026-09-21 03:01:10,333 [ERROR] LogOutputStream:75 - [STDERR_REDIRECT] WARNING: Could not lock System prefs. Unix error code 31587.
2026-09-21 03:01:10,334 [ERROR] LogOutputStream:75 - [STDERR_REDIRECT] 
2026-09-21 03:01:10,334 [ERROR] LogOutputStream:75 - [STDERR_REDIRECT] Sep 21, 2026 3:01:10 AM java.util.prefs.FileSystemPreferences syncWorld
2026-09-21 03:01:10,334 [ERROR] LogOutputStream:75 - [STDERR_REDIRECT] WARNING: Couldn't flush system prefs: java.util.prefs.BackingStoreException: Couldn't get file lock.
2026-09-21 03:01:10,334 [ERROR] LogOutputStream:75 - [STDERR_REDIRECT] 
2026-09-21 03:01:40,335 [ERROR] LogOutputStream:75 - [STDERR_REDIRECT] Sep 21, 2026 3:01:40 AM java.util.prefs.FileSystemPreferences checkLockFile0ErrorCode
2026-09-21 03:01:40,335 [ERROR] LogOutputStream:75 - [STDERR_REDIRECT] WARNING: Could not lock System prefs. Unix error code 31587.
2026-09-21 03:01:40,335 [ERROR] LogOutputStream:75 - [STDERR_REDIRECT] 
2026-09-21 03:01:40,335 [ERROR] LogOutputStream:75 - [STDERR_REDIRECT] Sep 21, 2026 3:01:40 AM java.util.prefs.FileSystemPreferences syncWorld
2026-09-21 03:01:40,335 [ERROR] LogOutputStream:75 - [STDERR_REDIRECT] WARNING: Couldn't flush system prefs: java.util.prefs.BackingStoreException: Couldn't get file lock.
2026-09-21 03:01:40,335 [ERROR] LogOutputStream:75 - [STDERR_REDIRECT] 
2026-09-21 03:02:10,337 [ERROR] LogOutputStream:75 - [STDERR_REDIRECT] Sep 21, 2026 3:02:10 AM java.util.prefs.FileSystemPreferences checkLockFile0ErrorCode
2026-09-21 03:02:10,340 [ERROR] LogOutputStream:75 - [STDERR_REDIRECT] WARNING: Could not lock System prefs. Unix error code 31587.
2026-09-21 03:02:10,340 [ERROR] LogOutputStream:75 - [STDERR_REDIRECT] 
2026-09-21 03:02:10,340 [ERROR] LogOutputStream:75 - [STDERR_REDIRECT] Sep 21, 2026 3:02:10 AM java.util.prefs.FileSystemPreferences syncWorld
2026-09-21 03:02:10,341 [ERROR] LogOutputStream:75 - [STDERR_REDIRECT] WARNING: Couldn't flush system prefs: java.util.prefs.BackingStoreException: Couldn't get file lock.
2026-09-21 03:02:10,341 [ERROR] LogOutputStream:75 - [STDERR_REDIRECT] 
2026-09-21 03:02:40,355 [ERROR] LogOutputStream:75 - [STDERR_REDIRECT] Sep 21, 2026 3:02:40 AM java.util.prefs.FileSystemPreferences checkLockFile0ErrorCode
2026-09-21 03:02:40,355 [ERROR] LogOutputStream:75 - [STDERR_REDIRECT] WARNING: Could not lock System prefs. Unix error code 31587.
2026-09-21 03:02:40,355 [ERROR] LogOutputStream:75 - [STDERR_REDIRECT] 
2026-09-21 03:02:40,355 [ERROR] LogOutputStream:75 - [STDERR_REDIRECT] Sep 21, 2026 3:02:40 AM java.util.prefs.FileSystemPreferences syncWorld
2026-09-21 03:02:40,355 [ERROR] LogOutputStream:75 - [STDERR_REDIRECT] WARNING: Couldn't flush system prefs: java.util.prefs.BackingStoreException: Couldn't get file lock.
2026-09-21 03:02:40,355 [ERROR] LogOutputStream:75 - [STDERR_REDIRECT] 
2026-09-21 03:03:10,339 [ERROR] LogOutputStream:75 - [STDERR_REDIRECT] Sep 21, 2026 3:03:10 AM java.util.prefs.FileSystemPreferences checkLockFile0ErrorCode
2026-09-21 03:03:10,340 [ERROR] LogOutputStream:75 - [STDERR_REDIRECT] WARNING: Could not lock System prefs. Unix error code 31587.
2026-09-21 03:03:10,340 [ERROR] LogOutputStream:75 - [STDERR_REDIRECT] 
2026-09-21 03:03:10,340 [ERROR] LogOutputStream:75 - [STDERR_REDIRECT] Sep 21, 2026 3:03:10 AM java.util.prefs.FileSystemPreferences syncWorld
2026-09-21 03:03:10,340 [ERROR] LogOutputStream:75 - [STDERR_REDIRECT] WARNING: Couldn't flush system prefs: java.util.prefs.BackingStoreException: Couldn't get file lock.
2026-09-21 03:03:10,340 [ERROR] LogOutputStream:75 - [STDERR_REDIRECT] 
2026-09-21 03:03:40,343 [ERROR] LogOutputStream:75 - [STDERR_REDIRECT] Sep 21, 2026 3:03:40 AM java.util.prefs.FileSystemPreferences checkLockFile0ErrorCode
2026-09-21 03:03:40,344 [ERROR] LogOutputStream:75 - [STDERR_REDIRECT] WARNING: Could not lock System prefs. Unix error code 31587.
2026-09-21 03:03:40,344 [ERROR] LogOutputStream:75 - [STDERR_REDIRECT] 
2026-09-21 03:03:40,344 [ERROR] LogOutputStream:75 - [STDERR_REDIRECT] Sep 21, 2026 3:03:40 AM java.util.prefs.FileSystemPreferences syncWorld
2026-09-21 03:03:40,344 [ERROR] LogOutputStream:75 - [STDERR_REDIRECT] WARNING: Couldn't flush system prefs: java.util.prefs.BackingStoreException: Couldn't get file lock.
2026-09-21 03:03:40,344 [ERROR] LogOutputStream:75 - [STDERR_REDIRECT] 
2026-09-21 03:04:10,341 [ERROR] LogOutputStream:75 - [STDERR_REDIRECT] Sep 21, 2026 3:04:10 AM java.util.prefs.FileSystemPreferences checkLockFile0ErrorCode
2026-09-21 03:04:10,341 [ERROR] LogOutputStream:75 - [STDERR_REDIRECT] WARNING: Could not lock System prefs. Unix error code 31587.
2026-09-21 03:04:10,341 [ERROR] LogOutputStream:75 - [STDERR_REDIRECT] 
2026-09-21 03:04:10,341 [ERROR] LogOutputStream:75 - [STDERR_REDIRECT] Sep 21, 2026 3:04:10 AM java.util.prefs.FileSystemPreferences syncWorld
2026-09-21 03:04:10,341 [ERROR] LogOutputStream:75 - [STDERR_REDIRECT] WARNING: Couldn't flush system prefs: java.util.prefs.BackingStoreException: Couldn't get file lock.
2026-09-21 03:04:10,341 [ERROR] LogOutputStream:75 - [STDERR_REDIRECT] 
2026-09-21 03:04:40,340 [ERROR] LogOutputStream:75 - [STDERR_REDIRECT] Sep 21, 2026 3:04:40 AM java.util.prefs.FileSystemPreferences checkLockFile0ErrorCode
2026-09-21 03:04:40,342 [ERROR] LogOutputStream:75 - [STDERR_REDIRECT] WARNING: Could not lock System prefs. Unix error code 31587.
2026-09-21 03:04:40,342 [ERROR] LogOutputStream:75 - [STDERR_REDIRECT] 
2026-09-21 03:04:40,343 [ERROR] LogOutputStream:75 - [STDERR_REDIRECT] Sep 21, 2026 3:04:40 AM java.util.prefs.FileSystemPreferences syncWorld
2026-09-21 03:04:40,344 [ERROR] LogOutputStream:75 - [STDERR_REDIRECT] WARNING: Couldn't flush system prefs: java.util.prefs.BackingStoreException: Couldn't get file lock.
2026-09-21 03:04:40,344 [ERROR] LogOutputStream:75 - [STDERR_REDIRECT] 
2026-09-21 03:05:10,359 [ERROR] LogOutputStream:75 - [STDERR_REDIRECT] Sep 21, 2026 3:05:10 AM java.util.prefs.FileSystemPreferences checkLockFile0ErrorCode
2026-09-21 03:05:10,359 [ERROR] LogOutputStream:75 - [STDERR_REDIRECT] WARNING: Could not lock System prefs. Unix error code 31587.
2026-09-21 03:05:10,359 [ERROR] LogOutputStream:75 - [STDERR_REDIRECT] 
2026-09-21 03:05:10,360 [ERROR] LogOutputStream:75 - [STDERR_REDIRECT] Sep 21, 2026 3:05:10 AM java.util.prefs.FileSystemPreferences syncWorld
2026-09-21 03:05:10,360 [ERROR] LogOutputStream:75 - [STDERR_REDIRECT] WARNING: Couldn't flush system prefs: java.util.prefs.BackingStoreException: Couldn't get file lock.
2026-09-21 03:05:10,360 [ERROR] LogOutputStream:75 - [STDERR_REDIRECT] 
2026-09-21 03:05:40,343 [ERROR] LogOutputStream:75 - [STDERR_REDIRECT] Sep 21, 2026 3:05:40 AM java.util.prefs.FileSystemPreferences checkLockFile0ErrorCode
2026-09-21 03:05:40,343 [ERROR] LogOutputStream:75 - [STDERR_REDIRECT] WARNING: Could not lock System prefs. Unix error code 31587.
2026-09-21 03:05:40,343 [ERROR] LogOutputStream:75 - [STDERR_REDIRECT] 
2026-09-21 03:05:40,343 [ERROR] LogOutputStream:75 - [STDERR_REDIRECT] Sep 21, 2026 3:05:40 AM java.util.prefs.FileSystemPreferences syncWorld
2026-09-21 03:05:40,343 [ERROR] LogOutputStream:75 - [STDERR_REDIRECT] WARNING: Couldn't flush system prefs: java.util.prefs.BackingStoreException: Couldn't get file lock.
2026-09-21 03:05:40,343 [ERROR] LogOutputStream:75 - [STDERR_REDIRECT] 
2026-09-21 03:06:10,347 [ERROR] LogOutputStream:75 - [STDERR_REDIRECT] Sep 21, 2026 3:06:10 AM java.util.prefs.FileSystemPreferences checkLockFile0ErrorCode
2026-09-21 03:06:10,347 [ERROR] LogOutputStream:75 - [STDERR_REDIRECT] WARNING: Could not lock System prefs. Unix error code 31587.
2026-09-21 03:06:10,348 [ERROR] LogOutputStream:75 - [STDERR_REDIRECT] 
2026-09-21 03:06:10,348 [ERROR] LogOutputStream:75 - [STDERR_REDIRECT] Sep 21, 2026 3:06:10 AM java.util.prefs.FileSystemPreferences syncWorld
2026-09-21 03:06:10,348 [ERROR] LogOutputStream:75 - [STDERR_REDIRECT] WARNING: Couldn't flush system prefs: java.util.prefs.BackingStoreException: Couldn't get file lock.
2026-09-21 03:06:10,348 [ERROR] LogOutputStream:75 - [STDERR_REDIRECT] 
2026-09-21 03:06:40,347 [ERROR] LogOutputStream:75 - [STDERR_REDIRECT] Sep 21, 2026 3:06:40 AM java.util.prefs.FileSystemPreferences checkLockFile0ErrorCode
2026-09-21 03:06:40,347 [ERROR] LogOutputStream:75 - [STDERR_REDIRECT] WARNING: Could not lock System prefs. Unix error code 31587.
2026-09-21 03:06:40,347 [ERROR] LogOutputStream:75 - [STDERR_REDIRECT] 
2026-09-21 03:06:40,347 [ERROR] LogOutputStream:75 - [STDERR_REDIRECT] Sep 21, 2026 3:06:40 AM java.util.prefs.FileSystemPreferences syncWorld
2026-09-21 03:06:40,347 [ERROR] LogOutputStream:75 - [STDERR_REDIRECT] WARNING: Couldn't flush system prefs: java.util.prefs.BackingStoreException: Couldn't get file lock.
2026-09-21 03:06:40,348 [ERROR] LogOutputStream:75 - [STDERR_REDIRECT] 
2026-09-21 03:07:10,357 [ERROR] LogOutputStream:75 - [STDERR_REDIRECT] Sep 21, 2026 3:07:10 AM java.util.prefs.FileSystemPreferences checkLockFile0ErrorCode
2026-09-21 03:07:10,358 [ERROR] LogOutputStream:75 - [STDERR_REDIRECT] WARNING: Could not lock System prefs. Unix error code 31587.
2026-09-21 03:07:10,358 [ERROR] LogOutputStream:75 - [STDERR_REDIRECT] 
2026-09-21 03:07:10,361 [ERROR] LogOutputStream:75 - [STDERR_REDIRECT] Sep 21, 2026 3:07:10 AM java.util.prefs.FileSystemPreferences syncWorld
2026-09-21 03:07:10,361 [ERROR] LogOutputStream:75 - [STDERR_REDIRECT] WARNING: Couldn't flush system prefs: java.util.prefs.BackingStoreException: Couldn't get file lock.
2026-09-21 03:07:10,361 [ERROR] LogOutputStream:75 - [STDERR_REDIRECT] 
2026-09-21 03:07:40,349 [ERROR] LogOutputStream:75 - [STDERR_REDIRECT] Sep 21, 2026 3:07:40 AM java.util.prefs.FileSystemPreferences checkLockFile0ErrorCode
2026-09-21 03:07:40,349 [ERROR] LogOutputStream:75 - [STDERR_REDIRECT] WARNING: Could not lock System prefs. Unix error code 31587.
2026-09-21 03:07:40,349 [ERROR] LogOutputStream:75 - [STDERR_REDIRECT] 
2026-09-21 03:07:40,349 [ERROR] LogOutputStream:75 - [STDERR_REDIRECT] Sep 21, 2026 3:07:40 AM java.util.prefs.FileSystemPreferences syncWorld
2026-09-21 03:07:40,349 [ERROR] LogOutputStream:75 - [STDERR_REDIRECT] WARNING: Couldn't flush system prefs: java.util.prefs.BackingStoreException: Couldn't get file lock.
2026-09-21 03:07:40,349 [ERROR] LogOutputStream:75 - [STDERR_REDIRECT] 
2026-09-21 03:08:10,350 [ERROR] LogOutputStream:75 - [STDERR_REDIRECT] Sep 21, 2026 3:08:10 AM java.util.prefs.FileSystemPreferences checkLockFile0ErrorCode
2026-09-21 03:08:10,350 [ERROR] LogOutputStream:75 - [STDERR_REDIRECT] WARNING: Could not lock System prefs. Unix error code 31587.
2026-09-21 03:08:10,350 [ERROR] LogOutputStream:75 - [STDERR_REDIRECT] 
2026-09-21 03:08:10,350 [ERROR] LogOutputStream:75 - [STDERR_REDIRECT] Sep 21, 2026 3:08:10 AM java.util.prefs.FileSystemPreferences syncWorld
2026-09-21 03:08:10,350 [ERROR] LogOutputStream:75 - [STDERR_REDIRECT] WARNING: Couldn't flush system prefs: java.util.prefs.BackingStoreException: Couldn't get file lock.
2026-09-21 03:08:10,350 [ERROR] LogOutputStream:75 - [STDERR_REDIRECT] 
2026-09-21 03:08:40,352 [ERROR] LogOutputStream:75 - [STDERR_REDIRECT] Sep 21, 2026 3:08:40 AM java.util.prefs.FileSystemPreferences checkLockFile0ErrorCode
2026-09-21 03:08:40,352 [ERROR] LogOutputStream:75 - [STDERR_REDIRECT] WARNING: Could not lock System prefs. Unix error code 31587.
2026-09-21 03:08:40,353 [ERROR] LogOutputStream:75 - [STDERR_REDIRECT] 
2026-09-21 03:08:40,354 [ERROR] LogOutputStream:75 - [STDERR_REDIRECT] Sep 21, 2026 3:08:40 AM java.util.prefs.FileSystemPreferences syncWorld
2026-09-21 03:08:40,354 [ERROR] LogOutputStream:75 - [STDERR_REDIRECT] WARNING: Couldn't flush system prefs: java.util.prefs.BackingStoreException: Couldn't get file lock.
2026-09-21 03:08:40,354 [ERROR] LogOutputStream:75 - [STDERR_REDIRECT] 
2026-09-21 03:09:10,351 [ERROR] LogOutputStream:75 - [STDERR_REDIRECT] Sep 21, 2026 3:09:10 AM java.util.prefs.FileSystemPreferences checkLockFile0ErrorCode
2026-09-21 03:09:10,351 [ERROR] LogOutputStream:75 - [STDERR_REDIRECT] WARNING: Could not lock System prefs. Unix error code 31587.
2026-09-21 03:09:10,351 [ERROR] LogOutputStream:75 - [STDERR_REDIRECT] 
2026-09-21 03:09:10,354 [ERROR] LogOutputStream:75 - [STDERR_REDIRECT] Sep 21, 2026 3:09:10 AM java.util.prefs.FileSystemPreferences syncWorld
2026-09-21 03:09:10,355 [ERROR] LogOutputStream:75 - [STDERR_REDIRECT] WARNING: Couldn't flush system prefs: java.util.prefs.BackingStoreException: Couldn't get file lock.
2026-09-21 03:09:10,355 [ERROR] LogOutputStream:75 - [STDERR_REDIRECT] 
2026-09-21 03:09:40,350 [ERROR] LogOutputStream:75 - [STDERR_REDIRECT] Sep 21, 2026 3:09:40 AM java.util.prefs.FileSystemPreferences checkLockFile0ErrorCode
2026-09-21 03:09:40,351 [ERROR] LogOutputStream:75 - [STDERR_REDIRECT] WARNING: Could not lock System prefs. Unix error code 31587.
2026-09-21 03:09:40,351 [ERROR] LogOutputStream:75 - [STDERR_REDIRECT] 
2026-09-21 03:09:40,351 [ERROR] LogOutputStream:75 - [STDERR_REDIRECT] Sep 21, 2026 3:09:40 AM java.util.prefs.FileSystemPreferences syncWorld
2026-09-21 03:09:40,351 [ERROR] LogOutputStream:75 - [STDERR_REDIRECT] WARNING: Couldn't flush system prefs: java.util.prefs.BackingStoreException: Couldn't get file lock.
2026-09-21 03:09:40,351 [ERROR] LogOutputStream:75 - [STDERR_REDIRECT] 
2026-09-21 03:10:10,352 [ERROR] LogOutputStream:75 - [STDERR_REDIRECT] Sep 21, 2026 3:10:10 AM java.util.prefs.FileSystemPreferences checkLockFile0ErrorCode
2026-09-21 03:10:10,352 [ERROR] LogOutputStream:75 - [STDERR_REDIRECT] WARNING: Could not lock System prefs. Unix error code 31587.
2026-09-21 03:10:10,352 [ERROR] LogOutputStream:75 - [STDERR_REDIRECT] 
2026-09-21 03:10:10,352 [ERROR] LogOutputStream:75 - [STDERR_REDIRECT] Sep 21, 2026 3:10:10 AM java.util.prefs.FileSystemPreferences syncWorld
2026-09-21 03:10:10,352 [ERROR] LogOutputStream:75 - [STDERR_REDIRECT] WARNING: Couldn't flush system prefs: java.util.prefs.BackingStoreException: Couldn't get file lock.
2026-09-21 03:10:10,352 [ERROR] LogOutputStream:75 - [STDERR_REDIRECT] 
2026-09-21 03:10:40,362 [ERROR] LogOutputStream:75 - [STDERR_REDIRECT] Sep 21, 2026 3:10:40 AM java.util.prefs.FileSystemPreferences checkLockFile0ErrorCode
2026-09-21 03:10:40,362 [ERROR] LogOutputStream:75 - [STDERR_REDIRECT] WARNING: Could not lock System prefs. Unix error code 31587.
2026-09-21 03:10:40,363 [ERROR] LogOutputStream:75 - [STDERR_REDIRECT] 
2026-09-21 03:10:40,363 [ERROR] LogOutputStream:75 - [STDERR_REDIRECT] Sep 21, 2026 3:10:40 AM java.util.prefs.FileSystemPreferences syncWorld
2026-09-21 03:10:40,363 [ERROR] LogOutputStream:75 - [STDERR_REDIRECT] WARNING: Couldn't flush system prefs: java.util.prefs.BackingStoreException: Couldn't get file lock.
2026-09-21 03:10:40,363 [ERROR] LogOutputStream:75 - [STDERR_REDIRECT] 
2026-09-21 03:11:10,353 [ERROR] LogOutputStream:75 - [STDERR_REDIRECT] Sep 21, 2026 3:11:10 AM java.util.prefs.FileSystemPreferences checkLockFile0ErrorCode
2026-09-21 03:11:10,353 [ERROR] LogOutputStream:75 - [STDERR_REDIRECT] WARNING: Could not lock System prefs. Unix error code 31587.
2026-09-21 03:11:10,353 [ERROR] LogOutputStream:75 - [STDERR_REDIRECT] 
2026-09-21 03:11:10,354 [ERROR] LogOutputStream:75 - [STDERR_REDIRECT] Sep 21, 2026 3:11:10 AM java.util.prefs.FileSystemPreferences syncWorld
2026-09-21 03:11:10,354 [ERROR] LogOutputStream:75 - [STDERR_REDIRECT] WARNING: Couldn't flush system prefs: java.util.prefs.BackingStoreException: Couldn't get file lock.
2026-09-21 03:11:10,354 [ERROR] LogOutputStream:75 - [STDERR_REDIRECT] 
2026-09-21 03:11:40,378 [ERROR] LogOutputStream:75 - [STDERR_REDIRECT] Sep 21, 2026 3:11:40 AM java.util.prefs.FileSystemPreferences checkLockFile0ErrorCode
2026-09-21 03:11:40,381 [ERROR] LogOutputStream:75 - [STDERR_REDIRECT] WARNING: Could not lock System prefs. Unix error code 31587.
2026-09-21 03:11:40,381 [ERROR] LogOutputStream:75 - [STDERR_REDIRECT] 
2026-09-21 03:11:40,381 [ERROR] LogOutputStream:75 - [STDERR_REDIRECT] Sep 21, 2026 3:11:40 AM java.util.prefs.FileSystemPreferences syncWorld
2026-09-21 03:11:40,381 [ERROR] LogOutputStream:75 - [STDERR_REDIRECT] WARNING: Couldn't flush system prefs: java.util.prefs.BackingStoreException: Couldn't get file lock.
2026-09-21 03:11:40,381 [ERROR] LogOutputStream:75 - [STDERR_REDIRECT] 
2026-09-21 03:12:10,356 [ERROR] LogOutputStream:75 - [STDERR_REDIRECT] Sep 21, 2026 3:12:10 AM java.util.prefs.FileSystemPreferences checkLockFile0ErrorCode
2026-09-21 03:12:10,356 [ERROR] LogOutputStream:75 - [STDERR_REDIRECT] WARNING: Could not lock System prefs. Unix error code 31587.
2026-09-21 03:12:10,356 [ERROR] LogOutputStream:75 - [STDERR_REDIRECT] 
2026-09-21 03:12:10,357 [ERROR] LogOutputStream:75 - [STDERR_REDIRECT] Sep 21, 2026 3:12:10 AM java.util.prefs.FileSystemPreferences syncWorld
2026-09-21 03:12:10,357 [ERROR] LogOutputStream:75 - [STDERR_REDIRECT] WARNING: Couldn't flush system prefs: java.util.prefs.BackingStoreException: Couldn't get file lock.
2026-09-21 03:12:10,357 [ERROR] LogOutputStream:75 - [STDERR_REDIRECT] 
2026-09-21 03:12:40,355 [ERROR] LogOutputStream:75 - [STDERR_REDIRECT] Sep 21, 2026 3:12:40 AM java.util.prefs.FileSystemPreferences checkLockFile0ErrorCode
2026-09-21 03:12:40,356 [ERROR] LogOutputStream:75 - [STDERR_REDIRECT] WARNING: Could not lock System prefs. Unix error code 31587.
2026-09-21 03:12:40,356 [ERROR] LogOutputStream:75 - [STDERR_REDIRECT] 
2026-09-21 03:12:40,356 [ERROR] LogOutputStream:75 - [STDERR_REDIRECT] Sep 21, 2026 3:12:40 AM java.util.prefs.FileSystemPreferences syncWorld
2026-09-21 03:12:40,357 [ERROR] LogOutputStream:75 - [STDERR_REDIRECT] WARNING: Couldn't flush system prefs: java.util.prefs.BackingStoreException: Couldn't get file lock.
2026-09-21 03:12:40,357 [ERROR] LogOutputStream:75 - [STDERR_REDIRECT] 
2026-09-21 03:13:10,369 [ERROR] LogOutputStream:75 - [STDERR_REDIRECT] Sep 21, 2026 3:13:10 AM java.util.prefs.FileSystemPreferences checkLockFile0ErrorCode
2026-09-21 03:13:10,369 [ERROR] LogOutputStream:75 - [STDERR_REDIRECT] WARNING: Could not lock System prefs. Unix error code 31587.
2026-09-21 03:13:10,369 [ERROR] LogOutputStream:75 - [STDERR_REDIRECT] 
2026-09-21 03:13:10,370 [ERROR] LogOutputStream:75 - [STDERR_REDIRECT] Sep 21, 2026 3:13:10 AM java.util.prefs.FileSystemPreferences syncWorld
2026-09-21 03:13:10,370 [ERROR] LogOutputStream:75 - [STDERR_REDIRECT] WARNING: Couldn't flush system prefs: java.util.prefs.BackingStoreException: Couldn't get file lock.
2026-09-21 03:13:10,370 [ERROR] LogOutputStream:75 - [STDERR_REDIRECT] 
2026-09-21 03:13:40,355 [ERROR] LogOutputStream:75 - [STDERR_REDIRECT] Sep 21, 2026 3:13:40 AM java.util.prefs.FileSystemPreferences checkLockFile0ErrorCode
2026-09-21 03:13:40,355 [ERROR] LogOutputStream:75 - [STDERR_REDIRECT] WARNING: Could not lock System prefs. Unix error code 31587.
2026-09-21 03:13:40,355 [ERROR] LogOutputStream:75 - [STDERR_REDIRECT] 
2026-09-21 03:13:40,356 [ERROR] LogOutputStream:75 - [STDERR_REDIRECT] Sep 21, 2026 3:13:40 AM java.util.prefs.FileSystemPreferences syncWorld
2026-09-21 03:13:40,356 [ERROR] LogOutputStream:75 - [STDERR_REDIRECT] WARNING: Couldn't flush system prefs: java.util.prefs.BackingStoreException: Couldn't get file lock.
2026-09-21 03:13:40,356 [ERROR] LogOutputStream:75 - [STDERR_REDIRECT] 
2026-09-21 03:14:10,357 [ERROR] LogOutputStream:75 - [STDERR_REDIRECT] Sep 21, 2026 3:14:10 AM java.util.prefs.FileSystemPreferences checkLockFile0ErrorCode
2026-09-21 03:14:10,357 [ERROR] LogOutputStream:75 - [STDERR_REDIRECT] WARNING: Could not lock System prefs. Unix error code 31587.
2026-09-21 03:14:10,358 [ERROR] LogOutputStream:75 - [STDERR_REDIRECT] 
2026-09-21 03:14:10,358 [ERROR] LogOutputStream:75 - [STDERR_REDIRECT] Sep 21, 2026 3:14:10 AM java.util.prefs.FileSystemPreferences syncWorld
2026-09-21 03:14:10,358 [ERROR] LogOutputStream:75 - [STDERR_REDIRECT] WARNING: Couldn't flush system prefs: java.util.prefs.BackingStoreException: Couldn't get file lock.
2026-09-21 03:14:10,358 [ERROR] LogOutputStream:75 - [STDERR_REDIRECT] 
2026-09-21 03:14:40,369 [ERROR] LogOutputStream:75 - [STDERR_REDIRECT] Sep 21, 2026 3:14:40 AM java.util.prefs.FileSystemPreferences checkLockFile0ErrorCode
2026-09-21 03:14:40,370 [ERROR] LogOutputStream:75 - [STDERR_REDIRECT] WARNING: Could not lock System prefs. Unix error code 31587.
2026-09-21 03:14:40,370 [ERROR] LogOutputStream:75 - [STDERR_REDIRECT] 
2026-09-21 03:14:40,370 [ERROR] LogOutputStream:75 - [STDERR_REDIRECT] Sep 21, 2026 3:14:40 AM java.util.prefs.FileSystemPreferences syncWorld
2026-09-21 03:14:40,370 [ERROR] LogOutputStream:75 - [STDERR_REDIRECT] WARNING: Couldn't flush system prefs: java.util.prefs.BackingStoreException: Couldn't get file lock.
2026-09-21 03:14:40,370 [ERROR] LogOutputStream:75 - [STDERR_REDIRECT] 
2026-09-21 03:15:10,360 [ERROR] LogOutputStream:75 - [STDERR_REDIRECT] Sep 21, 2026 3:15:10 AM java.util.prefs.FileSystemPreferences checkLockFile0ErrorCode
2026-09-21 03:15:10,360 [ERROR] LogOutputStream:75 - [STDERR_REDIRECT] WARNING: Could not lock System prefs. Unix error code 31587.
2026-09-21 03:15:10,360 [ERROR] LogOutputStream:75 - [STDERR_REDIRECT] 
2026-09-21 03:15:10,360 [ERROR] LogOutputStream:75 - [STDERR_REDIRECT] Sep 21, 2026 3:15:10 AM java.util.prefs.FileSystemPreferences syncWorld
2026-09-21 03:15:10,360 [ERROR] LogOutputStream:75 - [STDERR_REDIRECT] WARNING: Couldn't flush system prefs: java.util.prefs.BackingStoreException: Couldn't get file lock.
2026-09-21 03:15:10,361 [ERROR] LogOutputStream:75 - [STDERR_REDIRECT] 
2026-09-21 03:15:40,360 [ERROR] LogOutputStream:75 - [STDERR_REDIRECT] Sep 21, 2026 3:15:40 AM java.util.prefs.FileSystemPreferences checkLockFile0ErrorCode
2026-09-21 03:15:40,360 [ERROR] LogOutputStream:75 - [STDERR_REDIRECT] WARNING: Could not lock System prefs. Unix error code 31587.
2026-09-21 03:15:40,360 [ERROR] LogOutputStream:75 - [STDERR_REDIRECT] 
2026-09-21 03:15:40,361 [ERROR] LogOutputStream:75 - [STDERR_REDIRECT] Sep 21, 2026 3:15:40 AM java.util.prefs.FileSystemPreferences syncWorld
2026-09-21 03:15:40,362 [ERROR] LogOutputStream:75 - [STDERR_REDIRECT] WARNING: Couldn't flush system prefs: java.util.prefs.BackingStoreException: Couldn't get file lock.
2026-09-21 03:15:40,363 [ERROR] LogOutputStream:75 - [STDERR_REDIRECT] 
2026-09-21 03:16:10,359 [ERROR] LogOutputStream:75 - [STDERR_REDIRECT] Sep 21, 2026 3:16:10 AM java.util.prefs.FileSystemPreferences checkLockFile0ErrorCode
2026-09-21 03:16:10,361 [ERROR] LogOutputStream:75 - [STDERR_REDIRECT] WARNING: Could not lock System prefs. Unix error code 31587.
2026-09-21 03:16:10,361 [ERROR] LogOutputStream:75 - [STDERR_REDIRECT] 
2026-09-21 03:16:10,361 [ERROR] LogOutputStream:75 - [STDERR_REDIRECT] Sep 21, 2026 3:16:10 AM java.util.prefs.FileSystemPreferences syncWorld
2026-09-21 03:16:10,361 [ERROR] LogOutputStream:75 - [STDERR_REDIRECT] WARNING: Couldn't flush system prefs: java.util.prefs.BackingStoreException: Couldn't get file lock.
2026-09-21 03:16:10,361 [ERROR] LogOutputStream:75 - [STDERR_REDIRECT] 
2026-09-21 03:16:40,360 [ERROR] LogOutputStream:75 - [STDERR_REDIRECT] Sep 21, 2026 3:16:40 AM java.util.prefs.FileSystemPreferences checkLockFile0ErrorCode
2026-09-21 03:16:40,360 [ERROR] LogOutputStream:75 - [STDERR_REDIRECT] WARNING: Could not lock System prefs. Unix error code 31587.
2026-09-21 03:16:40,360 [ERROR] LogOutputStream:75 - [STDERR_REDIRECT] 
2026-09-21 03:16:40,360 [ERROR] LogOutputStream:75 - [STDERR_REDIRECT] Sep 21, 2026 3:16:40 AM java.util.prefs.FileSystemPreferences syncWorld
2026-09-21 03:16:40,360 [ERROR] LogOutputStream:75 - [STDERR_REDIRECT] WARNING: Couldn't flush system prefs: java.util.prefs.BackingStoreException: Couldn't get file lock.
2026-09-21 03:16:40,361 [ERROR] LogOutputStream:75 - [STDERR_REDIRECT] 
2026-09-21 03:17:10,363 [ERROR] LogOutputStream:75 - [STDERR_REDIRECT] Sep 21, 2026 3:17:10 AM java.util.prefs.FileSystemPreferences checkLockFile0ErrorCode
2026-09-21 03:17:10,363 [ERROR] LogOutputStream:75 - [STDERR_REDIRECT] WARNING: Could not lock System prefs. Unix error code 31587.
2026-09-21 03:17:10,363 [ERROR] LogOutputStream:75 - [STDERR_REDIRECT] 
2026-09-21 03:17:10,363 [ERROR] LogOutputStream:75 - [STDERR_REDIRECT] Sep 21, 2026 3:17:10 AM java.util.prefs.FileSystemPreferences syncWorld
2026-09-21 03:17:10,364 [ERROR] LogOutputStream:75 - [STDERR_REDIRECT] WARNING: Couldn't flush system prefs: java.util.prefs.BackingStoreException: Couldn't get file lock.
2026-09-21 03:17:10,364 [ERROR] LogOutputStream:75 - [STDERR_REDIRECT] 
2026-09-21 03:17:40,365 [ERROR] LogOutputStream:75 - [STDERR_REDIRECT] Sep 21, 2026 3:17:40 AM java.util.prefs.FileSystemPreferences checkLockFile0ErrorCode
2026-09-21 03:17:40,366 [ERROR] LogOutputStream:75 - [STDERR_REDIRECT] WARNING: Could not lock System prefs. Unix error code 31587.
2026-09-21 03:17:40,366 [ERROR] LogOutputStream:75 - [STDERR_REDIRECT] 
2026-09-21 03:17:40,366 [ERROR] LogOutputStream:75 - [STDERR_REDIRECT] Sep 21, 2026 3:17:40 AM java.util.prefs.FileSystemPreferences syncWorld
2026-09-21 03:17:40,366 [ERROR] LogOutputStream:75 - [STDERR_REDIRECT] WARNING: Couldn't flush system prefs: java.util.prefs.BackingStoreException: Couldn't get file lock.
2026-09-21 03:17:40,367 [ERROR] LogOutputStream:75 - [STDERR_REDIRECT] 
2026-09-21 03:18:10,363 [ERROR] LogOutputStream:75 - [STDERR_REDIRECT] Sep 21, 2026 3:18:10 AM java.util.prefs.FileSystemPreferences checkLockFile0ErrorCode
2026-09-21 03:18:10,364 [ERROR] LogOutputStream:75 - [STDERR_REDIRECT] WARNING: Could not lock System prefs. Unix error code 31587.
2026-09-21 03:18:10,364 [ERROR] LogOutputStream:75 - [STDERR_REDIRECT] 
2026-09-21 03:18:10,365 [ERROR] LogOutputStream:75 - [STDERR_REDIRECT] Sep 21, 2026 3:18:10 AM java.util.prefs.FileSystemPreferences syncWorld
2026-09-21 03:18:10,365 [ERROR] LogOutputStream:75 - [STDERR_REDIRECT] WARNING: Couldn't flush system prefs: java.util.prefs.BackingStoreException: Couldn't get file lock.
2026-09-21 03:18:10,365 [ERROR] LogOutputStream:75 - [STDERR_REDIRECT] 
2026-09-21 03:18:40,363 [ERROR] LogOutputStream:75 - [STDERR_REDIRECT] Sep 21, 2026 3:18:40 AM java.util.prefs.FileSystemPreferences checkLockFile0ErrorCode
2026-09-21 03:18:40,364 [ERROR] LogOutputStream:75 - [STDERR_REDIRECT] WARNING: Could not lock System prefs. Unix error code 31587.
2026-09-21 03:18:40,364 [ERROR] LogOutputStream:75 - [STDERR_REDIRECT] 
2026-09-21 03:18:40,364 [ERROR] LogOutputStream:75 - [STDERR_REDIRECT] Sep 21, 2026 3:18:40 AM java.util.prefs.FileSystemPreferences syncWorld
2026-09-21 03:18:40,364 [ERROR] LogOutputStream:75 - [STDERR_REDIRECT] WARNING: Couldn't flush system prefs: java.util.prefs.BackingStoreException: Couldn't get file lock.
2026-09-21 03:18:40,364 [ERROR] LogOutputStream:75 - [STDERR_REDIRECT] 
2026-09-21 03:19:10,364 [ERROR] LogOutputStream:75 - [STDERR_REDIRECT] Sep 21, 2026 3:19:10 AM java.util.prefs.FileSystemPreferences checkLockFile0ErrorCode
2026-09-21 03:19:10,364 [ERROR] LogOutputStream:75 - [STDERR_REDIRECT] WARNING: Could not lock System prefs. Unix error code 31587.
2026-09-21 03:19:10,364 [ERROR] LogOutputStream:75 - [STDERR_REDIRECT] 
2026-09-21 03:19:10,365 [ERROR] LogOutputStream:75 - [STDERR_REDIRECT] Sep 21, 2026 3:19:10 AM java.util.prefs.FileSystemPreferences syncWorld
2026-09-21 03:19:10,365 [ERROR] LogOutputStream:75 - [STDERR_REDIRECT] WARNING: Couldn't flush system prefs: java.util.prefs.BackingStoreException: Couldn't get file lock.
2026-09-21 03:19:10,365 [ERROR] LogOutputStream:75 - [STDERR_REDIRECT] 
2026-09-21 03:19:40,362 [ERROR] LogOutputStream:75 - [STDERR_REDIRECT] Sep 21, 2026 3:19:40 AM java.util.prefs.FileSystemPreferences checkLockFile0ErrorCode
2026-09-21 03:19:40,362 [ERROR] LogOutputStream:75 - [STDERR_REDIRECT] WARNING: Could not lock System prefs. Unix error code 31587.
2026-09-21 03:19:40,362 [ERROR] LogOutputStream:75 - [STDERR_REDIRECT] 
2026-09-21 03:19:40,362 [ERROR] LogOutputStream:75 - [STDERR_REDIRECT] Sep 21, 2026 3:19:40 AM java.util.prefs.FileSystemPreferences syncWorld
2026-09-21 03:19:40,362 [ERROR] LogOutputStream:75 - [STDERR_REDIRECT] WARNING: Couldn't flush system prefs: java.util.prefs.BackingStoreException: Couldn't get file lock.
2026-09-21 03:19:40,362 [ERROR] LogOutputStream:75 - [STDERR_REDIRECT] 
