2026-07-03 13:45:47,740 [INFO] Activator:176 - 


2026-07-03 13:45:47,759 [INFO] Activator:177 - !SESSION log4j initialized
2026-07-03 13:46:03,923 [INFO] LogOutputStream:77 - [STDOUT_REDIRECT] 
2026-07-03 13:46:07,554 [INFO] ApplicationProperties:184 - Using Application install path: /opt/st/stm32cubeide_1.15.0_2/plugins/com.st.stm32cube.common.mx_6.11.0.202403141607
2026-07-03 13:46:07,673 [INFO] DbMcusXml:78 - Set database path to: /opt/st/stm32cubeide_1.15.0_2/plugins/com.st.stm32cube.common.mx_6.11.0.202403141607//db//mcu/
2026-07-03 13:46:07,680 [INFO] ApiDb:274 - Set plugin database path to: /opt/st/stm32cubeide_1.15.0_2/plugins/com.st.stm32cube.common.mx_6.11.0.202403141607//db//plugins/boardmanager/
2026-07-03 13:46:07,680 [WARN] ApiDb:259 - Overriding images path with different value:  => /opt/st/stm32cubeide_1.15.0_2/plugins/com.st.stm32cube.common.mx_6.11.0.202403141607//db//plugins/mcufinder/images/
2026-07-03 13:46:07,710 [INFO] ApiDb:250 - Set database path to: /home/peter/.stmcufinder/plugins/mcufinder//mcu/
2026-07-03 13:46:07,717 [INFO] DbMcusAds:125 - Set database path to: /home/peter/.stmcufinder/plugins/mcufinder//mcu/
2026-07-03 13:46:07,733 [INFO] CrossReferenceDbSqlite:203 - Set database path to: /home/peter/.stmcufinder/plugins/mcufinder//mcu/cs/
2026-07-03 13:46:08,667 [INFO] RulesReader:64 - Compatibility file has been processed (297 Rules)
2026-07-03 13:46:09,099 [INFO] DbMcusXml:78 - Set database path to: /opt/st/stm32cubeide_1.15.0_2/plugins/com.st.stm32cube.common.mx_6.11.0.202403141607//db//mcu/
2026-07-03 13:46:09,099 [INFO] ApiDb:274 - Set plugin database path to: /opt/st/stm32cubeide_1.15.0_2/plugins/com.st.stm32cube.common.mx_6.11.0.202403141607//db//plugins/boardmanager/
2026-07-03 13:46:09,100 [INFO] ApiDb:261 - Set plugin images path to: /opt/st/stm32cubeide_1.15.0_2/plugins/com.st.stm32cube.common.mx_6.11.0.202403141607//db//plugins/mcufinder/images/
2026-07-03 13:46:09,100 [WARN] DbFile:41 - Overriding database path with different value: /home/peter/.stmcufinder/plugins/mcufinder/ => /home/peter/.stmcufinder/plugins/mcufinder
2026-07-03 13:46:09,100 [INFO] ApiDb:250 - Set database path to: /home/peter/.stmcufinder/plugins/mcufinder//mcu/
2026-07-03 13:46:09,101 [WARN] DbFile:41 - Overriding database path with different value: /home/peter/.stmcufinder/plugins/mcufinder/ => /home/peter/.stmcufinder/plugins/mcufinder
2026-07-03 13:46:09,102 [INFO] DbMcusAds:125 - Set database path to: /home/peter/.stmcufinder/plugins/mcufinder//mcu/
2026-07-03 13:46:09,102 [WARN] DbFile:41 - Overriding database path with different value: /home/peter/.stmcufinder/plugins/mcufinder/ => /home/peter/.stmcufinder/plugins/mcufinder
2026-07-03 13:46:09,103 [WARN] DbFile:41 - Overriding database path with different value: /home/peter/.stmcufinder/plugins/mcufinder/ => /home/peter/.stmcufinder/plugins/mcufinder
2026-07-03 13:46:09,103 [INFO] CrossReferenceDbSqlite:203 - Set database path to: /home/peter/.stmcufinder/plugins/mcufinder//mcu/cs/
2026-07-03 13:46:09,412 [INFO] MainPanel:264 - HeapMemory: 268435456
2026-07-03 13:46:09,764 [INFO] DbMcusXml:78 - Set database path to: /opt/st/stm32cubeide_1.15.0_2/plugins/com.st.stm32cube.common.mx_6.11.0.202403141607//db//mcu/
2026-07-03 13:46:09,765 [INFO] ApiDb:274 - Set plugin database path to: /opt/st/stm32cubeide_1.15.0_2/plugins/com.st.stm32cube.common.mx_6.11.0.202403141607//db//plugins/boardmanager/
2026-07-03 13:46:09,765 [INFO] ApiDb:261 - Set plugin images path to: /opt/st/stm32cubeide_1.15.0_2/plugins/com.st.stm32cube.common.mx_6.11.0.202403141607//db//plugins/mcufinder/images/
2026-07-03 13:46:09,766 [WARN] DbFile:41 - Overriding database path with different value: /home/peter/.stmcufinder/plugins/mcufinder/ => /home/peter/.stmcufinder/plugins/mcufinder
2026-07-03 13:46:09,767 [INFO] ApiDb:250 - Set database path to: /home/peter/.stmcufinder/plugins/mcufinder//mcu/
2026-07-03 13:46:09,769 [WARN] DbFile:41 - Overriding database path with different value: /home/peter/.stmcufinder/plugins/mcufinder/ => /home/peter/.stmcufinder/plugins/mcufinder
2026-07-03 13:46:09,770 [INFO] DbMcusAds:125 - Set database path to: /home/peter/.stmcufinder/plugins/mcufinder//mcu/
2026-07-03 13:46:09,770 [WARN] DbFile:41 - Overriding database path with different value: /home/peter/.stmcufinder/plugins/mcufinder/ => /home/peter/.stmcufinder/plugins/mcufinder
2026-07-03 13:46:09,770 [WARN] DbFile:41 - Overriding database path with different value: /home/peter/.stmcufinder/plugins/mcufinder/ => /home/peter/.stmcufinder/plugins/mcufinder
2026-07-03 13:46:09,770 [INFO] CrossReferenceDbSqlite:203 - Set database path to: /home/peter/.stmcufinder/plugins/mcufinder//mcu/cs/
2026-07-03 13:46:09,831 [INFO] ApplicationProperties:184 - Using Application install path: /opt/st/stm32cubeide_1.15.0_2/plugins/com.st.stm32cube.common.mx_6.11.0.202403141607
2026-07-03 13:46:09,835 [INFO] PluginManage:196 - Search for loadable plugins [exclusion list=, ]
2026-07-03 13:46:09,838 [INFO] PluginManage:310 - Check plugin analytics
2026-07-03 13:46:10,480 [INFO] AnalyticsPlugin:253 - Accepted Software Licenses: 
2026-07-03 13:46:10,480 [INFO] AnalyticsPlugin:255 - Accepted CMSIS Pack Licenses: 
2026-07-03 13:46:10,481 [INFO] AnalyticsPlugin:257 - Accepted Firmware Licenses: FW.C0.1.1.0
2026-07-03 13:46:10,499 [INFO] PluginManage:359 - Loaded plugin analytics (category:tool,tabindex:-1)
2026-07-03 13:46:10,500 [INFO] PluginManage:310 - Check plugin cadmodel
2026-07-03 13:46:10,589 [INFO] CADModel:105 - Init CAD model plugin
2026-07-03 13:46:10,590 [INFO] PluginManage:359 - Loaded plugin cadmodel (category:power,tabindex:5)
2026-07-03 13:46:10,591 [INFO] PluginManage:310 - Check plugin clock
2026-07-03 13:46:10,609 [INFO] PluginManage:359 - Loaded plugin clock (category:base,tabindex:2)
2026-07-03 13:46:10,609 [INFO] PluginManage:310 - Check plugin ddr
2026-07-03 13:46:10,613 [INFO] PluginManage:359 - Loaded plugin ddr (category:tool,tabindex:6)
2026-07-03 13:46:10,613 [INFO] PluginManage:310 - Check plugin filemanager
2026-07-03 13:46:11,080 [INFO] PluginManage:359 - Loaded plugin filemanager (category:base,tabindex:10)
2026-07-03 13:46:11,081 [INFO] PluginManage:310 - Check plugin ipmanager
2026-07-03 13:46:11,092 [INFO] PluginManage:359 - Loaded plugin ipmanager (category:base,tabindex:5)
2026-07-03 13:46:11,094 [INFO] PluginManage:310 - Check plugin lpbam
2026-07-03 13:46:11,114 [INFO] PluginManage:359 - Loaded plugin lpbam (category:base,tabindex:0)
2026-07-03 13:46:11,115 [INFO] PluginManage:310 - Check plugin memorymap
2026-07-03 13:46:11,142 [INFO] PluginManage:359 - Loaded plugin memorymap (category:base,tabindex:4)
2026-07-03 13:46:11,143 [INFO] PluginManage:310 - Check plugin pinoutandconfiguration
2026-07-03 13:46:11,163 [INFO] PluginManage:359 - Loaded plugin pinoutandconfiguration (category:base,tabindex:1)
2026-07-03 13:46:11,165 [INFO] PluginManage:310 - Check plugin pinoutconfig
2026-07-03 13:46:11,582 [WARN] SupportedApi:132 - Cannot load RTOS API schema: s4s-elt-must-match.1: The content of 'definitions' must match (annotation?, (simpleType | complexType)?, (unique | key | keyref)*)). A problem was found starting at: attribute.
2026-07-03 13:46:12,050 [INFO] PluginManage:359 - Loaded plugin pinoutconfig (category:base,tabindex:0)
2026-07-03 13:46:12,050 [INFO] PluginManage:310 - Check plugin power
2026-07-03 13:46:12,091 [INFO] PluginManage:359 - Loaded plugin power (category:power,tabindex:4)
2026-07-03 13:46:12,093 [INFO] PluginManage:310 - Check plugin projectmanager
2026-07-03 13:46:12,185 [INFO] PluginManage:359 - Loaded plugin projectmanager (category:projectmanager,tabindex:3)
2026-07-03 13:46:12,185 [INFO] PluginManage:310 - Check plugin thirdparty
2026-07-03 13:46:12,591 [WARN] IntegrityCheckThread:84 - waiting for thirdparty lock release [integrity check]
2026-07-03 13:46:12,592 [INFO] IntegrityCheckThread:86 - entering critical section [integrity check]
2026-07-03 13:46:12,594 [INFO] PluginManage:359 - Loaded plugin thirdparty (category:base,tabindex:-1)
2026-07-03 13:46:12,599 [INFO] ThirdPartyUpdaterWithRetryManager:70 - Updater plugin not ready yet. [1/15]
2026-07-03 13:46:12,595 [INFO] PluginManage:310 - Check plugin tools
2026-07-03 13:46:12,608 [INFO] PluginManage:359 - Loaded plugin tools (category:base,tabindex:7)
2026-07-03 13:46:12,611 [INFO] PluginManage:310 - Check plugin tutovideos
2026-07-03 13:46:13,349 [INFO] PluginManage:359 - Loaded plugin tutovideos (category:base,tabindex:-1)
2026-07-03 13:46:13,350 [INFO] PluginManage:310 - Check plugin updater
2026-07-03 13:46:13,392 [INFO] PluginManage:359 - Loaded plugin updater (category:base,tabindex:12)
2026-07-03 13:46:13,392 [INFO] PluginManage:310 - Check plugin userauth
2026-07-03 13:46:13,418 [INFO] UserAuth:114 - Init User Auth plugin
2026-07-03 13:46:13,418 [INFO] PluginManage:359 - Loaded plugin userauth (category:base,tabindex:14)
2026-07-03 13:46:13,423 [INFO] PluginManage:283 - PluginManage : Loaded plugins [17]
2026-07-03 13:46:14,189 [INFO] PinOutPanel:1561 - setPackage(No Configuration,No Configuration)
2026-07-03 13:46:14,545 [INFO] CADModel:165 - CPN selected for project level
2026-07-03 13:46:14,547 [INFO] CADModel:114 - Register for checkConnection events
2026-07-03 13:46:14,587 [INFO] IPUIPlugin:80 - create IPUIPlugin
2026-07-03 13:46:14,588 [INFO] PluginManager:220 - loadIPPluginJar : add mdma
2026-07-03 13:46:14,606 [INFO] IPUIPlugin:80 - create IPUIPlugin
2026-07-03 13:46:14,606 [INFO] PluginManager:220 - loadIPPluginJar : add cryp
2026-07-03 13:46:14,624 [INFO] IPUIPlugin:80 - create IPUIPlugin
2026-07-03 13:46:14,624 [INFO] PluginManager:220 - loadIPPluginJar : add freertos
2026-07-03 13:46:14,637 [INFO] IPUIPlugin:80 - create IPUIPlugin
2026-07-03 13:46:14,640 [INFO] PluginManager:220 - loadIPPluginJar : add gpio
2026-07-03 13:46:14,653 [INFO] IPUIPlugin:80 - create IPUIPlugin
2026-07-03 13:46:14,653 [INFO] PluginManager:220 - loadIPPluginJar : add usbx
2026-07-03 13:46:14,666 [INFO] IPUIPlugin:80 - create IPUIPlugin
2026-07-03 13:46:14,666 [INFO] PluginManager:220 - loadIPPluginJar : add lorawan
2026-07-03 13:46:14,672 [INFO] IPUIPlugin:80 - create IPUIPlugin
2026-07-03 13:46:14,672 [INFO] PluginManager:220 - loadIPPluginJar : add can
2026-07-03 13:46:14,677 [INFO] IPUIPlugin:80 - create IPUIPlugin
2026-07-03 13:46:14,678 [INFO] PluginManager:220 - loadIPPluginJar : add pdm2pcm
2026-07-03 13:46:14,680 [INFO] IPUIPlugin:80 - create IPUIPlugin
2026-07-03 13:46:14,680 [INFO] PluginManager:220 - loadIPPluginJar : add fatfs
2026-07-03 13:46:14,688 [INFO] IPUIPlugin:80 - create IPUIPlugin
2026-07-03 13:46:14,688 [INFO] PluginManager:220 - loadIPPluginJar : add resmgrutility
2026-07-03 13:46:14,691 [INFO] IPUIPlugin:80 - create IPUIPlugin
2026-07-03 13:46:14,691 [INFO] PluginManager:220 - loadIPPluginJar : add hash
2026-07-03 13:46:14,701 [INFO] IPUIPlugin:80 - create IPUIPlugin
2026-07-03 13:46:14,702 [INFO] PluginManager:220 - loadIPPluginJar : add nvic
2026-07-03 13:46:14,704 [INFO] IPUIPlugin:80 - create IPUIPlugin
2026-07-03 13:46:14,706 [INFO] PluginManager:220 - loadIPPluginJar : add gfxmmu
2026-07-03 13:46:14,712 [INFO] IPUIPlugin:80 - create IPUIPlugin
2026-07-03 13:46:14,713 [INFO] PluginManager:220 - loadIPPluginJar : add quadspi
2026-07-03 13:46:14,720 [INFO] IPUIPlugin:80 - create IPUIPlugin
2026-07-03 13:46:14,721 [INFO] PluginManager:220 - loadIPPluginJar : add aes
2026-07-03 13:46:14,734 [INFO] IPUIPlugin:80 - create IPUIPlugin
2026-07-03 13:46:14,735 [INFO] PluginManager:220 - loadIPPluginJar : add linkedlist
2026-07-03 13:46:14,738 [INFO] IPUIPlugin:80 - create IPUIPlugin
2026-07-03 13:46:14,738 [INFO] PluginManager:220 - loadIPPluginJar : add ts
2026-07-03 13:46:14,747 [INFO] IPUIPlugin:80 - create IPUIPlugin
2026-07-03 13:46:14,747 [INFO] PluginManager:220 - loadIPPluginJar : add stm32_wpan
2026-07-03 13:46:14,752 [INFO] IPUIPlugin:80 - create IPUIPlugin
2026-07-03 13:46:14,753 [INFO] PluginManager:220 - loadIPPluginJar : add touchsensing
2026-07-03 13:46:14,756 [INFO] IPUIPlugin:80 - create IPUIPlugin
2026-07-03 13:46:14,757 [INFO] PluginManager:220 - loadIPPluginJar : add dma3
2026-07-03 13:46:14,762 [INFO] IPUIPlugin:80 - create IPUIPlugin
2026-07-03 13:46:14,762 [INFO] PluginManager:220 - loadIPPluginJar : add spi
2026-07-03 13:46:14,766 [INFO] IPUIPlugin:80 - create IPUIPlugin
2026-07-03 13:46:14,767 [INFO] PluginManager:220 - loadIPPluginJar : add openamp
2026-07-03 13:46:14,772 [INFO] IPUIPlugin:80 - create IPUIPlugin
2026-07-03 13:46:14,773 [INFO] PluginManager:220 - loadIPPluginJar : add sai
2026-07-03 13:46:14,782 [INFO] IPUIPlugin:80 - create IPUIPlugin
2026-07-03 13:46:14,783 [INFO] PluginManager:220 - loadIPPluginJar : add opamp
2026-07-03 13:46:14,794 [INFO] IPUIPlugin:80 - create IPUIPlugin
2026-07-03 13:46:14,802 [INFO] PluginManager:220 - loadIPPluginJar : add plateformsettings
2026-07-03 13:46:14,809 [INFO] IPUIPlugin:80 - create IPUIPlugin
2026-07-03 13:46:14,810 [INFO] PluginManager:220 - loadIPPluginJar : add ipddr
2026-07-03 13:46:14,812 [INFO] IPUIPlugin:80 - create IPUIPlugin
2026-07-03 13:46:14,813 [INFO] PluginManager:220 - loadIPPluginJar : add ltdc
2026-07-03 13:46:14,828 [INFO] IPUIPlugin:80 - create IPUIPlugin
2026-07-03 13:46:14,829 [INFO] PluginManager:220 - loadIPPluginJar : add fmc
2026-07-03 13:46:14,846 [INFO] IPUIPlugin:80 - create IPUIPlugin
2026-07-03 13:46:14,846 [INFO] PluginManager:220 - loadIPPluginJar : add adc
2026-07-03 13:46:14,855 [INFO] IPUIPlugin:80 - create IPUIPlugin
2026-07-03 13:46:14,856 [INFO] PluginManager:220 - loadIPPluginJar : add i2s
2026-07-03 13:46:14,865 [INFO] IPUIPlugin:80 - create IPUIPlugin
2026-07-03 13:46:14,867 [INFO] PluginManager:220 - loadIPPluginJar : add tracer_emb
2026-07-03 13:46:14,876 [INFO] IPUIPlugin:80 - create IPUIPlugin
2026-07-03 13:46:14,877 [INFO] PluginManager:220 - loadIPPluginJar : add i2c
2026-07-03 13:46:14,888 [INFO] IPUIPlugin:80 - create IPUIPlugin
2026-07-03 13:46:14,891 [INFO] PluginManager:220 - loadIPPluginJar : add gtzc
2026-07-03 13:46:14,896 [INFO] IPUIPlugin:80 - create IPUIPlugin
2026-07-03 13:46:14,898 [INFO] PluginManager:220 - loadIPPluginJar : add tim
2026-07-03 13:46:14,911 [INFO] IPUIPlugin:80 - create IPUIPlugin
2026-07-03 13:46:14,911 [INFO] PluginManager:220 - loadIPPluginJar : add ucpd
2026-07-03 13:46:14,921 [INFO] IPUIPlugin:80 - create IPUIPlugin
2026-07-03 13:46:14,923 [INFO] PluginManager:220 - loadIPPluginJar : add usart
2026-07-03 13:46:14,929 [INFO] IPUIPlugin:80 - create IPUIPlugin
2026-07-03 13:46:14,930 [INFO] PluginManager:220 - loadIPPluginJar : add dfsdm
2026-07-03 13:46:14,935 [INFO] IPUIPlugin:80 - create IPUIPlugin
2026-07-03 13:46:14,935 [INFO] PluginManager:220 - loadIPPluginJar : add i3c
2026-07-03 13:46:14,948 [INFO] IPUIPlugin:80 - create IPUIPlugin
2026-07-03 13:46:14,948 [INFO] PluginManager:220 - loadIPPluginJar : add gic
2026-07-03 13:46:14,951 [INFO] IPUIPlugin:80 - create IPUIPlugin
2026-07-03 13:46:14,951 [INFO] PluginManager:220 - loadIPPluginJar : add comp
2026-07-03 13:46:14,955 [INFO] IPUIPlugin:80 - create IPUIPlugin
2026-07-03 13:46:14,955 [INFO] PluginManager:220 - loadIPPluginJar : add tsc
2026-07-03 13:46:14,971 [INFO] IPUIPlugin:80 - create IPUIPlugin
2026-07-03 13:46:14,972 [INFO] PluginManager:220 - loadIPPluginJar : add genericplugin
2026-07-03 13:46:14,989 [INFO] IPUIPlugin:80 - create IPUIPlugin
2026-07-03 13:46:14,990 [INFO] PluginManager:220 - loadIPPluginJar : add extmemmanager
2026-07-03 13:46:15,008 [INFO] IPUIPlugin:80 - create IPUIPlugin
2026-07-03 13:46:15,009 [INFO] PluginManager:220 - loadIPPluginJar : add dma
2026-07-03 13:46:15,181 [INFO] CADModel:165 - CPN selected for project level
2026-07-03 13:46:15,181 [INFO] CADModel:114 - Register for checkConnection events
2026-07-03 13:46:15,182 [FATAL] Updater:308 - Updater called before beeing initialized
2026-07-03 13:46:15,182 [ERROR] CADModel:125 - Updater not yet initialized, retry later 
2026-07-03 13:46:15,603 [INFO] ThirdPartyUpdaterWithRetryManager:70 - Updater plugin not ready yet. [2/15]
2026-07-03 13:46:15,772 [INFO] CADModel:165 - CPN selected for project level
2026-07-03 13:46:15,773 [INFO] CADModel:114 - Register for checkConnection events
2026-07-03 13:46:15,773 [FATAL] Updater:308 - Updater called before beeing initialized
2026-07-03 13:46:15,773 [ERROR] CADModel:125 - Updater not yet initialized, retry later 
2026-07-03 13:46:15,786 [FATAL] Updater:308 - Updater called before beeing initialized
2026-07-03 13:46:16,080 [FATAL] Updater:308 - Updater called before beeing initialized
2026-07-03 13:46:16,095 [INFO] DbMcusAds:53 - JSON generation date=Tue Jul 08 04:14:23 EDT 2025 (1751962463524)
2026-07-03 13:46:16,097 [FATAL] Updater:308 - Updater called before beeing initialized
2026-07-03 13:46:16,203 [WARN] DetailPanel:346 - Failed to get advertising image, set to default
2026-07-03 13:46:16,459 [FATAL] Updater:308 - Updater called before beeing initialized
2026-07-03 13:46:16,462 [FATAL] Updater:308 - Updater called before beeing initialized
2026-07-03 13:46:16,462 [FATAL] Updater:308 - Updater called before beeing initialized
2026-07-03 13:46:16,462 [WARN] DetailPanel:346 - Failed to get advertising image, set to default
2026-07-03 13:46:16,464 [FATAL] Updater:308 - Updater called before beeing initialized
2026-07-03 13:46:16,546 [ERROR] Updater:1120 - MainUpdater not yet initialized. External WinMGr cannot be set.
2026-07-03 13:46:16,549 [INFO] Updater:1056 - Updater Version found : 6.11.0
2026-07-03 13:46:16,585 [INFO] ApplicationProperties:184 - Using Application install path: /opt/st/stm32cubeide_1.15.0_2/plugins/com.st.stm32cube.common.mx_6.11.0.202403141607
2026-07-03 13:46:16,649 [ERROR] LogOutputStream:75 - [STDERR_REDIRECT] Jul 03, 2026 1:46:16 PM java.util.prefs.FileSystemPreferences$2 run
2026-07-03 13:46:16,650 [ERROR] LogOutputStream:75 - [STDERR_REDIRECT] WARNING: Could not create system preferences directory. System preferences are unusable.
2026-07-03 13:46:16,650 [ERROR] LogOutputStream:75 - [STDERR_REDIRECT] 
2026-07-03 13:46:17,643 [INFO] MainUpdater:2873 - connection check result : 10
2026-07-03 13:46:17,646 [INFO] MainUpdater:3567 - Updater definition file requires update
2026-07-03 13:46:17,651 [INFO] MainUpdater:290 - Updater Check For Update Now.
2026-07-03 13:46:17,652 [INFO] MicroXplorer:498 - Change Database Version : DB.6.0.110
2026-07-03 13:46:17,669 [INFO] McuFinderGlobals:63 - Set McuFinder mode to 2 (CubeIDE integrated)
2026-07-03 13:46:17,687 [INFO] UserAuth:415 - Internet connection configuration mode: 1
2026-07-03 13:46:17,712 [INFO] JxBrowserEngine:152 - Initiate JxBrowser Engine with user profile folder
2026-07-03 13:46:17,721 [INFO] ServerAccessManage:473 - Download File updaters.zip
2026-07-03 13:46:18,301 [INFO] FileExtend:240 - Unzip File : updaters.zip
2026-07-03 13:46:18,301 [INFO] FileExtend:255 - Standard Zip Deflate
2026-07-03 13:46:18,609 [WARN] MainUpdater:1194 - Updater busy. Cannot search thirdparties
2026-07-03 13:46:18,610 [INFO] ThirdPartyUpdaterWithRetryManager:96 - Updater plugin is busy. [1/15]
2026-07-03 13:46:19,244 [INFO] ServerAccessManage:473 - Download File PacksControlFlags.xml
2026-07-03 13:46:19,577 [INFO] ServerAccessManage:473 - Download File cubemx.pidx
2026-07-03 13:46:21,611 [WARN] MainUpdater:1194 - Updater busy. Cannot search thirdparties
2026-07-03 13:46:21,611 [INFO] ThirdPartyUpdaterWithRetryManager:96 - Updater plugin is busy. [2/15]
2026-07-03 13:46:21,862 [INFO] WebApp:161 - Instantiating new browser for Auth
2026-07-03 13:46:22,611 [INFO] ServerAccessManage:473 - Download File STMicroelectronics.X-CUBE-BLEMGR.pdsc
2026-07-03 13:46:23,260 [ERROR] ServerAccessManage:1089 - Problem, file not found on Server
2026-07-03 13:46:24,185 [INFO] ServerAccessManage:473 - Download File STMicroelectronics.X-CUBE-FREERTOS.pdsc
2026-07-03 13:46:24,614 [WARN] MainUpdater:1194 - Updater busy. Cannot search thirdparties
2026-07-03 13:46:24,615 [INFO] ThirdPartyUpdaterWithRetryManager:96 - Updater plugin is busy. [3/15]
2026-07-03 13:46:24,777 [INFO] WebApp:779 - Register for checkConnection events
2026-07-03 13:46:24,778 [INFO] WebApp:414 - Apply proxy settings
2026-07-03 13:46:24,783 [INFO] WebApp:499 - Chromium requires no authentication
2026-07-03 13:46:24,842 [INFO] WebApp:442 - Direct internet connection detected
2026-07-03 13:46:25,923 [INFO] WebApp:192 - Starting web application
2026-07-03 13:46:25,924 [INFO] WebApp:544 - Web application path used /opt/st/stm32cubeide_1.15.0_2/plugins/com.st.stm32cube.common.mx_6.11.0.202403141607/db/plugins/mcufinder/reactClient1/index.html
2026-07-03 13:46:27,617 [WARN] MainUpdater:1194 - Updater busy. Cannot search thirdparties
2026-07-03 13:46:27,617 [INFO] ThirdPartyUpdaterWithRetryManager:96 - Updater plugin is busy. [4/15]
2026-07-03 13:46:29,711 [ERROR] LogOutputStream:75 - [STDERR_REDIRECT] Jul 03, 2026 1:46:29 PM java.util.prefs.FileSystemPreferences checkLockFile0ErrorCode
2026-07-03 13:46:29,712 [ERROR] LogOutputStream:75 - [STDERR_REDIRECT] WARNING: Could not lock System prefs. Unix error code 29467.
2026-07-03 13:46:29,712 [ERROR] LogOutputStream:75 - [STDERR_REDIRECT] 
2026-07-03 13:46:29,717 [ERROR] LogOutputStream:75 - [STDERR_REDIRECT] Jul 03, 2026 1:46:29 PM java.util.prefs.FileSystemPreferences syncWorld
2026-07-03 13:46:29,718 [ERROR] LogOutputStream:75 - [STDERR_REDIRECT] WARNING: Couldn't flush system prefs: java.util.prefs.BackingStoreException: Couldn't get file lock.
2026-07-03 13:46:29,718 [ERROR] LogOutputStream:75 - [STDERR_REDIRECT] 
2026-07-03 13:46:30,048 [WARN] PopulateThirdPartyThread:106 - Error when creating pack: /home/peter/.stm32cubemx/thirdparties/pdsc/STMicroelectronics.X-CUBE-BLEMGR.pdsc
2026-07-03 13:46:30,067 [WARN] PopulateThirdPartyThread:106 - Error when creating pack: /home/peter/.stm32cubemx/thirdparties/pdsc/STMicroelectronics.X-CUBE-FREERTOS.pdsc
2026-07-03 13:46:30,067 [INFO] PopulateThirdPartyThread:66 - Ending populate Thread
2026-07-03 13:46:30,067 [INFO] LoadServerUpdatesThread:375 - End of LoadServerUpdate Thread
2026-07-03 13:46:30,525 [INFO] CheckServerUpdateThread:120 - End of CheckServer Thread
2026-07-03 13:46:31,927 [WARN] PackLoader:240 - Cannot read IP mode file for STMicroelectronics.X-CUBE-AZRTOS-H7.3.5.0
2026-07-03 13:46:32,033 [WARN] PackLoader:240 - Cannot read IP mode file for STMicroelectronics.FP-SNS-MOTENVWB1.1.4.0
2026-07-03 13:46:32,058 [WARN] PackLoader:240 - Cannot read IP mode file for STMicroelectronics.FP-ATR-ASTRA1.2.0.2
2026-07-03 13:46:32,071 [WARN] PackLoader:240 - Cannot read IP mode file for STMicroelectronics.FP-ATR-ASTRA1.2.0.1
2026-07-03 13:46:32,089 [ERROR] Engine:466 - /home/peter/.stm32cubemx/thirdparties/pdsc/STMicroelectronics.X-CUBE-SMBUS.2.1.1.pdsc: PDSC version is not supported
2026-07-03 13:46:32,097 [WARN] PackLoader:240 - Cannot read IP mode file for STMicroelectronics.X-CUBE-SMBUS.2.1.0
2026-07-03 13:46:32,121 [WARN] PackLoader:240 - Cannot read IP mode file for STMicroelectronics.X-CUBE-WB05N.1.1.0
2026-07-03 13:46:32,133 [ERROR] Engine:466 - /home/peter/.stm32cubemx/thirdparties/pdsc/STMicroelectronics.X-CUBE-ST60.1.0.0.pdsc: PDSC version is not supported
2026-07-03 13:46:32,141 [WARN] PackLoader:240 - Cannot read IP mode file for STMicroelectronics.X-CUBE-TOUCHGFX.4.23.1
2026-07-03 13:46:32,149 [WARN] PackLoader:240 - Cannot read IP mode file for STMicroelectronics.X-CUBE-TOUCHGFX.4.23.2
2026-07-03 13:46:32,292 [WARN] PackLoader:240 - Cannot read IP mode file for STMicroelectronics.X-CUBE-AZRTOS-F7.1.1.0
2026-07-03 13:46:32,341 [ERROR] Engine:466 - /home/peter/.stm32cubemx/thirdparties/pdsc/STMicroelectronics.X-CUBE-FREERTOS.1.6.0.pdsc: PDSC version is not supported
2026-07-03 13:46:32,918 [WARN] PackLoader:240 - Cannot read IP mode file for STMicroelectronics.X-CUBE-MEMS1.11.0.0
2026-07-03 13:46:34,216 [ERROR] Engine:466 - /home/peter/.stm32cubemx/thirdparties/pdsc/STMicroelectronics.FP-SNS-MOTENV1.5.1.0.pdsc: PDSC version is not supported
2026-07-03 13:46:34,320 [WARN] PackLoader:240 - Cannot read IP mode file for STMicroelectronics.X-CUBE-AZRTOS-H7RS.1.3.0
2026-07-03 13:46:34,354 [WARN] PackLoader:240 - Cannot read IP mode file for STMicroelectronics.FP-SNS-FLIGHT1.5.0.2
2026-07-03 13:46:34,506 [WARN] PackLoader:240 - Cannot read IP mode file for STMicroelectronics.X-CUBE-AZRTOS-H7.3.4.0
2026-07-03 13:46:34,541 [WARN] PackLoader:240 - Cannot read IP mode file for STMicroelectronics.X-CUBE-DISPLAY.3.0.0
2026-07-03 13:46:34,566 [WARN] PackLoader:240 - Cannot read IP mode file for STMicroelectronics.X-CUBE-GNSS1.7.1.1
2026-07-03 13:46:34,574 [ERROR] Engine:466 - /home/peter/.stm32cubemx/thirdparties/pdsc/STMicroelectronics.FP-SNS-MOTENVWB1.1.5.0.pdsc: PDSC version is not supported
2026-07-03 13:46:34,583 [WARN] PackLoader:240 - Cannot read IP mode file for STMicroelectronics.X-CUBE-BLE1.7.0.0
2026-07-03 13:46:34,599 [WARN] PackLoader:240 - Cannot read IP mode file for STMicroelectronics.X-CUBE-NFC10.1.0.0
2026-07-03 13:46:34,631 [WARN] PackLoader:240 - Cannot read IP mode file for STMicroelectronics.X-CUBE-BLEMGR.4.0.0
2026-07-03 13:46:34,654 [ERROR] Engine:466 - /home/peter/.stm32cubemx/thirdparties/pdsc/STMicroelectronics.X-CUBE-ST60.1.1.0.pdsc: PDSC version is not supported
2026-07-03 13:46:34,672 [WARN] PackLoader:240 - Cannot read IP mode file for emotas.I-CUBE-CANOPEN.1.3.0
2026-07-03 13:46:34,679 [ERROR] Engine:466 - /home/peter/.stm32cubemx/thirdparties/pdsc/STMicroelectronics.X-CUBE-WBA.1.1.0.pdsc: PDSC version is not supported
2026-07-03 13:46:34,686 [WARN] PackLoader:240 - Cannot read IP mode file for STMicroelectronics.X-CUBE-GNSS1.7.1.0
2026-07-03 13:46:34,707 [WARN] PackLoader:240 - Cannot read IP mode file for STMicroelectronics.X-CUBE-BLEMGR.3.1.0
2026-07-03 13:46:34,716 [WARN] PackLoader:240 - Cannot read IP mode file for STMicroelectronics.X-CUBE-AI.10.0.0
2026-07-03 13:46:34,721 [ERROR] Engine:466 - /home/peter/.stm32cubemx/thirdparties/pdsc/STMicroelectronics.FP-SNS-STBOX1.2.1.0.pdsc: PDSC version is not supported
2026-07-03 13:46:34,728 [WARN] PackLoader:240 - Cannot read IP mode file for STMicroelectronics.FP-SNS-SMARTAG2.1.2.0
2026-07-03 13:46:34,733 [ERROR] Engine:466 - /home/peter/.stm32cubemx/thirdparties/pdsc/STMicroelectronics.FP-SNS-FLIGHT1.5.1.0.pdsc: PDSC version is not supported
2026-07-03 13:46:34,911 [WARN] PackLoader:240 - Cannot read IP mode file for STMicroelectronics.X-CUBE-MEMS1.11.1.0
2026-07-03 13:46:35,348 [INFO] LogOutputStream:77 - [STDOUT_REDIRECT] 1 : Invalid condition id : UX_CORESTACK_Condition cause : null
2026-07-03 13:46:35,350 [INFO] LogOutputStream:77 - [STDOUT_REDIRECT] 1 : Invalid condition id : UX_CORESTACK_Condition cause : null
2026-07-03 13:46:35,350 [INFO] LogOutputStream:77 - [STDOUT_REDIRECT] 1 : Invalid condition id : UX_CORESTACK_Condition cause : null
2026-07-03 13:46:35,351 [INFO] LogOutputStream:77 - [STDOUT_REDIRECT] 1 : Invalid condition id : UX_CORESTACK_Condition cause : null
2026-07-03 13:46:35,352 [INFO] LogOutputStream:77 - [STDOUT_REDIRECT] 1 : Invalid condition id : UX_CORESTACK_Condition cause : null
2026-07-03 13:46:35,362 [WARN] PackLoader:240 - Cannot read IP mode file for STMicroelectronics.X-CUBE-AZRTOS-WL.2.0.0
2026-07-03 13:46:35,370 [WARN] PackLoader:240 - Cannot read IP mode file for STMicroelectronics.FP-SNS-MOTENV1.5.0.0
2026-07-03 13:46:35,417 [WARN] PackLoader:240 - Cannot read IP mode file for STMicroelectronics.X-CUBE-AZRTOS-H7RS.1.2.0
2026-07-03 13:46:35,432 [WARN] PackLoader:240 - Cannot read IP mode file for wolfSSL.I-CUBE-wolfMQTT.1.19.0
2026-07-03 13:46:35,442 [WARN] PackLoader:240 - Cannot read IP mode file for WES.I-CUBE-Cesium.1.3.0
2026-07-03 13:46:35,452 [WARN] PackLoader:240 - Cannot read IP mode file for STMicroelectronics.X-CUBE-BLE2.3.3.0
2026-07-03 13:46:35,459 [ERROR] Engine:466 - /home/peter/.stm32cubemx/thirdparties/pdsc/Avnet-IOTCONNECT.X-CUBE-iotc-st67-sdk.1.0.0.pdsc: PDSC version is not supported
2026-07-03 13:46:35,472 [WARN] PackLoader:240 - Cannot read IP mode file for STMicroelectronics.X-CUBE-NFC9.1.0.0
2026-07-03 13:46:35,486 [WARN] PackLoader:240 - Cannot read IP mode file for STMicroelectronics.X-CUBE-BLE1.7.1.0
2026-07-03 13:46:35,500 [WARN] PackLoader:240 - Cannot read IP mode file for STMicroelectronics.X-CUBE-TCPP.4.1.0
2026-07-03 13:46:35,511 [ERROR] Engine:466 - /home/peter/.stm32cubemx/thirdparties/pdsc/STMicroelectronics.X-CUBE-FREERTOS.1.4.0.pdsc: PDSC version is not supported
2026-07-03 13:46:35,527 [WARN] PackLoader:240 - Cannot read IP mode file for STMicroelectronics.X-CUBE-EEPRMA1.5.2.0
2026-07-03 13:46:35,540 [ERROR] Engine:466 - /home/peter/.stm32cubemx/thirdparties/pdsc/STMicroelectronics.X-CUBE-ST67W61.1.1.0.pdsc: PDSC version is not supported
2026-07-03 13:46:35,572 [WARN] PackLoader:240 - Cannot read IP mode file for STMicroelectronics.X-CUBE-AI.10.1.0
2026-07-03 13:46:35,584 [ERROR] Engine:466 - /home/peter/.stm32cubemx/thirdparties/pdsc/STMicroelectronics.FP-SNS-STAIOTCFT.1.1.0.pdsc: PDSC version is not supported
2026-07-03 13:46:35,958 [WARN] PackLoader:240 - Cannot read IP mode file for STMicroelectronics.X-CUBE-MEMS1.12.0.0
2026-07-03 13:46:36,520 [WARN] PackLoader:240 - Cannot read IP mode file for STMicroelectronics.X-CUBE-ALGOBUILD.1.3.0
2026-07-03 13:46:36,716 [WARN] PackLoader:240 - Cannot read IP mode file for STMicroelectronics.X-CUBE-MEMS1.11.2.0
2026-07-03 13:46:37,510 [WARN] PackLoader:240 - Cannot read IP mode file for STMicroelectronics.X-CUBE-AZRTOS-G0.1.1.0
2026-07-03 13:46:37,532 [WARN] PackLoader:240 - Cannot read IP mode file for STMicroelectronics.X-CUBE-SAFEA1.1.2.2
2026-07-03 13:46:37,548 [WARN] PackLoader:240 - Cannot read IP mode file for STMicroelectronics.X-CUBE-NFC4.3.0.0
2026-07-03 13:46:37,555 [WARN] PackLoader:240 - Cannot read IP mode file for wolfSSL.I-CUBE-wolfMQTT.1.18.0
2026-07-03 13:46:37,574 [WARN] PackLoader:240 - Cannot read IP mode file for EmbeddedOffice.I-CUBE-FS-RTOS.1.0.1
2026-07-03 13:46:37,577 [ERROR] ConditionMgr:805 - Attr not supported : Dmpu
2026-07-03 13:46:37,577 [ERROR] ConditionMgr:805 - Attr not supported : Dmpu
2026-07-03 13:46:37,578 [ERROR] ConditionMgr:805 - Attr not supported : Dmpu
2026-07-03 13:46:37,578 [ERROR] ConditionMgr:805 - Attr not supported : Dmpu
2026-07-03 13:46:37,579 [ERROR] ConditionMgr:805 - Attr not supported : Dmpu
2026-07-03 13:46:37,579 [ERROR] ConditionMgr:805 - Attr not supported : Dmpu
2026-07-03 13:46:37,579 [ERROR] ConditionMgr:805 - Attr not supported : Dmpu
2026-07-03 13:46:37,579 [ERROR] ConditionMgr:805 - Attr not supported : Dmpu
2026-07-03 13:46:37,579 [ERROR] ConditionMgr:805 - Attr not supported : Dmpu
2026-07-03 13:46:37,579 [ERROR] ConditionMgr:805 - Attr not supported : Dmpu
2026-07-03 13:46:37,579 [ERROR] ConditionMgr:805 - Attr not supported : Dmpu
2026-07-03 13:46:37,580 [ERROR] ConditionMgr:805 - Attr not supported : Dmpu
2026-07-03 13:46:37,580 [ERROR] ConditionMgr:805 - Attr not supported : Dmpu
2026-07-03 13:46:37,580 [ERROR] ConditionMgr:805 - Attr not supported : Dmpu
2026-07-03 13:46:37,580 [ERROR] ConditionMgr:805 - Attr not supported : Dmpu
2026-07-03 13:46:37,581 [ERROR] ConditionMgr:805 - Attr not supported : Dmpu
2026-07-03 13:46:37,581 [ERROR] ConditionMgr:805 - Attr not supported : Dmpu
2026-07-03 13:46:37,581 [ERROR] ConditionMgr:805 - Attr not supported : Dmpu
2026-07-03 13:46:37,581 [ERROR] ConditionMgr:805 - Attr not supported : Dmpu
2026-07-03 13:46:37,581 [ERROR] ConditionMgr:805 - Attr not supported : Dmpu
2026-07-03 13:46:37,581 [ERROR] ConditionMgr:805 - Attr not supported : Dmpu
2026-07-03 13:46:37,581 [ERROR] ConditionMgr:805 - Attr not supported : Dmpu
2026-07-03 13:46:37,581 [ERROR] ConditionMgr:805 - Attr not supported : Dmpu
2026-07-03 13:46:37,582 [ERROR] ConditionMgr:805 - Attr not supported : Dmpu
2026-07-03 13:46:37,583 [ERROR] ConditionMgr:805 - Attr not supported : Dmpu
2026-07-03 13:46:37,584 [ERROR] ConditionMgr:805 - Attr not supported : Dmpu
2026-07-03 13:46:37,584 [ERROR] ConditionMgr:805 - Attr not supported : Dmpu
2026-07-03 13:46:37,584 [ERROR] ConditionMgr:805 - Attr not supported : Dmpu
2026-07-03 13:46:37,584 [ERROR] ConditionMgr:805 - Attr not supported : Dmpu
2026-07-03 13:46:37,585 [ERROR] ConditionMgr:805 - Attr not supported : Dmpu
2026-07-03 13:46:37,585 [ERROR] ConditionMgr:805 - Attr not supported : Dmpu
2026-07-03 13:46:37,585 [ERROR] ConditionMgr:805 - Attr not supported : Dmpu
2026-07-03 13:46:37,587 [ERROR] ConditionMgr:805 - Attr not supported : Dmpu
2026-07-03 13:46:37,587 [ERROR] ConditionMgr:805 - Attr not supported : Dmpu
2026-07-03 13:46:37,588 [ERROR] ConditionMgr:805 - Attr not supported : Dmpu
2026-07-03 13:46:37,588 [ERROR] ConditionMgr:805 - Attr not supported : Dmpu
2026-07-03 13:46:37,588 [ERROR] ConditionMgr:805 - Attr not supported : Dmpu
2026-07-03 13:46:37,588 [ERROR] ConditionMgr:805 - Attr not supported : Dmpu
2026-07-03 13:46:37,588 [ERROR] ConditionMgr:805 - Attr not supported : Dmpu
2026-07-03 13:46:37,588 [ERROR] ConditionMgr:805 - Attr not supported : Dmpu
2026-07-03 13:46:37,589 [ERROR] ConditionMgr:805 - Attr not supported : Dmpu
2026-07-03 13:46:37,589 [ERROR] ConditionMgr:805 - Attr not supported : Dmpu
2026-07-03 13:46:37,590 [ERROR] ConditionMgr:805 - Attr not supported : Dmpu
2026-07-03 13:46:37,591 [ERROR] ConditionMgr:805 - Attr not supported : Dmpu
2026-07-03 13:46:37,591 [ERROR] ConditionMgr:805 - Attr not supported : Dmpu
2026-07-03 13:46:37,591 [ERROR] ConditionMgr:805 - Attr not supported : Dmpu
2026-07-03 13:46:37,592 [ERROR] ConditionMgr:805 - Attr not supported : Dmpu
2026-07-03 13:46:37,593 [ERROR] ConditionMgr:805 - Attr not supported : Dmpu
2026-07-03 13:46:37,593 [ERROR] ConditionMgr:805 - Attr not supported : Dmpu
2026-07-03 13:46:37,593 [ERROR] ConditionMgr:805 - Attr not supported : Dmpu
2026-07-03 13:46:37,593 [ERROR] ConditionMgr:805 - Attr not supported : Dmpu
2026-07-03 13:46:37,593 [ERROR] ConditionMgr:805 - Attr not supported : Dmpu
2026-07-03 13:46:37,594 [ERROR] ConditionMgr:805 - Attr not supported : Dmpu
2026-07-03 13:46:37,595 [ERROR] ConditionMgr:805 - Attr not supported : Dmpu
2026-07-03 13:46:37,595 [ERROR] ConditionMgr:805 - Attr not supported : Dmpu
2026-07-03 13:46:37,595 [ERROR] ConditionMgr:805 - Attr not supported : Dmpu
2026-07-03 13:46:37,596 [ERROR] ConditionMgr:805 - Attr not supported : Dmpu
2026-07-03 13:46:37,596 [ERROR] ConditionMgr:805 - Attr not supported : Dmpu
2026-07-03 13:46:37,596 [ERROR] ConditionMgr:805 - Attr not supported : Dmpu
2026-07-03 13:46:37,596 [ERROR] ConditionMgr:805 - Attr not supported : Dmpu
2026-07-03 13:46:37,596 [ERROR] ConditionMgr:805 - Attr not supported : Dmpu
2026-07-03 13:46:37,596 [ERROR] ConditionMgr:805 - Attr not supported : Dmpu
2026-07-03 13:46:37,597 [ERROR] ConditionMgr:805 - Attr not supported : Dmpu
2026-07-03 13:46:37,597 [ERROR] ConditionMgr:805 - Attr not supported : Dmpu
2026-07-03 13:46:37,617 [WARN] PackLoader:240 - Cannot read IP mode file for STMicroelectronics.X-CUBE-WB05N.2.0.0
2026-07-03 13:46:37,632 [ERROR] Engine:466 - /home/peter/.stm32cubemx/thirdparties/pdsc/STMicroelectronics.X-CUBE-TCPP.4.2.0.pdsc: PDSC version is not supported
2026-07-03 13:46:37,655 [WARN] PackLoader:240 - Cannot read IP mode file for RealThread.X-CUBE-RT-Thread_Nano.4.1.1
2026-07-03 13:46:37,676 [WARN] PackLoader:240 - Cannot read IP mode file for wolfSSL.I-CUBE-wolfSSL.5.7.0
2026-07-03 13:46:37,692 [WARN] PackLoader:240 - Cannot read IP mode file for STMicroelectronics.FP-ATR-SIGFOX1.3.2.0
2026-07-03 13:46:37,719 [WARN] ConditionMgr:438 - getConditionDescription Invalid condition id : Cortex-A Device cause : null
2026-07-03 13:46:37,772 [WARN] ConditionMgr:1039 - genDependencies : Invalid condition id : Cortex-A Device cause : null
2026-07-03 13:46:37,777 [WARN] ConditionMgr:1039 - genDependencies : Invalid condition id : Cortex-A Device cause : null
2026-07-03 13:46:37,777 [WARN] ConditionMgr:1039 - genDependencies : Invalid condition id : Cortex-A Device cause : null
2026-07-03 13:46:37,796 [WARN] PackLoader:240 - Cannot read IP mode file for STMicroelectronics.X-CUBE-EEPRMA1.5.1.0
2026-07-03 13:46:37,821 [ERROR] Engine:466 - /home/peter/.stm32cubemx/thirdparties/pdsc/STMicroelectronics.X-CUBE-FREERTOS.1.5.0.pdsc: PDSC version is not supported
2026-07-03 13:46:37,855 [WARN] PackLoader:240 - Cannot read IP mode file for ITTIA_DB.I-CUBE-ITTIADB.8.9.0
2026-07-03 13:46:37,910 [WARN] PackLoader:240 - Cannot read IP mode file for STMicroelectronics.X-CUBE-NFC6.3.2.0
2026-07-03 13:46:37,952 [ERROR] Engine:466 - /home/peter/.stm32cubemx/thirdparties/pdsc/STMicroelectronics.X-CUBE-ST67W61.1.0.0.pdsc: PDSC version is not supported
2026-07-03 13:46:37,958 [WARN] PackLoader:240 - Cannot read IP mode file for STMicroelectronics.X-CUBE-AI.10.2.1
2026-07-03 13:46:37,971 [WARN] PackLoader:240 - Cannot read IP mode file for STMicroelectronics.X-CUBE-AI.10.2.0
2026-07-03 13:46:38,270 [WARN] PackLoader:240 - Cannot read IP mode file for STMicroelectronics.X-CUBE-MEMS1.12.1.0
2026-07-03 13:46:38,794 [WARN] PackLoader:240 - Cannot read IP mode file for SEGGER.I-CUBE-embOS.1.3.1
2026-07-03 13:46:38,975 [WARN] PackLoader:240 - Cannot read IP mode file for STMicroelectronics.X-CUBE-ALGOBUILD.1.4.0
2026-07-03 13:46:39,176 [WARN] PackLoader:240 - Cannot read IP mode file for STMicroelectronics.X-CUBE-MEMS1.11.3.0
2026-07-03 13:46:40,214 [WARN] PackLoader:240 - Cannot read IP mode file for STMicroelectronics.X-CUBE-AI.9.1.0
2026-07-03 13:46:40,252 [WARN] PackLoader:240 - Cannot read IP mode file for STMicroelectronics.X-CUBE-NFC13.1.0.0
2026-07-03 13:46:40,286 [WARN] PackLoader:240 - Cannot read IP mode file for STMicroelectronics.X-CUBE-PM33A1.1.0.0
2026-07-03 13:46:40,324 [WARN] PackLoader:240 - Cannot read IP mode file for STMicroelectronics.X-CUBE-GNSS1.6.0.0
2026-07-03 13:46:40,467 [WARN] PackLoader:240 - Cannot read IP mode file for STMicroelectronics.X-CUBE-AZRTOS-F4.1.1.0
2026-07-03 13:46:40,498 [ERROR] Engine:466 - /home/peter/.stm32cubemx/thirdparties/pdsc/Avnet-IotConnect.X-CUBE-IoTC-DA16k-PMOD.1.0.0.pdsc: PDSC version is not supported
2026-07-03 13:46:40,521 [WARN] PackLoader:240 - Cannot read IP mode file for STMicroelectronics.X-CUBE-ISPU.2.1.0
2026-07-03 13:46:40,558 [ERROR] Engine:466 - /home/peter/.stm32cubemx/thirdparties/pdsc/STMicroelectronics.X-CUBE-IPS.3.2.0.pdsc: PDSC version is not supported
2026-07-03 13:46:40,571 [ERROR] Engine:466 - /home/peter/.stm32cubemx/thirdparties/pdsc/STMicroelectronics.eDS-WB_DPC_TT-BIDIR.2.1.1.pdsc: PDSC version is not supported
2026-07-03 13:46:40,595 [WARN] PackLoader:240 - Cannot read IP mode file for STMicroelectronics.X-CUBE-FREERTOS.1.2.0
2026-07-03 13:46:40,615 [WARN] PackLoader:240 - Cannot read IP mode file for STMicroelectronics.X-CUBE-NFC12.1.0.0
2026-07-03 13:46:40,703 [WARN] PackLoader:240 - Cannot read IP mode file for STMicroelectronics.X-CUBE-AZRTOS-L5.2.0.0
2026-07-03 13:46:40,743 [WARN] PackLoader:240 - Cannot read IP mode file for STMicroelectronics.X-CUBE-NFC6.3.1.0
2026-07-03 13:46:40,771 [WARN] PackLoader:240 - Cannot read IP mode file for STMicroelectronics.X-CUBE-ALGOBUILD.1.5.0
2026-07-03 13:46:40,791 [WARN] PackLoader:240 - Cannot read IP mode file for STMicroelectronics.X-CUBE-DPower.1.2.0
2026-07-03 13:46:40,800 [ERROR] Engine:466 - /home/peter/.stm32cubemx/thirdparties/pdsc/STMicroelectronics.eDS-WB_DPC_VIENNA.1.2.0.pdsc: PDSC version is not supported
2026-07-03 13:46:40,807 [ERROR] Engine:466 - /home/peter/.stm32cubemx/thirdparties/pdsc/STMicroelectronics.eDS-WB_DPC_3PH2L-BIDIR.1.1.1.pdsc: PDSC version is not supported
2026-07-03 13:46:40,815 [WARN] PackLoader:240 - Cannot read IP mode file for STMicroelectronics.X-CUBE-AI.9.0.0
2026-07-03 13:46:40,826 [ERROR] Engine:466 - /home/peter/.stm32cubemx/thirdparties/pdsc/STMicroelectronics.X-CUBE-ST67W61.1.3.0.pdsc: PDSC version is not supported
2026-07-03 13:46:40,840 [WARN] PackLoader:240 - Cannot read IP mode file for STMicroelectronics.X-CUBE-FREERTOS.1.3.1
2026-07-03 13:46:40,856 [WARN] PackLoader:240 - Cannot read IP mode file for STMicroelectronics.X-CUBE-FREERTOS.1.3.0
2026-07-03 13:46:40,872 [WARN] PackLoader:240 - Cannot read IP mode file for STMicroelectronics.X-CUBE-NFC7.1.0.1
2026-07-03 13:46:40,889 [WARN] PackLoader:240 - Cannot read IP mode file for wolfSSL.I-CUBE-wolfTPM.3.2.0
2026-07-03 13:46:40,898 [WARN] PackLoader:240 - Cannot read IP mode file for STMicroelectronics.X-CUBE-TOUCHGFX.4.26.0
2026-07-03 13:46:40,913 [WARN] PackLoader:240 - Cannot read IP mode file for STMicroelectronics.X-CUBE-TOUCHGFX.4.26.1
2026-07-03 13:46:40,923 [ERROR] Engine:466 - /home/peter/.stm32cubemx/thirdparties/pdsc/STMicroelectronics.FP-SNS-STAIOTCFT.1.0.0.pdsc: PDSC version is not supported
2026-07-03 13:46:40,935 [WARN] PackLoader:240 - Cannot read IP mode file for STMicroelectronics.X-CUBE-DPower.1.3.0
2026-07-03 13:46:40,959 [WARN] PackLoader:240 - Cannot read IP mode file for STMicroelectronics.X-CUBE-AI.8.1.0
2026-07-03 13:46:41,117 [WARN] ConditionMgr:438 - getConditionDescription Invalid condition id : LAN8742 Phy interface Condition cause : null
2026-07-03 13:46:41,119 [WARN] PackLoader:240 - Cannot read IP mode file for STMicroelectronics.X-CUBE-AZRTOS-L4.2.0.0
2026-07-03 13:46:41,121 [WARN] ConditionMgr:1039 - genDependencies : Invalid condition id : LAN8742 Phy interface Condition cause : null
2026-07-03 13:46:41,121 [WARN] ConditionMgr:1039 - genDependencies : Invalid condition id : LAN8742 Phy interface Condition cause : null
2026-07-03 13:46:41,124 [WARN] ConditionMgr:1039 - genDependencies : Invalid condition id : LAN8742 Phy interface Condition cause : null
2026-07-03 13:46:41,154 [WARN] PackLoader:240 - Cannot read IP mode file for STMicroelectronics.X-CUBE-SFXS2LP1.4.0.0
2026-07-03 13:46:41,172 [WARN] PackLoader:240 - Cannot read IP mode file for STMicroelectronics.X-CUBE-WB05N.2.1.0
2026-07-03 13:46:41,184 [ERROR] Engine:466 - /home/peter/.stm32cubemx/thirdparties/pdsc/STMicroelectronics.X-CUBE-ST67W61.1.2.0.pdsc: PDSC version is not supported
2026-07-03 13:46:41,297 [WARN] PackLoader:240 - Cannot read IP mode file for STMicroelectronics.X-CUBE-AZRTOS-H7.3.3.0
2026-07-03 13:46:41,313 [ERROR] Engine:466 - /home/peter/.stm32cubemx/thirdparties/pdsc/STMicroelectronics.X-CUBE-BLEMGR.4.1.0.pdsc: PDSC version is not supported
2026-07-03 13:46:41,354 [WARN] PackLoader:240 - Cannot read IP mode file for STMicroelectronics.X-CUBE-IPS.3.0.0
2026-07-03 13:46:41,437 [WARN] ConditionMgr:438 - getConditionDescription Invalid condition id : UX DEVICE CLASS RTOS Condition cause : null
2026-07-03 13:46:41,438 [WARN] ConditionMgr:438 - getConditionDescription Invalid condition id : UX DEVICE CLASS RTOS Condition cause : null
2026-07-03 13:46:41,449 [WARN] PackLoader:240 - Cannot read IP mode file for STMicroelectronics.X-CUBE-AZRTOS-WB.2.0.0
2026-07-03 13:46:41,452 [WARN] ConditionMgr:1039 - genDependencies : Invalid condition id : UX DEVICE CLASS RTOS Condition cause : null
2026-07-03 13:46:41,453 [WARN] ConditionMgr:1039 - genDependencies : Invalid condition id : UX DEVICE CLASS RTOS Condition cause : null
2026-07-03 13:46:41,462 [WARN] ConditionMgr:1039 - genDependencies : Invalid condition id : UX DEVICE CLASS RTOS Condition cause : null
2026-07-03 13:46:41,463 [WARN] ConditionMgr:1039 - genDependencies : Invalid condition id : UX DEVICE CLASS RTOS Condition cause : null
2026-07-03 13:46:41,465 [WARN] ConditionMgr:1039 - genDependencies : Invalid condition id : UX DEVICE CLASS RTOS Condition cause : null
2026-07-03 13:46:41,496 [WARN] PackLoader:240 - Cannot read IP mode file for STMicroelectronics.X-CUBE-GNSS1.7.0.0
2026-07-03 13:46:41,520 [WARN] PackLoader:240 - Cannot read IP mode file for STMicroelectronics.X-CUBE-GNSS1.7.0.1
2026-07-03 13:46:41,541 [WARN] PackLoader:240 - Cannot read IP mode file for STMicroelectronics.X-CUBE-TOUCHGFX.4.25.0
2026-07-03 13:46:41,571 [WARN] PackLoader:240 - Cannot read IP mode file for STMicroelectronics.FP-SNS-STBOX1.2.0.0
2026-07-03 13:46:41,590 [WARN] PackLoader:240 - Cannot read IP mode file for STMicroelectronics.X-CUBE-STSE01.2.0.0
2026-07-03 13:46:41,622 [WARN] PackLoader:240 - Cannot read IP mode file for STMicroelectronics.X-CUBE-SUBG2.5.0.0
2026-07-03 13:46:41,744 [WARN] PackLoader:240 - Cannot read IP mode file for STMicroelectronics.X-CUBE-AZRTOS-H7RS.1.1.0
2026-07-03 13:46:41,772 [WARN] PackLoader:240 - Cannot read IP mode file for Cesanta.I-CUBE-Mongoose.7.13.0
2026-07-03 13:46:41,826 [WARN] PackLoader:240 - Cannot read IP mode file for STMicroelectronics.X-CUBE-AZRTOS-G4.2.0.0
2026-07-03 13:46:41,847 [WARN] PackLoader:240 - Cannot read IP mode file for STMicroelectronics.X-CUBE-NFC7.2.0.0
2026-07-03 13:46:41,858 [WARN] PackLoader:240 - Cannot read IP mode file for STMicroelectronics.FP-SNS-MOTENVWB1.1.3.1
2026-07-03 13:46:41,871 [WARN] PackLoader:240 - Cannot read IP mode file for STMicroelectronics.X-CUBE-ISPU.2.0.0
2026-07-03 13:46:41,893 [ERROR] Engine:466 - /home/peter/.stm32cubemx/thirdparties/pdsc/STMicroelectronics.X-CUBE-IPS.3.1.0.pdsc: PDSC version is not supported
2026-07-03 13:46:41,901 [ERROR] Engine:466 - /home/peter/.stm32cubemx/thirdparties/pdsc/STMicroelectronics.X-CUBE-BLEMGR.4.2.0.pdsc: PDSC version is not supported
2026-07-03 13:46:41,916 [WARN] PackLoader:240 - Cannot read IP mode file for STMicroelectronics.X-CUBE-ALS.1.0.2
2026-07-03 13:46:42,124 [WARN] PackLoader:240 - Cannot read IP mode file for STMicroelectronics.X-CUBE-MEMS1.10.0.0
2026-07-03 13:46:42,630 [WARN] PackLoader:240 - Cannot read IP mode file for STMicroelectronics.X-CUBE-FREERTOS.1.1.0
2026-07-03 13:46:42,642 [WARN] PackLoader:240 - Cannot read IP mode file for STMicroelectronics.X-CUBE-TOUCHGFX.4.24.0
2026-07-03 13:46:42,654 [WARN] PackLoader:240 - Cannot read IP mode file for STMicroelectronics.X-CUBE-TOUCHGFX.4.24.2
2026-07-03 13:46:42,666 [WARN] PackLoader:240 - Cannot read IP mode file for STMicroelectronics.X-CUBE-TOUCHGFX.4.24.1
2026-07-03 13:46:42,685 [WARN] PackLoader:240 - Cannot read IP mode file for STMicroelectronics.X-CUBE-STSE01.1.0.0
2026-07-03 13:46:42,707 [WARN] PackLoader:240 - Cannot read IP mode file for portGmbH.I-Cube-SoM-uGOAL.1.1.0
2026-07-03 13:46:42,723 [WARN] PackLoader:240 - Cannot read IP mode file for STMicroelectronics.X-CUBE-ALS.1.0.1
2026-07-03 13:46:42,797 [WARN] PackLoader:240 - Cannot read IP mode file for STMicroelectronics.X-CUBE-AZRTOS-H7RS.1.0.0
2026-07-03 13:46:42,811 [WARN] PackLoader:240 - Cannot read IP mode file for STMicroelectronics.FP-ATR-ASTRA1.2.0.0
2026-07-03 13:46:42,855 [WARN] PackLoader:240 - Cannot read IP mode file for STMicroelectronics.X-CUBE-TOF1.3.4.2
2026-07-03 13:46:43,038 [ERROR] Engine:466 - /home/peter/.stm32cubemx/thirdparties/pdsc/STMicroelectronics.X-CUBE-TOF1.3.4.3.pdsc: PDSC version is not supported
2026-07-03 13:46:43,119 [WARN] PackLoader:240 - Cannot read IP mode file for STMicroelectronics.X-CUBE-TOF1.3.4.1
2026-07-03 13:46:43,253 [WARN] PackLoader:240 - Cannot read IP mode file for STMicroelectronics.X-CUBE-AZRTOS-H7.3.2.0
2026-07-03 13:46:43,313 [WARN] PackLoader:240 - Cannot read IP mode file for Infineon.AIROC-Wi-Fi-Bluetooth-STM32.1.6.0
2026-07-03 13:46:43,337 [WARN] PackLoader:240 - Cannot read IP mode file for wolfSSL.I-CUBE-wolfSSH.1.4.17
2026-07-03 13:46:43,338 [INFO] ThirdParty:978 - Integrity check success = true
2026-07-03 13:46:43,338 [INFO] IntegrityCheckThread:100 - exiting critical section [integrity check]
2026-07-03 13:46:43,338 [INFO] IntegrityCheckThread:103 - End integrity checks thread
2026-07-03 13:46:59,676 [ERROR] LogOutputStream:75 - [STDERR_REDIRECT] Jul 03, 2026 1:46:59 PM java.util.prefs.FileSystemPreferences checkLockFile0ErrorCode
2026-07-03 13:46:59,680 [ERROR] LogOutputStream:75 - [STDERR_REDIRECT] WARNING: Could not lock System prefs. Unix error code 29467.
2026-07-03 13:46:59,680 [ERROR] LogOutputStream:75 - [STDERR_REDIRECT] 
2026-07-03 13:46:59,685 [ERROR] LogOutputStream:75 - [STDERR_REDIRECT] Jul 03, 2026 1:46:59 PM java.util.prefs.FileSystemPreferences syncWorld
2026-07-03 13:46:59,686 [ERROR] LogOutputStream:75 - [STDERR_REDIRECT] WARNING: Couldn't flush system prefs: java.util.prefs.BackingStoreException: Couldn't get file lock.
2026-07-03 13:46:59,686 [ERROR] LogOutputStream:75 - [STDERR_REDIRECT] 
2026-07-03 13:47:29,683 [ERROR] LogOutputStream:75 - [STDERR_REDIRECT] Jul 03, 2026 1:47:29 PM java.util.prefs.FileSystemPreferences checkLockFile0ErrorCode
2026-07-03 13:47:29,688 [ERROR] LogOutputStream:75 - [STDERR_REDIRECT] WARNING: Could not lock System prefs. Unix error code 29467.
2026-07-03 13:47:29,688 [ERROR] LogOutputStream:75 - [STDERR_REDIRECT] 
2026-07-03 13:47:29,689 [ERROR] LogOutputStream:75 - [STDERR_REDIRECT] Jul 03, 2026 1:47:29 PM java.util.prefs.FileSystemPreferences syncWorld
2026-07-03 13:47:29,689 [ERROR] LogOutputStream:75 - [STDERR_REDIRECT] WARNING: Couldn't flush system prefs: java.util.prefs.BackingStoreException: Couldn't get file lock.
2026-07-03 13:47:29,690 [ERROR] LogOutputStream:75 - [STDERR_REDIRECT] 
2026-07-03 13:47:59,682 [ERROR] LogOutputStream:75 - [STDERR_REDIRECT] Jul 03, 2026 1:47:59 PM java.util.prefs.FileSystemPreferences checkLockFile0ErrorCode
2026-07-03 13:47:59,683 [ERROR] LogOutputStream:75 - [STDERR_REDIRECT] WARNING: Could not lock System prefs. Unix error code 29467.
2026-07-03 13:47:59,690 [ERROR] LogOutputStream:75 - [STDERR_REDIRECT] 
2026-07-03 13:47:59,692 [ERROR] LogOutputStream:75 - [STDERR_REDIRECT] Jul 03, 2026 1:47:59 PM java.util.prefs.FileSystemPreferences syncWorld
2026-07-03 13:47:59,697 [ERROR] LogOutputStream:75 - [STDERR_REDIRECT] WARNING: Couldn't flush system prefs: java.util.prefs.BackingStoreException: Couldn't get file lock.
2026-07-03 13:47:59,697 [ERROR] LogOutputStream:75 - [STDERR_REDIRECT] 
2026-07-03 13:48:29,686 [ERROR] LogOutputStream:75 - [STDERR_REDIRECT] Jul 03, 2026 1:48:29 PM java.util.prefs.FileSystemPreferences checkLockFile0ErrorCode
2026-07-03 13:48:29,692 [ERROR] LogOutputStream:75 - [STDERR_REDIRECT] WARNING: Could not lock System prefs. Unix error code 29467.
2026-07-03 13:48:29,692 [ERROR] LogOutputStream:75 - [STDERR_REDIRECT] 
2026-07-03 13:48:29,696 [ERROR] LogOutputStream:75 - [STDERR_REDIRECT] Jul 03, 2026 1:48:29 PM java.util.prefs.FileSystemPreferences syncWorld
2026-07-03 13:48:29,706 [ERROR] LogOutputStream:75 - [STDERR_REDIRECT] WARNING: Couldn't flush system prefs: java.util.prefs.BackingStoreException: Couldn't get file lock.
2026-07-03 13:48:29,707 [ERROR] LogOutputStream:75 - [STDERR_REDIRECT] 
2026-07-03 13:48:59,701 [ERROR] LogOutputStream:75 - [STDERR_REDIRECT] Jul 03, 2026 1:48:59 PM java.util.prefs.FileSystemPreferences checkLockFile0ErrorCode
2026-07-03 13:48:59,704 [ERROR] LogOutputStream:75 - [STDERR_REDIRECT] WARNING: Could not lock System prefs. Unix error code 0.
2026-07-03 13:48:59,706 [ERROR] LogOutputStream:75 - [STDERR_REDIRECT] 
2026-07-03 13:48:59,707 [ERROR] LogOutputStream:75 - [STDERR_REDIRECT] Jul 03, 2026 1:48:59 PM java.util.prefs.FileSystemPreferences syncWorld
2026-07-03 13:48:59,709 [ERROR] LogOutputStream:75 - [STDERR_REDIRECT] WARNING: Couldn't flush system prefs: java.util.prefs.BackingStoreException: Couldn't get file lock.
2026-07-03 13:48:59,710 [ERROR] LogOutputStream:75 - [STDERR_REDIRECT] 
2026-07-03 13:49:29,702 [ERROR] LogOutputStream:75 - [STDERR_REDIRECT] Jul 03, 2026 1:49:29 PM java.util.prefs.FileSystemPreferences checkLockFile0ErrorCode
2026-07-03 13:49:29,702 [ERROR] LogOutputStream:75 - [STDERR_REDIRECT] WARNING: Could not lock System prefs. Unix error code 0.
2026-07-03 13:49:29,703 [ERROR] LogOutputStream:75 - [STDERR_REDIRECT] 
2026-07-03 13:49:29,706 [ERROR] LogOutputStream:75 - [STDERR_REDIRECT] Jul 03, 2026 1:49:29 PM java.util.prefs.FileSystemPreferences syncWorld
2026-07-03 13:49:29,707 [ERROR] LogOutputStream:75 - [STDERR_REDIRECT] WARNING: Couldn't flush system prefs: java.util.prefs.BackingStoreException: Couldn't get file lock.
2026-07-03 13:49:29,707 [ERROR] LogOutputStream:75 - [STDERR_REDIRECT] 
2026-07-03 13:49:59,684 [ERROR] LogOutputStream:75 - [STDERR_REDIRECT] Jul 03, 2026 1:49:59 PM java.util.prefs.FileSystemPreferences checkLockFile0ErrorCode
2026-07-03 13:49:59,684 [ERROR] LogOutputStream:75 - [STDERR_REDIRECT] WARNING: Could not lock System prefs. Unix error code 0.
2026-07-03 13:49:59,684 [ERROR] LogOutputStream:75 - [STDERR_REDIRECT] 
2026-07-03 13:49:59,692 [ERROR] LogOutputStream:75 - [STDERR_REDIRECT] Jul 03, 2026 1:49:59 PM java.util.prefs.FileSystemPreferences syncWorld
2026-07-03 13:49:59,693 [ERROR] LogOutputStream:75 - [STDERR_REDIRECT] WARNING: Couldn't flush system prefs: java.util.prefs.BackingStoreException: Couldn't get file lock.
2026-07-03 13:49:59,693 [ERROR] LogOutputStream:75 - [STDERR_REDIRECT] 
2026-07-03 13:50:29,693 [ERROR] LogOutputStream:75 - [STDERR_REDIRECT] Jul 03, 2026 1:50:29 PM java.util.prefs.FileSystemPreferences checkLockFile0ErrorCode
2026-07-03 13:50:29,693 [ERROR] LogOutputStream:75 - [STDERR_REDIRECT] WARNING: Could not lock System prefs. Unix error code 0.
2026-07-03 13:50:29,694 [ERROR] LogOutputStream:75 - [STDERR_REDIRECT] 
2026-07-03 13:50:29,696 [ERROR] LogOutputStream:75 - [STDERR_REDIRECT] Jul 03, 2026 1:50:29 PM java.util.prefs.FileSystemPreferences syncWorld
2026-07-03 13:50:29,697 [ERROR] LogOutputStream:75 - [STDERR_REDIRECT] WARNING: Couldn't flush system prefs: java.util.prefs.BackingStoreException: Couldn't get file lock.
2026-07-03 13:50:29,697 [ERROR] LogOutputStream:75 - [STDERR_REDIRECT] 
2026-07-03 13:50:59,704 [ERROR] LogOutputStream:75 - [STDERR_REDIRECT] Jul 03, 2026 1:50:59 PM java.util.prefs.FileSystemPreferences checkLockFile0ErrorCode
2026-07-03 13:50:59,712 [ERROR] LogOutputStream:75 - [STDERR_REDIRECT] WARNING: Could not lock System prefs. Unix error code 29467.
2026-07-03 13:50:59,712 [ERROR] LogOutputStream:75 - [STDERR_REDIRECT] 
2026-07-03 13:50:59,713 [ERROR] LogOutputStream:75 - [STDERR_REDIRECT] Jul 03, 2026 1:50:59 PM java.util.prefs.FileSystemPreferences syncWorld
2026-07-03 13:50:59,718 [ERROR] LogOutputStream:75 - [STDERR_REDIRECT] WARNING: Couldn't flush system prefs: java.util.prefs.BackingStoreException: Couldn't get file lock.
2026-07-03 13:50:59,718 [ERROR] LogOutputStream:75 - [STDERR_REDIRECT] 
2026-07-03 13:51:29,695 [ERROR] LogOutputStream:75 - [STDERR_REDIRECT] Jul 03, 2026 1:51:29 PM java.util.prefs.FileSystemPreferences checkLockFile0ErrorCode
2026-07-03 13:51:29,702 [ERROR] LogOutputStream:75 - [STDERR_REDIRECT] WARNING: Could not lock System prefs. Unix error code 29467.
2026-07-03 13:51:29,703 [ERROR] LogOutputStream:75 - [STDERR_REDIRECT] 
2026-07-03 13:51:29,711 [ERROR] LogOutputStream:75 - [STDERR_REDIRECT] Jul 03, 2026 1:51:29 PM java.util.prefs.FileSystemPreferences syncWorld
2026-07-03 13:51:29,712 [ERROR] LogOutputStream:75 - [STDERR_REDIRECT] WARNING: Couldn't flush system prefs: java.util.prefs.BackingStoreException: Couldn't get file lock.
2026-07-03 13:51:29,713 [ERROR] LogOutputStream:75 - [STDERR_REDIRECT] 
2026-07-03 13:51:59,693 [ERROR] LogOutputStream:75 - [STDERR_REDIRECT] Jul 03, 2026 1:51:59 PM java.util.prefs.FileSystemPreferences checkLockFile0ErrorCode
2026-07-03 13:51:59,694 [ERROR] LogOutputStream:75 - [STDERR_REDIRECT] WARNING: Could not lock System prefs. Unix error code 29467.
2026-07-03 13:51:59,694 [ERROR] LogOutputStream:75 - [STDERR_REDIRECT] 
2026-07-03 13:51:59,699 [ERROR] LogOutputStream:75 - [STDERR_REDIRECT] Jul 03, 2026 1:51:59 PM java.util.prefs.FileSystemPreferences syncWorld
2026-07-03 13:51:59,699 [ERROR] LogOutputStream:75 - [STDERR_REDIRECT] WARNING: Couldn't flush system prefs: java.util.prefs.BackingStoreException: Couldn't get file lock.
2026-07-03 13:51:59,700 [ERROR] LogOutputStream:75 - [STDERR_REDIRECT] 
2026-07-03 13:52:29,696 [ERROR] LogOutputStream:75 - [STDERR_REDIRECT] Jul 03, 2026 1:52:29 PM java.util.prefs.FileSystemPreferences checkLockFile0ErrorCode
2026-07-03 13:52:29,697 [ERROR] LogOutputStream:75 - [STDERR_REDIRECT] WARNING: Could not lock System prefs. Unix error code 29467.
2026-07-03 13:52:29,699 [ERROR] LogOutputStream:75 - [STDERR_REDIRECT] 
2026-07-03 13:52:29,702 [ERROR] LogOutputStream:75 - [STDERR_REDIRECT] Jul 03, 2026 1:52:29 PM java.util.prefs.FileSystemPreferences syncWorld
2026-07-03 13:52:29,704 [ERROR] LogOutputStream:75 - [STDERR_REDIRECT] WARNING: Couldn't flush system prefs: java.util.prefs.BackingStoreException: Couldn't get file lock.
2026-07-03 13:52:29,706 [ERROR] LogOutputStream:75 - [STDERR_REDIRECT] 
2026-07-03 13:52:59,695 [ERROR] LogOutputStream:75 - [STDERR_REDIRECT] Jul 03, 2026 1:52:59 PM java.util.prefs.FileSystemPreferences checkLockFile0ErrorCode
2026-07-03 13:52:59,695 [ERROR] LogOutputStream:75 - [STDERR_REDIRECT] WARNING: Could not lock System prefs. Unix error code 29467.
2026-07-03 13:52:59,696 [ERROR] LogOutputStream:75 - [STDERR_REDIRECT] 
2026-07-03 13:52:59,699 [ERROR] LogOutputStream:75 - [STDERR_REDIRECT] Jul 03, 2026 1:52:59 PM java.util.prefs.FileSystemPreferences syncWorld
2026-07-03 13:52:59,700 [ERROR] LogOutputStream:75 - [STDERR_REDIRECT] WARNING: Couldn't flush system prefs: java.util.prefs.BackingStoreException: Couldn't get file lock.
2026-07-03 13:52:59,700 [ERROR] LogOutputStream:75 - [STDERR_REDIRECT] 
2026-07-03 13:53:29,698 [ERROR] LogOutputStream:75 - [STDERR_REDIRECT] Jul 03, 2026 1:53:29 PM java.util.prefs.FileSystemPreferences checkLockFile0ErrorCode
2026-07-03 13:53:29,698 [ERROR] LogOutputStream:75 - [STDERR_REDIRECT] WARNING: Could not lock System prefs. Unix error code 29467.
2026-07-03 13:53:29,699 [ERROR] LogOutputStream:75 - [STDERR_REDIRECT] 
2026-07-03 13:53:29,701 [ERROR] LogOutputStream:75 - [STDERR_REDIRECT] Jul 03, 2026 1:53:29 PM java.util.prefs.FileSystemPreferences syncWorld
2026-07-03 13:53:29,702 [ERROR] LogOutputStream:75 - [STDERR_REDIRECT] WARNING: Couldn't flush system prefs: java.util.prefs.BackingStoreException: Couldn't get file lock.
2026-07-03 13:53:29,702 [ERROR] LogOutputStream:75 - [STDERR_REDIRECT] 
2026-07-03 13:53:59,699 [ERROR] LogOutputStream:75 - [STDERR_REDIRECT] Jul 03, 2026 1:53:59 PM java.util.prefs.FileSystemPreferences checkLockFile0ErrorCode
2026-07-03 13:53:59,699 [ERROR] LogOutputStream:75 - [STDERR_REDIRECT] WARNING: Could not lock System prefs. Unix error code 29467.
2026-07-03 13:53:59,699 [ERROR] LogOutputStream:75 - [STDERR_REDIRECT] 
2026-07-03 13:53:59,703 [ERROR] LogOutputStream:75 - [STDERR_REDIRECT] Jul 03, 2026 1:53:59 PM java.util.prefs.FileSystemPreferences syncWorld
2026-07-03 13:53:59,705 [ERROR] LogOutputStream:75 - [STDERR_REDIRECT] WARNING: Couldn't flush system prefs: java.util.prefs.BackingStoreException: Couldn't get file lock.
2026-07-03 13:53:59,706 [ERROR] LogOutputStream:75 - [STDERR_REDIRECT] 
2026-07-03 13:54:29,699 [ERROR] LogOutputStream:75 - [STDERR_REDIRECT] Jul 03, 2026 1:54:29 PM java.util.prefs.FileSystemPreferences checkLockFile0ErrorCode
2026-07-03 13:54:29,701 [ERROR] LogOutputStream:75 - [STDERR_REDIRECT] WARNING: Could not lock System prefs. Unix error code 29467.
2026-07-03 13:54:29,701 [ERROR] LogOutputStream:75 - [STDERR_REDIRECT] 
2026-07-03 13:54:29,702 [ERROR] LogOutputStream:75 - [STDERR_REDIRECT] Jul 03, 2026 1:54:29 PM java.util.prefs.FileSystemPreferences syncWorld
2026-07-03 13:54:29,702 [ERROR] LogOutputStream:75 - [STDERR_REDIRECT] WARNING: Couldn't flush system prefs: java.util.prefs.BackingStoreException: Couldn't get file lock.
2026-07-03 13:54:29,703 [ERROR] LogOutputStream:75 - [STDERR_REDIRECT] 
2026-07-03 13:54:59,717 [ERROR] LogOutputStream:75 - [STDERR_REDIRECT] Jul 03, 2026 1:54:59 PM java.util.prefs.FileSystemPreferences checkLockFile0ErrorCode
2026-07-03 13:54:59,717 [ERROR] LogOutputStream:75 - [STDERR_REDIRECT] WARNING: Could not lock System prefs. Unix error code 29467.
2026-07-03 13:54:59,717 [ERROR] LogOutputStream:75 - [STDERR_REDIRECT] 
2026-07-03 13:54:59,720 [ERROR] LogOutputStream:75 - [STDERR_REDIRECT] Jul 03, 2026 1:54:59 PM java.util.prefs.FileSystemPreferences syncWorld
2026-07-03 13:54:59,721 [ERROR] LogOutputStream:75 - [STDERR_REDIRECT] WARNING: Couldn't flush system prefs: java.util.prefs.BackingStoreException: Couldn't get file lock.
2026-07-03 13:54:59,721 [ERROR] LogOutputStream:75 - [STDERR_REDIRECT] 
2026-07-03 13:55:29,700 [ERROR] LogOutputStream:75 - [STDERR_REDIRECT] Jul 03, 2026 1:55:29 PM java.util.prefs.FileSystemPreferences checkLockFile0ErrorCode
2026-07-03 13:55:29,706 [ERROR] LogOutputStream:75 - [STDERR_REDIRECT] WARNING: Could not lock System prefs. Unix error code 29467.
2026-07-03 13:55:29,707 [ERROR] LogOutputStream:75 - [STDERR_REDIRECT] 
2026-07-03 13:55:29,711 [ERROR] LogOutputStream:75 - [STDERR_REDIRECT] Jul 03, 2026 1:55:29 PM java.util.prefs.FileSystemPreferences syncWorld
2026-07-03 13:55:29,711 [ERROR] LogOutputStream:75 - [STDERR_REDIRECT] WARNING: Couldn't flush system prefs: java.util.prefs.BackingStoreException: Couldn't get file lock.
2026-07-03 13:55:29,714 [ERROR] LogOutputStream:75 - [STDERR_REDIRECT] 
2026-07-03 13:55:59,702 [ERROR] LogOutputStream:75 - [STDERR_REDIRECT] Jul 03, 2026 1:55:59 PM java.util.prefs.FileSystemPreferences checkLockFile0ErrorCode
2026-07-03 13:55:59,702 [ERROR] LogOutputStream:75 - [STDERR_REDIRECT] WARNING: Could not lock System prefs. Unix error code 29467.
2026-07-03 13:55:59,704 [ERROR] LogOutputStream:75 - [STDERR_REDIRECT] 
2026-07-03 13:55:59,706 [ERROR] LogOutputStream:75 - [STDERR_REDIRECT] Jul 03, 2026 1:55:59 PM java.util.prefs.FileSystemPreferences syncWorld
2026-07-03 13:55:59,706 [ERROR] LogOutputStream:75 - [STDERR_REDIRECT] WARNING: Couldn't flush system prefs: java.util.prefs.BackingStoreException: Couldn't get file lock.
2026-07-03 13:55:59,706 [ERROR] LogOutputStream:75 - [STDERR_REDIRECT] 
2026-07-03 13:56:29,701 [ERROR] LogOutputStream:75 - [STDERR_REDIRECT] Jul 03, 2026 1:56:29 PM java.util.prefs.FileSystemPreferences checkLockFile0ErrorCode
2026-07-03 13:56:29,703 [ERROR] LogOutputStream:75 - [STDERR_REDIRECT] WARNING: Could not lock System prefs. Unix error code 29467.
2026-07-03 13:56:29,704 [ERROR] LogOutputStream:75 - [STDERR_REDIRECT] 
2026-07-03 13:56:29,707 [ERROR] LogOutputStream:75 - [STDERR_REDIRECT] Jul 03, 2026 1:56:29 PM java.util.prefs.FileSystemPreferences syncWorld
2026-07-03 13:56:29,707 [ERROR] LogOutputStream:75 - [STDERR_REDIRECT] WARNING: Couldn't flush system prefs: java.util.prefs.BackingStoreException: Couldn't get file lock.
2026-07-03 13:56:29,707 [ERROR] LogOutputStream:75 - [STDERR_REDIRECT] 
2026-07-03 13:56:59,707 [ERROR] LogOutputStream:75 - [STDERR_REDIRECT] Jul 03, 2026 1:56:59 PM java.util.prefs.FileSystemPreferences checkLockFile0ErrorCode
2026-07-03 13:56:59,707 [ERROR] LogOutputStream:75 - [STDERR_REDIRECT] WARNING: Could not lock System prefs. Unix error code 29467.
2026-07-03 13:56:59,707 [ERROR] LogOutputStream:75 - [STDERR_REDIRECT] 
2026-07-03 13:56:59,708 [ERROR] LogOutputStream:75 - [STDERR_REDIRECT] Jul 03, 2026 1:56:59 PM java.util.prefs.FileSystemPreferences syncWorld
2026-07-03 13:56:59,708 [ERROR] LogOutputStream:75 - [STDERR_REDIRECT] WARNING: Couldn't flush system prefs: java.util.prefs.BackingStoreException: Couldn't get file lock.
2026-07-03 13:56:59,708 [ERROR] LogOutputStream:75 - [STDERR_REDIRECT] 
2026-07-03 13:57:29,706 [ERROR] LogOutputStream:75 - [STDERR_REDIRECT] Jul 03, 2026 1:57:29 PM java.util.prefs.FileSystemPreferences checkLockFile0ErrorCode
2026-07-03 13:57:29,710 [ERROR] LogOutputStream:75 - [STDERR_REDIRECT] WARNING: Could not lock System prefs. Unix error code 29467.
2026-07-03 13:57:29,714 [ERROR] LogOutputStream:75 - [STDERR_REDIRECT] 
2026-07-03 13:57:29,715 [ERROR] LogOutputStream:75 - [STDERR_REDIRECT] Jul 03, 2026 1:57:29 PM java.util.prefs.FileSystemPreferences syncWorld
2026-07-03 13:57:29,716 [ERROR] LogOutputStream:75 - [STDERR_REDIRECT] WARNING: Couldn't flush system prefs: java.util.prefs.BackingStoreException: Couldn't get file lock.
2026-07-03 13:57:29,716 [ERROR] LogOutputStream:75 - [STDERR_REDIRECT] 
2026-07-03 13:57:59,707 [ERROR] LogOutputStream:75 - [STDERR_REDIRECT] Jul 03, 2026 1:57:59 PM java.util.prefs.FileSystemPreferences checkLockFile0ErrorCode
2026-07-03 13:57:59,708 [ERROR] LogOutputStream:75 - [STDERR_REDIRECT] WARNING: Could not lock System prefs. Unix error code 29467.
2026-07-03 13:57:59,711 [ERROR] LogOutputStream:75 - [STDERR_REDIRECT] 
2026-07-03 13:57:59,712 [ERROR] LogOutputStream:75 - [STDERR_REDIRECT] Jul 03, 2026 1:57:59 PM java.util.prefs.FileSystemPreferences syncWorld
2026-07-03 13:57:59,714 [ERROR] LogOutputStream:75 - [STDERR_REDIRECT] WARNING: Couldn't flush system prefs: java.util.prefs.BackingStoreException: Couldn't get file lock.
2026-07-03 13:57:59,714 [ERROR] LogOutputStream:75 - [STDERR_REDIRECT] 
2026-07-03 13:58:29,705 [ERROR] LogOutputStream:75 - [STDERR_REDIRECT] Jul 03, 2026 1:58:29 PM java.util.prefs.FileSystemPreferences checkLockFile0ErrorCode
2026-07-03 13:58:29,705 [ERROR] LogOutputStream:75 - [STDERR_REDIRECT] WARNING: Could not lock System prefs. Unix error code 29467.
2026-07-03 13:58:29,706 [ERROR] LogOutputStream:75 - [STDERR_REDIRECT] 
2026-07-03 13:58:29,710 [ERROR] LogOutputStream:75 - [STDERR_REDIRECT] Jul 03, 2026 1:58:29 PM java.util.prefs.FileSystemPreferences syncWorld
2026-07-03 13:58:29,712 [ERROR] LogOutputStream:75 - [STDERR_REDIRECT] WARNING: Couldn't flush system prefs: java.util.prefs.BackingStoreException: Couldn't get file lock.
2026-07-03 13:58:29,715 [ERROR] LogOutputStream:75 - [STDERR_REDIRECT] 
2026-07-03 13:58:59,705 [ERROR] LogOutputStream:75 - [STDERR_REDIRECT] Jul 03, 2026 1:58:59 PM java.util.prefs.FileSystemPreferences checkLockFile0ErrorCode
2026-07-03 13:58:59,705 [ERROR] LogOutputStream:75 - [STDERR_REDIRECT] WARNING: Could not lock System prefs. Unix error code 29467.
2026-07-03 13:58:59,705 [ERROR] LogOutputStream:75 - [STDERR_REDIRECT] 
2026-07-03 13:58:59,710 [ERROR] LogOutputStream:75 - [STDERR_REDIRECT] Jul 03, 2026 1:58:59 PM java.util.prefs.FileSystemPreferences syncWorld
2026-07-03 13:58:59,714 [ERROR] LogOutputStream:75 - [STDERR_REDIRECT] WARNING: Couldn't flush system prefs: java.util.prefs.BackingStoreException: Couldn't get file lock.
2026-07-03 13:58:59,715 [ERROR] LogOutputStream:75 - [STDERR_REDIRECT] 
2026-07-03 13:59:29,735 [ERROR] LogOutputStream:75 - [STDERR_REDIRECT] Jul 03, 2026 1:59:29 PM java.util.prefs.FileSystemPreferences checkLockFile0ErrorCode
2026-07-03 13:59:29,737 [ERROR] LogOutputStream:75 - [STDERR_REDIRECT] WARNING: Could not lock System prefs. Unix error code 29467.
2026-07-03 13:59:29,737 [ERROR] LogOutputStream:75 - [STDERR_REDIRECT] 
2026-07-03 13:59:29,740 [ERROR] LogOutputStream:75 - [STDERR_REDIRECT] Jul 03, 2026 1:59:29 PM java.util.prefs.FileSystemPreferences syncWorld
2026-07-03 13:59:29,742 [ERROR] LogOutputStream:75 - [STDERR_REDIRECT] WARNING: Couldn't flush system prefs: java.util.prefs.BackingStoreException: Couldn't get file lock.
2026-07-03 13:59:29,742 [ERROR] LogOutputStream:75 - [STDERR_REDIRECT] 
2026-07-03 13:59:59,711 [ERROR] LogOutputStream:75 - [STDERR_REDIRECT] Jul 03, 2026 1:59:59 PM java.util.prefs.FileSystemPreferences checkLockFile0ErrorCode
2026-07-03 13:59:59,711 [ERROR] LogOutputStream:75 - [STDERR_REDIRECT] WARNING: Could not lock System prefs. Unix error code 29467.
2026-07-03 13:59:59,712 [ERROR] LogOutputStream:75 - [STDERR_REDIRECT] 
2026-07-03 13:59:59,715 [ERROR] LogOutputStream:75 - [STDERR_REDIRECT] Jul 03, 2026 1:59:59 PM java.util.prefs.FileSystemPreferences syncWorld
2026-07-03 13:59:59,715 [ERROR] LogOutputStream:75 - [STDERR_REDIRECT] WARNING: Couldn't flush system prefs: java.util.prefs.BackingStoreException: Couldn't get file lock.
2026-07-03 13:59:59,716 [ERROR] LogOutputStream:75 - [STDERR_REDIRECT] 
2026-07-03 14:00:29,708 [ERROR] LogOutputStream:75 - [STDERR_REDIRECT] Jul 03, 2026 2:00:29 PM java.util.prefs.FileSystemPreferences checkLockFile0ErrorCode
2026-07-03 14:00:29,709 [ERROR] LogOutputStream:75 - [STDERR_REDIRECT] WARNING: Could not lock System prefs. Unix error code 29467.
2026-07-03 14:00:29,709 [ERROR] LogOutputStream:75 - [STDERR_REDIRECT] 
2026-07-03 14:00:29,713 [ERROR] LogOutputStream:75 - [STDERR_REDIRECT] Jul 03, 2026 2:00:29 PM java.util.prefs.FileSystemPreferences syncWorld
2026-07-03 14:00:29,714 [ERROR] LogOutputStream:75 - [STDERR_REDIRECT] WARNING: Couldn't flush system prefs: java.util.prefs.BackingStoreException: Couldn't get file lock.
2026-07-03 14:00:29,714 [ERROR] LogOutputStream:75 - [STDERR_REDIRECT] 
2026-07-03 14:00:59,709 [ERROR] LogOutputStream:75 - [STDERR_REDIRECT] Jul 03, 2026 2:00:59 PM java.util.prefs.FileSystemPreferences checkLockFile0ErrorCode
2026-07-03 14:00:59,711 [ERROR] LogOutputStream:75 - [STDERR_REDIRECT] WARNING: Could not lock System prefs. Unix error code 29467.
2026-07-03 14:00:59,714 [ERROR] LogOutputStream:75 - [STDERR_REDIRECT] 
2026-07-03 14:00:59,718 [ERROR] LogOutputStream:75 - [STDERR_REDIRECT] Jul 03, 2026 2:00:59 PM java.util.prefs.FileSystemPreferences syncWorld
2026-07-03 14:00:59,718 [ERROR] LogOutputStream:75 - [STDERR_REDIRECT] WARNING: Couldn't flush system prefs: java.util.prefs.BackingStoreException: Couldn't get file lock.
2026-07-03 14:00:59,718 [ERROR] LogOutputStream:75 - [STDERR_REDIRECT] 
2026-07-03 14:01:29,711 [ERROR] LogOutputStream:75 - [STDERR_REDIRECT] Jul 03, 2026 2:01:29 PM java.util.prefs.FileSystemPreferences checkLockFile0ErrorCode
2026-07-03 14:01:29,713 [ERROR] LogOutputStream:75 - [STDERR_REDIRECT] WARNING: Could not lock System prefs. Unix error code 29467.
2026-07-03 14:01:29,714 [ERROR] LogOutputStream:75 - [STDERR_REDIRECT] 
2026-07-03 14:01:29,715 [ERROR] LogOutputStream:75 - [STDERR_REDIRECT] Jul 03, 2026 2:01:29 PM java.util.prefs.FileSystemPreferences syncWorld
2026-07-03 14:01:29,716 [ERROR] LogOutputStream:75 - [STDERR_REDIRECT] WARNING: Couldn't flush system prefs: java.util.prefs.BackingStoreException: Couldn't get file lock.
2026-07-03 14:01:29,716 [ERROR] LogOutputStream:75 - [STDERR_REDIRECT] 
2026-07-03 14:01:59,719 [ERROR] LogOutputStream:75 - [STDERR_REDIRECT] Jul 03, 2026 2:01:59 PM java.util.prefs.FileSystemPreferences checkLockFile0ErrorCode
2026-07-03 14:01:59,720 [ERROR] LogOutputStream:75 - [STDERR_REDIRECT] WARNING: Could not lock System prefs. Unix error code 29467.
2026-07-03 14:01:59,722 [ERROR] LogOutputStream:75 - [STDERR_REDIRECT] 
2026-07-03 14:01:59,728 [ERROR] LogOutputStream:75 - [STDERR_REDIRECT] Jul 03, 2026 2:01:59 PM java.util.prefs.FileSystemPreferences syncWorld
2026-07-03 14:01:59,731 [ERROR] LogOutputStream:75 - [STDERR_REDIRECT] WARNING: Couldn't flush system prefs: java.util.prefs.BackingStoreException: Couldn't get file lock.
2026-07-03 14:01:59,732 [ERROR] LogOutputStream:75 - [STDERR_REDIRECT] 
2026-07-03 14:02:29,716 [ERROR] LogOutputStream:75 - [STDERR_REDIRECT] Jul 03, 2026 2:02:29 PM java.util.prefs.FileSystemPreferences checkLockFile0ErrorCode
2026-07-03 14:02:29,717 [ERROR] LogOutputStream:75 - [STDERR_REDIRECT] WARNING: Could not lock System prefs. Unix error code 29467.
2026-07-03 14:02:29,717 [ERROR] LogOutputStream:75 - [STDERR_REDIRECT] 
2026-07-03 14:02:29,718 [ERROR] LogOutputStream:75 - [STDERR_REDIRECT] Jul 03, 2026 2:02:29 PM java.util.prefs.FileSystemPreferences syncWorld
2026-07-03 14:02:29,719 [ERROR] LogOutputStream:75 - [STDERR_REDIRECT] WARNING: Couldn't flush system prefs: java.util.prefs.BackingStoreException: Couldn't get file lock.
2026-07-03 14:02:29,720 [ERROR] LogOutputStream:75 - [STDERR_REDIRECT] 
2026-07-03 14:02:59,719 [ERROR] LogOutputStream:75 - [STDERR_REDIRECT] Jul 03, 2026 2:02:59 PM java.util.prefs.FileSystemPreferences checkLockFile0ErrorCode
2026-07-03 14:02:59,720 [ERROR] LogOutputStream:75 - [STDERR_REDIRECT] WARNING: Could not lock System prefs. Unix error code 29467.
2026-07-03 14:02:59,721 [ERROR] LogOutputStream:75 - [STDERR_REDIRECT] 
2026-07-03 14:02:59,721 [ERROR] LogOutputStream:75 - [STDERR_REDIRECT] Jul 03, 2026 2:02:59 PM java.util.prefs.FileSystemPreferences syncWorld
2026-07-03 14:02:59,722 [ERROR] LogOutputStream:75 - [STDERR_REDIRECT] WARNING: Couldn't flush system prefs: java.util.prefs.BackingStoreException: Couldn't get file lock.
2026-07-03 14:02:59,726 [ERROR] LogOutputStream:75 - [STDERR_REDIRECT] 
2026-07-03 14:03:29,721 [ERROR] LogOutputStream:75 - [STDERR_REDIRECT] Jul 03, 2026 2:03:29 PM java.util.prefs.FileSystemPreferences checkLockFile0ErrorCode
2026-07-03 14:03:29,722 [ERROR] LogOutputStream:75 - [STDERR_REDIRECT] WARNING: Could not lock System prefs. Unix error code 29467.
2026-07-03 14:03:29,722 [ERROR] LogOutputStream:75 - [STDERR_REDIRECT] 
2026-07-03 14:03:29,725 [ERROR] LogOutputStream:75 - [STDERR_REDIRECT] Jul 03, 2026 2:03:29 PM java.util.prefs.FileSystemPreferences syncWorld
2026-07-03 14:03:29,729 [ERROR] LogOutputStream:75 - [STDERR_REDIRECT] WARNING: Couldn't flush system prefs: java.util.prefs.BackingStoreException: Couldn't get file lock.
2026-07-03 14:03:29,729 [ERROR] LogOutputStream:75 - [STDERR_REDIRECT] 
2026-07-03 14:03:59,719 [ERROR] LogOutputStream:75 - [STDERR_REDIRECT] Jul 03, 2026 2:03:59 PM java.util.prefs.FileSystemPreferences checkLockFile0ErrorCode
2026-07-03 14:03:59,719 [ERROR] LogOutputStream:75 - [STDERR_REDIRECT] WARNING: Could not lock System prefs. Unix error code 29467.
2026-07-03 14:03:59,719 [ERROR] LogOutputStream:75 - [STDERR_REDIRECT] 
2026-07-03 14:03:59,720 [ERROR] LogOutputStream:75 - [STDERR_REDIRECT] Jul 03, 2026 2:03:59 PM java.util.prefs.FileSystemPreferences syncWorld
2026-07-03 14:03:59,724 [ERROR] LogOutputStream:75 - [STDERR_REDIRECT] WARNING: Couldn't flush system prefs: java.util.prefs.BackingStoreException: Couldn't get file lock.
2026-07-03 14:03:59,724 [ERROR] LogOutputStream:75 - [STDERR_REDIRECT] 
2026-07-03 14:04:29,719 [ERROR] LogOutputStream:75 - [STDERR_REDIRECT] Jul 03, 2026 2:04:29 PM java.util.prefs.FileSystemPreferences checkLockFile0ErrorCode
2026-07-03 14:04:29,722 [ERROR] LogOutputStream:75 - [STDERR_REDIRECT] WARNING: Could not lock System prefs. Unix error code 29467.
2026-07-03 14:04:29,722 [ERROR] LogOutputStream:75 - [STDERR_REDIRECT] 
2026-07-03 14:04:29,724 [ERROR] LogOutputStream:75 - [STDERR_REDIRECT] Jul 03, 2026 2:04:29 PM java.util.prefs.FileSystemPreferences syncWorld
2026-07-03 14:04:29,724 [ERROR] LogOutputStream:75 - [STDERR_REDIRECT] WARNING: Couldn't flush system prefs: java.util.prefs.BackingStoreException: Couldn't get file lock.
2026-07-03 14:04:29,727 [ERROR] LogOutputStream:75 - [STDERR_REDIRECT] 
2026-07-03 14:04:59,722 [ERROR] LogOutputStream:75 - [STDERR_REDIRECT] Jul 03, 2026 2:04:59 PM java.util.prefs.FileSystemPreferences checkLockFile0ErrorCode
2026-07-03 14:04:59,722 [ERROR] LogOutputStream:75 - [STDERR_REDIRECT] WARNING: Could not lock System prefs. Unix error code 29467.
2026-07-03 14:04:59,722 [ERROR] LogOutputStream:75 - [STDERR_REDIRECT] 
2026-07-03 14:04:59,723 [ERROR] LogOutputStream:75 - [STDERR_REDIRECT] Jul 03, 2026 2:04:59 PM java.util.prefs.FileSystemPreferences syncWorld
2026-07-03 14:04:59,726 [ERROR] LogOutputStream:75 - [STDERR_REDIRECT] WARNING: Couldn't flush system prefs: java.util.prefs.BackingStoreException: Couldn't get file lock.
2026-07-03 14:04:59,726 [ERROR] LogOutputStream:75 - [STDERR_REDIRECT] 
2026-07-03 14:05:29,718 [ERROR] LogOutputStream:75 - [STDERR_REDIRECT] Jul 03, 2026 2:05:29 PM java.util.prefs.FileSystemPreferences checkLockFile0ErrorCode
2026-07-03 14:05:29,718 [ERROR] LogOutputStream:75 - [STDERR_REDIRECT] WARNING: Could not lock System prefs. Unix error code 29467.
2026-07-03 14:05:29,718 [ERROR] LogOutputStream:75 - [STDERR_REDIRECT] 
2026-07-03 14:05:29,719 [ERROR] LogOutputStream:75 - [STDERR_REDIRECT] Jul 03, 2026 2:05:29 PM java.util.prefs.FileSystemPreferences syncWorld
2026-07-03 14:05:29,719 [ERROR] LogOutputStream:75 - [STDERR_REDIRECT] WARNING: Couldn't flush system prefs: java.util.prefs.BackingStoreException: Couldn't get file lock.
2026-07-03 14:05:29,720 [ERROR] LogOutputStream:75 - [STDERR_REDIRECT] 
2026-07-03 14:05:59,717 [ERROR] LogOutputStream:75 - [STDERR_REDIRECT] Jul 03, 2026 2:05:59 PM java.util.prefs.FileSystemPreferences checkLockFile0ErrorCode
2026-07-03 14:05:59,717 [ERROR] LogOutputStream:75 - [STDERR_REDIRECT] WARNING: Could not lock System prefs. Unix error code 29467.
2026-07-03 14:05:59,717 [ERROR] LogOutputStream:75 - [STDERR_REDIRECT] 
2026-07-03 14:05:59,722 [ERROR] LogOutputStream:75 - [STDERR_REDIRECT] Jul 03, 2026 2:05:59 PM java.util.prefs.FileSystemPreferences syncWorld
2026-07-03 14:05:59,723 [ERROR] LogOutputStream:75 - [STDERR_REDIRECT] WARNING: Couldn't flush system prefs: java.util.prefs.BackingStoreException: Couldn't get file lock.
2026-07-03 14:05:59,730 [ERROR] LogOutputStream:75 - [STDERR_REDIRECT] 
2026-07-03 14:06:29,723 [ERROR] LogOutputStream:75 - [STDERR_REDIRECT] Jul 03, 2026 2:06:29 PM java.util.prefs.FileSystemPreferences checkLockFile0ErrorCode
2026-07-03 14:06:29,723 [ERROR] LogOutputStream:75 - [STDERR_REDIRECT] WARNING: Could not lock System prefs. Unix error code 29467.
2026-07-03 14:06:29,727 [ERROR] LogOutputStream:75 - [STDERR_REDIRECT] 
2026-07-03 14:06:29,729 [ERROR] LogOutputStream:75 - [STDERR_REDIRECT] Jul 03, 2026 2:06:29 PM java.util.prefs.FileSystemPreferences syncWorld
2026-07-03 14:06:29,733 [ERROR] LogOutputStream:75 - [STDERR_REDIRECT] WARNING: Couldn't flush system prefs: java.util.prefs.BackingStoreException: Couldn't get file lock.
2026-07-03 14:06:29,733 [ERROR] LogOutputStream:75 - [STDERR_REDIRECT] 
2026-07-03 14:06:59,722 [ERROR] LogOutputStream:75 - [STDERR_REDIRECT] Jul 03, 2026 2:06:59 PM java.util.prefs.FileSystemPreferences checkLockFile0ErrorCode
2026-07-03 14:06:59,727 [ERROR] LogOutputStream:75 - [STDERR_REDIRECT] WARNING: Could not lock System prefs. Unix error code 29467.
2026-07-03 14:06:59,727 [ERROR] LogOutputStream:75 - [STDERR_REDIRECT] 
2026-07-03 14:06:59,727 [ERROR] LogOutputStream:75 - [STDERR_REDIRECT] Jul 03, 2026 2:06:59 PM java.util.prefs.FileSystemPreferences syncWorld
2026-07-03 14:06:59,728 [ERROR] LogOutputStream:75 - [STDERR_REDIRECT] WARNING: Couldn't flush system prefs: java.util.prefs.BackingStoreException: Couldn't get file lock.
2026-07-03 14:06:59,731 [ERROR] LogOutputStream:75 - [STDERR_REDIRECT] 
2026-07-03 14:07:29,726 [ERROR] LogOutputStream:75 - [STDERR_REDIRECT] Jul 03, 2026 2:07:29 PM java.util.prefs.FileSystemPreferences checkLockFile0ErrorCode
2026-07-03 14:07:29,730 [ERROR] LogOutputStream:75 - [STDERR_REDIRECT] WARNING: Could not lock System prefs. Unix error code 1856905385.
2026-07-03 14:07:29,730 [ERROR] LogOutputStream:75 - [STDERR_REDIRECT] 
2026-07-03 14:07:29,733 [ERROR] LogOutputStream:75 - [STDERR_REDIRECT] Jul 03, 2026 2:07:29 PM java.util.prefs.FileSystemPreferences syncWorld
2026-07-03 14:07:29,736 [ERROR] LogOutputStream:75 - [STDERR_REDIRECT] WARNING: Couldn't flush system prefs: java.util.prefs.BackingStoreException: Couldn't get file lock.
2026-07-03 14:07:29,737 [ERROR] LogOutputStream:75 - [STDERR_REDIRECT] 
2026-07-03 14:07:59,725 [ERROR] LogOutputStream:75 - [STDERR_REDIRECT] Jul 03, 2026 2:07:59 PM java.util.prefs.FileSystemPreferences checkLockFile0ErrorCode
2026-07-03 14:07:59,726 [ERROR] LogOutputStream:75 - [STDERR_REDIRECT] WARNING: Could not lock System prefs. Unix error code 1856905385.
2026-07-03 14:07:59,730 [ERROR] LogOutputStream:75 - [STDERR_REDIRECT] 
2026-07-03 14:07:59,731 [ERROR] LogOutputStream:75 - [STDERR_REDIRECT] Jul 03, 2026 2:07:59 PM java.util.prefs.FileSystemPreferences syncWorld
2026-07-03 14:07:59,735 [ERROR] LogOutputStream:75 - [STDERR_REDIRECT] WARNING: Couldn't flush system prefs: java.util.prefs.BackingStoreException: Couldn't get file lock.
2026-07-03 14:07:59,737 [ERROR] LogOutputStream:75 - [STDERR_REDIRECT] 
2026-07-03 14:08:29,722 [ERROR] LogOutputStream:75 - [STDERR_REDIRECT] Jul 03, 2026 2:08:29 PM java.util.prefs.FileSystemPreferences checkLockFile0ErrorCode
2026-07-03 14:08:29,725 [ERROR] LogOutputStream:75 - [STDERR_REDIRECT] WARNING: Could not lock System prefs. Unix error code 1856905385.
2026-07-03 14:08:29,725 [ERROR] LogOutputStream:75 - [STDERR_REDIRECT] 
2026-07-03 14:08:29,726 [ERROR] LogOutputStream:75 - [STDERR_REDIRECT] Jul 03, 2026 2:08:29 PM java.util.prefs.FileSystemPreferences syncWorld
2026-07-03 14:08:29,727 [ERROR] LogOutputStream:75 - [STDERR_REDIRECT] WARNING: Couldn't flush system prefs: java.util.prefs.BackingStoreException: Couldn't get file lock.
2026-07-03 14:08:29,727 [ERROR] LogOutputStream:75 - [STDERR_REDIRECT] 
2026-07-03 14:08:59,725 [ERROR] LogOutputStream:75 - [STDERR_REDIRECT] Jul 03, 2026 2:08:59 PM java.util.prefs.FileSystemPreferences checkLockFile0ErrorCode
2026-07-03 14:08:59,726 [ERROR] LogOutputStream:75 - [STDERR_REDIRECT] WARNING: Could not lock System prefs. Unix error code 1856905385.
2026-07-03 14:08:59,726 [ERROR] LogOutputStream:75 - [STDERR_REDIRECT] 
2026-07-03 14:08:59,727 [ERROR] LogOutputStream:75 - [STDERR_REDIRECT] Jul 03, 2026 2:08:59 PM java.util.prefs.FileSystemPreferences syncWorld
2026-07-03 14:08:59,727 [ERROR] LogOutputStream:75 - [STDERR_REDIRECT] WARNING: Couldn't flush system prefs: java.util.prefs.BackingStoreException: Couldn't get file lock.
2026-07-03 14:08:59,727 [ERROR] LogOutputStream:75 - [STDERR_REDIRECT] 
2026-07-03 14:09:29,722 [ERROR] LogOutputStream:75 - [STDERR_REDIRECT] Jul 03, 2026 2:09:29 PM java.util.prefs.FileSystemPreferences checkLockFile0ErrorCode
2026-07-03 14:09:29,724 [ERROR] LogOutputStream:75 - [STDERR_REDIRECT] WARNING: Could not lock System prefs. Unix error code 1856905385.
2026-07-03 14:09:29,725 [ERROR] LogOutputStream:75 - [STDERR_REDIRECT] 
2026-07-03 14:09:29,729 [ERROR] LogOutputStream:75 - [STDERR_REDIRECT] Jul 03, 2026 2:09:29 PM java.util.prefs.FileSystemPreferences syncWorld
2026-07-03 14:09:29,730 [ERROR] LogOutputStream:75 - [STDERR_REDIRECT] WARNING: Couldn't flush system prefs: java.util.prefs.BackingStoreException: Couldn't get file lock.
2026-07-03 14:09:29,730 [ERROR] LogOutputStream:75 - [STDERR_REDIRECT] 
2026-07-03 14:09:59,723 [ERROR] LogOutputStream:75 - [STDERR_REDIRECT] Jul 03, 2026 2:09:59 PM java.util.prefs.FileSystemPreferences checkLockFile0ErrorCode
2026-07-03 14:09:59,724 [ERROR] LogOutputStream:75 - [STDERR_REDIRECT] WARNING: Could not lock System prefs. Unix error code 1856905385.
2026-07-03 14:09:59,727 [ERROR] LogOutputStream:75 - [STDERR_REDIRECT] 
2026-07-03 14:09:59,731 [ERROR] LogOutputStream:75 - [STDERR_REDIRECT] Jul 03, 2026 2:09:59 PM java.util.prefs.FileSystemPreferences syncWorld
2026-07-03 14:09:59,731 [ERROR] LogOutputStream:75 - [STDERR_REDIRECT] WARNING: Couldn't flush system prefs: java.util.prefs.BackingStoreException: Couldn't get file lock.
2026-07-03 14:09:59,732 [ERROR] LogOutputStream:75 - [STDERR_REDIRECT] 
2026-07-03 14:10:29,777 [ERROR] LogOutputStream:75 - [STDERR_REDIRECT] Jul 03, 2026 2:10:29 PM java.util.prefs.FileSystemPreferences checkLockFile0ErrorCode
2026-07-03 14:10:29,778 [ERROR] LogOutputStream:75 - [STDERR_REDIRECT] WARNING: Could not lock System prefs. Unix error code 1856905385.
2026-07-03 14:10:29,781 [ERROR] LogOutputStream:75 - [STDERR_REDIRECT] 
2026-07-03 14:10:29,784 [ERROR] LogOutputStream:75 - [STDERR_REDIRECT] Jul 03, 2026 2:10:29 PM java.util.prefs.FileSystemPreferences syncWorld
2026-07-03 14:10:29,786 [ERROR] LogOutputStream:75 - [STDERR_REDIRECT] WARNING: Couldn't flush system prefs: java.util.prefs.BackingStoreException: Couldn't get file lock.
2026-07-03 14:10:29,787 [ERROR] LogOutputStream:75 - [STDERR_REDIRECT] 
2026-07-03 14:10:59,734 [ERROR] LogOutputStream:75 - [STDERR_REDIRECT] Jul 03, 2026 2:10:59 PM java.util.prefs.FileSystemPreferences checkLockFile0ErrorCode
2026-07-03 14:10:59,737 [ERROR] LogOutputStream:75 - [STDERR_REDIRECT] WARNING: Could not lock System prefs. Unix error code 1856905385.
2026-07-03 14:10:59,738 [ERROR] LogOutputStream:75 - [STDERR_REDIRECT] 
2026-07-03 14:10:59,741 [ERROR] LogOutputStream:75 - [STDERR_REDIRECT] Jul 03, 2026 2:10:59 PM java.util.prefs.FileSystemPreferences syncWorld
2026-07-03 14:10:59,742 [ERROR] LogOutputStream:75 - [STDERR_REDIRECT] WARNING: Couldn't flush system prefs: java.util.prefs.BackingStoreException: Couldn't get file lock.
2026-07-03 14:10:59,743 [ERROR] LogOutputStream:75 - [STDERR_REDIRECT] 
2026-07-03 14:11:29,727 [ERROR] LogOutputStream:75 - [STDERR_REDIRECT] Jul 03, 2026 2:11:29 PM java.util.prefs.FileSystemPreferences checkLockFile0ErrorCode
2026-07-03 14:11:29,730 [ERROR] LogOutputStream:75 - [STDERR_REDIRECT] WARNING: Could not lock System prefs. Unix error code 1856905385.
2026-07-03 14:11:29,730 [ERROR] LogOutputStream:75 - [STDERR_REDIRECT] 
2026-07-03 14:11:29,734 [ERROR] LogOutputStream:75 - [STDERR_REDIRECT] Jul 03, 2026 2:11:29 PM java.util.prefs.FileSystemPreferences syncWorld
2026-07-03 14:11:29,740 [ERROR] LogOutputStream:75 - [STDERR_REDIRECT] WARNING: Couldn't flush system prefs: java.util.prefs.BackingStoreException: Couldn't get file lock.
2026-07-03 14:11:29,741 [ERROR] LogOutputStream:75 - [STDERR_REDIRECT] 
2026-07-03 14:11:59,730 [ERROR] LogOutputStream:75 - [STDERR_REDIRECT] Jul 03, 2026 2:11:59 PM java.util.prefs.FileSystemPreferences checkLockFile0ErrorCode
2026-07-03 14:11:59,731 [ERROR] LogOutputStream:75 - [STDERR_REDIRECT] WARNING: Could not lock System prefs. Unix error code 1856905385.
2026-07-03 14:11:59,731 [ERROR] LogOutputStream:75 - [STDERR_REDIRECT] 
2026-07-03 14:11:59,731 [ERROR] LogOutputStream:75 - [STDERR_REDIRECT] Jul 03, 2026 2:11:59 PM java.util.prefs.FileSystemPreferences syncWorld
2026-07-03 14:11:59,734 [ERROR] LogOutputStream:75 - [STDERR_REDIRECT] WARNING: Couldn't flush system prefs: java.util.prefs.BackingStoreException: Couldn't get file lock.
2026-07-03 14:11:59,735 [ERROR] LogOutputStream:75 - [STDERR_REDIRECT] 
2026-07-03 14:12:29,735 [ERROR] LogOutputStream:75 - [STDERR_REDIRECT] Jul 03, 2026 2:12:29 PM java.util.prefs.FileSystemPreferences checkLockFile0ErrorCode
2026-07-03 14:12:29,736 [ERROR] LogOutputStream:75 - [STDERR_REDIRECT] WARNING: Could not lock System prefs. Unix error code 1856905385.
2026-07-03 14:12:29,736 [ERROR] LogOutputStream:75 - [STDERR_REDIRECT] 
2026-07-03 14:12:29,737 [ERROR] LogOutputStream:75 - [STDERR_REDIRECT] Jul 03, 2026 2:12:29 PM java.util.prefs.FileSystemPreferences syncWorld
2026-07-03 14:12:29,739 [ERROR] LogOutputStream:75 - [STDERR_REDIRECT] WARNING: Couldn't flush system prefs: java.util.prefs.BackingStoreException: Couldn't get file lock.
2026-07-03 14:12:29,739 [ERROR] LogOutputStream:75 - [STDERR_REDIRECT] 
2026-07-03 14:12:59,738 [ERROR] LogOutputStream:75 - [STDERR_REDIRECT] Jul 03, 2026 2:12:59 PM java.util.prefs.FileSystemPreferences checkLockFile0ErrorCode
2026-07-03 14:12:59,738 [ERROR] LogOutputStream:75 - [STDERR_REDIRECT] WARNING: Could not lock System prefs. Unix error code 1856905385.
2026-07-03 14:12:59,738 [ERROR] LogOutputStream:75 - [STDERR_REDIRECT] 
2026-07-03 14:12:59,739 [ERROR] LogOutputStream:75 - [STDERR_REDIRECT] Jul 03, 2026 2:12:59 PM java.util.prefs.FileSystemPreferences syncWorld
2026-07-03 14:12:59,740 [ERROR] LogOutputStream:75 - [STDERR_REDIRECT] WARNING: Couldn't flush system prefs: java.util.prefs.BackingStoreException: Couldn't get file lock.
2026-07-03 14:12:59,740 [ERROR] LogOutputStream:75 - [STDERR_REDIRECT] 
2026-07-03 14:13:29,736 [ERROR] LogOutputStream:75 - [STDERR_REDIRECT] Jul 03, 2026 2:13:29 PM java.util.prefs.FileSystemPreferences checkLockFile0ErrorCode
2026-07-03 14:13:29,742 [ERROR] LogOutputStream:75 - [STDERR_REDIRECT] WARNING: Could not lock System prefs. Unix error code 1856905385.
2026-07-03 14:13:29,743 [ERROR] LogOutputStream:75 - [STDERR_REDIRECT] 
2026-07-03 14:13:29,744 [ERROR] LogOutputStream:75 - [STDERR_REDIRECT] Jul 03, 2026 2:13:29 PM java.util.prefs.FileSystemPreferences syncWorld
2026-07-03 14:13:29,747 [ERROR] LogOutputStream:75 - [STDERR_REDIRECT] WARNING: Couldn't flush system prefs: java.util.prefs.BackingStoreException: Couldn't get file lock.
2026-07-03 14:13:29,747 [ERROR] LogOutputStream:75 - [STDERR_REDIRECT] 
2026-07-03 14:13:59,737 [ERROR] LogOutputStream:75 - [STDERR_REDIRECT] Jul 03, 2026 2:13:59 PM java.util.prefs.FileSystemPreferences checkLockFile0ErrorCode
2026-07-03 14:13:59,737 [ERROR] LogOutputStream:75 - [STDERR_REDIRECT] WARNING: Could not lock System prefs. Unix error code 1856905385.
2026-07-03 14:13:59,738 [ERROR] LogOutputStream:75 - [STDERR_REDIRECT] 
2026-07-03 14:13:59,739 [ERROR] LogOutputStream:75 - [STDERR_REDIRECT] Jul 03, 2026 2:13:59 PM java.util.prefs.FileSystemPreferences syncWorld
2026-07-03 14:13:59,741 [ERROR] LogOutputStream:75 - [STDERR_REDIRECT] WARNING: Couldn't flush system prefs: java.util.prefs.BackingStoreException: Couldn't get file lock.
2026-07-03 14:13:59,741 [ERROR] LogOutputStream:75 - [STDERR_REDIRECT] 
2026-07-03 14:14:29,736 [ERROR] LogOutputStream:75 - [STDERR_REDIRECT] Jul 03, 2026 2:14:29 PM java.util.prefs.FileSystemPreferences checkLockFile0ErrorCode
2026-07-03 14:14:29,736 [ERROR] LogOutputStream:75 - [STDERR_REDIRECT] WARNING: Could not lock System prefs. Unix error code 1856905385.
2026-07-03 14:14:29,736 [ERROR] LogOutputStream:75 - [STDERR_REDIRECT] 
2026-07-03 14:14:29,742 [ERROR] LogOutputStream:75 - [STDERR_REDIRECT] Jul 03, 2026 2:14:29 PM java.util.prefs.FileSystemPreferences syncWorld
2026-07-03 14:14:29,744 [ERROR] LogOutputStream:75 - [STDERR_REDIRECT] WARNING: Couldn't flush system prefs: java.util.prefs.BackingStoreException: Couldn't get file lock.
2026-07-03 14:14:29,744 [ERROR] LogOutputStream:75 - [STDERR_REDIRECT] 
2026-07-03 14:14:59,746 [ERROR] LogOutputStream:75 - [STDERR_REDIRECT] Jul 03, 2026 2:14:59 PM java.util.prefs.FileSystemPreferences checkLockFile0ErrorCode
2026-07-03 14:14:59,747 [ERROR] LogOutputStream:75 - [STDERR_REDIRECT] WARNING: Could not lock System prefs. Unix error code 1856905385.
2026-07-03 14:14:59,747 [ERROR] LogOutputStream:75 - [STDERR_REDIRECT] 
2026-07-03 14:14:59,751 [ERROR] LogOutputStream:75 - [STDERR_REDIRECT] Jul 03, 2026 2:14:59 PM java.util.prefs.FileSystemPreferences syncWorld
2026-07-03 14:14:59,752 [ERROR] LogOutputStream:75 - [STDERR_REDIRECT] WARNING: Couldn't flush system prefs: java.util.prefs.BackingStoreException: Couldn't get file lock.
2026-07-03 14:14:59,753 [ERROR] LogOutputStream:75 - [STDERR_REDIRECT] 
2026-07-03 14:15:29,745 [ERROR] LogOutputStream:75 - [STDERR_REDIRECT] Jul 03, 2026 2:15:29 PM java.util.prefs.FileSystemPreferences checkLockFile0ErrorCode
2026-07-03 14:15:29,746 [ERROR] LogOutputStream:75 - [STDERR_REDIRECT] WARNING: Could not lock System prefs. Unix error code 1856905385.
2026-07-03 14:15:29,753 [ERROR] LogOutputStream:75 - [STDERR_REDIRECT] 
2026-07-03 14:15:29,753 [ERROR] LogOutputStream:75 - [STDERR_REDIRECT] Jul 03, 2026 2:15:29 PM java.util.prefs.FileSystemPreferences syncWorld
2026-07-03 14:15:29,754 [ERROR] LogOutputStream:75 - [STDERR_REDIRECT] WARNING: Couldn't flush system prefs: java.util.prefs.BackingStoreException: Couldn't get file lock.
2026-07-03 14:15:29,754 [ERROR] LogOutputStream:75 - [STDERR_REDIRECT] 
2026-07-03 14:15:59,751 [ERROR] LogOutputStream:75 - [STDERR_REDIRECT] Jul 03, 2026 2:15:59 PM java.util.prefs.FileSystemPreferences checkLockFile0ErrorCode
2026-07-03 14:15:59,751 [ERROR] LogOutputStream:75 - [STDERR_REDIRECT] WARNING: Could not lock System prefs. Unix error code 1856905385.
2026-07-03 14:15:59,751 [ERROR] LogOutputStream:75 - [STDERR_REDIRECT] 
2026-07-03 14:15:59,752 [ERROR] LogOutputStream:75 - [STDERR_REDIRECT] Jul 03, 2026 2:15:59 PM java.util.prefs.FileSystemPreferences syncWorld
2026-07-03 14:15:59,759 [ERROR] LogOutputStream:75 - [STDERR_REDIRECT] WARNING: Couldn't flush system prefs: java.util.prefs.BackingStoreException: Couldn't get file lock.
2026-07-03 14:15:59,759 [ERROR] LogOutputStream:75 - [STDERR_REDIRECT] 
2026-07-03 14:16:29,747 [ERROR] LogOutputStream:75 - [STDERR_REDIRECT] Jul 03, 2026 2:16:29 PM java.util.prefs.FileSystemPreferences checkLockFile0ErrorCode
2026-07-03 14:16:29,747 [ERROR] LogOutputStream:75 - [STDERR_REDIRECT] WARNING: Could not lock System prefs. Unix error code 1856905385.
2026-07-03 14:16:29,748 [ERROR] LogOutputStream:75 - [STDERR_REDIRECT] 
2026-07-03 14:16:29,750 [ERROR] LogOutputStream:75 - [STDERR_REDIRECT] Jul 03, 2026 2:16:29 PM java.util.prefs.FileSystemPreferences syncWorld
2026-07-03 14:16:29,754 [ERROR] LogOutputStream:75 - [STDERR_REDIRECT] WARNING: Couldn't flush system prefs: java.util.prefs.BackingStoreException: Couldn't get file lock.
2026-07-03 14:16:29,754 [ERROR] LogOutputStream:75 - [STDERR_REDIRECT] 
2026-07-03 14:16:59,749 [ERROR] LogOutputStream:75 - [STDERR_REDIRECT] Jul 03, 2026 2:16:59 PM java.util.prefs.FileSystemPreferences checkLockFile0ErrorCode
2026-07-03 14:16:59,750 [ERROR] LogOutputStream:75 - [STDERR_REDIRECT] WARNING: Could not lock System prefs. Unix error code 1856905385.
2026-07-03 14:16:59,752 [ERROR] LogOutputStream:75 - [STDERR_REDIRECT] 
2026-07-03 14:16:59,753 [ERROR] LogOutputStream:75 - [STDERR_REDIRECT] Jul 03, 2026 2:16:59 PM java.util.prefs.FileSystemPreferences syncWorld
2026-07-03 14:16:59,756 [ERROR] LogOutputStream:75 - [STDERR_REDIRECT] WARNING: Couldn't flush system prefs: java.util.prefs.BackingStoreException: Couldn't get file lock.
2026-07-03 14:16:59,756 [ERROR] LogOutputStream:75 - [STDERR_REDIRECT] 
2026-07-03 14:17:29,751 [ERROR] LogOutputStream:75 - [STDERR_REDIRECT] Jul 03, 2026 2:17:29 PM java.util.prefs.FileSystemPreferences checkLockFile0ErrorCode
2026-07-03 14:17:29,751 [ERROR] LogOutputStream:75 - [STDERR_REDIRECT] WARNING: Could not lock System prefs. Unix error code 1856905385.
2026-07-03 14:17:29,752 [ERROR] LogOutputStream:75 - [STDERR_REDIRECT] 
2026-07-03 14:17:29,772 [ERROR] LogOutputStream:75 - [STDERR_REDIRECT] Jul 03, 2026 2:17:29 PM java.util.prefs.FileSystemPreferences syncWorld
2026-07-03 14:17:29,772 [ERROR] LogOutputStream:75 - [STDERR_REDIRECT] WARNING: Couldn't flush system prefs: java.util.prefs.BackingStoreException: Couldn't get file lock.
2026-07-03 14:17:29,773 [ERROR] LogOutputStream:75 - [STDERR_REDIRECT] 
2026-07-03 14:17:59,747 [ERROR] LogOutputStream:75 - [STDERR_REDIRECT] Jul 03, 2026 2:17:59 PM java.util.prefs.FileSystemPreferences checkLockFile0ErrorCode
2026-07-03 14:17:59,749 [ERROR] LogOutputStream:75 - [STDERR_REDIRECT] WARNING: Could not lock System prefs. Unix error code 29467.
2026-07-03 14:17:59,752 [ERROR] LogOutputStream:75 - [STDERR_REDIRECT] 
2026-07-03 14:17:59,756 [ERROR] LogOutputStream:75 - [STDERR_REDIRECT] Jul 03, 2026 2:17:59 PM java.util.prefs.FileSystemPreferences syncWorld
2026-07-03 14:17:59,756 [ERROR] LogOutputStream:75 - [STDERR_REDIRECT] WARNING: Couldn't flush system prefs: java.util.prefs.BackingStoreException: Couldn't get file lock.
2026-07-03 14:17:59,757 [ERROR] LogOutputStream:75 - [STDERR_REDIRECT] 
2026-07-03 14:18:29,803 [ERROR] LogOutputStream:75 - [STDERR_REDIRECT] Jul 03, 2026 2:18:29 PM java.util.prefs.FileSystemPreferences checkLockFile0ErrorCode
2026-07-03 14:18:29,803 [ERROR] LogOutputStream:75 - [STDERR_REDIRECT] WARNING: Could not lock System prefs. Unix error code 1856905385.
2026-07-03 14:18:29,804 [ERROR] LogOutputStream:75 - [STDERR_REDIRECT] 
2026-07-03 14:18:29,812 [ERROR] LogOutputStream:75 - [STDERR_REDIRECT] Jul 03, 2026 2:18:29 PM java.util.prefs.FileSystemPreferences syncWorld
2026-07-03 14:18:29,813 [ERROR] LogOutputStream:75 - [STDERR_REDIRECT] WARNING: Couldn't flush system prefs: java.util.prefs.BackingStoreException: Couldn't get file lock.
2026-07-03 14:18:29,814 [ERROR] LogOutputStream:75 - [STDERR_REDIRECT] 
2026-07-03 14:18:59,809 [ERROR] LogOutputStream:75 - [STDERR_REDIRECT] Jul 03, 2026 2:18:59 PM java.util.prefs.FileSystemPreferences checkLockFile0ErrorCode
2026-07-03 14:18:59,812 [ERROR] LogOutputStream:75 - [STDERR_REDIRECT] WARNING: Could not lock System prefs. Unix error code 1856905385.
2026-07-03 14:18:59,814 [ERROR] LogOutputStream:75 - [STDERR_REDIRECT] 
2026-07-03 14:18:59,819 [ERROR] LogOutputStream:75 - [STDERR_REDIRECT] Jul 03, 2026 2:18:59 PM java.util.prefs.FileSystemPreferences syncWorld
2026-07-03 14:18:59,821 [ERROR] LogOutputStream:75 - [STDERR_REDIRECT] WARNING: Couldn't flush system prefs: java.util.prefs.BackingStoreException: Couldn't get file lock.
2026-07-03 14:18:59,822 [ERROR] LogOutputStream:75 - [STDERR_REDIRECT] 
2026-07-03 14:19:29,813 [ERROR] LogOutputStream:75 - [STDERR_REDIRECT] Jul 03, 2026 2:19:29 PM java.util.prefs.FileSystemPreferences checkLockFile0ErrorCode
2026-07-03 14:19:29,815 [ERROR] LogOutputStream:75 - [STDERR_REDIRECT] WARNING: Could not lock System prefs. Unix error code 1856905385.
2026-07-03 14:19:29,819 [ERROR] LogOutputStream:75 - [STDERR_REDIRECT] 
2026-07-03 14:19:29,823 [ERROR] LogOutputStream:75 - [STDERR_REDIRECT] Jul 03, 2026 2:19:29 PM java.util.prefs.FileSystemPreferences syncWorld
2026-07-03 14:19:29,824 [ERROR] LogOutputStream:75 - [STDERR_REDIRECT] WARNING: Couldn't flush system prefs: java.util.prefs.BackingStoreException: Couldn't get file lock.
2026-07-03 14:19:29,825 [ERROR] LogOutputStream:75 - [STDERR_REDIRECT] 
2026-07-03 14:19:59,809 [ERROR] LogOutputStream:75 - [STDERR_REDIRECT] Jul 03, 2026 2:19:59 PM java.util.prefs.FileSystemPreferences checkLockFile0ErrorCode
2026-07-03 14:19:59,810 [ERROR] LogOutputStream:75 - [STDERR_REDIRECT] WARNING: Could not lock System prefs. Unix error code 1856905385.
2026-07-03 14:19:59,810 [ERROR] LogOutputStream:75 - [STDERR_REDIRECT] 
2026-07-03 14:19:59,814 [ERROR] LogOutputStream:75 - [STDERR_REDIRECT] Jul 03, 2026 2:19:59 PM java.util.prefs.FileSystemPreferences syncWorld
2026-07-03 14:19:59,814 [ERROR] LogOutputStream:75 - [STDERR_REDIRECT] WARNING: Couldn't flush system prefs: java.util.prefs.BackingStoreException: Couldn't get file lock.
2026-07-03 14:19:59,814 [ERROR] LogOutputStream:75 - [STDERR_REDIRECT] 
2026-07-03 14:20:29,830 [ERROR] LogOutputStream:75 - [STDERR_REDIRECT] Jul 03, 2026 2:20:29 PM java.util.prefs.FileSystemPreferences checkLockFile0ErrorCode
2026-07-03 14:20:29,830 [ERROR] LogOutputStream:75 - [STDERR_REDIRECT] WARNING: Could not lock System prefs. Unix error code 1856905385.
2026-07-03 14:20:29,831 [ERROR] LogOutputStream:75 - [STDERR_REDIRECT] 
2026-07-03 14:20:29,835 [ERROR] LogOutputStream:75 - [STDERR_REDIRECT] Jul 03, 2026 2:20:29 PM java.util.prefs.FileSystemPreferences syncWorld
2026-07-03 14:20:29,836 [ERROR] LogOutputStream:75 - [STDERR_REDIRECT] WARNING: Couldn't flush system prefs: java.util.prefs.BackingStoreException: Couldn't get file lock.
2026-07-03 14:20:29,836 [ERROR] LogOutputStream:75 - [STDERR_REDIRECT] 
2026-07-03 14:20:59,817 [ERROR] LogOutputStream:75 - [STDERR_REDIRECT] Jul 03, 2026 2:20:59 PM java.util.prefs.FileSystemPreferences checkLockFile0ErrorCode
2026-07-03 14:20:59,818 [ERROR] LogOutputStream:75 - [STDERR_REDIRECT] WARNING: Could not lock System prefs. Unix error code 1856905385.
2026-07-03 14:20:59,821 [ERROR] LogOutputStream:75 - [STDERR_REDIRECT] 
2026-07-03 14:20:59,823 [ERROR] LogOutputStream:75 - [STDERR_REDIRECT] Jul 03, 2026 2:20:59 PM java.util.prefs.FileSystemPreferences syncWorld
2026-07-03 14:20:59,823 [ERROR] LogOutputStream:75 - [STDERR_REDIRECT] WARNING: Couldn't flush system prefs: java.util.prefs.BackingStoreException: Couldn't get file lock.
2026-07-03 14:20:59,830 [ERROR] LogOutputStream:75 - [STDERR_REDIRECT] 
2026-07-03 14:21:29,811 [ERROR] LogOutputStream:75 - [STDERR_REDIRECT] Jul 03, 2026 2:21:29 PM java.util.prefs.FileSystemPreferences checkLockFile0ErrorCode
2026-07-03 14:21:29,815 [ERROR] LogOutputStream:75 - [STDERR_REDIRECT] WARNING: Could not lock System prefs. Unix error code 1856905385.
2026-07-03 14:21:29,816 [ERROR] LogOutputStream:75 - [STDERR_REDIRECT] 
2026-07-03 14:21:29,824 [ERROR] LogOutputStream:75 - [STDERR_REDIRECT] Jul 03, 2026 2:21:29 PM java.util.prefs.FileSystemPreferences syncWorld
2026-07-03 14:21:29,825 [ERROR] LogOutputStream:75 - [STDERR_REDIRECT] WARNING: Couldn't flush system prefs: java.util.prefs.BackingStoreException: Couldn't get file lock.
2026-07-03 14:21:29,825 [ERROR] LogOutputStream:75 - [STDERR_REDIRECT] 
2026-07-03 14:21:59,819 [ERROR] LogOutputStream:75 - [STDERR_REDIRECT] Jul 03, 2026 2:21:59 PM java.util.prefs.FileSystemPreferences checkLockFile0ErrorCode
2026-07-03 14:21:59,822 [ERROR] LogOutputStream:75 - [STDERR_REDIRECT] WARNING: Could not lock System prefs. Unix error code 1856905385.
2026-07-03 14:21:59,830 [ERROR] LogOutputStream:75 - [STDERR_REDIRECT] 
2026-07-03 14:21:59,834 [ERROR] LogOutputStream:75 - [STDERR_REDIRECT] Jul 03, 2026 2:21:59 PM java.util.prefs.FileSystemPreferences syncWorld
2026-07-03 14:21:59,835 [ERROR] LogOutputStream:75 - [STDERR_REDIRECT] WARNING: Couldn't flush system prefs: java.util.prefs.BackingStoreException: Couldn't get file lock.
2026-07-03 14:21:59,839 [ERROR] LogOutputStream:75 - [STDERR_REDIRECT] 
2026-07-03 14:22:29,812 [ERROR] LogOutputStream:75 - [STDERR_REDIRECT] Jul 03, 2026 2:22:29 PM java.util.prefs.FileSystemPreferences checkLockFile0ErrorCode
2026-07-03 14:22:29,815 [ERROR] LogOutputStream:75 - [STDERR_REDIRECT] WARNING: Could not lock System prefs. Unix error code 1856905385.
2026-07-03 14:22:29,815 [ERROR] LogOutputStream:75 - [STDERR_REDIRECT] 
2026-07-03 14:22:29,816 [ERROR] LogOutputStream:75 - [STDERR_REDIRECT] Jul 03, 2026 2:22:29 PM java.util.prefs.FileSystemPreferences syncWorld
2026-07-03 14:22:29,823 [ERROR] LogOutputStream:75 - [STDERR_REDIRECT] WARNING: Couldn't flush system prefs: java.util.prefs.BackingStoreException: Couldn't get file lock.
2026-07-03 14:22:29,823 [ERROR] LogOutputStream:75 - [STDERR_REDIRECT] 
2026-07-03 14:22:59,864 [ERROR] LogOutputStream:75 - [STDERR_REDIRECT] Jul 03, 2026 2:22:59 PM java.util.prefs.FileSystemPreferences checkLockFile0ErrorCode
2026-07-03 14:22:59,866 [ERROR] LogOutputStream:75 - [STDERR_REDIRECT] WARNING: Could not lock System prefs. Unix error code 1856905385.
2026-07-03 14:22:59,867 [ERROR] LogOutputStream:75 - [STDERR_REDIRECT] 
2026-07-03 14:22:59,868 [ERROR] LogOutputStream:75 - [STDERR_REDIRECT] Jul 03, 2026 2:22:59 PM java.util.prefs.FileSystemPreferences syncWorld
2026-07-03 14:22:59,871 [ERROR] LogOutputStream:75 - [STDERR_REDIRECT] WARNING: Couldn't flush system prefs: java.util.prefs.BackingStoreException: Couldn't get file lock.
2026-07-03 14:22:59,871 [ERROR] LogOutputStream:75 - [STDERR_REDIRECT] 
2026-07-03 14:23:29,853 [ERROR] LogOutputStream:75 - [STDERR_REDIRECT] Jul 03, 2026 2:23:29 PM java.util.prefs.FileSystemPreferences checkLockFile0ErrorCode
2026-07-03 14:23:29,857 [ERROR] LogOutputStream:75 - [STDERR_REDIRECT] WARNING: Could not lock System prefs. Unix error code 1856905385.
2026-07-03 14:23:29,861 [ERROR] LogOutputStream:75 - [STDERR_REDIRECT] 
2026-07-03 14:23:29,862 [ERROR] LogOutputStream:75 - [STDERR_REDIRECT] Jul 03, 2026 2:23:29 PM java.util.prefs.FileSystemPreferences syncWorld
2026-07-03 14:23:29,866 [ERROR] LogOutputStream:75 - [STDERR_REDIRECT] WARNING: Couldn't flush system prefs: java.util.prefs.BackingStoreException: Couldn't get file lock.
2026-07-03 14:23:29,867 [ERROR] LogOutputStream:75 - [STDERR_REDIRECT] 
2026-07-03 14:23:59,852 [ERROR] LogOutputStream:75 - [STDERR_REDIRECT] Jul 03, 2026 2:23:59 PM java.util.prefs.FileSystemPreferences checkLockFile0ErrorCode
2026-07-03 14:23:59,854 [ERROR] LogOutputStream:75 - [STDERR_REDIRECT] WARNING: Could not lock System prefs. Unix error code 1856905385.
2026-07-03 14:23:59,854 [ERROR] LogOutputStream:75 - [STDERR_REDIRECT] 
2026-07-03 14:23:59,855 [ERROR] LogOutputStream:75 - [STDERR_REDIRECT] Jul 03, 2026 2:23:59 PM java.util.prefs.FileSystemPreferences syncWorld
2026-07-03 14:23:59,857 [ERROR] LogOutputStream:75 - [STDERR_REDIRECT] WARNING: Couldn't flush system prefs: java.util.prefs.BackingStoreException: Couldn't get file lock.
2026-07-03 14:23:59,858 [ERROR] LogOutputStream:75 - [STDERR_REDIRECT] 
2026-07-03 14:24:29,855 [ERROR] LogOutputStream:75 - [STDERR_REDIRECT] Jul 03, 2026 2:24:29 PM java.util.prefs.FileSystemPreferences checkLockFile0ErrorCode
2026-07-03 14:24:29,855 [ERROR] LogOutputStream:75 - [STDERR_REDIRECT] WARNING: Could not lock System prefs. Unix error code 1856905385.
2026-07-03 14:24:29,856 [ERROR] LogOutputStream:75 - [STDERR_REDIRECT] 
2026-07-03 14:24:29,864 [ERROR] LogOutputStream:75 - [STDERR_REDIRECT] Jul 03, 2026 2:24:29 PM java.util.prefs.FileSystemPreferences syncWorld
2026-07-03 14:24:29,865 [ERROR] LogOutputStream:75 - [STDERR_REDIRECT] WARNING: Couldn't flush system prefs: java.util.prefs.BackingStoreException: Couldn't get file lock.
2026-07-03 14:24:29,869 [ERROR] LogOutputStream:75 - [STDERR_REDIRECT] 
2026-07-03 14:24:59,858 [ERROR] LogOutputStream:75 - [STDERR_REDIRECT] Jul 03, 2026 2:24:59 PM java.util.prefs.FileSystemPreferences checkLockFile0ErrorCode
2026-07-03 14:24:59,858 [ERROR] LogOutputStream:75 - [STDERR_REDIRECT] WARNING: Could not lock System prefs. Unix error code 1856905385.
2026-07-03 14:24:59,858 [ERROR] LogOutputStream:75 - [STDERR_REDIRECT] 
2026-07-03 14:24:59,865 [ERROR] LogOutputStream:75 - [STDERR_REDIRECT] Jul 03, 2026 2:24:59 PM java.util.prefs.FileSystemPreferences syncWorld
2026-07-03 14:24:59,865 [ERROR] LogOutputStream:75 - [STDERR_REDIRECT] WARNING: Couldn't flush system prefs: java.util.prefs.BackingStoreException: Couldn't get file lock.
2026-07-03 14:24:59,865 [ERROR] LogOutputStream:75 - [STDERR_REDIRECT] 
2026-07-03 14:25:29,863 [ERROR] LogOutputStream:75 - [STDERR_REDIRECT] Jul 03, 2026 2:25:29 PM java.util.prefs.FileSystemPreferences checkLockFile0ErrorCode
2026-07-03 14:25:29,863 [ERROR] LogOutputStream:75 - [STDERR_REDIRECT] WARNING: Could not lock System prefs. Unix error code 1856905385.
2026-07-03 14:25:29,864 [ERROR] LogOutputStream:75 - [STDERR_REDIRECT] 
2026-07-03 14:25:29,869 [ERROR] LogOutputStream:75 - [STDERR_REDIRECT] Jul 03, 2026 2:25:29 PM java.util.prefs.FileSystemPreferences syncWorld
2026-07-03 14:25:29,873 [ERROR] LogOutputStream:75 - [STDERR_REDIRECT] WARNING: Couldn't flush system prefs: java.util.prefs.BackingStoreException: Couldn't get file lock.
2026-07-03 14:25:29,873 [ERROR] LogOutputStream:75 - [STDERR_REDIRECT] 
2026-07-03 14:25:59,863 [ERROR] LogOutputStream:75 - [STDERR_REDIRECT] Jul 03, 2026 2:25:59 PM java.util.prefs.FileSystemPreferences checkLockFile0ErrorCode
2026-07-03 14:25:59,865 [ERROR] LogOutputStream:75 - [STDERR_REDIRECT] WARNING: Could not lock System prefs. Unix error code 1856905385.
2026-07-03 14:25:59,865 [ERROR] LogOutputStream:75 - [STDERR_REDIRECT] 
2026-07-03 14:25:59,866 [ERROR] LogOutputStream:75 - [STDERR_REDIRECT] Jul 03, 2026 2:25:59 PM java.util.prefs.FileSystemPreferences syncWorld
2026-07-03 14:25:59,867 [ERROR] LogOutputStream:75 - [STDERR_REDIRECT] WARNING: Couldn't flush system prefs: java.util.prefs.BackingStoreException: Couldn't get file lock.
2026-07-03 14:25:59,867 [ERROR] LogOutputStream:75 - [STDERR_REDIRECT] 
2026-07-03 14:26:29,866 [ERROR] LogOutputStream:75 - [STDERR_REDIRECT] Jul 03, 2026 2:26:29 PM java.util.prefs.FileSystemPreferences checkLockFile0ErrorCode
2026-07-03 14:26:29,867 [ERROR] LogOutputStream:75 - [STDERR_REDIRECT] WARNING: Could not lock System prefs. Unix error code 1856905385.
2026-07-03 14:26:29,872 [ERROR] LogOutputStream:75 - [STDERR_REDIRECT] 
2026-07-03 14:26:29,873 [ERROR] LogOutputStream:75 - [STDERR_REDIRECT] Jul 03, 2026 2:26:29 PM java.util.prefs.FileSystemPreferences syncWorld
2026-07-03 14:26:29,873 [ERROR] LogOutputStream:75 - [STDERR_REDIRECT] WARNING: Couldn't flush system prefs: java.util.prefs.BackingStoreException: Couldn't get file lock.
2026-07-03 14:26:29,873 [ERROR] LogOutputStream:75 - [STDERR_REDIRECT] 
2026-07-03 14:26:59,864 [ERROR] LogOutputStream:75 - [STDERR_REDIRECT] Jul 03, 2026 2:26:59 PM java.util.prefs.FileSystemPreferences checkLockFile0ErrorCode
2026-07-03 14:26:59,864 [ERROR] LogOutputStream:75 - [STDERR_REDIRECT] WARNING: Could not lock System prefs. Unix error code 1856905385.
2026-07-03 14:26:59,864 [ERROR] LogOutputStream:75 - [STDERR_REDIRECT] 
2026-07-03 14:26:59,865 [ERROR] LogOutputStream:75 - [STDERR_REDIRECT] Jul 03, 2026 2:26:59 PM java.util.prefs.FileSystemPreferences syncWorld
2026-07-03 14:26:59,872 [ERROR] LogOutputStream:75 - [STDERR_REDIRECT] WARNING: Couldn't flush system prefs: java.util.prefs.BackingStoreException: Couldn't get file lock.
2026-07-03 14:26:59,872 [ERROR] LogOutputStream:75 - [STDERR_REDIRECT] 
2026-07-03 14:27:29,870 [ERROR] LogOutputStream:75 - [STDERR_REDIRECT] Jul 03, 2026 2:27:29 PM java.util.prefs.FileSystemPreferences checkLockFile0ErrorCode
2026-07-03 14:27:29,880 [ERROR] LogOutputStream:75 - [STDERR_REDIRECT] WARNING: Could not lock System prefs. Unix error code 1856905385.
2026-07-03 14:27:29,881 [ERROR] LogOutputStream:75 - [STDERR_REDIRECT] 
2026-07-03 14:27:29,887 [ERROR] LogOutputStream:75 - [STDERR_REDIRECT] Jul 03, 2026 2:27:29 PM java.util.prefs.FileSystemPreferences syncWorld
2026-07-03 14:27:29,890 [ERROR] LogOutputStream:75 - [STDERR_REDIRECT] WARNING: Couldn't flush system prefs: java.util.prefs.BackingStoreException: Couldn't get file lock.
2026-07-03 14:27:29,891 [ERROR] LogOutputStream:75 - [STDERR_REDIRECT] 
2026-07-03 14:27:59,868 [ERROR] LogOutputStream:75 - [STDERR_REDIRECT] Jul 03, 2026 2:27:59 PM java.util.prefs.FileSystemPreferences checkLockFile0ErrorCode
2026-07-03 14:27:59,869 [ERROR] LogOutputStream:75 - [STDERR_REDIRECT] WARNING: Could not lock System prefs. Unix error code 1856905385.
2026-07-03 14:27:59,870 [ERROR] LogOutputStream:75 - [STDERR_REDIRECT] 
2026-07-03 14:27:59,876 [ERROR] LogOutputStream:75 - [STDERR_REDIRECT] Jul 03, 2026 2:27:59 PM java.util.prefs.FileSystemPreferences syncWorld
2026-07-03 14:27:59,879 [ERROR] LogOutputStream:75 - [STDERR_REDIRECT] WARNING: Couldn't flush system prefs: java.util.prefs.BackingStoreException: Couldn't get file lock.
2026-07-03 14:27:59,879 [ERROR] LogOutputStream:75 - [STDERR_REDIRECT] 
2026-07-03 14:28:29,869 [ERROR] LogOutputStream:75 - [STDERR_REDIRECT] Jul 03, 2026 2:28:29 PM java.util.prefs.FileSystemPreferences checkLockFile0ErrorCode
2026-07-03 14:28:29,876 [ERROR] LogOutputStream:75 - [STDERR_REDIRECT] WARNING: Could not lock System prefs. Unix error code 1856905385.
2026-07-03 14:28:29,877 [ERROR] LogOutputStream:75 - [STDERR_REDIRECT] 
2026-07-03 14:28:29,958 [ERROR] LogOutputStream:75 - [STDERR_REDIRECT] Jul 03, 2026 2:28:29 PM java.util.prefs.FileSystemPreferences syncWorld
2026-07-03 14:28:29,963 [ERROR] LogOutputStream:75 - [STDERR_REDIRECT] WARNING: Couldn't flush system prefs: java.util.prefs.BackingStoreException: Couldn't get file lock.
2026-07-03 14:28:29,963 [ERROR] LogOutputStream:75 - [STDERR_REDIRECT] 
2026-07-03 14:28:59,873 [ERROR] LogOutputStream:75 - [STDERR_REDIRECT] Jul 03, 2026 2:28:59 PM java.util.prefs.FileSystemPreferences checkLockFile0ErrorCode
2026-07-03 14:28:59,875 [ERROR] LogOutputStream:75 - [STDERR_REDIRECT] WARNING: Could not lock System prefs. Unix error code 1856905385.
2026-07-03 14:28:59,875 [ERROR] LogOutputStream:75 - [STDERR_REDIRECT] 
2026-07-03 14:28:59,880 [ERROR] LogOutputStream:75 - [STDERR_REDIRECT] Jul 03, 2026 2:28:59 PM java.util.prefs.FileSystemPreferences syncWorld
2026-07-03 14:28:59,883 [ERROR] LogOutputStream:75 - [STDERR_REDIRECT] WARNING: Couldn't flush system prefs: java.util.prefs.BackingStoreException: Couldn't get file lock.
2026-07-03 14:28:59,883 [ERROR] LogOutputStream:75 - [STDERR_REDIRECT] 
2026-07-03 14:29:29,877 [ERROR] LogOutputStream:75 - [STDERR_REDIRECT] Jul 03, 2026 2:29:29 PM java.util.prefs.FileSystemPreferences checkLockFile0ErrorCode
2026-07-03 14:29:29,881 [ERROR] LogOutputStream:75 - [STDERR_REDIRECT] WARNING: Could not lock System prefs. Unix error code 1856905385.
2026-07-03 14:29:29,885 [ERROR] LogOutputStream:75 - [STDERR_REDIRECT] 
2026-07-03 14:29:29,890 [ERROR] LogOutputStream:75 - [STDERR_REDIRECT] Jul 03, 2026 2:29:29 PM java.util.prefs.FileSystemPreferences syncWorld
2026-07-03 14:29:29,891 [ERROR] LogOutputStream:75 - [STDERR_REDIRECT] WARNING: Couldn't flush system prefs: java.util.prefs.BackingStoreException: Couldn't get file lock.
2026-07-03 14:29:29,892 [ERROR] LogOutputStream:75 - [STDERR_REDIRECT] 
2026-07-03 14:29:59,875 [ERROR] LogOutputStream:75 - [STDERR_REDIRECT] Jul 03, 2026 2:29:59 PM java.util.prefs.FileSystemPreferences checkLockFile0ErrorCode
2026-07-03 14:29:59,879 [ERROR] LogOutputStream:75 - [STDERR_REDIRECT] WARNING: Could not lock System prefs. Unix error code 1856905385.
2026-07-03 14:29:59,882 [ERROR] LogOutputStream:75 - [STDERR_REDIRECT] 
2026-07-03 14:29:59,884 [ERROR] LogOutputStream:75 - [STDERR_REDIRECT] Jul 03, 2026 2:29:59 PM java.util.prefs.FileSystemPreferences syncWorld
2026-07-03 14:29:59,884 [ERROR] LogOutputStream:75 - [STDERR_REDIRECT] WARNING: Couldn't flush system prefs: java.util.prefs.BackingStoreException: Couldn't get file lock.
2026-07-03 14:29:59,884 [ERROR] LogOutputStream:75 - [STDERR_REDIRECT] 
2026-07-03 14:30:29,879 [ERROR] LogOutputStream:75 - [STDERR_REDIRECT] Jul 03, 2026 2:30:29 PM java.util.prefs.FileSystemPreferences checkLockFile0ErrorCode
2026-07-03 14:30:29,879 [ERROR] LogOutputStream:75 - [STDERR_REDIRECT] WARNING: Could not lock System prefs. Unix error code 1856905385.
2026-07-03 14:30:29,879 [ERROR] LogOutputStream:75 - [STDERR_REDIRECT] 
2026-07-03 14:30:29,880 [ERROR] LogOutputStream:75 - [STDERR_REDIRECT] Jul 03, 2026 2:30:29 PM java.util.prefs.FileSystemPreferences syncWorld
2026-07-03 14:30:29,880 [ERROR] LogOutputStream:75 - [STDERR_REDIRECT] WARNING: Couldn't flush system prefs: java.util.prefs.BackingStoreException: Couldn't get file lock.
2026-07-03 14:30:29,883 [ERROR] LogOutputStream:75 - [STDERR_REDIRECT] 
2026-07-03 14:30:59,878 [ERROR] LogOutputStream:75 - [STDERR_REDIRECT] Jul 03, 2026 2:30:59 PM java.util.prefs.FileSystemPreferences checkLockFile0ErrorCode
2026-07-03 14:30:59,883 [ERROR] LogOutputStream:75 - [STDERR_REDIRECT] WARNING: Could not lock System prefs. Unix error code 1856905385.
2026-07-03 14:30:59,883 [ERROR] LogOutputStream:75 - [STDERR_REDIRECT] 
2026-07-03 14:30:59,888 [ERROR] LogOutputStream:75 - [STDERR_REDIRECT] Jul 03, 2026 2:30:59 PM java.util.prefs.FileSystemPreferences syncWorld
2026-07-03 14:30:59,889 [ERROR] LogOutputStream:75 - [STDERR_REDIRECT] WARNING: Couldn't flush system prefs: java.util.prefs.BackingStoreException: Couldn't get file lock.
2026-07-03 14:30:59,890 [ERROR] LogOutputStream:75 - [STDERR_REDIRECT] 
2026-07-03 14:31:29,877 [ERROR] LogOutputStream:75 - [STDERR_REDIRECT] Jul 03, 2026 2:31:29 PM java.util.prefs.FileSystemPreferences checkLockFile0ErrorCode
2026-07-03 14:31:29,877 [ERROR] LogOutputStream:75 - [STDERR_REDIRECT] WARNING: Could not lock System prefs. Unix error code 1856905385.
2026-07-03 14:31:29,877 [ERROR] LogOutputStream:75 - [STDERR_REDIRECT] 
2026-07-03 14:31:29,883 [ERROR] LogOutputStream:75 - [STDERR_REDIRECT] Jul 03, 2026 2:31:29 PM java.util.prefs.FileSystemPreferences syncWorld
2026-07-03 14:31:29,884 [ERROR] LogOutputStream:75 - [STDERR_REDIRECT] WARNING: Couldn't flush system prefs: java.util.prefs.BackingStoreException: Couldn't get file lock.
2026-07-03 14:31:29,884 [ERROR] LogOutputStream:75 - [STDERR_REDIRECT] 
2026-07-03 14:31:59,885 [ERROR] LogOutputStream:75 - [STDERR_REDIRECT] Jul 03, 2026 2:31:59 PM java.util.prefs.FileSystemPreferences checkLockFile0ErrorCode
2026-07-03 14:31:59,887 [ERROR] LogOutputStream:75 - [STDERR_REDIRECT] WARNING: Could not lock System prefs. Unix error code 1856905385.
2026-07-03 14:31:59,888 [ERROR] LogOutputStream:75 - [STDERR_REDIRECT] 
2026-07-03 14:31:59,894 [ERROR] LogOutputStream:75 - [STDERR_REDIRECT] Jul 03, 2026 2:31:59 PM java.util.prefs.FileSystemPreferences syncWorld
2026-07-03 14:31:59,895 [ERROR] LogOutputStream:75 - [STDERR_REDIRECT] WARNING: Couldn't flush system prefs: java.util.prefs.BackingStoreException: Couldn't get file lock.
2026-07-03 14:31:59,895 [ERROR] LogOutputStream:75 - [STDERR_REDIRECT] 
2026-07-03 14:32:29,885 [ERROR] LogOutputStream:75 - [STDERR_REDIRECT] Jul 03, 2026 2:32:29 PM java.util.prefs.FileSystemPreferences checkLockFile0ErrorCode
2026-07-03 14:32:29,885 [ERROR] LogOutputStream:75 - [STDERR_REDIRECT] WARNING: Could not lock System prefs. Unix error code 1856905385.
2026-07-03 14:32:29,886 [ERROR] LogOutputStream:75 - [STDERR_REDIRECT] 
2026-07-03 14:32:29,890 [ERROR] LogOutputStream:75 - [STDERR_REDIRECT] Jul 03, 2026 2:32:29 PM java.util.prefs.FileSystemPreferences syncWorld
2026-07-03 14:32:29,893 [ERROR] LogOutputStream:75 - [STDERR_REDIRECT] WARNING: Couldn't flush system prefs: java.util.prefs.BackingStoreException: Couldn't get file lock.
2026-07-03 14:32:29,894 [ERROR] LogOutputStream:75 - [STDERR_REDIRECT] 
2026-07-03 14:32:59,884 [ERROR] LogOutputStream:75 - [STDERR_REDIRECT] Jul 03, 2026 2:32:59 PM java.util.prefs.FileSystemPreferences checkLockFile0ErrorCode
2026-07-03 14:32:59,885 [ERROR] LogOutputStream:75 - [STDERR_REDIRECT] WARNING: Could not lock System prefs. Unix error code 1856905385.
2026-07-03 14:32:59,885 [ERROR] LogOutputStream:75 - [STDERR_REDIRECT] 
2026-07-03 14:32:59,885 [ERROR] LogOutputStream:75 - [STDERR_REDIRECT] Jul 03, 2026 2:32:59 PM java.util.prefs.FileSystemPreferences syncWorld
2026-07-03 14:32:59,886 [ERROR] LogOutputStream:75 - [STDERR_REDIRECT] WARNING: Couldn't flush system prefs: java.util.prefs.BackingStoreException: Couldn't get file lock.
2026-07-03 14:32:59,886 [ERROR] LogOutputStream:75 - [STDERR_REDIRECT] 
2026-07-03 14:33:29,889 [ERROR] LogOutputStream:75 - [STDERR_REDIRECT] Jul 03, 2026 2:33:29 PM java.util.prefs.FileSystemPreferences checkLockFile0ErrorCode
2026-07-03 14:33:29,890 [ERROR] LogOutputStream:75 - [STDERR_REDIRECT] WARNING: Could not lock System prefs. Unix error code 1856905385.
2026-07-03 14:33:29,890 [ERROR] LogOutputStream:75 - [STDERR_REDIRECT] 
2026-07-03 14:33:29,894 [ERROR] LogOutputStream:75 - [STDERR_REDIRECT] Jul 03, 2026 2:33:29 PM java.util.prefs.FileSystemPreferences syncWorld
2026-07-03 14:33:29,899 [ERROR] LogOutputStream:75 - [STDERR_REDIRECT] WARNING: Couldn't flush system prefs: java.util.prefs.BackingStoreException: Couldn't get file lock.
2026-07-03 14:33:29,899 [ERROR] LogOutputStream:75 - [STDERR_REDIRECT] 
2026-07-03 14:33:59,914 [ERROR] LogOutputStream:75 - [STDERR_REDIRECT] Jul 03, 2026 2:33:59 PM java.util.prefs.FileSystemPreferences checkLockFile0ErrorCode
2026-07-03 14:33:59,914 [ERROR] LogOutputStream:75 - [STDERR_REDIRECT] WARNING: Could not lock System prefs. Unix error code 1856905385.
2026-07-03 14:33:59,914 [ERROR] LogOutputStream:75 - [STDERR_REDIRECT] 
2026-07-03 14:33:59,929 [ERROR] LogOutputStream:75 - [STDERR_REDIRECT] Jul 03, 2026 2:33:59 PM java.util.prefs.FileSystemPreferences syncWorld
2026-07-03 14:33:59,929 [ERROR] LogOutputStream:75 - [STDERR_REDIRECT] WARNING: Couldn't flush system prefs: java.util.prefs.BackingStoreException: Couldn't get file lock.
2026-07-03 14:33:59,929 [ERROR] LogOutputStream:75 - [STDERR_REDIRECT] 
2026-07-03 14:34:29,894 [ERROR] LogOutputStream:75 - [STDERR_REDIRECT] Jul 03, 2026 2:34:29 PM java.util.prefs.FileSystemPreferences checkLockFile0ErrorCode
2026-07-03 14:34:29,896 [ERROR] LogOutputStream:75 - [STDERR_REDIRECT] WARNING: Could not lock System prefs. Unix error code 1856905385.
2026-07-03 14:34:29,896 [ERROR] LogOutputStream:75 - [STDERR_REDIRECT] 
2026-07-03 14:34:29,901 [ERROR] LogOutputStream:75 - [STDERR_REDIRECT] Jul 03, 2026 2:34:29 PM java.util.prefs.FileSystemPreferences syncWorld
2026-07-03 14:34:29,901 [ERROR] LogOutputStream:75 - [STDERR_REDIRECT] WARNING: Couldn't flush system prefs: java.util.prefs.BackingStoreException: Couldn't get file lock.
2026-07-03 14:34:29,905 [ERROR] LogOutputStream:75 - [STDERR_REDIRECT] 
2026-07-03 14:34:59,888 [ERROR] LogOutputStream:75 - [STDERR_REDIRECT] Jul 03, 2026 2:34:59 PM java.util.prefs.FileSystemPreferences checkLockFile0ErrorCode
2026-07-03 14:34:59,888 [ERROR] LogOutputStream:75 - [STDERR_REDIRECT] WARNING: Could not lock System prefs. Unix error code 1856905385.
2026-07-03 14:34:59,888 [ERROR] LogOutputStream:75 - [STDERR_REDIRECT] 
2026-07-03 14:34:59,891 [ERROR] LogOutputStream:75 - [STDERR_REDIRECT] Jul 03, 2026 2:34:59 PM java.util.prefs.FileSystemPreferences syncWorld
2026-07-03 14:34:59,891 [ERROR] LogOutputStream:75 - [STDERR_REDIRECT] WARNING: Couldn't flush system prefs: java.util.prefs.BackingStoreException: Couldn't get file lock.
2026-07-03 14:34:59,891 [ERROR] LogOutputStream:75 - [STDERR_REDIRECT] 
2026-07-03 14:35:29,900 [ERROR] LogOutputStream:75 - [STDERR_REDIRECT] Jul 03, 2026 2:35:29 PM java.util.prefs.FileSystemPreferences checkLockFile0ErrorCode
2026-07-03 14:35:29,900 [ERROR] LogOutputStream:75 - [STDERR_REDIRECT] WARNING: Could not lock System prefs. Unix error code 1856905385.
2026-07-03 14:35:29,900 [ERROR] LogOutputStream:75 - [STDERR_REDIRECT] 
2026-07-03 14:35:29,900 [ERROR] LogOutputStream:75 - [STDERR_REDIRECT] Jul 03, 2026 2:35:29 PM java.util.prefs.FileSystemPreferences syncWorld
2026-07-03 14:35:29,901 [ERROR] LogOutputStream:75 - [STDERR_REDIRECT] WARNING: Couldn't flush system prefs: java.util.prefs.BackingStoreException: Couldn't get file lock.
2026-07-03 14:35:29,903 [ERROR] LogOutputStream:75 - [STDERR_REDIRECT] 
2026-07-03 14:35:59,902 [ERROR] LogOutputStream:75 - [STDERR_REDIRECT] Jul 03, 2026 2:35:59 PM java.util.prefs.FileSystemPreferences checkLockFile0ErrorCode
2026-07-03 14:35:59,902 [ERROR] LogOutputStream:75 - [STDERR_REDIRECT] WARNING: Could not lock System prefs. Unix error code 1856905385.
2026-07-03 14:35:59,903 [ERROR] LogOutputStream:75 - [STDERR_REDIRECT] 
2026-07-03 14:35:59,904 [ERROR] LogOutputStream:75 - [STDERR_REDIRECT] Jul 03, 2026 2:35:59 PM java.util.prefs.FileSystemPreferences syncWorld
2026-07-03 14:35:59,908 [ERROR] LogOutputStream:75 - [STDERR_REDIRECT] WARNING: Couldn't flush system prefs: java.util.prefs.BackingStoreException: Couldn't get file lock.
2026-07-03 14:35:59,908 [ERROR] LogOutputStream:75 - [STDERR_REDIRECT] 
2026-07-03 14:36:29,893 [ERROR] LogOutputStream:75 - [STDERR_REDIRECT] Jul 03, 2026 2:36:29 PM java.util.prefs.FileSystemPreferences checkLockFile0ErrorCode
2026-07-03 14:36:29,893 [ERROR] LogOutputStream:75 - [STDERR_REDIRECT] WARNING: Could not lock System prefs. Unix error code 1856905385.
2026-07-03 14:36:29,894 [ERROR] LogOutputStream:75 - [STDERR_REDIRECT] 
2026-07-03 14:36:29,896 [ERROR] LogOutputStream:75 - [STDERR_REDIRECT] Jul 03, 2026 2:36:29 PM java.util.prefs.FileSystemPreferences syncWorld
2026-07-03 14:36:29,896 [ERROR] LogOutputStream:75 - [STDERR_REDIRECT] WARNING: Couldn't flush system prefs: java.util.prefs.BackingStoreException: Couldn't get file lock.
2026-07-03 14:36:29,897 [ERROR] LogOutputStream:75 - [STDERR_REDIRECT] 
2026-07-03 14:36:59,895 [ERROR] LogOutputStream:75 - [STDERR_REDIRECT] Jul 03, 2026 2:36:59 PM java.util.prefs.FileSystemPreferences checkLockFile0ErrorCode
2026-07-03 14:36:59,898 [ERROR] LogOutputStream:75 - [STDERR_REDIRECT] WARNING: Could not lock System prefs. Unix error code 1856905385.
2026-07-03 14:36:59,899 [ERROR] LogOutputStream:75 - [STDERR_REDIRECT] 
2026-07-03 14:36:59,905 [ERROR] LogOutputStream:75 - [STDERR_REDIRECT] Jul 03, 2026 2:36:59 PM java.util.prefs.FileSystemPreferences syncWorld
2026-07-03 14:36:59,907 [ERROR] LogOutputStream:75 - [STDERR_REDIRECT] WARNING: Couldn't flush system prefs: java.util.prefs.BackingStoreException: Couldn't get file lock.
2026-07-03 14:36:59,907 [ERROR] LogOutputStream:75 - [STDERR_REDIRECT] 
2026-07-03 14:37:29,895 [ERROR] LogOutputStream:75 - [STDERR_REDIRECT] Jul 03, 2026 2:37:29 PM java.util.prefs.FileSystemPreferences checkLockFile0ErrorCode
2026-07-03 14:37:29,900 [ERROR] LogOutputStream:75 - [STDERR_REDIRECT] WARNING: Could not lock System prefs. Unix error code 1856905385.
2026-07-03 14:37:29,902 [ERROR] LogOutputStream:75 - [STDERR_REDIRECT] 
2026-07-03 14:37:29,910 [ERROR] LogOutputStream:75 - [STDERR_REDIRECT] Jul 03, 2026 2:37:29 PM java.util.prefs.FileSystemPreferences syncWorld
2026-07-03 14:37:29,912 [ERROR] LogOutputStream:75 - [STDERR_REDIRECT] WARNING: Couldn't flush system prefs: java.util.prefs.BackingStoreException: Couldn't get file lock.
2026-07-03 14:37:29,912 [ERROR] LogOutputStream:75 - [STDERR_REDIRECT] 
2026-07-03 14:37:59,921 [ERROR] LogOutputStream:75 - [STDERR_REDIRECT] Jul 03, 2026 2:37:59 PM java.util.prefs.FileSystemPreferences checkLockFile0ErrorCode
2026-07-03 14:37:59,922 [ERROR] LogOutputStream:75 - [STDERR_REDIRECT] WARNING: Could not lock System prefs. Unix error code 1856905385.
2026-07-03 14:37:59,922 [ERROR] LogOutputStream:75 - [STDERR_REDIRECT] 
2026-07-03 14:37:59,927 [ERROR] LogOutputStream:75 - [STDERR_REDIRECT] Jul 03, 2026 2:37:59 PM java.util.prefs.FileSystemPreferences syncWorld
2026-07-03 14:37:59,932 [ERROR] LogOutputStream:75 - [STDERR_REDIRECT] WARNING: Couldn't flush system prefs: java.util.prefs.BackingStoreException: Couldn't get file lock.
2026-07-03 14:37:59,932 [ERROR] LogOutputStream:75 - [STDERR_REDIRECT] 
2026-07-03 14:38:29,902 [ERROR] LogOutputStream:75 - [STDERR_REDIRECT] Jul 03, 2026 2:38:29 PM java.util.prefs.FileSystemPreferences checkLockFile0ErrorCode
2026-07-03 14:38:29,907 [ERROR] LogOutputStream:75 - [STDERR_REDIRECT] WARNING: Could not lock System prefs. Unix error code 1856905385.
2026-07-03 14:38:29,907 [ERROR] LogOutputStream:75 - [STDERR_REDIRECT] 
2026-07-03 14:38:29,908 [ERROR] LogOutputStream:75 - [STDERR_REDIRECT] Jul 03, 2026 2:38:29 PM java.util.prefs.FileSystemPreferences syncWorld
2026-07-03 14:38:29,911 [ERROR] LogOutputStream:75 - [STDERR_REDIRECT] WARNING: Couldn't flush system prefs: java.util.prefs.BackingStoreException: Couldn't get file lock.
2026-07-03 14:38:29,914 [ERROR] LogOutputStream:75 - [STDERR_REDIRECT] 
2026-07-03 14:38:59,901 [ERROR] LogOutputStream:75 - [STDERR_REDIRECT] Jul 03, 2026 2:38:59 PM java.util.prefs.FileSystemPreferences checkLockFile0ErrorCode
2026-07-03 14:38:59,904 [ERROR] LogOutputStream:75 - [STDERR_REDIRECT] WARNING: Could not lock System prefs. Unix error code 1856905385.
2026-07-03 14:38:59,905 [ERROR] LogOutputStream:75 - [STDERR_REDIRECT] 
2026-07-03 14:38:59,909 [ERROR] LogOutputStream:75 - [STDERR_REDIRECT] Jul 03, 2026 2:38:59 PM java.util.prefs.FileSystemPreferences syncWorld
2026-07-03 14:38:59,910 [ERROR] LogOutputStream:75 - [STDERR_REDIRECT] WARNING: Couldn't flush system prefs: java.util.prefs.BackingStoreException: Couldn't get file lock.
2026-07-03 14:38:59,913 [ERROR] LogOutputStream:75 - [STDERR_REDIRECT] 
2026-07-03 14:39:29,900 [ERROR] LogOutputStream:75 - [STDERR_REDIRECT] Jul 03, 2026 2:39:29 PM java.util.prefs.FileSystemPreferences checkLockFile0ErrorCode
2026-07-03 14:39:29,901 [ERROR] LogOutputStream:75 - [STDERR_REDIRECT] WARNING: Could not lock System prefs. Unix error code 1856905385.
2026-07-03 14:39:29,904 [ERROR] LogOutputStream:75 - [STDERR_REDIRECT] 
2026-07-03 14:39:29,906 [ERROR] LogOutputStream:75 - [STDERR_REDIRECT] Jul 03, 2026 2:39:29 PM java.util.prefs.FileSystemPreferences syncWorld
2026-07-03 14:39:29,906 [ERROR] LogOutputStream:75 - [STDERR_REDIRECT] WARNING: Couldn't flush system prefs: java.util.prefs.BackingStoreException: Couldn't get file lock.
2026-07-03 14:39:29,907 [ERROR] LogOutputStream:75 - [STDERR_REDIRECT] 
2026-07-03 14:39:59,910 [ERROR] LogOutputStream:75 - [STDERR_REDIRECT] Jul 03, 2026 2:39:59 PM java.util.prefs.FileSystemPreferences checkLockFile0ErrorCode
2026-07-03 14:39:59,912 [ERROR] LogOutputStream:75 - [STDERR_REDIRECT] WARNING: Could not lock System prefs. Unix error code 1856905385.
2026-07-03 14:39:59,912 [ERROR] LogOutputStream:75 - [STDERR_REDIRECT] 
2026-07-03 14:39:59,918 [ERROR] LogOutputStream:75 - [STDERR_REDIRECT] Jul 03, 2026 2:39:59 PM java.util.prefs.FileSystemPreferences syncWorld
2026-07-03 14:39:59,921 [ERROR] LogOutputStream:75 - [STDERR_REDIRECT] WARNING: Couldn't flush system prefs: java.util.prefs.BackingStoreException: Couldn't get file lock.
2026-07-03 14:39:59,921 [ERROR] LogOutputStream:75 - [STDERR_REDIRECT] 
2026-07-03 14:40:29,907 [ERROR] LogOutputStream:75 - [STDERR_REDIRECT] Jul 03, 2026 2:40:29 PM java.util.prefs.FileSystemPreferences checkLockFile0ErrorCode
2026-07-03 14:40:29,908 [ERROR] LogOutputStream:75 - [STDERR_REDIRECT] WARNING: Could not lock System prefs. Unix error code 1856905385.
2026-07-03 14:40:29,910 [ERROR] LogOutputStream:75 - [STDERR_REDIRECT] 
2026-07-03 14:40:29,914 [ERROR] LogOutputStream:75 - [STDERR_REDIRECT] Jul 03, 2026 2:40:29 PM java.util.prefs.FileSystemPreferences syncWorld
2026-07-03 14:40:29,914 [ERROR] LogOutputStream:75 - [STDERR_REDIRECT] WARNING: Couldn't flush system prefs: java.util.prefs.BackingStoreException: Couldn't get file lock.
2026-07-03 14:40:29,915 [ERROR] LogOutputStream:75 - [STDERR_REDIRECT] 
2026-07-03 14:40:59,915 [ERROR] LogOutputStream:75 - [STDERR_REDIRECT] Jul 03, 2026 2:40:59 PM java.util.prefs.FileSystemPreferences checkLockFile0ErrorCode
2026-07-03 14:40:59,915 [ERROR] LogOutputStream:75 - [STDERR_REDIRECT] WARNING: Could not lock System prefs. Unix error code 1856905385.
2026-07-03 14:40:59,916 [ERROR] LogOutputStream:75 - [STDERR_REDIRECT] 
2026-07-03 14:40:59,921 [ERROR] LogOutputStream:75 - [STDERR_REDIRECT] Jul 03, 2026 2:40:59 PM java.util.prefs.FileSystemPreferences syncWorld
2026-07-03 14:40:59,922 [ERROR] LogOutputStream:75 - [STDERR_REDIRECT] WARNING: Couldn't flush system prefs: java.util.prefs.BackingStoreException: Couldn't get file lock.
2026-07-03 14:40:59,926 [ERROR] LogOutputStream:75 - [STDERR_REDIRECT] 
2026-07-03 14:41:29,911 [ERROR] LogOutputStream:75 - [STDERR_REDIRECT] Jul 03, 2026 2:41:29 PM java.util.prefs.FileSystemPreferences checkLockFile0ErrorCode
2026-07-03 14:41:29,911 [ERROR] LogOutputStream:75 - [STDERR_REDIRECT] WARNING: Could not lock System prefs. Unix error code 1856905385.
2026-07-03 14:41:29,911 [ERROR] LogOutputStream:75 - [STDERR_REDIRECT] 
2026-07-03 14:41:29,916 [ERROR] LogOutputStream:75 - [STDERR_REDIRECT] Jul 03, 2026 2:41:29 PM java.util.prefs.FileSystemPreferences syncWorld
2026-07-03 14:41:29,916 [ERROR] LogOutputStream:75 - [STDERR_REDIRECT] WARNING: Couldn't flush system prefs: java.util.prefs.BackingStoreException: Couldn't get file lock.
2026-07-03 14:41:29,917 [ERROR] LogOutputStream:75 - [STDERR_REDIRECT] 
2026-07-03 14:41:59,918 [ERROR] LogOutputStream:75 - [STDERR_REDIRECT] Jul 03, 2026 2:41:59 PM java.util.prefs.FileSystemPreferences checkLockFile0ErrorCode
2026-07-03 14:41:59,921 [ERROR] LogOutputStream:75 - [STDERR_REDIRECT] WARNING: Could not lock System prefs. Unix error code 1856905385.
2026-07-03 14:41:59,921 [ERROR] LogOutputStream:75 - [STDERR_REDIRECT] 
2026-07-03 14:41:59,930 [ERROR] LogOutputStream:75 - [STDERR_REDIRECT] Jul 03, 2026 2:41:59 PM java.util.prefs.FileSystemPreferences syncWorld
2026-07-03 14:41:59,930 [ERROR] LogOutputStream:75 - [STDERR_REDIRECT] WARNING: Couldn't flush system prefs: java.util.prefs.BackingStoreException: Couldn't get file lock.
2026-07-03 14:41:59,930 [ERROR] LogOutputStream:75 - [STDERR_REDIRECT] 
2026-07-03 14:42:29,923 [ERROR] LogOutputStream:75 - [STDERR_REDIRECT] Jul 03, 2026 2:42:29 PM java.util.prefs.FileSystemPreferences checkLockFile0ErrorCode
2026-07-03 14:42:29,924 [ERROR] LogOutputStream:75 - [STDERR_REDIRECT] WARNING: Could not lock System prefs. Unix error code 1856905385.
2026-07-03 14:42:29,925 [ERROR] LogOutputStream:75 - [STDERR_REDIRECT] 
2026-07-03 14:42:29,934 [ERROR] LogOutputStream:75 - [STDERR_REDIRECT] Jul 03, 2026 2:42:29 PM java.util.prefs.FileSystemPreferences syncWorld
2026-07-03 14:42:29,937 [ERROR] LogOutputStream:75 - [STDERR_REDIRECT] WARNING: Couldn't flush system prefs: java.util.prefs.BackingStoreException: Couldn't get file lock.
2026-07-03 14:42:29,937 [ERROR] LogOutputStream:75 - [STDERR_REDIRECT] 
2026-07-03 14:42:59,914 [ERROR] LogOutputStream:75 - [STDERR_REDIRECT] Jul 03, 2026 2:42:59 PM java.util.prefs.FileSystemPreferences checkLockFile0ErrorCode
2026-07-03 14:42:59,916 [ERROR] LogOutputStream:75 - [STDERR_REDIRECT] WARNING: Could not lock System prefs. Unix error code 1856905385.
2026-07-03 14:42:59,917 [ERROR] LogOutputStream:75 - [STDERR_REDIRECT] 
2026-07-03 14:42:59,922 [ERROR] LogOutputStream:75 - [STDERR_REDIRECT] Jul 03, 2026 2:42:59 PM java.util.prefs.FileSystemPreferences syncWorld
2026-07-03 14:42:59,922 [ERROR] LogOutputStream:75 - [STDERR_REDIRECT] WARNING: Couldn't flush system prefs: java.util.prefs.BackingStoreException: Couldn't get file lock.
2026-07-03 14:42:59,922 [ERROR] LogOutputStream:75 - [STDERR_REDIRECT] 
2026-07-03 14:43:29,981 [ERROR] LogOutputStream:75 - [STDERR_REDIRECT] Jul 03, 2026 2:43:29 PM java.util.prefs.FileSystemPreferences checkLockFile0ErrorCode
2026-07-03 14:43:29,983 [ERROR] LogOutputStream:75 - [STDERR_REDIRECT] WARNING: Could not lock System prefs. Unix error code 1856905385.
2026-07-03 14:43:29,983 [ERROR] LogOutputStream:75 - [STDERR_REDIRECT] 
2026-07-03 14:43:29,984 [ERROR] LogOutputStream:75 - [STDERR_REDIRECT] Jul 03, 2026 2:43:29 PM java.util.prefs.FileSystemPreferences syncWorld
2026-07-03 14:43:29,987 [ERROR] LogOutputStream:75 - [STDERR_REDIRECT] WARNING: Couldn't flush system prefs: java.util.prefs.BackingStoreException: Couldn't get file lock.
2026-07-03 14:43:29,988 [ERROR] LogOutputStream:75 - [STDERR_REDIRECT] 
2026-07-03 14:43:59,920 [ERROR] LogOutputStream:75 - [STDERR_REDIRECT] Jul 03, 2026 2:43:59 PM java.util.prefs.FileSystemPreferences checkLockFile0ErrorCode
2026-07-03 14:43:59,923 [ERROR] LogOutputStream:75 - [STDERR_REDIRECT] WARNING: Could not lock System prefs. Unix error code 1856905385.
2026-07-03 14:43:59,924 [ERROR] LogOutputStream:75 - [STDERR_REDIRECT] 
2026-07-03 14:43:59,926 [ERROR] LogOutputStream:75 - [STDERR_REDIRECT] Jul 03, 2026 2:43:59 PM java.util.prefs.FileSystemPreferences syncWorld
2026-07-03 14:43:59,927 [ERROR] LogOutputStream:75 - [STDERR_REDIRECT] WARNING: Couldn't flush system prefs: java.util.prefs.BackingStoreException: Couldn't get file lock.
2026-07-03 14:43:59,927 [ERROR] LogOutputStream:75 - [STDERR_REDIRECT] 
2026-07-03 14:44:30,009 [ERROR] LogOutputStream:75 - [STDERR_REDIRECT] Jul 03, 2026 2:44:30 PM java.util.prefs.FileSystemPreferences checkLockFile0ErrorCode
2026-07-03 14:44:30,009 [ERROR] LogOutputStream:75 - [STDERR_REDIRECT] WARNING: Could not lock System prefs. Unix error code 1856905385.
2026-07-03 14:44:30,009 [ERROR] LogOutputStream:75 - [STDERR_REDIRECT] 
2026-07-03 14:44:30,014 [ERROR] LogOutputStream:75 - [STDERR_REDIRECT] Jul 03, 2026 2:44:30 PM java.util.prefs.FileSystemPreferences syncWorld
2026-07-03 14:44:30,014 [ERROR] LogOutputStream:75 - [STDERR_REDIRECT] WARNING: Couldn't flush system prefs: java.util.prefs.BackingStoreException: Couldn't get file lock.
2026-07-03 14:44:30,014 [ERROR] LogOutputStream:75 - [STDERR_REDIRECT] 
2026-07-03 14:44:59,931 [ERROR] LogOutputStream:75 - [STDERR_REDIRECT] Jul 03, 2026 2:44:59 PM java.util.prefs.FileSystemPreferences checkLockFile0ErrorCode
2026-07-03 14:44:59,931 [ERROR] LogOutputStream:75 - [STDERR_REDIRECT] WARNING: Could not lock System prefs. Unix error code 1856905385.
2026-07-03 14:44:59,931 [ERROR] LogOutputStream:75 - [STDERR_REDIRECT] 
2026-07-03 14:44:59,941 [ERROR] LogOutputStream:75 - [STDERR_REDIRECT] Jul 03, 2026 2:44:59 PM java.util.prefs.FileSystemPreferences syncWorld
2026-07-03 14:44:59,942 [ERROR] LogOutputStream:75 - [STDERR_REDIRECT] WARNING: Couldn't flush system prefs: java.util.prefs.BackingStoreException: Couldn't get file lock.
2026-07-03 14:44:59,942 [ERROR] LogOutputStream:75 - [STDERR_REDIRECT] 
2026-07-03 14:45:29,928 [ERROR] LogOutputStream:75 - [STDERR_REDIRECT] Jul 03, 2026 2:45:29 PM java.util.prefs.FileSystemPreferences checkLockFile0ErrorCode
2026-07-03 14:45:29,930 [ERROR] LogOutputStream:75 - [STDERR_REDIRECT] WARNING: Could not lock System prefs. Unix error code 1856905385.
2026-07-03 14:45:29,936 [ERROR] LogOutputStream:75 - [STDERR_REDIRECT] 
2026-07-03 14:45:29,941 [ERROR] LogOutputStream:75 - [STDERR_REDIRECT] Jul 03, 2026 2:45:29 PM java.util.prefs.FileSystemPreferences syncWorld
2026-07-03 14:45:29,941 [ERROR] LogOutputStream:75 - [STDERR_REDIRECT] WARNING: Couldn't flush system prefs: java.util.prefs.BackingStoreException: Couldn't get file lock.
2026-07-03 14:45:29,941 [ERROR] LogOutputStream:75 - [STDERR_REDIRECT] 
2026-07-03 14:45:59,931 [ERROR] LogOutputStream:75 - [STDERR_REDIRECT] Jul 03, 2026 2:45:59 PM java.util.prefs.FileSystemPreferences checkLockFile0ErrorCode
2026-07-03 14:45:59,932 [ERROR] LogOutputStream:75 - [STDERR_REDIRECT] WARNING: Could not lock System prefs. Unix error code 1856905385.
2026-07-03 14:45:59,935 [ERROR] LogOutputStream:75 - [STDERR_REDIRECT] 
2026-07-03 14:45:59,937 [ERROR] LogOutputStream:75 - [STDERR_REDIRECT] Jul 03, 2026 2:45:59 PM java.util.prefs.FileSystemPreferences syncWorld
2026-07-03 14:45:59,940 [ERROR] LogOutputStream:75 - [STDERR_REDIRECT] WARNING: Couldn't flush system prefs: java.util.prefs.BackingStoreException: Couldn't get file lock.
2026-07-03 14:45:59,941 [ERROR] LogOutputStream:75 - [STDERR_REDIRECT] 
2026-07-03 14:46:29,931 [ERROR] LogOutputStream:75 - [STDERR_REDIRECT] Jul 03, 2026 2:46:29 PM java.util.prefs.FileSystemPreferences checkLockFile0ErrorCode
2026-07-03 14:46:29,933 [ERROR] LogOutputStream:75 - [STDERR_REDIRECT] WARNING: Could not lock System prefs. Unix error code 1856905385.
2026-07-03 14:46:29,934 [ERROR] LogOutputStream:75 - [STDERR_REDIRECT] 
2026-07-03 14:46:29,943 [ERROR] LogOutputStream:75 - [STDERR_REDIRECT] Jul 03, 2026 2:46:29 PM java.util.prefs.FileSystemPreferences syncWorld
2026-07-03 14:46:29,945 [ERROR] LogOutputStream:75 - [STDERR_REDIRECT] WARNING: Couldn't flush system prefs: java.util.prefs.BackingStoreException: Couldn't get file lock.
2026-07-03 14:46:29,947 [ERROR] LogOutputStream:75 - [STDERR_REDIRECT] 
2026-07-03 14:46:59,933 [ERROR] LogOutputStream:75 - [STDERR_REDIRECT] Jul 03, 2026 2:46:59 PM java.util.prefs.FileSystemPreferences checkLockFile0ErrorCode
2026-07-03 14:46:59,934 [ERROR] LogOutputStream:75 - [STDERR_REDIRECT] WARNING: Could not lock System prefs. Unix error code 1856905385.
2026-07-03 14:46:59,937 [ERROR] LogOutputStream:75 - [STDERR_REDIRECT] 
2026-07-03 14:46:59,938 [ERROR] LogOutputStream:75 - [STDERR_REDIRECT] Jul 03, 2026 2:46:59 PM java.util.prefs.FileSystemPreferences syncWorld
2026-07-03 14:46:59,939 [ERROR] LogOutputStream:75 - [STDERR_REDIRECT] WARNING: Couldn't flush system prefs: java.util.prefs.BackingStoreException: Couldn't get file lock.
2026-07-03 14:46:59,940 [ERROR] LogOutputStream:75 - [STDERR_REDIRECT] 
2026-07-03 14:47:29,929 [ERROR] LogOutputStream:75 - [STDERR_REDIRECT] Jul 03, 2026 2:47:29 PM java.util.prefs.FileSystemPreferences checkLockFile0ErrorCode
2026-07-03 14:47:29,929 [ERROR] LogOutputStream:75 - [STDERR_REDIRECT] WARNING: Could not lock System prefs. Unix error code 1856905385.
2026-07-03 14:47:29,929 [ERROR] LogOutputStream:75 - [STDERR_REDIRECT] 
2026-07-03 14:47:29,933 [ERROR] LogOutputStream:75 - [STDERR_REDIRECT] Jul 03, 2026 2:47:29 PM java.util.prefs.FileSystemPreferences syncWorld
2026-07-03 14:47:29,934 [ERROR] LogOutputStream:75 - [STDERR_REDIRECT] WARNING: Couldn't flush system prefs: java.util.prefs.BackingStoreException: Couldn't get file lock.
2026-07-03 14:47:29,934 [ERROR] LogOutputStream:75 - [STDERR_REDIRECT] 
2026-07-03 14:47:59,927 [ERROR] LogOutputStream:75 - [STDERR_REDIRECT] Jul 03, 2026 2:47:59 PM java.util.prefs.FileSystemPreferences checkLockFile0ErrorCode
2026-07-03 14:47:59,931 [ERROR] LogOutputStream:75 - [STDERR_REDIRECT] WARNING: Could not lock System prefs. Unix error code 1856905385.
2026-07-03 14:47:59,931 [ERROR] LogOutputStream:75 - [STDERR_REDIRECT] 
2026-07-03 14:47:59,932 [ERROR] LogOutputStream:75 - [STDERR_REDIRECT] Jul 03, 2026 2:47:59 PM java.util.prefs.FileSystemPreferences syncWorld
2026-07-03 14:47:59,938 [ERROR] LogOutputStream:75 - [STDERR_REDIRECT] WARNING: Couldn't flush system prefs: java.util.prefs.BackingStoreException: Couldn't get file lock.
2026-07-03 14:47:59,939 [ERROR] LogOutputStream:75 - [STDERR_REDIRECT] 
2026-07-03 14:48:29,932 [ERROR] LogOutputStream:75 - [STDERR_REDIRECT] Jul 03, 2026 2:48:29 PM java.util.prefs.FileSystemPreferences checkLockFile0ErrorCode
2026-07-03 14:48:29,933 [ERROR] LogOutputStream:75 - [STDERR_REDIRECT] WARNING: Could not lock System prefs. Unix error code 1856905385.
2026-07-03 14:48:29,933 [ERROR] LogOutputStream:75 - [STDERR_REDIRECT] 
2026-07-03 14:48:29,936 [ERROR] LogOutputStream:75 - [STDERR_REDIRECT] Jul 03, 2026 2:48:29 PM java.util.prefs.FileSystemPreferences syncWorld
2026-07-03 14:48:29,936 [ERROR] LogOutputStream:75 - [STDERR_REDIRECT] WARNING: Couldn't flush system prefs: java.util.prefs.BackingStoreException: Couldn't get file lock.
2026-07-03 14:48:29,939 [ERROR] LogOutputStream:75 - [STDERR_REDIRECT] 
2026-07-03 14:48:59,933 [ERROR] LogOutputStream:75 - [STDERR_REDIRECT] Jul 03, 2026 2:48:59 PM java.util.prefs.FileSystemPreferences checkLockFile0ErrorCode
2026-07-03 14:48:59,936 [ERROR] LogOutputStream:75 - [STDERR_REDIRECT] WARNING: Could not lock System prefs. Unix error code 1856905385.
2026-07-03 14:48:59,937 [ERROR] LogOutputStream:75 - [STDERR_REDIRECT] 
2026-07-03 14:48:59,941 [ERROR] LogOutputStream:75 - [STDERR_REDIRECT] Jul 03, 2026 2:48:59 PM java.util.prefs.FileSystemPreferences syncWorld
2026-07-03 14:48:59,941 [ERROR] LogOutputStream:75 - [STDERR_REDIRECT] WARNING: Couldn't flush system prefs: java.util.prefs.BackingStoreException: Couldn't get file lock.
2026-07-03 14:48:59,941 [ERROR] LogOutputStream:75 - [STDERR_REDIRECT] 
2026-07-03 14:49:29,936 [ERROR] LogOutputStream:75 - [STDERR_REDIRECT] Jul 03, 2026 2:49:29 PM java.util.prefs.FileSystemPreferences checkLockFile0ErrorCode
2026-07-03 14:49:29,936 [ERROR] LogOutputStream:75 - [STDERR_REDIRECT] WARNING: Could not lock System prefs. Unix error code 1856905385.
2026-07-03 14:49:29,936 [ERROR] LogOutputStream:75 - [STDERR_REDIRECT] 
2026-07-03 14:49:29,942 [ERROR] LogOutputStream:75 - [STDERR_REDIRECT] Jul 03, 2026 2:49:29 PM java.util.prefs.FileSystemPreferences syncWorld
2026-07-03 14:49:29,943 [ERROR] LogOutputStream:75 - [STDERR_REDIRECT] WARNING: Couldn't flush system prefs: java.util.prefs.BackingStoreException: Couldn't get file lock.
2026-07-03 14:49:29,943 [ERROR] LogOutputStream:75 - [STDERR_REDIRECT] 
2026-07-03 14:49:59,946 [ERROR] LogOutputStream:75 - [STDERR_REDIRECT] Jul 03, 2026 2:49:59 PM java.util.prefs.FileSystemPreferences checkLockFile0ErrorCode
2026-07-03 14:49:59,948 [ERROR] LogOutputStream:75 - [STDERR_REDIRECT] WARNING: Could not lock System prefs. Unix error code 29467.
2026-07-03 14:49:59,948 [ERROR] LogOutputStream:75 - [STDERR_REDIRECT] 
2026-07-03 14:49:59,957 [ERROR] LogOutputStream:75 - [STDERR_REDIRECT] Jul 03, 2026 2:49:59 PM java.util.prefs.FileSystemPreferences syncWorld
2026-07-03 14:49:59,957 [ERROR] LogOutputStream:75 - [STDERR_REDIRECT] WARNING: Couldn't flush system prefs: java.util.prefs.BackingStoreException: Couldn't get file lock.
2026-07-03 14:49:59,957 [ERROR] LogOutputStream:75 - [STDERR_REDIRECT] 
2026-07-03 14:50:29,945 [ERROR] LogOutputStream:75 - [STDERR_REDIRECT] Jul 03, 2026 2:50:29 PM java.util.prefs.FileSystemPreferences checkLockFile0ErrorCode
2026-07-03 14:50:29,946 [ERROR] LogOutputStream:75 - [STDERR_REDIRECT] WARNING: Could not lock System prefs. Unix error code 5.
2026-07-03 14:50:29,946 [ERROR] LogOutputStream:75 - [STDERR_REDIRECT] 
2026-07-03 14:50:29,948 [ERROR] LogOutputStream:75 - [STDERR_REDIRECT] Jul 03, 2026 2:50:29 PM java.util.prefs.FileSystemPreferences syncWorld
2026-07-03 14:50:29,950 [ERROR] LogOutputStream:75 - [STDERR_REDIRECT] WARNING: Couldn't flush system prefs: java.util.prefs.BackingStoreException: Couldn't get file lock.
2026-07-03 14:50:29,951 [ERROR] LogOutputStream:75 - [STDERR_REDIRECT] 
2026-07-03 14:50:59,961 [ERROR] LogOutputStream:75 - [STDERR_REDIRECT] Jul 03, 2026 2:50:59 PM java.util.prefs.FileSystemPreferences checkLockFile0ErrorCode
2026-07-03 14:50:59,963 [ERROR] LogOutputStream:75 - [STDERR_REDIRECT] WARNING: Could not lock System prefs. Unix error code 5.
2026-07-03 14:50:59,968 [ERROR] LogOutputStream:75 - [STDERR_REDIRECT] 
2026-07-03 14:50:59,970 [ERROR] LogOutputStream:75 - [STDERR_REDIRECT] Jul 03, 2026 2:50:59 PM java.util.prefs.FileSystemPreferences syncWorld
2026-07-03 14:50:59,971 [ERROR] LogOutputStream:75 - [STDERR_REDIRECT] WARNING: Couldn't flush system prefs: java.util.prefs.BackingStoreException: Couldn't get file lock.
2026-07-03 14:50:59,971 [ERROR] LogOutputStream:75 - [STDERR_REDIRECT] 
2026-07-03 14:51:29,950 [ERROR] LogOutputStream:75 - [STDERR_REDIRECT] Jul 03, 2026 2:51:29 PM java.util.prefs.FileSystemPreferences checkLockFile0ErrorCode
2026-07-03 14:51:29,950 [ERROR] LogOutputStream:75 - [STDERR_REDIRECT] WARNING: Could not lock System prefs. Unix error code 5.
2026-07-03 14:51:29,956 [ERROR] LogOutputStream:75 - [STDERR_REDIRECT] 
2026-07-03 14:51:29,957 [ERROR] LogOutputStream:75 - [STDERR_REDIRECT] Jul 03, 2026 2:51:29 PM java.util.prefs.FileSystemPreferences syncWorld
2026-07-03 14:51:29,960 [ERROR] LogOutputStream:75 - [STDERR_REDIRECT] WARNING: Couldn't flush system prefs: java.util.prefs.BackingStoreException: Couldn't get file lock.
2026-07-03 14:51:29,960 [ERROR] LogOutputStream:75 - [STDERR_REDIRECT] 
2026-07-03 14:51:59,950 [ERROR] LogOutputStream:75 - [STDERR_REDIRECT] Jul 03, 2026 2:51:59 PM java.util.prefs.FileSystemPreferences checkLockFile0ErrorCode
2026-07-03 14:51:59,952 [ERROR] LogOutputStream:75 - [STDERR_REDIRECT] WARNING: Could not lock System prefs. Unix error code 5.
2026-07-03 14:51:59,953 [ERROR] LogOutputStream:75 - [STDERR_REDIRECT] 
2026-07-03 14:51:59,953 [ERROR] LogOutputStream:75 - [STDERR_REDIRECT] Jul 03, 2026 2:51:59 PM java.util.prefs.FileSystemPreferences syncWorld
2026-07-03 14:51:59,957 [ERROR] LogOutputStream:75 - [STDERR_REDIRECT] WARNING: Couldn't flush system prefs: java.util.prefs.BackingStoreException: Couldn't get file lock.
2026-07-03 14:51:59,958 [ERROR] LogOutputStream:75 - [STDERR_REDIRECT] 
2026-07-03 14:52:29,952 [ERROR] LogOutputStream:75 - [STDERR_REDIRECT] Jul 03, 2026 2:52:29 PM java.util.prefs.FileSystemPreferences checkLockFile0ErrorCode
2026-07-03 14:52:29,957 [ERROR] LogOutputStream:75 - [STDERR_REDIRECT] WARNING: Could not lock System prefs. Unix error code 5.
2026-07-03 14:52:29,960 [ERROR] LogOutputStream:75 - [STDERR_REDIRECT] 
2026-07-03 14:52:29,961 [ERROR] LogOutputStream:75 - [STDERR_REDIRECT] Jul 03, 2026 2:52:29 PM java.util.prefs.FileSystemPreferences syncWorld
2026-07-03 14:52:29,961 [ERROR] LogOutputStream:75 - [STDERR_REDIRECT] WARNING: Couldn't flush system prefs: java.util.prefs.BackingStoreException: Couldn't get file lock.
2026-07-03 14:52:29,961 [ERROR] LogOutputStream:75 - [STDERR_REDIRECT] 
2026-07-03 14:52:59,961 [ERROR] LogOutputStream:75 - [STDERR_REDIRECT] Jul 03, 2026 2:52:59 PM java.util.prefs.FileSystemPreferences checkLockFile0ErrorCode
2026-07-03 14:52:59,961 [ERROR] LogOutputStream:75 - [STDERR_REDIRECT] WARNING: Could not lock System prefs. Unix error code 5.
2026-07-03 14:52:59,961 [ERROR] LogOutputStream:75 - [STDERR_REDIRECT] 
2026-07-03 14:52:59,968 [ERROR] LogOutputStream:75 - [STDERR_REDIRECT] Jul 03, 2026 2:52:59 PM java.util.prefs.FileSystemPreferences syncWorld
2026-07-03 14:52:59,968 [ERROR] LogOutputStream:75 - [STDERR_REDIRECT] WARNING: Couldn't flush system prefs: java.util.prefs.BackingStoreException: Couldn't get file lock.
2026-07-03 14:52:59,968 [ERROR] LogOutputStream:75 - [STDERR_REDIRECT] 
2026-07-03 14:53:29,960 [ERROR] LogOutputStream:75 - [STDERR_REDIRECT] Jul 03, 2026 2:53:29 PM java.util.prefs.FileSystemPreferences checkLockFile0ErrorCode
2026-07-03 14:53:29,961 [ERROR] LogOutputStream:75 - [STDERR_REDIRECT] WARNING: Could not lock System prefs. Unix error code 5.
2026-07-03 14:53:29,961 [ERROR] LogOutputStream:75 - [STDERR_REDIRECT] 
2026-07-03 14:53:29,961 [ERROR] LogOutputStream:75 - [STDERR_REDIRECT] Jul 03, 2026 2:53:29 PM java.util.prefs.FileSystemPreferences syncWorld
2026-07-03 14:53:29,962 [ERROR] LogOutputStream:75 - [STDERR_REDIRECT] WARNING: Couldn't flush system prefs: java.util.prefs.BackingStoreException: Couldn't get file lock.
2026-07-03 14:53:29,962 [ERROR] LogOutputStream:75 - [STDERR_REDIRECT] 
2026-07-03 14:53:59,960 [ERROR] LogOutputStream:75 - [STDERR_REDIRECT] Jul 03, 2026 2:53:59 PM java.util.prefs.FileSystemPreferences checkLockFile0ErrorCode
2026-07-03 14:53:59,961 [ERROR] LogOutputStream:75 - [STDERR_REDIRECT] WARNING: Could not lock System prefs. Unix error code 5.
2026-07-03 14:53:59,961 [ERROR] LogOutputStream:75 - [STDERR_REDIRECT] 
2026-07-03 14:53:59,961 [ERROR] LogOutputStream:75 - [STDERR_REDIRECT] Jul 03, 2026 2:53:59 PM java.util.prefs.FileSystemPreferences syncWorld
2026-07-03 14:53:59,961 [ERROR] LogOutputStream:75 - [STDERR_REDIRECT] WARNING: Couldn't flush system prefs: java.util.prefs.BackingStoreException: Couldn't get file lock.
2026-07-03 14:53:59,961 [ERROR] LogOutputStream:75 - [STDERR_REDIRECT] 
2026-07-03 14:54:30,009 [ERROR] LogOutputStream:75 - [STDERR_REDIRECT] Jul 03, 2026 2:54:30 PM java.util.prefs.FileSystemPreferences checkLockFile0ErrorCode
2026-07-03 14:54:30,010 [ERROR] LogOutputStream:75 - [STDERR_REDIRECT] WARNING: Could not lock System prefs. Unix error code 5.
2026-07-03 14:54:30,010 [ERROR] LogOutputStream:75 - [STDERR_REDIRECT] 
2026-07-03 14:54:30,011 [ERROR] LogOutputStream:75 - [STDERR_REDIRECT] Jul 03, 2026 2:54:30 PM java.util.prefs.FileSystemPreferences syncWorld
2026-07-03 14:54:30,012 [ERROR] LogOutputStream:75 - [STDERR_REDIRECT] WARNING: Couldn't flush system prefs: java.util.prefs.BackingStoreException: Couldn't get file lock.
2026-07-03 14:54:30,012 [ERROR] LogOutputStream:75 - [STDERR_REDIRECT] 
2026-07-03 14:54:59,981 [ERROR] LogOutputStream:75 - [STDERR_REDIRECT] Jul 03, 2026 2:54:59 PM java.util.prefs.FileSystemPreferences checkLockFile0ErrorCode
2026-07-03 14:54:59,986 [ERROR] LogOutputStream:75 - [STDERR_REDIRECT] WARNING: Could not lock System prefs. Unix error code 5.
2026-07-03 14:54:59,986 [ERROR] LogOutputStream:75 - [STDERR_REDIRECT] 
2026-07-03 14:54:59,987 [ERROR] LogOutputStream:75 - [STDERR_REDIRECT] Jul 03, 2026 2:54:59 PM java.util.prefs.FileSystemPreferences syncWorld
2026-07-03 14:54:59,987 [ERROR] LogOutputStream:75 - [STDERR_REDIRECT] WARNING: Couldn't flush system prefs: java.util.prefs.BackingStoreException: Couldn't get file lock.
2026-07-03 14:54:59,994 [ERROR] LogOutputStream:75 - [STDERR_REDIRECT] 
2026-07-03 14:55:30,010 [ERROR] LogOutputStream:75 - [STDERR_REDIRECT] Jul 03, 2026 2:55:30 PM java.util.prefs.FileSystemPreferences checkLockFile0ErrorCode
2026-07-03 14:55:30,011 [ERROR] LogOutputStream:75 - [STDERR_REDIRECT] WARNING: Could not lock System prefs. Unix error code 5.
2026-07-03 14:55:30,013 [ERROR] LogOutputStream:75 - [STDERR_REDIRECT] 
2026-07-03 14:55:30,019 [ERROR] LogOutputStream:75 - [STDERR_REDIRECT] Jul 03, 2026 2:55:30 PM java.util.prefs.FileSystemPreferences syncWorld
2026-07-03 14:55:30,019 [ERROR] LogOutputStream:75 - [STDERR_REDIRECT] WARNING: Couldn't flush system prefs: java.util.prefs.BackingStoreException: Couldn't get file lock.
2026-07-03 14:55:30,019 [ERROR] LogOutputStream:75 - [STDERR_REDIRECT] 
2026-07-03 14:56:00,047 [ERROR] LogOutputStream:75 - [STDERR_REDIRECT] Jul 03, 2026 2:56:00 PM java.util.prefs.FileSystemPreferences checkLockFile0ErrorCode
2026-07-03 14:56:00,052 [ERROR] LogOutputStream:75 - [STDERR_REDIRECT] WARNING: Could not lock System prefs. Unix error code 5.
2026-07-03 14:56:00,057 [ERROR] LogOutputStream:75 - [STDERR_REDIRECT] 
2026-07-03 14:56:00,058 [ERROR] LogOutputStream:75 - [STDERR_REDIRECT] Jul 03, 2026 2:56:00 PM java.util.prefs.FileSystemPreferences syncWorld
2026-07-03 14:56:00,058 [ERROR] LogOutputStream:75 - [STDERR_REDIRECT] WARNING: Couldn't flush system prefs: java.util.prefs.BackingStoreException: Couldn't get file lock.
2026-07-03 14:56:00,058 [ERROR] LogOutputStream:75 - [STDERR_REDIRECT] 
2026-07-03 14:56:29,976 [ERROR] LogOutputStream:75 - [STDERR_REDIRECT] Jul 03, 2026 2:56:29 PM java.util.prefs.FileSystemPreferences checkLockFile0ErrorCode
2026-07-03 14:56:29,980 [ERROR] LogOutputStream:75 - [STDERR_REDIRECT] WARNING: Could not lock System prefs. Unix error code 5.
2026-07-03 14:56:29,980 [ERROR] LogOutputStream:75 - [STDERR_REDIRECT] 
2026-07-03 14:56:29,981 [ERROR] LogOutputStream:75 - [STDERR_REDIRECT] Jul 03, 2026 2:56:29 PM java.util.prefs.FileSystemPreferences syncWorld
2026-07-03 14:56:29,982 [ERROR] LogOutputStream:75 - [STDERR_REDIRECT] WARNING: Couldn't flush system prefs: java.util.prefs.BackingStoreException: Couldn't get file lock.
2026-07-03 14:56:29,986 [ERROR] LogOutputStream:75 - [STDERR_REDIRECT] 
2026-07-03 14:56:59,987 [ERROR] LogOutputStream:75 - [STDERR_REDIRECT] Jul 03, 2026 2:56:59 PM java.util.prefs.FileSystemPreferences checkLockFile0ErrorCode
2026-07-03 14:56:59,987 [ERROR] LogOutputStream:75 - [STDERR_REDIRECT] WARNING: Could not lock System prefs. Unix error code 5.
2026-07-03 14:56:59,988 [ERROR] LogOutputStream:75 - [STDERR_REDIRECT] 
2026-07-03 14:56:59,988 [ERROR] LogOutputStream:75 - [STDERR_REDIRECT] Jul 03, 2026 2:56:59 PM java.util.prefs.FileSystemPreferences syncWorld
2026-07-03 14:57:00,001 [ERROR] LogOutputStream:75 - [STDERR_REDIRECT] WARNING: Couldn't flush system prefs: java.util.prefs.BackingStoreException: Couldn't get file lock.
2026-07-03 14:57:00,001 [ERROR] LogOutputStream:75 - [STDERR_REDIRECT] 
2026-07-03 14:57:29,978 [ERROR] LogOutputStream:75 - [STDERR_REDIRECT] Jul 03, 2026 2:57:29 PM java.util.prefs.FileSystemPreferences checkLockFile0ErrorCode
2026-07-03 14:57:29,979 [ERROR] LogOutputStream:75 - [STDERR_REDIRECT] WARNING: Could not lock System prefs. Unix error code 5.
2026-07-03 14:57:29,983 [ERROR] LogOutputStream:75 - [STDERR_REDIRECT] 
2026-07-03 14:57:29,984 [ERROR] LogOutputStream:75 - [STDERR_REDIRECT] Jul 03, 2026 2:57:29 PM java.util.prefs.FileSystemPreferences syncWorld
2026-07-03 14:57:29,984 [ERROR] LogOutputStream:75 - [STDERR_REDIRECT] WARNING: Couldn't flush system prefs: java.util.prefs.BackingStoreException: Couldn't get file lock.
2026-07-03 14:57:29,984 [ERROR] LogOutputStream:75 - [STDERR_REDIRECT] 
2026-07-03 14:57:59,991 [ERROR] LogOutputStream:75 - [STDERR_REDIRECT] Jul 03, 2026 2:57:59 PM java.util.prefs.FileSystemPreferences checkLockFile0ErrorCode
2026-07-03 14:57:59,991 [ERROR] LogOutputStream:75 - [STDERR_REDIRECT] WARNING: Could not lock System prefs. Unix error code 5.
2026-07-03 14:57:59,991 [ERROR] LogOutputStream:75 - [STDERR_REDIRECT] 
2026-07-03 14:57:59,992 [ERROR] LogOutputStream:75 - [STDERR_REDIRECT] Jul 03, 2026 2:57:59 PM java.util.prefs.FileSystemPreferences syncWorld
2026-07-03 14:57:59,992 [ERROR] LogOutputStream:75 - [STDERR_REDIRECT] WARNING: Couldn't flush system prefs: java.util.prefs.BackingStoreException: Couldn't get file lock.
2026-07-03 14:57:59,993 [ERROR] LogOutputStream:75 - [STDERR_REDIRECT] 
2026-07-03 14:58:29,982 [ERROR] LogOutputStream:75 - [STDERR_REDIRECT] Jul 03, 2026 2:58:29 PM java.util.prefs.FileSystemPreferences checkLockFile0ErrorCode
2026-07-03 14:58:29,983 [ERROR] LogOutputStream:75 - [STDERR_REDIRECT] WARNING: Could not lock System prefs. Unix error code 5.
2026-07-03 14:58:29,984 [ERROR] LogOutputStream:75 - [STDERR_REDIRECT] 
2026-07-03 14:58:29,986 [ERROR] LogOutputStream:75 - [STDERR_REDIRECT] Jul 03, 2026 2:58:29 PM java.util.prefs.FileSystemPreferences syncWorld
2026-07-03 14:58:29,988 [ERROR] LogOutputStream:75 - [STDERR_REDIRECT] WARNING: Couldn't flush system prefs: java.util.prefs.BackingStoreException: Couldn't get file lock.
2026-07-03 14:58:29,988 [ERROR] LogOutputStream:75 - [STDERR_REDIRECT] 
2026-07-03 14:59:00,013 [ERROR] LogOutputStream:75 - [STDERR_REDIRECT] Jul 03, 2026 2:59:00 PM java.util.prefs.FileSystemPreferences checkLockFile0ErrorCode
2026-07-03 14:59:00,019 [ERROR] LogOutputStream:75 - [STDERR_REDIRECT] WARNING: Could not lock System prefs. Unix error code 5.
2026-07-03 14:59:00,019 [ERROR] LogOutputStream:75 - [STDERR_REDIRECT] 
2026-07-03 14:59:00,022 [ERROR] LogOutputStream:75 - [STDERR_REDIRECT] Jul 03, 2026 2:59:00 PM java.util.prefs.FileSystemPreferences syncWorld
2026-07-03 14:59:00,022 [ERROR] LogOutputStream:75 - [STDERR_REDIRECT] WARNING: Couldn't flush system prefs: java.util.prefs.BackingStoreException: Couldn't get file lock.
2026-07-03 14:59:00,023 [ERROR] LogOutputStream:75 - [STDERR_REDIRECT] 
2026-07-03 14:59:30,012 [ERROR] LogOutputStream:75 - [STDERR_REDIRECT] Jul 03, 2026 2:59:30 PM java.util.prefs.FileSystemPreferences checkLockFile0ErrorCode
2026-07-03 14:59:30,012 [ERROR] LogOutputStream:75 - [STDERR_REDIRECT] WARNING: Could not lock System prefs. Unix error code 5.
2026-07-03 14:59:30,013 [ERROR] LogOutputStream:75 - [STDERR_REDIRECT] 
2026-07-03 14:59:30,016 [ERROR] LogOutputStream:75 - [STDERR_REDIRECT] Jul 03, 2026 2:59:30 PM java.util.prefs.FileSystemPreferences syncWorld
2026-07-03 14:59:30,017 [ERROR] LogOutputStream:75 - [STDERR_REDIRECT] WARNING: Couldn't flush system prefs: java.util.prefs.BackingStoreException: Couldn't get file lock.
2026-07-03 14:59:30,018 [ERROR] LogOutputStream:75 - [STDERR_REDIRECT] 
2026-07-03 15:00:00,037 [ERROR] LogOutputStream:75 - [STDERR_REDIRECT] Jul 03, 2026 3:00:00 PM java.util.prefs.FileSystemPreferences checkLockFile0ErrorCode
2026-07-03 15:00:00,038 [ERROR] LogOutputStream:75 - [STDERR_REDIRECT] WARNING: Could not lock System prefs. Unix error code 5.
2026-07-03 15:00:00,038 [ERROR] LogOutputStream:75 - [STDERR_REDIRECT] 
2026-07-03 15:00:00,045 [ERROR] LogOutputStream:75 - [STDERR_REDIRECT] Jul 03, 2026 3:00:00 PM java.util.prefs.FileSystemPreferences syncWorld
2026-07-03 15:00:00,049 [ERROR] LogOutputStream:75 - [STDERR_REDIRECT] WARNING: Couldn't flush system prefs: java.util.prefs.BackingStoreException: Couldn't get file lock.
2026-07-03 15:00:00,049 [ERROR] LogOutputStream:75 - [STDERR_REDIRECT] 
2026-07-03 15:00:30,042 [ERROR] LogOutputStream:75 - [STDERR_REDIRECT] Jul 03, 2026 3:00:30 PM java.util.prefs.FileSystemPreferences checkLockFile0ErrorCode
2026-07-03 15:00:30,046 [ERROR] LogOutputStream:75 - [STDERR_REDIRECT] WARNING: Could not lock System prefs. Unix error code 5.
2026-07-03 15:00:30,046 [ERROR] LogOutputStream:75 - [STDERR_REDIRECT] 
2026-07-03 15:00:30,053 [ERROR] LogOutputStream:75 - [STDERR_REDIRECT] Jul 03, 2026 3:00:30 PM java.util.prefs.FileSystemPreferences syncWorld
2026-07-03 15:00:30,057 [ERROR] LogOutputStream:75 - [STDERR_REDIRECT] WARNING: Couldn't flush system prefs: java.util.prefs.BackingStoreException: Couldn't get file lock.
2026-07-03 15:00:30,057 [ERROR] LogOutputStream:75 - [STDERR_REDIRECT] 
2026-07-03 15:01:00,037 [ERROR] LogOutputStream:75 - [STDERR_REDIRECT] Jul 03, 2026 3:01:00 PM java.util.prefs.FileSystemPreferences checkLockFile0ErrorCode
2026-07-03 15:01:00,037 [ERROR] LogOutputStream:75 - [STDERR_REDIRECT] WARNING: Could not lock System prefs. Unix error code 5.
2026-07-03 15:01:00,038 [ERROR] LogOutputStream:75 - [STDERR_REDIRECT] 
2026-07-03 15:01:00,042 [ERROR] LogOutputStream:75 - [STDERR_REDIRECT] Jul 03, 2026 3:01:00 PM java.util.prefs.FileSystemPreferences syncWorld
2026-07-03 15:01:00,042 [ERROR] LogOutputStream:75 - [STDERR_REDIRECT] WARNING: Couldn't flush system prefs: java.util.prefs.BackingStoreException: Couldn't get file lock.
2026-07-03 15:01:00,044 [ERROR] LogOutputStream:75 - [STDERR_REDIRECT] 
2026-07-03 15:01:30,037 [ERROR] LogOutputStream:75 - [STDERR_REDIRECT] Jul 03, 2026 3:01:30 PM java.util.prefs.FileSystemPreferences checkLockFile0ErrorCode
2026-07-03 15:01:30,037 [ERROR] LogOutputStream:75 - [STDERR_REDIRECT] WARNING: Could not lock System prefs. Unix error code 5.
2026-07-03 15:01:30,037 [ERROR] LogOutputStream:75 - [STDERR_REDIRECT] 
2026-07-03 15:01:30,040 [ERROR] LogOutputStream:75 - [STDERR_REDIRECT] Jul 03, 2026 3:01:30 PM java.util.prefs.FileSystemPreferences syncWorld
2026-07-03 15:01:30,042 [ERROR] LogOutputStream:75 - [STDERR_REDIRECT] WARNING: Couldn't flush system prefs: java.util.prefs.BackingStoreException: Couldn't get file lock.
2026-07-03 15:01:30,042 [ERROR] LogOutputStream:75 - [STDERR_REDIRECT] 
2026-07-03 15:02:00,039 [ERROR] LogOutputStream:75 - [STDERR_REDIRECT] Jul 03, 2026 3:02:00 PM java.util.prefs.FileSystemPreferences checkLockFile0ErrorCode
2026-07-03 15:02:00,040 [ERROR] LogOutputStream:75 - [STDERR_REDIRECT] WARNING: Could not lock System prefs. Unix error code 5.
2026-07-03 15:02:00,049 [ERROR] LogOutputStream:75 - [STDERR_REDIRECT] 
2026-07-03 15:02:00,050 [ERROR] LogOutputStream:75 - [STDERR_REDIRECT] Jul 03, 2026 3:02:00 PM java.util.prefs.FileSystemPreferences syncWorld
2026-07-03 15:02:00,050 [ERROR] LogOutputStream:75 - [STDERR_REDIRECT] WARNING: Couldn't flush system prefs: java.util.prefs.BackingStoreException: Couldn't get file lock.
2026-07-03 15:02:00,050 [ERROR] LogOutputStream:75 - [STDERR_REDIRECT] 
2026-07-03 15:02:30,065 [ERROR] LogOutputStream:75 - [STDERR_REDIRECT] Jul 03, 2026 3:02:30 PM java.util.prefs.FileSystemPreferences checkLockFile0ErrorCode
2026-07-03 15:02:30,065 [ERROR] LogOutputStream:75 - [STDERR_REDIRECT] WARNING: Could not lock System prefs. Unix error code 5.
2026-07-03 15:02:30,070 [ERROR] LogOutputStream:75 - [STDERR_REDIRECT] 
2026-07-03 15:02:30,074 [ERROR] LogOutputStream:75 - [STDERR_REDIRECT] Jul 03, 2026 3:02:30 PM java.util.prefs.FileSystemPreferences syncWorld
2026-07-03 15:02:30,076 [ERROR] LogOutputStream:75 - [STDERR_REDIRECT] WARNING: Couldn't flush system prefs: java.util.prefs.BackingStoreException: Couldn't get file lock.
2026-07-03 15:02:30,076 [ERROR] LogOutputStream:75 - [STDERR_REDIRECT] 
2026-07-03 15:03:00,059 [ERROR] LogOutputStream:75 - [STDERR_REDIRECT] Jul 03, 2026 3:03:00 PM java.util.prefs.FileSystemPreferences checkLockFile0ErrorCode
2026-07-03 15:03:00,062 [ERROR] LogOutputStream:75 - [STDERR_REDIRECT] WARNING: Could not lock System prefs. Unix error code 5.
2026-07-03 15:03:00,062 [ERROR] LogOutputStream:75 - [STDERR_REDIRECT] 
2026-07-03 15:03:00,063 [ERROR] LogOutputStream:75 - [STDERR_REDIRECT] Jul 03, 2026 3:03:00 PM java.util.prefs.FileSystemPreferences syncWorld
2026-07-03 15:03:00,063 [ERROR] LogOutputStream:75 - [STDERR_REDIRECT] WARNING: Couldn't flush system prefs: java.util.prefs.BackingStoreException: Couldn't get file lock.
2026-07-03 15:03:00,065 [ERROR] LogOutputStream:75 - [STDERR_REDIRECT] 
2026-07-03 15:03:30,064 [ERROR] LogOutputStream:75 - [STDERR_REDIRECT] Jul 03, 2026 3:03:30 PM java.util.prefs.FileSystemPreferences checkLockFile0ErrorCode
2026-07-03 15:03:30,065 [ERROR] LogOutputStream:75 - [STDERR_REDIRECT] WARNING: Could not lock System prefs. Unix error code 5.
2026-07-03 15:03:30,068 [ERROR] LogOutputStream:75 - [STDERR_REDIRECT] 
2026-07-03 15:03:30,068 [ERROR] LogOutputStream:75 - [STDERR_REDIRECT] Jul 03, 2026 3:03:30 PM java.util.prefs.FileSystemPreferences syncWorld
2026-07-03 15:03:30,069 [ERROR] LogOutputStream:75 - [STDERR_REDIRECT] WARNING: Couldn't flush system prefs: java.util.prefs.BackingStoreException: Couldn't get file lock.
2026-07-03 15:03:30,069 [ERROR] LogOutputStream:75 - [STDERR_REDIRECT] 
2026-07-03 15:04:00,049 [ERROR] LogOutputStream:75 - [STDERR_REDIRECT] Jul 03, 2026 3:04:00 PM java.util.prefs.FileSystemPreferences checkLockFile0ErrorCode
2026-07-03 15:04:00,050 [ERROR] LogOutputStream:75 - [STDERR_REDIRECT] WARNING: Could not lock System prefs. Unix error code 5.
2026-07-03 15:04:00,051 [ERROR] LogOutputStream:75 - [STDERR_REDIRECT] 
2026-07-03 15:04:00,051 [ERROR] LogOutputStream:75 - [STDERR_REDIRECT] Jul 03, 2026 3:04:00 PM java.util.prefs.FileSystemPreferences syncWorld
2026-07-03 15:04:00,051 [ERROR] LogOutputStream:75 - [STDERR_REDIRECT] WARNING: Couldn't flush system prefs: java.util.prefs.BackingStoreException: Couldn't get file lock.
2026-07-03 15:04:00,052 [ERROR] LogOutputStream:75 - [STDERR_REDIRECT] 
2026-07-03 15:04:30,051 [ERROR] LogOutputStream:75 - [STDERR_REDIRECT] Jul 03, 2026 3:04:30 PM java.util.prefs.FileSystemPreferences checkLockFile0ErrorCode
2026-07-03 15:04:30,056 [ERROR] LogOutputStream:75 - [STDERR_REDIRECT] WARNING: Could not lock System prefs. Unix error code 5.
2026-07-03 15:04:30,058 [ERROR] LogOutputStream:75 - [STDERR_REDIRECT] 
2026-07-03 15:04:30,062 [ERROR] LogOutputStream:75 - [STDERR_REDIRECT] Jul 03, 2026 3:04:30 PM java.util.prefs.FileSystemPreferences syncWorld
2026-07-03 15:04:30,063 [ERROR] LogOutputStream:75 - [STDERR_REDIRECT] WARNING: Couldn't flush system prefs: java.util.prefs.BackingStoreException: Couldn't get file lock.
2026-07-03 15:04:30,064 [ERROR] LogOutputStream:75 - [STDERR_REDIRECT] 
2026-07-03 15:05:00,094 [ERROR] LogOutputStream:75 - [STDERR_REDIRECT] Jul 03, 2026 3:05:00 PM java.util.prefs.FileSystemPreferences checkLockFile0ErrorCode
2026-07-03 15:05:00,096 [ERROR] LogOutputStream:75 - [STDERR_REDIRECT] WARNING: Could not lock System prefs. Unix error code 5.
2026-07-03 15:05:00,097 [ERROR] LogOutputStream:75 - [STDERR_REDIRECT] 
2026-07-03 15:05:00,102 [ERROR] LogOutputStream:75 - [STDERR_REDIRECT] Jul 03, 2026 3:05:00 PM java.util.prefs.FileSystemPreferences syncWorld
2026-07-03 15:05:00,104 [ERROR] LogOutputStream:75 - [STDERR_REDIRECT] WARNING: Couldn't flush system prefs: java.util.prefs.BackingStoreException: Couldn't get file lock.
2026-07-03 15:05:00,104 [ERROR] LogOutputStream:75 - [STDERR_REDIRECT] 
2026-07-03 15:05:30,095 [ERROR] LogOutputStream:75 - [STDERR_REDIRECT] Jul 03, 2026 3:05:30 PM java.util.prefs.FileSystemPreferences checkLockFile0ErrorCode
2026-07-03 15:05:30,095 [ERROR] LogOutputStream:75 - [STDERR_REDIRECT] WARNING: Could not lock System prefs. Unix error code 5.
2026-07-03 15:05:30,096 [ERROR] LogOutputStream:75 - [STDERR_REDIRECT] 
2026-07-03 15:05:30,099 [ERROR] LogOutputStream:75 - [STDERR_REDIRECT] Jul 03, 2026 3:05:30 PM java.util.prefs.FileSystemPreferences syncWorld
2026-07-03 15:05:30,101 [ERROR] LogOutputStream:75 - [STDERR_REDIRECT] WARNING: Couldn't flush system prefs: java.util.prefs.BackingStoreException: Couldn't get file lock.
2026-07-03 15:05:30,102 [ERROR] LogOutputStream:75 - [STDERR_REDIRECT] 
2026-07-03 15:06:00,096 [ERROR] LogOutputStream:75 - [STDERR_REDIRECT] Jul 03, 2026 3:06:00 PM java.util.prefs.FileSystemPreferences checkLockFile0ErrorCode
2026-07-03 15:06:00,096 [ERROR] LogOutputStream:75 - [STDERR_REDIRECT] WARNING: Could not lock System prefs. Unix error code 5.
2026-07-03 15:06:00,097 [ERROR] LogOutputStream:75 - [STDERR_REDIRECT] 
2026-07-03 15:06:00,099 [ERROR] LogOutputStream:75 - [STDERR_REDIRECT] Jul 03, 2026 3:06:00 PM java.util.prefs.FileSystemPreferences syncWorld
2026-07-03 15:06:00,099 [ERROR] LogOutputStream:75 - [STDERR_REDIRECT] WARNING: Couldn't flush system prefs: java.util.prefs.BackingStoreException: Couldn't get file lock.
2026-07-03 15:06:00,099 [ERROR] LogOutputStream:75 - [STDERR_REDIRECT] 
2026-07-03 15:06:30,122 [ERROR] LogOutputStream:75 - [STDERR_REDIRECT] Jul 03, 2026 3:06:30 PM java.util.prefs.FileSystemPreferences checkLockFile0ErrorCode
2026-07-03 15:06:30,123 [ERROR] LogOutputStream:75 - [STDERR_REDIRECT] WARNING: Could not lock System prefs. Unix error code 5.
2026-07-03 15:06:30,123 [ERROR] LogOutputStream:75 - [STDERR_REDIRECT] 
2026-07-03 15:06:30,124 [ERROR] LogOutputStream:75 - [STDERR_REDIRECT] Jul 03, 2026 3:06:30 PM java.util.prefs.FileSystemPreferences syncWorld
2026-07-03 15:06:30,126 [ERROR] LogOutputStream:75 - [STDERR_REDIRECT] WARNING: Couldn't flush system prefs: java.util.prefs.BackingStoreException: Couldn't get file lock.
2026-07-03 15:06:30,126 [ERROR] LogOutputStream:75 - [STDERR_REDIRECT] 
2026-07-03 15:07:00,096 [ERROR] LogOutputStream:75 - [STDERR_REDIRECT] Jul 03, 2026 3:07:00 PM java.util.prefs.FileSystemPreferences checkLockFile0ErrorCode
2026-07-03 15:07:00,100 [ERROR] LogOutputStream:75 - [STDERR_REDIRECT] WARNING: Could not lock System prefs. Unix error code 5.
2026-07-03 15:07:00,101 [ERROR] LogOutputStream:75 - [STDERR_REDIRECT] 
2026-07-03 15:07:00,105 [ERROR] LogOutputStream:75 - [STDERR_REDIRECT] Jul 03, 2026 3:07:00 PM java.util.prefs.FileSystemPreferences syncWorld
2026-07-03 15:07:00,106 [ERROR] LogOutputStream:75 - [STDERR_REDIRECT] WARNING: Couldn't flush system prefs: java.util.prefs.BackingStoreException: Couldn't get file lock.
2026-07-03 15:07:00,106 [ERROR] LogOutputStream:75 - [STDERR_REDIRECT] 
2026-07-03 15:07:30,100 [ERROR] LogOutputStream:75 - [STDERR_REDIRECT] Jul 03, 2026 3:07:30 PM java.util.prefs.FileSystemPreferences checkLockFile0ErrorCode
2026-07-03 15:07:30,104 [ERROR] LogOutputStream:75 - [STDERR_REDIRECT] WARNING: Could not lock System prefs. Unix error code 5.
2026-07-03 15:07:30,104 [ERROR] LogOutputStream:75 - [STDERR_REDIRECT] 
2026-07-03 15:07:30,105 [ERROR] LogOutputStream:75 - [STDERR_REDIRECT] Jul 03, 2026 3:07:30 PM java.util.prefs.FileSystemPreferences syncWorld
2026-07-03 15:07:30,110 [ERROR] LogOutputStream:75 - [STDERR_REDIRECT] WARNING: Couldn't flush system prefs: java.util.prefs.BackingStoreException: Couldn't get file lock.
2026-07-03 15:07:30,110 [ERROR] LogOutputStream:75 - [STDERR_REDIRECT] 
2026-07-03 15:08:00,102 [ERROR] LogOutputStream:75 - [STDERR_REDIRECT] Jul 03, 2026 3:08:00 PM java.util.prefs.FileSystemPreferences checkLockFile0ErrorCode
2026-07-03 15:08:00,102 [ERROR] LogOutputStream:75 - [STDERR_REDIRECT] WARNING: Could not lock System prefs. Unix error code 5.
2026-07-03 15:08:00,102 [ERROR] LogOutputStream:75 - [STDERR_REDIRECT] 
2026-07-03 15:08:00,103 [ERROR] LogOutputStream:75 - [STDERR_REDIRECT] Jul 03, 2026 3:08:00 PM java.util.prefs.FileSystemPreferences syncWorld
2026-07-03 15:08:00,105 [ERROR] LogOutputStream:75 - [STDERR_REDIRECT] WARNING: Couldn't flush system prefs: java.util.prefs.BackingStoreException: Couldn't get file lock.
2026-07-03 15:08:00,105 [ERROR] LogOutputStream:75 - [STDERR_REDIRECT] 
2026-07-03 15:08:30,111 [ERROR] LogOutputStream:75 - [STDERR_REDIRECT] Jul 03, 2026 3:08:30 PM java.util.prefs.FileSystemPreferences checkLockFile0ErrorCode
2026-07-03 15:08:30,112 [ERROR] LogOutputStream:75 - [STDERR_REDIRECT] WARNING: Could not lock System prefs. Unix error code 5.
2026-07-03 15:08:30,112 [ERROR] LogOutputStream:75 - [STDERR_REDIRECT] 
2026-07-03 15:08:30,114 [ERROR] LogOutputStream:75 - [STDERR_REDIRECT] Jul 03, 2026 3:08:30 PM java.util.prefs.FileSystemPreferences syncWorld
2026-07-03 15:08:30,115 [ERROR] LogOutputStream:75 - [STDERR_REDIRECT] WARNING: Couldn't flush system prefs: java.util.prefs.BackingStoreException: Couldn't get file lock.
2026-07-03 15:08:30,115 [ERROR] LogOutputStream:75 - [STDERR_REDIRECT] 
2026-07-03 15:09:00,112 [ERROR] LogOutputStream:75 - [STDERR_REDIRECT] Jul 03, 2026 3:09:00 PM java.util.prefs.FileSystemPreferences checkLockFile0ErrorCode
2026-07-03 15:09:00,115 [ERROR] LogOutputStream:75 - [STDERR_REDIRECT] WARNING: Could not lock System prefs. Unix error code 5.
2026-07-03 15:09:00,117 [ERROR] LogOutputStream:75 - [STDERR_REDIRECT] 
2026-07-03 15:09:00,117 [ERROR] LogOutputStream:75 - [STDERR_REDIRECT] Jul 03, 2026 3:09:00 PM java.util.prefs.FileSystemPreferences syncWorld
2026-07-03 15:09:00,122 [ERROR] LogOutputStream:75 - [STDERR_REDIRECT] WARNING: Couldn't flush system prefs: java.util.prefs.BackingStoreException: Couldn't get file lock.
2026-07-03 15:09:00,122 [ERROR] LogOutputStream:75 - [STDERR_REDIRECT] 
2026-07-03 15:09:30,110 [ERROR] LogOutputStream:75 - [STDERR_REDIRECT] Jul 03, 2026 3:09:30 PM java.util.prefs.FileSystemPreferences checkLockFile0ErrorCode
2026-07-03 15:09:30,111 [ERROR] LogOutputStream:75 - [STDERR_REDIRECT] WARNING: Could not lock System prefs. Unix error code 5.
2026-07-03 15:09:30,111 [ERROR] LogOutputStream:75 - [STDERR_REDIRECT] 
2026-07-03 15:09:30,113 [ERROR] LogOutputStream:75 - [STDERR_REDIRECT] Jul 03, 2026 3:09:30 PM java.util.prefs.FileSystemPreferences syncWorld
2026-07-03 15:09:30,114 [ERROR] LogOutputStream:75 - [STDERR_REDIRECT] WARNING: Couldn't flush system prefs: java.util.prefs.BackingStoreException: Couldn't get file lock.
2026-07-03 15:09:30,115 [ERROR] LogOutputStream:75 - [STDERR_REDIRECT] 
2026-07-03 15:10:00,116 [ERROR] LogOutputStream:75 - [STDERR_REDIRECT] Jul 03, 2026 3:10:00 PM java.util.prefs.FileSystemPreferences checkLockFile0ErrorCode
2026-07-03 15:10:00,117 [ERROR] LogOutputStream:75 - [STDERR_REDIRECT] WARNING: Could not lock System prefs. Unix error code 5.
2026-07-03 15:10:00,117 [ERROR] LogOutputStream:75 - [STDERR_REDIRECT] 
2026-07-03 15:10:00,121 [ERROR] LogOutputStream:75 - [STDERR_REDIRECT] Jul 03, 2026 3:10:00 PM java.util.prefs.FileSystemPreferences syncWorld
2026-07-03 15:10:00,122 [ERROR] LogOutputStream:75 - [STDERR_REDIRECT] WARNING: Couldn't flush system prefs: java.util.prefs.BackingStoreException: Couldn't get file lock.
2026-07-03 15:10:00,122 [ERROR] LogOutputStream:75 - [STDERR_REDIRECT] 
2026-07-03 15:10:30,146 [ERROR] LogOutputStream:75 - [STDERR_REDIRECT] Jul 03, 2026 3:10:30 PM java.util.prefs.FileSystemPreferences checkLockFile0ErrorCode
2026-07-03 15:10:30,148 [ERROR] LogOutputStream:75 - [STDERR_REDIRECT] WARNING: Could not lock System prefs. Unix error code 5.
2026-07-03 15:10:30,149 [ERROR] LogOutputStream:75 - [STDERR_REDIRECT] 
2026-07-03 15:10:30,160 [ERROR] LogOutputStream:75 - [STDERR_REDIRECT] Jul 03, 2026 3:10:30 PM java.util.prefs.FileSystemPreferences syncWorld
2026-07-03 15:10:30,161 [ERROR] LogOutputStream:75 - [STDERR_REDIRECT] WARNING: Couldn't flush system prefs: java.util.prefs.BackingStoreException: Couldn't get file lock.
2026-07-03 15:10:30,165 [ERROR] LogOutputStream:75 - [STDERR_REDIRECT] 
2026-07-03 15:11:00,115 [ERROR] LogOutputStream:75 - [STDERR_REDIRECT] Jul 03, 2026 3:11:00 PM java.util.prefs.FileSystemPreferences checkLockFile0ErrorCode
2026-07-03 15:11:00,118 [ERROR] LogOutputStream:75 - [STDERR_REDIRECT] WARNING: Could not lock System prefs. Unix error code 5.
2026-07-03 15:11:00,122 [ERROR] LogOutputStream:75 - [STDERR_REDIRECT] 
2026-07-03 15:11:00,123 [ERROR] LogOutputStream:75 - [STDERR_REDIRECT] Jul 03, 2026 3:11:00 PM java.util.prefs.FileSystemPreferences syncWorld
2026-07-03 15:11:00,124 [ERROR] LogOutputStream:75 - [STDERR_REDIRECT] WARNING: Couldn't flush system prefs: java.util.prefs.BackingStoreException: Couldn't get file lock.
2026-07-03 15:11:00,124 [ERROR] LogOutputStream:75 - [STDERR_REDIRECT] 
2026-07-03 15:11:30,126 [ERROR] LogOutputStream:75 - [STDERR_REDIRECT] Jul 03, 2026 3:11:30 PM java.util.prefs.FileSystemPreferences checkLockFile0ErrorCode
2026-07-03 15:11:30,127 [ERROR] LogOutputStream:75 - [STDERR_REDIRECT] WARNING: Could not lock System prefs. Unix error code 5.
2026-07-03 15:11:30,127 [ERROR] LogOutputStream:75 - [STDERR_REDIRECT] 
2026-07-03 15:11:30,132 [ERROR] LogOutputStream:75 - [STDERR_REDIRECT] Jul 03, 2026 3:11:30 PM java.util.prefs.FileSystemPreferences syncWorld
2026-07-03 15:11:30,133 [ERROR] LogOutputStream:75 - [STDERR_REDIRECT] WARNING: Couldn't flush system prefs: java.util.prefs.BackingStoreException: Couldn't get file lock.
2026-07-03 15:11:30,133 [ERROR] LogOutputStream:75 - [STDERR_REDIRECT] 
2026-07-03 15:12:00,195 [ERROR] LogOutputStream:75 - [STDERR_REDIRECT] Jul 03, 2026 3:12:00 PM java.util.prefs.FileSystemPreferences checkLockFile0ErrorCode
2026-07-03 15:12:00,196 [ERROR] LogOutputStream:75 - [STDERR_REDIRECT] WARNING: Could not lock System prefs. Unix error code 5.
2026-07-03 15:12:00,196 [ERROR] LogOutputStream:75 - [STDERR_REDIRECT] 
2026-07-03 15:12:00,196 [ERROR] LogOutputStream:75 - [STDERR_REDIRECT] Jul 03, 2026 3:12:00 PM java.util.prefs.FileSystemPreferences syncWorld
2026-07-03 15:12:00,197 [ERROR] LogOutputStream:75 - [STDERR_REDIRECT] WARNING: Couldn't flush system prefs: java.util.prefs.BackingStoreException: Couldn't get file lock.
2026-07-03 15:12:00,197 [ERROR] LogOutputStream:75 - [STDERR_REDIRECT] 
2026-07-03 15:12:30,169 [ERROR] LogOutputStream:75 - [STDERR_REDIRECT] Jul 03, 2026 3:12:30 PM java.util.prefs.FileSystemPreferences checkLockFile0ErrorCode
2026-07-03 15:12:30,169 [ERROR] LogOutputStream:75 - [STDERR_REDIRECT] WARNING: Could not lock System prefs. Unix error code 5.
2026-07-03 15:12:30,169 [ERROR] LogOutputStream:75 - [STDERR_REDIRECT] 
2026-07-03 15:12:30,170 [ERROR] LogOutputStream:75 - [STDERR_REDIRECT] Jul 03, 2026 3:12:30 PM java.util.prefs.FileSystemPreferences syncWorld
2026-07-03 15:12:30,172 [ERROR] LogOutputStream:75 - [STDERR_REDIRECT] WARNING: Couldn't flush system prefs: java.util.prefs.BackingStoreException: Couldn't get file lock.
2026-07-03 15:12:30,173 [ERROR] LogOutputStream:75 - [STDERR_REDIRECT] 
2026-07-03 15:13:00,173 [ERROR] LogOutputStream:75 - [STDERR_REDIRECT] Jul 03, 2026 3:13:00 PM java.util.prefs.FileSystemPreferences checkLockFile0ErrorCode
2026-07-03 15:13:00,173 [ERROR] LogOutputStream:75 - [STDERR_REDIRECT] WARNING: Could not lock System prefs. Unix error code 5.
2026-07-03 15:13:00,173 [ERROR] LogOutputStream:75 - [STDERR_REDIRECT] 
2026-07-03 15:13:00,178 [ERROR] LogOutputStream:75 - [STDERR_REDIRECT] Jul 03, 2026 3:13:00 PM java.util.prefs.FileSystemPreferences syncWorld
2026-07-03 15:13:00,178 [ERROR] LogOutputStream:75 - [STDERR_REDIRECT] WARNING: Couldn't flush system prefs: java.util.prefs.BackingStoreException: Couldn't get file lock.
2026-07-03 15:13:00,178 [ERROR] LogOutputStream:75 - [STDERR_REDIRECT] 
2026-07-03 15:13:30,196 [ERROR] LogOutputStream:75 - [STDERR_REDIRECT] Jul 03, 2026 3:13:30 PM java.util.prefs.FileSystemPreferences checkLockFile0ErrorCode
2026-07-03 15:13:30,198 [ERROR] LogOutputStream:75 - [STDERR_REDIRECT] WARNING: Could not lock System prefs. Unix error code 5.
2026-07-03 15:13:30,199 [ERROR] LogOutputStream:75 - [STDERR_REDIRECT] 
2026-07-03 15:13:30,202 [ERROR] LogOutputStream:75 - [STDERR_REDIRECT] Jul 03, 2026 3:13:30 PM java.util.prefs.FileSystemPreferences syncWorld
2026-07-03 15:13:30,206 [ERROR] LogOutputStream:75 - [STDERR_REDIRECT] WARNING: Couldn't flush system prefs: java.util.prefs.BackingStoreException: Couldn't get file lock.
2026-07-03 15:13:30,206 [ERROR] LogOutputStream:75 - [STDERR_REDIRECT] 
2026-07-03 15:14:00,220 [ERROR] LogOutputStream:75 - [STDERR_REDIRECT] Jul 03, 2026 3:14:00 PM java.util.prefs.FileSystemPreferences checkLockFile0ErrorCode
2026-07-03 15:14:00,223 [ERROR] LogOutputStream:75 - [STDERR_REDIRECT] WARNING: Could not lock System prefs. Unix error code 5.
2026-07-03 15:14:00,224 [ERROR] LogOutputStream:75 - [STDERR_REDIRECT] 
2026-07-03 15:14:00,226 [ERROR] LogOutputStream:75 - [STDERR_REDIRECT] Jul 03, 2026 3:14:00 PM java.util.prefs.FileSystemPreferences syncWorld
2026-07-03 15:14:00,228 [ERROR] LogOutputStream:75 - [STDERR_REDIRECT] WARNING: Couldn't flush system prefs: java.util.prefs.BackingStoreException: Couldn't get file lock.
2026-07-03 15:14:00,228 [ERROR] LogOutputStream:75 - [STDERR_REDIRECT] 
2026-07-03 15:14:30,215 [ERROR] LogOutputStream:75 - [STDERR_REDIRECT] Jul 03, 2026 3:14:30 PM java.util.prefs.FileSystemPreferences checkLockFile0ErrorCode
2026-07-03 15:14:30,215 [ERROR] LogOutputStream:75 - [STDERR_REDIRECT] WARNING: Could not lock System prefs. Unix error code 5.
2026-07-03 15:14:30,215 [ERROR] LogOutputStream:75 - [STDERR_REDIRECT] 
2026-07-03 15:14:30,216 [ERROR] LogOutputStream:75 - [STDERR_REDIRECT] Jul 03, 2026 3:14:30 PM java.util.prefs.FileSystemPreferences syncWorld
2026-07-03 15:14:30,216 [ERROR] LogOutputStream:75 - [STDERR_REDIRECT] WARNING: Couldn't flush system prefs: java.util.prefs.BackingStoreException: Couldn't get file lock.
2026-07-03 15:14:30,216 [ERROR] LogOutputStream:75 - [STDERR_REDIRECT] 
2026-07-03 15:15:00,196 [ERROR] LogOutputStream:75 - [STDERR_REDIRECT] Jul 03, 2026 3:15:00 PM java.util.prefs.FileSystemPreferences checkLockFile0ErrorCode
2026-07-03 15:15:00,196 [ERROR] LogOutputStream:75 - [STDERR_REDIRECT] WARNING: Could not lock System prefs. Unix error code 5.
2026-07-03 15:15:00,201 [ERROR] LogOutputStream:75 - [STDERR_REDIRECT] 
2026-07-03 15:15:00,206 [ERROR] LogOutputStream:75 - [STDERR_REDIRECT] Jul 03, 2026 3:15:00 PM java.util.prefs.FileSystemPreferences syncWorld
2026-07-03 15:15:00,210 [ERROR] LogOutputStream:75 - [STDERR_REDIRECT] WARNING: Couldn't flush system prefs: java.util.prefs.BackingStoreException: Couldn't get file lock.
2026-07-03 15:15:00,210 [ERROR] LogOutputStream:75 - [STDERR_REDIRECT] 
2026-07-03 15:15:30,182 [ERROR] LogOutputStream:75 - [STDERR_REDIRECT] Jul 03, 2026 3:15:30 PM java.util.prefs.FileSystemPreferences checkLockFile0ErrorCode
2026-07-03 15:15:30,183 [ERROR] LogOutputStream:75 - [STDERR_REDIRECT] WARNING: Could not lock System prefs. Unix error code 5.
2026-07-03 15:15:30,184 [ERROR] LogOutputStream:75 - [STDERR_REDIRECT] 
2026-07-03 15:15:30,185 [ERROR] LogOutputStream:75 - [STDERR_REDIRECT] Jul 03, 2026 3:15:30 PM java.util.prefs.FileSystemPreferences syncWorld
2026-07-03 15:15:30,186 [ERROR] LogOutputStream:75 - [STDERR_REDIRECT] WARNING: Couldn't flush system prefs: java.util.prefs.BackingStoreException: Couldn't get file lock.
2026-07-03 15:15:30,186 [ERROR] LogOutputStream:75 - [STDERR_REDIRECT] 
2026-07-03 15:16:00,180 [ERROR] LogOutputStream:75 - [STDERR_REDIRECT] Jul 03, 2026 3:16:00 PM java.util.prefs.FileSystemPreferences checkLockFile0ErrorCode
2026-07-03 15:16:00,181 [ERROR] LogOutputStream:75 - [STDERR_REDIRECT] WARNING: Could not lock System prefs. Unix error code 5.
2026-07-03 15:16:00,181 [ERROR] LogOutputStream:75 - [STDERR_REDIRECT] 
2026-07-03 15:16:00,181 [ERROR] LogOutputStream:75 - [STDERR_REDIRECT] Jul 03, 2026 3:16:00 PM java.util.prefs.FileSystemPreferences syncWorld
2026-07-03 15:16:00,181 [ERROR] LogOutputStream:75 - [STDERR_REDIRECT] WARNING: Couldn't flush system prefs: java.util.prefs.BackingStoreException: Couldn't get file lock.
2026-07-03 15:16:00,181 [ERROR] LogOutputStream:75 - [STDERR_REDIRECT] 
2026-07-03 15:16:30,183 [ERROR] LogOutputStream:75 - [STDERR_REDIRECT] Jul 03, 2026 3:16:30 PM java.util.prefs.FileSystemPreferences checkLockFile0ErrorCode
2026-07-03 15:16:30,184 [ERROR] LogOutputStream:75 - [STDERR_REDIRECT] WARNING: Could not lock System prefs. Unix error code 5.
2026-07-03 15:16:30,184 [ERROR] LogOutputStream:75 - [STDERR_REDIRECT] 
2026-07-03 15:16:30,184 [ERROR] LogOutputStream:75 - [STDERR_REDIRECT] Jul 03, 2026 3:16:30 PM java.util.prefs.FileSystemPreferences syncWorld
2026-07-03 15:16:30,184 [ERROR] LogOutputStream:75 - [STDERR_REDIRECT] WARNING: Couldn't flush system prefs: java.util.prefs.BackingStoreException: Couldn't get file lock.
2026-07-03 15:16:30,184 [ERROR] LogOutputStream:75 - [STDERR_REDIRECT] 
2026-07-03 15:17:00,248 [ERROR] LogOutputStream:75 - [STDERR_REDIRECT] Jul 03, 2026 3:17:00 PM java.util.prefs.FileSystemPreferences checkLockFile0ErrorCode
2026-07-03 15:17:00,248 [ERROR] LogOutputStream:75 - [STDERR_REDIRECT] WARNING: Could not lock System prefs. Unix error code 5.
2026-07-03 15:17:00,248 [ERROR] LogOutputStream:75 - [STDERR_REDIRECT] 
2026-07-03 15:17:00,248 [ERROR] LogOutputStream:75 - [STDERR_REDIRECT] Jul 03, 2026 3:17:00 PM java.util.prefs.FileSystemPreferences syncWorld
2026-07-03 15:17:00,249 [ERROR] LogOutputStream:75 - [STDERR_REDIRECT] WARNING: Couldn't flush system prefs: java.util.prefs.BackingStoreException: Couldn't get file lock.
2026-07-03 15:17:00,249 [ERROR] LogOutputStream:75 - [STDERR_REDIRECT] 
2026-07-03 15:17:30,250 [ERROR] LogOutputStream:75 - [STDERR_REDIRECT] Jul 03, 2026 3:17:30 PM java.util.prefs.FileSystemPreferences checkLockFile0ErrorCode
2026-07-03 15:17:30,253 [ERROR] LogOutputStream:75 - [STDERR_REDIRECT] WARNING: Could not lock System prefs. Unix error code 5.
2026-07-03 15:17:30,254 [ERROR] LogOutputStream:75 - [STDERR_REDIRECT] 
2026-07-03 15:17:30,256 [ERROR] LogOutputStream:75 - [STDERR_REDIRECT] Jul 03, 2026 3:17:30 PM java.util.prefs.FileSystemPreferences syncWorld
2026-07-03 15:17:30,257 [ERROR] LogOutputStream:75 - [STDERR_REDIRECT] WARNING: Couldn't flush system prefs: java.util.prefs.BackingStoreException: Couldn't get file lock.
2026-07-03 15:17:30,259 [ERROR] LogOutputStream:75 - [STDERR_REDIRECT] 
2026-07-03 15:18:00,248 [ERROR] LogOutputStream:75 - [STDERR_REDIRECT] Jul 03, 2026 3:18:00 PM java.util.prefs.FileSystemPreferences checkLockFile0ErrorCode
2026-07-03 15:18:00,248 [ERROR] LogOutputStream:75 - [STDERR_REDIRECT] WARNING: Could not lock System prefs. Unix error code 5.
2026-07-03 15:18:00,248 [ERROR] LogOutputStream:75 - [STDERR_REDIRECT] 
2026-07-03 15:18:00,249 [ERROR] LogOutputStream:75 - [STDERR_REDIRECT] Jul 03, 2026 3:18:00 PM java.util.prefs.FileSystemPreferences syncWorld
2026-07-03 15:18:00,252 [ERROR] LogOutputStream:75 - [STDERR_REDIRECT] WARNING: Couldn't flush system prefs: java.util.prefs.BackingStoreException: Couldn't get file lock.
2026-07-03 15:18:00,253 [ERROR] LogOutputStream:75 - [STDERR_REDIRECT] 
2026-07-03 15:18:30,310 [ERROR] LogOutputStream:75 - [STDERR_REDIRECT] Jul 03, 2026 3:18:30 PM java.util.prefs.FileSystemPreferences checkLockFile0ErrorCode
2026-07-03 15:18:30,311 [ERROR] LogOutputStream:75 - [STDERR_REDIRECT] WARNING: Could not lock System prefs. Unix error code 5.
2026-07-03 15:18:30,312 [ERROR] LogOutputStream:75 - [STDERR_REDIRECT] 
2026-07-03 15:18:30,314 [ERROR] LogOutputStream:75 - [STDERR_REDIRECT] Jul 03, 2026 3:18:30 PM java.util.prefs.FileSystemPreferences syncWorld
2026-07-03 15:18:30,315 [ERROR] LogOutputStream:75 - [STDERR_REDIRECT] WARNING: Couldn't flush system prefs: java.util.prefs.BackingStoreException: Couldn't get file lock.
2026-07-03 15:18:30,315 [ERROR] LogOutputStream:75 - [STDERR_REDIRECT] 
2026-07-03 15:19:00,253 [ERROR] LogOutputStream:75 - [STDERR_REDIRECT] Jul 03, 2026 3:19:00 PM java.util.prefs.FileSystemPreferences checkLockFile0ErrorCode
2026-07-03 15:19:00,254 [ERROR] LogOutputStream:75 - [STDERR_REDIRECT] WARNING: Could not lock System prefs. Unix error code 5.
2026-07-03 15:19:00,254 [ERROR] LogOutputStream:75 - [STDERR_REDIRECT] 
2026-07-03 15:19:00,257 [ERROR] LogOutputStream:75 - [STDERR_REDIRECT] Jul 03, 2026 3:19:00 PM java.util.prefs.FileSystemPreferences syncWorld
2026-07-03 15:19:00,257 [ERROR] LogOutputStream:75 - [STDERR_REDIRECT] WARNING: Couldn't flush system prefs: java.util.prefs.BackingStoreException: Couldn't get file lock.
2026-07-03 15:19:00,257 [ERROR] LogOutputStream:75 - [STDERR_REDIRECT] 
2026-07-03 15:19:30,252 [ERROR] LogOutputStream:75 - [STDERR_REDIRECT] Jul 03, 2026 3:19:30 PM java.util.prefs.FileSystemPreferences checkLockFile0ErrorCode
2026-07-03 15:19:30,253 [ERROR] LogOutputStream:75 - [STDERR_REDIRECT] WARNING: Could not lock System prefs. Unix error code 5.
2026-07-03 15:19:30,256 [ERROR] LogOutputStream:75 - [STDERR_REDIRECT] 
2026-07-03 15:19:30,259 [ERROR] LogOutputStream:75 - [STDERR_REDIRECT] Jul 03, 2026 3:19:30 PM java.util.prefs.FileSystemPreferences syncWorld
2026-07-03 15:19:30,259 [ERROR] LogOutputStream:75 - [STDERR_REDIRECT] WARNING: Couldn't flush system prefs: java.util.prefs.BackingStoreException: Couldn't get file lock.
2026-07-03 15:19:30,259 [ERROR] LogOutputStream:75 - [STDERR_REDIRECT] 
2026-07-03 15:20:00,258 [ERROR] LogOutputStream:75 - [STDERR_REDIRECT] Jul 03, 2026 3:20:00 PM java.util.prefs.FileSystemPreferences checkLockFile0ErrorCode
2026-07-03 15:20:00,259 [ERROR] LogOutputStream:75 - [STDERR_REDIRECT] WARNING: Could not lock System prefs. Unix error code 5.
2026-07-03 15:20:00,260 [ERROR] LogOutputStream:75 - [STDERR_REDIRECT] 
2026-07-03 15:20:00,260 [ERROR] LogOutputStream:75 - [STDERR_REDIRECT] Jul 03, 2026 3:20:00 PM java.util.prefs.FileSystemPreferences syncWorld
2026-07-03 15:20:00,261 [ERROR] LogOutputStream:75 - [STDERR_REDIRECT] WARNING: Couldn't flush system prefs: java.util.prefs.BackingStoreException: Couldn't get file lock.
2026-07-03 15:20:00,261 [ERROR] LogOutputStream:75 - [STDERR_REDIRECT] 
2026-07-03 15:20:30,322 [ERROR] LogOutputStream:75 - [STDERR_REDIRECT] Jul 03, 2026 3:20:30 PM java.util.prefs.FileSystemPreferences checkLockFile0ErrorCode
2026-07-03 15:20:30,322 [ERROR] LogOutputStream:75 - [STDERR_REDIRECT] WARNING: Could not lock System prefs. Unix error code 5.
2026-07-03 15:20:30,323 [ERROR] LogOutputStream:75 - [STDERR_REDIRECT] 
2026-07-03 15:20:30,325 [ERROR] LogOutputStream:75 - [STDERR_REDIRECT] Jul 03, 2026 3:20:30 PM java.util.prefs.FileSystemPreferences syncWorld
2026-07-03 15:20:30,326 [ERROR] LogOutputStream:75 - [STDERR_REDIRECT] WARNING: Couldn't flush system prefs: java.util.prefs.BackingStoreException: Couldn't get file lock.
2026-07-03 15:20:30,326 [ERROR] LogOutputStream:75 - [STDERR_REDIRECT] 
2026-07-03 15:21:00,267 [ERROR] LogOutputStream:75 - [STDERR_REDIRECT] Jul 03, 2026 3:21:00 PM java.util.prefs.FileSystemPreferences checkLockFile0ErrorCode
2026-07-03 15:21:00,267 [ERROR] LogOutputStream:75 - [STDERR_REDIRECT] WARNING: Could not lock System prefs. Unix error code 5.
2026-07-03 15:21:00,267 [ERROR] LogOutputStream:75 - [STDERR_REDIRECT] 
2026-07-03 15:21:00,275 [ERROR] LogOutputStream:75 - [STDERR_REDIRECT] Jul 03, 2026 3:21:00 PM java.util.prefs.FileSystemPreferences syncWorld
2026-07-03 15:21:00,279 [ERROR] LogOutputStream:75 - [STDERR_REDIRECT] WARNING: Couldn't flush system prefs: java.util.prefs.BackingStoreException: Couldn't get file lock.
2026-07-03 15:21:00,279 [ERROR] LogOutputStream:75 - [STDERR_REDIRECT] 
2026-07-03 15:21:30,268 [ERROR] LogOutputStream:75 - [STDERR_REDIRECT] Jul 03, 2026 3:21:30 PM java.util.prefs.FileSystemPreferences checkLockFile0ErrorCode
2026-07-03 15:21:30,284 [ERROR] LogOutputStream:75 - [STDERR_REDIRECT] WARNING: Could not lock System prefs. Unix error code 5.
2026-07-03 15:21:30,284 [ERROR] LogOutputStream:75 - [STDERR_REDIRECT] 
2026-07-03 15:21:30,285 [ERROR] LogOutputStream:75 - [STDERR_REDIRECT] Jul 03, 2026 3:21:30 PM java.util.prefs.FileSystemPreferences syncWorld
2026-07-03 15:21:30,291 [ERROR] LogOutputStream:75 - [STDERR_REDIRECT] WARNING: Couldn't flush system prefs: java.util.prefs.BackingStoreException: Couldn't get file lock.
2026-07-03 15:21:30,291 [ERROR] LogOutputStream:75 - [STDERR_REDIRECT] 
2026-07-03 15:22:00,273 [ERROR] LogOutputStream:75 - [STDERR_REDIRECT] Jul 03, 2026 3:22:00 PM java.util.prefs.FileSystemPreferences checkLockFile0ErrorCode
2026-07-03 15:22:00,274 [ERROR] LogOutputStream:75 - [STDERR_REDIRECT] WARNING: Could not lock System prefs. Unix error code 5.
2026-07-03 15:22:00,274 [ERROR] LogOutputStream:75 - [STDERR_REDIRECT] 
2026-07-03 15:22:00,278 [ERROR] LogOutputStream:75 - [STDERR_REDIRECT] Jul 03, 2026 3:22:00 PM java.util.prefs.FileSystemPreferences syncWorld
2026-07-03 15:22:00,285 [ERROR] LogOutputStream:75 - [STDERR_REDIRECT] WARNING: Couldn't flush system prefs: java.util.prefs.BackingStoreException: Couldn't get file lock.
2026-07-03 15:22:00,285 [ERROR] LogOutputStream:75 - [STDERR_REDIRECT] 
2026-07-03 15:22:30,270 [ERROR] LogOutputStream:75 - [STDERR_REDIRECT] Jul 03, 2026 3:22:30 PM java.util.prefs.FileSystemPreferences checkLockFile0ErrorCode
2026-07-03 15:22:30,271 [ERROR] LogOutputStream:75 - [STDERR_REDIRECT] WARNING: Could not lock System prefs. Unix error code 0.
2026-07-03 15:22:30,271 [ERROR] LogOutputStream:75 - [STDERR_REDIRECT] 
2026-07-03 15:22:30,272 [ERROR] LogOutputStream:75 - [STDERR_REDIRECT] Jul 03, 2026 3:22:30 PM java.util.prefs.FileSystemPreferences syncWorld
2026-07-03 15:22:30,272 [ERROR] LogOutputStream:75 - [STDERR_REDIRECT] WARNING: Couldn't flush system prefs: java.util.prefs.BackingStoreException: Couldn't get file lock.
2026-07-03 15:22:30,272 [ERROR] LogOutputStream:75 - [STDERR_REDIRECT] 
2026-07-03 15:23:00,303 [ERROR] LogOutputStream:75 - [STDERR_REDIRECT] Jul 03, 2026 3:23:00 PM java.util.prefs.FileSystemPreferences checkLockFile0ErrorCode
2026-07-03 15:23:00,303 [ERROR] LogOutputStream:75 - [STDERR_REDIRECT] WARNING: Could not lock System prefs. Unix error code 0.
2026-07-03 15:23:00,303 [ERROR] LogOutputStream:75 - [STDERR_REDIRECT] 
2026-07-03 15:23:00,304 [ERROR] LogOutputStream:75 - [STDERR_REDIRECT] Jul 03, 2026 3:23:00 PM java.util.prefs.FileSystemPreferences syncWorld
2026-07-03 15:23:00,306 [ERROR] LogOutputStream:75 - [STDERR_REDIRECT] WARNING: Couldn't flush system prefs: java.util.prefs.BackingStoreException: Couldn't get file lock.
2026-07-03 15:23:00,306 [ERROR] LogOutputStream:75 - [STDERR_REDIRECT] 
2026-07-03 15:23:30,304 [ERROR] LogOutputStream:75 - [STDERR_REDIRECT] Jul 03, 2026 3:23:30 PM java.util.prefs.FileSystemPreferences checkLockFile0ErrorCode
2026-07-03 15:23:30,304 [ERROR] LogOutputStream:75 - [STDERR_REDIRECT] WARNING: Could not lock System prefs. Unix error code 0.
2026-07-03 15:23:30,305 [ERROR] LogOutputStream:75 - [STDERR_REDIRECT] 
2026-07-03 15:23:30,305 [ERROR] LogOutputStream:75 - [STDERR_REDIRECT] Jul 03, 2026 3:23:30 PM java.util.prefs.FileSystemPreferences syncWorld
2026-07-03 15:23:30,305 [ERROR] LogOutputStream:75 - [STDERR_REDIRECT] WARNING: Couldn't flush system prefs: java.util.prefs.BackingStoreException: Couldn't get file lock.
2026-07-03 15:23:30,305 [ERROR] LogOutputStream:75 - [STDERR_REDIRECT] 
2026-07-03 15:24:00,314 [ERROR] LogOutputStream:75 - [STDERR_REDIRECT] Jul 03, 2026 3:24:00 PM java.util.prefs.FileSystemPreferences checkLockFile0ErrorCode
2026-07-03 15:24:00,314 [ERROR] LogOutputStream:75 - [STDERR_REDIRECT] WARNING: Could not lock System prefs. Unix error code 0.
2026-07-03 15:24:00,314 [ERROR] LogOutputStream:75 - [STDERR_REDIRECT] 
2026-07-03 15:24:00,317 [ERROR] LogOutputStream:75 - [STDERR_REDIRECT] Jul 03, 2026 3:24:00 PM java.util.prefs.FileSystemPreferences syncWorld
2026-07-03 15:24:00,318 [ERROR] LogOutputStream:75 - [STDERR_REDIRECT] WARNING: Couldn't flush system prefs: java.util.prefs.BackingStoreException: Couldn't get file lock.
2026-07-03 15:24:00,318 [ERROR] LogOutputStream:75 - [STDERR_REDIRECT] 
2026-07-03 15:24:30,315 [ERROR] LogOutputStream:75 - [STDERR_REDIRECT] Jul 03, 2026 3:24:30 PM java.util.prefs.FileSystemPreferences checkLockFile0ErrorCode
2026-07-03 15:24:30,316 [ERROR] LogOutputStream:75 - [STDERR_REDIRECT] WARNING: Could not lock System prefs. Unix error code 0.
2026-07-03 15:24:30,318 [ERROR] LogOutputStream:75 - [STDERR_REDIRECT] 
2026-07-03 15:24:30,321 [ERROR] LogOutputStream:75 - [STDERR_REDIRECT] Jul 03, 2026 3:24:30 PM java.util.prefs.FileSystemPreferences syncWorld
2026-07-03 15:24:30,322 [ERROR] LogOutputStream:75 - [STDERR_REDIRECT] WARNING: Couldn't flush system prefs: java.util.prefs.BackingStoreException: Couldn't get file lock.
2026-07-03 15:24:30,324 [ERROR] LogOutputStream:75 - [STDERR_REDIRECT] 
2026-07-03 15:25:00,316 [ERROR] LogOutputStream:75 - [STDERR_REDIRECT] Jul 03, 2026 3:25:00 PM java.util.prefs.FileSystemPreferences checkLockFile0ErrorCode
2026-07-03 15:25:00,317 [ERROR] LogOutputStream:75 - [STDERR_REDIRECT] WARNING: Could not lock System prefs. Unix error code 0.
2026-07-03 15:25:00,317 [ERROR] LogOutputStream:75 - [STDERR_REDIRECT] 
2026-07-03 15:25:00,319 [ERROR] LogOutputStream:75 - [STDERR_REDIRECT] Jul 03, 2026 3:25:00 PM java.util.prefs.FileSystemPreferences syncWorld
2026-07-03 15:25:00,319 [ERROR] LogOutputStream:75 - [STDERR_REDIRECT] WARNING: Couldn't flush system prefs: java.util.prefs.BackingStoreException: Couldn't get file lock.
2026-07-03 15:25:00,319 [ERROR] LogOutputStream:75 - [STDERR_REDIRECT] 
2026-07-03 15:25:30,365 [ERROR] LogOutputStream:75 - [STDERR_REDIRECT] Jul 03, 2026 3:25:30 PM java.util.prefs.FileSystemPreferences checkLockFile0ErrorCode
2026-07-03 15:25:30,368 [ERROR] LogOutputStream:75 - [STDERR_REDIRECT] WARNING: Could not lock System prefs. Unix error code 0.
2026-07-03 15:25:30,368 [ERROR] LogOutputStream:75 - [STDERR_REDIRECT] 
2026-07-03 15:25:30,369 [ERROR] LogOutputStream:75 - [STDERR_REDIRECT] Jul 03, 2026 3:25:30 PM java.util.prefs.FileSystemPreferences syncWorld
2026-07-03 15:25:30,369 [ERROR] LogOutputStream:75 - [STDERR_REDIRECT] WARNING: Couldn't flush system prefs: java.util.prefs.BackingStoreException: Couldn't get file lock.
2026-07-03 15:25:30,369 [ERROR] LogOutputStream:75 - [STDERR_REDIRECT] 
2026-07-03 15:26:00,345 [ERROR] LogOutputStream:75 - [STDERR_REDIRECT] Jul 03, 2026 3:26:00 PM java.util.prefs.FileSystemPreferences checkLockFile0ErrorCode
2026-07-03 15:26:00,346 [ERROR] LogOutputStream:75 - [STDERR_REDIRECT] WARNING: Could not lock System prefs. Unix error code 0.
2026-07-03 15:26:00,346 [ERROR] LogOutputStream:75 - [STDERR_REDIRECT] 
2026-07-03 15:26:00,353 [ERROR] LogOutputStream:75 - [STDERR_REDIRECT] Jul 03, 2026 3:26:00 PM java.util.prefs.FileSystemPreferences syncWorld
2026-07-03 15:26:00,355 [ERROR] LogOutputStream:75 - [STDERR_REDIRECT] WARNING: Couldn't flush system prefs: java.util.prefs.BackingStoreException: Couldn't get file lock.
2026-07-03 15:26:00,355 [ERROR] LogOutputStream:75 - [STDERR_REDIRECT] 
2026-07-03 15:26:30,357 [ERROR] LogOutputStream:75 - [STDERR_REDIRECT] Jul 03, 2026 3:26:30 PM java.util.prefs.FileSystemPreferences checkLockFile0ErrorCode
2026-07-03 15:26:30,358 [ERROR] LogOutputStream:75 - [STDERR_REDIRECT] WARNING: Could not lock System prefs. Unix error code 0.
2026-07-03 15:26:30,358 [ERROR] LogOutputStream:75 - [STDERR_REDIRECT] 
2026-07-03 15:26:30,367 [ERROR] LogOutputStream:75 - [STDERR_REDIRECT] Jul 03, 2026 3:26:30 PM java.util.prefs.FileSystemPreferences syncWorld
2026-07-03 15:26:30,367 [ERROR] LogOutputStream:75 - [STDERR_REDIRECT] WARNING: Couldn't flush system prefs: java.util.prefs.BackingStoreException: Couldn't get file lock.
2026-07-03 15:26:30,368 [ERROR] LogOutputStream:75 - [STDERR_REDIRECT] 
2026-07-03 15:27:00,328 [ERROR] LogOutputStream:75 - [STDERR_REDIRECT] Jul 03, 2026 3:27:00 PM java.util.prefs.FileSystemPreferences checkLockFile0ErrorCode
2026-07-03 15:27:00,329 [ERROR] LogOutputStream:75 - [STDERR_REDIRECT] WARNING: Could not lock System prefs. Unix error code 0.
2026-07-03 15:27:00,329 [ERROR] LogOutputStream:75 - [STDERR_REDIRECT] 
2026-07-03 15:27:00,333 [ERROR] LogOutputStream:75 - [STDERR_REDIRECT] Jul 03, 2026 3:27:00 PM java.util.prefs.FileSystemPreferences syncWorld
2026-07-03 15:27:00,334 [ERROR] LogOutputStream:75 - [STDERR_REDIRECT] WARNING: Couldn't flush system prefs: java.util.prefs.BackingStoreException: Couldn't get file lock.
2026-07-03 15:27:00,334 [ERROR] LogOutputStream:75 - [STDERR_REDIRECT] 
2026-07-03 15:27:30,357 [ERROR] LogOutputStream:75 - [STDERR_REDIRECT] Jul 03, 2026 3:27:30 PM java.util.prefs.FileSystemPreferences checkLockFile0ErrorCode
2026-07-03 15:27:30,359 [ERROR] LogOutputStream:75 - [STDERR_REDIRECT] WARNING: Could not lock System prefs. Unix error code 0.
2026-07-03 15:27:30,360 [ERROR] LogOutputStream:75 - [STDERR_REDIRECT] 
2026-07-03 15:27:30,366 [ERROR] LogOutputStream:75 - [STDERR_REDIRECT] Jul 03, 2026 3:27:30 PM java.util.prefs.FileSystemPreferences syncWorld
2026-07-03 15:27:30,366 [ERROR] LogOutputStream:75 - [STDERR_REDIRECT] WARNING: Couldn't flush system prefs: java.util.prefs.BackingStoreException: Couldn't get file lock.
2026-07-03 15:27:30,366 [ERROR] LogOutputStream:75 - [STDERR_REDIRECT] 
2026-07-03 15:28:00,325 [ERROR] LogOutputStream:75 - [STDERR_REDIRECT] Jul 03, 2026 3:28:00 PM java.util.prefs.FileSystemPreferences checkLockFile0ErrorCode
2026-07-03 15:28:00,326 [ERROR] LogOutputStream:75 - [STDERR_REDIRECT] WARNING: Could not lock System prefs. Unix error code 0.
2026-07-03 15:28:00,326 [ERROR] LogOutputStream:75 - [STDERR_REDIRECT] 
2026-07-03 15:28:00,331 [ERROR] LogOutputStream:75 - [STDERR_REDIRECT] Jul 03, 2026 3:28:00 PM java.util.prefs.FileSystemPreferences syncWorld
2026-07-03 15:28:00,332 [ERROR] LogOutputStream:75 - [STDERR_REDIRECT] WARNING: Couldn't flush system prefs: java.util.prefs.BackingStoreException: Couldn't get file lock.
2026-07-03 15:28:00,333 [ERROR] LogOutputStream:75 - [STDERR_REDIRECT] 
2026-07-03 15:28:30,331 [ERROR] LogOutputStream:75 - [STDERR_REDIRECT] Jul 03, 2026 3:28:30 PM java.util.prefs.FileSystemPreferences checkLockFile0ErrorCode
2026-07-03 15:28:30,332 [ERROR] LogOutputStream:75 - [STDERR_REDIRECT] WARNING: Could not lock System prefs. Unix error code 0.
2026-07-03 15:28:30,332 [ERROR] LogOutputStream:75 - [STDERR_REDIRECT] 
2026-07-03 15:28:30,332 [ERROR] LogOutputStream:75 - [STDERR_REDIRECT] Jul 03, 2026 3:28:30 PM java.util.prefs.FileSystemPreferences syncWorld
2026-07-03 15:28:30,332 [ERROR] LogOutputStream:75 - [STDERR_REDIRECT] WARNING: Couldn't flush system prefs: java.util.prefs.BackingStoreException: Couldn't get file lock.
2026-07-03 15:28:30,332 [ERROR] LogOutputStream:75 - [STDERR_REDIRECT] 
2026-07-03 15:29:00,337 [ERROR] LogOutputStream:75 - [STDERR_REDIRECT] Jul 03, 2026 3:29:00 PM java.util.prefs.FileSystemPreferences checkLockFile0ErrorCode
2026-07-03 15:29:00,338 [ERROR] LogOutputStream:75 - [STDERR_REDIRECT] WARNING: Could not lock System prefs. Unix error code 0.
2026-07-03 15:29:00,338 [ERROR] LogOutputStream:75 - [STDERR_REDIRECT] 
2026-07-03 15:29:00,343 [ERROR] LogOutputStream:75 - [STDERR_REDIRECT] Jul 03, 2026 3:29:00 PM java.util.prefs.FileSystemPreferences syncWorld
2026-07-03 15:29:00,344 [ERROR] LogOutputStream:75 - [STDERR_REDIRECT] WARNING: Couldn't flush system prefs: java.util.prefs.BackingStoreException: Couldn't get file lock.
2026-07-03 15:29:00,344 [ERROR] LogOutputStream:75 - [STDERR_REDIRECT] 
2026-07-03 15:29:30,348 [ERROR] LogOutputStream:75 - [STDERR_REDIRECT] Jul 03, 2026 3:29:30 PM java.util.prefs.FileSystemPreferences checkLockFile0ErrorCode
2026-07-03 15:29:30,349 [ERROR] LogOutputStream:75 - [STDERR_REDIRECT] WARNING: Could not lock System prefs. Unix error code 0.
2026-07-03 15:29:30,349 [ERROR] LogOutputStream:75 - [STDERR_REDIRECT] 
2026-07-03 15:29:30,354 [ERROR] LogOutputStream:75 - [STDERR_REDIRECT] Jul 03, 2026 3:29:30 PM java.util.prefs.FileSystemPreferences syncWorld
2026-07-03 15:29:30,354 [ERROR] LogOutputStream:75 - [STDERR_REDIRECT] WARNING: Couldn't flush system prefs: java.util.prefs.BackingStoreException: Couldn't get file lock.
2026-07-03 15:29:30,354 [ERROR] LogOutputStream:75 - [STDERR_REDIRECT] 
2026-07-03 15:30:00,340 [ERROR] LogOutputStream:75 - [STDERR_REDIRECT] Jul 03, 2026 3:30:00 PM java.util.prefs.FileSystemPreferences checkLockFile0ErrorCode
2026-07-03 15:30:00,340 [ERROR] LogOutputStream:75 - [STDERR_REDIRECT] WARNING: Could not lock System prefs. Unix error code 0.
2026-07-03 15:30:00,345 [ERROR] LogOutputStream:75 - [STDERR_REDIRECT] 
2026-07-03 15:30:00,346 [ERROR] LogOutputStream:75 - [STDERR_REDIRECT] Jul 03, 2026 3:30:00 PM java.util.prefs.FileSystemPreferences syncWorld
2026-07-03 15:30:00,347 [ERROR] LogOutputStream:75 - [STDERR_REDIRECT] WARNING: Couldn't flush system prefs: java.util.prefs.BackingStoreException: Couldn't get file lock.
2026-07-03 15:30:00,347 [ERROR] LogOutputStream:75 - [STDERR_REDIRECT] 
2026-07-03 15:30:30,341 [ERROR] LogOutputStream:75 - [STDERR_REDIRECT] Jul 03, 2026 3:30:30 PM java.util.prefs.FileSystemPreferences checkLockFile0ErrorCode
2026-07-03 15:30:30,341 [ERROR] LogOutputStream:75 - [STDERR_REDIRECT] WARNING: Could not lock System prefs. Unix error code 0.
2026-07-03 15:30:30,341 [ERROR] LogOutputStream:75 - [STDERR_REDIRECT] 
2026-07-03 15:30:30,341 [ERROR] LogOutputStream:75 - [STDERR_REDIRECT] Jul 03, 2026 3:30:30 PM java.util.prefs.FileSystemPreferences syncWorld
2026-07-03 15:30:30,341 [ERROR] LogOutputStream:75 - [STDERR_REDIRECT] WARNING: Couldn't flush system prefs: java.util.prefs.BackingStoreException: Couldn't get file lock.
2026-07-03 15:30:30,342 [ERROR] LogOutputStream:75 - [STDERR_REDIRECT] 
2026-07-03 15:31:00,341 [ERROR] LogOutputStream:75 - [STDERR_REDIRECT] Jul 03, 2026 3:31:00 PM java.util.prefs.FileSystemPreferences checkLockFile0ErrorCode
2026-07-03 15:31:00,341 [ERROR] LogOutputStream:75 - [STDERR_REDIRECT] WARNING: Could not lock System prefs. Unix error code 0.
2026-07-03 15:31:00,342 [ERROR] LogOutputStream:75 - [STDERR_REDIRECT] 
2026-07-03 15:31:00,344 [ERROR] LogOutputStream:75 - [STDERR_REDIRECT] Jul 03, 2026 3:31:00 PM java.util.prefs.FileSystemPreferences syncWorld
2026-07-03 15:31:00,344 [ERROR] LogOutputStream:75 - [STDERR_REDIRECT] WARNING: Couldn't flush system prefs: java.util.prefs.BackingStoreException: Couldn't get file lock.
2026-07-03 15:31:00,344 [ERROR] LogOutputStream:75 - [STDERR_REDIRECT] 
2026-07-03 15:31:30,343 [ERROR] LogOutputStream:75 - [STDERR_REDIRECT] Jul 03, 2026 3:31:30 PM java.util.prefs.FileSystemPreferences checkLockFile0ErrorCode
2026-07-03 15:31:30,343 [ERROR] LogOutputStream:75 - [STDERR_REDIRECT] WARNING: Could not lock System prefs. Unix error code 0.
2026-07-03 15:31:30,344 [ERROR] LogOutputStream:75 - [STDERR_REDIRECT] 
2026-07-03 15:31:30,345 [ERROR] LogOutputStream:75 - [STDERR_REDIRECT] Jul 03, 2026 3:31:30 PM java.util.prefs.FileSystemPreferences syncWorld
2026-07-03 15:31:30,345 [ERROR] LogOutputStream:75 - [STDERR_REDIRECT] WARNING: Couldn't flush system prefs: java.util.prefs.BackingStoreException: Couldn't get file lock.
2026-07-03 15:31:30,346 [ERROR] LogOutputStream:75 - [STDERR_REDIRECT] 
2026-07-03 15:32:00,348 [ERROR] LogOutputStream:75 - [STDERR_REDIRECT] Jul 03, 2026 3:32:00 PM java.util.prefs.FileSystemPreferences checkLockFile0ErrorCode
2026-07-03 15:32:00,349 [ERROR] LogOutputStream:75 - [STDERR_REDIRECT] WARNING: Could not lock System prefs. Unix error code 0.
2026-07-03 15:32:00,350 [ERROR] LogOutputStream:75 - [STDERR_REDIRECT] 
2026-07-03 15:32:00,354 [ERROR] LogOutputStream:75 - [STDERR_REDIRECT] Jul 03, 2026 3:32:00 PM java.util.prefs.FileSystemPreferences syncWorld
2026-07-03 15:32:00,354 [ERROR] LogOutputStream:75 - [STDERR_REDIRECT] WARNING: Couldn't flush system prefs: java.util.prefs.BackingStoreException: Couldn't get file lock.
2026-07-03 15:32:00,354 [ERROR] LogOutputStream:75 - [STDERR_REDIRECT] 
2026-07-03 15:32:30,348 [ERROR] LogOutputStream:75 - [STDERR_REDIRECT] Jul 03, 2026 3:32:30 PM java.util.prefs.FileSystemPreferences checkLockFile0ErrorCode
2026-07-03 15:32:30,348 [ERROR] LogOutputStream:75 - [STDERR_REDIRECT] WARNING: Could not lock System prefs. Unix error code 0.
2026-07-03 15:32:30,349 [ERROR] LogOutputStream:75 - [STDERR_REDIRECT] 
2026-07-03 15:32:30,351 [ERROR] LogOutputStream:75 - [STDERR_REDIRECT] Jul 03, 2026 3:32:30 PM java.util.prefs.FileSystemPreferences syncWorld
2026-07-03 15:32:30,353 [ERROR] LogOutputStream:75 - [STDERR_REDIRECT] WARNING: Couldn't flush system prefs: java.util.prefs.BackingStoreException: Couldn't get file lock.
2026-07-03 15:32:30,354 [ERROR] LogOutputStream:75 - [STDERR_REDIRECT] 
2026-07-03 15:33:00,353 [ERROR] LogOutputStream:75 - [STDERR_REDIRECT] Jul 03, 2026 3:33:00 PM java.util.prefs.FileSystemPreferences checkLockFile0ErrorCode
2026-07-03 15:33:00,359 [ERROR] LogOutputStream:75 - [STDERR_REDIRECT] WARNING: Could not lock System prefs. Unix error code 0.
2026-07-03 15:33:00,360 [ERROR] LogOutputStream:75 - [STDERR_REDIRECT] 
2026-07-03 15:33:00,361 [ERROR] LogOutputStream:75 - [STDERR_REDIRECT] Jul 03, 2026 3:33:00 PM java.util.prefs.FileSystemPreferences syncWorld
2026-07-03 15:33:00,366 [ERROR] LogOutputStream:75 - [STDERR_REDIRECT] WARNING: Couldn't flush system prefs: java.util.prefs.BackingStoreException: Couldn't get file lock.
2026-07-03 15:33:00,366 [ERROR] LogOutputStream:75 - [STDERR_REDIRECT] 
2026-07-03 15:33:30,363 [ERROR] LogOutputStream:75 - [STDERR_REDIRECT] Jul 03, 2026 3:33:30 PM java.util.prefs.FileSystemPreferences checkLockFile0ErrorCode
2026-07-03 15:33:30,364 [ERROR] LogOutputStream:75 - [STDERR_REDIRECT] WARNING: Could not lock System prefs. Unix error code 0.
2026-07-03 15:33:30,366 [ERROR] LogOutputStream:75 - [STDERR_REDIRECT] 
2026-07-03 15:33:30,367 [ERROR] LogOutputStream:75 - [STDERR_REDIRECT] Jul 03, 2026 3:33:30 PM java.util.prefs.FileSystemPreferences syncWorld
2026-07-03 15:33:30,368 [ERROR] LogOutputStream:75 - [STDERR_REDIRECT] WARNING: Couldn't flush system prefs: java.util.prefs.BackingStoreException: Couldn't get file lock.
2026-07-03 15:33:30,368 [ERROR] LogOutputStream:75 - [STDERR_REDIRECT] 
2026-07-03 15:34:00,385 [ERROR] LogOutputStream:75 - [STDERR_REDIRECT] Jul 03, 2026 3:34:00 PM java.util.prefs.FileSystemPreferences checkLockFile0ErrorCode
2026-07-03 15:34:00,386 [ERROR] LogOutputStream:75 - [STDERR_REDIRECT] WARNING: Could not lock System prefs. Unix error code 0.
2026-07-03 15:34:00,387 [ERROR] LogOutputStream:75 - [STDERR_REDIRECT] 
2026-07-03 15:34:00,388 [ERROR] LogOutputStream:75 - [STDERR_REDIRECT] Jul 03, 2026 3:34:00 PM java.util.prefs.FileSystemPreferences syncWorld
2026-07-03 15:34:00,388 [ERROR] LogOutputStream:75 - [STDERR_REDIRECT] WARNING: Couldn't flush system prefs: java.util.prefs.BackingStoreException: Couldn't get file lock.
2026-07-03 15:34:00,388 [ERROR] LogOutputStream:75 - [STDERR_REDIRECT] 
2026-07-03 15:34:30,365 [ERROR] LogOutputStream:75 - [STDERR_REDIRECT] Jul 03, 2026 3:34:30 PM java.util.prefs.FileSystemPreferences checkLockFile0ErrorCode
2026-07-03 15:34:30,365 [ERROR] LogOutputStream:75 - [STDERR_REDIRECT] WARNING: Could not lock System prefs. Unix error code 0.
2026-07-03 15:34:30,368 [ERROR] LogOutputStream:75 - [STDERR_REDIRECT] 
2026-07-03 15:34:30,369 [ERROR] LogOutputStream:75 - [STDERR_REDIRECT] Jul 03, 2026 3:34:30 PM java.util.prefs.FileSystemPreferences syncWorld
2026-07-03 15:34:30,374 [ERROR] LogOutputStream:75 - [STDERR_REDIRECT] WARNING: Couldn't flush system prefs: java.util.prefs.BackingStoreException: Couldn't get file lock.
2026-07-03 15:34:30,374 [ERROR] LogOutputStream:75 - [STDERR_REDIRECT] 
2026-07-03 15:35:00,387 [ERROR] LogOutputStream:75 - [STDERR_REDIRECT] Jul 03, 2026 3:35:00 PM java.util.prefs.FileSystemPreferences checkLockFile0ErrorCode
2026-07-03 15:35:00,387 [ERROR] LogOutputStream:75 - [STDERR_REDIRECT] WARNING: Could not lock System prefs. Unix error code 0.
2026-07-03 15:35:00,387 [ERROR] LogOutputStream:75 - [STDERR_REDIRECT] 
2026-07-03 15:35:00,387 [ERROR] LogOutputStream:75 - [STDERR_REDIRECT] Jul 03, 2026 3:35:00 PM java.util.prefs.FileSystemPreferences syncWorld
2026-07-03 15:35:00,388 [ERROR] LogOutputStream:75 - [STDERR_REDIRECT] WARNING: Couldn't flush system prefs: java.util.prefs.BackingStoreException: Couldn't get file lock.
2026-07-03 15:35:00,388 [ERROR] LogOutputStream:75 - [STDERR_REDIRECT] 
2026-07-03 15:35:30,360 [ERROR] LogOutputStream:75 - [STDERR_REDIRECT] Jul 03, 2026 3:35:30 PM java.util.prefs.FileSystemPreferences checkLockFile0ErrorCode
2026-07-03 15:35:30,361 [ERROR] LogOutputStream:75 - [STDERR_REDIRECT] WARNING: Could not lock System prefs. Unix error code 0.
2026-07-03 15:35:30,361 [ERROR] LogOutputStream:75 - [STDERR_REDIRECT] 
2026-07-03 15:35:30,363 [ERROR] LogOutputStream:75 - [STDERR_REDIRECT] Jul 03, 2026 3:35:30 PM java.util.prefs.FileSystemPreferences syncWorld
2026-07-03 15:35:30,363 [ERROR] LogOutputStream:75 - [STDERR_REDIRECT] WARNING: Couldn't flush system prefs: java.util.prefs.BackingStoreException: Couldn't get file lock.
2026-07-03 15:35:30,364 [ERROR] LogOutputStream:75 - [STDERR_REDIRECT] 
2026-07-03 15:36:00,367 [ERROR] LogOutputStream:75 - [STDERR_REDIRECT] Jul 03, 2026 3:36:00 PM java.util.prefs.FileSystemPreferences checkLockFile0ErrorCode
2026-07-03 15:36:00,367 [ERROR] LogOutputStream:75 - [STDERR_REDIRECT] WARNING: Could not lock System prefs. Unix error code 0.
2026-07-03 15:36:00,371 [ERROR] LogOutputStream:75 - [STDERR_REDIRECT] 
2026-07-03 15:36:00,372 [ERROR] LogOutputStream:75 - [STDERR_REDIRECT] Jul 03, 2026 3:36:00 PM java.util.prefs.FileSystemPreferences syncWorld
2026-07-03 15:36:00,373 [ERROR] LogOutputStream:75 - [STDERR_REDIRECT] WARNING: Couldn't flush system prefs: java.util.prefs.BackingStoreException: Couldn't get file lock.
2026-07-03 15:36:00,373 [ERROR] LogOutputStream:75 - [STDERR_REDIRECT] 
2026-07-03 15:36:30,362 [ERROR] LogOutputStream:75 - [STDERR_REDIRECT] Jul 03, 2026 3:36:30 PM java.util.prefs.FileSystemPreferences checkLockFile0ErrorCode
2026-07-03 15:36:30,363 [ERROR] LogOutputStream:75 - [STDERR_REDIRECT] WARNING: Could not lock System prefs. Unix error code 0.
2026-07-03 15:36:30,364 [ERROR] LogOutputStream:75 - [STDERR_REDIRECT] 
2026-07-03 15:36:30,365 [ERROR] LogOutputStream:75 - [STDERR_REDIRECT] Jul 03, 2026 3:36:30 PM java.util.prefs.FileSystemPreferences syncWorld
2026-07-03 15:36:30,366 [ERROR] LogOutputStream:75 - [STDERR_REDIRECT] WARNING: Couldn't flush system prefs: java.util.prefs.BackingStoreException: Couldn't get file lock.
2026-07-03 15:36:30,366 [ERROR] LogOutputStream:75 - [STDERR_REDIRECT] 
2026-07-03 15:37:00,381 [ERROR] LogOutputStream:75 - [STDERR_REDIRECT] Jul 03, 2026 3:37:00 PM java.util.prefs.FileSystemPreferences checkLockFile0ErrorCode
2026-07-03 15:37:00,381 [ERROR] LogOutputStream:75 - [STDERR_REDIRECT] WARNING: Could not lock System prefs. Unix error code 0.
2026-07-03 15:37:00,382 [ERROR] LogOutputStream:75 - [STDERR_REDIRECT] 
2026-07-03 15:37:00,385 [ERROR] LogOutputStream:75 - [STDERR_REDIRECT] Jul 03, 2026 3:37:00 PM java.util.prefs.FileSystemPreferences syncWorld
2026-07-03 15:37:00,386 [ERROR] LogOutputStream:75 - [STDERR_REDIRECT] WARNING: Couldn't flush system prefs: java.util.prefs.BackingStoreException: Couldn't get file lock.
2026-07-03 15:37:00,387 [ERROR] LogOutputStream:75 - [STDERR_REDIRECT] 
2026-07-03 15:37:30,364 [ERROR] LogOutputStream:75 - [STDERR_REDIRECT] Jul 03, 2026 3:37:30 PM java.util.prefs.FileSystemPreferences checkLockFile0ErrorCode
2026-07-03 15:37:30,364 [ERROR] LogOutputStream:75 - [STDERR_REDIRECT] WARNING: Could not lock System prefs. Unix error code 0.
2026-07-03 15:37:30,473 [ERROR] LogOutputStream:75 - [STDERR_REDIRECT] 
2026-07-03 15:37:30,473 [ERROR] LogOutputStream:75 - [STDERR_REDIRECT] Jul 03, 2026 3:37:30 PM java.util.prefs.FileSystemPreferences syncWorld
2026-07-03 15:37:30,473 [ERROR] LogOutputStream:75 - [STDERR_REDIRECT] WARNING: Couldn't flush system prefs: java.util.prefs.BackingStoreException: Couldn't get file lock.
2026-07-03 15:37:30,473 [ERROR] LogOutputStream:75 - [STDERR_REDIRECT] 
2026-07-03 15:38:00,367 [ERROR] LogOutputStream:75 - [STDERR_REDIRECT] Jul 03, 2026 3:38:00 PM java.util.prefs.FileSystemPreferences checkLockFile0ErrorCode
2026-07-03 15:38:00,368 [ERROR] LogOutputStream:75 - [STDERR_REDIRECT] WARNING: Could not lock System prefs. Unix error code 0.
2026-07-03 15:38:00,368 [ERROR] LogOutputStream:75 - [STDERR_REDIRECT] 
2026-07-03 15:38:00,374 [ERROR] LogOutputStream:75 - [STDERR_REDIRECT] Jul 03, 2026 3:38:00 PM java.util.prefs.FileSystemPreferences syncWorld
2026-07-03 15:38:00,376 [ERROR] LogOutputStream:75 - [STDERR_REDIRECT] WARNING: Couldn't flush system prefs: java.util.prefs.BackingStoreException: Couldn't get file lock.
2026-07-03 15:38:00,376 [ERROR] LogOutputStream:75 - [STDERR_REDIRECT] 
2026-07-03 15:38:30,369 [ERROR] LogOutputStream:75 - [STDERR_REDIRECT] Jul 03, 2026 3:38:30 PM java.util.prefs.FileSystemPreferences checkLockFile0ErrorCode
2026-07-03 15:38:30,369 [ERROR] LogOutputStream:75 - [STDERR_REDIRECT] WARNING: Could not lock System prefs. Unix error code 0.
2026-07-03 15:38:30,369 [ERROR] LogOutputStream:75 - [STDERR_REDIRECT] 
2026-07-03 15:38:30,370 [ERROR] LogOutputStream:75 - [STDERR_REDIRECT] Jul 03, 2026 3:38:30 PM java.util.prefs.FileSystemPreferences syncWorld
2026-07-03 15:38:30,373 [ERROR] LogOutputStream:75 - [STDERR_REDIRECT] WARNING: Couldn't flush system prefs: java.util.prefs.BackingStoreException: Couldn't get file lock.
2026-07-03 15:38:30,373 [ERROR] LogOutputStream:75 - [STDERR_REDIRECT] 
2026-07-03 15:39:00,370 [ERROR] LogOutputStream:75 - [STDERR_REDIRECT] Jul 03, 2026 3:39:00 PM java.util.prefs.FileSystemPreferences checkLockFile0ErrorCode
2026-07-03 15:39:00,370 [ERROR] LogOutputStream:75 - [STDERR_REDIRECT] WARNING: Could not lock System prefs. Unix error code 0.
2026-07-03 15:39:00,370 [ERROR] LogOutputStream:75 - [STDERR_REDIRECT] 
2026-07-03 15:39:00,371 [ERROR] LogOutputStream:75 - [STDERR_REDIRECT] Jul 03, 2026 3:39:00 PM java.util.prefs.FileSystemPreferences syncWorld
2026-07-03 15:39:00,383 [ERROR] LogOutputStream:75 - [STDERR_REDIRECT] WARNING: Couldn't flush system prefs: java.util.prefs.BackingStoreException: Couldn't get file lock.
2026-07-03 15:39:00,384 [ERROR] LogOutputStream:75 - [STDERR_REDIRECT] 
2026-07-03 15:39:30,391 [ERROR] LogOutputStream:75 - [STDERR_REDIRECT] Jul 03, 2026 3:39:30 PM java.util.prefs.FileSystemPreferences checkLockFile0ErrorCode
2026-07-03 15:39:30,391 [ERROR] LogOutputStream:75 - [STDERR_REDIRECT] WARNING: Could not lock System prefs. Unix error code 0.
2026-07-03 15:39:30,391 [ERROR] LogOutputStream:75 - [STDERR_REDIRECT] 
2026-07-03 15:39:30,392 [ERROR] LogOutputStream:75 - [STDERR_REDIRECT] Jul 03, 2026 3:39:30 PM java.util.prefs.FileSystemPreferences syncWorld
2026-07-03 15:39:30,397 [ERROR] LogOutputStream:75 - [STDERR_REDIRECT] WARNING: Couldn't flush system prefs: java.util.prefs.BackingStoreException: Couldn't get file lock.
2026-07-03 15:39:30,398 [ERROR] LogOutputStream:75 - [STDERR_REDIRECT] 
2026-07-03 15:40:00,370 [ERROR] LogOutputStream:75 - [STDERR_REDIRECT] Jul 03, 2026 3:40:00 PM java.util.prefs.FileSystemPreferences checkLockFile0ErrorCode
2026-07-03 15:40:00,374 [ERROR] LogOutputStream:75 - [STDERR_REDIRECT] WARNING: Could not lock System prefs. Unix error code 0.
2026-07-03 15:40:00,377 [ERROR] LogOutputStream:75 - [STDERR_REDIRECT] 
2026-07-03 15:40:00,378 [ERROR] LogOutputStream:75 - [STDERR_REDIRECT] Jul 03, 2026 3:40:00 PM java.util.prefs.FileSystemPreferences syncWorld
2026-07-03 15:40:00,378 [ERROR] LogOutputStream:75 - [STDERR_REDIRECT] WARNING: Couldn't flush system prefs: java.util.prefs.BackingStoreException: Couldn't get file lock.
2026-07-03 15:40:00,378 [ERROR] LogOutputStream:75 - [STDERR_REDIRECT] 
2026-07-03 15:40:30,379 [ERROR] LogOutputStream:75 - [STDERR_REDIRECT] Jul 03, 2026 3:40:30 PM java.util.prefs.FileSystemPreferences checkLockFile0ErrorCode
2026-07-03 15:40:30,382 [ERROR] LogOutputStream:75 - [STDERR_REDIRECT] WARNING: Could not lock System prefs. Unix error code 0.
2026-07-03 15:40:30,382 [ERROR] LogOutputStream:75 - [STDERR_REDIRECT] 
2026-07-03 15:40:30,382 [ERROR] LogOutputStream:75 - [STDERR_REDIRECT] Jul 03, 2026 3:40:30 PM java.util.prefs.FileSystemPreferences syncWorld
2026-07-03 15:40:30,382 [ERROR] LogOutputStream:75 - [STDERR_REDIRECT] WARNING: Couldn't flush system prefs: java.util.prefs.BackingStoreException: Couldn't get file lock.
2026-07-03 15:40:30,383 [ERROR] LogOutputStream:75 - [STDERR_REDIRECT] 
2026-07-03 15:41:00,379 [ERROR] LogOutputStream:75 - [STDERR_REDIRECT] Jul 03, 2026 3:41:00 PM java.util.prefs.FileSystemPreferences checkLockFile0ErrorCode
2026-07-03 15:41:00,380 [ERROR] LogOutputStream:75 - [STDERR_REDIRECT] WARNING: Could not lock System prefs. Unix error code 0.
2026-07-03 15:41:00,382 [ERROR] LogOutputStream:75 - [STDERR_REDIRECT] 
2026-07-03 15:41:00,384 [ERROR] LogOutputStream:75 - [STDERR_REDIRECT] Jul 03, 2026 3:41:00 PM java.util.prefs.FileSystemPreferences syncWorld
2026-07-03 15:41:00,386 [ERROR] LogOutputStream:75 - [STDERR_REDIRECT] WARNING: Couldn't flush system prefs: java.util.prefs.BackingStoreException: Couldn't get file lock.
2026-07-03 15:41:00,386 [ERROR] LogOutputStream:75 - [STDERR_REDIRECT] 
2026-07-03 15:41:30,379 [ERROR] LogOutputStream:75 - [STDERR_REDIRECT] Jul 03, 2026 3:41:30 PM java.util.prefs.FileSystemPreferences checkLockFile0ErrorCode
2026-07-03 15:41:30,380 [ERROR] LogOutputStream:75 - [STDERR_REDIRECT] WARNING: Could not lock System prefs. Unix error code 0.
2026-07-03 15:41:30,381 [ERROR] LogOutputStream:75 - [STDERR_REDIRECT] 
2026-07-03 15:41:30,381 [ERROR] LogOutputStream:75 - [STDERR_REDIRECT] Jul 03, 2026 3:41:30 PM java.util.prefs.FileSystemPreferences syncWorld
2026-07-03 15:41:30,382 [ERROR] LogOutputStream:75 - [STDERR_REDIRECT] WARNING: Couldn't flush system prefs: java.util.prefs.BackingStoreException: Couldn't get file lock.
2026-07-03 15:41:30,382 [ERROR] LogOutputStream:75 - [STDERR_REDIRECT] 
2026-07-03 15:42:00,380 [ERROR] LogOutputStream:75 - [STDERR_REDIRECT] Jul 03, 2026 3:42:00 PM java.util.prefs.FileSystemPreferences checkLockFile0ErrorCode
2026-07-03 15:42:00,380 [ERROR] LogOutputStream:75 - [STDERR_REDIRECT] WARNING: Could not lock System prefs. Unix error code 0.
2026-07-03 15:42:00,380 [ERROR] LogOutputStream:75 - [STDERR_REDIRECT] 
2026-07-03 15:42:00,380 [ERROR] LogOutputStream:75 - [STDERR_REDIRECT] Jul 03, 2026 3:42:00 PM java.util.prefs.FileSystemPreferences syncWorld
2026-07-03 15:42:00,380 [ERROR] LogOutputStream:75 - [STDERR_REDIRECT] WARNING: Couldn't flush system prefs: java.util.prefs.BackingStoreException: Couldn't get file lock.
2026-07-03 15:42:00,381 [ERROR] LogOutputStream:75 - [STDERR_REDIRECT] 
2026-07-03 15:42:30,410 [ERROR] LogOutputStream:75 - [STDERR_REDIRECT] Jul 03, 2026 3:42:30 PM java.util.prefs.FileSystemPreferences checkLockFile0ErrorCode
2026-07-03 15:42:30,410 [ERROR] LogOutputStream:75 - [STDERR_REDIRECT] WARNING: Could not lock System prefs. Unix error code 0.
2026-07-03 15:42:30,411 [ERROR] LogOutputStream:75 - [STDERR_REDIRECT] 
2026-07-03 15:42:30,411 [ERROR] LogOutputStream:75 - [STDERR_REDIRECT] Jul 03, 2026 3:42:30 PM java.util.prefs.FileSystemPreferences syncWorld
2026-07-03 15:42:30,411 [ERROR] LogOutputStream:75 - [STDERR_REDIRECT] WARNING: Couldn't flush system prefs: java.util.prefs.BackingStoreException: Couldn't get file lock.
2026-07-03 15:42:30,411 [ERROR] LogOutputStream:75 - [STDERR_REDIRECT] 
2026-07-03 15:43:00,389 [ERROR] LogOutputStream:75 - [STDERR_REDIRECT] Jul 03, 2026 3:43:00 PM java.util.prefs.FileSystemPreferences checkLockFile0ErrorCode
2026-07-03 15:43:00,390 [ERROR] LogOutputStream:75 - [STDERR_REDIRECT] WARNING: Could not lock System prefs. Unix error code 0.
2026-07-03 15:43:00,394 [ERROR] LogOutputStream:75 - [STDERR_REDIRECT] 
2026-07-03 15:43:00,398 [ERROR] LogOutputStream:75 - [STDERR_REDIRECT] Jul 03, 2026 3:43:00 PM java.util.prefs.FileSystemPreferences syncWorld
2026-07-03 15:43:00,401 [ERROR] LogOutputStream:75 - [STDERR_REDIRECT] WARNING: Couldn't flush system prefs: java.util.prefs.BackingStoreException: Couldn't get file lock.
2026-07-03 15:43:00,401 [ERROR] LogOutputStream:75 - [STDERR_REDIRECT] 
2026-07-03 15:43:30,394 [ERROR] LogOutputStream:75 - [STDERR_REDIRECT] Jul 03, 2026 3:43:30 PM java.util.prefs.FileSystemPreferences checkLockFile0ErrorCode
2026-07-03 15:43:30,396 [ERROR] LogOutputStream:75 - [STDERR_REDIRECT] WARNING: Could not lock System prefs. Unix error code 0.
2026-07-03 15:43:30,396 [ERROR] LogOutputStream:75 - [STDERR_REDIRECT] 
2026-07-03 15:43:30,396 [ERROR] LogOutputStream:75 - [STDERR_REDIRECT] Jul 03, 2026 3:43:30 PM java.util.prefs.FileSystemPreferences syncWorld
2026-07-03 15:43:30,398 [ERROR] LogOutputStream:75 - [STDERR_REDIRECT] WARNING: Couldn't flush system prefs: java.util.prefs.BackingStoreException: Couldn't get file lock.
2026-07-03 15:43:30,398 [ERROR] LogOutputStream:75 - [STDERR_REDIRECT] 
2026-07-03 15:44:00,401 [ERROR] LogOutputStream:75 - [STDERR_REDIRECT] Jul 03, 2026 3:44:00 PM java.util.prefs.FileSystemPreferences checkLockFile0ErrorCode
2026-07-03 15:44:00,497 [ERROR] LogOutputStream:75 - [STDERR_REDIRECT] WARNING: Could not lock System prefs. Unix error code 0.
2026-07-03 15:44:00,498 [ERROR] LogOutputStream:75 - [STDERR_REDIRECT] 
2026-07-03 15:44:00,502 [ERROR] LogOutputStream:75 - [STDERR_REDIRECT] Jul 03, 2026 3:44:00 PM java.util.prefs.FileSystemPreferences syncWorld
2026-07-03 15:44:00,506 [ERROR] LogOutputStream:75 - [STDERR_REDIRECT] WARNING: Couldn't flush system prefs: java.util.prefs.BackingStoreException: Couldn't get file lock.
2026-07-03 15:44:00,506 [ERROR] LogOutputStream:75 - [STDERR_REDIRECT] 
2026-07-03 15:44:30,400 [ERROR] LogOutputStream:75 - [STDERR_REDIRECT] Jul 03, 2026 3:44:30 PM java.util.prefs.FileSystemPreferences checkLockFile0ErrorCode
2026-07-03 15:44:30,401 [ERROR] LogOutputStream:75 - [STDERR_REDIRECT] WARNING: Could not lock System prefs. Unix error code 0.
2026-07-03 15:44:30,401 [ERROR] LogOutputStream:75 - [STDERR_REDIRECT] 
2026-07-03 15:44:30,402 [ERROR] LogOutputStream:75 - [STDERR_REDIRECT] Jul 03, 2026 3:44:30 PM java.util.prefs.FileSystemPreferences syncWorld
2026-07-03 15:44:30,402 [ERROR] LogOutputStream:75 - [STDERR_REDIRECT] WARNING: Couldn't flush system prefs: java.util.prefs.BackingStoreException: Couldn't get file lock.
2026-07-03 15:44:30,402 [ERROR] LogOutputStream:75 - [STDERR_REDIRECT] 
2026-07-03 15:45:00,417 [ERROR] LogOutputStream:75 - [STDERR_REDIRECT] Jul 03, 2026 3:45:00 PM java.util.prefs.FileSystemPreferences checkLockFile0ErrorCode
2026-07-03 15:45:00,418 [ERROR] LogOutputStream:75 - [STDERR_REDIRECT] WARNING: Could not lock System prefs. Unix error code 0.
2026-07-03 15:45:00,418 [ERROR] LogOutputStream:75 - [STDERR_REDIRECT] 
2026-07-03 15:45:00,419 [ERROR] LogOutputStream:75 - [STDERR_REDIRECT] Jul 03, 2026 3:45:00 PM java.util.prefs.FileSystemPreferences syncWorld
2026-07-03 15:45:00,421 [ERROR] LogOutputStream:75 - [STDERR_REDIRECT] WARNING: Couldn't flush system prefs: java.util.prefs.BackingStoreException: Couldn't get file lock.
2026-07-03 15:45:00,421 [ERROR] LogOutputStream:75 - [STDERR_REDIRECT] 
2026-07-03 15:45:30,406 [ERROR] LogOutputStream:75 - [STDERR_REDIRECT] Jul 03, 2026 3:45:30 PM java.util.prefs.FileSystemPreferences checkLockFile0ErrorCode
2026-07-03 15:45:30,407 [ERROR] LogOutputStream:75 - [STDERR_REDIRECT] WARNING: Could not lock System prefs. Unix error code 0.
2026-07-03 15:45:30,408 [ERROR] LogOutputStream:75 - [STDERR_REDIRECT] 
2026-07-03 15:45:30,413 [ERROR] LogOutputStream:75 - [STDERR_REDIRECT] Jul 03, 2026 3:45:30 PM java.util.prefs.FileSystemPreferences syncWorld
2026-07-03 15:45:30,414 [ERROR] LogOutputStream:75 - [STDERR_REDIRECT] WARNING: Couldn't flush system prefs: java.util.prefs.BackingStoreException: Couldn't get file lock.
2026-07-03 15:45:30,414 [ERROR] LogOutputStream:75 - [STDERR_REDIRECT] 
2026-07-03 15:46:00,402 [ERROR] LogOutputStream:75 - [STDERR_REDIRECT] Jul 03, 2026 3:46:00 PM java.util.prefs.FileSystemPreferences checkLockFile0ErrorCode
2026-07-03 15:46:00,404 [ERROR] LogOutputStream:75 - [STDERR_REDIRECT] WARNING: Could not lock System prefs. Unix error code 0.
2026-07-03 15:46:00,406 [ERROR] LogOutputStream:75 - [STDERR_REDIRECT] 
2026-07-03 15:46:00,409 [ERROR] LogOutputStream:75 - [STDERR_REDIRECT] Jul 03, 2026 3:46:00 PM java.util.prefs.FileSystemPreferences syncWorld
2026-07-03 15:46:00,409 [ERROR] LogOutputStream:75 - [STDERR_REDIRECT] WARNING: Couldn't flush system prefs: java.util.prefs.BackingStoreException: Couldn't get file lock.
2026-07-03 15:46:00,410 [ERROR] LogOutputStream:75 - [STDERR_REDIRECT] 
2026-07-03 15:46:30,409 [ERROR] LogOutputStream:75 - [STDERR_REDIRECT] Jul 03, 2026 3:46:30 PM java.util.prefs.FileSystemPreferences checkLockFile0ErrorCode
2026-07-03 15:46:30,411 [ERROR] LogOutputStream:75 - [STDERR_REDIRECT] WARNING: Could not lock System prefs. Unix error code 0.
2026-07-03 15:46:30,412 [ERROR] LogOutputStream:75 - [STDERR_REDIRECT] 
2026-07-03 15:46:30,419 [ERROR] LogOutputStream:75 - [STDERR_REDIRECT] Jul 03, 2026 3:46:30 PM java.util.prefs.FileSystemPreferences syncWorld
2026-07-03 15:46:30,420 [ERROR] LogOutputStream:75 - [STDERR_REDIRECT] WARNING: Couldn't flush system prefs: java.util.prefs.BackingStoreException: Couldn't get file lock.
2026-07-03 15:46:30,426 [ERROR] LogOutputStream:75 - [STDERR_REDIRECT] 
2026-07-03 15:47:00,409 [ERROR] LogOutputStream:75 - [STDERR_REDIRECT] Jul 03, 2026 3:47:00 PM java.util.prefs.FileSystemPreferences checkLockFile0ErrorCode
2026-07-03 15:47:00,411 [ERROR] LogOutputStream:75 - [STDERR_REDIRECT] WARNING: Could not lock System prefs. Unix error code 0.
2026-07-03 15:47:00,412 [ERROR] LogOutputStream:75 - [STDERR_REDIRECT] 
2026-07-03 15:47:00,417 [ERROR] LogOutputStream:75 - [STDERR_REDIRECT] Jul 03, 2026 3:47:00 PM java.util.prefs.FileSystemPreferences syncWorld
2026-07-03 15:47:00,417 [ERROR] LogOutputStream:75 - [STDERR_REDIRECT] WARNING: Couldn't flush system prefs: java.util.prefs.BackingStoreException: Couldn't get file lock.
2026-07-03 15:47:00,418 [ERROR] LogOutputStream:75 - [STDERR_REDIRECT] 
2026-07-03 15:47:30,412 [ERROR] LogOutputStream:75 - [STDERR_REDIRECT] Jul 03, 2026 3:47:30 PM java.util.prefs.FileSystemPreferences checkLockFile0ErrorCode
2026-07-03 15:47:30,413 [ERROR] LogOutputStream:75 - [STDERR_REDIRECT] WARNING: Could not lock System prefs. Unix error code 0.
2026-07-03 15:47:30,416 [ERROR] LogOutputStream:75 - [STDERR_REDIRECT] 
2026-07-03 15:47:30,417 [ERROR] LogOutputStream:75 - [STDERR_REDIRECT] Jul 03, 2026 3:47:30 PM java.util.prefs.FileSystemPreferences syncWorld
2026-07-03 15:47:30,419 [ERROR] LogOutputStream:75 - [STDERR_REDIRECT] WARNING: Couldn't flush system prefs: java.util.prefs.BackingStoreException: Couldn't get file lock.
2026-07-03 15:47:30,420 [ERROR] LogOutputStream:75 - [STDERR_REDIRECT] 
2026-07-03 15:48:00,448 [ERROR] LogOutputStream:75 - [STDERR_REDIRECT] Jul 03, 2026 3:48:00 PM java.util.prefs.FileSystemPreferences checkLockFile0ErrorCode
2026-07-03 15:48:00,448 [ERROR] LogOutputStream:75 - [STDERR_REDIRECT] WARNING: Could not lock System prefs. Unix error code 0.
2026-07-03 15:48:00,448 [ERROR] LogOutputStream:75 - [STDERR_REDIRECT] 
2026-07-03 15:48:00,448 [ERROR] LogOutputStream:75 - [STDERR_REDIRECT] Jul 03, 2026 3:48:00 PM java.util.prefs.FileSystemPreferences syncWorld
2026-07-03 15:48:00,450 [ERROR] LogOutputStream:75 - [STDERR_REDIRECT] WARNING: Couldn't flush system prefs: java.util.prefs.BackingStoreException: Couldn't get file lock.
2026-07-03 15:48:00,450 [ERROR] LogOutputStream:75 - [STDERR_REDIRECT] 
2026-07-03 15:48:30,411 [ERROR] LogOutputStream:75 - [STDERR_REDIRECT] Jul 03, 2026 3:48:30 PM java.util.prefs.FileSystemPreferences checkLockFile0ErrorCode
2026-07-03 15:48:30,412 [ERROR] LogOutputStream:75 - [STDERR_REDIRECT] WARNING: Could not lock System prefs. Unix error code 0.
2026-07-03 15:48:30,413 [ERROR] LogOutputStream:75 - [STDERR_REDIRECT] 
2026-07-03 15:48:30,417 [ERROR] LogOutputStream:75 - [STDERR_REDIRECT] Jul 03, 2026 3:48:30 PM java.util.prefs.FileSystemPreferences syncWorld
2026-07-03 15:48:30,418 [ERROR] LogOutputStream:75 - [STDERR_REDIRECT] WARNING: Couldn't flush system prefs: java.util.prefs.BackingStoreException: Couldn't get file lock.
2026-07-03 15:48:30,419 [ERROR] LogOutputStream:75 - [STDERR_REDIRECT] 
2026-07-03 15:49:00,408 [ERROR] LogOutputStream:75 - [STDERR_REDIRECT] Jul 03, 2026 3:49:00 PM java.util.prefs.FileSystemPreferences checkLockFile0ErrorCode
2026-07-03 15:49:00,418 [ERROR] LogOutputStream:75 - [STDERR_REDIRECT] WARNING: Could not lock System prefs. Unix error code 0.
2026-07-03 15:49:00,419 [ERROR] LogOutputStream:75 - [STDERR_REDIRECT] 
2026-07-03 15:49:00,421 [ERROR] LogOutputStream:75 - [STDERR_REDIRECT] Jul 03, 2026 3:49:00 PM java.util.prefs.FileSystemPreferences syncWorld
2026-07-03 15:49:00,421 [ERROR] LogOutputStream:75 - [STDERR_REDIRECT] WARNING: Couldn't flush system prefs: java.util.prefs.BackingStoreException: Couldn't get file lock.
2026-07-03 15:49:00,422 [ERROR] LogOutputStream:75 - [STDERR_REDIRECT] 
2026-07-03 15:49:30,451 [ERROR] LogOutputStream:75 - [STDERR_REDIRECT] Jul 03, 2026 3:49:30 PM java.util.prefs.FileSystemPreferences checkLockFile0ErrorCode
2026-07-03 15:49:30,452 [ERROR] LogOutputStream:75 - [STDERR_REDIRECT] WARNING: Could not lock System prefs. Unix error code 0.
2026-07-03 15:49:30,452 [ERROR] LogOutputStream:75 - [STDERR_REDIRECT] 
2026-07-03 15:49:30,456 [ERROR] LogOutputStream:75 - [STDERR_REDIRECT] Jul 03, 2026 3:49:30 PM java.util.prefs.FileSystemPreferences syncWorld
2026-07-03 15:49:30,456 [ERROR] LogOutputStream:75 - [STDERR_REDIRECT] WARNING: Couldn't flush system prefs: java.util.prefs.BackingStoreException: Couldn't get file lock.
2026-07-03 15:49:30,456 [ERROR] LogOutputStream:75 - [STDERR_REDIRECT] 
2026-07-03 15:50:00,419 [ERROR] LogOutputStream:75 - [STDERR_REDIRECT] Jul 03, 2026 3:50:00 PM java.util.prefs.FileSystemPreferences checkLockFile0ErrorCode
2026-07-03 15:50:00,419 [ERROR] LogOutputStream:75 - [STDERR_REDIRECT] WARNING: Could not lock System prefs. Unix error code 0.
2026-07-03 15:50:00,419 [ERROR] LogOutputStream:75 - [STDERR_REDIRECT] 
2026-07-03 15:50:00,419 [ERROR] LogOutputStream:75 - [STDERR_REDIRECT] Jul 03, 2026 3:50:00 PM java.util.prefs.FileSystemPreferences syncWorld
2026-07-03 15:50:00,419 [ERROR] LogOutputStream:75 - [STDERR_REDIRECT] WARNING: Couldn't flush system prefs: java.util.prefs.BackingStoreException: Couldn't get file lock.
2026-07-03 15:50:00,420 [ERROR] LogOutputStream:75 - [STDERR_REDIRECT] 
2026-07-03 15:50:30,418 [ERROR] LogOutputStream:75 - [STDERR_REDIRECT] Jul 03, 2026 3:50:30 PM java.util.prefs.FileSystemPreferences checkLockFile0ErrorCode
2026-07-03 15:50:30,418 [ERROR] LogOutputStream:75 - [STDERR_REDIRECT] WARNING: Could not lock System prefs. Unix error code 0.
2026-07-03 15:50:30,419 [ERROR] LogOutputStream:75 - [STDERR_REDIRECT] 
2026-07-03 15:50:30,419 [ERROR] LogOutputStream:75 - [STDERR_REDIRECT] Jul 03, 2026 3:50:30 PM java.util.prefs.FileSystemPreferences syncWorld
2026-07-03 15:50:30,419 [ERROR] LogOutputStream:75 - [STDERR_REDIRECT] WARNING: Couldn't flush system prefs: java.util.prefs.BackingStoreException: Couldn't get file lock.
2026-07-03 15:50:30,419 [ERROR] LogOutputStream:75 - [STDERR_REDIRECT] 
2026-07-03 15:51:00,461 [ERROR] LogOutputStream:75 - [STDERR_REDIRECT] Jul 03, 2026 3:51:00 PM java.util.prefs.FileSystemPreferences checkLockFile0ErrorCode
2026-07-03 15:51:00,461 [ERROR] LogOutputStream:75 - [STDERR_REDIRECT] WARNING: Could not lock System prefs. Unix error code 0.
2026-07-03 15:51:00,461 [ERROR] LogOutputStream:75 - [STDERR_REDIRECT] 
2026-07-03 15:51:00,463 [ERROR] LogOutputStream:75 - [STDERR_REDIRECT] Jul 03, 2026 3:51:00 PM java.util.prefs.FileSystemPreferences syncWorld
2026-07-03 15:51:00,465 [ERROR] LogOutputStream:75 - [STDERR_REDIRECT] WARNING: Couldn't flush system prefs: java.util.prefs.BackingStoreException: Couldn't get file lock.
2026-07-03 15:51:00,465 [ERROR] LogOutputStream:75 - [STDERR_REDIRECT] 
2026-07-03 15:51:30,427 [ERROR] LogOutputStream:75 - [STDERR_REDIRECT] Jul 03, 2026 3:51:30 PM java.util.prefs.FileSystemPreferences checkLockFile0ErrorCode
2026-07-03 15:51:30,427 [ERROR] LogOutputStream:75 - [STDERR_REDIRECT] WARNING: Could not lock System prefs. Unix error code 0.
2026-07-03 15:51:30,427 [ERROR] LogOutputStream:75 - [STDERR_REDIRECT] 
2026-07-03 15:51:30,428 [ERROR] LogOutputStream:75 - [STDERR_REDIRECT] Jul 03, 2026 3:51:30 PM java.util.prefs.FileSystemPreferences syncWorld
2026-07-03 15:51:30,431 [ERROR] LogOutputStream:75 - [STDERR_REDIRECT] WARNING: Couldn't flush system prefs: java.util.prefs.BackingStoreException: Couldn't get file lock.
2026-07-03 15:51:30,433 [ERROR] LogOutputStream:75 - [STDERR_REDIRECT] 
2026-07-03 15:52:00,435 [ERROR] LogOutputStream:75 - [STDERR_REDIRECT] Jul 03, 2026 3:52:00 PM java.util.prefs.FileSystemPreferences checkLockFile0ErrorCode
2026-07-03 15:52:00,435 [ERROR] LogOutputStream:75 - [STDERR_REDIRECT] WARNING: Could not lock System prefs. Unix error code 0.
2026-07-03 15:52:00,436 [ERROR] LogOutputStream:75 - [STDERR_REDIRECT] 
2026-07-03 15:52:00,438 [ERROR] LogOutputStream:75 - [STDERR_REDIRECT] Jul 03, 2026 3:52:00 PM java.util.prefs.FileSystemPreferences syncWorld
2026-07-03 15:52:00,438 [ERROR] LogOutputStream:75 - [STDERR_REDIRECT] WARNING: Couldn't flush system prefs: java.util.prefs.BackingStoreException: Couldn't get file lock.
2026-07-03 15:52:00,438 [ERROR] LogOutputStream:75 - [STDERR_REDIRECT] 
2026-07-03 15:52:30,435 [ERROR] LogOutputStream:75 - [STDERR_REDIRECT] Jul 03, 2026 3:52:30 PM java.util.prefs.FileSystemPreferences checkLockFile0ErrorCode
2026-07-03 15:52:30,439 [ERROR] LogOutputStream:75 - [STDERR_REDIRECT] WARNING: Could not lock System prefs. Unix error code 0.
2026-07-03 15:52:30,440 [ERROR] LogOutputStream:75 - [STDERR_REDIRECT] 
2026-07-03 15:52:30,445 [ERROR] LogOutputStream:75 - [STDERR_REDIRECT] Jul 03, 2026 3:52:30 PM java.util.prefs.FileSystemPreferences syncWorld
2026-07-03 15:52:30,446 [ERROR] LogOutputStream:75 - [STDERR_REDIRECT] WARNING: Couldn't flush system prefs: java.util.prefs.BackingStoreException: Couldn't get file lock.
2026-07-03 15:52:30,446 [ERROR] LogOutputStream:75 - [STDERR_REDIRECT] 
2026-07-03 15:53:00,439 [ERROR] LogOutputStream:75 - [STDERR_REDIRECT] Jul 03, 2026 3:53:00 PM java.util.prefs.FileSystemPreferences checkLockFile0ErrorCode
2026-07-03 15:53:00,440 [ERROR] LogOutputStream:75 - [STDERR_REDIRECT] WARNING: Could not lock System prefs. Unix error code 0.
2026-07-03 15:53:00,441 [ERROR] LogOutputStream:75 - [STDERR_REDIRECT] 
2026-07-03 15:53:00,444 [ERROR] LogOutputStream:75 - [STDERR_REDIRECT] Jul 03, 2026 3:53:00 PM java.util.prefs.FileSystemPreferences syncWorld
2026-07-03 15:53:00,445 [ERROR] LogOutputStream:75 - [STDERR_REDIRECT] WARNING: Couldn't flush system prefs: java.util.prefs.BackingStoreException: Couldn't get file lock.
2026-07-03 15:53:00,446 [ERROR] LogOutputStream:75 - [STDERR_REDIRECT] 
2026-07-03 15:53:30,438 [ERROR] LogOutputStream:75 - [STDERR_REDIRECT] Jul 03, 2026 3:53:30 PM java.util.prefs.FileSystemPreferences checkLockFile0ErrorCode
2026-07-03 15:53:30,438 [ERROR] LogOutputStream:75 - [STDERR_REDIRECT] WARNING: Could not lock System prefs. Unix error code 0.
2026-07-03 15:53:30,440 [ERROR] LogOutputStream:75 - [STDERR_REDIRECT] 
2026-07-03 15:53:30,444 [ERROR] LogOutputStream:75 - [STDERR_REDIRECT] Jul 03, 2026 3:53:30 PM java.util.prefs.FileSystemPreferences syncWorld
2026-07-03 15:53:30,445 [ERROR] LogOutputStream:75 - [STDERR_REDIRECT] WARNING: Couldn't flush system prefs: java.util.prefs.BackingStoreException: Couldn't get file lock.
2026-07-03 15:53:30,445 [ERROR] LogOutputStream:75 - [STDERR_REDIRECT] 
2026-07-03 15:54:00,504 [ERROR] LogOutputStream:75 - [STDERR_REDIRECT] Jul 03, 2026 3:54:00 PM java.util.prefs.FileSystemPreferences checkLockFile0ErrorCode
2026-07-03 15:54:00,504 [ERROR] LogOutputStream:75 - [STDERR_REDIRECT] WARNING: Could not lock System prefs. Unix error code 0.
2026-07-03 15:54:00,507 [ERROR] LogOutputStream:75 - [STDERR_REDIRECT] 
2026-07-03 15:54:00,511 [ERROR] LogOutputStream:75 - [STDERR_REDIRECT] Jul 03, 2026 3:54:00 PM java.util.prefs.FileSystemPreferences syncWorld
2026-07-03 15:54:00,513 [ERROR] LogOutputStream:75 - [STDERR_REDIRECT] WARNING: Couldn't flush system prefs: java.util.prefs.BackingStoreException: Couldn't get file lock.
2026-07-03 15:54:00,517 [ERROR] LogOutputStream:75 - [STDERR_REDIRECT] 
2026-07-03 15:54:30,442 [ERROR] LogOutputStream:75 - [STDERR_REDIRECT] Jul 03, 2026 3:54:30 PM java.util.prefs.FileSystemPreferences checkLockFile0ErrorCode
2026-07-03 15:54:30,442 [ERROR] LogOutputStream:75 - [STDERR_REDIRECT] WARNING: Could not lock System prefs. Unix error code 0.
2026-07-03 15:54:30,443 [ERROR] LogOutputStream:75 - [STDERR_REDIRECT] 
2026-07-03 15:54:30,446 [ERROR] LogOutputStream:75 - [STDERR_REDIRECT] Jul 03, 2026 3:54:30 PM java.util.prefs.FileSystemPreferences syncWorld
2026-07-03 15:54:30,446 [ERROR] LogOutputStream:75 - [STDERR_REDIRECT] WARNING: Couldn't flush system prefs: java.util.prefs.BackingStoreException: Couldn't get file lock.
2026-07-03 15:54:30,446 [ERROR] LogOutputStream:75 - [STDERR_REDIRECT] 
2026-07-03 15:55:00,437 [ERROR] LogOutputStream:75 - [STDERR_REDIRECT] Jul 03, 2026 3:55:00 PM java.util.prefs.FileSystemPreferences checkLockFile0ErrorCode
2026-07-03 15:55:00,437 [ERROR] LogOutputStream:75 - [STDERR_REDIRECT] WARNING: Could not lock System prefs. Unix error code 0.
2026-07-03 15:55:00,440 [ERROR] LogOutputStream:75 - [STDERR_REDIRECT] 
2026-07-03 15:55:00,440 [ERROR] LogOutputStream:75 - [STDERR_REDIRECT] Jul 03, 2026 3:55:00 PM java.util.prefs.FileSystemPreferences syncWorld
2026-07-03 15:55:00,444 [ERROR] LogOutputStream:75 - [STDERR_REDIRECT] WARNING: Couldn't flush system prefs: java.util.prefs.BackingStoreException: Couldn't get file lock.
2026-07-03 15:55:00,444 [ERROR] LogOutputStream:75 - [STDERR_REDIRECT] 
2026-07-03 15:55:30,457 [ERROR] LogOutputStream:75 - [STDERR_REDIRECT] Jul 03, 2026 3:55:30 PM java.util.prefs.FileSystemPreferences checkLockFile0ErrorCode
2026-07-03 15:55:30,457 [ERROR] LogOutputStream:75 - [STDERR_REDIRECT] WARNING: Could not lock System prefs. Unix error code 0.
2026-07-03 15:55:30,458 [ERROR] LogOutputStream:75 - [STDERR_REDIRECT] 
2026-07-03 15:55:30,458 [ERROR] LogOutputStream:75 - [STDERR_REDIRECT] Jul 03, 2026 3:55:30 PM java.util.prefs.FileSystemPreferences syncWorld
2026-07-03 15:55:30,458 [ERROR] LogOutputStream:75 - [STDERR_REDIRECT] WARNING: Couldn't flush system prefs: java.util.prefs.BackingStoreException: Couldn't get file lock.
2026-07-03 15:55:30,458 [ERROR] LogOutputStream:75 - [STDERR_REDIRECT] 
2026-07-03 15:56:00,439 [ERROR] LogOutputStream:75 - [STDERR_REDIRECT] Jul 03, 2026 3:56:00 PM java.util.prefs.FileSystemPreferences checkLockFile0ErrorCode
2026-07-03 15:56:00,439 [ERROR] LogOutputStream:75 - [STDERR_REDIRECT] WARNING: Could not lock System prefs. Unix error code 0.
2026-07-03 15:56:00,440 [ERROR] LogOutputStream:75 - [STDERR_REDIRECT] 
2026-07-03 15:56:00,440 [ERROR] LogOutputStream:75 - [STDERR_REDIRECT] Jul 03, 2026 3:56:00 PM java.util.prefs.FileSystemPreferences syncWorld
2026-07-03 15:56:00,440 [ERROR] LogOutputStream:75 - [STDERR_REDIRECT] WARNING: Couldn't flush system prefs: java.util.prefs.BackingStoreException: Couldn't get file lock.
2026-07-03 15:56:00,440 [ERROR] LogOutputStream:75 - [STDERR_REDIRECT] 
2026-07-03 15:56:30,443 [ERROR] LogOutputStream:75 - [STDERR_REDIRECT] Jul 03, 2026 3:56:30 PM java.util.prefs.FileSystemPreferences checkLockFile0ErrorCode
2026-07-03 15:56:30,443 [ERROR] LogOutputStream:75 - [STDERR_REDIRECT] WARNING: Could not lock System prefs. Unix error code 0.
2026-07-03 15:56:30,443 [ERROR] LogOutputStream:75 - [STDERR_REDIRECT] 
2026-07-03 15:56:30,443 [ERROR] LogOutputStream:75 - [STDERR_REDIRECT] Jul 03, 2026 3:56:30 PM java.util.prefs.FileSystemPreferences syncWorld
2026-07-03 15:56:30,444 [ERROR] LogOutputStream:75 - [STDERR_REDIRECT] WARNING: Couldn't flush system prefs: java.util.prefs.BackingStoreException: Couldn't get file lock.
2026-07-03 15:56:30,444 [ERROR] LogOutputStream:75 - [STDERR_REDIRECT] 
2026-07-03 15:57:00,450 [ERROR] LogOutputStream:75 - [STDERR_REDIRECT] Jul 03, 2026 3:57:00 PM java.util.prefs.FileSystemPreferences checkLockFile0ErrorCode
2026-07-03 15:57:00,450 [ERROR] LogOutputStream:75 - [STDERR_REDIRECT] WARNING: Could not lock System prefs. Unix error code 0.
2026-07-03 15:57:00,451 [ERROR] LogOutputStream:75 - [STDERR_REDIRECT] 
2026-07-03 15:57:00,453 [ERROR] LogOutputStream:75 - [STDERR_REDIRECT] Jul 03, 2026 3:57:00 PM java.util.prefs.FileSystemPreferences syncWorld
2026-07-03 15:57:00,455 [ERROR] LogOutputStream:75 - [STDERR_REDIRECT] WARNING: Couldn't flush system prefs: java.util.prefs.BackingStoreException: Couldn't get file lock.
2026-07-03 15:57:00,456 [ERROR] LogOutputStream:75 - [STDERR_REDIRECT] 
2026-07-03 15:57:30,450 [ERROR] LogOutputStream:75 - [STDERR_REDIRECT] Jul 03, 2026 3:57:30 PM java.util.prefs.FileSystemPreferences checkLockFile0ErrorCode
2026-07-03 15:57:30,450 [ERROR] LogOutputStream:75 - [STDERR_REDIRECT] WARNING: Could not lock System prefs. Unix error code 0.
2026-07-03 15:57:30,450 [ERROR] LogOutputStream:75 - [STDERR_REDIRECT] 
2026-07-03 15:57:30,451 [ERROR] LogOutputStream:75 - [STDERR_REDIRECT] Jul 03, 2026 3:57:30 PM java.util.prefs.FileSystemPreferences syncWorld
2026-07-03 15:57:30,454 [ERROR] LogOutputStream:75 - [STDERR_REDIRECT] WARNING: Couldn't flush system prefs: java.util.prefs.BackingStoreException: Couldn't get file lock.
2026-07-03 15:57:30,456 [ERROR] LogOutputStream:75 - [STDERR_REDIRECT] 
2026-07-03 15:58:00,450 [ERROR] LogOutputStream:75 - [STDERR_REDIRECT] Jul 03, 2026 3:58:00 PM java.util.prefs.FileSystemPreferences checkLockFile0ErrorCode
2026-07-03 15:58:00,451 [ERROR] LogOutputStream:75 - [STDERR_REDIRECT] WARNING: Could not lock System prefs. Unix error code 0.
2026-07-03 15:58:00,451 [ERROR] LogOutputStream:75 - [STDERR_REDIRECT] 
2026-07-03 15:58:00,453 [ERROR] LogOutputStream:75 - [STDERR_REDIRECT] Jul 03, 2026 3:58:00 PM java.util.prefs.FileSystemPreferences syncWorld
2026-07-03 15:58:00,454 [ERROR] LogOutputStream:75 - [STDERR_REDIRECT] WARNING: Couldn't flush system prefs: java.util.prefs.BackingStoreException: Couldn't get file lock.
2026-07-03 15:58:00,454 [ERROR] LogOutputStream:75 - [STDERR_REDIRECT] 
2026-07-03 15:58:30,454 [ERROR] LogOutputStream:75 - [STDERR_REDIRECT] Jul 03, 2026 3:58:30 PM java.util.prefs.FileSystemPreferences checkLockFile0ErrorCode
2026-07-03 15:58:30,455 [ERROR] LogOutputStream:75 - [STDERR_REDIRECT] WARNING: Could not lock System prefs. Unix error code 0.
2026-07-03 15:58:30,455 [ERROR] LogOutputStream:75 - [STDERR_REDIRECT] 
2026-07-03 15:58:30,457 [ERROR] LogOutputStream:75 - [STDERR_REDIRECT] Jul 03, 2026 3:58:30 PM java.util.prefs.FileSystemPreferences syncWorld
2026-07-03 15:58:30,457 [ERROR] LogOutputStream:75 - [STDERR_REDIRECT] WARNING: Couldn't flush system prefs: java.util.prefs.BackingStoreException: Couldn't get file lock.
2026-07-03 15:58:30,459 [ERROR] LogOutputStream:75 - [STDERR_REDIRECT] 
2026-07-03 15:59:00,456 [ERROR] LogOutputStream:75 - [STDERR_REDIRECT] Jul 03, 2026 3:59:00 PM java.util.prefs.FileSystemPreferences checkLockFile0ErrorCode
2026-07-03 15:59:00,460 [ERROR] LogOutputStream:75 - [STDERR_REDIRECT] WARNING: Could not lock System prefs. Unix error code 0.
2026-07-03 15:59:00,465 [ERROR] LogOutputStream:75 - [STDERR_REDIRECT] 
2026-07-03 15:59:00,468 [ERROR] LogOutputStream:75 - [STDERR_REDIRECT] Jul 03, 2026 3:59:00 PM java.util.prefs.FileSystemPreferences syncWorld
2026-07-03 15:59:00,469 [ERROR] LogOutputStream:75 - [STDERR_REDIRECT] WARNING: Couldn't flush system prefs: java.util.prefs.BackingStoreException: Couldn't get file lock.
2026-07-03 15:59:00,469 [ERROR] LogOutputStream:75 - [STDERR_REDIRECT] 
2026-07-03 15:59:30,460 [ERROR] LogOutputStream:75 - [STDERR_REDIRECT] Jul 03, 2026 3:59:30 PM java.util.prefs.FileSystemPreferences checkLockFile0ErrorCode
2026-07-03 15:59:30,460 [ERROR] LogOutputStream:75 - [STDERR_REDIRECT] WARNING: Could not lock System prefs. Unix error code 0.
2026-07-03 15:59:30,460 [ERROR] LogOutputStream:75 - [STDERR_REDIRECT] 
2026-07-03 15:59:30,461 [ERROR] LogOutputStream:75 - [STDERR_REDIRECT] Jul 03, 2026 3:59:30 PM java.util.prefs.FileSystemPreferences syncWorld
2026-07-03 15:59:30,463 [ERROR] LogOutputStream:75 - [STDERR_REDIRECT] WARNING: Couldn't flush system prefs: java.util.prefs.BackingStoreException: Couldn't get file lock.
2026-07-03 15:59:30,463 [ERROR] LogOutputStream:75 - [STDERR_REDIRECT] 
2026-07-03 16:00:00,496 [ERROR] LogOutputStream:75 - [STDERR_REDIRECT] Jul 03, 2026 4:00:00 PM java.util.prefs.FileSystemPreferences checkLockFile0ErrorCode
2026-07-03 16:00:00,497 [ERROR] LogOutputStream:75 - [STDERR_REDIRECT] WARNING: Could not lock System prefs. Unix error code 0.
2026-07-03 16:00:00,497 [ERROR] LogOutputStream:75 - [STDERR_REDIRECT] 
2026-07-03 16:00:00,500 [ERROR] LogOutputStream:75 - [STDERR_REDIRECT] Jul 03, 2026 4:00:00 PM java.util.prefs.FileSystemPreferences syncWorld
2026-07-03 16:00:00,500 [ERROR] LogOutputStream:75 - [STDERR_REDIRECT] WARNING: Couldn't flush system prefs: java.util.prefs.BackingStoreException: Couldn't get file lock.
2026-07-03 16:00:00,500 [ERROR] LogOutputStream:75 - [STDERR_REDIRECT] 
2026-07-03 16:00:30,496 [ERROR] LogOutputStream:75 - [STDERR_REDIRECT] Jul 03, 2026 4:00:30 PM java.util.prefs.FileSystemPreferences checkLockFile0ErrorCode
2026-07-03 16:00:30,500 [ERROR] LogOutputStream:75 - [STDERR_REDIRECT] WARNING: Could not lock System prefs. Unix error code 0.
2026-07-03 16:00:30,500 [ERROR] LogOutputStream:75 - [STDERR_REDIRECT] 
2026-07-03 16:00:30,501 [ERROR] LogOutputStream:75 - [STDERR_REDIRECT] Jul 03, 2026 4:00:30 PM java.util.prefs.FileSystemPreferences syncWorld
2026-07-03 16:00:30,502 [ERROR] LogOutputStream:75 - [STDERR_REDIRECT] WARNING: Couldn't flush system prefs: java.util.prefs.BackingStoreException: Couldn't get file lock.
2026-07-03 16:00:30,502 [ERROR] LogOutputStream:75 - [STDERR_REDIRECT] 
2026-07-03 16:01:00,504 [ERROR] LogOutputStream:75 - [STDERR_REDIRECT] Jul 03, 2026 4:01:00 PM java.util.prefs.FileSystemPreferences checkLockFile0ErrorCode
2026-07-03 16:01:00,506 [ERROR] LogOutputStream:75 - [STDERR_REDIRECT] WARNING: Could not lock System prefs. Unix error code 0.
2026-07-03 16:01:00,506 [ERROR] LogOutputStream:75 - [STDERR_REDIRECT] 
2026-07-03 16:01:00,506 [ERROR] LogOutputStream:75 - [STDERR_REDIRECT] Jul 03, 2026 4:01:00 PM java.util.prefs.FileSystemPreferences syncWorld
2026-07-03 16:01:00,506 [ERROR] LogOutputStream:75 - [STDERR_REDIRECT] WARNING: Couldn't flush system prefs: java.util.prefs.BackingStoreException: Couldn't get file lock.
2026-07-03 16:01:00,513 [ERROR] LogOutputStream:75 - [STDERR_REDIRECT] 
2026-07-03 16:01:30,502 [ERROR] LogOutputStream:75 - [STDERR_REDIRECT] Jul 03, 2026 4:01:30 PM java.util.prefs.FileSystemPreferences checkLockFile0ErrorCode
2026-07-03 16:01:30,503 [ERROR] LogOutputStream:75 - [STDERR_REDIRECT] WARNING: Could not lock System prefs. Unix error code 0.
2026-07-03 16:01:30,505 [ERROR] LogOutputStream:75 - [STDERR_REDIRECT] 
2026-07-03 16:01:30,508 [ERROR] LogOutputStream:75 - [STDERR_REDIRECT] Jul 03, 2026 4:01:30 PM java.util.prefs.FileSystemPreferences syncWorld
2026-07-03 16:01:30,508 [ERROR] LogOutputStream:75 - [STDERR_REDIRECT] WARNING: Couldn't flush system prefs: java.util.prefs.BackingStoreException: Couldn't get file lock.
2026-07-03 16:01:30,508 [ERROR] LogOutputStream:75 - [STDERR_REDIRECT] 
2026-07-03 16:02:00,502 [ERROR] LogOutputStream:75 - [STDERR_REDIRECT] Jul 03, 2026 4:02:00 PM java.util.prefs.FileSystemPreferences checkLockFile0ErrorCode
2026-07-03 16:02:00,503 [ERROR] LogOutputStream:75 - [STDERR_REDIRECT] WARNING: Could not lock System prefs. Unix error code 0.
2026-07-03 16:02:00,503 [ERROR] LogOutputStream:75 - [STDERR_REDIRECT] 
2026-07-03 16:02:00,508 [ERROR] LogOutputStream:75 - [STDERR_REDIRECT] Jul 03, 2026 4:02:00 PM java.util.prefs.FileSystemPreferences syncWorld
2026-07-03 16:02:00,509 [ERROR] LogOutputStream:75 - [STDERR_REDIRECT] WARNING: Couldn't flush system prefs: java.util.prefs.BackingStoreException: Couldn't get file lock.
2026-07-03 16:02:00,509 [ERROR] LogOutputStream:75 - [STDERR_REDIRECT] 
2026-07-03 16:02:30,506 [ERROR] LogOutputStream:75 - [STDERR_REDIRECT] Jul 03, 2026 4:02:30 PM java.util.prefs.FileSystemPreferences checkLockFile0ErrorCode
2026-07-03 16:02:30,507 [ERROR] LogOutputStream:75 - [STDERR_REDIRECT] WARNING: Could not lock System prefs. Unix error code 0.
2026-07-03 16:02:30,510 [ERROR] LogOutputStream:75 - [STDERR_REDIRECT] 
2026-07-03 16:02:30,511 [ERROR] LogOutputStream:75 - [STDERR_REDIRECT] Jul 03, 2026 4:02:30 PM java.util.prefs.FileSystemPreferences syncWorld
2026-07-03 16:02:30,511 [ERROR] LogOutputStream:75 - [STDERR_REDIRECT] WARNING: Couldn't flush system prefs: java.util.prefs.BackingStoreException: Couldn't get file lock.
2026-07-03 16:02:30,511 [ERROR] LogOutputStream:75 - [STDERR_REDIRECT] 
2026-07-03 16:03:00,511 [ERROR] LogOutputStream:75 - [STDERR_REDIRECT] Jul 03, 2026 4:03:00 PM java.util.prefs.FileSystemPreferences checkLockFile0ErrorCode
2026-07-03 16:03:00,511 [ERROR] LogOutputStream:75 - [STDERR_REDIRECT] WARNING: Could not lock System prefs. Unix error code 0.
2026-07-03 16:03:00,511 [ERROR] LogOutputStream:75 - [STDERR_REDIRECT] 
2026-07-03 16:03:00,511 [ERROR] LogOutputStream:75 - [STDERR_REDIRECT] Jul 03, 2026 4:03:00 PM java.util.prefs.FileSystemPreferences syncWorld
2026-07-03 16:03:00,511 [ERROR] LogOutputStream:75 - [STDERR_REDIRECT] WARNING: Couldn't flush system prefs: java.util.prefs.BackingStoreException: Couldn't get file lock.
2026-07-03 16:03:00,512 [ERROR] LogOutputStream:75 - [STDERR_REDIRECT] 
2026-07-03 16:03:30,514 [ERROR] LogOutputStream:75 - [STDERR_REDIRECT] Jul 03, 2026 4:03:30 PM java.util.prefs.FileSystemPreferences checkLockFile0ErrorCode
2026-07-03 16:03:30,514 [ERROR] LogOutputStream:75 - [STDERR_REDIRECT] WARNING: Could not lock System prefs. Unix error code 0.
2026-07-03 16:03:30,514 [ERROR] LogOutputStream:75 - [STDERR_REDIRECT] 
2026-07-03 16:03:30,516 [ERROR] LogOutputStream:75 - [STDERR_REDIRECT] Jul 03, 2026 4:03:30 PM java.util.prefs.FileSystemPreferences syncWorld
2026-07-03 16:03:30,517 [ERROR] LogOutputStream:75 - [STDERR_REDIRECT] WARNING: Couldn't flush system prefs: java.util.prefs.BackingStoreException: Couldn't get file lock.
2026-07-03 16:03:30,517 [ERROR] LogOutputStream:75 - [STDERR_REDIRECT] 
2026-07-03 16:04:00,520 [ERROR] LogOutputStream:75 - [STDERR_REDIRECT] Jul 03, 2026 4:04:00 PM java.util.prefs.FileSystemPreferences checkLockFile0ErrorCode
2026-07-03 16:04:00,521 [ERROR] LogOutputStream:75 - [STDERR_REDIRECT] WARNING: Could not lock System prefs. Unix error code 0.
2026-07-03 16:04:00,521 [ERROR] LogOutputStream:75 - [STDERR_REDIRECT] 
2026-07-03 16:04:00,521 [ERROR] LogOutputStream:75 - [STDERR_REDIRECT] Jul 03, 2026 4:04:00 PM java.util.prefs.FileSystemPreferences syncWorld
2026-07-03 16:04:00,528 [ERROR] LogOutputStream:75 - [STDERR_REDIRECT] WARNING: Couldn't flush system prefs: java.util.prefs.BackingStoreException: Couldn't get file lock.
2026-07-03 16:04:00,528 [ERROR] LogOutputStream:75 - [STDERR_REDIRECT] 
2026-07-03 16:04:30,517 [ERROR] LogOutputStream:75 - [STDERR_REDIRECT] Jul 03, 2026 4:04:30 PM java.util.prefs.FileSystemPreferences checkLockFile0ErrorCode
2026-07-03 16:04:30,518 [ERROR] LogOutputStream:75 - [STDERR_REDIRECT] WARNING: Could not lock System prefs. Unix error code 0.
2026-07-03 16:04:30,518 [ERROR] LogOutputStream:75 - [STDERR_REDIRECT] 
2026-07-03 16:04:30,518 [ERROR] LogOutputStream:75 - [STDERR_REDIRECT] Jul 03, 2026 4:04:30 PM java.util.prefs.FileSystemPreferences syncWorld
2026-07-03 16:04:30,518 [ERROR] LogOutputStream:75 - [STDERR_REDIRECT] WARNING: Couldn't flush system prefs: java.util.prefs.BackingStoreException: Couldn't get file lock.
2026-07-03 16:04:30,518 [ERROR] LogOutputStream:75 - [STDERR_REDIRECT] 
2026-07-03 16:05:00,519 [ERROR] LogOutputStream:75 - [STDERR_REDIRECT] Jul 03, 2026 4:05:00 PM java.util.prefs.FileSystemPreferences checkLockFile0ErrorCode
2026-07-03 16:05:00,519 [ERROR] LogOutputStream:75 - [STDERR_REDIRECT] WARNING: Could not lock System prefs. Unix error code 0.
2026-07-03 16:05:00,520 [ERROR] LogOutputStream:75 - [STDERR_REDIRECT] 
2026-07-03 16:05:00,526 [ERROR] LogOutputStream:75 - [STDERR_REDIRECT] Jul 03, 2026 4:05:00 PM java.util.prefs.FileSystemPreferences syncWorld
2026-07-03 16:05:00,529 [ERROR] LogOutputStream:75 - [STDERR_REDIRECT] WARNING: Couldn't flush system prefs: java.util.prefs.BackingStoreException: Couldn't get file lock.
2026-07-03 16:05:00,529 [ERROR] LogOutputStream:75 - [STDERR_REDIRECT] 
2026-07-03 16:05:30,519 [ERROR] LogOutputStream:75 - [STDERR_REDIRECT] Jul 03, 2026 4:05:30 PM java.util.prefs.FileSystemPreferences checkLockFile0ErrorCode
2026-07-03 16:05:30,523 [ERROR] LogOutputStream:75 - [STDERR_REDIRECT] WARNING: Could not lock System prefs. Unix error code 0.
2026-07-03 16:05:30,527 [ERROR] LogOutputStream:75 - [STDERR_REDIRECT] 
2026-07-03 16:05:30,527 [ERROR] LogOutputStream:75 - [STDERR_REDIRECT] Jul 03, 2026 4:05:30 PM java.util.prefs.FileSystemPreferences syncWorld
2026-07-03 16:05:30,528 [ERROR] LogOutputStream:75 - [STDERR_REDIRECT] WARNING: Couldn't flush system prefs: java.util.prefs.BackingStoreException: Couldn't get file lock.
2026-07-03 16:05:30,528 [ERROR] LogOutputStream:75 - [STDERR_REDIRECT] 
2026-07-03 16:06:00,525 [ERROR] LogOutputStream:75 - [STDERR_REDIRECT] Jul 03, 2026 4:06:00 PM java.util.prefs.FileSystemPreferences checkLockFile0ErrorCode
2026-07-03 16:06:00,526 [ERROR] LogOutputStream:75 - [STDERR_REDIRECT] WARNING: Could not lock System prefs. Unix error code 0.
2026-07-03 16:06:00,526 [ERROR] LogOutputStream:75 - [STDERR_REDIRECT] 
2026-07-03 16:06:00,527 [ERROR] LogOutputStream:75 - [STDERR_REDIRECT] Jul 03, 2026 4:06:00 PM java.util.prefs.FileSystemPreferences syncWorld
2026-07-03 16:06:00,527 [ERROR] LogOutputStream:75 - [STDERR_REDIRECT] WARNING: Couldn't flush system prefs: java.util.prefs.BackingStoreException: Couldn't get file lock.
2026-07-03 16:06:00,527 [ERROR] LogOutputStream:75 - [STDERR_REDIRECT] 
2026-07-03 16:06:30,526 [ERROR] LogOutputStream:75 - [STDERR_REDIRECT] Jul 03, 2026 4:06:30 PM java.util.prefs.FileSystemPreferences checkLockFile0ErrorCode
2026-07-03 16:06:30,527 [ERROR] LogOutputStream:75 - [STDERR_REDIRECT] WARNING: Could not lock System prefs. Unix error code 0.
2026-07-03 16:06:30,527 [ERROR] LogOutputStream:75 - [STDERR_REDIRECT] 
2026-07-03 16:06:30,528 [ERROR] LogOutputStream:75 - [STDERR_REDIRECT] Jul 03, 2026 4:06:30 PM java.util.prefs.FileSystemPreferences syncWorld
2026-07-03 16:06:30,528 [ERROR] LogOutputStream:75 - [STDERR_REDIRECT] WARNING: Couldn't flush system prefs: java.util.prefs.BackingStoreException: Couldn't get file lock.
2026-07-03 16:06:30,529 [ERROR] LogOutputStream:75 - [STDERR_REDIRECT] 
2026-07-03 16:07:00,524 [ERROR] LogOutputStream:75 - [STDERR_REDIRECT] Jul 03, 2026 4:07:00 PM java.util.prefs.FileSystemPreferences checkLockFile0ErrorCode
2026-07-03 16:07:00,524 [ERROR] LogOutputStream:75 - [STDERR_REDIRECT] WARNING: Could not lock System prefs. Unix error code 0.
2026-07-03 16:07:00,527 [ERROR] LogOutputStream:75 - [STDERR_REDIRECT] 
2026-07-03 16:07:00,530 [ERROR] LogOutputStream:75 - [STDERR_REDIRECT] Jul 03, 2026 4:07:00 PM java.util.prefs.FileSystemPreferences syncWorld
2026-07-03 16:07:00,533 [ERROR] LogOutputStream:75 - [STDERR_REDIRECT] WARNING: Couldn't flush system prefs: java.util.prefs.BackingStoreException: Couldn't get file lock.
2026-07-03 16:07:00,533 [ERROR] LogOutputStream:75 - [STDERR_REDIRECT] 
2026-07-03 16:07:30,564 [ERROR] LogOutputStream:75 - [STDERR_REDIRECT] Jul 03, 2026 4:07:30 PM java.util.prefs.FileSystemPreferences checkLockFile0ErrorCode
2026-07-03 16:07:30,564 [ERROR] LogOutputStream:75 - [STDERR_REDIRECT] WARNING: Could not lock System prefs. Unix error code 0.
2026-07-03 16:07:30,564 [ERROR] LogOutputStream:75 - [STDERR_REDIRECT] 
2026-07-03 16:07:30,565 [ERROR] LogOutputStream:75 - [STDERR_REDIRECT] Jul 03, 2026 4:07:30 PM java.util.prefs.FileSystemPreferences syncWorld
2026-07-03 16:07:30,566 [ERROR] LogOutputStream:75 - [STDERR_REDIRECT] WARNING: Couldn't flush system prefs: java.util.prefs.BackingStoreException: Couldn't get file lock.
2026-07-03 16:07:30,566 [ERROR] LogOutputStream:75 - [STDERR_REDIRECT] 
2026-07-03 16:08:00,592 [ERROR] LogOutputStream:75 - [STDERR_REDIRECT] Jul 03, 2026 4:08:00 PM java.util.prefs.FileSystemPreferences checkLockFile0ErrorCode
2026-07-03 16:08:00,592 [ERROR] LogOutputStream:75 - [STDERR_REDIRECT] WARNING: Could not lock System prefs. Unix error code 0.
2026-07-03 16:08:00,592 [ERROR] LogOutputStream:75 - [STDERR_REDIRECT] 
2026-07-03 16:08:00,592 [ERROR] LogOutputStream:75 - [STDERR_REDIRECT] Jul 03, 2026 4:08:00 PM java.util.prefs.FileSystemPreferences syncWorld
2026-07-03 16:08:00,592 [ERROR] LogOutputStream:75 - [STDERR_REDIRECT] WARNING: Couldn't flush system prefs: java.util.prefs.BackingStoreException: Couldn't get file lock.
2026-07-03 16:08:00,592 [ERROR] LogOutputStream:75 - [STDERR_REDIRECT] 
2026-07-03 16:08:30,571 [ERROR] LogOutputStream:75 - [STDERR_REDIRECT] Jul 03, 2026 4:08:30 PM java.util.prefs.FileSystemPreferences checkLockFile0ErrorCode
2026-07-03 16:08:30,571 [ERROR] LogOutputStream:75 - [STDERR_REDIRECT] WARNING: Could not lock System prefs. Unix error code 0.
2026-07-03 16:08:30,571 [ERROR] LogOutputStream:75 - [STDERR_REDIRECT] 
2026-07-03 16:08:30,572 [ERROR] LogOutputStream:75 - [STDERR_REDIRECT] Jul 03, 2026 4:08:30 PM java.util.prefs.FileSystemPreferences syncWorld
2026-07-03 16:08:30,572 [ERROR] LogOutputStream:75 - [STDERR_REDIRECT] WARNING: Couldn't flush system prefs: java.util.prefs.BackingStoreException: Couldn't get file lock.
2026-07-03 16:08:30,575 [ERROR] LogOutputStream:75 - [STDERR_REDIRECT] 
2026-07-03 16:09:00,549 [ERROR] LogOutputStream:75 - [STDERR_REDIRECT] Jul 03, 2026 4:09:00 PM java.util.prefs.FileSystemPreferences checkLockFile0ErrorCode
2026-07-03 16:09:00,549 [ERROR] LogOutputStream:75 - [STDERR_REDIRECT] WARNING: Could not lock System prefs. Unix error code 0.
2026-07-03 16:09:00,553 [ERROR] LogOutputStream:75 - [STDERR_REDIRECT] 
2026-07-03 16:09:00,553 [ERROR] LogOutputStream:75 - [STDERR_REDIRECT] Jul 03, 2026 4:09:00 PM java.util.prefs.FileSystemPreferences syncWorld
2026-07-03 16:09:00,554 [ERROR] LogOutputStream:75 - [STDERR_REDIRECT] WARNING: Couldn't flush system prefs: java.util.prefs.BackingStoreException: Couldn't get file lock.
2026-07-03 16:09:00,554 [ERROR] LogOutputStream:75 - [STDERR_REDIRECT] 
2026-07-03 16:09:30,539 [ERROR] LogOutputStream:75 - [STDERR_REDIRECT] Jul 03, 2026 4:09:30 PM java.util.prefs.FileSystemPreferences checkLockFile0ErrorCode
2026-07-03 16:09:30,539 [ERROR] LogOutputStream:75 - [STDERR_REDIRECT] WARNING: Could not lock System prefs. Unix error code 0.
2026-07-03 16:09:30,540 [ERROR] LogOutputStream:75 - [STDERR_REDIRECT] 
2026-07-03 16:09:30,541 [ERROR] LogOutputStream:75 - [STDERR_REDIRECT] Jul 03, 2026 4:09:30 PM java.util.prefs.FileSystemPreferences syncWorld
2026-07-03 16:09:30,542 [ERROR] LogOutputStream:75 - [STDERR_REDIRECT] WARNING: Couldn't flush system prefs: java.util.prefs.BackingStoreException: Couldn't get file lock.
2026-07-03 16:09:30,542 [ERROR] LogOutputStream:75 - [STDERR_REDIRECT] 
2026-07-03 16:10:00,611 [ERROR] LogOutputStream:75 - [STDERR_REDIRECT] Jul 03, 2026 4:10:00 PM java.util.prefs.FileSystemPreferences checkLockFile0ErrorCode
2026-07-03 16:10:00,613 [ERROR] LogOutputStream:75 - [STDERR_REDIRECT] WARNING: Could not lock System prefs. Unix error code 0.
2026-07-03 16:10:00,613 [ERROR] LogOutputStream:75 - [STDERR_REDIRECT] 
2026-07-03 16:10:00,615 [ERROR] LogOutputStream:75 - [STDERR_REDIRECT] Jul 03, 2026 4:10:00 PM java.util.prefs.FileSystemPreferences syncWorld
2026-07-03 16:10:00,615 [ERROR] LogOutputStream:75 - [STDERR_REDIRECT] WARNING: Couldn't flush system prefs: java.util.prefs.BackingStoreException: Couldn't get file lock.
2026-07-03 16:10:00,616 [ERROR] LogOutputStream:75 - [STDERR_REDIRECT] 
2026-07-03 16:10:30,542 [ERROR] LogOutputStream:75 - [STDERR_REDIRECT] Jul 03, 2026 4:10:30 PM java.util.prefs.FileSystemPreferences checkLockFile0ErrorCode
2026-07-03 16:10:30,543 [ERROR] LogOutputStream:75 - [STDERR_REDIRECT] WARNING: Could not lock System prefs. Unix error code 0.
2026-07-03 16:10:30,543 [ERROR] LogOutputStream:75 - [STDERR_REDIRECT] 
2026-07-03 16:10:30,544 [ERROR] LogOutputStream:75 - [STDERR_REDIRECT] Jul 03, 2026 4:10:30 PM java.util.prefs.FileSystemPreferences syncWorld
2026-07-03 16:10:30,545 [ERROR] LogOutputStream:75 - [STDERR_REDIRECT] WARNING: Couldn't flush system prefs: java.util.prefs.BackingStoreException: Couldn't get file lock.
2026-07-03 16:10:30,545 [ERROR] LogOutputStream:75 - [STDERR_REDIRECT] 
2026-07-03 16:11:00,579 [ERROR] LogOutputStream:75 - [STDERR_REDIRECT] Jul 03, 2026 4:11:00 PM java.util.prefs.FileSystemPreferences checkLockFile0ErrorCode
2026-07-03 16:11:00,579 [ERROR] LogOutputStream:75 - [STDERR_REDIRECT] WARNING: Could not lock System prefs. Unix error code 0.
2026-07-03 16:11:00,579 [ERROR] LogOutputStream:75 - [STDERR_REDIRECT] 
2026-07-03 16:11:00,580 [ERROR] LogOutputStream:75 - [STDERR_REDIRECT] Jul 03, 2026 4:11:00 PM java.util.prefs.FileSystemPreferences syncWorld
2026-07-03 16:11:00,580 [ERROR] LogOutputStream:75 - [STDERR_REDIRECT] WARNING: Couldn't flush system prefs: java.util.prefs.BackingStoreException: Couldn't get file lock.
2026-07-03 16:11:00,590 [ERROR] LogOutputStream:75 - [STDERR_REDIRECT] 
2026-07-03 16:11:30,574 [ERROR] LogOutputStream:75 - [STDERR_REDIRECT] Jul 03, 2026 4:11:30 PM java.util.prefs.FileSystemPreferences checkLockFile0ErrorCode
2026-07-03 16:11:30,593 [ERROR] LogOutputStream:75 - [STDERR_REDIRECT] WARNING: Could not lock System prefs. Unix error code 0.
2026-07-03 16:11:30,593 [ERROR] LogOutputStream:75 - [STDERR_REDIRECT] 
2026-07-03 16:11:30,594 [ERROR] LogOutputStream:75 - [STDERR_REDIRECT] Jul 03, 2026 4:11:30 PM java.util.prefs.FileSystemPreferences syncWorld
2026-07-03 16:11:30,597 [ERROR] LogOutputStream:75 - [STDERR_REDIRECT] WARNING: Couldn't flush system prefs: java.util.prefs.BackingStoreException: Couldn't get file lock.
2026-07-03 16:11:30,597 [ERROR] LogOutputStream:75 - [STDERR_REDIRECT] 
2026-07-03 16:12:00,552 [ERROR] LogOutputStream:75 - [STDERR_REDIRECT] Jul 03, 2026 4:12:00 PM java.util.prefs.FileSystemPreferences checkLockFile0ErrorCode
2026-07-03 16:12:00,552 [ERROR] LogOutputStream:75 - [STDERR_REDIRECT] WARNING: Could not lock System prefs. Unix error code 0.
2026-07-03 16:12:00,553 [ERROR] LogOutputStream:75 - [STDERR_REDIRECT] 
2026-07-03 16:12:00,559 [ERROR] LogOutputStream:75 - [STDERR_REDIRECT] Jul 03, 2026 4:12:00 PM java.util.prefs.FileSystemPreferences syncWorld
2026-07-03 16:12:00,559 [ERROR] LogOutputStream:75 - [STDERR_REDIRECT] WARNING: Couldn't flush system prefs: java.util.prefs.BackingStoreException: Couldn't get file lock.
2026-07-03 16:12:00,559 [ERROR] LogOutputStream:75 - [STDERR_REDIRECT] 
2026-07-03 16:12:30,550 [ERROR] LogOutputStream:75 - [STDERR_REDIRECT] Jul 03, 2026 4:12:30 PM java.util.prefs.FileSystemPreferences checkLockFile0ErrorCode
2026-07-03 16:12:30,550 [ERROR] LogOutputStream:75 - [STDERR_REDIRECT] WARNING: Could not lock System prefs. Unix error code 0.
2026-07-03 16:12:30,550 [ERROR] LogOutputStream:75 - [STDERR_REDIRECT] 
2026-07-03 16:12:30,554 [ERROR] LogOutputStream:75 - [STDERR_REDIRECT] Jul 03, 2026 4:12:30 PM java.util.prefs.FileSystemPreferences syncWorld
2026-07-03 16:12:30,554 [ERROR] LogOutputStream:75 - [STDERR_REDIRECT] WARNING: Couldn't flush system prefs: java.util.prefs.BackingStoreException: Couldn't get file lock.
2026-07-03 16:12:30,554 [ERROR] LogOutputStream:75 - [STDERR_REDIRECT] 
2026-07-03 16:13:00,554 [ERROR] LogOutputStream:75 - [STDERR_REDIRECT] Jul 03, 2026 4:13:00 PM java.util.prefs.FileSystemPreferences checkLockFile0ErrorCode
2026-07-03 16:13:00,558 [ERROR] LogOutputStream:75 - [STDERR_REDIRECT] WARNING: Could not lock System prefs. Unix error code 0.
2026-07-03 16:13:00,561 [ERROR] LogOutputStream:75 - [STDERR_REDIRECT] 
2026-07-03 16:13:00,561 [ERROR] LogOutputStream:75 - [STDERR_REDIRECT] Jul 03, 2026 4:13:00 PM java.util.prefs.FileSystemPreferences syncWorld
2026-07-03 16:13:00,562 [ERROR] LogOutputStream:75 - [STDERR_REDIRECT] WARNING: Couldn't flush system prefs: java.util.prefs.BackingStoreException: Couldn't get file lock.
2026-07-03 16:13:00,562 [ERROR] LogOutputStream:75 - [STDERR_REDIRECT] 
2026-07-03 16:13:30,553 [ERROR] LogOutputStream:75 - [STDERR_REDIRECT] Jul 03, 2026 4:13:30 PM java.util.prefs.FileSystemPreferences checkLockFile0ErrorCode
2026-07-03 16:13:30,554 [ERROR] LogOutputStream:75 - [STDERR_REDIRECT] WARNING: Could not lock System prefs. Unix error code 0.
2026-07-03 16:13:30,554 [ERROR] LogOutputStream:75 - [STDERR_REDIRECT] 
2026-07-03 16:13:30,555 [ERROR] LogOutputStream:75 - [STDERR_REDIRECT] Jul 03, 2026 4:13:30 PM java.util.prefs.FileSystemPreferences syncWorld
2026-07-03 16:13:30,558 [ERROR] LogOutputStream:75 - [STDERR_REDIRECT] WARNING: Couldn't flush system prefs: java.util.prefs.BackingStoreException: Couldn't get file lock.
2026-07-03 16:13:30,559 [ERROR] LogOutputStream:75 - [STDERR_REDIRECT] 
2026-07-03 16:14:00,554 [ERROR] LogOutputStream:75 - [STDERR_REDIRECT] Jul 03, 2026 4:14:00 PM java.util.prefs.FileSystemPreferences checkLockFile0ErrorCode
2026-07-03 16:14:00,555 [ERROR] LogOutputStream:75 - [STDERR_REDIRECT] WARNING: Could not lock System prefs. Unix error code 0.
2026-07-03 16:14:00,557 [ERROR] LogOutputStream:75 - [STDERR_REDIRECT] 
2026-07-03 16:14:00,558 [ERROR] LogOutputStream:75 - [STDERR_REDIRECT] Jul 03, 2026 4:14:00 PM java.util.prefs.FileSystemPreferences syncWorld
2026-07-03 16:14:00,559 [ERROR] LogOutputStream:75 - [STDERR_REDIRECT] WARNING: Couldn't flush system prefs: java.util.prefs.BackingStoreException: Couldn't get file lock.
2026-07-03 16:14:00,559 [ERROR] LogOutputStream:75 - [STDERR_REDIRECT] 
2026-07-03 16:14:30,554 [ERROR] LogOutputStream:75 - [STDERR_REDIRECT] Jul 03, 2026 4:14:30 PM java.util.prefs.FileSystemPreferences checkLockFile0ErrorCode
2026-07-03 16:14:30,557 [ERROR] LogOutputStream:75 - [STDERR_REDIRECT] WARNING: Could not lock System prefs. Unix error code 0.
2026-07-03 16:14:30,558 [ERROR] LogOutputStream:75 - [STDERR_REDIRECT] 
2026-07-03 16:14:30,560 [ERROR] LogOutputStream:75 - [STDERR_REDIRECT] Jul 03, 2026 4:14:30 PM java.util.prefs.FileSystemPreferences syncWorld
2026-07-03 16:14:30,561 [ERROR] LogOutputStream:75 - [STDERR_REDIRECT] WARNING: Couldn't flush system prefs: java.util.prefs.BackingStoreException: Couldn't get file lock.
2026-07-03 16:14:30,568 [ERROR] LogOutputStream:75 - [STDERR_REDIRECT] 
2026-07-03 16:15:00,553 [ERROR] LogOutputStream:75 - [STDERR_REDIRECT] Jul 03, 2026 4:15:00 PM java.util.prefs.FileSystemPreferences checkLockFile0ErrorCode
2026-07-03 16:15:00,553 [ERROR] LogOutputStream:75 - [STDERR_REDIRECT] WARNING: Could not lock System prefs. Unix error code 0.
2026-07-03 16:15:00,556 [ERROR] LogOutputStream:75 - [STDERR_REDIRECT] 
2026-07-03 16:15:00,557 [ERROR] LogOutputStream:75 - [STDERR_REDIRECT] Jul 03, 2026 4:15:00 PM java.util.prefs.FileSystemPreferences syncWorld
2026-07-03 16:15:00,560 [ERROR] LogOutputStream:75 - [STDERR_REDIRECT] WARNING: Couldn't flush system prefs: java.util.prefs.BackingStoreException: Couldn't get file lock.
2026-07-03 16:15:00,561 [ERROR] LogOutputStream:75 - [STDERR_REDIRECT] 
2026-07-03 16:15:30,564 [ERROR] LogOutputStream:75 - [STDERR_REDIRECT] Jul 03, 2026 4:15:30 PM java.util.prefs.FileSystemPreferences checkLockFile0ErrorCode
2026-07-03 16:15:30,566 [ERROR] LogOutputStream:75 - [STDERR_REDIRECT] WARNING: Could not lock System prefs. Unix error code 0.
2026-07-03 16:15:30,568 [ERROR] LogOutputStream:75 - [STDERR_REDIRECT] 
2026-07-03 16:15:30,569 [ERROR] LogOutputStream:75 - [STDERR_REDIRECT] Jul 03, 2026 4:15:30 PM java.util.prefs.FileSystemPreferences syncWorld
2026-07-03 16:15:30,569 [ERROR] LogOutputStream:75 - [STDERR_REDIRECT] WARNING: Couldn't flush system prefs: java.util.prefs.BackingStoreException: Couldn't get file lock.
2026-07-03 16:15:30,569 [ERROR] LogOutputStream:75 - [STDERR_REDIRECT] 
2026-07-03 16:16:00,556 [ERROR] LogOutputStream:75 - [STDERR_REDIRECT] Jul 03, 2026 4:16:00 PM java.util.prefs.FileSystemPreferences checkLockFile0ErrorCode
2026-07-03 16:16:00,556 [ERROR] LogOutputStream:75 - [STDERR_REDIRECT] WARNING: Could not lock System prefs. Unix error code 0.
2026-07-03 16:16:00,556 [ERROR] LogOutputStream:75 - [STDERR_REDIRECT] 
2026-07-03 16:16:00,561 [ERROR] LogOutputStream:75 - [STDERR_REDIRECT] Jul 03, 2026 4:16:00 PM java.util.prefs.FileSystemPreferences syncWorld
2026-07-03 16:16:00,561 [ERROR] LogOutputStream:75 - [STDERR_REDIRECT] WARNING: Couldn't flush system prefs: java.util.prefs.BackingStoreException: Couldn't get file lock.
2026-07-03 16:16:00,561 [ERROR] LogOutputStream:75 - [STDERR_REDIRECT] 
2026-07-03 16:16:30,559 [ERROR] LogOutputStream:75 - [STDERR_REDIRECT] Jul 03, 2026 4:16:30 PM java.util.prefs.FileSystemPreferences checkLockFile0ErrorCode
2026-07-03 16:16:30,562 [ERROR] LogOutputStream:75 - [STDERR_REDIRECT] WARNING: Could not lock System prefs. Unix error code 0.
2026-07-03 16:16:30,563 [ERROR] LogOutputStream:75 - [STDERR_REDIRECT] 
2026-07-03 16:16:30,568 [ERROR] LogOutputStream:75 - [STDERR_REDIRECT] Jul 03, 2026 4:16:30 PM java.util.prefs.FileSystemPreferences syncWorld
2026-07-03 16:16:30,568 [ERROR] LogOutputStream:75 - [STDERR_REDIRECT] WARNING: Couldn't flush system prefs: java.util.prefs.BackingStoreException: Couldn't get file lock.
2026-07-03 16:16:30,568 [ERROR] LogOutputStream:75 - [STDERR_REDIRECT] 
2026-07-03 16:17:00,560 [ERROR] LogOutputStream:75 - [STDERR_REDIRECT] Jul 03, 2026 4:17:00 PM java.util.prefs.FileSystemPreferences checkLockFile0ErrorCode
2026-07-03 16:17:00,560 [ERROR] LogOutputStream:75 - [STDERR_REDIRECT] WARNING: Could not lock System prefs. Unix error code 0.
2026-07-03 16:17:00,560 [ERROR] LogOutputStream:75 - [STDERR_REDIRECT] 
2026-07-03 16:17:00,560 [ERROR] LogOutputStream:75 - [STDERR_REDIRECT] Jul 03, 2026 4:17:00 PM java.util.prefs.FileSystemPreferences syncWorld
2026-07-03 16:17:00,560 [ERROR] LogOutputStream:75 - [STDERR_REDIRECT] WARNING: Couldn't flush system prefs: java.util.prefs.BackingStoreException: Couldn't get file lock.
2026-07-03 16:17:00,561 [ERROR] LogOutputStream:75 - [STDERR_REDIRECT] 
2026-07-03 16:17:30,561 [ERROR] LogOutputStream:75 - [STDERR_REDIRECT] Jul 03, 2026 4:17:30 PM java.util.prefs.FileSystemPreferences checkLockFile0ErrorCode
2026-07-03 16:17:30,561 [ERROR] LogOutputStream:75 - [STDERR_REDIRECT] WARNING: Could not lock System prefs. Unix error code 0.
2026-07-03 16:17:30,562 [ERROR] LogOutputStream:75 - [STDERR_REDIRECT] 
2026-07-03 16:17:30,565 [ERROR] LogOutputStream:75 - [STDERR_REDIRECT] Jul 03, 2026 4:17:30 PM java.util.prefs.FileSystemPreferences syncWorld
2026-07-03 16:17:30,565 [ERROR] LogOutputStream:75 - [STDERR_REDIRECT] WARNING: Couldn't flush system prefs: java.util.prefs.BackingStoreException: Couldn't get file lock.
2026-07-03 16:17:30,565 [ERROR] LogOutputStream:75 - [STDERR_REDIRECT] 
2026-07-03 16:18:00,565 [ERROR] LogOutputStream:75 - [STDERR_REDIRECT] Jul 03, 2026 4:18:00 PM java.util.prefs.FileSystemPreferences checkLockFile0ErrorCode
2026-07-03 16:18:00,566 [ERROR] LogOutputStream:75 - [STDERR_REDIRECT] WARNING: Could not lock System prefs. Unix error code 0.
2026-07-03 16:18:00,566 [ERROR] LogOutputStream:75 - [STDERR_REDIRECT] 
2026-07-03 16:18:00,568 [ERROR] LogOutputStream:75 - [STDERR_REDIRECT] Jul 03, 2026 4:18:00 PM java.util.prefs.FileSystemPreferences syncWorld
2026-07-03 16:18:00,569 [ERROR] LogOutputStream:75 - [STDERR_REDIRECT] WARNING: Couldn't flush system prefs: java.util.prefs.BackingStoreException: Couldn't get file lock.
2026-07-03 16:18:00,569 [ERROR] LogOutputStream:75 - [STDERR_REDIRECT] 
2026-07-03 16:18:30,568 [ERROR] LogOutputStream:75 - [STDERR_REDIRECT] Jul 03, 2026 4:18:30 PM java.util.prefs.FileSystemPreferences checkLockFile0ErrorCode
2026-07-03 16:18:30,569 [ERROR] LogOutputStream:75 - [STDERR_REDIRECT] WARNING: Could not lock System prefs. Unix error code 0.
2026-07-03 16:18:30,569 [ERROR] LogOutputStream:75 - [STDERR_REDIRECT] 
2026-07-03 16:18:30,571 [ERROR] LogOutputStream:75 - [STDERR_REDIRECT] Jul 03, 2026 4:18:30 PM java.util.prefs.FileSystemPreferences syncWorld
2026-07-03 16:18:30,571 [ERROR] LogOutputStream:75 - [STDERR_REDIRECT] WARNING: Couldn't flush system prefs: java.util.prefs.BackingStoreException: Couldn't get file lock.
2026-07-03 16:18:30,571 [ERROR] LogOutputStream:75 - [STDERR_REDIRECT] 
2026-07-03 16:19:00,570 [ERROR] LogOutputStream:75 - [STDERR_REDIRECT] Jul 03, 2026 4:19:00 PM java.util.prefs.FileSystemPreferences checkLockFile0ErrorCode
2026-07-03 16:19:00,571 [ERROR] LogOutputStream:75 - [STDERR_REDIRECT] WARNING: Could not lock System prefs. Unix error code 0.
2026-07-03 16:19:00,571 [ERROR] LogOutputStream:75 - [STDERR_REDIRECT] 
2026-07-03 16:19:00,571 [ERROR] LogOutputStream:75 - [STDERR_REDIRECT] Jul 03, 2026 4:19:00 PM java.util.prefs.FileSystemPreferences syncWorld
2026-07-03 16:19:00,571 [ERROR] LogOutputStream:75 - [STDERR_REDIRECT] WARNING: Couldn't flush system prefs: java.util.prefs.BackingStoreException: Couldn't get file lock.
2026-07-03 16:19:00,571 [ERROR] LogOutputStream:75 - [STDERR_REDIRECT] 
2026-07-03 16:19:30,607 [ERROR] LogOutputStream:75 - [STDERR_REDIRECT] Jul 03, 2026 4:19:30 PM java.util.prefs.FileSystemPreferences checkLockFile0ErrorCode
2026-07-03 16:19:30,608 [ERROR] LogOutputStream:75 - [STDERR_REDIRECT] WARNING: Could not lock System prefs. Unix error code 0.
2026-07-03 16:19:30,610 [ERROR] LogOutputStream:75 - [STDERR_REDIRECT] 
2026-07-03 16:19:30,610 [ERROR] LogOutputStream:75 - [STDERR_REDIRECT] Jul 03, 2026 4:19:30 PM java.util.prefs.FileSystemPreferences syncWorld
2026-07-03 16:19:30,612 [ERROR] LogOutputStream:75 - [STDERR_REDIRECT] WARNING: Couldn't flush system prefs: java.util.prefs.BackingStoreException: Couldn't get file lock.
2026-07-03 16:19:30,612 [ERROR] LogOutputStream:75 - [STDERR_REDIRECT] 
2026-07-03 16:20:00,607 [ERROR] LogOutputStream:75 - [STDERR_REDIRECT] Jul 03, 2026 4:20:00 PM java.util.prefs.FileSystemPreferences checkLockFile0ErrorCode
2026-07-03 16:20:00,607 [ERROR] LogOutputStream:75 - [STDERR_REDIRECT] WARNING: Could not lock System prefs. Unix error code 0.
2026-07-03 16:20:00,607 [ERROR] LogOutputStream:75 - [STDERR_REDIRECT] 
2026-07-03 16:20:00,610 [ERROR] LogOutputStream:75 - [STDERR_REDIRECT] Jul 03, 2026 4:20:00 PM java.util.prefs.FileSystemPreferences syncWorld
2026-07-03 16:20:00,610 [ERROR] LogOutputStream:75 - [STDERR_REDIRECT] WARNING: Couldn't flush system prefs: java.util.prefs.BackingStoreException: Couldn't get file lock.
2026-07-03 16:20:00,610 [ERROR] LogOutputStream:75 - [STDERR_REDIRECT] 
2026-07-03 16:20:30,611 [ERROR] LogOutputStream:75 - [STDERR_REDIRECT] Jul 03, 2026 4:20:30 PM java.util.prefs.FileSystemPreferences checkLockFile0ErrorCode
2026-07-03 16:20:30,612 [ERROR] LogOutputStream:75 - [STDERR_REDIRECT] WARNING: Could not lock System prefs. Unix error code 0.
2026-07-03 16:20:30,613 [ERROR] LogOutputStream:75 - [STDERR_REDIRECT] 
2026-07-03 16:20:30,618 [ERROR] LogOutputStream:75 - [STDERR_REDIRECT] Jul 03, 2026 4:20:30 PM java.util.prefs.FileSystemPreferences syncWorld
2026-07-03 16:20:30,618 [ERROR] LogOutputStream:75 - [STDERR_REDIRECT] WARNING: Couldn't flush system prefs: java.util.prefs.BackingStoreException: Couldn't get file lock.
2026-07-03 16:20:30,618 [ERROR] LogOutputStream:75 - [STDERR_REDIRECT] 
2026-07-03 16:21:00,628 [ERROR] LogOutputStream:75 - [STDERR_REDIRECT] Jul 03, 2026 4:21:00 PM java.util.prefs.FileSystemPreferences checkLockFile0ErrorCode
2026-07-03 16:21:00,628 [ERROR] LogOutputStream:75 - [STDERR_REDIRECT] WARNING: Could not lock System prefs. Unix error code 0.
2026-07-03 16:21:00,628 [ERROR] LogOutputStream:75 - [STDERR_REDIRECT] 
2026-07-03 16:21:00,635 [ERROR] LogOutputStream:75 - [STDERR_REDIRECT] Jul 03, 2026 4:21:00 PM java.util.prefs.FileSystemPreferences syncWorld
2026-07-03 16:21:00,635 [ERROR] LogOutputStream:75 - [STDERR_REDIRECT] WARNING: Couldn't flush system prefs: java.util.prefs.BackingStoreException: Couldn't get file lock.
2026-07-03 16:21:00,636 [ERROR] LogOutputStream:75 - [STDERR_REDIRECT] 
2026-07-03 16:21:30,615 [ERROR] LogOutputStream:75 - [STDERR_REDIRECT] Jul 03, 2026 4:21:30 PM java.util.prefs.FileSystemPreferences checkLockFile0ErrorCode
2026-07-03 16:21:30,616 [ERROR] LogOutputStream:75 - [STDERR_REDIRECT] WARNING: Could not lock System prefs. Unix error code 0.
2026-07-03 16:21:30,619 [ERROR] LogOutputStream:75 - [STDERR_REDIRECT] 
2026-07-03 16:21:30,623 [ERROR] LogOutputStream:75 - [STDERR_REDIRECT] Jul 03, 2026 4:21:30 PM java.util.prefs.FileSystemPreferences syncWorld
2026-07-03 16:21:30,623 [ERROR] LogOutputStream:75 - [STDERR_REDIRECT] WARNING: Couldn't flush system prefs: java.util.prefs.BackingStoreException: Couldn't get file lock.
2026-07-03 16:21:30,623 [ERROR] LogOutputStream:75 - [STDERR_REDIRECT] 
2026-07-03 16:22:00,614 [ERROR] LogOutputStream:75 - [STDERR_REDIRECT] Jul 03, 2026 4:22:00 PM java.util.prefs.FileSystemPreferences checkLockFile0ErrorCode
2026-07-03 16:22:00,615 [ERROR] LogOutputStream:75 - [STDERR_REDIRECT] WARNING: Could not lock System prefs. Unix error code 0.
2026-07-03 16:22:00,622 [ERROR] LogOutputStream:75 - [STDERR_REDIRECT] 
2026-07-03 16:22:00,625 [ERROR] LogOutputStream:75 - [STDERR_REDIRECT] Jul 03, 2026 4:22:00 PM java.util.prefs.FileSystemPreferences syncWorld
2026-07-03 16:22:00,631 [ERROR] LogOutputStream:75 - [STDERR_REDIRECT] WARNING: Couldn't flush system prefs: java.util.prefs.BackingStoreException: Couldn't get file lock.
2026-07-03 16:22:00,631 [ERROR] LogOutputStream:75 - [STDERR_REDIRECT] 
2026-07-03 16:22:30,621 [ERROR] LogOutputStream:75 - [STDERR_REDIRECT] Jul 03, 2026 4:22:30 PM java.util.prefs.FileSystemPreferences checkLockFile0ErrorCode
2026-07-03 16:22:30,624 [ERROR] LogOutputStream:75 - [STDERR_REDIRECT] WARNING: Could not lock System prefs. Unix error code 0.
2026-07-03 16:22:30,624 [ERROR] LogOutputStream:75 - [STDERR_REDIRECT] 
2026-07-03 16:22:30,624 [ERROR] LogOutputStream:75 - [STDERR_REDIRECT] Jul 03, 2026 4:22:30 PM java.util.prefs.FileSystemPreferences syncWorld
2026-07-03 16:22:30,624 [ERROR] LogOutputStream:75 - [STDERR_REDIRECT] WARNING: Couldn't flush system prefs: java.util.prefs.BackingStoreException: Couldn't get file lock.
2026-07-03 16:22:30,624 [ERROR] LogOutputStream:75 - [STDERR_REDIRECT] 
2026-07-03 16:23:00,613 [ERROR] LogOutputStream:75 - [STDERR_REDIRECT] Jul 03, 2026 4:23:00 PM java.util.prefs.FileSystemPreferences checkLockFile0ErrorCode
2026-07-03 16:23:00,613 [ERROR] LogOutputStream:75 - [STDERR_REDIRECT] WARNING: Could not lock System prefs. Unix error code 0.
2026-07-03 16:23:00,613 [ERROR] LogOutputStream:75 - [STDERR_REDIRECT] 
2026-07-03 16:23:00,614 [ERROR] LogOutputStream:75 - [STDERR_REDIRECT] Jul 03, 2026 4:23:00 PM java.util.prefs.FileSystemPreferences syncWorld
2026-07-03 16:23:00,614 [ERROR] LogOutputStream:75 - [STDERR_REDIRECT] WARNING: Couldn't flush system prefs: java.util.prefs.BackingStoreException: Couldn't get file lock.
2026-07-03 16:23:00,614 [ERROR] LogOutputStream:75 - [STDERR_REDIRECT] 
2026-07-03 16:23:30,635 [ERROR] LogOutputStream:75 - [STDERR_REDIRECT] Jul 03, 2026 4:23:30 PM java.util.prefs.FileSystemPreferences checkLockFile0ErrorCode
2026-07-03 16:23:30,636 [ERROR] LogOutputStream:75 - [STDERR_REDIRECT] WARNING: Could not lock System prefs. Unix error code 0.
2026-07-03 16:23:30,637 [ERROR] LogOutputStream:75 - [STDERR_REDIRECT] 
2026-07-03 16:23:30,637 [ERROR] LogOutputStream:75 - [STDERR_REDIRECT] Jul 03, 2026 4:23:30 PM java.util.prefs.FileSystemPreferences syncWorld
2026-07-03 16:23:30,637 [ERROR] LogOutputStream:75 - [STDERR_REDIRECT] WARNING: Couldn't flush system prefs: java.util.prefs.BackingStoreException: Couldn't get file lock.
2026-07-03 16:23:30,638 [ERROR] LogOutputStream:75 - [STDERR_REDIRECT] 
2026-07-03 16:24:00,692 [ERROR] LogOutputStream:75 - [STDERR_REDIRECT] Jul 03, 2026 4:24:00 PM java.util.prefs.FileSystemPreferences checkLockFile0ErrorCode
2026-07-03 16:24:00,695 [ERROR] LogOutputStream:75 - [STDERR_REDIRECT] WARNING: Could not lock System prefs. Unix error code 0.
2026-07-03 16:24:00,702 [ERROR] LogOutputStream:75 - [STDERR_REDIRECT] 
2026-07-03 16:24:00,702 [ERROR] LogOutputStream:75 - [STDERR_REDIRECT] Jul 03, 2026 4:24:00 PM java.util.prefs.FileSystemPreferences syncWorld
2026-07-03 16:24:00,702 [ERROR] LogOutputStream:75 - [STDERR_REDIRECT] WARNING: Couldn't flush system prefs: java.util.prefs.BackingStoreException: Couldn't get file lock.
2026-07-03 16:24:00,703 [ERROR] LogOutputStream:75 - [STDERR_REDIRECT] 
2026-07-03 16:24:30,625 [ERROR] LogOutputStream:75 - [STDERR_REDIRECT] Jul 03, 2026 4:24:30 PM java.util.prefs.FileSystemPreferences checkLockFile0ErrorCode
2026-07-03 16:24:30,625 [ERROR] LogOutputStream:75 - [STDERR_REDIRECT] WARNING: Could not lock System prefs. Unix error code 0.
2026-07-03 16:24:30,625 [ERROR] LogOutputStream:75 - [STDERR_REDIRECT] 
2026-07-03 16:24:30,625 [ERROR] LogOutputStream:75 - [STDERR_REDIRECT] Jul 03, 2026 4:24:30 PM java.util.prefs.FileSystemPreferences syncWorld
2026-07-03 16:24:30,625 [ERROR] LogOutputStream:75 - [STDERR_REDIRECT] WARNING: Couldn't flush system prefs: java.util.prefs.BackingStoreException: Couldn't get file lock.
2026-07-03 16:24:30,625 [ERROR] LogOutputStream:75 - [STDERR_REDIRECT] 
2026-07-03 16:25:00,627 [ERROR] LogOutputStream:75 - [STDERR_REDIRECT] Jul 03, 2026 4:25:00 PM java.util.prefs.FileSystemPreferences checkLockFile0ErrorCode
2026-07-03 16:25:00,627 [ERROR] LogOutputStream:75 - [STDERR_REDIRECT] WARNING: Could not lock System prefs. Unix error code 0.
2026-07-03 16:25:00,627 [ERROR] LogOutputStream:75 - [STDERR_REDIRECT] 
2026-07-03 16:25:00,627 [ERROR] LogOutputStream:75 - [STDERR_REDIRECT] Jul 03, 2026 4:25:00 PM java.util.prefs.FileSystemPreferences syncWorld
2026-07-03 16:25:00,628 [ERROR] LogOutputStream:75 - [STDERR_REDIRECT] WARNING: Couldn't flush system prefs: java.util.prefs.BackingStoreException: Couldn't get file lock.
2026-07-03 16:25:00,628 [ERROR] LogOutputStream:75 - [STDERR_REDIRECT] 
2026-07-03 16:25:30,649 [ERROR] LogOutputStream:75 - [STDERR_REDIRECT] Jul 03, 2026 4:25:30 PM java.util.prefs.FileSystemPreferences checkLockFile0ErrorCode
2026-07-03 16:25:30,650 [ERROR] LogOutputStream:75 - [STDERR_REDIRECT] WARNING: Could not lock System prefs. Unix error code 0.
2026-07-03 16:25:30,650 [ERROR] LogOutputStream:75 - [STDERR_REDIRECT] 
2026-07-03 16:25:30,656 [ERROR] LogOutputStream:75 - [STDERR_REDIRECT] Jul 03, 2026 4:25:30 PM java.util.prefs.FileSystemPreferences syncWorld
2026-07-03 16:25:30,660 [ERROR] LogOutputStream:75 - [STDERR_REDIRECT] WARNING: Couldn't flush system prefs: java.util.prefs.BackingStoreException: Couldn't get file lock.
2026-07-03 16:25:30,663 [ERROR] LogOutputStream:75 - [STDERR_REDIRECT] 
2026-07-03 16:26:00,637 [ERROR] LogOutputStream:75 - [STDERR_REDIRECT] Jul 03, 2026 4:26:00 PM java.util.prefs.FileSystemPreferences checkLockFile0ErrorCode
2026-07-03 16:26:00,637 [ERROR] LogOutputStream:75 - [STDERR_REDIRECT] WARNING: Could not lock System prefs. Unix error code 0.
2026-07-03 16:26:00,637 [ERROR] LogOutputStream:75 - [STDERR_REDIRECT] 
2026-07-03 16:26:00,637 [ERROR] LogOutputStream:75 - [STDERR_REDIRECT] Jul 03, 2026 4:26:00 PM java.util.prefs.FileSystemPreferences syncWorld
2026-07-03 16:26:00,638 [ERROR] LogOutputStream:75 - [STDERR_REDIRECT] WARNING: Couldn't flush system prefs: java.util.prefs.BackingStoreException: Couldn't get file lock.
2026-07-03 16:26:00,638 [ERROR] LogOutputStream:75 - [STDERR_REDIRECT] 
2026-07-03 16:26:30,633 [ERROR] LogOutputStream:75 - [STDERR_REDIRECT] Jul 03, 2026 4:26:30 PM java.util.prefs.FileSystemPreferences checkLockFile0ErrorCode
2026-07-03 16:26:30,633 [ERROR] LogOutputStream:75 - [STDERR_REDIRECT] WARNING: Could not lock System prefs. Unix error code 0.
2026-07-03 16:26:30,634 [ERROR] LogOutputStream:75 - [STDERR_REDIRECT] 
2026-07-03 16:26:30,635 [ERROR] LogOutputStream:75 - [STDERR_REDIRECT] Jul 03, 2026 4:26:30 PM java.util.prefs.FileSystemPreferences syncWorld
2026-07-03 16:26:30,635 [ERROR] LogOutputStream:75 - [STDERR_REDIRECT] WARNING: Couldn't flush system prefs: java.util.prefs.BackingStoreException: Couldn't get file lock.
2026-07-03 16:26:30,635 [ERROR] LogOutputStream:75 - [STDERR_REDIRECT] 
2026-07-03 16:27:00,636 [ERROR] LogOutputStream:75 - [STDERR_REDIRECT] Jul 03, 2026 4:27:00 PM java.util.prefs.FileSystemPreferences checkLockFile0ErrorCode
2026-07-03 16:27:00,640 [ERROR] LogOutputStream:75 - [STDERR_REDIRECT] WARNING: Could not lock System prefs. Unix error code 0.
2026-07-03 16:27:00,642 [ERROR] LogOutputStream:75 - [STDERR_REDIRECT] 
2026-07-03 16:27:00,646 [ERROR] LogOutputStream:75 - [STDERR_REDIRECT] Jul 03, 2026 4:27:00 PM java.util.prefs.FileSystemPreferences syncWorld
2026-07-03 16:27:00,649 [ERROR] LogOutputStream:75 - [STDERR_REDIRECT] WARNING: Couldn't flush system prefs: java.util.prefs.BackingStoreException: Couldn't get file lock.
2026-07-03 16:27:00,649 [ERROR] LogOutputStream:75 - [STDERR_REDIRECT] 
2026-07-03 16:27:30,639 [ERROR] LogOutputStream:75 - [STDERR_REDIRECT] Jul 03, 2026 4:27:30 PM java.util.prefs.FileSystemPreferences checkLockFile0ErrorCode
2026-07-03 16:27:30,640 [ERROR] LogOutputStream:75 - [STDERR_REDIRECT] WARNING: Could not lock System prefs. Unix error code 0.
2026-07-03 16:27:30,641 [ERROR] LogOutputStream:75 - [STDERR_REDIRECT] 
2026-07-03 16:27:30,641 [ERROR] LogOutputStream:75 - [STDERR_REDIRECT] Jul 03, 2026 4:27:30 PM java.util.prefs.FileSystemPreferences syncWorld
2026-07-03 16:27:30,642 [ERROR] LogOutputStream:75 - [STDERR_REDIRECT] WARNING: Couldn't flush system prefs: java.util.prefs.BackingStoreException: Couldn't get file lock.
2026-07-03 16:27:30,642 [ERROR] LogOutputStream:75 - [STDERR_REDIRECT] 
2026-07-03 16:28:00,655 [ERROR] LogOutputStream:75 - [STDERR_REDIRECT] Jul 03, 2026 4:28:00 PM java.util.prefs.FileSystemPreferences checkLockFile0ErrorCode
2026-07-03 16:28:00,655 [ERROR] LogOutputStream:75 - [STDERR_REDIRECT] WARNING: Could not lock System prefs. Unix error code 0.
2026-07-03 16:28:00,655 [ERROR] LogOutputStream:75 - [STDERR_REDIRECT] 
2026-07-03 16:28:00,655 [ERROR] LogOutputStream:75 - [STDERR_REDIRECT] Jul 03, 2026 4:28:00 PM java.util.prefs.FileSystemPreferences syncWorld
2026-07-03 16:28:00,656 [ERROR] LogOutputStream:75 - [STDERR_REDIRECT] WARNING: Couldn't flush system prefs: java.util.prefs.BackingStoreException: Couldn't get file lock.
2026-07-03 16:28:00,656 [ERROR] LogOutputStream:75 - [STDERR_REDIRECT] 
2026-07-03 16:28:30,644 [ERROR] LogOutputStream:75 - [STDERR_REDIRECT] Jul 03, 2026 4:28:30 PM java.util.prefs.FileSystemPreferences checkLockFile0ErrorCode
2026-07-03 16:28:30,644 [ERROR] LogOutputStream:75 - [STDERR_REDIRECT] WARNING: Could not lock System prefs. Unix error code 0.
2026-07-03 16:28:30,645 [ERROR] LogOutputStream:75 - [STDERR_REDIRECT] 
2026-07-03 16:28:30,649 [ERROR] LogOutputStream:75 - [STDERR_REDIRECT] Jul 03, 2026 4:28:30 PM java.util.prefs.FileSystemPreferences syncWorld
2026-07-03 16:28:30,649 [ERROR] LogOutputStream:75 - [STDERR_REDIRECT] WARNING: Couldn't flush system prefs: java.util.prefs.BackingStoreException: Couldn't get file lock.
2026-07-03 16:28:30,649 [ERROR] LogOutputStream:75 - [STDERR_REDIRECT] 
2026-07-03 16:29:00,642 [ERROR] LogOutputStream:75 - [STDERR_REDIRECT] Jul 03, 2026 4:29:00 PM java.util.prefs.FileSystemPreferences checkLockFile0ErrorCode
2026-07-03 16:29:00,642 [ERROR] LogOutputStream:75 - [STDERR_REDIRECT] WARNING: Could not lock System prefs. Unix error code 0.
2026-07-03 16:29:00,642 [ERROR] LogOutputStream:75 - [STDERR_REDIRECT] 
2026-07-03 16:29:00,643 [ERROR] LogOutputStream:75 - [STDERR_REDIRECT] Jul 03, 2026 4:29:00 PM java.util.prefs.FileSystemPreferences syncWorld
2026-07-03 16:29:00,644 [ERROR] LogOutputStream:75 - [STDERR_REDIRECT] WARNING: Couldn't flush system prefs: java.util.prefs.BackingStoreException: Couldn't get file lock.
2026-07-03 16:29:00,644 [ERROR] LogOutputStream:75 - [STDERR_REDIRECT] 
2026-07-03 16:29:30,692 [ERROR] LogOutputStream:75 - [STDERR_REDIRECT] Jul 03, 2026 4:29:30 PM java.util.prefs.FileSystemPreferences checkLockFile0ErrorCode
2026-07-03 16:29:30,692 [ERROR] LogOutputStream:75 - [STDERR_REDIRECT] WARNING: Could not lock System prefs. Unix error code 0.
2026-07-03 16:29:30,692 [ERROR] LogOutputStream:75 - [STDERR_REDIRECT] 
2026-07-03 16:29:30,692 [ERROR] LogOutputStream:75 - [STDERR_REDIRECT] Jul 03, 2026 4:29:30 PM java.util.prefs.FileSystemPreferences syncWorld
2026-07-03 16:29:30,693 [ERROR] LogOutputStream:75 - [STDERR_REDIRECT] WARNING: Couldn't flush system prefs: java.util.prefs.BackingStoreException: Couldn't get file lock.
2026-07-03 16:29:30,693 [ERROR] LogOutputStream:75 - [STDERR_REDIRECT] 
2026-07-03 16:30:00,648 [ERROR] LogOutputStream:75 - [STDERR_REDIRECT] Jul 03, 2026 4:30:00 PM java.util.prefs.FileSystemPreferences checkLockFile0ErrorCode
2026-07-03 16:30:00,649 [ERROR] LogOutputStream:75 - [STDERR_REDIRECT] WARNING: Could not lock System prefs. Unix error code 0.
2026-07-03 16:30:00,650 [ERROR] LogOutputStream:75 - [STDERR_REDIRECT] 
2026-07-03 16:30:00,650 [ERROR] LogOutputStream:75 - [STDERR_REDIRECT] Jul 03, 2026 4:30:00 PM java.util.prefs.FileSystemPreferences syncWorld
2026-07-03 16:30:00,650 [ERROR] LogOutputStream:75 - [STDERR_REDIRECT] WARNING: Couldn't flush system prefs: java.util.prefs.BackingStoreException: Couldn't get file lock.
2026-07-03 16:30:00,650 [ERROR] LogOutputStream:75 - [STDERR_REDIRECT] 
2026-07-03 16:30:30,649 [ERROR] LogOutputStream:75 - [STDERR_REDIRECT] Jul 03, 2026 4:30:30 PM java.util.prefs.FileSystemPreferences checkLockFile0ErrorCode
2026-07-03 16:30:30,650 [ERROR] LogOutputStream:75 - [STDERR_REDIRECT] WARNING: Could not lock System prefs. Unix error code 0.
2026-07-03 16:30:30,650 [ERROR] LogOutputStream:75 - [STDERR_REDIRECT] 
2026-07-03 16:30:30,654 [ERROR] LogOutputStream:75 - [STDERR_REDIRECT] Jul 03, 2026 4:30:30 PM java.util.prefs.FileSystemPreferences syncWorld
2026-07-03 16:30:30,656 [ERROR] LogOutputStream:75 - [STDERR_REDIRECT] WARNING: Couldn't flush system prefs: java.util.prefs.BackingStoreException: Couldn't get file lock.
2026-07-03 16:30:30,656 [ERROR] LogOutputStream:75 - [STDERR_REDIRECT] 
2026-07-03 16:31:00,673 [ERROR] LogOutputStream:75 - [STDERR_REDIRECT] Jul 03, 2026 4:31:00 PM java.util.prefs.FileSystemPreferences checkLockFile0ErrorCode
2026-07-03 16:31:00,673 [ERROR] LogOutputStream:75 - [STDERR_REDIRECT] WARNING: Could not lock System prefs. Unix error code 0.
2026-07-03 16:31:00,673 [ERROR] LogOutputStream:75 - [STDERR_REDIRECT] 
2026-07-03 16:31:00,673 [ERROR] LogOutputStream:75 - [STDERR_REDIRECT] Jul 03, 2026 4:31:00 PM java.util.prefs.FileSystemPreferences syncWorld
2026-07-03 16:31:00,673 [ERROR] LogOutputStream:75 - [STDERR_REDIRECT] WARNING: Couldn't flush system prefs: java.util.prefs.BackingStoreException: Couldn't get file lock.
2026-07-03 16:31:00,673 [ERROR] LogOutputStream:75 - [STDERR_REDIRECT] 
2026-07-03 16:31:30,652 [ERROR] LogOutputStream:75 - [STDERR_REDIRECT] Jul 03, 2026 4:31:30 PM java.util.prefs.FileSystemPreferences checkLockFile0ErrorCode
2026-07-03 16:31:30,652 [ERROR] LogOutputStream:75 - [STDERR_REDIRECT] WARNING: Could not lock System prefs. Unix error code 0.
2026-07-03 16:31:30,660 [ERROR] LogOutputStream:75 - [STDERR_REDIRECT] 
2026-07-03 16:31:30,661 [ERROR] LogOutputStream:75 - [STDERR_REDIRECT] Jul 03, 2026 4:31:30 PM java.util.prefs.FileSystemPreferences syncWorld
2026-07-03 16:31:30,661 [ERROR] LogOutputStream:75 - [STDERR_REDIRECT] WARNING: Couldn't flush system prefs: java.util.prefs.BackingStoreException: Couldn't get file lock.
2026-07-03 16:31:30,662 [ERROR] LogOutputStream:75 - [STDERR_REDIRECT] 
2026-07-03 16:32:00,653 [ERROR] LogOutputStream:75 - [STDERR_REDIRECT] Jul 03, 2026 4:32:00 PM java.util.prefs.FileSystemPreferences checkLockFile0ErrorCode
2026-07-03 16:32:00,653 [ERROR] LogOutputStream:75 - [STDERR_REDIRECT] WARNING: Could not lock System prefs. Unix error code 0.
2026-07-03 16:32:00,653 [ERROR] LogOutputStream:75 - [STDERR_REDIRECT] 
2026-07-03 16:32:00,653 [ERROR] LogOutputStream:75 - [STDERR_REDIRECT] Jul 03, 2026 4:32:00 PM java.util.prefs.FileSystemPreferences syncWorld
2026-07-03 16:32:00,653 [ERROR] LogOutputStream:75 - [STDERR_REDIRECT] WARNING: Couldn't flush system prefs: java.util.prefs.BackingStoreException: Couldn't get file lock.
2026-07-03 16:32:00,653 [ERROR] LogOutputStream:75 - [STDERR_REDIRECT] 
2026-07-03 16:32:30,696 [ERROR] LogOutputStream:75 - [STDERR_REDIRECT] Jul 03, 2026 4:32:30 PM java.util.prefs.FileSystemPreferences checkLockFile0ErrorCode
2026-07-03 16:32:30,701 [ERROR] LogOutputStream:75 - [STDERR_REDIRECT] WARNING: Could not lock System prefs. Unix error code 0.
2026-07-03 16:32:30,703 [ERROR] LogOutputStream:75 - [STDERR_REDIRECT] 
2026-07-03 16:32:30,703 [ERROR] LogOutputStream:75 - [STDERR_REDIRECT] Jul 03, 2026 4:32:30 PM java.util.prefs.FileSystemPreferences syncWorld
2026-07-03 16:32:30,704 [ERROR] LogOutputStream:75 - [STDERR_REDIRECT] WARNING: Couldn't flush system prefs: java.util.prefs.BackingStoreException: Couldn't get file lock.
2026-07-03 16:32:30,704 [ERROR] LogOutputStream:75 - [STDERR_REDIRECT] 
2026-07-03 16:33:00,660 [ERROR] LogOutputStream:75 - [STDERR_REDIRECT] Jul 03, 2026 4:33:00 PM java.util.prefs.FileSystemPreferences checkLockFile0ErrorCode
2026-07-03 16:33:00,661 [ERROR] LogOutputStream:75 - [STDERR_REDIRECT] WARNING: Could not lock System prefs. Unix error code 0.
2026-07-03 16:33:00,661 [ERROR] LogOutputStream:75 - [STDERR_REDIRECT] 
2026-07-03 16:33:00,661 [ERROR] LogOutputStream:75 - [STDERR_REDIRECT] Jul 03, 2026 4:33:00 PM java.util.prefs.FileSystemPreferences syncWorld
2026-07-03 16:33:00,661 [ERROR] LogOutputStream:75 - [STDERR_REDIRECT] WARNING: Couldn't flush system prefs: java.util.prefs.BackingStoreException: Couldn't get file lock.
2026-07-03 16:33:00,661 [ERROR] LogOutputStream:75 - [STDERR_REDIRECT] 
2026-07-03 16:33:30,664 [ERROR] LogOutputStream:75 - [STDERR_REDIRECT] Jul 03, 2026 4:33:30 PM java.util.prefs.FileSystemPreferences checkLockFile0ErrorCode
2026-07-03 16:33:30,664 [ERROR] LogOutputStream:75 - [STDERR_REDIRECT] WARNING: Could not lock System prefs. Unix error code 0.
2026-07-03 16:33:30,664 [ERROR] LogOutputStream:75 - [STDERR_REDIRECT] 
2026-07-03 16:33:30,665 [ERROR] LogOutputStream:75 - [STDERR_REDIRECT] Jul 03, 2026 4:33:30 PM java.util.prefs.FileSystemPreferences syncWorld
2026-07-03 16:33:30,665 [ERROR] LogOutputStream:75 - [STDERR_REDIRECT] WARNING: Couldn't flush system prefs: java.util.prefs.BackingStoreException: Couldn't get file lock.
2026-07-03 16:33:30,665 [ERROR] LogOutputStream:75 - [STDERR_REDIRECT] 
2026-07-03 16:34:00,663 [ERROR] LogOutputStream:75 - [STDERR_REDIRECT] Jul 03, 2026 4:34:00 PM java.util.prefs.FileSystemPreferences checkLockFile0ErrorCode
2026-07-03 16:34:00,664 [ERROR] LogOutputStream:75 - [STDERR_REDIRECT] WARNING: Could not lock System prefs. Unix error code 0.
2026-07-03 16:34:00,664 [ERROR] LogOutputStream:75 - [STDERR_REDIRECT] 
2026-07-03 16:34:00,664 [ERROR] LogOutputStream:75 - [STDERR_REDIRECT] Jul 03, 2026 4:34:00 PM java.util.prefs.FileSystemPreferences syncWorld
2026-07-03 16:34:00,664 [ERROR] LogOutputStream:75 - [STDERR_REDIRECT] WARNING: Couldn't flush system prefs: java.util.prefs.BackingStoreException: Couldn't get file lock.
2026-07-03 16:34:00,664 [ERROR] LogOutputStream:75 - [STDERR_REDIRECT] 
2026-07-03 16:34:30,680 [ERROR] LogOutputStream:75 - [STDERR_REDIRECT] Jul 03, 2026 4:34:30 PM java.util.prefs.FileSystemPreferences checkLockFile0ErrorCode
2026-07-03 16:34:30,680 [ERROR] LogOutputStream:75 - [STDERR_REDIRECT] WARNING: Could not lock System prefs. Unix error code 0.
2026-07-03 16:34:30,680 [ERROR] LogOutputStream:75 - [STDERR_REDIRECT] 
2026-07-03 16:34:30,680 [ERROR] LogOutputStream:75 - [STDERR_REDIRECT] Jul 03, 2026 4:34:30 PM java.util.prefs.FileSystemPreferences syncWorld
2026-07-03 16:34:30,680 [ERROR] LogOutputStream:75 - [STDERR_REDIRECT] WARNING: Couldn't flush system prefs: java.util.prefs.BackingStoreException: Couldn't get file lock.
2026-07-03 16:34:30,680 [ERROR] LogOutputStream:75 - [STDERR_REDIRECT] 
2026-07-03 16:35:00,694 [ERROR] LogOutputStream:75 - [STDERR_REDIRECT] Jul 03, 2026 4:35:00 PM java.util.prefs.FileSystemPreferences checkLockFile0ErrorCode
2026-07-03 16:35:00,694 [ERROR] LogOutputStream:75 - [STDERR_REDIRECT] WARNING: Could not lock System prefs. Unix error code 0.
2026-07-03 16:35:00,695 [ERROR] LogOutputStream:75 - [STDERR_REDIRECT] 
2026-07-03 16:35:00,695 [ERROR] LogOutputStream:75 - [STDERR_REDIRECT] Jul 03, 2026 4:35:00 PM java.util.prefs.FileSystemPreferences syncWorld
2026-07-03 16:35:00,695 [ERROR] LogOutputStream:75 - [STDERR_REDIRECT] WARNING: Couldn't flush system prefs: java.util.prefs.BackingStoreException: Couldn't get file lock.
2026-07-03 16:35:00,695 [ERROR] LogOutputStream:75 - [STDERR_REDIRECT] 
2026-07-03 16:35:30,672 [ERROR] LogOutputStream:75 - [STDERR_REDIRECT] Jul 03, 2026 4:35:30 PM java.util.prefs.FileSystemPreferences checkLockFile0ErrorCode
2026-07-03 16:35:30,675 [ERROR] LogOutputStream:75 - [STDERR_REDIRECT] WARNING: Could not lock System prefs. Unix error code 0.
2026-07-03 16:35:30,675 [ERROR] LogOutputStream:75 - [STDERR_REDIRECT] 
2026-07-03 16:35:30,682 [ERROR] LogOutputStream:75 - [STDERR_REDIRECT] Jul 03, 2026 4:35:30 PM java.util.prefs.FileSystemPreferences syncWorld
2026-07-03 16:35:30,683 [ERROR] LogOutputStream:75 - [STDERR_REDIRECT] WARNING: Couldn't flush system prefs: java.util.prefs.BackingStoreException: Couldn't get file lock.
2026-07-03 16:35:30,683 [ERROR] LogOutputStream:75 - [STDERR_REDIRECT] 
2026-07-03 16:36:00,673 [ERROR] LogOutputStream:75 - [STDERR_REDIRECT] Jul 03, 2026 4:36:00 PM java.util.prefs.FileSystemPreferences checkLockFile0ErrorCode
2026-07-03 16:36:00,674 [ERROR] LogOutputStream:75 - [STDERR_REDIRECT] WARNING: Could not lock System prefs. Unix error code 0.
2026-07-03 16:36:00,676 [ERROR] LogOutputStream:75 - [STDERR_REDIRECT] 
2026-07-03 16:36:00,681 [ERROR] LogOutputStream:75 - [STDERR_REDIRECT] Jul 03, 2026 4:36:00 PM java.util.prefs.FileSystemPreferences syncWorld
2026-07-03 16:36:00,681 [ERROR] LogOutputStream:75 - [STDERR_REDIRECT] WARNING: Couldn't flush system prefs: java.util.prefs.BackingStoreException: Couldn't get file lock.
2026-07-03 16:36:00,681 [ERROR] LogOutputStream:75 - [STDERR_REDIRECT] 
2026-07-03 16:36:30,758 [ERROR] LogOutputStream:75 - [STDERR_REDIRECT] Jul 03, 2026 4:36:30 PM java.util.prefs.FileSystemPreferences checkLockFile0ErrorCode
2026-07-03 16:36:30,759 [ERROR] LogOutputStream:75 - [STDERR_REDIRECT] WARNING: Could not lock System prefs. Unix error code 0.
2026-07-03 16:36:30,759 [ERROR] LogOutputStream:75 - [STDERR_REDIRECT] 
2026-07-03 16:36:30,766 [ERROR] LogOutputStream:75 - [STDERR_REDIRECT] Jul 03, 2026 4:36:30 PM java.util.prefs.FileSystemPreferences syncWorld
2026-07-03 16:36:30,769 [ERROR] LogOutputStream:75 - [STDERR_REDIRECT] WARNING: Couldn't flush system prefs: java.util.prefs.BackingStoreException: Couldn't get file lock.
2026-07-03 16:36:30,769 [ERROR] LogOutputStream:75 - [STDERR_REDIRECT] 
2026-07-03 16:37:00,695 [ERROR] LogOutputStream:75 - [STDERR_REDIRECT] Jul 03, 2026 4:37:00 PM java.util.prefs.FileSystemPreferences checkLockFile0ErrorCode
2026-07-03 16:37:00,698 [ERROR] LogOutputStream:75 - [STDERR_REDIRECT] WARNING: Could not lock System prefs. Unix error code 0.
2026-07-03 16:37:00,698 [ERROR] LogOutputStream:75 - [STDERR_REDIRECT] 
2026-07-03 16:37:00,704 [ERROR] LogOutputStream:75 - [STDERR_REDIRECT] Jul 03, 2026 4:37:00 PM java.util.prefs.FileSystemPreferences syncWorld
2026-07-03 16:37:00,706 [ERROR] LogOutputStream:75 - [STDERR_REDIRECT] WARNING: Couldn't flush system prefs: java.util.prefs.BackingStoreException: Couldn't get file lock.
2026-07-03 16:37:00,708 [ERROR] LogOutputStream:75 - [STDERR_REDIRECT] 
2026-07-03 16:37:30,683 [ERROR] LogOutputStream:75 - [STDERR_REDIRECT] Jul 03, 2026 4:37:30 PM java.util.prefs.FileSystemPreferences checkLockFile0ErrorCode
2026-07-03 16:37:30,684 [ERROR] LogOutputStream:75 - [STDERR_REDIRECT] WARNING: Could not lock System prefs. Unix error code 0.
2026-07-03 16:37:30,684 [ERROR] LogOutputStream:75 - [STDERR_REDIRECT] 
2026-07-03 16:37:30,684 [ERROR] LogOutputStream:75 - [STDERR_REDIRECT] Jul 03, 2026 4:37:30 PM java.util.prefs.FileSystemPreferences syncWorld
2026-07-03 16:37:30,684 [ERROR] LogOutputStream:75 - [STDERR_REDIRECT] WARNING: Couldn't flush system prefs: java.util.prefs.BackingStoreException: Couldn't get file lock.
2026-07-03 16:37:30,684 [ERROR] LogOutputStream:75 - [STDERR_REDIRECT] 
2026-07-03 16:38:00,709 [ERROR] LogOutputStream:75 - [STDERR_REDIRECT] Jul 03, 2026 4:38:00 PM java.util.prefs.FileSystemPreferences checkLockFile0ErrorCode
2026-07-03 16:38:00,710 [ERROR] LogOutputStream:75 - [STDERR_REDIRECT] WARNING: Could not lock System prefs. Unix error code 0.
2026-07-03 16:38:00,710 [ERROR] LogOutputStream:75 - [STDERR_REDIRECT] 
2026-07-03 16:38:00,716 [ERROR] LogOutputStream:75 - [STDERR_REDIRECT] Jul 03, 2026 4:38:00 PM java.util.prefs.FileSystemPreferences syncWorld
2026-07-03 16:38:00,717 [ERROR] LogOutputStream:75 - [STDERR_REDIRECT] WARNING: Couldn't flush system prefs: java.util.prefs.BackingStoreException: Couldn't get file lock.
2026-07-03 16:38:00,717 [ERROR] LogOutputStream:75 - [STDERR_REDIRECT] 
2026-07-03 16:38:30,690 [ERROR] LogOutputStream:75 - [STDERR_REDIRECT] Jul 03, 2026 4:38:30 PM java.util.prefs.FileSystemPreferences checkLockFile0ErrorCode
2026-07-03 16:38:30,690 [ERROR] LogOutputStream:75 - [STDERR_REDIRECT] WARNING: Could not lock System prefs. Unix error code 0.
2026-07-03 16:38:30,690 [ERROR] LogOutputStream:75 - [STDERR_REDIRECT] 
2026-07-03 16:38:30,690 [ERROR] LogOutputStream:75 - [STDERR_REDIRECT] Jul 03, 2026 4:38:30 PM java.util.prefs.FileSystemPreferences syncWorld
2026-07-03 16:38:30,691 [ERROR] LogOutputStream:75 - [STDERR_REDIRECT] WARNING: Couldn't flush system prefs: java.util.prefs.BackingStoreException: Couldn't get file lock.
2026-07-03 16:38:30,691 [ERROR] LogOutputStream:75 - [STDERR_REDIRECT] 
2026-07-03 16:39:00,692 [ERROR] LogOutputStream:75 - [STDERR_REDIRECT] Jul 03, 2026 4:39:00 PM java.util.prefs.FileSystemPreferences checkLockFile0ErrorCode
2026-07-03 16:39:00,692 [ERROR] LogOutputStream:75 - [STDERR_REDIRECT] WARNING: Could not lock System prefs. Unix error code 0.
2026-07-03 16:39:00,692 [ERROR] LogOutputStream:75 - [STDERR_REDIRECT] 
2026-07-03 16:39:00,693 [ERROR] LogOutputStream:75 - [STDERR_REDIRECT] Jul 03, 2026 4:39:00 PM java.util.prefs.FileSystemPreferences syncWorld
2026-07-03 16:39:00,697 [ERROR] LogOutputStream:75 - [STDERR_REDIRECT] WARNING: Couldn't flush system prefs: java.util.prefs.BackingStoreException: Couldn't get file lock.
2026-07-03 16:39:00,697 [ERROR] LogOutputStream:75 - [STDERR_REDIRECT] 
2026-07-03 16:39:30,693 [ERROR] LogOutputStream:75 - [STDERR_REDIRECT] Jul 03, 2026 4:39:30 PM java.util.prefs.FileSystemPreferences checkLockFile0ErrorCode
2026-07-03 16:39:30,693 [ERROR] LogOutputStream:75 - [STDERR_REDIRECT] WARNING: Could not lock System prefs. Unix error code 0.
2026-07-03 16:39:30,693 [ERROR] LogOutputStream:75 - [STDERR_REDIRECT] 
2026-07-03 16:39:30,697 [ERROR] LogOutputStream:75 - [STDERR_REDIRECT] Jul 03, 2026 4:39:30 PM java.util.prefs.FileSystemPreferences syncWorld
2026-07-03 16:39:30,698 [ERROR] LogOutputStream:75 - [STDERR_REDIRECT] WARNING: Couldn't flush system prefs: java.util.prefs.BackingStoreException: Couldn't get file lock.
2026-07-03 16:39:30,698 [ERROR] LogOutputStream:75 - [STDERR_REDIRECT] 
2026-07-03 16:40:00,690 [ERROR] LogOutputStream:75 - [STDERR_REDIRECT] Jul 03, 2026 4:40:00 PM java.util.prefs.FileSystemPreferences checkLockFile0ErrorCode
2026-07-03 16:40:00,691 [ERROR] LogOutputStream:75 - [STDERR_REDIRECT] WARNING: Could not lock System prefs. Unix error code 0.
2026-07-03 16:40:00,691 [ERROR] LogOutputStream:75 - [STDERR_REDIRECT] 
2026-07-03 16:40:00,692 [ERROR] LogOutputStream:75 - [STDERR_REDIRECT] Jul 03, 2026 4:40:00 PM java.util.prefs.FileSystemPreferences syncWorld
2026-07-03 16:40:00,692 [ERROR] LogOutputStream:75 - [STDERR_REDIRECT] WARNING: Couldn't flush system prefs: java.util.prefs.BackingStoreException: Couldn't get file lock.
2026-07-03 16:40:00,693 [ERROR] LogOutputStream:75 - [STDERR_REDIRECT] 
2026-07-03 16:40:30,690 [ERROR] LogOutputStream:75 - [STDERR_REDIRECT] Jul 03, 2026 4:40:30 PM java.util.prefs.FileSystemPreferences checkLockFile0ErrorCode
2026-07-03 16:40:30,693 [ERROR] LogOutputStream:75 - [STDERR_REDIRECT] WARNING: Could not lock System prefs. Unix error code 0.
2026-07-03 16:40:30,693 [ERROR] LogOutputStream:75 - [STDERR_REDIRECT] 
2026-07-03 16:40:30,695 [ERROR] LogOutputStream:75 - [STDERR_REDIRECT] Jul 03, 2026 4:40:30 PM java.util.prefs.FileSystemPreferences syncWorld
2026-07-03 16:40:30,697 [ERROR] LogOutputStream:75 - [STDERR_REDIRECT] WARNING: Couldn't flush system prefs: java.util.prefs.BackingStoreException: Couldn't get file lock.
2026-07-03 16:40:30,697 [ERROR] LogOutputStream:75 - [STDERR_REDIRECT] 
2026-07-03 16:41:00,692 [ERROR] LogOutputStream:75 - [STDERR_REDIRECT] Jul 03, 2026 4:41:00 PM java.util.prefs.FileSystemPreferences checkLockFile0ErrorCode
2026-07-03 16:41:00,692 [ERROR] LogOutputStream:75 - [STDERR_REDIRECT] WARNING: Could not lock System prefs. Unix error code 0.
2026-07-03 16:41:00,692 [ERROR] LogOutputStream:75 - [STDERR_REDIRECT] 
2026-07-03 16:41:00,693 [ERROR] LogOutputStream:75 - [STDERR_REDIRECT] Jul 03, 2026 4:41:00 PM java.util.prefs.FileSystemPreferences syncWorld
2026-07-03 16:41:00,696 [ERROR] LogOutputStream:75 - [STDERR_REDIRECT] WARNING: Couldn't flush system prefs: java.util.prefs.BackingStoreException: Couldn't get file lock.
2026-07-03 16:41:00,696 [ERROR] LogOutputStream:75 - [STDERR_REDIRECT] 
2026-07-03 16:41:30,743 [ERROR] LogOutputStream:75 - [STDERR_REDIRECT] Jul 03, 2026 4:41:30 PM java.util.prefs.FileSystemPreferences checkLockFile0ErrorCode
2026-07-03 16:41:30,743 [ERROR] LogOutputStream:75 - [STDERR_REDIRECT] WARNING: Could not lock System prefs. Unix error code 0.
2026-07-03 16:41:30,744 [ERROR] LogOutputStream:75 - [STDERR_REDIRECT] 
2026-07-03 16:41:30,748 [ERROR] LogOutputStream:75 - [STDERR_REDIRECT] Jul 03, 2026 4:41:30 PM java.util.prefs.FileSystemPreferences syncWorld
2026-07-03 16:41:30,749 [ERROR] LogOutputStream:75 - [STDERR_REDIRECT] WARNING: Couldn't flush system prefs: java.util.prefs.BackingStoreException: Couldn't get file lock.
2026-07-03 16:41:30,749 [ERROR] LogOutputStream:75 - [STDERR_REDIRECT] 
2026-07-03 16:42:00,701 [ERROR] LogOutputStream:75 - [STDERR_REDIRECT] Jul 03, 2026 4:42:00 PM java.util.prefs.FileSystemPreferences checkLockFile0ErrorCode
2026-07-03 16:42:00,703 [ERROR] LogOutputStream:75 - [STDERR_REDIRECT] WARNING: Could not lock System prefs. Unix error code 0.
2026-07-03 16:42:00,703 [ERROR] LogOutputStream:75 - [STDERR_REDIRECT] 
2026-07-03 16:42:00,706 [ERROR] LogOutputStream:75 - [STDERR_REDIRECT] Jul 03, 2026 4:42:00 PM java.util.prefs.FileSystemPreferences syncWorld
2026-07-03 16:42:00,708 [ERROR] LogOutputStream:75 - [STDERR_REDIRECT] WARNING: Couldn't flush system prefs: java.util.prefs.BackingStoreException: Couldn't get file lock.
2026-07-03 16:42:00,708 [ERROR] LogOutputStream:75 - [STDERR_REDIRECT] 
2026-07-03 16:42:30,701 [ERROR] LogOutputStream:75 - [STDERR_REDIRECT] Jul 03, 2026 4:42:30 PM java.util.prefs.FileSystemPreferences checkLockFile0ErrorCode
2026-07-03 16:42:30,702 [ERROR] LogOutputStream:75 - [STDERR_REDIRECT] WARNING: Could not lock System prefs. Unix error code 0.
2026-07-03 16:42:30,702 [ERROR] LogOutputStream:75 - [STDERR_REDIRECT] 
2026-07-03 16:42:30,705 [ERROR] LogOutputStream:75 - [STDERR_REDIRECT] Jul 03, 2026 4:42:30 PM java.util.prefs.FileSystemPreferences syncWorld
2026-07-03 16:42:30,705 [ERROR] LogOutputStream:75 - [STDERR_REDIRECT] WARNING: Couldn't flush system prefs: java.util.prefs.BackingStoreException: Couldn't get file lock.
2026-07-03 16:42:30,705 [ERROR] LogOutputStream:75 - [STDERR_REDIRECT] 
2026-07-03 16:43:00,724 [ERROR] LogOutputStream:75 - [STDERR_REDIRECT] Jul 03, 2026 4:43:00 PM java.util.prefs.FileSystemPreferences checkLockFile0ErrorCode
2026-07-03 16:43:00,724 [ERROR] LogOutputStream:75 - [STDERR_REDIRECT] WARNING: Could not lock System prefs. Unix error code 0.
2026-07-03 16:43:00,725 [ERROR] LogOutputStream:75 - [STDERR_REDIRECT] 
2026-07-03 16:43:00,733 [ERROR] LogOutputStream:75 - [STDERR_REDIRECT] Jul 03, 2026 4:43:00 PM java.util.prefs.FileSystemPreferences syncWorld
2026-07-03 16:43:00,734 [ERROR] LogOutputStream:75 - [STDERR_REDIRECT] WARNING: Couldn't flush system prefs: java.util.prefs.BackingStoreException: Couldn't get file lock.
2026-07-03 16:43:00,734 [ERROR] LogOutputStream:75 - [STDERR_REDIRECT] 
2026-07-03 16:43:30,707 [ERROR] LogOutputStream:75 - [STDERR_REDIRECT] Jul 03, 2026 4:43:30 PM java.util.prefs.FileSystemPreferences checkLockFile0ErrorCode
2026-07-03 16:43:30,707 [ERROR] LogOutputStream:75 - [STDERR_REDIRECT] WARNING: Could not lock System prefs. Unix error code 0.
2026-07-03 16:43:30,707 [ERROR] LogOutputStream:75 - [STDERR_REDIRECT] 
2026-07-03 16:43:30,708 [ERROR] LogOutputStream:75 - [STDERR_REDIRECT] Jul 03, 2026 4:43:30 PM java.util.prefs.FileSystemPreferences syncWorld
2026-07-03 16:43:30,708 [ERROR] LogOutputStream:75 - [STDERR_REDIRECT] WARNING: Couldn't flush system prefs: java.util.prefs.BackingStoreException: Couldn't get file lock.
2026-07-03 16:43:30,713 [ERROR] LogOutputStream:75 - [STDERR_REDIRECT] 
2026-07-03 16:44:00,775 [ERROR] LogOutputStream:75 - [STDERR_REDIRECT] Jul 03, 2026 4:44:00 PM java.util.prefs.FileSystemPreferences checkLockFile0ErrorCode
2026-07-03 16:44:00,776 [ERROR] LogOutputStream:75 - [STDERR_REDIRECT] WARNING: Could not lock System prefs. Unix error code 0.
2026-07-03 16:44:00,779 [ERROR] LogOutputStream:75 - [STDERR_REDIRECT] 
2026-07-03 16:44:00,780 [ERROR] LogOutputStream:75 - [STDERR_REDIRECT] Jul 03, 2026 4:44:00 PM java.util.prefs.FileSystemPreferences syncWorld
2026-07-03 16:44:00,781 [ERROR] LogOutputStream:75 - [STDERR_REDIRECT] WARNING: Couldn't flush system prefs: java.util.prefs.BackingStoreException: Couldn't get file lock.
2026-07-03 16:44:00,781 [ERROR] LogOutputStream:75 - [STDERR_REDIRECT] 
2026-07-03 16:44:30,710 [ERROR] LogOutputStream:75 - [STDERR_REDIRECT] Jul 03, 2026 4:44:30 PM java.util.prefs.FileSystemPreferences checkLockFile0ErrorCode
2026-07-03 16:44:30,711 [ERROR] LogOutputStream:75 - [STDERR_REDIRECT] WARNING: Could not lock System prefs. Unix error code 0.
2026-07-03 16:44:30,712 [ERROR] LogOutputStream:75 - [STDERR_REDIRECT] 
2026-07-03 16:44:30,715 [ERROR] LogOutputStream:75 - [STDERR_REDIRECT] Jul 03, 2026 4:44:30 PM java.util.prefs.FileSystemPreferences syncWorld
2026-07-03 16:44:30,717 [ERROR] LogOutputStream:75 - [STDERR_REDIRECT] WARNING: Couldn't flush system prefs: java.util.prefs.BackingStoreException: Couldn't get file lock.
2026-07-03 16:44:30,719 [ERROR] LogOutputStream:75 - [STDERR_REDIRECT] 
2026-07-03 16:45:00,714 [ERROR] LogOutputStream:75 - [STDERR_REDIRECT] Jul 03, 2026 4:45:00 PM java.util.prefs.FileSystemPreferences checkLockFile0ErrorCode
2026-07-03 16:45:00,715 [ERROR] LogOutputStream:75 - [STDERR_REDIRECT] WARNING: Could not lock System prefs. Unix error code 0.
2026-07-03 16:45:00,716 [ERROR] LogOutputStream:75 - [STDERR_REDIRECT] 
2026-07-03 16:45:00,716 [ERROR] LogOutputStream:75 - [STDERR_REDIRECT] Jul 03, 2026 4:45:00 PM java.util.prefs.FileSystemPreferences syncWorld
2026-07-03 16:45:00,716 [ERROR] LogOutputStream:75 - [STDERR_REDIRECT] WARNING: Couldn't flush system prefs: java.util.prefs.BackingStoreException: Couldn't get file lock.
2026-07-03 16:45:00,717 [ERROR] LogOutputStream:75 - [STDERR_REDIRECT] 
2026-07-03 16:45:30,788 [ERROR] LogOutputStream:75 - [STDERR_REDIRECT] Jul 03, 2026 4:45:30 PM java.util.prefs.FileSystemPreferences checkLockFile0ErrorCode
2026-07-03 16:45:30,790 [ERROR] LogOutputStream:75 - [STDERR_REDIRECT] WARNING: Could not lock System prefs. Unix error code 0.
2026-07-03 16:45:30,790 [ERROR] LogOutputStream:75 - [STDERR_REDIRECT] 
2026-07-03 16:45:30,791 [ERROR] LogOutputStream:75 - [STDERR_REDIRECT] Jul 03, 2026 4:45:30 PM java.util.prefs.FileSystemPreferences syncWorld
2026-07-03 16:45:30,791 [ERROR] LogOutputStream:75 - [STDERR_REDIRECT] WARNING: Couldn't flush system prefs: java.util.prefs.BackingStoreException: Couldn't get file lock.
2026-07-03 16:45:30,791 [ERROR] LogOutputStream:75 - [STDERR_REDIRECT] 
2026-07-03 16:46:00,714 [ERROR] LogOutputStream:75 - [STDERR_REDIRECT] Jul 03, 2026 4:46:00 PM java.util.prefs.FileSystemPreferences checkLockFile0ErrorCode
2026-07-03 16:46:00,714 [ERROR] LogOutputStream:75 - [STDERR_REDIRECT] WARNING: Could not lock System prefs. Unix error code 0.
2026-07-03 16:46:00,714 [ERROR] LogOutputStream:75 - [STDERR_REDIRECT] 
2026-07-03 16:46:00,715 [ERROR] LogOutputStream:75 - [STDERR_REDIRECT] Jul 03, 2026 4:46:00 PM java.util.prefs.FileSystemPreferences syncWorld
2026-07-03 16:46:00,719 [ERROR] LogOutputStream:75 - [STDERR_REDIRECT] WARNING: Couldn't flush system prefs: java.util.prefs.BackingStoreException: Couldn't get file lock.
2026-07-03 16:46:00,719 [ERROR] LogOutputStream:75 - [STDERR_REDIRECT] 
2026-07-03 16:46:30,717 [ERROR] LogOutputStream:75 - [STDERR_REDIRECT] Jul 03, 2026 4:46:30 PM java.util.prefs.FileSystemPreferences checkLockFile0ErrorCode
2026-07-03 16:46:30,718 [ERROR] LogOutputStream:75 - [STDERR_REDIRECT] WARNING: Could not lock System prefs. Unix error code 0.
2026-07-03 16:46:30,718 [ERROR] LogOutputStream:75 - [STDERR_REDIRECT] 
2026-07-03 16:46:30,725 [ERROR] LogOutputStream:75 - [STDERR_REDIRECT] Jul 03, 2026 4:46:30 PM java.util.prefs.FileSystemPreferences syncWorld
2026-07-03 16:46:30,725 [ERROR] LogOutputStream:75 - [STDERR_REDIRECT] WARNING: Couldn't flush system prefs: java.util.prefs.BackingStoreException: Couldn't get file lock.
2026-07-03 16:46:30,725 [ERROR] LogOutputStream:75 - [STDERR_REDIRECT] 
2026-07-03 16:47:00,716 [ERROR] LogOutputStream:75 - [STDERR_REDIRECT] Jul 03, 2026 4:47:00 PM java.util.prefs.FileSystemPreferences checkLockFile0ErrorCode
2026-07-03 16:47:00,718 [ERROR] LogOutputStream:75 - [STDERR_REDIRECT] WARNING: Could not lock System prefs. Unix error code 0.
2026-07-03 16:47:00,719 [ERROR] LogOutputStream:75 - [STDERR_REDIRECT] 
2026-07-03 16:47:00,719 [ERROR] LogOutputStream:75 - [STDERR_REDIRECT] Jul 03, 2026 4:47:00 PM java.util.prefs.FileSystemPreferences syncWorld
2026-07-03 16:47:00,722 [ERROR] LogOutputStream:75 - [STDERR_REDIRECT] WARNING: Couldn't flush system prefs: java.util.prefs.BackingStoreException: Couldn't get file lock.
2026-07-03 16:47:00,722 [ERROR] LogOutputStream:75 - [STDERR_REDIRECT] 
2026-07-03 16:47:30,720 [ERROR] LogOutputStream:75 - [STDERR_REDIRECT] Jul 03, 2026 4:47:30 PM java.util.prefs.FileSystemPreferences checkLockFile0ErrorCode
2026-07-03 16:47:30,720 [ERROR] LogOutputStream:75 - [STDERR_REDIRECT] WARNING: Could not lock System prefs. Unix error code 0.
2026-07-03 16:47:30,720 [ERROR] LogOutputStream:75 - [STDERR_REDIRECT] 
2026-07-03 16:47:30,720 [ERROR] LogOutputStream:75 - [STDERR_REDIRECT] Jul 03, 2026 4:47:30 PM java.util.prefs.FileSystemPreferences syncWorld
2026-07-03 16:47:30,721 [ERROR] LogOutputStream:75 - [STDERR_REDIRECT] WARNING: Couldn't flush system prefs: java.util.prefs.BackingStoreException: Couldn't get file lock.
2026-07-03 16:47:30,721 [ERROR] LogOutputStream:75 - [STDERR_REDIRECT] 
2026-07-03 16:48:00,722 [ERROR] LogOutputStream:75 - [STDERR_REDIRECT] Jul 03, 2026 4:48:00 PM java.util.prefs.FileSystemPreferences checkLockFile0ErrorCode
2026-07-03 16:48:00,722 [ERROR] LogOutputStream:75 - [STDERR_REDIRECT] WARNING: Could not lock System prefs. Unix error code 0.
2026-07-03 16:48:00,722 [ERROR] LogOutputStream:75 - [STDERR_REDIRECT] 
2026-07-03 16:48:00,723 [ERROR] LogOutputStream:75 - [STDERR_REDIRECT] Jul 03, 2026 4:48:00 PM java.util.prefs.FileSystemPreferences syncWorld
2026-07-03 16:48:00,727 [ERROR] LogOutputStream:75 - [STDERR_REDIRECT] WARNING: Couldn't flush system prefs: java.util.prefs.BackingStoreException: Couldn't get file lock.
2026-07-03 16:48:00,727 [ERROR] LogOutputStream:75 - [STDERR_REDIRECT] 
2026-07-03 16:48:30,726 [ERROR] LogOutputStream:75 - [STDERR_REDIRECT] Jul 03, 2026 4:48:30 PM java.util.prefs.FileSystemPreferences checkLockFile0ErrorCode
2026-07-03 16:48:30,726 [ERROR] LogOutputStream:75 - [STDERR_REDIRECT] WARNING: Could not lock System prefs. Unix error code 0.
2026-07-03 16:48:30,726 [ERROR] LogOutputStream:75 - [STDERR_REDIRECT] 
2026-07-03 16:48:30,726 [ERROR] LogOutputStream:75 - [STDERR_REDIRECT] Jul 03, 2026 4:48:30 PM java.util.prefs.FileSystemPreferences syncWorld
2026-07-03 16:48:30,727 [ERROR] LogOutputStream:75 - [STDERR_REDIRECT] WARNING: Couldn't flush system prefs: java.util.prefs.BackingStoreException: Couldn't get file lock.
2026-07-03 16:48:30,727 [ERROR] LogOutputStream:75 - [STDERR_REDIRECT] 
2026-07-03 16:49:00,755 [ERROR] LogOutputStream:75 - [STDERR_REDIRECT] Jul 03, 2026 4:49:00 PM java.util.prefs.FileSystemPreferences checkLockFile0ErrorCode
2026-07-03 16:49:00,755 [ERROR] LogOutputStream:75 - [STDERR_REDIRECT] WARNING: Could not lock System prefs. Unix error code 0.
2026-07-03 16:49:00,755 [ERROR] LogOutputStream:75 - [STDERR_REDIRECT] 
2026-07-03 16:49:00,758 [ERROR] LogOutputStream:75 - [STDERR_REDIRECT] Jul 03, 2026 4:49:00 PM java.util.prefs.FileSystemPreferences syncWorld
2026-07-03 16:49:00,758 [ERROR] LogOutputStream:75 - [STDERR_REDIRECT] WARNING: Couldn't flush system prefs: java.util.prefs.BackingStoreException: Couldn't get file lock.
2026-07-03 16:49:00,758 [ERROR] LogOutputStream:75 - [STDERR_REDIRECT] 
2026-07-03 16:49:30,753 [ERROR] LogOutputStream:75 - [STDERR_REDIRECT] Jul 03, 2026 4:49:30 PM java.util.prefs.FileSystemPreferences checkLockFile0ErrorCode
2026-07-03 16:49:30,753 [ERROR] LogOutputStream:75 - [STDERR_REDIRECT] WARNING: Could not lock System prefs. Unix error code 0.
2026-07-03 16:49:30,753 [ERROR] LogOutputStream:75 - [STDERR_REDIRECT] 
2026-07-03 16:49:30,758 [ERROR] LogOutputStream:75 - [STDERR_REDIRECT] Jul 03, 2026 4:49:30 PM java.util.prefs.FileSystemPreferences syncWorld
2026-07-03 16:49:30,760 [ERROR] LogOutputStream:75 - [STDERR_REDIRECT] WARNING: Couldn't flush system prefs: java.util.prefs.BackingStoreException: Couldn't get file lock.
2026-07-03 16:49:30,760 [ERROR] LogOutputStream:75 - [STDERR_REDIRECT] 
2026-07-03 16:50:00,791 [ERROR] LogOutputStream:75 - [STDERR_REDIRECT] Jul 03, 2026 4:50:00 PM java.util.prefs.FileSystemPreferences checkLockFile0ErrorCode
2026-07-03 16:50:00,794 [ERROR] LogOutputStream:75 - [STDERR_REDIRECT] WARNING: Could not lock System prefs. Unix error code 0.
2026-07-03 16:50:00,794 [ERROR] LogOutputStream:75 - [STDERR_REDIRECT] 
2026-07-03 16:50:00,794 [ERROR] LogOutputStream:75 - [STDERR_REDIRECT] Jul 03, 2026 4:50:00 PM java.util.prefs.FileSystemPreferences syncWorld
2026-07-03 16:50:00,794 [ERROR] LogOutputStream:75 - [STDERR_REDIRECT] WARNING: Couldn't flush system prefs: java.util.prefs.BackingStoreException: Couldn't get file lock.
2026-07-03 16:50:00,795 [ERROR] LogOutputStream:75 - [STDERR_REDIRECT] 
2026-07-03 16:50:30,756 [ERROR] LogOutputStream:75 - [STDERR_REDIRECT] Jul 03, 2026 4:50:30 PM java.util.prefs.FileSystemPreferences checkLockFile0ErrorCode
2026-07-03 16:50:30,756 [ERROR] LogOutputStream:75 - [STDERR_REDIRECT] WARNING: Could not lock System prefs. Unix error code 0.
2026-07-03 16:50:30,756 [ERROR] LogOutputStream:75 - [STDERR_REDIRECT] 
2026-07-03 16:50:30,757 [ERROR] LogOutputStream:75 - [STDERR_REDIRECT] Jul 03, 2026 4:50:30 PM java.util.prefs.FileSystemPreferences syncWorld
2026-07-03 16:50:30,757 [ERROR] LogOutputStream:75 - [STDERR_REDIRECT] WARNING: Couldn't flush system prefs: java.util.prefs.BackingStoreException: Couldn't get file lock.
2026-07-03 16:50:30,763 [ERROR] LogOutputStream:75 - [STDERR_REDIRECT] 
2026-07-03 16:51:00,757 [ERROR] LogOutputStream:75 - [STDERR_REDIRECT] Jul 03, 2026 4:51:00 PM java.util.prefs.FileSystemPreferences checkLockFile0ErrorCode
2026-07-03 16:51:00,762 [ERROR] LogOutputStream:75 - [STDERR_REDIRECT] WARNING: Could not lock System prefs. Unix error code 0.
2026-07-03 16:51:00,763 [ERROR] LogOutputStream:75 - [STDERR_REDIRECT] 
2026-07-03 16:51:00,768 [ERROR] LogOutputStream:75 - [STDERR_REDIRECT] Jul 03, 2026 4:51:00 PM java.util.prefs.FileSystemPreferences syncWorld
2026-07-03 16:51:00,768 [ERROR] LogOutputStream:75 - [STDERR_REDIRECT] WARNING: Couldn't flush system prefs: java.util.prefs.BackingStoreException: Couldn't get file lock.
2026-07-03 16:51:00,768 [ERROR] LogOutputStream:75 - [STDERR_REDIRECT] 
2026-07-03 16:51:30,825 [ERROR] LogOutputStream:75 - [STDERR_REDIRECT] Jul 03, 2026 4:51:30 PM java.util.prefs.FileSystemPreferences checkLockFile0ErrorCode
2026-07-03 16:51:30,825 [ERROR] LogOutputStream:75 - [STDERR_REDIRECT] WARNING: Could not lock System prefs. Unix error code 0.
2026-07-03 16:51:30,825 [ERROR] LogOutputStream:75 - [STDERR_REDIRECT] 
2026-07-03 16:51:30,826 [ERROR] LogOutputStream:75 - [STDERR_REDIRECT] Jul 03, 2026 4:51:30 PM java.util.prefs.FileSystemPreferences syncWorld
2026-07-03 16:51:30,827 [ERROR] LogOutputStream:75 - [STDERR_REDIRECT] WARNING: Couldn't flush system prefs: java.util.prefs.BackingStoreException: Couldn't get file lock.
2026-07-03 16:51:30,828 [ERROR] LogOutputStream:75 - [STDERR_REDIRECT] 
2026-07-03 16:52:00,768 [ERROR] LogOutputStream:75 - [STDERR_REDIRECT] Jul 03, 2026 4:52:00 PM java.util.prefs.FileSystemPreferences checkLockFile0ErrorCode
2026-07-03 16:52:00,768 [ERROR] LogOutputStream:75 - [STDERR_REDIRECT] WARNING: Could not lock System prefs. Unix error code 0.
2026-07-03 16:52:00,768 [ERROR] LogOutputStream:75 - [STDERR_REDIRECT] 
2026-07-03 16:52:00,769 [ERROR] LogOutputStream:75 - [STDERR_REDIRECT] Jul 03, 2026 4:52:00 PM java.util.prefs.FileSystemPreferences syncWorld
2026-07-03 16:52:00,769 [ERROR] LogOutputStream:75 - [STDERR_REDIRECT] WARNING: Couldn't flush system prefs: java.util.prefs.BackingStoreException: Couldn't get file lock.
2026-07-03 16:52:00,772 [ERROR] LogOutputStream:75 - [STDERR_REDIRECT] 
2026-07-03 16:52:30,768 [ERROR] LogOutputStream:75 - [STDERR_REDIRECT] Jul 03, 2026 4:52:30 PM java.util.prefs.FileSystemPreferences checkLockFile0ErrorCode
2026-07-03 16:52:30,768 [ERROR] LogOutputStream:75 - [STDERR_REDIRECT] WARNING: Could not lock System prefs. Unix error code 0.
2026-07-03 16:52:30,768 [ERROR] LogOutputStream:75 - [STDERR_REDIRECT] 
2026-07-03 16:52:30,769 [ERROR] LogOutputStream:75 - [STDERR_REDIRECT] Jul 03, 2026 4:52:30 PM java.util.prefs.FileSystemPreferences syncWorld
2026-07-03 16:52:30,769 [ERROR] LogOutputStream:75 - [STDERR_REDIRECT] WARNING: Couldn't flush system prefs: java.util.prefs.BackingStoreException: Couldn't get file lock.
2026-07-03 16:52:30,772 [ERROR] LogOutputStream:75 - [STDERR_REDIRECT] 
2026-07-03 16:53:00,769 [ERROR] LogOutputStream:75 - [STDERR_REDIRECT] Jul 03, 2026 4:53:00 PM java.util.prefs.FileSystemPreferences checkLockFile0ErrorCode
2026-07-03 16:53:00,769 [ERROR] LogOutputStream:75 - [STDERR_REDIRECT] WARNING: Could not lock System prefs. Unix error code 0.
2026-07-03 16:53:00,769 [ERROR] LogOutputStream:75 - [STDERR_REDIRECT] 
2026-07-03 16:53:00,770 [ERROR] LogOutputStream:75 - [STDERR_REDIRECT] Jul 03, 2026 4:53:00 PM java.util.prefs.FileSystemPreferences syncWorld
2026-07-03 16:53:00,770 [ERROR] LogOutputStream:75 - [STDERR_REDIRECT] WARNING: Couldn't flush system prefs: java.util.prefs.BackingStoreException: Couldn't get file lock.
2026-07-03 16:53:00,776 [ERROR] LogOutputStream:75 - [STDERR_REDIRECT] 
2026-07-03 16:53:30,767 [ERROR] LogOutputStream:75 - [STDERR_REDIRECT] Jul 03, 2026 4:53:30 PM java.util.prefs.FileSystemPreferences checkLockFile0ErrorCode
2026-07-03 16:53:30,768 [ERROR] LogOutputStream:75 - [STDERR_REDIRECT] WARNING: Could not lock System prefs. Unix error code 0.
2026-07-03 16:53:30,768 [ERROR] LogOutputStream:75 - [STDERR_REDIRECT] 
2026-07-03 16:53:30,768 [ERROR] LogOutputStream:75 - [STDERR_REDIRECT] Jul 03, 2026 4:53:30 PM java.util.prefs.FileSystemPreferences syncWorld
2026-07-03 16:53:30,768 [ERROR] LogOutputStream:75 - [STDERR_REDIRECT] WARNING: Couldn't flush system prefs: java.util.prefs.BackingStoreException: Couldn't get file lock.
2026-07-03 16:53:30,769 [ERROR] LogOutputStream:75 - [STDERR_REDIRECT] 
2026-07-03 16:54:00,842 [ERROR] LogOutputStream:75 - [STDERR_REDIRECT] Jul 03, 2026 4:54:00 PM java.util.prefs.FileSystemPreferences checkLockFile0ErrorCode
2026-07-03 16:54:00,843 [ERROR] LogOutputStream:75 - [STDERR_REDIRECT] WARNING: Could not lock System prefs. Unix error code 0.
2026-07-03 16:54:00,843 [ERROR] LogOutputStream:75 - [STDERR_REDIRECT] 
2026-07-03 16:54:00,846 [ERROR] LogOutputStream:75 - [STDERR_REDIRECT] Jul 03, 2026 4:54:00 PM java.util.prefs.FileSystemPreferences syncWorld
2026-07-03 16:54:00,846 [ERROR] LogOutputStream:75 - [STDERR_REDIRECT] WARNING: Couldn't flush system prefs: java.util.prefs.BackingStoreException: Couldn't get file lock.
2026-07-03 16:54:00,846 [ERROR] LogOutputStream:75 - [STDERR_REDIRECT] 
2026-07-03 16:54:30,869 [ERROR] LogOutputStream:75 - [STDERR_REDIRECT] Jul 03, 2026 4:54:30 PM java.util.prefs.FileSystemPreferences checkLockFile0ErrorCode
2026-07-03 16:54:30,869 [ERROR] LogOutputStream:75 - [STDERR_REDIRECT] WARNING: Could not lock System prefs. Unix error code 0.
2026-07-03 16:54:30,871 [ERROR] LogOutputStream:75 - [STDERR_REDIRECT] 
2026-07-03 16:54:30,871 [ERROR] LogOutputStream:75 - [STDERR_REDIRECT] Jul 03, 2026 4:54:30 PM java.util.prefs.FileSystemPreferences syncWorld
2026-07-03 16:54:30,871 [ERROR] LogOutputStream:75 - [STDERR_REDIRECT] WARNING: Couldn't flush system prefs: java.util.prefs.BackingStoreException: Couldn't get file lock.
2026-07-03 16:54:30,871 [ERROR] LogOutputStream:75 - [STDERR_REDIRECT] 
2026-07-03 16:55:00,846 [ERROR] LogOutputStream:75 - [STDERR_REDIRECT] Jul 03, 2026 4:55:00 PM java.util.prefs.FileSystemPreferences checkLockFile0ErrorCode
2026-07-03 16:55:00,849 [ERROR] LogOutputStream:75 - [STDERR_REDIRECT] WARNING: Could not lock System prefs. Unix error code 0.
2026-07-03 16:55:00,849 [ERROR] LogOutputStream:75 - [STDERR_REDIRECT] 
2026-07-03 16:55:00,854 [ERROR] LogOutputStream:75 - [STDERR_REDIRECT] Jul 03, 2026 4:55:00 PM java.util.prefs.FileSystemPreferences syncWorld
2026-07-03 16:55:00,854 [ERROR] LogOutputStream:75 - [STDERR_REDIRECT] WARNING: Couldn't flush system prefs: java.util.prefs.BackingStoreException: Couldn't get file lock.
2026-07-03 16:55:00,854 [ERROR] LogOutputStream:75 - [STDERR_REDIRECT] 
2026-07-03 16:55:30,849 [ERROR] LogOutputStream:75 - [STDERR_REDIRECT] Jul 03, 2026 4:55:30 PM java.util.prefs.FileSystemPreferences checkLockFile0ErrorCode
2026-07-03 16:55:30,850 [ERROR] LogOutputStream:75 - [STDERR_REDIRECT] WARNING: Could not lock System prefs. Unix error code 0.
2026-07-03 16:55:30,850 [ERROR] LogOutputStream:75 - [STDERR_REDIRECT] 
2026-07-03 16:55:30,850 [ERROR] LogOutputStream:75 - [STDERR_REDIRECT] Jul 03, 2026 4:55:30 PM java.util.prefs.FileSystemPreferences syncWorld
2026-07-03 16:55:30,850 [ERROR] LogOutputStream:75 - [STDERR_REDIRECT] WARNING: Couldn't flush system prefs: java.util.prefs.BackingStoreException: Couldn't get file lock.
2026-07-03 16:55:30,851 [ERROR] LogOutputStream:75 - [STDERR_REDIRECT] 
2026-07-03 16:56:00,855 [ERROR] LogOutputStream:75 - [STDERR_REDIRECT] Jul 03, 2026 4:56:00 PM java.util.prefs.FileSystemPreferences checkLockFile0ErrorCode
2026-07-03 16:56:00,855 [ERROR] LogOutputStream:75 - [STDERR_REDIRECT] WARNING: Could not lock System prefs. Unix error code 0.
2026-07-03 16:56:00,855 [ERROR] LogOutputStream:75 - [STDERR_REDIRECT] 
2026-07-03 16:56:00,855 [ERROR] LogOutputStream:75 - [STDERR_REDIRECT] Jul 03, 2026 4:56:00 PM java.util.prefs.FileSystemPreferences syncWorld
2026-07-03 16:56:00,855 [ERROR] LogOutputStream:75 - [STDERR_REDIRECT] WARNING: Couldn't flush system prefs: java.util.prefs.BackingStoreException: Couldn't get file lock.
2026-07-03 16:56:00,855 [ERROR] LogOutputStream:75 - [STDERR_REDIRECT] 
2026-07-03 16:56:30,861 [ERROR] LogOutputStream:75 - [STDERR_REDIRECT] Jul 03, 2026 4:56:30 PM java.util.prefs.FileSystemPreferences checkLockFile0ErrorCode
2026-07-03 16:56:30,861 [ERROR] LogOutputStream:75 - [STDERR_REDIRECT] WARNING: Could not lock System prefs. Unix error code 0.
2026-07-03 16:56:30,861 [ERROR] LogOutputStream:75 - [STDERR_REDIRECT] 
2026-07-03 16:56:30,862 [ERROR] LogOutputStream:75 - [STDERR_REDIRECT] Jul 03, 2026 4:56:30 PM java.util.prefs.FileSystemPreferences syncWorld
2026-07-03 16:56:30,863 [ERROR] LogOutputStream:75 - [STDERR_REDIRECT] WARNING: Couldn't flush system prefs: java.util.prefs.BackingStoreException: Couldn't get file lock.
2026-07-03 16:56:30,863 [ERROR] LogOutputStream:75 - [STDERR_REDIRECT] 
2026-07-03 16:57:00,866 [ERROR] LogOutputStream:75 - [STDERR_REDIRECT] Jul 03, 2026 4:57:00 PM java.util.prefs.FileSystemPreferences checkLockFile0ErrorCode
2026-07-03 16:57:00,867 [ERROR] LogOutputStream:75 - [STDERR_REDIRECT] WARNING: Could not lock System prefs. Unix error code 0.
2026-07-03 16:57:00,867 [ERROR] LogOutputStream:75 - [STDERR_REDIRECT] 
2026-07-03 16:57:00,867 [ERROR] LogOutputStream:75 - [STDERR_REDIRECT] Jul 03, 2026 4:57:00 PM java.util.prefs.FileSystemPreferences syncWorld
2026-07-03 16:57:00,867 [ERROR] LogOutputStream:75 - [STDERR_REDIRECT] WARNING: Couldn't flush system prefs: java.util.prefs.BackingStoreException: Couldn't get file lock.
2026-07-03 16:57:00,867 [ERROR] LogOutputStream:75 - [STDERR_REDIRECT] 
2026-07-03 16:57:30,861 [ERROR] LogOutputStream:75 - [STDERR_REDIRECT] Jul 03, 2026 4:57:30 PM java.util.prefs.FileSystemPreferences checkLockFile0ErrorCode
2026-07-03 16:57:30,861 [ERROR] LogOutputStream:75 - [STDERR_REDIRECT] WARNING: Could not lock System prefs. Unix error code 0.
2026-07-03 16:57:30,861 [ERROR] LogOutputStream:75 - [STDERR_REDIRECT] 
2026-07-03 16:57:30,862 [ERROR] LogOutputStream:75 - [STDERR_REDIRECT] Jul 03, 2026 4:57:30 PM java.util.prefs.FileSystemPreferences syncWorld
2026-07-03 16:57:30,862 [ERROR] LogOutputStream:75 - [STDERR_REDIRECT] WARNING: Couldn't flush system prefs: java.util.prefs.BackingStoreException: Couldn't get file lock.
2026-07-03 16:57:30,862 [ERROR] LogOutputStream:75 - [STDERR_REDIRECT] 
2026-07-03 16:58:00,885 [ERROR] LogOutputStream:75 - [STDERR_REDIRECT] Jul 03, 2026 4:58:00 PM java.util.prefs.FileSystemPreferences checkLockFile0ErrorCode
2026-07-03 16:58:00,893 [ERROR] LogOutputStream:75 - [STDERR_REDIRECT] WARNING: Could not lock System prefs. Unix error code 0.
2026-07-03 16:58:00,894 [ERROR] LogOutputStream:75 - [STDERR_REDIRECT] 
2026-07-03 16:58:00,894 [ERROR] LogOutputStream:75 - [STDERR_REDIRECT] Jul 03, 2026 4:58:00 PM java.util.prefs.FileSystemPreferences syncWorld
2026-07-03 16:58:00,894 [ERROR] LogOutputStream:75 - [STDERR_REDIRECT] WARNING: Couldn't flush system prefs: java.util.prefs.BackingStoreException: Couldn't get file lock.
2026-07-03 16:58:00,895 [ERROR] LogOutputStream:75 - [STDERR_REDIRECT] 
2026-07-03 16:58:30,868 [ERROR] LogOutputStream:75 - [STDERR_REDIRECT] Jul 03, 2026 4:58:30 PM java.util.prefs.FileSystemPreferences checkLockFile0ErrorCode
2026-07-03 16:58:30,868 [ERROR] LogOutputStream:75 - [STDERR_REDIRECT] WARNING: Could not lock System prefs. Unix error code 0.
2026-07-03 16:58:30,869 [ERROR] LogOutputStream:75 - [STDERR_REDIRECT] 
2026-07-03 16:58:30,869 [ERROR] LogOutputStream:75 - [STDERR_REDIRECT] Jul 03, 2026 4:58:30 PM java.util.prefs.FileSystemPreferences syncWorld
2026-07-03 16:58:30,869 [ERROR] LogOutputStream:75 - [STDERR_REDIRECT] WARNING: Couldn't flush system prefs: java.util.prefs.BackingStoreException: Couldn't get file lock.
2026-07-03 16:58:30,869 [ERROR] LogOutputStream:75 - [STDERR_REDIRECT] 
2026-07-03 16:59:00,868 [ERROR] LogOutputStream:75 - [STDERR_REDIRECT] Jul 03, 2026 4:59:00 PM java.util.prefs.FileSystemPreferences checkLockFile0ErrorCode
2026-07-03 16:59:00,868 [ERROR] LogOutputStream:75 - [STDERR_REDIRECT] WARNING: Could not lock System prefs. Unix error code 0.
2026-07-03 16:59:00,868 [ERROR] LogOutputStream:75 - [STDERR_REDIRECT] 
2026-07-03 16:59:00,868 [ERROR] LogOutputStream:75 - [STDERR_REDIRECT] Jul 03, 2026 4:59:00 PM java.util.prefs.FileSystemPreferences syncWorld
2026-07-03 16:59:00,869 [ERROR] LogOutputStream:75 - [STDERR_REDIRECT] WARNING: Couldn't flush system prefs: java.util.prefs.BackingStoreException: Couldn't get file lock.
2026-07-03 16:59:00,869 [ERROR] LogOutputStream:75 - [STDERR_REDIRECT] 
2026-07-03 16:59:30,874 [ERROR] LogOutputStream:75 - [STDERR_REDIRECT] Jul 03, 2026 4:59:30 PM java.util.prefs.FileSystemPreferences checkLockFile0ErrorCode
2026-07-03 16:59:30,879 [ERROR] LogOutputStream:75 - [STDERR_REDIRECT] WARNING: Could not lock System prefs. Unix error code 0.
2026-07-03 16:59:30,883 [ERROR] LogOutputStream:75 - [STDERR_REDIRECT] 
2026-07-03 16:59:30,889 [ERROR] LogOutputStream:75 - [STDERR_REDIRECT] Jul 03, 2026 4:59:30 PM java.util.prefs.FileSystemPreferences syncWorld
2026-07-03 16:59:30,889 [ERROR] LogOutputStream:75 - [STDERR_REDIRECT] WARNING: Couldn't flush system prefs: java.util.prefs.BackingStoreException: Couldn't get file lock.
2026-07-03 16:59:30,889 [ERROR] LogOutputStream:75 - [STDERR_REDIRECT] 
2026-07-03 17:00:00,874 [ERROR] LogOutputStream:75 - [STDERR_REDIRECT] Jul 03, 2026 5:00:00 PM java.util.prefs.FileSystemPreferences checkLockFile0ErrorCode
2026-07-03 17:00:00,874 [ERROR] LogOutputStream:75 - [STDERR_REDIRECT] WARNING: Could not lock System prefs. Unix error code 0.
2026-07-03 17:00:00,874 [ERROR] LogOutputStream:75 - [STDERR_REDIRECT] 
2026-07-03 17:00:00,875 [ERROR] LogOutputStream:75 - [STDERR_REDIRECT] Jul 03, 2026 5:00:00 PM java.util.prefs.FileSystemPreferences syncWorld
2026-07-03 17:00:00,875 [ERROR] LogOutputStream:75 - [STDERR_REDIRECT] WARNING: Couldn't flush system prefs: java.util.prefs.BackingStoreException: Couldn't get file lock.
2026-07-03 17:00:00,875 [ERROR] LogOutputStream:75 - [STDERR_REDIRECT] 
2026-07-03 17:00:30,913 [ERROR] LogOutputStream:75 - [STDERR_REDIRECT] Jul 03, 2026 5:00:30 PM java.util.prefs.FileSystemPreferences checkLockFile0ErrorCode
2026-07-03 17:00:30,914 [ERROR] LogOutputStream:75 - [STDERR_REDIRECT] WARNING: Could not lock System prefs. Unix error code 0.
2026-07-03 17:00:30,914 [ERROR] LogOutputStream:75 - [STDERR_REDIRECT] 
2026-07-03 17:00:30,921 [ERROR] LogOutputStream:75 - [STDERR_REDIRECT] Jul 03, 2026 5:00:30 PM java.util.prefs.FileSystemPreferences syncWorld
2026-07-03 17:00:30,922 [ERROR] LogOutputStream:75 - [STDERR_REDIRECT] WARNING: Couldn't flush system prefs: java.util.prefs.BackingStoreException: Couldn't get file lock.
2026-07-03 17:00:30,922 [ERROR] LogOutputStream:75 - [STDERR_REDIRECT] 
2026-07-03 17:01:00,937 [ERROR] LogOutputStream:75 - [STDERR_REDIRECT] Jul 03, 2026 5:01:00 PM java.util.prefs.FileSystemPreferences checkLockFile0ErrorCode
2026-07-03 17:01:00,938 [ERROR] LogOutputStream:75 - [STDERR_REDIRECT] WARNING: Could not lock System prefs. Unix error code 0.
2026-07-03 17:01:00,938 [ERROR] LogOutputStream:75 - [STDERR_REDIRECT] 
2026-07-03 17:01:00,938 [ERROR] LogOutputStream:75 - [STDERR_REDIRECT] Jul 03, 2026 5:01:00 PM java.util.prefs.FileSystemPreferences syncWorld
2026-07-03 17:01:00,938 [ERROR] LogOutputStream:75 - [STDERR_REDIRECT] WARNING: Couldn't flush system prefs: java.util.prefs.BackingStoreException: Couldn't get file lock.
2026-07-03 17:01:00,938 [ERROR] LogOutputStream:75 - [STDERR_REDIRECT] 
2026-07-03 17:01:30,882 [ERROR] LogOutputStream:75 - [STDERR_REDIRECT] Jul 03, 2026 5:01:30 PM java.util.prefs.FileSystemPreferences checkLockFile0ErrorCode
2026-07-03 17:01:30,882 [ERROR] LogOutputStream:75 - [STDERR_REDIRECT] WARNING: Could not lock System prefs. Unix error code 0.
2026-07-03 17:01:30,882 [ERROR] LogOutputStream:75 - [STDERR_REDIRECT] 
2026-07-03 17:01:30,883 [ERROR] LogOutputStream:75 - [STDERR_REDIRECT] Jul 03, 2026 5:01:30 PM java.util.prefs.FileSystemPreferences syncWorld
2026-07-03 17:01:30,885 [ERROR] LogOutputStream:75 - [STDERR_REDIRECT] WARNING: Couldn't flush system prefs: java.util.prefs.BackingStoreException: Couldn't get file lock.
2026-07-03 17:01:30,885 [ERROR] LogOutputStream:75 - [STDERR_REDIRECT] 
2026-07-03 17:02:00,929 [ERROR] LogOutputStream:75 - [STDERR_REDIRECT] Jul 03, 2026 5:02:00 PM java.util.prefs.FileSystemPreferences checkLockFile0ErrorCode
2026-07-03 17:02:00,930 [ERROR] LogOutputStream:75 - [STDERR_REDIRECT] WARNING: Could not lock System prefs. Unix error code 0.
2026-07-03 17:02:00,930 [ERROR] LogOutputStream:75 - [STDERR_REDIRECT] 
2026-07-03 17:02:00,930 [ERROR] LogOutputStream:75 - [STDERR_REDIRECT] Jul 03, 2026 5:02:00 PM java.util.prefs.FileSystemPreferences syncWorld
2026-07-03 17:02:00,930 [ERROR] LogOutputStream:75 - [STDERR_REDIRECT] WARNING: Couldn't flush system prefs: java.util.prefs.BackingStoreException: Couldn't get file lock.
2026-07-03 17:02:00,930 [ERROR] LogOutputStream:75 - [STDERR_REDIRECT] 
2026-07-03 17:02:30,886 [ERROR] LogOutputStream:75 - [STDERR_REDIRECT] Jul 03, 2026 5:02:30 PM java.util.prefs.FileSystemPreferences checkLockFile0ErrorCode
2026-07-03 17:02:30,886 [ERROR] LogOutputStream:75 - [STDERR_REDIRECT] WARNING: Could not lock System prefs. Unix error code 0.
2026-07-03 17:02:30,886 [ERROR] LogOutputStream:75 - [STDERR_REDIRECT] 
2026-07-03 17:02:30,893 [ERROR] LogOutputStream:75 - [STDERR_REDIRECT] Jul 03, 2026 5:02:30 PM java.util.prefs.FileSystemPreferences syncWorld
2026-07-03 17:02:30,893 [ERROR] LogOutputStream:75 - [STDERR_REDIRECT] WARNING: Couldn't flush system prefs: java.util.prefs.BackingStoreException: Couldn't get file lock.
2026-07-03 17:02:30,893 [ERROR] LogOutputStream:75 - [STDERR_REDIRECT] 
2026-07-03 17:03:00,887 [ERROR] LogOutputStream:75 - [STDERR_REDIRECT] Jul 03, 2026 5:03:00 PM java.util.prefs.FileSystemPreferences checkLockFile0ErrorCode
2026-07-03 17:03:00,887 [ERROR] LogOutputStream:75 - [STDERR_REDIRECT] WARNING: Could not lock System prefs. Unix error code 0.
2026-07-03 17:03:00,887 [ERROR] LogOutputStream:75 - [STDERR_REDIRECT] 
2026-07-03 17:03:00,887 [ERROR] LogOutputStream:75 - [STDERR_REDIRECT] Jul 03, 2026 5:03:00 PM java.util.prefs.FileSystemPreferences syncWorld
2026-07-03 17:03:00,887 [ERROR] LogOutputStream:75 - [STDERR_REDIRECT] WARNING: Couldn't flush system prefs: java.util.prefs.BackingStoreException: Couldn't get file lock.
2026-07-03 17:03:00,888 [ERROR] LogOutputStream:75 - [STDERR_REDIRECT] 
2026-07-03 17:03:30,891 [ERROR] LogOutputStream:75 - [STDERR_REDIRECT] Jul 03, 2026 5:03:30 PM java.util.prefs.FileSystemPreferences checkLockFile0ErrorCode
2026-07-03 17:03:30,891 [ERROR] LogOutputStream:75 - [STDERR_REDIRECT] WARNING: Could not lock System prefs. Unix error code 0.
2026-07-03 17:03:30,891 [ERROR] LogOutputStream:75 - [STDERR_REDIRECT] 
2026-07-03 17:03:30,892 [ERROR] LogOutputStream:75 - [STDERR_REDIRECT] Jul 03, 2026 5:03:30 PM java.util.prefs.FileSystemPreferences syncWorld
2026-07-03 17:03:30,892 [ERROR] LogOutputStream:75 - [STDERR_REDIRECT] WARNING: Couldn't flush system prefs: java.util.prefs.BackingStoreException: Couldn't get file lock.
2026-07-03 17:03:30,892 [ERROR] LogOutputStream:75 - [STDERR_REDIRECT] 
2026-07-03 17:04:00,886 [ERROR] LogOutputStream:75 - [STDERR_REDIRECT] Jul 03, 2026 5:04:00 PM java.util.prefs.FileSystemPreferences checkLockFile0ErrorCode
2026-07-03 17:04:00,886 [ERROR] LogOutputStream:75 - [STDERR_REDIRECT] WARNING: Could not lock System prefs. Unix error code 0.
2026-07-03 17:04:00,886 [ERROR] LogOutputStream:75 - [STDERR_REDIRECT] 
2026-07-03 17:04:00,887 [ERROR] LogOutputStream:75 - [STDERR_REDIRECT] Jul 03, 2026 5:04:00 PM java.util.prefs.FileSystemPreferences syncWorld
2026-07-03 17:04:00,887 [ERROR] LogOutputStream:75 - [STDERR_REDIRECT] WARNING: Couldn't flush system prefs: java.util.prefs.BackingStoreException: Couldn't get file lock.
2026-07-03 17:04:00,887 [ERROR] LogOutputStream:75 - [STDERR_REDIRECT] 
2026-07-03 17:04:30,891 [ERROR] LogOutputStream:75 - [STDERR_REDIRECT] Jul 03, 2026 5:04:30 PM java.util.prefs.FileSystemPreferences checkLockFile0ErrorCode
2026-07-03 17:04:30,892 [ERROR] LogOutputStream:75 - [STDERR_REDIRECT] WARNING: Could not lock System prefs. Unix error code 0.
2026-07-03 17:04:30,892 [ERROR] LogOutputStream:75 - [STDERR_REDIRECT] 
2026-07-03 17:04:30,892 [ERROR] LogOutputStream:75 - [STDERR_REDIRECT] Jul 03, 2026 5:04:30 PM java.util.prefs.FileSystemPreferences syncWorld
2026-07-03 17:04:30,893 [ERROR] LogOutputStream:75 - [STDERR_REDIRECT] WARNING: Couldn't flush system prefs: java.util.prefs.BackingStoreException: Couldn't get file lock.
2026-07-03 17:04:30,893 [ERROR] LogOutputStream:75 - [STDERR_REDIRECT] 
2026-07-03 17:05:00,897 [ERROR] LogOutputStream:75 - [STDERR_REDIRECT] Jul 03, 2026 5:05:00 PM java.util.prefs.FileSystemPreferences checkLockFile0ErrorCode
2026-07-03 17:05:00,899 [ERROR] LogOutputStream:75 - [STDERR_REDIRECT] WARNING: Could not lock System prefs. Unix error code 0.
2026-07-03 17:05:00,901 [ERROR] LogOutputStream:75 - [STDERR_REDIRECT] 
2026-07-03 17:05:00,902 [ERROR] LogOutputStream:75 - [STDERR_REDIRECT] Jul 03, 2026 5:05:00 PM java.util.prefs.FileSystemPreferences syncWorld
2026-07-03 17:05:00,902 [ERROR] LogOutputStream:75 - [STDERR_REDIRECT] WARNING: Couldn't flush system prefs: java.util.prefs.BackingStoreException: Couldn't get file lock.
2026-07-03 17:05:00,902 [ERROR] LogOutputStream:75 - [STDERR_REDIRECT] 
2026-07-03 17:05:30,896 [ERROR] LogOutputStream:75 - [STDERR_REDIRECT] Jul 03, 2026 5:05:30 PM java.util.prefs.FileSystemPreferences checkLockFile0ErrorCode
2026-07-03 17:05:30,896 [ERROR] LogOutputStream:75 - [STDERR_REDIRECT] WARNING: Could not lock System prefs. Unix error code 0.
2026-07-03 17:05:30,897 [ERROR] LogOutputStream:75 - [STDERR_REDIRECT] 
2026-07-03 17:05:30,899 [ERROR] LogOutputStream:75 - [STDERR_REDIRECT] Jul 03, 2026 5:05:30 PM java.util.prefs.FileSystemPreferences syncWorld
2026-07-03 17:05:30,902 [ERROR] LogOutputStream:75 - [STDERR_REDIRECT] WARNING: Couldn't flush system prefs: java.util.prefs.BackingStoreException: Couldn't get file lock.
2026-07-03 17:05:30,902 [ERROR] LogOutputStream:75 - [STDERR_REDIRECT] 
2026-07-03 17:06:00,918 [ERROR] LogOutputStream:75 - [STDERR_REDIRECT] Jul 03, 2026 5:06:00 PM java.util.prefs.FileSystemPreferences checkLockFile0ErrorCode
2026-07-03 17:06:00,919 [ERROR] LogOutputStream:75 - [STDERR_REDIRECT] WARNING: Could not lock System prefs. Unix error code 0.
2026-07-03 17:06:00,919 [ERROR] LogOutputStream:75 - [STDERR_REDIRECT] 
2026-07-03 17:06:00,925 [ERROR] LogOutputStream:75 - [STDERR_REDIRECT] Jul 03, 2026 5:06:00 PM java.util.prefs.FileSystemPreferences syncWorld
2026-07-03 17:06:00,925 [ERROR] LogOutputStream:75 - [STDERR_REDIRECT] WARNING: Couldn't flush system prefs: java.util.prefs.BackingStoreException: Couldn't get file lock.
2026-07-03 17:06:00,926 [ERROR] LogOutputStream:75 - [STDERR_REDIRECT] 
2026-07-03 17:06:30,899 [ERROR] LogOutputStream:75 - [STDERR_REDIRECT] Jul 03, 2026 5:06:30 PM java.util.prefs.FileSystemPreferences checkLockFile0ErrorCode
2026-07-03 17:06:30,900 [ERROR] LogOutputStream:75 - [STDERR_REDIRECT] WARNING: Could not lock System prefs. Unix error code 0.
2026-07-03 17:06:30,900 [ERROR] LogOutputStream:75 - [STDERR_REDIRECT] 
2026-07-03 17:06:30,907 [ERROR] LogOutputStream:75 - [STDERR_REDIRECT] Jul 03, 2026 5:06:30 PM java.util.prefs.FileSystemPreferences syncWorld
2026-07-03 17:06:30,908 [ERROR] LogOutputStream:75 - [STDERR_REDIRECT] WARNING: Couldn't flush system prefs: java.util.prefs.BackingStoreException: Couldn't get file lock.
2026-07-03 17:06:30,908 [ERROR] LogOutputStream:75 - [STDERR_REDIRECT] 
2026-07-03 17:07:00,904 [ERROR] LogOutputStream:75 - [STDERR_REDIRECT] Jul 03, 2026 5:07:00 PM java.util.prefs.FileSystemPreferences checkLockFile0ErrorCode
2026-07-03 17:07:00,904 [ERROR] LogOutputStream:75 - [STDERR_REDIRECT] WARNING: Could not lock System prefs. Unix error code 0.
2026-07-03 17:07:00,904 [ERROR] LogOutputStream:75 - [STDERR_REDIRECT] 
2026-07-03 17:07:00,905 [ERROR] LogOutputStream:75 - [STDERR_REDIRECT] Jul 03, 2026 5:07:00 PM java.util.prefs.FileSystemPreferences syncWorld
2026-07-03 17:07:00,905 [ERROR] LogOutputStream:75 - [STDERR_REDIRECT] WARNING: Couldn't flush system prefs: java.util.prefs.BackingStoreException: Couldn't get file lock.
2026-07-03 17:07:00,905 [ERROR] LogOutputStream:75 - [STDERR_REDIRECT] 
2026-07-03 17:07:30,907 [ERROR] LogOutputStream:75 - [STDERR_REDIRECT] Jul 03, 2026 5:07:30 PM java.util.prefs.FileSystemPreferences checkLockFile0ErrorCode
2026-07-03 17:07:30,907 [ERROR] LogOutputStream:75 - [STDERR_REDIRECT] WARNING: Could not lock System prefs. Unix error code 0.
2026-07-03 17:07:30,907 [ERROR] LogOutputStream:75 - [STDERR_REDIRECT] 
2026-07-03 17:07:30,908 [ERROR] LogOutputStream:75 - [STDERR_REDIRECT] Jul 03, 2026 5:07:30 PM java.util.prefs.FileSystemPreferences syncWorld
2026-07-03 17:07:30,908 [ERROR] LogOutputStream:75 - [STDERR_REDIRECT] WARNING: Couldn't flush system prefs: java.util.prefs.BackingStoreException: Couldn't get file lock.
2026-07-03 17:07:30,915 [ERROR] LogOutputStream:75 - [STDERR_REDIRECT] 
2026-07-03 17:08:00,910 [ERROR] LogOutputStream:75 - [STDERR_REDIRECT] Jul 03, 2026 5:08:00 PM java.util.prefs.FileSystemPreferences checkLockFile0ErrorCode
2026-07-03 17:08:00,913 [ERROR] LogOutputStream:75 - [STDERR_REDIRECT] WARNING: Could not lock System prefs. Unix error code 0.
2026-07-03 17:08:00,913 [ERROR] LogOutputStream:75 - [STDERR_REDIRECT] 
2026-07-03 17:08:00,917 [ERROR] LogOutputStream:75 - [STDERR_REDIRECT] Jul 03, 2026 5:08:00 PM java.util.prefs.FileSystemPreferences syncWorld
2026-07-03 17:08:00,917 [ERROR] LogOutputStream:75 - [STDERR_REDIRECT] WARNING: Couldn't flush system prefs: java.util.prefs.BackingStoreException: Couldn't get file lock.
2026-07-03 17:08:00,917 [ERROR] LogOutputStream:75 - [STDERR_REDIRECT] 
2026-07-03 17:08:30,912 [ERROR] LogOutputStream:75 - [STDERR_REDIRECT] Jul 03, 2026 5:08:30 PM java.util.prefs.FileSystemPreferences checkLockFile0ErrorCode
2026-07-03 17:08:30,912 [ERROR] LogOutputStream:75 - [STDERR_REDIRECT] WARNING: Could not lock System prefs. Unix error code 0.
2026-07-03 17:08:30,912 [ERROR] LogOutputStream:75 - [STDERR_REDIRECT] 
2026-07-03 17:08:30,912 [ERROR] LogOutputStream:75 - [STDERR_REDIRECT] Jul 03, 2026 5:08:30 PM java.util.prefs.FileSystemPreferences syncWorld
2026-07-03 17:08:30,912 [ERROR] LogOutputStream:75 - [STDERR_REDIRECT] WARNING: Couldn't flush system prefs: java.util.prefs.BackingStoreException: Couldn't get file lock.
2026-07-03 17:08:30,913 [ERROR] LogOutputStream:75 - [STDERR_REDIRECT] 
2026-07-03 17:09:00,921 [ERROR] LogOutputStream:75 - [STDERR_REDIRECT] Jul 03, 2026 5:09:00 PM java.util.prefs.FileSystemPreferences checkLockFile0ErrorCode
2026-07-03 17:09:00,922 [ERROR] LogOutputStream:75 - [STDERR_REDIRECT] WARNING: Could not lock System prefs. Unix error code 0.
2026-07-03 17:09:00,922 [ERROR] LogOutputStream:75 - [STDERR_REDIRECT] 
2026-07-03 17:09:00,922 [ERROR] LogOutputStream:75 - [STDERR_REDIRECT] Jul 03, 2026 5:09:00 PM java.util.prefs.FileSystemPreferences syncWorld
2026-07-03 17:09:00,922 [ERROR] LogOutputStream:75 - [STDERR_REDIRECT] WARNING: Couldn't flush system prefs: java.util.prefs.BackingStoreException: Couldn't get file lock.
2026-07-03 17:09:00,922 [ERROR] LogOutputStream:75 - [STDERR_REDIRECT] 
2026-07-03 17:09:30,917 [ERROR] LogOutputStream:75 - [STDERR_REDIRECT] Jul 03, 2026 5:09:30 PM java.util.prefs.FileSystemPreferences checkLockFile0ErrorCode
2026-07-03 17:09:30,918 [ERROR] LogOutputStream:75 - [STDERR_REDIRECT] WARNING: Could not lock System prefs. Unix error code 0.
2026-07-03 17:09:30,918 [ERROR] LogOutputStream:75 - [STDERR_REDIRECT] 
2026-07-03 17:09:30,918 [ERROR] LogOutputStream:75 - [STDERR_REDIRECT] Jul 03, 2026 5:09:30 PM java.util.prefs.FileSystemPreferences syncWorld
2026-07-03 17:09:30,918 [ERROR] LogOutputStream:75 - [STDERR_REDIRECT] WARNING: Couldn't flush system prefs: java.util.prefs.BackingStoreException: Couldn't get file lock.
2026-07-03 17:09:30,918 [ERROR] LogOutputStream:75 - [STDERR_REDIRECT] 
2026-07-03 17:10:00,940 [ERROR] LogOutputStream:75 - [STDERR_REDIRECT] Jul 03, 2026 5:10:00 PM java.util.prefs.FileSystemPreferences checkLockFile0ErrorCode
2026-07-03 17:10:00,943 [ERROR] LogOutputStream:75 - [STDERR_REDIRECT] WARNING: Could not lock System prefs. Unix error code 0.
2026-07-03 17:10:00,943 [ERROR] LogOutputStream:75 - [STDERR_REDIRECT] 
2026-07-03 17:10:00,943 [ERROR] LogOutputStream:75 - [STDERR_REDIRECT] Jul 03, 2026 5:10:00 PM java.util.prefs.FileSystemPreferences syncWorld
2026-07-03 17:10:00,944 [ERROR] LogOutputStream:75 - [STDERR_REDIRECT] WARNING: Couldn't flush system prefs: java.util.prefs.BackingStoreException: Couldn't get file lock.
2026-07-03 17:10:00,944 [ERROR] LogOutputStream:75 - [STDERR_REDIRECT] 
2026-07-03 17:10:30,916 [ERROR] LogOutputStream:75 - [STDERR_REDIRECT] Jul 03, 2026 5:10:30 PM java.util.prefs.FileSystemPreferences checkLockFile0ErrorCode
2026-07-03 17:10:30,916 [ERROR] LogOutputStream:75 - [STDERR_REDIRECT] WARNING: Could not lock System prefs. Unix error code 0.
2026-07-03 17:10:30,916 [ERROR] LogOutputStream:75 - [STDERR_REDIRECT] 
2026-07-03 17:10:30,917 [ERROR] LogOutputStream:75 - [STDERR_REDIRECT] Jul 03, 2026 5:10:30 PM java.util.prefs.FileSystemPreferences syncWorld
2026-07-03 17:10:30,917 [ERROR] LogOutputStream:75 - [STDERR_REDIRECT] WARNING: Couldn't flush system prefs: java.util.prefs.BackingStoreException: Couldn't get file lock.
2026-07-03 17:10:30,917 [ERROR] LogOutputStream:75 - [STDERR_REDIRECT] 
2026-07-03 17:11:00,923 [ERROR] LogOutputStream:75 - [STDERR_REDIRECT] Jul 03, 2026 5:11:00 PM java.util.prefs.FileSystemPreferences checkLockFile0ErrorCode
2026-07-03 17:11:00,923 [ERROR] LogOutputStream:75 - [STDERR_REDIRECT] WARNING: Could not lock System prefs. Unix error code 0.
2026-07-03 17:11:00,924 [ERROR] LogOutputStream:75 - [STDERR_REDIRECT] 
2026-07-03 17:11:00,927 [ERROR] LogOutputStream:75 - [STDERR_REDIRECT] Jul 03, 2026 5:11:00 PM java.util.prefs.FileSystemPreferences syncWorld
2026-07-03 17:11:00,929 [ERROR] LogOutputStream:75 - [STDERR_REDIRECT] WARNING: Couldn't flush system prefs: java.util.prefs.BackingStoreException: Couldn't get file lock.
2026-07-03 17:11:00,929 [ERROR] LogOutputStream:75 - [STDERR_REDIRECT] 
2026-07-03 17:11:31,008 [ERROR] LogOutputStream:75 - [STDERR_REDIRECT] Jul 03, 2026 5:11:31 PM java.util.prefs.FileSystemPreferences checkLockFile0ErrorCode
2026-07-03 17:11:31,008 [ERROR] LogOutputStream:75 - [STDERR_REDIRECT] WARNING: Could not lock System prefs. Unix error code 0.
2026-07-03 17:11:31,008 [ERROR] LogOutputStream:75 - [STDERR_REDIRECT] 
2026-07-03 17:11:31,017 [ERROR] LogOutputStream:75 - [STDERR_REDIRECT] Jul 03, 2026 5:11:31 PM java.util.prefs.FileSystemPreferences syncWorld
2026-07-03 17:11:31,018 [ERROR] LogOutputStream:75 - [STDERR_REDIRECT] WARNING: Couldn't flush system prefs: java.util.prefs.BackingStoreException: Couldn't get file lock.
2026-07-03 17:11:31,018 [ERROR] LogOutputStream:75 - [STDERR_REDIRECT] 
2026-07-03 17:12:00,929 [ERROR] LogOutputStream:75 - [STDERR_REDIRECT] Jul 03, 2026 5:12:00 PM java.util.prefs.FileSystemPreferences checkLockFile0ErrorCode
2026-07-03 17:12:00,930 [ERROR] LogOutputStream:75 - [STDERR_REDIRECT] WARNING: Could not lock System prefs. Unix error code 0.
2026-07-03 17:12:00,930 [ERROR] LogOutputStream:75 - [STDERR_REDIRECT] 
2026-07-03 17:12:00,931 [ERROR] LogOutputStream:75 - [STDERR_REDIRECT] Jul 03, 2026 5:12:00 PM java.util.prefs.FileSystemPreferences syncWorld
2026-07-03 17:12:00,931 [ERROR] LogOutputStream:75 - [STDERR_REDIRECT] WARNING: Couldn't flush system prefs: java.util.prefs.BackingStoreException: Couldn't get file lock.
2026-07-03 17:12:00,931 [ERROR] LogOutputStream:75 - [STDERR_REDIRECT] 
2026-07-03 17:12:30,927 [ERROR] LogOutputStream:75 - [STDERR_REDIRECT] Jul 03, 2026 5:12:30 PM java.util.prefs.FileSystemPreferences checkLockFile0ErrorCode
2026-07-03 17:12:30,928 [ERROR] LogOutputStream:75 - [STDERR_REDIRECT] WARNING: Could not lock System prefs. Unix error code 0.
2026-07-03 17:12:30,928 [ERROR] LogOutputStream:75 - [STDERR_REDIRECT] 
2026-07-03 17:12:30,928 [ERROR] LogOutputStream:75 - [STDERR_REDIRECT] Jul 03, 2026 5:12:30 PM java.util.prefs.FileSystemPreferences syncWorld
2026-07-03 17:12:30,929 [ERROR] LogOutputStream:75 - [STDERR_REDIRECT] WARNING: Couldn't flush system prefs: java.util.prefs.BackingStoreException: Couldn't get file lock.
2026-07-03 17:12:30,929 [ERROR] LogOutputStream:75 - [STDERR_REDIRECT] 
2026-07-03 17:13:00,935 [ERROR] LogOutputStream:75 - [STDERR_REDIRECT] Jul 03, 2026 5:13:00 PM java.util.prefs.FileSystemPreferences checkLockFile0ErrorCode
2026-07-03 17:13:00,935 [ERROR] LogOutputStream:75 - [STDERR_REDIRECT] WARNING: Could not lock System prefs. Unix error code 0.
2026-07-03 17:13:00,935 [ERROR] LogOutputStream:75 - [STDERR_REDIRECT] 
2026-07-03 17:13:00,936 [ERROR] LogOutputStream:75 - [STDERR_REDIRECT] Jul 03, 2026 5:13:00 PM java.util.prefs.FileSystemPreferences syncWorld
2026-07-03 17:13:00,939 [ERROR] LogOutputStream:75 - [STDERR_REDIRECT] WARNING: Couldn't flush system prefs: java.util.prefs.BackingStoreException: Couldn't get file lock.
2026-07-03 17:13:00,939 [ERROR] LogOutputStream:75 - [STDERR_REDIRECT] 
2026-07-03 17:13:30,975 [ERROR] LogOutputStream:75 - [STDERR_REDIRECT] Jul 03, 2026 5:13:30 PM java.util.prefs.FileSystemPreferences checkLockFile0ErrorCode
2026-07-03 17:13:30,975 [ERROR] LogOutputStream:75 - [STDERR_REDIRECT] WARNING: Could not lock System prefs. Unix error code 0.
2026-07-03 17:13:30,975 [ERROR] LogOutputStream:75 - [STDERR_REDIRECT] 
2026-07-03 17:13:30,975 [ERROR] LogOutputStream:75 - [STDERR_REDIRECT] Jul 03, 2026 5:13:30 PM java.util.prefs.FileSystemPreferences syncWorld
2026-07-03 17:13:30,976 [ERROR] LogOutputStream:75 - [STDERR_REDIRECT] WARNING: Couldn't flush system prefs: java.util.prefs.BackingStoreException: Couldn't get file lock.
2026-07-03 17:13:30,976 [ERROR] LogOutputStream:75 - [STDERR_REDIRECT] 
2026-07-03 17:14:00,943 [ERROR] LogOutputStream:75 - [STDERR_REDIRECT] Jul 03, 2026 5:14:00 PM java.util.prefs.FileSystemPreferences checkLockFile0ErrorCode
2026-07-03 17:14:00,943 [ERROR] LogOutputStream:75 - [STDERR_REDIRECT] WARNING: Could not lock System prefs. Unix error code 0.
2026-07-03 17:14:00,943 [ERROR] LogOutputStream:75 - [STDERR_REDIRECT] 
2026-07-03 17:14:00,944 [ERROR] LogOutputStream:75 - [STDERR_REDIRECT] Jul 03, 2026 5:14:00 PM java.util.prefs.FileSystemPreferences syncWorld
2026-07-03 17:14:00,944 [ERROR] LogOutputStream:75 - [STDERR_REDIRECT] WARNING: Couldn't flush system prefs: java.util.prefs.BackingStoreException: Couldn't get file lock.
2026-07-03 17:14:00,944 [ERROR] LogOutputStream:75 - [STDERR_REDIRECT] 
2026-07-03 17:14:30,950 [ERROR] LogOutputStream:75 - [STDERR_REDIRECT] Jul 03, 2026 5:14:30 PM java.util.prefs.FileSystemPreferences checkLockFile0ErrorCode
2026-07-03 17:14:30,951 [ERROR] LogOutputStream:75 - [STDERR_REDIRECT] WARNING: Could not lock System prefs. Unix error code 0.
2026-07-03 17:14:30,951 [ERROR] LogOutputStream:75 - [STDERR_REDIRECT] 
2026-07-03 17:14:30,956 [ERROR] LogOutputStream:75 - [STDERR_REDIRECT] Jul 03, 2026 5:14:30 PM java.util.prefs.FileSystemPreferences syncWorld
2026-07-03 17:14:30,957 [ERROR] LogOutputStream:75 - [STDERR_REDIRECT] WARNING: Couldn't flush system prefs: java.util.prefs.BackingStoreException: Couldn't get file lock.
2026-07-03 17:14:30,957 [ERROR] LogOutputStream:75 - [STDERR_REDIRECT] 
2026-07-03 17:15:00,948 [ERROR] LogOutputStream:75 - [STDERR_REDIRECT] Jul 03, 2026 5:15:00 PM java.util.prefs.FileSystemPreferences checkLockFile0ErrorCode
2026-07-03 17:15:00,949 [ERROR] LogOutputStream:75 - [STDERR_REDIRECT] WARNING: Could not lock System prefs. Unix error code 0.
2026-07-03 17:15:00,949 [ERROR] LogOutputStream:75 - [STDERR_REDIRECT] 
2026-07-03 17:15:00,949 [ERROR] LogOutputStream:75 - [STDERR_REDIRECT] Jul 03, 2026 5:15:00 PM java.util.prefs.FileSystemPreferences syncWorld
2026-07-03 17:15:00,949 [ERROR] LogOutputStream:75 - [STDERR_REDIRECT] WARNING: Couldn't flush system prefs: java.util.prefs.BackingStoreException: Couldn't get file lock.
2026-07-03 17:15:00,949 [ERROR] LogOutputStream:75 - [STDERR_REDIRECT] 
2026-07-03 17:15:30,952 [ERROR] LogOutputStream:75 - [STDERR_REDIRECT] Jul 03, 2026 5:15:30 PM java.util.prefs.FileSystemPreferences checkLockFile0ErrorCode
2026-07-03 17:15:30,958 [ERROR] LogOutputStream:75 - [STDERR_REDIRECT] WARNING: Could not lock System prefs. Unix error code 0.
2026-07-03 17:15:30,959 [ERROR] LogOutputStream:75 - [STDERR_REDIRECT] 
2026-07-03 17:15:30,966 [ERROR] LogOutputStream:75 - [STDERR_REDIRECT] Jul 03, 2026 5:15:30 PM java.util.prefs.FileSystemPreferences syncWorld
2026-07-03 17:15:30,966 [ERROR] LogOutputStream:75 - [STDERR_REDIRECT] WARNING: Couldn't flush system prefs: java.util.prefs.BackingStoreException: Couldn't get file lock.
2026-07-03 17:15:30,967 [ERROR] LogOutputStream:75 - [STDERR_REDIRECT] 
2026-07-03 17:16:00,953 [ERROR] LogOutputStream:75 - [STDERR_REDIRECT] Jul 03, 2026 5:16:00 PM java.util.prefs.FileSystemPreferences checkLockFile0ErrorCode
2026-07-03 17:16:00,953 [ERROR] LogOutputStream:75 - [STDERR_REDIRECT] WARNING: Could not lock System prefs. Unix error code 0.
2026-07-03 17:16:00,953 [ERROR] LogOutputStream:75 - [STDERR_REDIRECT] 
2026-07-03 17:16:00,954 [ERROR] LogOutputStream:75 - [STDERR_REDIRECT] Jul 03, 2026 5:16:00 PM java.util.prefs.FileSystemPreferences syncWorld
2026-07-03 17:16:00,954 [ERROR] LogOutputStream:75 - [STDERR_REDIRECT] WARNING: Couldn't flush system prefs: java.util.prefs.BackingStoreException: Couldn't get file lock.
2026-07-03 17:16:00,954 [ERROR] LogOutputStream:75 - [STDERR_REDIRECT] 
2026-07-03 17:16:30,959 [ERROR] LogOutputStream:75 - [STDERR_REDIRECT] Jul 03, 2026 5:16:30 PM java.util.prefs.FileSystemPreferences checkLockFile0ErrorCode
2026-07-03 17:16:30,959 [ERROR] LogOutputStream:75 - [STDERR_REDIRECT] WARNING: Could not lock System prefs. Unix error code 0.
2026-07-03 17:16:30,959 [ERROR] LogOutputStream:75 - [STDERR_REDIRECT] 
2026-07-03 17:16:30,959 [ERROR] LogOutputStream:75 - [STDERR_REDIRECT] Jul 03, 2026 5:16:30 PM java.util.prefs.FileSystemPreferences syncWorld
2026-07-03 17:16:30,959 [ERROR] LogOutputStream:75 - [STDERR_REDIRECT] WARNING: Couldn't flush system prefs: java.util.prefs.BackingStoreException: Couldn't get file lock.
2026-07-03 17:16:30,959 [ERROR] LogOutputStream:75 - [STDERR_REDIRECT] 
2026-07-03 17:17:00,954 [ERROR] LogOutputStream:75 - [STDERR_REDIRECT] Jul 03, 2026 5:17:00 PM java.util.prefs.FileSystemPreferences checkLockFile0ErrorCode
2026-07-03 17:17:00,954 [ERROR] LogOutputStream:75 - [STDERR_REDIRECT] WARNING: Could not lock System prefs. Unix error code 0.
2026-07-03 17:17:00,955 [ERROR] LogOutputStream:75 - [STDERR_REDIRECT] 
2026-07-03 17:17:00,955 [ERROR] LogOutputStream:75 - [STDERR_REDIRECT] Jul 03, 2026 5:17:00 PM java.util.prefs.FileSystemPreferences syncWorld
2026-07-03 17:17:00,955 [ERROR] LogOutputStream:75 - [STDERR_REDIRECT] WARNING: Couldn't flush system prefs: java.util.prefs.BackingStoreException: Couldn't get file lock.
2026-07-03 17:17:00,960 [ERROR] LogOutputStream:75 - [STDERR_REDIRECT] 
2026-07-03 17:17:30,960 [ERROR] LogOutputStream:75 - [STDERR_REDIRECT] Jul 03, 2026 5:17:30 PM java.util.prefs.FileSystemPreferences checkLockFile0ErrorCode
2026-07-03 17:17:30,961 [ERROR] LogOutputStream:75 - [STDERR_REDIRECT] WARNING: Could not lock System prefs. Unix error code 0.
2026-07-03 17:17:30,961 [ERROR] LogOutputStream:75 - [STDERR_REDIRECT] 
2026-07-03 17:17:30,961 [ERROR] LogOutputStream:75 - [STDERR_REDIRECT] Jul 03, 2026 5:17:30 PM java.util.prefs.FileSystemPreferences syncWorld
2026-07-03 17:17:30,961 [ERROR] LogOutputStream:75 - [STDERR_REDIRECT] WARNING: Couldn't flush system prefs: java.util.prefs.BackingStoreException: Couldn't get file lock.
2026-07-03 17:17:30,961 [ERROR] LogOutputStream:75 - [STDERR_REDIRECT] 
2026-07-03 17:18:00,969 [ERROR] LogOutputStream:75 - [STDERR_REDIRECT] Jul 03, 2026 5:18:00 PM java.util.prefs.FileSystemPreferences checkLockFile0ErrorCode
2026-07-03 17:18:00,970 [ERROR] LogOutputStream:75 - [STDERR_REDIRECT] WARNING: Could not lock System prefs. Unix error code 0.
2026-07-03 17:18:00,970 [ERROR] LogOutputStream:75 - [STDERR_REDIRECT] 
2026-07-03 17:18:00,972 [ERROR] LogOutputStream:75 - [STDERR_REDIRECT] Jul 03, 2026 5:18:00 PM java.util.prefs.FileSystemPreferences syncWorld
2026-07-03 17:18:00,973 [ERROR] LogOutputStream:75 - [STDERR_REDIRECT] WARNING: Couldn't flush system prefs: java.util.prefs.BackingStoreException: Couldn't get file lock.
2026-07-03 17:18:00,973 [ERROR] LogOutputStream:75 - [STDERR_REDIRECT] 
2026-07-03 17:18:30,966 [ERROR] LogOutputStream:75 - [STDERR_REDIRECT] Jul 03, 2026 5:18:30 PM java.util.prefs.FileSystemPreferences checkLockFile0ErrorCode
2026-07-03 17:18:30,968 [ERROR] LogOutputStream:75 - [STDERR_REDIRECT] WARNING: Could not lock System prefs. Unix error code 0.
2026-07-03 17:18:30,968 [ERROR] LogOutputStream:75 - [STDERR_REDIRECT] 
2026-07-03 17:18:30,972 [ERROR] LogOutputStream:75 - [STDERR_REDIRECT] Jul 03, 2026 5:18:30 PM java.util.prefs.FileSystemPreferences syncWorld
2026-07-03 17:18:30,974 [ERROR] LogOutputStream:75 - [STDERR_REDIRECT] WARNING: Couldn't flush system prefs: java.util.prefs.BackingStoreException: Couldn't get file lock.
2026-07-03 17:18:30,976 [ERROR] LogOutputStream:75 - [STDERR_REDIRECT] 
2026-07-03 17:19:00,969 [ERROR] LogOutputStream:75 - [STDERR_REDIRECT] Jul 03, 2026 5:19:00 PM java.util.prefs.FileSystemPreferences checkLockFile0ErrorCode
2026-07-03 17:19:00,969 [ERROR] LogOutputStream:75 - [STDERR_REDIRECT] WARNING: Could not lock System prefs. Unix error code 0.
2026-07-03 17:19:00,970 [ERROR] LogOutputStream:75 - [STDERR_REDIRECT] 
2026-07-03 17:19:00,974 [ERROR] LogOutputStream:75 - [STDERR_REDIRECT] Jul 03, 2026 5:19:00 PM java.util.prefs.FileSystemPreferences syncWorld
2026-07-03 17:19:00,977 [ERROR] LogOutputStream:75 - [STDERR_REDIRECT] WARNING: Couldn't flush system prefs: java.util.prefs.BackingStoreException: Couldn't get file lock.
2026-07-03 17:19:00,977 [ERROR] LogOutputStream:75 - [STDERR_REDIRECT] 
2026-07-03 17:19:30,972 [ERROR] LogOutputStream:75 - [STDERR_REDIRECT] Jul 03, 2026 5:19:30 PM java.util.prefs.FileSystemPreferences checkLockFile0ErrorCode
2026-07-03 17:19:30,972 [ERROR] LogOutputStream:75 - [STDERR_REDIRECT] WARNING: Could not lock System prefs. Unix error code 0.
2026-07-03 17:19:30,973 [ERROR] LogOutputStream:75 - [STDERR_REDIRECT] 
2026-07-03 17:19:30,973 [ERROR] LogOutputStream:75 - [STDERR_REDIRECT] Jul 03, 2026 5:19:30 PM java.util.prefs.FileSystemPreferences syncWorld
2026-07-03 17:19:30,973 [ERROR] LogOutputStream:75 - [STDERR_REDIRECT] WARNING: Couldn't flush system prefs: java.util.prefs.BackingStoreException: Couldn't get file lock.
2026-07-03 17:19:30,973 [ERROR] LogOutputStream:75 - [STDERR_REDIRECT] 
2026-07-03 17:20:00,984 [ERROR] LogOutputStream:75 - [STDERR_REDIRECT] Jul 03, 2026 5:20:00 PM java.util.prefs.FileSystemPreferences checkLockFile0ErrorCode
2026-07-03 17:20:00,987 [ERROR] LogOutputStream:75 - [STDERR_REDIRECT] WARNING: Could not lock System prefs. Unix error code 0.
2026-07-03 17:20:00,988 [ERROR] LogOutputStream:75 - [STDERR_REDIRECT] 
2026-07-03 17:20:00,988 [ERROR] LogOutputStream:75 - [STDERR_REDIRECT] Jul 03, 2026 5:20:00 PM java.util.prefs.FileSystemPreferences syncWorld
2026-07-03 17:20:00,988 [ERROR] LogOutputStream:75 - [STDERR_REDIRECT] WARNING: Couldn't flush system prefs: java.util.prefs.BackingStoreException: Couldn't get file lock.
2026-07-03 17:20:00,988 [ERROR] LogOutputStream:75 - [STDERR_REDIRECT] 
2026-07-03 17:20:30,988 [ERROR] LogOutputStream:75 - [STDERR_REDIRECT] Jul 03, 2026 5:20:30 PM java.util.prefs.FileSystemPreferences checkLockFile0ErrorCode
2026-07-03 17:20:30,990 [ERROR] LogOutputStream:75 - [STDERR_REDIRECT] WARNING: Could not lock System prefs. Unix error code 0.
2026-07-03 17:20:30,990 [ERROR] LogOutputStream:75 - [STDERR_REDIRECT] 
2026-07-03 17:20:30,991 [ERROR] LogOutputStream:75 - [STDERR_REDIRECT] Jul 03, 2026 5:20:30 PM java.util.prefs.FileSystemPreferences syncWorld
2026-07-03 17:20:30,991 [ERROR] LogOutputStream:75 - [STDERR_REDIRECT] WARNING: Couldn't flush system prefs: java.util.prefs.BackingStoreException: Couldn't get file lock.
2026-07-03 17:20:30,991 [ERROR] LogOutputStream:75 - [STDERR_REDIRECT] 
2026-07-03 17:21:00,990 [ERROR] LogOutputStream:75 - [STDERR_REDIRECT] Jul 03, 2026 5:21:00 PM java.util.prefs.FileSystemPreferences checkLockFile0ErrorCode
2026-07-03 17:21:00,990 [ERROR] LogOutputStream:75 - [STDERR_REDIRECT] WARNING: Could not lock System prefs. Unix error code 0.
2026-07-03 17:21:00,991 [ERROR] LogOutputStream:75 - [STDERR_REDIRECT] 
2026-07-03 17:21:00,997 [ERROR] LogOutputStream:75 - [STDERR_REDIRECT] Jul 03, 2026 5:21:00 PM java.util.prefs.FileSystemPreferences syncWorld
2026-07-03 17:21:00,998 [ERROR] LogOutputStream:75 - [STDERR_REDIRECT] WARNING: Couldn't flush system prefs: java.util.prefs.BackingStoreException: Couldn't get file lock.
2026-07-03 17:21:00,999 [ERROR] LogOutputStream:75 - [STDERR_REDIRECT] 
2026-07-03 17:21:30,993 [ERROR] LogOutputStream:75 - [STDERR_REDIRECT] Jul 03, 2026 5:21:30 PM java.util.prefs.FileSystemPreferences checkLockFile0ErrorCode
2026-07-03 17:21:30,994 [ERROR] LogOutputStream:75 - [STDERR_REDIRECT] WARNING: Could not lock System prefs. Unix error code 0.
2026-07-03 17:21:30,994 [ERROR] LogOutputStream:75 - [STDERR_REDIRECT] 
2026-07-03 17:21:30,995 [ERROR] LogOutputStream:75 - [STDERR_REDIRECT] Jul 03, 2026 5:21:30 PM java.util.prefs.FileSystemPreferences syncWorld
2026-07-03 17:21:30,996 [ERROR] LogOutputStream:75 - [STDERR_REDIRECT] WARNING: Couldn't flush system prefs: java.util.prefs.BackingStoreException: Couldn't get file lock.
2026-07-03 17:21:30,996 [ERROR] LogOutputStream:75 - [STDERR_REDIRECT] 
2026-07-03 17:22:01,029 [ERROR] LogOutputStream:75 - [STDERR_REDIRECT] Jul 03, 2026 5:22:01 PM java.util.prefs.FileSystemPreferences checkLockFile0ErrorCode
2026-07-03 17:22:01,032 [ERROR] LogOutputStream:75 - [STDERR_REDIRECT] WARNING: Could not lock System prefs. Unix error code 0.
2026-07-03 17:22:01,032 [ERROR] LogOutputStream:75 - [STDERR_REDIRECT] 
2026-07-03 17:22:01,034 [ERROR] LogOutputStream:75 - [STDERR_REDIRECT] Jul 03, 2026 5:22:01 PM java.util.prefs.FileSystemPreferences syncWorld
2026-07-03 17:22:01,034 [ERROR] LogOutputStream:75 - [STDERR_REDIRECT] WARNING: Couldn't flush system prefs: java.util.prefs.BackingStoreException: Couldn't get file lock.
2026-07-03 17:22:01,034 [ERROR] LogOutputStream:75 - [STDERR_REDIRECT] 
2026-07-03 17:22:30,997 [ERROR] LogOutputStream:75 - [STDERR_REDIRECT] Jul 03, 2026 5:22:30 PM java.util.prefs.FileSystemPreferences checkLockFile0ErrorCode
2026-07-03 17:22:30,998 [ERROR] LogOutputStream:75 - [STDERR_REDIRECT] WARNING: Could not lock System prefs. Unix error code 0.
2026-07-03 17:22:30,998 [ERROR] LogOutputStream:75 - [STDERR_REDIRECT] 
2026-07-03 17:22:30,998 [ERROR] LogOutputStream:75 - [STDERR_REDIRECT] Jul 03, 2026 5:22:30 PM java.util.prefs.FileSystemPreferences syncWorld
2026-07-03 17:22:30,999 [ERROR] LogOutputStream:75 - [STDERR_REDIRECT] WARNING: Couldn't flush system prefs: java.util.prefs.BackingStoreException: Couldn't get file lock.
2026-07-03 17:22:30,999 [ERROR] LogOutputStream:75 - [STDERR_REDIRECT] 
2026-07-03 17:23:01,000 [ERROR] LogOutputStream:75 - [STDERR_REDIRECT] Jul 03, 2026 5:23:00 PM java.util.prefs.FileSystemPreferences checkLockFile0ErrorCode
2026-07-03 17:23:01,000 [ERROR] LogOutputStream:75 - [STDERR_REDIRECT] WARNING: Could not lock System prefs. Unix error code 0.
2026-07-03 17:23:01,003 [ERROR] LogOutputStream:75 - [STDERR_REDIRECT] 
2026-07-03 17:23:01,007 [ERROR] LogOutputStream:75 - [STDERR_REDIRECT] Jul 03, 2026 5:23:01 PM java.util.prefs.FileSystemPreferences syncWorld
2026-07-03 17:23:01,007 [ERROR] LogOutputStream:75 - [STDERR_REDIRECT] WARNING: Couldn't flush system prefs: java.util.prefs.BackingStoreException: Couldn't get file lock.
2026-07-03 17:23:01,007 [ERROR] LogOutputStream:75 - [STDERR_REDIRECT] 
2026-07-03 17:23:31,053 [ERROR] LogOutputStream:75 - [STDERR_REDIRECT] Jul 03, 2026 5:23:31 PM java.util.prefs.FileSystemPreferences checkLockFile0ErrorCode
2026-07-03 17:23:31,053 [ERROR] LogOutputStream:75 - [STDERR_REDIRECT] WARNING: Could not lock System prefs. Unix error code 0.
2026-07-03 17:23:31,054 [ERROR] LogOutputStream:75 - [STDERR_REDIRECT] 
2026-07-03 17:23:31,055 [ERROR] LogOutputStream:75 - [STDERR_REDIRECT] Jul 03, 2026 5:23:31 PM java.util.prefs.FileSystemPreferences syncWorld
2026-07-03 17:23:31,056 [ERROR] LogOutputStream:75 - [STDERR_REDIRECT] WARNING: Couldn't flush system prefs: java.util.prefs.BackingStoreException: Couldn't get file lock.
2026-07-03 17:23:31,056 [ERROR] LogOutputStream:75 - [STDERR_REDIRECT] 
2026-07-03 17:24:01,001 [ERROR] LogOutputStream:75 - [STDERR_REDIRECT] Jul 03, 2026 5:24:01 PM java.util.prefs.FileSystemPreferences checkLockFile0ErrorCode
2026-07-03 17:24:01,001 [ERROR] LogOutputStream:75 - [STDERR_REDIRECT] WARNING: Could not lock System prefs. Unix error code 0.
2026-07-03 17:24:01,001 [ERROR] LogOutputStream:75 - [STDERR_REDIRECT] 
2026-07-03 17:24:01,001 [ERROR] LogOutputStream:75 - [STDERR_REDIRECT] Jul 03, 2026 5:24:01 PM java.util.prefs.FileSystemPreferences syncWorld
2026-07-03 17:24:01,001 [ERROR] LogOutputStream:75 - [STDERR_REDIRECT] WARNING: Couldn't flush system prefs: java.util.prefs.BackingStoreException: Couldn't get file lock.
2026-07-03 17:24:01,001 [ERROR] LogOutputStream:75 - [STDERR_REDIRECT] 
2026-07-03 17:24:31,003 [ERROR] LogOutputStream:75 - [STDERR_REDIRECT] Jul 03, 2026 5:24:31 PM java.util.prefs.FileSystemPreferences checkLockFile0ErrorCode
2026-07-03 17:24:31,003 [ERROR] LogOutputStream:75 - [STDERR_REDIRECT] WARNING: Could not lock System prefs. Unix error code 0.
2026-07-03 17:24:31,003 [ERROR] LogOutputStream:75 - [STDERR_REDIRECT] 
2026-07-03 17:24:31,003 [ERROR] LogOutputStream:75 - [STDERR_REDIRECT] Jul 03, 2026 5:24:31 PM java.util.prefs.FileSystemPreferences syncWorld
2026-07-03 17:24:31,003 [ERROR] LogOutputStream:75 - [STDERR_REDIRECT] WARNING: Couldn't flush system prefs: java.util.prefs.BackingStoreException: Couldn't get file lock.
2026-07-03 17:24:31,004 [ERROR] LogOutputStream:75 - [STDERR_REDIRECT] 
2026-07-03 17:25:01,011 [ERROR] LogOutputStream:75 - [STDERR_REDIRECT] Jul 03, 2026 5:25:01 PM java.util.prefs.FileSystemPreferences checkLockFile0ErrorCode
2026-07-03 17:25:01,012 [ERROR] LogOutputStream:75 - [STDERR_REDIRECT] WARNING: Could not lock System prefs. Unix error code 0.
2026-07-03 17:25:01,012 [ERROR] LogOutputStream:75 - [STDERR_REDIRECT] 
2026-07-03 17:25:01,013 [ERROR] LogOutputStream:75 - [STDERR_REDIRECT] Jul 03, 2026 5:25:01 PM java.util.prefs.FileSystemPreferences syncWorld
2026-07-03 17:25:01,013 [ERROR] LogOutputStream:75 - [STDERR_REDIRECT] WARNING: Couldn't flush system prefs: java.util.prefs.BackingStoreException: Couldn't get file lock.
2026-07-03 17:25:01,013 [ERROR] LogOutputStream:75 - [STDERR_REDIRECT] 
2026-07-03 17:25:31,010 [ERROR] LogOutputStream:75 - [STDERR_REDIRECT] Jul 03, 2026 5:25:31 PM java.util.prefs.FileSystemPreferences checkLockFile0ErrorCode
2026-07-03 17:25:31,010 [ERROR] LogOutputStream:75 - [STDERR_REDIRECT] WARNING: Could not lock System prefs. Unix error code 0.
2026-07-03 17:25:31,011 [ERROR] LogOutputStream:75 - [STDERR_REDIRECT] 
2026-07-03 17:25:31,014 [ERROR] LogOutputStream:75 - [STDERR_REDIRECT] Jul 03, 2026 5:25:31 PM java.util.prefs.FileSystemPreferences syncWorld
2026-07-03 17:25:31,014 [ERROR] LogOutputStream:75 - [STDERR_REDIRECT] WARNING: Couldn't flush system prefs: java.util.prefs.BackingStoreException: Couldn't get file lock.
2026-07-03 17:25:31,016 [ERROR] LogOutputStream:75 - [STDERR_REDIRECT] 
2026-07-03 17:26:01,014 [ERROR] LogOutputStream:75 - [STDERR_REDIRECT] Jul 03, 2026 5:26:01 PM java.util.prefs.FileSystemPreferences checkLockFile0ErrorCode
2026-07-03 17:26:01,014 [ERROR] LogOutputStream:75 - [STDERR_REDIRECT] WARNING: Could not lock System prefs. Unix error code 0.
2026-07-03 17:26:01,015 [ERROR] LogOutputStream:75 - [STDERR_REDIRECT] 
2026-07-03 17:26:01,019 [ERROR] LogOutputStream:75 - [STDERR_REDIRECT] Jul 03, 2026 5:26:01 PM java.util.prefs.FileSystemPreferences syncWorld
2026-07-03 17:26:01,019 [ERROR] LogOutputStream:75 - [STDERR_REDIRECT] WARNING: Couldn't flush system prefs: java.util.prefs.BackingStoreException: Couldn't get file lock.
2026-07-03 17:26:01,019 [ERROR] LogOutputStream:75 - [STDERR_REDIRECT] 
2026-07-03 17:26:31,018 [ERROR] LogOutputStream:75 - [STDERR_REDIRECT] Jul 03, 2026 5:26:31 PM java.util.prefs.FileSystemPreferences checkLockFile0ErrorCode
2026-07-03 17:26:31,018 [ERROR] LogOutputStream:75 - [STDERR_REDIRECT] WARNING: Could not lock System prefs. Unix error code 0.
2026-07-03 17:26:31,018 [ERROR] LogOutputStream:75 - [STDERR_REDIRECT] 
2026-07-03 17:26:31,022 [ERROR] LogOutputStream:75 - [STDERR_REDIRECT] Jul 03, 2026 5:26:31 PM java.util.prefs.FileSystemPreferences syncWorld
2026-07-03 17:26:31,022 [ERROR] LogOutputStream:75 - [STDERR_REDIRECT] WARNING: Couldn't flush system prefs: java.util.prefs.BackingStoreException: Couldn't get file lock.
2026-07-03 17:26:31,022 [ERROR] LogOutputStream:75 - [STDERR_REDIRECT] 
2026-07-03 17:27:01,020 [ERROR] LogOutputStream:75 - [STDERR_REDIRECT] Jul 03, 2026 5:27:01 PM java.util.prefs.FileSystemPreferences checkLockFile0ErrorCode
2026-07-03 17:27:01,021 [ERROR] LogOutputStream:75 - [STDERR_REDIRECT] WARNING: Could not lock System prefs. Unix error code 0.
2026-07-03 17:27:01,021 [ERROR] LogOutputStream:75 - [STDERR_REDIRECT] 
2026-07-03 17:27:01,022 [ERROR] LogOutputStream:75 - [STDERR_REDIRECT] Jul 03, 2026 5:27:01 PM java.util.prefs.FileSystemPreferences syncWorld
2026-07-03 17:27:01,022 [ERROR] LogOutputStream:75 - [STDERR_REDIRECT] WARNING: Couldn't flush system prefs: java.util.prefs.BackingStoreException: Couldn't get file lock.
2026-07-03 17:27:01,023 [ERROR] LogOutputStream:75 - [STDERR_REDIRECT] 
2026-07-03 17:27:31,021 [ERROR] LogOutputStream:75 - [STDERR_REDIRECT] Jul 03, 2026 5:27:31 PM java.util.prefs.FileSystemPreferences checkLockFile0ErrorCode
2026-07-03 17:27:31,022 [ERROR] LogOutputStream:75 - [STDERR_REDIRECT] WARNING: Could not lock System prefs. Unix error code 0.
2026-07-03 17:27:31,024 [ERROR] LogOutputStream:75 - [STDERR_REDIRECT] 
2026-07-03 17:27:31,025 [ERROR] LogOutputStream:75 - [STDERR_REDIRECT] Jul 03, 2026 5:27:31 PM java.util.prefs.FileSystemPreferences syncWorld
2026-07-03 17:27:31,029 [ERROR] LogOutputStream:75 - [STDERR_REDIRECT] WARNING: Couldn't flush system prefs: java.util.prefs.BackingStoreException: Couldn't get file lock.
2026-07-03 17:27:31,030 [ERROR] LogOutputStream:75 - [STDERR_REDIRECT] 
2026-07-03 17:28:01,086 [ERROR] LogOutputStream:75 - [STDERR_REDIRECT] Jul 03, 2026 5:28:01 PM java.util.prefs.FileSystemPreferences checkLockFile0ErrorCode
2026-07-03 17:28:01,086 [ERROR] LogOutputStream:75 - [STDERR_REDIRECT] WARNING: Could not lock System prefs. Unix error code 0.
2026-07-03 17:28:01,086 [ERROR] LogOutputStream:75 - [STDERR_REDIRECT] 
2026-07-03 17:28:01,087 [ERROR] LogOutputStream:75 - [STDERR_REDIRECT] Jul 03, 2026 5:28:01 PM java.util.prefs.FileSystemPreferences syncWorld
2026-07-03 17:28:01,087 [ERROR] LogOutputStream:75 - [STDERR_REDIRECT] WARNING: Couldn't flush system prefs: java.util.prefs.BackingStoreException: Couldn't get file lock.
2026-07-03 17:28:01,087 [ERROR] LogOutputStream:75 - [STDERR_REDIRECT] 
2026-07-03 17:28:31,043 [ERROR] LogOutputStream:75 - [STDERR_REDIRECT] Jul 03, 2026 5:28:31 PM java.util.prefs.FileSystemPreferences checkLockFile0ErrorCode
2026-07-03 17:28:31,044 [ERROR] LogOutputStream:75 - [STDERR_REDIRECT] WARNING: Could not lock System prefs. Unix error code 0.
2026-07-03 17:28:31,044 [ERROR] LogOutputStream:75 - [STDERR_REDIRECT] 
2026-07-03 17:28:31,049 [ERROR] LogOutputStream:75 - [STDERR_REDIRECT] Jul 03, 2026 5:28:31 PM java.util.prefs.FileSystemPreferences syncWorld
2026-07-03 17:28:31,049 [ERROR] LogOutputStream:75 - [STDERR_REDIRECT] WARNING: Couldn't flush system prefs: java.util.prefs.BackingStoreException: Couldn't get file lock.
2026-07-03 17:28:31,049 [ERROR] LogOutputStream:75 - [STDERR_REDIRECT] 
2026-07-03 17:29:01,085 [ERROR] LogOutputStream:75 - [STDERR_REDIRECT] Jul 03, 2026 5:29:01 PM java.util.prefs.FileSystemPreferences checkLockFile0ErrorCode
2026-07-03 17:29:01,086 [ERROR] LogOutputStream:75 - [STDERR_REDIRECT] WARNING: Could not lock System prefs. Unix error code 0.
2026-07-03 17:29:01,088 [ERROR] LogOutputStream:75 - [STDERR_REDIRECT] 
2026-07-03 17:29:01,089 [ERROR] LogOutputStream:75 - [STDERR_REDIRECT] Jul 03, 2026 5:29:01 PM java.util.prefs.FileSystemPreferences syncWorld
2026-07-03 17:29:01,090 [ERROR] LogOutputStream:75 - [STDERR_REDIRECT] WARNING: Couldn't flush system prefs: java.util.prefs.BackingStoreException: Couldn't get file lock.
2026-07-03 17:29:01,090 [ERROR] LogOutputStream:75 - [STDERR_REDIRECT] 
2026-07-03 17:29:31,027 [ERROR] LogOutputStream:75 - [STDERR_REDIRECT] Jul 03, 2026 5:29:31 PM java.util.prefs.FileSystemPreferences checkLockFile0ErrorCode
2026-07-03 17:29:31,028 [ERROR] LogOutputStream:75 - [STDERR_REDIRECT] WARNING: Could not lock System prefs. Unix error code 0.
2026-07-03 17:29:31,028 [ERROR] LogOutputStream:75 - [STDERR_REDIRECT] 
2026-07-03 17:29:31,031 [ERROR] LogOutputStream:75 - [STDERR_REDIRECT] Jul 03, 2026 5:29:31 PM java.util.prefs.FileSystemPreferences syncWorld
2026-07-03 17:29:31,031 [ERROR] LogOutputStream:75 - [STDERR_REDIRECT] WARNING: Couldn't flush system prefs: java.util.prefs.BackingStoreException: Couldn't get file lock.
2026-07-03 17:29:31,031 [ERROR] LogOutputStream:75 - [STDERR_REDIRECT] 
2026-07-03 17:30:01,024 [ERROR] LogOutputStream:75 - [STDERR_REDIRECT] Jul 03, 2026 5:30:01 PM java.util.prefs.FileSystemPreferences checkLockFile0ErrorCode
2026-07-03 17:30:01,025 [ERROR] LogOutputStream:75 - [STDERR_REDIRECT] WARNING: Could not lock System prefs. Unix error code 0.
2026-07-03 17:30:01,025 [ERROR] LogOutputStream:75 - [STDERR_REDIRECT] 
2026-07-03 17:30:01,025 [ERROR] LogOutputStream:75 - [STDERR_REDIRECT] Jul 03, 2026 5:30:01 PM java.util.prefs.FileSystemPreferences syncWorld
2026-07-03 17:30:01,025 [ERROR] LogOutputStream:75 - [STDERR_REDIRECT] WARNING: Couldn't flush system prefs: java.util.prefs.BackingStoreException: Couldn't get file lock.
2026-07-03 17:30:01,025 [ERROR] LogOutputStream:75 - [STDERR_REDIRECT] 
2026-07-03 17:30:31,031 [ERROR] LogOutputStream:75 - [STDERR_REDIRECT] Jul 03, 2026 5:30:31 PM java.util.prefs.FileSystemPreferences checkLockFile0ErrorCode
2026-07-03 17:30:31,031 [ERROR] LogOutputStream:75 - [STDERR_REDIRECT] WARNING: Could not lock System prefs. Unix error code 0.
2026-07-03 17:30:31,031 [ERROR] LogOutputStream:75 - [STDERR_REDIRECT] 
2026-07-03 17:30:31,032 [ERROR] LogOutputStream:75 - [STDERR_REDIRECT] Jul 03, 2026 5:30:31 PM java.util.prefs.FileSystemPreferences syncWorld
2026-07-03 17:30:31,032 [ERROR] LogOutputStream:75 - [STDERR_REDIRECT] WARNING: Couldn't flush system prefs: java.util.prefs.BackingStoreException: Couldn't get file lock.
2026-07-03 17:30:31,035 [ERROR] LogOutputStream:75 - [STDERR_REDIRECT] 
2026-07-03 17:31:01,031 [ERROR] LogOutputStream:75 - [STDERR_REDIRECT] Jul 03, 2026 5:31:01 PM java.util.prefs.FileSystemPreferences checkLockFile0ErrorCode
2026-07-03 17:31:01,031 [ERROR] LogOutputStream:75 - [STDERR_REDIRECT] WARNING: Could not lock System prefs. Unix error code 0.
2026-07-03 17:31:01,031 [ERROR] LogOutputStream:75 - [STDERR_REDIRECT] 
2026-07-03 17:31:01,032 [ERROR] LogOutputStream:75 - [STDERR_REDIRECT] Jul 03, 2026 5:31:01 PM java.util.prefs.FileSystemPreferences syncWorld
2026-07-03 17:31:01,032 [ERROR] LogOutputStream:75 - [STDERR_REDIRECT] WARNING: Couldn't flush system prefs: java.util.prefs.BackingStoreException: Couldn't get file lock.
2026-07-03 17:31:01,032 [ERROR] LogOutputStream:75 - [STDERR_REDIRECT] 
2026-07-03 17:31:31,032 [ERROR] LogOutputStream:75 - [STDERR_REDIRECT] Jul 03, 2026 5:31:31 PM java.util.prefs.FileSystemPreferences checkLockFile0ErrorCode
2026-07-03 17:31:31,032 [ERROR] LogOutputStream:75 - [STDERR_REDIRECT] WARNING: Could not lock System prefs. Unix error code 0.
2026-07-03 17:31:31,032 [ERROR] LogOutputStream:75 - [STDERR_REDIRECT] 
2026-07-03 17:31:31,033 [ERROR] LogOutputStream:75 - [STDERR_REDIRECT] Jul 03, 2026 5:31:31 PM java.util.prefs.FileSystemPreferences syncWorld
2026-07-03 17:31:31,033 [ERROR] LogOutputStream:75 - [STDERR_REDIRECT] WARNING: Couldn't flush system prefs: java.util.prefs.BackingStoreException: Couldn't get file lock.
2026-07-03 17:31:31,033 [ERROR] LogOutputStream:75 - [STDERR_REDIRECT] 
2026-07-03 17:32:01,037 [ERROR] LogOutputStream:75 - [STDERR_REDIRECT] Jul 03, 2026 5:32:01 PM java.util.prefs.FileSystemPreferences checkLockFile0ErrorCode
2026-07-03 17:32:01,038 [ERROR] LogOutputStream:75 - [STDERR_REDIRECT] WARNING: Could not lock System prefs. Unix error code 0.
2026-07-03 17:32:01,040 [ERROR] LogOutputStream:75 - [STDERR_REDIRECT] 
2026-07-03 17:32:01,042 [ERROR] LogOutputStream:75 - [STDERR_REDIRECT] Jul 03, 2026 5:32:01 PM java.util.prefs.FileSystemPreferences syncWorld
2026-07-03 17:32:01,044 [ERROR] LogOutputStream:75 - [STDERR_REDIRECT] WARNING: Couldn't flush system prefs: java.util.prefs.BackingStoreException: Couldn't get file lock.
2026-07-03 17:32:01,044 [ERROR] LogOutputStream:75 - [STDERR_REDIRECT] 
2026-07-03 17:32:31,044 [ERROR] LogOutputStream:75 - [STDERR_REDIRECT] Jul 03, 2026 5:32:31 PM java.util.prefs.FileSystemPreferences checkLockFile0ErrorCode
2026-07-03 17:32:31,047 [ERROR] LogOutputStream:75 - [STDERR_REDIRECT] WARNING: Could not lock System prefs. Unix error code 0.
2026-07-03 17:32:31,047 [ERROR] LogOutputStream:75 - [STDERR_REDIRECT] 
2026-07-03 17:32:31,048 [ERROR] LogOutputStream:75 - [STDERR_REDIRECT] Jul 03, 2026 5:32:31 PM java.util.prefs.FileSystemPreferences syncWorld
2026-07-03 17:32:31,048 [ERROR] LogOutputStream:75 - [STDERR_REDIRECT] WARNING: Couldn't flush system prefs: java.util.prefs.BackingStoreException: Couldn't get file lock.
2026-07-03 17:32:31,048 [ERROR] LogOutputStream:75 - [STDERR_REDIRECT] 
2026-07-03 17:33:01,049 [ERROR] LogOutputStream:75 - [STDERR_REDIRECT] Jul 03, 2026 5:33:01 PM java.util.prefs.FileSystemPreferences checkLockFile0ErrorCode
2026-07-03 17:33:01,049 [ERROR] LogOutputStream:75 - [STDERR_REDIRECT] WARNING: Could not lock System prefs. Unix error code 0.
2026-07-03 17:33:01,050 [ERROR] LogOutputStream:75 - [STDERR_REDIRECT] 
2026-07-03 17:33:01,055 [ERROR] LogOutputStream:75 - [STDERR_REDIRECT] Jul 03, 2026 5:33:01 PM java.util.prefs.FileSystemPreferences syncWorld
2026-07-03 17:33:01,058 [ERROR] LogOutputStream:75 - [STDERR_REDIRECT] WARNING: Couldn't flush system prefs: java.util.prefs.BackingStoreException: Couldn't get file lock.
2026-07-03 17:33:01,061 [ERROR] LogOutputStream:75 - [STDERR_REDIRECT] 
2026-07-03 17:33:31,046 [ERROR] LogOutputStream:75 - [STDERR_REDIRECT] Jul 03, 2026 5:33:31 PM java.util.prefs.FileSystemPreferences checkLockFile0ErrorCode
2026-07-03 17:33:31,047 [ERROR] LogOutputStream:75 - [STDERR_REDIRECT] WARNING: Could not lock System prefs. Unix error code 0.
2026-07-03 17:33:31,047 [ERROR] LogOutputStream:75 - [STDERR_REDIRECT] 
2026-07-03 17:33:31,048 [ERROR] LogOutputStream:75 - [STDERR_REDIRECT] Jul 03, 2026 5:33:31 PM java.util.prefs.FileSystemPreferences syncWorld
2026-07-03 17:33:31,048 [ERROR] LogOutputStream:75 - [STDERR_REDIRECT] WARNING: Couldn't flush system prefs: java.util.prefs.BackingStoreException: Couldn't get file lock.
2026-07-03 17:33:31,048 [ERROR] LogOutputStream:75 - [STDERR_REDIRECT] 
2026-07-03 17:34:01,048 [ERROR] LogOutputStream:75 - [STDERR_REDIRECT] Jul 03, 2026 5:34:01 PM java.util.prefs.FileSystemPreferences checkLockFile0ErrorCode
2026-07-03 17:34:01,048 [ERROR] LogOutputStream:75 - [STDERR_REDIRECT] WARNING: Could not lock System prefs. Unix error code 0.
2026-07-03 17:34:01,048 [ERROR] LogOutputStream:75 - [STDERR_REDIRECT] 
2026-07-03 17:34:01,048 [ERROR] LogOutputStream:75 - [STDERR_REDIRECT] Jul 03, 2026 5:34:01 PM java.util.prefs.FileSystemPreferences syncWorld
2026-07-03 17:34:01,052 [ERROR] LogOutputStream:75 - [STDERR_REDIRECT] WARNING: Couldn't flush system prefs: java.util.prefs.BackingStoreException: Couldn't get file lock.
2026-07-03 17:34:01,052 [ERROR] LogOutputStream:75 - [STDERR_REDIRECT] 
2026-07-03 17:34:31,051 [ERROR] LogOutputStream:75 - [STDERR_REDIRECT] Jul 03, 2026 5:34:31 PM java.util.prefs.FileSystemPreferences checkLockFile0ErrorCode
2026-07-03 17:34:31,052 [ERROR] LogOutputStream:75 - [STDERR_REDIRECT] WARNING: Could not lock System prefs. Unix error code 0.
2026-07-03 17:34:31,052 [ERROR] LogOutputStream:75 - [STDERR_REDIRECT] 
2026-07-03 17:34:31,054 [ERROR] LogOutputStream:75 - [STDERR_REDIRECT] Jul 03, 2026 5:34:31 PM java.util.prefs.FileSystemPreferences syncWorld
2026-07-03 17:34:31,054 [ERROR] LogOutputStream:75 - [STDERR_REDIRECT] WARNING: Couldn't flush system prefs: java.util.prefs.BackingStoreException: Couldn't get file lock.
2026-07-03 17:34:31,054 [ERROR] LogOutputStream:75 - [STDERR_REDIRECT] 
2026-07-03 17:35:01,055 [ERROR] LogOutputStream:75 - [STDERR_REDIRECT] Jul 03, 2026 5:35:01 PM java.util.prefs.FileSystemPreferences checkLockFile0ErrorCode
2026-07-03 17:35:01,056 [ERROR] LogOutputStream:75 - [STDERR_REDIRECT] WARNING: Could not lock System prefs. Unix error code 0.
2026-07-03 17:35:01,056 [ERROR] LogOutputStream:75 - [STDERR_REDIRECT] 
2026-07-03 17:35:01,056 [ERROR] LogOutputStream:75 - [STDERR_REDIRECT] Jul 03, 2026 5:35:01 PM java.util.prefs.FileSystemPreferences syncWorld
2026-07-03 17:35:01,056 [ERROR] LogOutputStream:75 - [STDERR_REDIRECT] WARNING: Couldn't flush system prefs: java.util.prefs.BackingStoreException: Couldn't get file lock.
2026-07-03 17:35:01,056 [ERROR] LogOutputStream:75 - [STDERR_REDIRECT] 
2026-07-03 17:35:31,076 [ERROR] LogOutputStream:75 - [STDERR_REDIRECT] Jul 03, 2026 5:35:31 PM java.util.prefs.FileSystemPreferences checkLockFile0ErrorCode
2026-07-03 17:35:31,076 [ERROR] LogOutputStream:75 - [STDERR_REDIRECT] WARNING: Could not lock System prefs. Unix error code 0.
2026-07-03 17:35:31,077 [ERROR] LogOutputStream:75 - [STDERR_REDIRECT] 
2026-07-03 17:35:31,081 [ERROR] LogOutputStream:75 - [STDERR_REDIRECT] Jul 03, 2026 5:35:31 PM java.util.prefs.FileSystemPreferences syncWorld
2026-07-03 17:35:31,082 [ERROR] LogOutputStream:75 - [STDERR_REDIRECT] WARNING: Couldn't flush system prefs: java.util.prefs.BackingStoreException: Couldn't get file lock.
2026-07-03 17:35:31,082 [ERROR] LogOutputStream:75 - [STDERR_REDIRECT] 
2026-07-03 17:36:01,094 [ERROR] LogOutputStream:75 - [STDERR_REDIRECT] Jul 03, 2026 5:36:01 PM java.util.prefs.FileSystemPreferences checkLockFile0ErrorCode
2026-07-03 17:36:01,094 [ERROR] LogOutputStream:75 - [STDERR_REDIRECT] WARNING: Could not lock System prefs. Unix error code 0.
2026-07-03 17:36:01,095 [ERROR] LogOutputStream:75 - [STDERR_REDIRECT] 
2026-07-03 17:36:01,095 [ERROR] LogOutputStream:75 - [STDERR_REDIRECT] Jul 03, 2026 5:36:01 PM java.util.prefs.FileSystemPreferences syncWorld
2026-07-03 17:36:01,095 [ERROR] LogOutputStream:75 - [STDERR_REDIRECT] WARNING: Couldn't flush system prefs: java.util.prefs.BackingStoreException: Couldn't get file lock.
2026-07-03 17:36:01,095 [ERROR] LogOutputStream:75 - [STDERR_REDIRECT] 
2026-07-03 17:36:31,062 [ERROR] LogOutputStream:75 - [STDERR_REDIRECT] Jul 03, 2026 5:36:31 PM java.util.prefs.FileSystemPreferences checkLockFile0ErrorCode
2026-07-03 17:36:31,062 [ERROR] LogOutputStream:75 - [STDERR_REDIRECT] WARNING: Could not lock System prefs. Unix error code 0.
2026-07-03 17:36:31,063 [ERROR] LogOutputStream:75 - [STDERR_REDIRECT] 
2026-07-03 17:36:31,066 [ERROR] LogOutputStream:75 - [STDERR_REDIRECT] Jul 03, 2026 5:36:31 PM java.util.prefs.FileSystemPreferences syncWorld
2026-07-03 17:36:31,067 [ERROR] LogOutputStream:75 - [STDERR_REDIRECT] WARNING: Couldn't flush system prefs: java.util.prefs.BackingStoreException: Couldn't get file lock.
2026-07-03 17:36:31,068 [ERROR] LogOutputStream:75 - [STDERR_REDIRECT] 
2026-07-03 17:37:01,061 [ERROR] LogOutputStream:75 - [STDERR_REDIRECT] Jul 03, 2026 5:37:01 PM java.util.prefs.FileSystemPreferences checkLockFile0ErrorCode
2026-07-03 17:37:01,061 [ERROR] LogOutputStream:75 - [STDERR_REDIRECT] WARNING: Could not lock System prefs. Unix error code 0.
2026-07-03 17:37:01,061 [ERROR] LogOutputStream:75 - [STDERR_REDIRECT] 
2026-07-03 17:37:01,061 [ERROR] LogOutputStream:75 - [STDERR_REDIRECT] Jul 03, 2026 5:37:01 PM java.util.prefs.FileSystemPreferences syncWorld
2026-07-03 17:37:01,061 [ERROR] LogOutputStream:75 - [STDERR_REDIRECT] WARNING: Couldn't flush system prefs: java.util.prefs.BackingStoreException: Couldn't get file lock.
2026-07-03 17:37:01,061 [ERROR] LogOutputStream:75 - [STDERR_REDIRECT] 
2026-07-03 17:37:31,061 [ERROR] LogOutputStream:75 - [STDERR_REDIRECT] Jul 03, 2026 5:37:31 PM java.util.prefs.FileSystemPreferences checkLockFile0ErrorCode
2026-07-03 17:37:31,062 [ERROR] LogOutputStream:75 - [STDERR_REDIRECT] WARNING: Could not lock System prefs. Unix error code 0.
2026-07-03 17:37:31,062 [ERROR] LogOutputStream:75 - [STDERR_REDIRECT] 
2026-07-03 17:37:31,064 [ERROR] LogOutputStream:75 - [STDERR_REDIRECT] Jul 03, 2026 5:37:31 PM java.util.prefs.FileSystemPreferences syncWorld
2026-07-03 17:37:31,065 [ERROR] LogOutputStream:75 - [STDERR_REDIRECT] WARNING: Couldn't flush system prefs: java.util.prefs.BackingStoreException: Couldn't get file lock.
2026-07-03 17:37:31,065 [ERROR] LogOutputStream:75 - [STDERR_REDIRECT] 
2026-07-03 17:38:01,096 [ERROR] LogOutputStream:75 - [STDERR_REDIRECT] Jul 03, 2026 5:38:01 PM java.util.prefs.FileSystemPreferences checkLockFile0ErrorCode
2026-07-03 17:38:01,102 [ERROR] LogOutputStream:75 - [STDERR_REDIRECT] WARNING: Could not lock System prefs. Unix error code 0.
2026-07-03 17:38:01,102 [ERROR] LogOutputStream:75 - [STDERR_REDIRECT] 
2026-07-03 17:38:01,103 [ERROR] LogOutputStream:75 - [STDERR_REDIRECT] Jul 03, 2026 5:38:01 PM java.util.prefs.FileSystemPreferences syncWorld
2026-07-03 17:38:01,103 [ERROR] LogOutputStream:75 - [STDERR_REDIRECT] WARNING: Couldn't flush system prefs: java.util.prefs.BackingStoreException: Couldn't get file lock.
2026-07-03 17:38:01,103 [ERROR] LogOutputStream:75 - [STDERR_REDIRECT] 
2026-07-03 17:38:31,065 [ERROR] LogOutputStream:75 - [STDERR_REDIRECT] Jul 03, 2026 5:38:31 PM java.util.prefs.FileSystemPreferences checkLockFile0ErrorCode
2026-07-03 17:38:31,066 [ERROR] LogOutputStream:75 - [STDERR_REDIRECT] WARNING: Could not lock System prefs. Unix error code 0.
2026-07-03 17:38:31,066 [ERROR] LogOutputStream:75 - [STDERR_REDIRECT] 
2026-07-03 17:38:31,066 [ERROR] LogOutputStream:75 - [STDERR_REDIRECT] Jul 03, 2026 5:38:31 PM java.util.prefs.FileSystemPreferences syncWorld
2026-07-03 17:38:31,066 [ERROR] LogOutputStream:75 - [STDERR_REDIRECT] WARNING: Couldn't flush system prefs: java.util.prefs.BackingStoreException: Couldn't get file lock.
2026-07-03 17:38:31,066 [ERROR] LogOutputStream:75 - [STDERR_REDIRECT] 
2026-07-03 17:39:01,066 [ERROR] LogOutputStream:75 - [STDERR_REDIRECT] Jul 03, 2026 5:39:01 PM java.util.prefs.FileSystemPreferences checkLockFile0ErrorCode
2026-07-03 17:39:01,067 [ERROR] LogOutputStream:75 - [STDERR_REDIRECT] WARNING: Could not lock System prefs. Unix error code 0.
2026-07-03 17:39:01,067 [ERROR] LogOutputStream:75 - [STDERR_REDIRECT] 
2026-07-03 17:39:01,069 [ERROR] LogOutputStream:75 - [STDERR_REDIRECT] Jul 03, 2026 5:39:01 PM java.util.prefs.FileSystemPreferences syncWorld
2026-07-03 17:39:01,069 [ERROR] LogOutputStream:75 - [STDERR_REDIRECT] WARNING: Couldn't flush system prefs: java.util.prefs.BackingStoreException: Couldn't get file lock.
2026-07-03 17:39:01,069 [ERROR] LogOutputStream:75 - [STDERR_REDIRECT] 
2026-07-03 17:39:31,083 [ERROR] LogOutputStream:75 - [STDERR_REDIRECT] Jul 03, 2026 5:39:31 PM java.util.prefs.FileSystemPreferences checkLockFile0ErrorCode
2026-07-03 17:39:31,084 [ERROR] LogOutputStream:75 - [STDERR_REDIRECT] WARNING: Could not lock System prefs. Unix error code 0.
2026-07-03 17:39:31,087 [ERROR] LogOutputStream:75 - [STDERR_REDIRECT] 
2026-07-03 17:39:31,087 [ERROR] LogOutputStream:75 - [STDERR_REDIRECT] Jul 03, 2026 5:39:31 PM java.util.prefs.FileSystemPreferences syncWorld
2026-07-03 17:39:31,088 [ERROR] LogOutputStream:75 - [STDERR_REDIRECT] WARNING: Couldn't flush system prefs: java.util.prefs.BackingStoreException: Couldn't get file lock.
2026-07-03 17:39:31,088 [ERROR] LogOutputStream:75 - [STDERR_REDIRECT] 
2026-07-03 17:40:01,069 [ERROR] LogOutputStream:75 - [STDERR_REDIRECT] Jul 03, 2026 5:40:01 PM java.util.prefs.FileSystemPreferences checkLockFile0ErrorCode
2026-07-03 17:40:01,072 [ERROR] LogOutputStream:75 - [STDERR_REDIRECT] WARNING: Could not lock System prefs. Unix error code 0.
2026-07-03 17:40:01,072 [ERROR] LogOutputStream:75 - [STDERR_REDIRECT] 
2026-07-03 17:40:01,073 [ERROR] LogOutputStream:75 - [STDERR_REDIRECT] Jul 03, 2026 5:40:01 PM java.util.prefs.FileSystemPreferences syncWorld
2026-07-03 17:40:01,075 [ERROR] LogOutputStream:75 - [STDERR_REDIRECT] WARNING: Couldn't flush system prefs: java.util.prefs.BackingStoreException: Couldn't get file lock.
2026-07-03 17:40:01,075 [ERROR] LogOutputStream:75 - [STDERR_REDIRECT] 
2026-07-03 17:40:31,071 [ERROR] LogOutputStream:75 - [STDERR_REDIRECT] Jul 03, 2026 5:40:31 PM java.util.prefs.FileSystemPreferences checkLockFile0ErrorCode
2026-07-03 17:40:31,072 [ERROR] LogOutputStream:75 - [STDERR_REDIRECT] WARNING: Could not lock System prefs. Unix error code 0.
2026-07-03 17:40:31,072 [ERROR] LogOutputStream:75 - [STDERR_REDIRECT] 
2026-07-03 17:40:31,073 [ERROR] LogOutputStream:75 - [STDERR_REDIRECT] Jul 03, 2026 5:40:31 PM java.util.prefs.FileSystemPreferences syncWorld
2026-07-03 17:40:31,073 [ERROR] LogOutputStream:75 - [STDERR_REDIRECT] WARNING: Couldn't flush system prefs: java.util.prefs.BackingStoreException: Couldn't get file lock.
2026-07-03 17:40:31,073 [ERROR] LogOutputStream:75 - [STDERR_REDIRECT] 
2026-07-03 17:41:01,072 [ERROR] LogOutputStream:75 - [STDERR_REDIRECT] Jul 03, 2026 5:41:01 PM java.util.prefs.FileSystemPreferences checkLockFile0ErrorCode
2026-07-03 17:41:01,073 [ERROR] LogOutputStream:75 - [STDERR_REDIRECT] WARNING: Could not lock System prefs. Unix error code 0.
2026-07-03 17:41:01,073 [ERROR] LogOutputStream:75 - [STDERR_REDIRECT] 
2026-07-03 17:41:01,073 [ERROR] LogOutputStream:75 - [STDERR_REDIRECT] Jul 03, 2026 5:41:01 PM java.util.prefs.FileSystemPreferences syncWorld
2026-07-03 17:41:01,073 [ERROR] LogOutputStream:75 - [STDERR_REDIRECT] WARNING: Couldn't flush system prefs: java.util.prefs.BackingStoreException: Couldn't get file lock.
2026-07-03 17:41:01,073 [ERROR] LogOutputStream:75 - [STDERR_REDIRECT] 
2026-07-03 17:41:31,212 [ERROR] LogOutputStream:75 - [STDERR_REDIRECT] Jul 03, 2026 5:41:31 PM java.util.prefs.FileSystemPreferences checkLockFile0ErrorCode
2026-07-03 17:41:31,213 [ERROR] LogOutputStream:75 - [STDERR_REDIRECT] WARNING: Could not lock System prefs. Unix error code 0.
2026-07-03 17:41:31,213 [ERROR] LogOutputStream:75 - [STDERR_REDIRECT] 
2026-07-03 17:41:31,213 [ERROR] LogOutputStream:75 - [STDERR_REDIRECT] Jul 03, 2026 5:41:31 PM java.util.prefs.FileSystemPreferences syncWorld
2026-07-03 17:41:31,213 [ERROR] LogOutputStream:75 - [STDERR_REDIRECT] WARNING: Couldn't flush system prefs: java.util.prefs.BackingStoreException: Couldn't get file lock.
2026-07-03 17:41:31,214 [ERROR] LogOutputStream:75 - [STDERR_REDIRECT] 
2026-07-03 17:42:01,078 [ERROR] LogOutputStream:75 - [STDERR_REDIRECT] Jul 03, 2026 5:42:01 PM java.util.prefs.FileSystemPreferences checkLockFile0ErrorCode
2026-07-03 17:42:01,079 [ERROR] LogOutputStream:75 - [STDERR_REDIRECT] WARNING: Could not lock System prefs. Unix error code 0.
2026-07-03 17:42:01,079 [ERROR] LogOutputStream:75 - [STDERR_REDIRECT] 
2026-07-03 17:42:01,080 [ERROR] LogOutputStream:75 - [STDERR_REDIRECT] Jul 03, 2026 5:42:01 PM java.util.prefs.FileSystemPreferences syncWorld
2026-07-03 17:42:01,080 [ERROR] LogOutputStream:75 - [STDERR_REDIRECT] WARNING: Couldn't flush system prefs: java.util.prefs.BackingStoreException: Couldn't get file lock.
2026-07-03 17:42:01,080 [ERROR] LogOutputStream:75 - [STDERR_REDIRECT] 
2026-07-03 17:42:31,155 [ERROR] LogOutputStream:75 - [STDERR_REDIRECT] Jul 03, 2026 5:42:31 PM java.util.prefs.FileSystemPreferences checkLockFile0ErrorCode
2026-07-03 17:42:31,157 [ERROR] LogOutputStream:75 - [STDERR_REDIRECT] WARNING: Could not lock System prefs. Unix error code 0.
2026-07-03 17:42:31,157 [ERROR] LogOutputStream:75 - [STDERR_REDIRECT] 
2026-07-03 17:42:31,161 [ERROR] LogOutputStream:75 - [STDERR_REDIRECT] Jul 03, 2026 5:42:31 PM java.util.prefs.FileSystemPreferences syncWorld
2026-07-03 17:42:31,161 [ERROR] LogOutputStream:75 - [STDERR_REDIRECT] WARNING: Couldn't flush system prefs: java.util.prefs.BackingStoreException: Couldn't get file lock.
2026-07-03 17:42:31,161 [ERROR] LogOutputStream:75 - [STDERR_REDIRECT] 
2026-07-03 17:43:01,103 [ERROR] LogOutputStream:75 - [STDERR_REDIRECT] Jul 03, 2026 5:43:01 PM java.util.prefs.FileSystemPreferences checkLockFile0ErrorCode
2026-07-03 17:43:01,104 [ERROR] LogOutputStream:75 - [STDERR_REDIRECT] WARNING: Could not lock System prefs. Unix error code 0.
2026-07-03 17:43:01,105 [ERROR] LogOutputStream:75 - [STDERR_REDIRECT] 
2026-07-03 17:43:01,108 [ERROR] LogOutputStream:75 - [STDERR_REDIRECT] Jul 03, 2026 5:43:01 PM java.util.prefs.FileSystemPreferences syncWorld
2026-07-03 17:43:01,109 [ERROR] LogOutputStream:75 - [STDERR_REDIRECT] WARNING: Couldn't flush system prefs: java.util.prefs.BackingStoreException: Couldn't get file lock.
2026-07-03 17:43:01,110 [ERROR] LogOutputStream:75 - [STDERR_REDIRECT] 
2026-07-03 17:43:31,091 [ERROR] LogOutputStream:75 - [STDERR_REDIRECT] Jul 03, 2026 5:43:31 PM java.util.prefs.FileSystemPreferences checkLockFile0ErrorCode
2026-07-03 17:43:31,091 [ERROR] LogOutputStream:75 - [STDERR_REDIRECT] WARNING: Could not lock System prefs. Unix error code 0.
2026-07-03 17:43:31,092 [ERROR] LogOutputStream:75 - [STDERR_REDIRECT] 
2026-07-03 17:43:31,094 [ERROR] LogOutputStream:75 - [STDERR_REDIRECT] Jul 03, 2026 5:43:31 PM java.util.prefs.FileSystemPreferences syncWorld
2026-07-03 17:43:31,094 [ERROR] LogOutputStream:75 - [STDERR_REDIRECT] WARNING: Couldn't flush system prefs: java.util.prefs.BackingStoreException: Couldn't get file lock.
2026-07-03 17:43:31,094 [ERROR] LogOutputStream:75 - [STDERR_REDIRECT] 
2026-07-03 17:44:01,089 [ERROR] LogOutputStream:75 - [STDERR_REDIRECT] Jul 03, 2026 5:44:01 PM java.util.prefs.FileSystemPreferences checkLockFile0ErrorCode
2026-07-03 17:44:01,093 [ERROR] LogOutputStream:75 - [STDERR_REDIRECT] WARNING: Could not lock System prefs. Unix error code 0.
2026-07-03 17:44:01,096 [ERROR] LogOutputStream:75 - [STDERR_REDIRECT] 
2026-07-03 17:44:01,098 [ERROR] LogOutputStream:75 - [STDERR_REDIRECT] Jul 03, 2026 5:44:01 PM java.util.prefs.FileSystemPreferences syncWorld
2026-07-03 17:44:01,099 [ERROR] LogOutputStream:75 - [STDERR_REDIRECT] WARNING: Couldn't flush system prefs: java.util.prefs.BackingStoreException: Couldn't get file lock.
2026-07-03 17:44:01,099 [ERROR] LogOutputStream:75 - [STDERR_REDIRECT] 
2026-07-03 17:44:31,087 [ERROR] LogOutputStream:75 - [STDERR_REDIRECT] Jul 03, 2026 5:44:31 PM java.util.prefs.FileSystemPreferences checkLockFile0ErrorCode
2026-07-03 17:44:31,087 [ERROR] LogOutputStream:75 - [STDERR_REDIRECT] WARNING: Could not lock System prefs. Unix error code 0.
2026-07-03 17:44:31,087 [ERROR] LogOutputStream:75 - [STDERR_REDIRECT] 
2026-07-03 17:44:31,088 [ERROR] LogOutputStream:75 - [STDERR_REDIRECT] Jul 03, 2026 5:44:31 PM java.util.prefs.FileSystemPreferences syncWorld
2026-07-03 17:44:31,088 [ERROR] LogOutputStream:75 - [STDERR_REDIRECT] WARNING: Couldn't flush system prefs: java.util.prefs.BackingStoreException: Couldn't get file lock.
2026-07-03 17:44:31,088 [ERROR] LogOutputStream:75 - [STDERR_REDIRECT] 
2026-07-03 17:45:01,091 [ERROR] LogOutputStream:75 - [STDERR_REDIRECT] Jul 03, 2026 5:45:01 PM java.util.prefs.FileSystemPreferences checkLockFile0ErrorCode
2026-07-03 17:45:01,092 [ERROR] LogOutputStream:75 - [STDERR_REDIRECT] WARNING: Could not lock System prefs. Unix error code 0.
2026-07-03 17:45:01,092 [ERROR] LogOutputStream:75 - [STDERR_REDIRECT] 
2026-07-03 17:45:01,095 [ERROR] LogOutputStream:75 - [STDERR_REDIRECT] Jul 03, 2026 5:45:01 PM java.util.prefs.FileSystemPreferences syncWorld
2026-07-03 17:45:01,096 [ERROR] LogOutputStream:75 - [STDERR_REDIRECT] WARNING: Couldn't flush system prefs: java.util.prefs.BackingStoreException: Couldn't get file lock.
2026-07-03 17:45:01,096 [ERROR] LogOutputStream:75 - [STDERR_REDIRECT] 
2026-07-03 17:45:31,094 [ERROR] LogOutputStream:75 - [STDERR_REDIRECT] Jul 03, 2026 5:45:31 PM java.util.prefs.FileSystemPreferences checkLockFile0ErrorCode
2026-07-03 17:45:31,094 [ERROR] LogOutputStream:75 - [STDERR_REDIRECT] WARNING: Could not lock System prefs. Unix error code 0.
2026-07-03 17:45:31,094 [ERROR] LogOutputStream:75 - [STDERR_REDIRECT] 
2026-07-03 17:45:31,094 [ERROR] LogOutputStream:75 - [STDERR_REDIRECT] Jul 03, 2026 5:45:31 PM java.util.prefs.FileSystemPreferences syncWorld
2026-07-03 17:45:31,094 [ERROR] LogOutputStream:75 - [STDERR_REDIRECT] WARNING: Couldn't flush system prefs: java.util.prefs.BackingStoreException: Couldn't get file lock.
2026-07-03 17:45:31,094 [ERROR] LogOutputStream:75 - [STDERR_REDIRECT] 
2026-07-03 17:46:01,094 [ERROR] LogOutputStream:75 - [STDERR_REDIRECT] Jul 03, 2026 5:46:01 PM java.util.prefs.FileSystemPreferences checkLockFile0ErrorCode
2026-07-03 17:46:01,094 [ERROR] LogOutputStream:75 - [STDERR_REDIRECT] WARNING: Could not lock System prefs. Unix error code 0.
2026-07-03 17:46:01,094 [ERROR] LogOutputStream:75 - [STDERR_REDIRECT] 
2026-07-03 17:46:01,094 [ERROR] LogOutputStream:75 - [STDERR_REDIRECT] Jul 03, 2026 5:46:01 PM java.util.prefs.FileSystemPreferences syncWorld
2026-07-03 17:46:01,095 [ERROR] LogOutputStream:75 - [STDERR_REDIRECT] WARNING: Couldn't flush system prefs: java.util.prefs.BackingStoreException: Couldn't get file lock.
2026-07-03 17:46:01,095 [ERROR] LogOutputStream:75 - [STDERR_REDIRECT] 
2026-07-03 17:46:31,099 [ERROR] LogOutputStream:75 - [STDERR_REDIRECT] Jul 03, 2026 5:46:31 PM java.util.prefs.FileSystemPreferences checkLockFile0ErrorCode
2026-07-03 17:46:31,102 [ERROR] LogOutputStream:75 - [STDERR_REDIRECT] WARNING: Could not lock System prefs. Unix error code 0.
2026-07-03 17:46:31,102 [ERROR] LogOutputStream:75 - [STDERR_REDIRECT] 
2026-07-03 17:46:31,106 [ERROR] LogOutputStream:75 - [STDERR_REDIRECT] Jul 03, 2026 5:46:31 PM java.util.prefs.FileSystemPreferences syncWorld
2026-07-03 17:46:31,108 [ERROR] LogOutputStream:75 - [STDERR_REDIRECT] WARNING: Couldn't flush system prefs: java.util.prefs.BackingStoreException: Couldn't get file lock.
2026-07-03 17:46:31,110 [ERROR] LogOutputStream:75 - [STDERR_REDIRECT] 
2026-07-03 17:47:01,193 [ERROR] LogOutputStream:75 - [STDERR_REDIRECT] Jul 03, 2026 5:47:01 PM java.util.prefs.FileSystemPreferences checkLockFile0ErrorCode
2026-07-03 17:47:01,194 [ERROR] LogOutputStream:75 - [STDERR_REDIRECT] WARNING: Could not lock System prefs. Unix error code 0.
2026-07-03 17:47:01,198 [ERROR] LogOutputStream:75 - [STDERR_REDIRECT] 
2026-07-03 17:47:01,201 [ERROR] LogOutputStream:75 - [STDERR_REDIRECT] Jul 03, 2026 5:47:01 PM java.util.prefs.FileSystemPreferences syncWorld
2026-07-03 17:47:01,202 [ERROR] LogOutputStream:75 - [STDERR_REDIRECT] WARNING: Couldn't flush system prefs: java.util.prefs.BackingStoreException: Couldn't get file lock.
2026-07-03 17:47:01,205 [ERROR] LogOutputStream:75 - [STDERR_REDIRECT] 
2026-07-03 17:47:31,102 [ERROR] LogOutputStream:75 - [STDERR_REDIRECT] Jul 03, 2026 5:47:31 PM java.util.prefs.FileSystemPreferences checkLockFile0ErrorCode
2026-07-03 17:47:31,105 [ERROR] LogOutputStream:75 - [STDERR_REDIRECT] WARNING: Could not lock System prefs. Unix error code 0.
2026-07-03 17:47:31,107 [ERROR] LogOutputStream:75 - [STDERR_REDIRECT] 
2026-07-03 17:47:31,108 [ERROR] LogOutputStream:75 - [STDERR_REDIRECT] Jul 03, 2026 5:47:31 PM java.util.prefs.FileSystemPreferences syncWorld
2026-07-03 17:47:31,110 [ERROR] LogOutputStream:75 - [STDERR_REDIRECT] WARNING: Couldn't flush system prefs: java.util.prefs.BackingStoreException: Couldn't get file lock.
2026-07-03 17:47:31,110 [ERROR] LogOutputStream:75 - [STDERR_REDIRECT] 
2026-07-03 17:48:01,128 [ERROR] LogOutputStream:75 - [STDERR_REDIRECT] Jul 03, 2026 5:48:01 PM java.util.prefs.FileSystemPreferences checkLockFile0ErrorCode
2026-07-03 17:48:01,128 [ERROR] LogOutputStream:75 - [STDERR_REDIRECT] WARNING: Could not lock System prefs. Unix error code 0.
2026-07-03 17:48:01,128 [ERROR] LogOutputStream:75 - [STDERR_REDIRECT] 
2026-07-03 17:48:01,128 [ERROR] LogOutputStream:75 - [STDERR_REDIRECT] Jul 03, 2026 5:48:01 PM java.util.prefs.FileSystemPreferences syncWorld
2026-07-03 17:48:01,129 [ERROR] LogOutputStream:75 - [STDERR_REDIRECT] WARNING: Couldn't flush system prefs: java.util.prefs.BackingStoreException: Couldn't get file lock.
2026-07-03 17:48:01,129 [ERROR] LogOutputStream:75 - [STDERR_REDIRECT] 
2026-07-03 17:48:31,208 [ERROR] LogOutputStream:75 - [STDERR_REDIRECT] Jul 03, 2026 5:48:31 PM java.util.prefs.FileSystemPreferences checkLockFile0ErrorCode
2026-07-03 17:48:31,212 [ERROR] LogOutputStream:75 - [STDERR_REDIRECT] WARNING: Could not lock System prefs. Unix error code 0.
2026-07-03 17:48:31,213 [ERROR] LogOutputStream:75 - [STDERR_REDIRECT] 
2026-07-03 17:48:31,214 [ERROR] LogOutputStream:75 - [STDERR_REDIRECT] Jul 03, 2026 5:48:31 PM java.util.prefs.FileSystemPreferences syncWorld
2026-07-03 17:48:31,217 [ERROR] LogOutputStream:75 - [STDERR_REDIRECT] WARNING: Couldn't flush system prefs: java.util.prefs.BackingStoreException: Couldn't get file lock.
2026-07-03 17:48:31,218 [ERROR] LogOutputStream:75 - [STDERR_REDIRECT] 
2026-07-03 17:49:01,111 [ERROR] LogOutputStream:75 - [STDERR_REDIRECT] Jul 03, 2026 5:49:01 PM java.util.prefs.FileSystemPreferences checkLockFile0ErrorCode
2026-07-03 17:49:01,111 [ERROR] LogOutputStream:75 - [STDERR_REDIRECT] WARNING: Could not lock System prefs. Unix error code 0.
2026-07-03 17:49:01,111 [ERROR] LogOutputStream:75 - [STDERR_REDIRECT] 
2026-07-03 17:49:01,112 [ERROR] LogOutputStream:75 - [STDERR_REDIRECT] Jul 03, 2026 5:49:01 PM java.util.prefs.FileSystemPreferences syncWorld
2026-07-03 17:49:01,112 [ERROR] LogOutputStream:75 - [STDERR_REDIRECT] WARNING: Couldn't flush system prefs: java.util.prefs.BackingStoreException: Couldn't get file lock.
2026-07-03 17:49:01,112 [ERROR] LogOutputStream:75 - [STDERR_REDIRECT] 
2026-07-03 17:49:31,113 [ERROR] LogOutputStream:75 - [STDERR_REDIRECT] Jul 03, 2026 5:49:31 PM java.util.prefs.FileSystemPreferences checkLockFile0ErrorCode
2026-07-03 17:49:31,115 [ERROR] LogOutputStream:75 - [STDERR_REDIRECT] WARNING: Could not lock System prefs. Unix error code 0.
2026-07-03 17:49:31,115 [ERROR] LogOutputStream:75 - [STDERR_REDIRECT] 
2026-07-03 17:49:31,116 [ERROR] LogOutputStream:75 - [STDERR_REDIRECT] Jul 03, 2026 5:49:31 PM java.util.prefs.FileSystemPreferences syncWorld
2026-07-03 17:49:31,119 [ERROR] LogOutputStream:75 - [STDERR_REDIRECT] WARNING: Couldn't flush system prefs: java.util.prefs.BackingStoreException: Couldn't get file lock.
2026-07-03 17:49:31,120 [ERROR] LogOutputStream:75 - [STDERR_REDIRECT] 
2026-07-03 17:50:01,114 [ERROR] LogOutputStream:75 - [STDERR_REDIRECT] Jul 03, 2026 5:50:01 PM java.util.prefs.FileSystemPreferences checkLockFile0ErrorCode
2026-07-03 17:50:01,114 [ERROR] LogOutputStream:75 - [STDERR_REDIRECT] WARNING: Could not lock System prefs. Unix error code 0.
2026-07-03 17:50:01,114 [ERROR] LogOutputStream:75 - [STDERR_REDIRECT] 
2026-07-03 17:50:01,115 [ERROR] LogOutputStream:75 - [STDERR_REDIRECT] Jul 03, 2026 5:50:01 PM java.util.prefs.FileSystemPreferences syncWorld
2026-07-03 17:50:01,118 [ERROR] LogOutputStream:75 - [STDERR_REDIRECT] WARNING: Couldn't flush system prefs: java.util.prefs.BackingStoreException: Couldn't get file lock.
2026-07-03 17:50:01,120 [ERROR] LogOutputStream:75 - [STDERR_REDIRECT] 
2026-07-03 17:50:31,182 [ERROR] LogOutputStream:75 - [STDERR_REDIRECT] Jul 03, 2026 5:50:31 PM java.util.prefs.FileSystemPreferences checkLockFile0ErrorCode
2026-07-03 17:50:31,182 [ERROR] LogOutputStream:75 - [STDERR_REDIRECT] WARNING: Could not lock System prefs. Unix error code 0.
2026-07-03 17:50:31,182 [ERROR] LogOutputStream:75 - [STDERR_REDIRECT] 
2026-07-03 17:50:31,183 [ERROR] LogOutputStream:75 - [STDERR_REDIRECT] Jul 03, 2026 5:50:31 PM java.util.prefs.FileSystemPreferences syncWorld
2026-07-03 17:50:31,183 [ERROR] LogOutputStream:75 - [STDERR_REDIRECT] WARNING: Couldn't flush system prefs: java.util.prefs.BackingStoreException: Couldn't get file lock.
2026-07-03 17:50:31,183 [ERROR] LogOutputStream:75 - [STDERR_REDIRECT] 
2026-07-03 17:51:01,183 [ERROR] LogOutputStream:75 - [STDERR_REDIRECT] Jul 03, 2026 5:51:01 PM java.util.prefs.FileSystemPreferences checkLockFile0ErrorCode
2026-07-03 17:51:01,184 [ERROR] LogOutputStream:75 - [STDERR_REDIRECT] WARNING: Could not lock System prefs. Unix error code 0.
2026-07-03 17:51:01,185 [ERROR] LogOutputStream:75 - [STDERR_REDIRECT] 
2026-07-03 17:51:01,187 [ERROR] LogOutputStream:75 - [STDERR_REDIRECT] Jul 03, 2026 5:51:01 PM java.util.prefs.FileSystemPreferences syncWorld
2026-07-03 17:51:01,187 [ERROR] LogOutputStream:75 - [STDERR_REDIRECT] WARNING: Couldn't flush system prefs: java.util.prefs.BackingStoreException: Couldn't get file lock.
2026-07-03 17:51:01,188 [ERROR] LogOutputStream:75 - [STDERR_REDIRECT] 
2026-07-03 17:51:31,184 [ERROR] LogOutputStream:75 - [STDERR_REDIRECT] Jul 03, 2026 5:51:31 PM java.util.prefs.FileSystemPreferences checkLockFile0ErrorCode
2026-07-03 17:51:31,184 [ERROR] LogOutputStream:75 - [STDERR_REDIRECT] WARNING: Could not lock System prefs. Unix error code 0.
2026-07-03 17:51:31,185 [ERROR] LogOutputStream:75 - [STDERR_REDIRECT] 
2026-07-03 17:51:31,187 [ERROR] LogOutputStream:75 - [STDERR_REDIRECT] Jul 03, 2026 5:51:31 PM java.util.prefs.FileSystemPreferences syncWorld
2026-07-03 17:51:31,187 [ERROR] LogOutputStream:75 - [STDERR_REDIRECT] WARNING: Couldn't flush system prefs: java.util.prefs.BackingStoreException: Couldn't get file lock.
2026-07-03 17:51:31,188 [ERROR] LogOutputStream:75 - [STDERR_REDIRECT] 
2026-07-03 17:52:01,212 [ERROR] LogOutputStream:75 - [STDERR_REDIRECT] Jul 03, 2026 5:52:01 PM java.util.prefs.FileSystemPreferences checkLockFile0ErrorCode
2026-07-03 17:52:01,212 [ERROR] LogOutputStream:75 - [STDERR_REDIRECT] WARNING: Could not lock System prefs. Unix error code 0.
2026-07-03 17:52:01,212 [ERROR] LogOutputStream:75 - [STDERR_REDIRECT] 
2026-07-03 17:52:01,212 [ERROR] LogOutputStream:75 - [STDERR_REDIRECT] Jul 03, 2026 5:52:01 PM java.util.prefs.FileSystemPreferences syncWorld
2026-07-03 17:52:01,213 [ERROR] LogOutputStream:75 - [STDERR_REDIRECT] WARNING: Couldn't flush system prefs: java.util.prefs.BackingStoreException: Couldn't get file lock.
2026-07-03 17:52:01,213 [ERROR] LogOutputStream:75 - [STDERR_REDIRECT] 
2026-07-03 17:52:31,230 [ERROR] LogOutputStream:75 - [STDERR_REDIRECT] Jul 03, 2026 5:52:31 PM java.util.prefs.FileSystemPreferences checkLockFile0ErrorCode
2026-07-03 17:52:31,230 [ERROR] LogOutputStream:75 - [STDERR_REDIRECT] WARNING: Could not lock System prefs. Unix error code 0.
2026-07-03 17:52:31,230 [ERROR] LogOutputStream:75 - [STDERR_REDIRECT] 
2026-07-03 17:52:31,230 [ERROR] LogOutputStream:75 - [STDERR_REDIRECT] Jul 03, 2026 5:52:31 PM java.util.prefs.FileSystemPreferences syncWorld
2026-07-03 17:52:31,230 [ERROR] LogOutputStream:75 - [STDERR_REDIRECT] WARNING: Couldn't flush system prefs: java.util.prefs.BackingStoreException: Couldn't get file lock.
2026-07-03 17:52:31,231 [ERROR] LogOutputStream:75 - [STDERR_REDIRECT] 
2026-07-03 17:53:01,189 [ERROR] LogOutputStream:75 - [STDERR_REDIRECT] Jul 03, 2026 5:53:01 PM java.util.prefs.FileSystemPreferences checkLockFile0ErrorCode
2026-07-03 17:53:01,190 [ERROR] LogOutputStream:75 - [STDERR_REDIRECT] WARNING: Could not lock System prefs. Unix error code 0.
2026-07-03 17:53:01,190 [ERROR] LogOutputStream:75 - [STDERR_REDIRECT] 
2026-07-03 17:53:01,190 [ERROR] LogOutputStream:75 - [STDERR_REDIRECT] Jul 03, 2026 5:53:01 PM java.util.prefs.FileSystemPreferences syncWorld
2026-07-03 17:53:01,190 [ERROR] LogOutputStream:75 - [STDERR_REDIRECT] WARNING: Couldn't flush system prefs: java.util.prefs.BackingStoreException: Couldn't get file lock.
2026-07-03 17:53:01,190 [ERROR] LogOutputStream:75 - [STDERR_REDIRECT] 
2026-07-03 17:53:31,193 [ERROR] LogOutputStream:75 - [STDERR_REDIRECT] Jul 03, 2026 5:53:31 PM java.util.prefs.FileSystemPreferences checkLockFile0ErrorCode
2026-07-03 17:53:31,196 [ERROR] LogOutputStream:75 - [STDERR_REDIRECT] WARNING: Could not lock System prefs. Unix error code 0.
2026-07-03 17:53:31,196 [ERROR] LogOutputStream:75 - [STDERR_REDIRECT] 
2026-07-03 17:53:31,196 [ERROR] LogOutputStream:75 - [STDERR_REDIRECT] Jul 03, 2026 5:53:31 PM java.util.prefs.FileSystemPreferences syncWorld
2026-07-03 17:53:31,196 [ERROR] LogOutputStream:75 - [STDERR_REDIRECT] WARNING: Couldn't flush system prefs: java.util.prefs.BackingStoreException: Couldn't get file lock.
2026-07-03 17:53:31,196 [ERROR] LogOutputStream:75 - [STDERR_REDIRECT] 
2026-07-03 17:54:01,199 [ERROR] LogOutputStream:75 - [STDERR_REDIRECT] Jul 03, 2026 5:54:01 PM java.util.prefs.FileSystemPreferences checkLockFile0ErrorCode
2026-07-03 17:54:01,199 [ERROR] LogOutputStream:75 - [STDERR_REDIRECT] WARNING: Could not lock System prefs. Unix error code 0.
2026-07-03 17:54:01,199 [ERROR] LogOutputStream:75 - [STDERR_REDIRECT] 
2026-07-03 17:54:01,200 [ERROR] LogOutputStream:75 - [STDERR_REDIRECT] Jul 03, 2026 5:54:01 PM java.util.prefs.FileSystemPreferences syncWorld
2026-07-03 17:54:01,206 [ERROR] LogOutputStream:75 - [STDERR_REDIRECT] WARNING: Couldn't flush system prefs: java.util.prefs.BackingStoreException: Couldn't get file lock.
2026-07-03 17:54:01,206 [ERROR] LogOutputStream:75 - [STDERR_REDIRECT] 
2026-07-03 17:54:31,197 [ERROR] LogOutputStream:75 - [STDERR_REDIRECT] Jul 03, 2026 5:54:31 PM java.util.prefs.FileSystemPreferences checkLockFile0ErrorCode
2026-07-03 17:54:31,197 [ERROR] LogOutputStream:75 - [STDERR_REDIRECT] WARNING: Could not lock System prefs. Unix error code 0.
2026-07-03 17:54:31,198 [ERROR] LogOutputStream:75 - [STDERR_REDIRECT] 
2026-07-03 17:54:31,198 [ERROR] LogOutputStream:75 - [STDERR_REDIRECT] Jul 03, 2026 5:54:31 PM java.util.prefs.FileSystemPreferences syncWorld
2026-07-03 17:54:31,198 [ERROR] LogOutputStream:75 - [STDERR_REDIRECT] WARNING: Couldn't flush system prefs: java.util.prefs.BackingStoreException: Couldn't get file lock.
2026-07-03 17:54:31,198 [ERROR] LogOutputStream:75 - [STDERR_REDIRECT] 
2026-07-03 17:55:01,197 [ERROR] LogOutputStream:75 - [STDERR_REDIRECT] Jul 03, 2026 5:55:01 PM java.util.prefs.FileSystemPreferences checkLockFile0ErrorCode
2026-07-03 17:55:01,200 [ERROR] LogOutputStream:75 - [STDERR_REDIRECT] WARNING: Could not lock System prefs. Unix error code 0.
2026-07-03 17:55:01,200 [ERROR] LogOutputStream:75 - [STDERR_REDIRECT] 
2026-07-03 17:55:01,202 [ERROR] LogOutputStream:75 - [STDERR_REDIRECT] Jul 03, 2026 5:55:01 PM java.util.prefs.FileSystemPreferences syncWorld
2026-07-03 17:55:01,203 [ERROR] LogOutputStream:75 - [STDERR_REDIRECT] WARNING: Couldn't flush system prefs: java.util.prefs.BackingStoreException: Couldn't get file lock.
2026-07-03 17:55:01,203 [ERROR] LogOutputStream:75 - [STDERR_REDIRECT] 
2026-07-03 17:55:31,202 [ERROR] LogOutputStream:75 - [STDERR_REDIRECT] Jul 03, 2026 5:55:31 PM java.util.prefs.FileSystemPreferences checkLockFile0ErrorCode
2026-07-03 17:55:31,203 [ERROR] LogOutputStream:75 - [STDERR_REDIRECT] WARNING: Could not lock System prefs. Unix error code 0.
2026-07-03 17:55:31,210 [ERROR] LogOutputStream:75 - [STDERR_REDIRECT] 
2026-07-03 17:55:31,213 [ERROR] LogOutputStream:75 - [STDERR_REDIRECT] Jul 03, 2026 5:55:31 PM java.util.prefs.FileSystemPreferences syncWorld
2026-07-03 17:55:31,216 [ERROR] LogOutputStream:75 - [STDERR_REDIRECT] WARNING: Couldn't flush system prefs: java.util.prefs.BackingStoreException: Couldn't get file lock.
2026-07-03 17:55:31,218 [ERROR] LogOutputStream:75 - [STDERR_REDIRECT] 
2026-07-03 17:56:01,202 [ERROR] LogOutputStream:75 - [STDERR_REDIRECT] Jul 03, 2026 5:56:01 PM java.util.prefs.FileSystemPreferences checkLockFile0ErrorCode
2026-07-03 17:56:01,203 [ERROR] LogOutputStream:75 - [STDERR_REDIRECT] WARNING: Could not lock System prefs. Unix error code 0.
2026-07-03 17:56:01,203 [ERROR] LogOutputStream:75 - [STDERR_REDIRECT] 
2026-07-03 17:56:01,205 [ERROR] LogOutputStream:75 - [STDERR_REDIRECT] Jul 03, 2026 5:56:01 PM java.util.prefs.FileSystemPreferences syncWorld
2026-07-03 17:56:01,206 [ERROR] LogOutputStream:75 - [STDERR_REDIRECT] WARNING: Couldn't flush system prefs: java.util.prefs.BackingStoreException: Couldn't get file lock.
2026-07-03 17:56:01,206 [ERROR] LogOutputStream:75 - [STDERR_REDIRECT] 
2026-07-03 17:56:31,249 [ERROR] LogOutputStream:75 - [STDERR_REDIRECT] Jul 03, 2026 5:56:31 PM java.util.prefs.FileSystemPreferences checkLockFile0ErrorCode
2026-07-03 17:56:31,250 [ERROR] LogOutputStream:75 - [STDERR_REDIRECT] WARNING: Could not lock System prefs. Unix error code 0.
2026-07-03 17:56:31,250 [ERROR] LogOutputStream:75 - [STDERR_REDIRECT] 
2026-07-03 17:56:31,250 [ERROR] LogOutputStream:75 - [STDERR_REDIRECT] Jul 03, 2026 5:56:31 PM java.util.prefs.FileSystemPreferences syncWorld
2026-07-03 17:56:31,250 [ERROR] LogOutputStream:75 - [STDERR_REDIRECT] WARNING: Couldn't flush system prefs: java.util.prefs.BackingStoreException: Couldn't get file lock.
2026-07-03 17:56:31,250 [ERROR] LogOutputStream:75 - [STDERR_REDIRECT] 
2026-07-03 17:57:01,252 [ERROR] LogOutputStream:75 - [STDERR_REDIRECT] Jul 03, 2026 5:57:01 PM java.util.prefs.FileSystemPreferences checkLockFile0ErrorCode
2026-07-03 17:57:01,253 [ERROR] LogOutputStream:75 - [STDERR_REDIRECT] WARNING: Could not lock System prefs. Unix error code 0.
2026-07-03 17:57:01,253 [ERROR] LogOutputStream:75 - [STDERR_REDIRECT] 
2026-07-03 17:57:01,255 [ERROR] LogOutputStream:75 - [STDERR_REDIRECT] Jul 03, 2026 5:57:01 PM java.util.prefs.FileSystemPreferences syncWorld
2026-07-03 17:57:01,255 [ERROR] LogOutputStream:75 - [STDERR_REDIRECT] WARNING: Couldn't flush system prefs: java.util.prefs.BackingStoreException: Couldn't get file lock.
2026-07-03 17:57:01,255 [ERROR] LogOutputStream:75 - [STDERR_REDIRECT] 
2026-07-03 17:57:31,207 [ERROR] LogOutputStream:75 - [STDERR_REDIRECT] Jul 03, 2026 5:57:31 PM java.util.prefs.FileSystemPreferences checkLockFile0ErrorCode
2026-07-03 17:57:31,207 [ERROR] LogOutputStream:75 - [STDERR_REDIRECT] WARNING: Could not lock System prefs. Unix error code 0.
2026-07-03 17:57:31,207 [ERROR] LogOutputStream:75 - [STDERR_REDIRECT] 
2026-07-03 17:57:31,207 [ERROR] LogOutputStream:75 - [STDERR_REDIRECT] Jul 03, 2026 5:57:31 PM java.util.prefs.FileSystemPreferences syncWorld
2026-07-03 17:57:31,208 [ERROR] LogOutputStream:75 - [STDERR_REDIRECT] WARNING: Couldn't flush system prefs: java.util.prefs.BackingStoreException: Couldn't get file lock.
2026-07-03 17:57:31,208 [ERROR] LogOutputStream:75 - [STDERR_REDIRECT] 
2026-07-03 17:58:01,213 [ERROR] LogOutputStream:75 - [STDERR_REDIRECT] Jul 03, 2026 5:58:01 PM java.util.prefs.FileSystemPreferences checkLockFile0ErrorCode
2026-07-03 17:58:01,213 [ERROR] LogOutputStream:75 - [STDERR_REDIRECT] WARNING: Could not lock System prefs. Unix error code 0.
2026-07-03 17:58:01,213 [ERROR] LogOutputStream:75 - [STDERR_REDIRECT] 
2026-07-03 17:58:01,213 [ERROR] LogOutputStream:75 - [STDERR_REDIRECT] Jul 03, 2026 5:58:01 PM java.util.prefs.FileSystemPreferences syncWorld
2026-07-03 17:58:01,213 [ERROR] LogOutputStream:75 - [STDERR_REDIRECT] WARNING: Couldn't flush system prefs: java.util.prefs.BackingStoreException: Couldn't get file lock.
2026-07-03 17:58:01,213 [ERROR] LogOutputStream:75 - [STDERR_REDIRECT] 
2026-07-03 17:58:31,224 [ERROR] LogOutputStream:75 - [STDERR_REDIRECT] Jul 03, 2026 5:58:31 PM java.util.prefs.FileSystemPreferences checkLockFile0ErrorCode
2026-07-03 17:58:31,226 [ERROR] LogOutputStream:75 - [STDERR_REDIRECT] WARNING: Could not lock System prefs. Unix error code 0.
2026-07-03 17:58:31,227 [ERROR] LogOutputStream:75 - [STDERR_REDIRECT] 
2026-07-03 17:58:31,227 [ERROR] LogOutputStream:75 - [STDERR_REDIRECT] Jul 03, 2026 5:58:31 PM java.util.prefs.FileSystemPreferences syncWorld
2026-07-03 17:58:31,227 [ERROR] LogOutputStream:75 - [STDERR_REDIRECT] WARNING: Couldn't flush system prefs: java.util.prefs.BackingStoreException: Couldn't get file lock.
2026-07-03 17:58:31,228 [ERROR] LogOutputStream:75 - [STDERR_REDIRECT] 
2026-07-03 17:59:01,216 [ERROR] LogOutputStream:75 - [STDERR_REDIRECT] Jul 03, 2026 5:59:01 PM java.util.prefs.FileSystemPreferences checkLockFile0ErrorCode
2026-07-03 17:59:01,216 [ERROR] LogOutputStream:75 - [STDERR_REDIRECT] WARNING: Could not lock System prefs. Unix error code 0.
2026-07-03 17:59:01,216 [ERROR] LogOutputStream:75 - [STDERR_REDIRECT] 
2026-07-03 17:59:01,218 [ERROR] LogOutputStream:75 - [STDERR_REDIRECT] Jul 03, 2026 5:59:01 PM java.util.prefs.FileSystemPreferences syncWorld
2026-07-03 17:59:01,218 [ERROR] LogOutputStream:75 - [STDERR_REDIRECT] WARNING: Couldn't flush system prefs: java.util.prefs.BackingStoreException: Couldn't get file lock.
2026-07-03 17:59:01,218 [ERROR] LogOutputStream:75 - [STDERR_REDIRECT] 
2026-07-03 17:59:31,221 [ERROR] LogOutputStream:75 - [STDERR_REDIRECT] Jul 03, 2026 5:59:31 PM java.util.prefs.FileSystemPreferences checkLockFile0ErrorCode
2026-07-03 17:59:31,223 [ERROR] LogOutputStream:75 - [STDERR_REDIRECT] WARNING: Could not lock System prefs. Unix error code 0.
2026-07-03 17:59:31,224 [ERROR] LogOutputStream:75 - [STDERR_REDIRECT] 
2026-07-03 17:59:31,227 [ERROR] LogOutputStream:75 - [STDERR_REDIRECT] Jul 03, 2026 5:59:31 PM java.util.prefs.FileSystemPreferences syncWorld
2026-07-03 17:59:31,227 [ERROR] LogOutputStream:75 - [STDERR_REDIRECT] WARNING: Couldn't flush system prefs: java.util.prefs.BackingStoreException: Couldn't get file lock.
2026-07-03 17:59:31,228 [ERROR] LogOutputStream:75 - [STDERR_REDIRECT] 
2026-07-03 18:00:01,227 [ERROR] LogOutputStream:75 - [STDERR_REDIRECT] Jul 03, 2026 6:00:01 PM java.util.prefs.FileSystemPreferences checkLockFile0ErrorCode
2026-07-03 18:00:01,228 [ERROR] LogOutputStream:75 - [STDERR_REDIRECT] WARNING: Could not lock System prefs. Unix error code 0.
2026-07-03 18:00:01,228 [ERROR] LogOutputStream:75 - [STDERR_REDIRECT] 
2026-07-03 18:00:01,228 [ERROR] LogOutputStream:75 - [STDERR_REDIRECT] Jul 03, 2026 6:00:01 PM java.util.prefs.FileSystemPreferences syncWorld
2026-07-03 18:00:01,228 [ERROR] LogOutputStream:75 - [STDERR_REDIRECT] WARNING: Couldn't flush system prefs: java.util.prefs.BackingStoreException: Couldn't get file lock.
2026-07-03 18:00:01,228 [ERROR] LogOutputStream:75 - [STDERR_REDIRECT] 
2026-07-03 18:00:31,231 [ERROR] LogOutputStream:75 - [STDERR_REDIRECT] Jul 03, 2026 6:00:31 PM java.util.prefs.FileSystemPreferences checkLockFile0ErrorCode
2026-07-03 18:00:31,231 [ERROR] LogOutputStream:75 - [STDERR_REDIRECT] WARNING: Could not lock System prefs. Unix error code 0.
2026-07-03 18:00:31,231 [ERROR] LogOutputStream:75 - [STDERR_REDIRECT] 
2026-07-03 18:00:31,231 [ERROR] LogOutputStream:75 - [STDERR_REDIRECT] Jul 03, 2026 6:00:31 PM java.util.prefs.FileSystemPreferences syncWorld
2026-07-03 18:00:31,232 [ERROR] LogOutputStream:75 - [STDERR_REDIRECT] WARNING: Couldn't flush system prefs: java.util.prefs.BackingStoreException: Couldn't get file lock.
2026-07-03 18:00:31,232 [ERROR] LogOutputStream:75 - [STDERR_REDIRECT] 
2026-07-03 18:01:01,327 [ERROR] LogOutputStream:75 - [STDERR_REDIRECT] Jul 03, 2026 6:01:01 PM java.util.prefs.FileSystemPreferences checkLockFile0ErrorCode
2026-07-03 18:01:01,328 [ERROR] LogOutputStream:75 - [STDERR_REDIRECT] WARNING: Could not lock System prefs. Unix error code 0.
2026-07-03 18:01:01,328 [ERROR] LogOutputStream:75 - [STDERR_REDIRECT] 
2026-07-03 18:01:01,329 [ERROR] LogOutputStream:75 - [STDERR_REDIRECT] Jul 03, 2026 6:01:01 PM java.util.prefs.FileSystemPreferences syncWorld
2026-07-03 18:01:01,332 [ERROR] LogOutputStream:75 - [STDERR_REDIRECT] WARNING: Couldn't flush system prefs: java.util.prefs.BackingStoreException: Couldn't get file lock.
2026-07-03 18:01:01,332 [ERROR] LogOutputStream:75 - [STDERR_REDIRECT] 
2026-07-03 18:01:31,231 [ERROR] LogOutputStream:75 - [STDERR_REDIRECT] Jul 03, 2026 6:01:31 PM java.util.prefs.FileSystemPreferences checkLockFile0ErrorCode
2026-07-03 18:01:31,232 [ERROR] LogOutputStream:75 - [STDERR_REDIRECT] WARNING: Could not lock System prefs. Unix error code 0.
2026-07-03 18:01:31,232 [ERROR] LogOutputStream:75 - [STDERR_REDIRECT] 
2026-07-03 18:01:31,235 [ERROR] LogOutputStream:75 - [STDERR_REDIRECT] Jul 03, 2026 6:01:31 PM java.util.prefs.FileSystemPreferences syncWorld
2026-07-03 18:01:31,236 [ERROR] LogOutputStream:75 - [STDERR_REDIRECT] WARNING: Couldn't flush system prefs: java.util.prefs.BackingStoreException: Couldn't get file lock.
2026-07-03 18:01:31,236 [ERROR] LogOutputStream:75 - [STDERR_REDIRECT] 
2026-07-03 18:02:01,232 [ERROR] LogOutputStream:75 - [STDERR_REDIRECT] Jul 03, 2026 6:02:01 PM java.util.prefs.FileSystemPreferences checkLockFile0ErrorCode
2026-07-03 18:02:01,233 [ERROR] LogOutputStream:75 - [STDERR_REDIRECT] WARNING: Could not lock System prefs. Unix error code 0.
2026-07-03 18:02:01,234 [ERROR] LogOutputStream:75 - [STDERR_REDIRECT] 
2026-07-03 18:02:01,237 [ERROR] LogOutputStream:75 - [STDERR_REDIRECT] Jul 03, 2026 6:02:01 PM java.util.prefs.FileSystemPreferences syncWorld
2026-07-03 18:02:01,237 [ERROR] LogOutputStream:75 - [STDERR_REDIRECT] WARNING: Couldn't flush system prefs: java.util.prefs.BackingStoreException: Couldn't get file lock.
2026-07-03 18:02:01,237 [ERROR] LogOutputStream:75 - [STDERR_REDIRECT] 
2026-07-03 18:02:31,235 [ERROR] LogOutputStream:75 - [STDERR_REDIRECT] Jul 03, 2026 6:02:31 PM java.util.prefs.FileSystemPreferences checkLockFile0ErrorCode
2026-07-03 18:02:31,235 [ERROR] LogOutputStream:75 - [STDERR_REDIRECT] WARNING: Could not lock System prefs. Unix error code 0.
2026-07-03 18:02:31,235 [ERROR] LogOutputStream:75 - [STDERR_REDIRECT] 
2026-07-03 18:02:31,235 [ERROR] LogOutputStream:75 - [STDERR_REDIRECT] Jul 03, 2026 6:02:31 PM java.util.prefs.FileSystemPreferences syncWorld
2026-07-03 18:02:31,235 [ERROR] LogOutputStream:75 - [STDERR_REDIRECT] WARNING: Couldn't flush system prefs: java.util.prefs.BackingStoreException: Couldn't get file lock.
2026-07-03 18:02:31,235 [ERROR] LogOutputStream:75 - [STDERR_REDIRECT] 
2026-07-03 18:03:01,234 [ERROR] LogOutputStream:75 - [STDERR_REDIRECT] Jul 03, 2026 6:03:01 PM java.util.prefs.FileSystemPreferences checkLockFile0ErrorCode
2026-07-03 18:03:01,235 [ERROR] LogOutputStream:75 - [STDERR_REDIRECT] WARNING: Could not lock System prefs. Unix error code 0.
2026-07-03 18:03:01,235 [ERROR] LogOutputStream:75 - [STDERR_REDIRECT] 
2026-07-03 18:03:01,235 [ERROR] LogOutputStream:75 - [STDERR_REDIRECT] Jul 03, 2026 6:03:01 PM java.util.prefs.FileSystemPreferences syncWorld
2026-07-03 18:03:01,235 [ERROR] LogOutputStream:75 - [STDERR_REDIRECT] WARNING: Couldn't flush system prefs: java.util.prefs.BackingStoreException: Couldn't get file lock.
2026-07-03 18:03:01,239 [ERROR] LogOutputStream:75 - [STDERR_REDIRECT] 
2026-07-03 18:03:31,236 [ERROR] LogOutputStream:75 - [STDERR_REDIRECT] Jul 03, 2026 6:03:31 PM java.util.prefs.FileSystemPreferences checkLockFile0ErrorCode
2026-07-03 18:03:31,240 [ERROR] LogOutputStream:75 - [STDERR_REDIRECT] WARNING: Could not lock System prefs. Unix error code 0.
2026-07-03 18:03:31,254 [ERROR] LogOutputStream:75 - [STDERR_REDIRECT] 
2026-07-03 18:03:31,254 [ERROR] LogOutputStream:75 - [STDERR_REDIRECT] Jul 03, 2026 6:03:31 PM java.util.prefs.FileSystemPreferences syncWorld
2026-07-03 18:03:31,254 [ERROR] LogOutputStream:75 - [STDERR_REDIRECT] WARNING: Couldn't flush system prefs: java.util.prefs.BackingStoreException: Couldn't get file lock.
2026-07-03 18:03:31,255 [ERROR] LogOutputStream:75 - [STDERR_REDIRECT] 
2026-07-03 18:04:01,237 [ERROR] LogOutputStream:75 - [STDERR_REDIRECT] Jul 03, 2026 6:04:01 PM java.util.prefs.FileSystemPreferences checkLockFile0ErrorCode
2026-07-03 18:04:01,237 [ERROR] LogOutputStream:75 - [STDERR_REDIRECT] WARNING: Could not lock System prefs. Unix error code 0.
2026-07-03 18:04:01,237 [ERROR] LogOutputStream:75 - [STDERR_REDIRECT] 
2026-07-03 18:04:01,237 [ERROR] LogOutputStream:75 - [STDERR_REDIRECT] Jul 03, 2026 6:04:01 PM java.util.prefs.FileSystemPreferences syncWorld
2026-07-03 18:04:01,238 [ERROR] LogOutputStream:75 - [STDERR_REDIRECT] WARNING: Couldn't flush system prefs: java.util.prefs.BackingStoreException: Couldn't get file lock.
2026-07-03 18:04:01,238 [ERROR] LogOutputStream:75 - [STDERR_REDIRECT] 
2026-07-03 18:04:31,238 [ERROR] LogOutputStream:75 - [STDERR_REDIRECT] Jul 03, 2026 6:04:31 PM java.util.prefs.FileSystemPreferences checkLockFile0ErrorCode
2026-07-03 18:04:31,255 [ERROR] LogOutputStream:75 - [STDERR_REDIRECT] WARNING: Could not lock System prefs. Unix error code 0.
2026-07-03 18:04:31,255 [ERROR] LogOutputStream:75 - [STDERR_REDIRECT] 
2026-07-03 18:04:31,256 [ERROR] LogOutputStream:75 - [STDERR_REDIRECT] Jul 03, 2026 6:04:31 PM java.util.prefs.FileSystemPreferences syncWorld
2026-07-03 18:04:31,256 [ERROR] LogOutputStream:75 - [STDERR_REDIRECT] WARNING: Couldn't flush system prefs: java.util.prefs.BackingStoreException: Couldn't get file lock.
2026-07-03 18:04:31,256 [ERROR] LogOutputStream:75 - [STDERR_REDIRECT] 
2026-07-03 18:05:01,261 [ERROR] LogOutputStream:75 - [STDERR_REDIRECT] Jul 03, 2026 6:05:01 PM java.util.prefs.FileSystemPreferences checkLockFile0ErrorCode
2026-07-03 18:05:01,280 [ERROR] LogOutputStream:75 - [STDERR_REDIRECT] WARNING: Could not lock System prefs. Unix error code 0.
2026-07-03 18:05:01,284 [ERROR] LogOutputStream:75 - [STDERR_REDIRECT] 
2026-07-03 18:05:01,288 [ERROR] LogOutputStream:75 - [STDERR_REDIRECT] Jul 03, 2026 6:05:01 PM java.util.prefs.FileSystemPreferences syncWorld
2026-07-03 18:05:01,289 [ERROR] LogOutputStream:75 - [STDERR_REDIRECT] WARNING: Couldn't flush system prefs: java.util.prefs.BackingStoreException: Couldn't get file lock.
2026-07-03 18:05:01,289 [ERROR] LogOutputStream:75 - [STDERR_REDIRECT] 
2026-07-03 18:05:31,311 [ERROR] LogOutputStream:75 - [STDERR_REDIRECT] Jul 03, 2026 6:05:31 PM java.util.prefs.FileSystemPreferences checkLockFile0ErrorCode
2026-07-03 18:05:31,311 [ERROR] LogOutputStream:75 - [STDERR_REDIRECT] WARNING: Could not lock System prefs. Unix error code 0.
2026-07-03 18:05:31,312 [ERROR] LogOutputStream:75 - [STDERR_REDIRECT] 
2026-07-03 18:05:31,312 [ERROR] LogOutputStream:75 - [STDERR_REDIRECT] Jul 03, 2026 6:05:31 PM java.util.prefs.FileSystemPreferences syncWorld
2026-07-03 18:05:31,312 [ERROR] LogOutputStream:75 - [STDERR_REDIRECT] WARNING: Couldn't flush system prefs: java.util.prefs.BackingStoreException: Couldn't get file lock.
2026-07-03 18:05:31,312 [ERROR] LogOutputStream:75 - [STDERR_REDIRECT] 
2026-07-03 18:06:01,250 [ERROR] LogOutputStream:75 - [STDERR_REDIRECT] Jul 03, 2026 6:06:01 PM java.util.prefs.FileSystemPreferences checkLockFile0ErrorCode
2026-07-03 18:06:01,251 [ERROR] LogOutputStream:75 - [STDERR_REDIRECT] WARNING: Could not lock System prefs. Unix error code 0.
2026-07-03 18:06:01,269 [ERROR] LogOutputStream:75 - [STDERR_REDIRECT] 
2026-07-03 18:06:01,269 [ERROR] LogOutputStream:75 - [STDERR_REDIRECT] Jul 03, 2026 6:06:01 PM java.util.prefs.FileSystemPreferences syncWorld
2026-07-03 18:06:01,270 [ERROR] LogOutputStream:75 - [STDERR_REDIRECT] WARNING: Couldn't flush system prefs: java.util.prefs.BackingStoreException: Couldn't get file lock.
2026-07-03 18:06:01,270 [ERROR] LogOutputStream:75 - [STDERR_REDIRECT] 
2026-07-03 18:06:31,253 [ERROR] LogOutputStream:75 - [STDERR_REDIRECT] Jul 03, 2026 6:06:31 PM java.util.prefs.FileSystemPreferences checkLockFile0ErrorCode
2026-07-03 18:06:31,255 [ERROR] LogOutputStream:75 - [STDERR_REDIRECT] WARNING: Could not lock System prefs. Unix error code 0.
2026-07-03 18:06:31,255 [ERROR] LogOutputStream:75 - [STDERR_REDIRECT] 
2026-07-03 18:06:31,257 [ERROR] LogOutputStream:75 - [STDERR_REDIRECT] Jul 03, 2026 6:06:31 PM java.util.prefs.FileSystemPreferences syncWorld
2026-07-03 18:06:31,257 [ERROR] LogOutputStream:75 - [STDERR_REDIRECT] WARNING: Couldn't flush system prefs: java.util.prefs.BackingStoreException: Couldn't get file lock.
2026-07-03 18:06:31,257 [ERROR] LogOutputStream:75 - [STDERR_REDIRECT] 
2026-07-03 18:07:01,257 [ERROR] LogOutputStream:75 - [STDERR_REDIRECT] Jul 03, 2026 6:07:01 PM java.util.prefs.FileSystemPreferences checkLockFile0ErrorCode
2026-07-03 18:07:01,257 [ERROR] LogOutputStream:75 - [STDERR_REDIRECT] WARNING: Could not lock System prefs. Unix error code 0.
2026-07-03 18:07:01,257 [ERROR] LogOutputStream:75 - [STDERR_REDIRECT] 
2026-07-03 18:07:01,257 [ERROR] LogOutputStream:75 - [STDERR_REDIRECT] Jul 03, 2026 6:07:01 PM java.util.prefs.FileSystemPreferences syncWorld
2026-07-03 18:07:01,258 [ERROR] LogOutputStream:75 - [STDERR_REDIRECT] WARNING: Couldn't flush system prefs: java.util.prefs.BackingStoreException: Couldn't get file lock.
2026-07-03 18:07:01,258 [ERROR] LogOutputStream:75 - [STDERR_REDIRECT] 
2026-07-03 18:07:31,259 [ERROR] LogOutputStream:75 - [STDERR_REDIRECT] Jul 03, 2026 6:07:31 PM java.util.prefs.FileSystemPreferences checkLockFile0ErrorCode
2026-07-03 18:07:31,259 [ERROR] LogOutputStream:75 - [STDERR_REDIRECT] WARNING: Could not lock System prefs. Unix error code 0.
2026-07-03 18:07:31,259 [ERROR] LogOutputStream:75 - [STDERR_REDIRECT] 
2026-07-03 18:07:31,259 [ERROR] LogOutputStream:75 - [STDERR_REDIRECT] Jul 03, 2026 6:07:31 PM java.util.prefs.FileSystemPreferences syncWorld
2026-07-03 18:07:31,259 [ERROR] LogOutputStream:75 - [STDERR_REDIRECT] WARNING: Couldn't flush system prefs: java.util.prefs.BackingStoreException: Couldn't get file lock.
2026-07-03 18:07:31,259 [ERROR] LogOutputStream:75 - [STDERR_REDIRECT] 
2026-07-03 18:08:01,294 [ERROR] LogOutputStream:75 - [STDERR_REDIRECT] Jul 03, 2026 6:08:01 PM java.util.prefs.FileSystemPreferences checkLockFile0ErrorCode
2026-07-03 18:08:01,296 [ERROR] LogOutputStream:75 - [STDERR_REDIRECT] WARNING: Could not lock System prefs. Unix error code 0.
2026-07-03 18:08:01,296 [ERROR] LogOutputStream:75 - [STDERR_REDIRECT] 
2026-07-03 18:08:01,297 [ERROR] LogOutputStream:75 - [STDERR_REDIRECT] Jul 03, 2026 6:08:01 PM java.util.prefs.FileSystemPreferences syncWorld
2026-07-03 18:08:01,299 [ERROR] LogOutputStream:75 - [STDERR_REDIRECT] WARNING: Couldn't flush system prefs: java.util.prefs.BackingStoreException: Couldn't get file lock.
2026-07-03 18:08:01,299 [ERROR] LogOutputStream:75 - [STDERR_REDIRECT] 
2026-07-03 18:08:31,263 [ERROR] LogOutputStream:75 - [STDERR_REDIRECT] Jul 03, 2026 6:08:31 PM java.util.prefs.FileSystemPreferences checkLockFile0ErrorCode
2026-07-03 18:08:31,263 [ERROR] LogOutputStream:75 - [STDERR_REDIRECT] WARNING: Could not lock System prefs. Unix error code 0.
2026-07-03 18:08:31,263 [ERROR] LogOutputStream:75 - [STDERR_REDIRECT] 
2026-07-03 18:08:31,264 [ERROR] LogOutputStream:75 - [STDERR_REDIRECT] Jul 03, 2026 6:08:31 PM java.util.prefs.FileSystemPreferences syncWorld
2026-07-03 18:08:31,264 [ERROR] LogOutputStream:75 - [STDERR_REDIRECT] WARNING: Couldn't flush system prefs: java.util.prefs.BackingStoreException: Couldn't get file lock.
2026-07-03 18:08:31,264 [ERROR] LogOutputStream:75 - [STDERR_REDIRECT] 
2026-07-03 18:09:01,265 [ERROR] LogOutputStream:75 - [STDERR_REDIRECT] Jul 03, 2026 6:09:01 PM java.util.prefs.FileSystemPreferences checkLockFile0ErrorCode
2026-07-03 18:09:01,266 [ERROR] LogOutputStream:75 - [STDERR_REDIRECT] WARNING: Could not lock System prefs. Unix error code 0.
2026-07-03 18:09:01,268 [ERROR] LogOutputStream:75 - [STDERR_REDIRECT] 
2026-07-03 18:09:01,272 [ERROR] LogOutputStream:75 - [STDERR_REDIRECT] Jul 03, 2026 6:09:01 PM java.util.prefs.FileSystemPreferences syncWorld
2026-07-03 18:09:01,272 [ERROR] LogOutputStream:75 - [STDERR_REDIRECT] WARNING: Couldn't flush system prefs: java.util.prefs.BackingStoreException: Couldn't get file lock.
2026-07-03 18:09:01,272 [ERROR] LogOutputStream:75 - [STDERR_REDIRECT] 
2026-07-03 18:09:31,268 [ERROR] LogOutputStream:75 - [STDERR_REDIRECT] Jul 03, 2026 6:09:31 PM java.util.prefs.FileSystemPreferences checkLockFile0ErrorCode
2026-07-03 18:09:31,269 [ERROR] LogOutputStream:75 - [STDERR_REDIRECT] WARNING: Could not lock System prefs. Unix error code 0.
2026-07-03 18:09:31,269 [ERROR] LogOutputStream:75 - [STDERR_REDIRECT] 
2026-07-03 18:09:31,280 [ERROR] LogOutputStream:75 - [STDERR_REDIRECT] Jul 03, 2026 6:09:31 PM java.util.prefs.FileSystemPreferences syncWorld
2026-07-03 18:09:31,288 [ERROR] LogOutputStream:75 - [STDERR_REDIRECT] WARNING: Couldn't flush system prefs: java.util.prefs.BackingStoreException: Couldn't get file lock.
2026-07-03 18:09:31,288 [ERROR] LogOutputStream:75 - [STDERR_REDIRECT] 
2026-07-03 18:10:01,270 [ERROR] LogOutputStream:75 - [STDERR_REDIRECT] Jul 03, 2026 6:10:01 PM java.util.prefs.FileSystemPreferences checkLockFile0ErrorCode
2026-07-03 18:10:01,272 [ERROR] LogOutputStream:75 - [STDERR_REDIRECT] WARNING: Could not lock System prefs. Unix error code 0.
2026-07-03 18:10:01,274 [ERROR] LogOutputStream:75 - [STDERR_REDIRECT] 
2026-07-03 18:10:01,279 [ERROR] LogOutputStream:75 - [STDERR_REDIRECT] Jul 03, 2026 6:10:01 PM java.util.prefs.FileSystemPreferences syncWorld
2026-07-03 18:10:01,284 [ERROR] LogOutputStream:75 - [STDERR_REDIRECT] WARNING: Couldn't flush system prefs: java.util.prefs.BackingStoreException: Couldn't get file lock.
2026-07-03 18:10:01,284 [ERROR] LogOutputStream:75 - [STDERR_REDIRECT] 
2026-07-03 18:10:31,267 [ERROR] LogOutputStream:75 - [STDERR_REDIRECT] Jul 03, 2026 6:10:31 PM java.util.prefs.FileSystemPreferences checkLockFile0ErrorCode
2026-07-03 18:10:31,269 [ERROR] LogOutputStream:75 - [STDERR_REDIRECT] WARNING: Could not lock System prefs. Unix error code 0.
2026-07-03 18:10:31,269 [ERROR] LogOutputStream:75 - [STDERR_REDIRECT] 
2026-07-03 18:10:31,272 [ERROR] LogOutputStream:75 - [STDERR_REDIRECT] Jul 03, 2026 6:10:31 PM java.util.prefs.FileSystemPreferences syncWorld
2026-07-03 18:10:31,272 [ERROR] LogOutputStream:75 - [STDERR_REDIRECT] WARNING: Couldn't flush system prefs: java.util.prefs.BackingStoreException: Couldn't get file lock.
2026-07-03 18:10:31,272 [ERROR] LogOutputStream:75 - [STDERR_REDIRECT] 
2026-07-03 18:11:01,268 [ERROR] LogOutputStream:75 - [STDERR_REDIRECT] Jul 03, 2026 6:11:01 PM java.util.prefs.FileSystemPreferences checkLockFile0ErrorCode
2026-07-03 18:11:01,270 [ERROR] LogOutputStream:75 - [STDERR_REDIRECT] WARNING: Could not lock System prefs. Unix error code 0.
2026-07-03 18:11:01,270 [ERROR] LogOutputStream:75 - [STDERR_REDIRECT] 
2026-07-03 18:11:01,271 [ERROR] LogOutputStream:75 - [STDERR_REDIRECT] Jul 03, 2026 6:11:01 PM java.util.prefs.FileSystemPreferences syncWorld
2026-07-03 18:11:01,272 [ERROR] LogOutputStream:75 - [STDERR_REDIRECT] WARNING: Couldn't flush system prefs: java.util.prefs.BackingStoreException: Couldn't get file lock.
2026-07-03 18:11:01,272 [ERROR] LogOutputStream:75 - [STDERR_REDIRECT] 
2026-07-03 18:11:31,331 [ERROR] LogOutputStream:75 - [STDERR_REDIRECT] Jul 03, 2026 6:11:31 PM java.util.prefs.FileSystemPreferences checkLockFile0ErrorCode
2026-07-03 18:11:31,331 [ERROR] LogOutputStream:75 - [STDERR_REDIRECT] WARNING: Could not lock System prefs. Unix error code 0.
2026-07-03 18:11:31,331 [ERROR] LogOutputStream:75 - [STDERR_REDIRECT] 
2026-07-03 18:11:31,332 [ERROR] LogOutputStream:75 - [STDERR_REDIRECT] Jul 03, 2026 6:11:31 PM java.util.prefs.FileSystemPreferences syncWorld
2026-07-03 18:11:31,332 [ERROR] LogOutputStream:75 - [STDERR_REDIRECT] WARNING: Couldn't flush system prefs: java.util.prefs.BackingStoreException: Couldn't get file lock.
2026-07-03 18:11:31,332 [ERROR] LogOutputStream:75 - [STDERR_REDIRECT] 
2026-07-03 18:12:01,274 [ERROR] LogOutputStream:75 - [STDERR_REDIRECT] Jul 03, 2026 6:12:01 PM java.util.prefs.FileSystemPreferences checkLockFile0ErrorCode
2026-07-03 18:12:01,274 [ERROR] LogOutputStream:75 - [STDERR_REDIRECT] WARNING: Could not lock System prefs. Unix error code 0.
2026-07-03 18:12:01,275 [ERROR] LogOutputStream:75 - [STDERR_REDIRECT] 
2026-07-03 18:12:01,275 [ERROR] LogOutputStream:75 - [STDERR_REDIRECT] Jul 03, 2026 6:12:01 PM java.util.prefs.FileSystemPreferences syncWorld
2026-07-03 18:12:01,278 [ERROR] LogOutputStream:75 - [STDERR_REDIRECT] WARNING: Couldn't flush system prefs: java.util.prefs.BackingStoreException: Couldn't get file lock.
2026-07-03 18:12:01,279 [ERROR] LogOutputStream:75 - [STDERR_REDIRECT] 
2026-07-03 18:12:31,277 [ERROR] LogOutputStream:75 - [STDERR_REDIRECT] Jul 03, 2026 6:12:31 PM java.util.prefs.FileSystemPreferences checkLockFile0ErrorCode
2026-07-03 18:12:31,278 [ERROR] LogOutputStream:75 - [STDERR_REDIRECT] WARNING: Could not lock System prefs. Unix error code 0.
2026-07-03 18:12:31,278 [ERROR] LogOutputStream:75 - [STDERR_REDIRECT] 
2026-07-03 18:12:31,278 [ERROR] LogOutputStream:75 - [STDERR_REDIRECT] Jul 03, 2026 6:12:31 PM java.util.prefs.FileSystemPreferences syncWorld
2026-07-03 18:12:31,278 [ERROR] LogOutputStream:75 - [STDERR_REDIRECT] WARNING: Couldn't flush system prefs: java.util.prefs.BackingStoreException: Couldn't get file lock.
2026-07-03 18:12:31,279 [ERROR] LogOutputStream:75 - [STDERR_REDIRECT] 
2026-07-03 18:13:01,304 [ERROR] LogOutputStream:75 - [STDERR_REDIRECT] Jul 03, 2026 6:13:01 PM java.util.prefs.FileSystemPreferences checkLockFile0ErrorCode
2026-07-03 18:13:01,304 [ERROR] LogOutputStream:75 - [STDERR_REDIRECT] WARNING: Could not lock System prefs. Unix error code 0.
2026-07-03 18:13:01,304 [ERROR] LogOutputStream:75 - [STDERR_REDIRECT] 
2026-07-03 18:13:01,305 [ERROR] LogOutputStream:75 - [STDERR_REDIRECT] Jul 03, 2026 6:13:01 PM java.util.prefs.FileSystemPreferences syncWorld
2026-07-03 18:13:01,305 [ERROR] LogOutputStream:75 - [STDERR_REDIRECT] WARNING: Couldn't flush system prefs: java.util.prefs.BackingStoreException: Couldn't get file lock.
2026-07-03 18:13:01,307 [ERROR] LogOutputStream:75 - [STDERR_REDIRECT] 
2026-07-03 18:13:31,309 [ERROR] LogOutputStream:75 - [STDERR_REDIRECT] Jul 03, 2026 6:13:31 PM java.util.prefs.FileSystemPreferences checkLockFile0ErrorCode
2026-07-03 18:13:31,309 [ERROR] LogOutputStream:75 - [STDERR_REDIRECT] WARNING: Could not lock System prefs. Unix error code 0.
2026-07-03 18:13:31,310 [ERROR] LogOutputStream:75 - [STDERR_REDIRECT] 
2026-07-03 18:13:31,311 [ERROR] LogOutputStream:75 - [STDERR_REDIRECT] Jul 03, 2026 6:13:31 PM java.util.prefs.FileSystemPreferences syncWorld
2026-07-03 18:13:31,313 [ERROR] LogOutputStream:75 - [STDERR_REDIRECT] WARNING: Couldn't flush system prefs: java.util.prefs.BackingStoreException: Couldn't get file lock.
2026-07-03 18:13:31,316 [ERROR] LogOutputStream:75 - [STDERR_REDIRECT] 
2026-07-03 18:14:01,281 [ERROR] LogOutputStream:75 - [STDERR_REDIRECT] Jul 03, 2026 6:14:01 PM java.util.prefs.FileSystemPreferences checkLockFile0ErrorCode
2026-07-03 18:14:01,281 [ERROR] LogOutputStream:75 - [STDERR_REDIRECT] WARNING: Could not lock System prefs. Unix error code 0.
2026-07-03 18:14:01,281 [ERROR] LogOutputStream:75 - [STDERR_REDIRECT] 
2026-07-03 18:14:01,282 [ERROR] LogOutputStream:75 - [STDERR_REDIRECT] Jul 03, 2026 6:14:01 PM java.util.prefs.FileSystemPreferences syncWorld
2026-07-03 18:14:01,284 [ERROR] LogOutputStream:75 - [STDERR_REDIRECT] WARNING: Couldn't flush system prefs: java.util.prefs.BackingStoreException: Couldn't get file lock.
2026-07-03 18:14:01,284 [ERROR] LogOutputStream:75 - [STDERR_REDIRECT] 
2026-07-03 18:14:31,280 [ERROR] LogOutputStream:75 - [STDERR_REDIRECT] Jul 03, 2026 6:14:31 PM java.util.prefs.FileSystemPreferences checkLockFile0ErrorCode
2026-07-03 18:14:31,282 [ERROR] LogOutputStream:75 - [STDERR_REDIRECT] WARNING: Could not lock System prefs. Unix error code 0.
2026-07-03 18:14:31,282 [ERROR] LogOutputStream:75 - [STDERR_REDIRECT] 
2026-07-03 18:14:31,286 [ERROR] LogOutputStream:75 - [STDERR_REDIRECT] Jul 03, 2026 6:14:31 PM java.util.prefs.FileSystemPreferences syncWorld
2026-07-03 18:14:31,286 [ERROR] LogOutputStream:75 - [STDERR_REDIRECT] WARNING: Couldn't flush system prefs: java.util.prefs.BackingStoreException: Couldn't get file lock.
2026-07-03 18:14:31,286 [ERROR] LogOutputStream:75 - [STDERR_REDIRECT] 
2026-07-03 18:15:01,284 [ERROR] LogOutputStream:75 - [STDERR_REDIRECT] Jul 03, 2026 6:15:01 PM java.util.prefs.FileSystemPreferences checkLockFile0ErrorCode
2026-07-03 18:15:01,286 [ERROR] LogOutputStream:75 - [STDERR_REDIRECT] WARNING: Could not lock System prefs. Unix error code 0.
2026-07-03 18:15:01,286 [ERROR] LogOutputStream:75 - [STDERR_REDIRECT] 
2026-07-03 18:15:01,288 [ERROR] LogOutputStream:75 - [STDERR_REDIRECT] Jul 03, 2026 6:15:01 PM java.util.prefs.FileSystemPreferences syncWorld
2026-07-03 18:15:01,289 [ERROR] LogOutputStream:75 - [STDERR_REDIRECT] WARNING: Couldn't flush system prefs: java.util.prefs.BackingStoreException: Couldn't get file lock.
2026-07-03 18:15:01,289 [ERROR] LogOutputStream:75 - [STDERR_REDIRECT] 
2026-07-03 18:15:31,332 [ERROR] LogOutputStream:75 - [STDERR_REDIRECT] Jul 03, 2026 6:15:31 PM java.util.prefs.FileSystemPreferences checkLockFile0ErrorCode
2026-07-03 18:15:31,332 [ERROR] LogOutputStream:75 - [STDERR_REDIRECT] WARNING: Could not lock System prefs. Unix error code 0.
2026-07-03 18:15:31,332 [ERROR] LogOutputStream:75 - [STDERR_REDIRECT] 
2026-07-03 18:15:31,333 [ERROR] LogOutputStream:75 - [STDERR_REDIRECT] Jul 03, 2026 6:15:31 PM java.util.prefs.FileSystemPreferences syncWorld
2026-07-03 18:15:31,333 [ERROR] LogOutputStream:75 - [STDERR_REDIRECT] WARNING: Couldn't flush system prefs: java.util.prefs.BackingStoreException: Couldn't get file lock.
2026-07-03 18:15:31,333 [ERROR] LogOutputStream:75 - [STDERR_REDIRECT] 
2026-07-03 18:16:01,319 [ERROR] LogOutputStream:75 - [STDERR_REDIRECT] Jul 03, 2026 6:16:01 PM java.util.prefs.FileSystemPreferences checkLockFile0ErrorCode
2026-07-03 18:16:01,319 [ERROR] LogOutputStream:75 - [STDERR_REDIRECT] WARNING: Could not lock System prefs. Unix error code 0.
2026-07-03 18:16:01,321 [ERROR] LogOutputStream:75 - [STDERR_REDIRECT] 
2026-07-03 18:16:01,323 [ERROR] LogOutputStream:75 - [STDERR_REDIRECT] Jul 03, 2026 6:16:01 PM java.util.prefs.FileSystemPreferences syncWorld
2026-07-03 18:16:01,323 [ERROR] LogOutputStream:75 - [STDERR_REDIRECT] WARNING: Couldn't flush system prefs: java.util.prefs.BackingStoreException: Couldn't get file lock.
2026-07-03 18:16:01,323 [ERROR] LogOutputStream:75 - [STDERR_REDIRECT] 
2026-07-03 18:16:31,348 [ERROR] LogOutputStream:75 - [STDERR_REDIRECT] Jul 03, 2026 6:16:31 PM java.util.prefs.FileSystemPreferences checkLockFile0ErrorCode
2026-07-03 18:16:31,348 [ERROR] LogOutputStream:75 - [STDERR_REDIRECT] WARNING: Could not lock System prefs. Unix error code 0.
2026-07-03 18:16:31,348 [ERROR] LogOutputStream:75 - [STDERR_REDIRECT] 
2026-07-03 18:16:31,348 [ERROR] LogOutputStream:75 - [STDERR_REDIRECT] Jul 03, 2026 6:16:31 PM java.util.prefs.FileSystemPreferences syncWorld
2026-07-03 18:16:31,349 [ERROR] LogOutputStream:75 - [STDERR_REDIRECT] WARNING: Couldn't flush system prefs: java.util.prefs.BackingStoreException: Couldn't get file lock.
2026-07-03 18:16:31,349 [ERROR] LogOutputStream:75 - [STDERR_REDIRECT] 
2026-07-03 18:17:01,333 [ERROR] LogOutputStream:75 - [STDERR_REDIRECT] Jul 03, 2026 6:17:01 PM java.util.prefs.FileSystemPreferences checkLockFile0ErrorCode
2026-07-03 18:17:01,333 [ERROR] LogOutputStream:75 - [STDERR_REDIRECT] WARNING: Could not lock System prefs. Unix error code 0.
2026-07-03 18:17:01,335 [ERROR] LogOutputStream:75 - [STDERR_REDIRECT] 
2026-07-03 18:17:01,335 [ERROR] LogOutputStream:75 - [STDERR_REDIRECT] Jul 03, 2026 6:17:01 PM java.util.prefs.FileSystemPreferences syncWorld
2026-07-03 18:17:01,336 [ERROR] LogOutputStream:75 - [STDERR_REDIRECT] WARNING: Couldn't flush system prefs: java.util.prefs.BackingStoreException: Couldn't get file lock.
2026-07-03 18:17:01,336 [ERROR] LogOutputStream:75 - [STDERR_REDIRECT] 
2026-07-03 18:17:31,325 [ERROR] LogOutputStream:75 - [STDERR_REDIRECT] Jul 03, 2026 6:17:31 PM java.util.prefs.FileSystemPreferences checkLockFile0ErrorCode
2026-07-03 18:17:31,325 [ERROR] LogOutputStream:75 - [STDERR_REDIRECT] WARNING: Could not lock System prefs. Unix error code 0.
2026-07-03 18:17:31,325 [ERROR] LogOutputStream:75 - [STDERR_REDIRECT] 
2026-07-03 18:17:31,325 [ERROR] LogOutputStream:75 - [STDERR_REDIRECT] Jul 03, 2026 6:17:31 PM java.util.prefs.FileSystemPreferences syncWorld
2026-07-03 18:17:31,325 [ERROR] LogOutputStream:75 - [STDERR_REDIRECT] WARNING: Couldn't flush system prefs: java.util.prefs.BackingStoreException: Couldn't get file lock.
2026-07-03 18:17:31,325 [ERROR] LogOutputStream:75 - [STDERR_REDIRECT] 
2026-07-03 18:18:01,330 [ERROR] LogOutputStream:75 - [STDERR_REDIRECT] Jul 03, 2026 6:18:01 PM java.util.prefs.FileSystemPreferences checkLockFile0ErrorCode
2026-07-03 18:18:01,330 [ERROR] LogOutputStream:75 - [STDERR_REDIRECT] WARNING: Could not lock System prefs. Unix error code 0.
2026-07-03 18:18:01,330 [ERROR] LogOutputStream:75 - [STDERR_REDIRECT] 
2026-07-03 18:18:01,331 [ERROR] LogOutputStream:75 - [STDERR_REDIRECT] Jul 03, 2026 6:18:01 PM java.util.prefs.FileSystemPreferences syncWorld
2026-07-03 18:18:01,331 [ERROR] LogOutputStream:75 - [STDERR_REDIRECT] WARNING: Couldn't flush system prefs: java.util.prefs.BackingStoreException: Couldn't get file lock.
2026-07-03 18:18:01,331 [ERROR] LogOutputStream:75 - [STDERR_REDIRECT] 
2026-07-03 18:18:31,337 [ERROR] LogOutputStream:75 - [STDERR_REDIRECT] Jul 03, 2026 6:18:31 PM java.util.prefs.FileSystemPreferences checkLockFile0ErrorCode
2026-07-03 18:18:31,338 [ERROR] LogOutputStream:75 - [STDERR_REDIRECT] WARNING: Could not lock System prefs. Unix error code 0.
2026-07-03 18:18:31,339 [ERROR] LogOutputStream:75 - [STDERR_REDIRECT] 
2026-07-03 18:18:31,340 [ERROR] LogOutputStream:75 - [STDERR_REDIRECT] Jul 03, 2026 6:18:31 PM java.util.prefs.FileSystemPreferences syncWorld
2026-07-03 18:18:31,340 [ERROR] LogOutputStream:75 - [STDERR_REDIRECT] WARNING: Couldn't flush system prefs: java.util.prefs.BackingStoreException: Couldn't get file lock.
2026-07-03 18:18:31,340 [ERROR] LogOutputStream:75 - [STDERR_REDIRECT] 
2026-07-03 18:19:01,340 [ERROR] LogOutputStream:75 - [STDERR_REDIRECT] Jul 03, 2026 6:19:01 PM java.util.prefs.FileSystemPreferences checkLockFile0ErrorCode
2026-07-03 18:19:01,340 [ERROR] LogOutputStream:75 - [STDERR_REDIRECT] WARNING: Could not lock System prefs. Unix error code 0.
2026-07-03 18:19:01,340 [ERROR] LogOutputStream:75 - [STDERR_REDIRECT] 
2026-07-03 18:19:01,341 [ERROR] LogOutputStream:75 - [STDERR_REDIRECT] Jul 03, 2026 6:19:01 PM java.util.prefs.FileSystemPreferences syncWorld
2026-07-03 18:19:01,342 [ERROR] LogOutputStream:75 - [STDERR_REDIRECT] WARNING: Couldn't flush system prefs: java.util.prefs.BackingStoreException: Couldn't get file lock.
2026-07-03 18:19:01,342 [ERROR] LogOutputStream:75 - [STDERR_REDIRECT] 
2026-07-03 18:19:31,339 [ERROR] LogOutputStream:75 - [STDERR_REDIRECT] Jul 03, 2026 6:19:31 PM java.util.prefs.FileSystemPreferences checkLockFile0ErrorCode
2026-07-03 18:19:31,340 [ERROR] LogOutputStream:75 - [STDERR_REDIRECT] WARNING: Could not lock System prefs. Unix error code 0.
2026-07-03 18:19:31,343 [ERROR] LogOutputStream:75 - [STDERR_REDIRECT] 
2026-07-03 18:19:31,344 [ERROR] LogOutputStream:75 - [STDERR_REDIRECT] Jul 03, 2026 6:19:31 PM java.util.prefs.FileSystemPreferences syncWorld
2026-07-03 18:19:31,346 [ERROR] LogOutputStream:75 - [STDERR_REDIRECT] WARNING: Couldn't flush system prefs: java.util.prefs.BackingStoreException: Couldn't get file lock.
2026-07-03 18:19:31,346 [ERROR] LogOutputStream:75 - [STDERR_REDIRECT] 
2026-07-03 18:20:01,343 [ERROR] LogOutputStream:75 - [STDERR_REDIRECT] Jul 03, 2026 6:20:01 PM java.util.prefs.FileSystemPreferences checkLockFile0ErrorCode
2026-07-03 18:20:01,345 [ERROR] LogOutputStream:75 - [STDERR_REDIRECT] WARNING: Could not lock System prefs. Unix error code 0.
2026-07-03 18:20:01,345 [ERROR] LogOutputStream:75 - [STDERR_REDIRECT] 
2026-07-03 18:20:01,346 [ERROR] LogOutputStream:75 - [STDERR_REDIRECT] Jul 03, 2026 6:20:01 PM java.util.prefs.FileSystemPreferences syncWorld
2026-07-03 18:20:01,346 [ERROR] LogOutputStream:75 - [STDERR_REDIRECT] WARNING: Couldn't flush system prefs: java.util.prefs.BackingStoreException: Couldn't get file lock.
2026-07-03 18:20:01,346 [ERROR] LogOutputStream:75 - [STDERR_REDIRECT] 
2026-07-03 18:20:31,352 [ERROR] LogOutputStream:75 - [STDERR_REDIRECT] Jul 03, 2026 6:20:31 PM java.util.prefs.FileSystemPreferences checkLockFile0ErrorCode
2026-07-03 18:20:31,352 [ERROR] LogOutputStream:75 - [STDERR_REDIRECT] WARNING: Could not lock System prefs. Unix error code 0.
2026-07-03 18:20:31,352 [ERROR] LogOutputStream:75 - [STDERR_REDIRECT] 
2026-07-03 18:20:31,358 [ERROR] LogOutputStream:75 - [STDERR_REDIRECT] Jul 03, 2026 6:20:31 PM java.util.prefs.FileSystemPreferences syncWorld
2026-07-03 18:20:31,362 [ERROR] LogOutputStream:75 - [STDERR_REDIRECT] WARNING: Couldn't flush system prefs: java.util.prefs.BackingStoreException: Couldn't get file lock.
2026-07-03 18:20:31,362 [ERROR] LogOutputStream:75 - [STDERR_REDIRECT] 
2026-07-03 18:21:01,343 [ERROR] LogOutputStream:75 - [STDERR_REDIRECT] Jul 03, 2026 6:21:01 PM java.util.prefs.FileSystemPreferences checkLockFile0ErrorCode
2026-07-03 18:21:01,349 [ERROR] LogOutputStream:75 - [STDERR_REDIRECT] WARNING: Could not lock System prefs. Unix error code 0.
2026-07-03 18:21:01,349 [ERROR] LogOutputStream:75 - [STDERR_REDIRECT] 
2026-07-03 18:21:01,350 [ERROR] LogOutputStream:75 - [STDERR_REDIRECT] Jul 03, 2026 6:21:01 PM java.util.prefs.FileSystemPreferences syncWorld
2026-07-03 18:21:01,350 [ERROR] LogOutputStream:75 - [STDERR_REDIRECT] WARNING: Couldn't flush system prefs: java.util.prefs.BackingStoreException: Couldn't get file lock.
2026-07-03 18:21:01,350 [ERROR] LogOutputStream:75 - [STDERR_REDIRECT] 
2026-07-03 18:21:31,345 [ERROR] LogOutputStream:75 - [STDERR_REDIRECT] Jul 03, 2026 6:21:31 PM java.util.prefs.FileSystemPreferences checkLockFile0ErrorCode
2026-07-03 18:21:31,346 [ERROR] LogOutputStream:75 - [STDERR_REDIRECT] WARNING: Could not lock System prefs. Unix error code 0.
2026-07-03 18:21:31,346 [ERROR] LogOutputStream:75 - [STDERR_REDIRECT] 
2026-07-03 18:21:31,347 [ERROR] LogOutputStream:75 - [STDERR_REDIRECT] Jul 03, 2026 6:21:31 PM java.util.prefs.FileSystemPreferences syncWorld
2026-07-03 18:21:31,347 [ERROR] LogOutputStream:75 - [STDERR_REDIRECT] WARNING: Couldn't flush system prefs: java.util.prefs.BackingStoreException: Couldn't get file lock.
2026-07-03 18:21:31,349 [ERROR] LogOutputStream:75 - [STDERR_REDIRECT] 
2026-07-03 18:22:01,347 [ERROR] LogOutputStream:75 - [STDERR_REDIRECT] Jul 03, 2026 6:22:01 PM java.util.prefs.FileSystemPreferences checkLockFile0ErrorCode
2026-07-03 18:22:01,349 [ERROR] LogOutputStream:75 - [STDERR_REDIRECT] WARNING: Could not lock System prefs. Unix error code 0.
2026-07-03 18:22:01,349 [ERROR] LogOutputStream:75 - [STDERR_REDIRECT] 
2026-07-03 18:22:01,351 [ERROR] LogOutputStream:75 - [STDERR_REDIRECT] Jul 03, 2026 6:22:01 PM java.util.prefs.FileSystemPreferences syncWorld
2026-07-03 18:22:01,351 [ERROR] LogOutputStream:75 - [STDERR_REDIRECT] WARNING: Couldn't flush system prefs: java.util.prefs.BackingStoreException: Couldn't get file lock.
2026-07-03 18:22:01,353 [ERROR] LogOutputStream:75 - [STDERR_REDIRECT] 
2026-07-03 18:22:31,347 [ERROR] LogOutputStream:75 - [STDERR_REDIRECT] Jul 03, 2026 6:22:31 PM java.util.prefs.FileSystemPreferences checkLockFile0ErrorCode
2026-07-03 18:22:31,348 [ERROR] LogOutputStream:75 - [STDERR_REDIRECT] WARNING: Could not lock System prefs. Unix error code 0.
2026-07-03 18:22:31,348 [ERROR] LogOutputStream:75 - [STDERR_REDIRECT] 
2026-07-03 18:22:31,348 [ERROR] LogOutputStream:75 - [STDERR_REDIRECT] Jul 03, 2026 6:22:31 PM java.util.prefs.FileSystemPreferences syncWorld
2026-07-03 18:22:31,348 [ERROR] LogOutputStream:75 - [STDERR_REDIRECT] WARNING: Couldn't flush system prefs: java.util.prefs.BackingStoreException: Couldn't get file lock.
2026-07-03 18:22:31,348 [ERROR] LogOutputStream:75 - [STDERR_REDIRECT] 
2026-07-03 18:23:01,348 [ERROR] LogOutputStream:75 - [STDERR_REDIRECT] Jul 03, 2026 6:23:01 PM java.util.prefs.FileSystemPreferences checkLockFile0ErrorCode
2026-07-03 18:23:01,348 [ERROR] LogOutputStream:75 - [STDERR_REDIRECT] WARNING: Could not lock System prefs. Unix error code 0.
2026-07-03 18:23:01,348 [ERROR] LogOutputStream:75 - [STDERR_REDIRECT] 
2026-07-03 18:23:01,359 [ERROR] LogOutputStream:75 - [STDERR_REDIRECT] Jul 03, 2026 6:23:01 PM java.util.prefs.FileSystemPreferences syncWorld
2026-07-03 18:23:01,360 [ERROR] LogOutputStream:75 - [STDERR_REDIRECT] WARNING: Couldn't flush system prefs: java.util.prefs.BackingStoreException: Couldn't get file lock.
2026-07-03 18:23:01,360 [ERROR] LogOutputStream:75 - [STDERR_REDIRECT] 
2026-07-03 18:23:31,350 [ERROR] LogOutputStream:75 - [STDERR_REDIRECT] Jul 03, 2026 6:23:31 PM java.util.prefs.FileSystemPreferences checkLockFile0ErrorCode
2026-07-03 18:23:31,351 [ERROR] LogOutputStream:75 - [STDERR_REDIRECT] WARNING: Could not lock System prefs. Unix error code 0.
2026-07-03 18:23:31,351 [ERROR] LogOutputStream:75 - [STDERR_REDIRECT] 
2026-07-03 18:23:31,353 [ERROR] LogOutputStream:75 - [STDERR_REDIRECT] Jul 03, 2026 6:23:31 PM java.util.prefs.FileSystemPreferences syncWorld
2026-07-03 18:23:31,354 [ERROR] LogOutputStream:75 - [STDERR_REDIRECT] WARNING: Couldn't flush system prefs: java.util.prefs.BackingStoreException: Couldn't get file lock.
2026-07-03 18:23:31,356 [ERROR] LogOutputStream:75 - [STDERR_REDIRECT] 
2026-07-03 18:24:01,355 [ERROR] LogOutputStream:75 - [STDERR_REDIRECT] Jul 03, 2026 6:24:01 PM java.util.prefs.FileSystemPreferences checkLockFile0ErrorCode
2026-07-03 18:24:01,355 [ERROR] LogOutputStream:75 - [STDERR_REDIRECT] WARNING: Could not lock System prefs. Unix error code 0.
2026-07-03 18:24:01,355 [ERROR] LogOutputStream:75 - [STDERR_REDIRECT] 
2026-07-03 18:24:01,358 [ERROR] LogOutputStream:75 - [STDERR_REDIRECT] Jul 03, 2026 6:24:01 PM java.util.prefs.FileSystemPreferences syncWorld
2026-07-03 18:24:01,359 [ERROR] LogOutputStream:75 - [STDERR_REDIRECT] WARNING: Couldn't flush system prefs: java.util.prefs.BackingStoreException: Couldn't get file lock.
2026-07-03 18:24:01,359 [ERROR] LogOutputStream:75 - [STDERR_REDIRECT] 
2026-07-03 18:24:31,351 [ERROR] LogOutputStream:75 - [STDERR_REDIRECT] Jul 03, 2026 6:24:31 PM java.util.prefs.FileSystemPreferences checkLockFile0ErrorCode
2026-07-03 18:24:31,351 [ERROR] LogOutputStream:75 - [STDERR_REDIRECT] WARNING: Could not lock System prefs. Unix error code 0.
2026-07-03 18:24:31,351 [ERROR] LogOutputStream:75 - [STDERR_REDIRECT] 
2026-07-03 18:24:31,352 [ERROR] LogOutputStream:75 - [STDERR_REDIRECT] Jul 03, 2026 6:24:31 PM java.util.prefs.FileSystemPreferences syncWorld
2026-07-03 18:24:31,356 [ERROR] LogOutputStream:75 - [STDERR_REDIRECT] WARNING: Couldn't flush system prefs: java.util.prefs.BackingStoreException: Couldn't get file lock.
2026-07-03 18:24:31,356 [ERROR] LogOutputStream:75 - [STDERR_REDIRECT] 
2026-07-03 18:25:01,426 [ERROR] LogOutputStream:75 - [STDERR_REDIRECT] Jul 03, 2026 6:25:01 PM java.util.prefs.FileSystemPreferences checkLockFile0ErrorCode
2026-07-03 18:25:01,426 [ERROR] LogOutputStream:75 - [STDERR_REDIRECT] WARNING: Could not lock System prefs. Unix error code 0.
2026-07-03 18:25:01,426 [ERROR] LogOutputStream:75 - [STDERR_REDIRECT] 
2026-07-03 18:25:01,427 [ERROR] LogOutputStream:75 - [STDERR_REDIRECT] Jul 03, 2026 6:25:01 PM java.util.prefs.FileSystemPreferences syncWorld
2026-07-03 18:25:01,430 [ERROR] LogOutputStream:75 - [STDERR_REDIRECT] WARNING: Couldn't flush system prefs: java.util.prefs.BackingStoreException: Couldn't get file lock.
2026-07-03 18:25:01,430 [ERROR] LogOutputStream:75 - [STDERR_REDIRECT] 
2026-07-03 18:25:31,423 [ERROR] LogOutputStream:75 - [STDERR_REDIRECT] Jul 03, 2026 6:25:31 PM java.util.prefs.FileSystemPreferences checkLockFile0ErrorCode
2026-07-03 18:25:31,424 [ERROR] LogOutputStream:75 - [STDERR_REDIRECT] WARNING: Could not lock System prefs. Unix error code 0.
2026-07-03 18:25:31,424 [ERROR] LogOutputStream:75 - [STDERR_REDIRECT] 
2026-07-03 18:25:31,427 [ERROR] LogOutputStream:75 - [STDERR_REDIRECT] Jul 03, 2026 6:25:31 PM java.util.prefs.FileSystemPreferences syncWorld
2026-07-03 18:25:31,427 [ERROR] LogOutputStream:75 - [STDERR_REDIRECT] WARNING: Couldn't flush system prefs: java.util.prefs.BackingStoreException: Couldn't get file lock.
2026-07-03 18:25:31,428 [ERROR] LogOutputStream:75 - [STDERR_REDIRECT] 
2026-07-03 18:26:01,419 [ERROR] LogOutputStream:75 - [STDERR_REDIRECT] Jul 03, 2026 6:26:01 PM java.util.prefs.FileSystemPreferences checkLockFile0ErrorCode
2026-07-03 18:26:01,419 [ERROR] LogOutputStream:75 - [STDERR_REDIRECT] WARNING: Could not lock System prefs. Unix error code 0.
2026-07-03 18:26:01,421 [ERROR] LogOutputStream:75 - [STDERR_REDIRECT] 
2026-07-03 18:26:01,422 [ERROR] LogOutputStream:75 - [STDERR_REDIRECT] Jul 03, 2026 6:26:01 PM java.util.prefs.FileSystemPreferences syncWorld
2026-07-03 18:26:01,423 [ERROR] LogOutputStream:75 - [STDERR_REDIRECT] WARNING: Couldn't flush system prefs: java.util.prefs.BackingStoreException: Couldn't get file lock.
2026-07-03 18:26:01,423 [ERROR] LogOutputStream:75 - [STDERR_REDIRECT] 
2026-07-03 18:26:31,423 [ERROR] LogOutputStream:75 - [STDERR_REDIRECT] Jul 03, 2026 6:26:31 PM java.util.prefs.FileSystemPreferences checkLockFile0ErrorCode
2026-07-03 18:26:31,423 [ERROR] LogOutputStream:75 - [STDERR_REDIRECT] WARNING: Could not lock System prefs. Unix error code 0.
2026-07-03 18:26:31,423 [ERROR] LogOutputStream:75 - [STDERR_REDIRECT] 
2026-07-03 18:26:31,424 [ERROR] LogOutputStream:75 - [STDERR_REDIRECT] Jul 03, 2026 6:26:31 PM java.util.prefs.FileSystemPreferences syncWorld
2026-07-03 18:26:31,424 [ERROR] LogOutputStream:75 - [STDERR_REDIRECT] WARNING: Couldn't flush system prefs: java.util.prefs.BackingStoreException: Couldn't get file lock.
2026-07-03 18:26:31,424 [ERROR] LogOutputStream:75 - [STDERR_REDIRECT] 
2026-07-03 18:27:01,474 [ERROR] LogOutputStream:75 - [STDERR_REDIRECT] Jul 03, 2026 6:27:01 PM java.util.prefs.FileSystemPreferences checkLockFile0ErrorCode
2026-07-03 18:27:01,477 [ERROR] LogOutputStream:75 - [STDERR_REDIRECT] WARNING: Could not lock System prefs. Unix error code 0.
2026-07-03 18:27:01,479 [ERROR] LogOutputStream:75 - [STDERR_REDIRECT] 
2026-07-03 18:27:01,479 [ERROR] LogOutputStream:75 - [STDERR_REDIRECT] Jul 03, 2026 6:27:01 PM java.util.prefs.FileSystemPreferences syncWorld
2026-07-03 18:27:01,479 [ERROR] LogOutputStream:75 - [STDERR_REDIRECT] WARNING: Couldn't flush system prefs: java.util.prefs.BackingStoreException: Couldn't get file lock.
2026-07-03 18:27:01,480 [ERROR] LogOutputStream:75 - [STDERR_REDIRECT] 
2026-07-03 18:27:31,506 [ERROR] LogOutputStream:75 - [STDERR_REDIRECT] Jul 03, 2026 6:27:31 PM java.util.prefs.FileSystemPreferences checkLockFile0ErrorCode
2026-07-03 18:27:31,507 [ERROR] LogOutputStream:75 - [STDERR_REDIRECT] WARNING: Could not lock System prefs. Unix error code 0.
2026-07-03 18:27:31,507 [ERROR] LogOutputStream:75 - [STDERR_REDIRECT] 
2026-07-03 18:27:31,509 [ERROR] LogOutputStream:75 - [STDERR_REDIRECT] Jul 03, 2026 6:27:31 PM java.util.prefs.FileSystemPreferences syncWorld
2026-07-03 18:27:31,509 [ERROR] LogOutputStream:75 - [STDERR_REDIRECT] WARNING: Couldn't flush system prefs: java.util.prefs.BackingStoreException: Couldn't get file lock.
2026-07-03 18:27:31,510 [ERROR] LogOutputStream:75 - [STDERR_REDIRECT] 
2026-07-03 18:28:01,509 [ERROR] LogOutputStream:75 - [STDERR_REDIRECT] Jul 03, 2026 6:28:01 PM java.util.prefs.FileSystemPreferences checkLockFile0ErrorCode
2026-07-03 18:28:01,512 [ERROR] LogOutputStream:75 - [STDERR_REDIRECT] WARNING: Could not lock System prefs. Unix error code 0.
2026-07-03 18:28:01,512 [ERROR] LogOutputStream:75 - [STDERR_REDIRECT] 
2026-07-03 18:28:01,513 [ERROR] LogOutputStream:75 - [STDERR_REDIRECT] Jul 03, 2026 6:28:01 PM java.util.prefs.FileSystemPreferences syncWorld
2026-07-03 18:28:01,517 [ERROR] LogOutputStream:75 - [STDERR_REDIRECT] WARNING: Couldn't flush system prefs: java.util.prefs.BackingStoreException: Couldn't get file lock.
2026-07-03 18:28:01,517 [ERROR] LogOutputStream:75 - [STDERR_REDIRECT] 
2026-07-03 18:28:31,539 [ERROR] LogOutputStream:75 - [STDERR_REDIRECT] Jul 03, 2026 6:28:31 PM java.util.prefs.FileSystemPreferences checkLockFile0ErrorCode
2026-07-03 18:28:31,539 [ERROR] LogOutputStream:75 - [STDERR_REDIRECT] WARNING: Could not lock System prefs. Unix error code 0.
2026-07-03 18:28:31,539 [ERROR] LogOutputStream:75 - [STDERR_REDIRECT] 
2026-07-03 18:28:31,539 [ERROR] LogOutputStream:75 - [STDERR_REDIRECT] Jul 03, 2026 6:28:31 PM java.util.prefs.FileSystemPreferences syncWorld
2026-07-03 18:28:31,539 [ERROR] LogOutputStream:75 - [STDERR_REDIRECT] WARNING: Couldn't flush system prefs: java.util.prefs.BackingStoreException: Couldn't get file lock.
2026-07-03 18:28:31,540 [ERROR] LogOutputStream:75 - [STDERR_REDIRECT] 
2026-07-03 18:29:01,539 [ERROR] LogOutputStream:75 - [STDERR_REDIRECT] Jul 03, 2026 6:29:01 PM java.util.prefs.FileSystemPreferences checkLockFile0ErrorCode
2026-07-03 18:29:01,539 [ERROR] LogOutputStream:75 - [STDERR_REDIRECT] WARNING: Could not lock System prefs. Unix error code 0.
2026-07-03 18:29:01,539 [ERROR] LogOutputStream:75 - [STDERR_REDIRECT] 
2026-07-03 18:29:01,539 [ERROR] LogOutputStream:75 - [STDERR_REDIRECT] Jul 03, 2026 6:29:01 PM java.util.prefs.FileSystemPreferences syncWorld
2026-07-03 18:29:01,540 [ERROR] LogOutputStream:75 - [STDERR_REDIRECT] WARNING: Couldn't flush system prefs: java.util.prefs.BackingStoreException: Couldn't get file lock.
2026-07-03 18:29:01,540 [ERROR] LogOutputStream:75 - [STDERR_REDIRECT] 
2026-07-03 18:29:31,589 [ERROR] LogOutputStream:75 - [STDERR_REDIRECT] Jul 03, 2026 6:29:31 PM java.util.prefs.FileSystemPreferences checkLockFile0ErrorCode
2026-07-03 18:29:31,589 [ERROR] LogOutputStream:75 - [STDERR_REDIRECT] WARNING: Could not lock System prefs. Unix error code 0.
2026-07-03 18:29:31,589 [ERROR] LogOutputStream:75 - [STDERR_REDIRECT] 
2026-07-03 18:29:31,589 [ERROR] LogOutputStream:75 - [STDERR_REDIRECT] Jul 03, 2026 6:29:31 PM java.util.prefs.FileSystemPreferences syncWorld
2026-07-03 18:29:31,589 [ERROR] LogOutputStream:75 - [STDERR_REDIRECT] WARNING: Couldn't flush system prefs: java.util.prefs.BackingStoreException: Couldn't get file lock.
2026-07-03 18:29:31,589 [ERROR] LogOutputStream:75 - [STDERR_REDIRECT] 
2026-07-03 18:30:01,545 [ERROR] LogOutputStream:75 - [STDERR_REDIRECT] Jul 03, 2026 6:30:01 PM java.util.prefs.FileSystemPreferences checkLockFile0ErrorCode
2026-07-03 18:30:01,545 [ERROR] LogOutputStream:75 - [STDERR_REDIRECT] WARNING: Could not lock System prefs. Unix error code 0.
2026-07-03 18:30:01,545 [ERROR] LogOutputStream:75 - [STDERR_REDIRECT] 
2026-07-03 18:30:01,545 [ERROR] LogOutputStream:75 - [STDERR_REDIRECT] Jul 03, 2026 6:30:01 PM java.util.prefs.FileSystemPreferences syncWorld
2026-07-03 18:30:01,546 [ERROR] LogOutputStream:75 - [STDERR_REDIRECT] WARNING: Couldn't flush system prefs: java.util.prefs.BackingStoreException: Couldn't get file lock.
2026-07-03 18:30:01,546 [ERROR] LogOutputStream:75 - [STDERR_REDIRECT] 
2026-07-03 18:30:31,549 [ERROR] LogOutputStream:75 - [STDERR_REDIRECT] Jul 03, 2026 6:30:31 PM java.util.prefs.FileSystemPreferences checkLockFile0ErrorCode
2026-07-03 18:30:31,549 [ERROR] LogOutputStream:75 - [STDERR_REDIRECT] WARNING: Could not lock System prefs. Unix error code 0.
2026-07-03 18:30:31,550 [ERROR] LogOutputStream:75 - [STDERR_REDIRECT] 
2026-07-03 18:30:31,558 [ERROR] LogOutputStream:75 - [STDERR_REDIRECT] Jul 03, 2026 6:30:31 PM java.util.prefs.FileSystemPreferences syncWorld
2026-07-03 18:30:31,558 [ERROR] LogOutputStream:75 - [STDERR_REDIRECT] WARNING: Couldn't flush system prefs: java.util.prefs.BackingStoreException: Couldn't get file lock.
2026-07-03 18:30:31,559 [ERROR] LogOutputStream:75 - [STDERR_REDIRECT] 
2026-07-03 18:31:01,559 [ERROR] LogOutputStream:75 - [STDERR_REDIRECT] Jul 03, 2026 6:31:01 PM java.util.prefs.FileSystemPreferences checkLockFile0ErrorCode
2026-07-03 18:31:01,559 [ERROR] LogOutputStream:75 - [STDERR_REDIRECT] WARNING: Could not lock System prefs. Unix error code 0.
2026-07-03 18:31:01,559 [ERROR] LogOutputStream:75 - [STDERR_REDIRECT] 
2026-07-03 18:31:01,559 [ERROR] LogOutputStream:75 - [STDERR_REDIRECT] Jul 03, 2026 6:31:01 PM java.util.prefs.FileSystemPreferences syncWorld
2026-07-03 18:31:01,559 [ERROR] LogOutputStream:75 - [STDERR_REDIRECT] WARNING: Couldn't flush system prefs: java.util.prefs.BackingStoreException: Couldn't get file lock.
2026-07-03 18:31:01,559 [ERROR] LogOutputStream:75 - [STDERR_REDIRECT] 
2026-07-03 18:31:31,554 [ERROR] LogOutputStream:75 - [STDERR_REDIRECT] Jul 03, 2026 6:31:31 PM java.util.prefs.FileSystemPreferences checkLockFile0ErrorCode
2026-07-03 18:31:31,554 [ERROR] LogOutputStream:75 - [STDERR_REDIRECT] WARNING: Could not lock System prefs. Unix error code 0.
2026-07-03 18:31:31,554 [ERROR] LogOutputStream:75 - [STDERR_REDIRECT] 
2026-07-03 18:31:31,554 [ERROR] LogOutputStream:75 - [STDERR_REDIRECT] Jul 03, 2026 6:31:31 PM java.util.prefs.FileSystemPreferences syncWorld
2026-07-03 18:31:31,554 [ERROR] LogOutputStream:75 - [STDERR_REDIRECT] WARNING: Couldn't flush system prefs: java.util.prefs.BackingStoreException: Couldn't get file lock.
2026-07-03 18:31:31,554 [ERROR] LogOutputStream:75 - [STDERR_REDIRECT] 
2026-07-03 18:32:01,561 [ERROR] LogOutputStream:75 - [STDERR_REDIRECT] Jul 03, 2026 6:32:01 PM java.util.prefs.FileSystemPreferences checkLockFile0ErrorCode
2026-07-03 18:32:01,561 [ERROR] LogOutputStream:75 - [STDERR_REDIRECT] WARNING: Could not lock System prefs. Unix error code 0.
2026-07-03 18:32:01,562 [ERROR] LogOutputStream:75 - [STDERR_REDIRECT] 
2026-07-03 18:32:01,566 [ERROR] LogOutputStream:75 - [STDERR_REDIRECT] Jul 03, 2026 6:32:01 PM java.util.prefs.FileSystemPreferences syncWorld
2026-07-03 18:32:01,566 [ERROR] LogOutputStream:75 - [STDERR_REDIRECT] WARNING: Couldn't flush system prefs: java.util.prefs.BackingStoreException: Couldn't get file lock.
2026-07-03 18:32:01,566 [ERROR] LogOutputStream:75 - [STDERR_REDIRECT] 
2026-07-03 18:32:31,568 [ERROR] LogOutputStream:75 - [STDERR_REDIRECT] Jul 03, 2026 6:32:31 PM java.util.prefs.FileSystemPreferences checkLockFile0ErrorCode
2026-07-03 18:32:31,568 [ERROR] LogOutputStream:75 - [STDERR_REDIRECT] WARNING: Could not lock System prefs. Unix error code 0.
2026-07-03 18:32:31,569 [ERROR] LogOutputStream:75 - [STDERR_REDIRECT] 
2026-07-03 18:32:31,575 [ERROR] LogOutputStream:75 - [STDERR_REDIRECT] Jul 03, 2026 6:32:31 PM java.util.prefs.FileSystemPreferences syncWorld
2026-07-03 18:32:31,576 [ERROR] LogOutputStream:75 - [STDERR_REDIRECT] WARNING: Couldn't flush system prefs: java.util.prefs.BackingStoreException: Couldn't get file lock.
2026-07-03 18:32:31,576 [ERROR] LogOutputStream:75 - [STDERR_REDIRECT] 
2026-07-03 18:33:01,567 [ERROR] LogOutputStream:75 - [STDERR_REDIRECT] Jul 03, 2026 6:33:01 PM java.util.prefs.FileSystemPreferences checkLockFile0ErrorCode
2026-07-03 18:33:01,567 [ERROR] LogOutputStream:75 - [STDERR_REDIRECT] WARNING: Could not lock System prefs. Unix error code 0.
2026-07-03 18:33:01,567 [ERROR] LogOutputStream:75 - [STDERR_REDIRECT] 
2026-07-03 18:33:01,568 [ERROR] LogOutputStream:75 - [STDERR_REDIRECT] Jul 03, 2026 6:33:01 PM java.util.prefs.FileSystemPreferences syncWorld
2026-07-03 18:33:01,568 [ERROR] LogOutputStream:75 - [STDERR_REDIRECT] WARNING: Couldn't flush system prefs: java.util.prefs.BackingStoreException: Couldn't get file lock.
2026-07-03 18:33:01,571 [ERROR] LogOutputStream:75 - [STDERR_REDIRECT] 
2026-07-03 18:33:31,570 [ERROR] LogOutputStream:75 - [STDERR_REDIRECT] Jul 03, 2026 6:33:31 PM java.util.prefs.FileSystemPreferences checkLockFile0ErrorCode
2026-07-03 18:33:31,570 [ERROR] LogOutputStream:75 - [STDERR_REDIRECT] WARNING: Could not lock System prefs. Unix error code 0.
2026-07-03 18:33:31,570 [ERROR] LogOutputStream:75 - [STDERR_REDIRECT] 
2026-07-03 18:33:31,570 [ERROR] LogOutputStream:75 - [STDERR_REDIRECT] Jul 03, 2026 6:33:31 PM java.util.prefs.FileSystemPreferences syncWorld
2026-07-03 18:33:31,571 [ERROR] LogOutputStream:75 - [STDERR_REDIRECT] WARNING: Couldn't flush system prefs: java.util.prefs.BackingStoreException: Couldn't get file lock.
2026-07-03 18:33:31,571 [ERROR] LogOutputStream:75 - [STDERR_REDIRECT] 
2026-07-03 18:34:01,606 [ERROR] LogOutputStream:75 - [STDERR_REDIRECT] Jul 03, 2026 6:34:01 PM java.util.prefs.FileSystemPreferences checkLockFile0ErrorCode
2026-07-03 18:34:01,607 [ERROR] LogOutputStream:75 - [STDERR_REDIRECT] WARNING: Could not lock System prefs. Unix error code 0.
2026-07-03 18:34:01,607 [ERROR] LogOutputStream:75 - [STDERR_REDIRECT] 
2026-07-03 18:34:01,607 [ERROR] LogOutputStream:75 - [STDERR_REDIRECT] Jul 03, 2026 6:34:01 PM java.util.prefs.FileSystemPreferences syncWorld
2026-07-03 18:34:01,607 [ERROR] LogOutputStream:75 - [STDERR_REDIRECT] WARNING: Couldn't flush system prefs: java.util.prefs.BackingStoreException: Couldn't get file lock.
2026-07-03 18:34:01,607 [ERROR] LogOutputStream:75 - [STDERR_REDIRECT] 
2026-07-03 18:34:31,607 [ERROR] LogOutputStream:75 - [STDERR_REDIRECT] Jul 03, 2026 6:34:31 PM java.util.prefs.FileSystemPreferences checkLockFile0ErrorCode
2026-07-03 18:34:31,611 [ERROR] LogOutputStream:75 - [STDERR_REDIRECT] WARNING: Could not lock System prefs. Unix error code 0.
2026-07-03 18:34:31,611 [ERROR] LogOutputStream:75 - [STDERR_REDIRECT] 
2026-07-03 18:34:31,612 [ERROR] LogOutputStream:75 - [STDERR_REDIRECT] Jul 03, 2026 6:34:31 PM java.util.prefs.FileSystemPreferences syncWorld
2026-07-03 18:34:31,613 [ERROR] LogOutputStream:75 - [STDERR_REDIRECT] WARNING: Couldn't flush system prefs: java.util.prefs.BackingStoreException: Couldn't get file lock.
2026-07-03 18:34:31,613 [ERROR] LogOutputStream:75 - [STDERR_REDIRECT] 
2026-07-03 18:35:01,612 [ERROR] LogOutputStream:75 - [STDERR_REDIRECT] Jul 03, 2026 6:35:01 PM java.util.prefs.FileSystemPreferences checkLockFile0ErrorCode
2026-07-03 18:35:01,612 [ERROR] LogOutputStream:75 - [STDERR_REDIRECT] WARNING: Could not lock System prefs. Unix error code 0.
2026-07-03 18:35:01,613 [ERROR] LogOutputStream:75 - [STDERR_REDIRECT] 
2026-07-03 18:35:01,613 [ERROR] LogOutputStream:75 - [STDERR_REDIRECT] Jul 03, 2026 6:35:01 PM java.util.prefs.FileSystemPreferences syncWorld
2026-07-03 18:35:01,613 [ERROR] LogOutputStream:75 - [STDERR_REDIRECT] WARNING: Couldn't flush system prefs: java.util.prefs.BackingStoreException: Couldn't get file lock.
2026-07-03 18:35:01,613 [ERROR] LogOutputStream:75 - [STDERR_REDIRECT] 
2026-07-03 18:35:31,651 [ERROR] LogOutputStream:75 - [STDERR_REDIRECT] Jul 03, 2026 6:35:31 PM java.util.prefs.FileSystemPreferences checkLockFile0ErrorCode
2026-07-03 18:35:31,651 [ERROR] LogOutputStream:75 - [STDERR_REDIRECT] WARNING: Could not lock System prefs. Unix error code 0.
2026-07-03 18:35:31,651 [ERROR] LogOutputStream:75 - [STDERR_REDIRECT] 
2026-07-03 18:35:31,651 [ERROR] LogOutputStream:75 - [STDERR_REDIRECT] Jul 03, 2026 6:35:31 PM java.util.prefs.FileSystemPreferences syncWorld
2026-07-03 18:35:31,652 [ERROR] LogOutputStream:75 - [STDERR_REDIRECT] WARNING: Couldn't flush system prefs: java.util.prefs.BackingStoreException: Couldn't get file lock.
2026-07-03 18:35:31,652 [ERROR] LogOutputStream:75 - [STDERR_REDIRECT] 
2026-07-03 18:36:01,627 [ERROR] LogOutputStream:75 - [STDERR_REDIRECT] Jul 03, 2026 6:36:01 PM java.util.prefs.FileSystemPreferences checkLockFile0ErrorCode
2026-07-03 18:36:01,628 [ERROR] LogOutputStream:75 - [STDERR_REDIRECT] WARNING: Could not lock System prefs. Unix error code 0.
2026-07-03 18:36:01,628 [ERROR] LogOutputStream:75 - [STDERR_REDIRECT] 
2026-07-03 18:36:01,628 [ERROR] LogOutputStream:75 - [STDERR_REDIRECT] Jul 03, 2026 6:36:01 PM java.util.prefs.FileSystemPreferences syncWorld
2026-07-03 18:36:01,628 [ERROR] LogOutputStream:75 - [STDERR_REDIRECT] WARNING: Couldn't flush system prefs: java.util.prefs.BackingStoreException: Couldn't get file lock.
2026-07-03 18:36:01,628 [ERROR] LogOutputStream:75 - [STDERR_REDIRECT] 
2026-07-03 18:36:31,665 [ERROR] LogOutputStream:75 - [STDERR_REDIRECT] Jul 03, 2026 6:36:31 PM java.util.prefs.FileSystemPreferences checkLockFile0ErrorCode
2026-07-03 18:36:31,666 [ERROR] LogOutputStream:75 - [STDERR_REDIRECT] WARNING: Could not lock System prefs. Unix error code 0.
2026-07-03 18:36:31,666 [ERROR] LogOutputStream:75 - [STDERR_REDIRECT] 
2026-07-03 18:36:31,668 [ERROR] LogOutputStream:75 - [STDERR_REDIRECT] Jul 03, 2026 6:36:31 PM java.util.prefs.FileSystemPreferences syncWorld
2026-07-03 18:36:31,669 [ERROR] LogOutputStream:75 - [STDERR_REDIRECT] WARNING: Couldn't flush system prefs: java.util.prefs.BackingStoreException: Couldn't get file lock.
2026-07-03 18:36:31,669 [ERROR] LogOutputStream:75 - [STDERR_REDIRECT] 
2026-07-03 18:37:01,657 [ERROR] LogOutputStream:75 - [STDERR_REDIRECT] Jul 03, 2026 6:37:01 PM java.util.prefs.FileSystemPreferences checkLockFile0ErrorCode
2026-07-03 18:37:01,658 [ERROR] LogOutputStream:75 - [STDERR_REDIRECT] WARNING: Could not lock System prefs. Unix error code 0.
2026-07-03 18:37:01,658 [ERROR] LogOutputStream:75 - [STDERR_REDIRECT] 
2026-07-03 18:37:01,663 [ERROR] LogOutputStream:75 - [STDERR_REDIRECT] Jul 03, 2026 6:37:01 PM java.util.prefs.FileSystemPreferences syncWorld
2026-07-03 18:37:01,663 [ERROR] LogOutputStream:75 - [STDERR_REDIRECT] WARNING: Couldn't flush system prefs: java.util.prefs.BackingStoreException: Couldn't get file lock.
2026-07-03 18:37:01,663 [ERROR] LogOutputStream:75 - [STDERR_REDIRECT] 
2026-07-03 18:37:31,705 [ERROR] LogOutputStream:75 - [STDERR_REDIRECT] Jul 03, 2026 6:37:31 PM java.util.prefs.FileSystemPreferences checkLockFile0ErrorCode
2026-07-03 18:37:31,706 [ERROR] LogOutputStream:75 - [STDERR_REDIRECT] WARNING: Could not lock System prefs. Unix error code 0.
2026-07-03 18:37:31,707 [ERROR] LogOutputStream:75 - [STDERR_REDIRECT] 
2026-07-03 18:37:31,710 [ERROR] LogOutputStream:75 - [STDERR_REDIRECT] Jul 03, 2026 6:37:31 PM java.util.prefs.FileSystemPreferences syncWorld
2026-07-03 18:37:31,710 [ERROR] LogOutputStream:75 - [STDERR_REDIRECT] WARNING: Couldn't flush system prefs: java.util.prefs.BackingStoreException: Couldn't get file lock.
2026-07-03 18:37:31,710 [ERROR] LogOutputStream:75 - [STDERR_REDIRECT] 
2026-07-03 18:38:01,641 [ERROR] LogOutputStream:75 - [STDERR_REDIRECT] Jul 03, 2026 6:38:01 PM java.util.prefs.FileSystemPreferences checkLockFile0ErrorCode
2026-07-03 18:38:01,642 [ERROR] LogOutputStream:75 - [STDERR_REDIRECT] WARNING: Could not lock System prefs. Unix error code 0.
2026-07-03 18:38:01,642 [ERROR] LogOutputStream:75 - [STDERR_REDIRECT] 
2026-07-03 18:38:01,642 [ERROR] LogOutputStream:75 - [STDERR_REDIRECT] Jul 03, 2026 6:38:01 PM java.util.prefs.FileSystemPreferences syncWorld
2026-07-03 18:38:01,642 [ERROR] LogOutputStream:75 - [STDERR_REDIRECT] WARNING: Couldn't flush system prefs: java.util.prefs.BackingStoreException: Couldn't get file lock.
2026-07-03 18:38:01,642 [ERROR] LogOutputStream:75 - [STDERR_REDIRECT] 
2026-07-03 18:38:31,643 [ERROR] LogOutputStream:75 - [STDERR_REDIRECT] Jul 03, 2026 6:38:31 PM java.util.prefs.FileSystemPreferences checkLockFile0ErrorCode
2026-07-03 18:38:31,643 [ERROR] LogOutputStream:75 - [STDERR_REDIRECT] WARNING: Could not lock System prefs. Unix error code 0.
2026-07-03 18:38:31,644 [ERROR] LogOutputStream:75 - [STDERR_REDIRECT] 
2026-07-03 18:38:31,644 [ERROR] LogOutputStream:75 - [STDERR_REDIRECT] Jul 03, 2026 6:38:31 PM java.util.prefs.FileSystemPreferences syncWorld
2026-07-03 18:38:31,644 [ERROR] LogOutputStream:75 - [STDERR_REDIRECT] WARNING: Couldn't flush system prefs: java.util.prefs.BackingStoreException: Couldn't get file lock.
2026-07-03 18:38:31,644 [ERROR] LogOutputStream:75 - [STDERR_REDIRECT] 
2026-07-03 18:39:01,650 [ERROR] LogOutputStream:75 - [STDERR_REDIRECT] Jul 03, 2026 6:39:01 PM java.util.prefs.FileSystemPreferences checkLockFile0ErrorCode
2026-07-03 18:39:01,650 [ERROR] LogOutputStream:75 - [STDERR_REDIRECT] WARNING: Could not lock System prefs. Unix error code 0.
2026-07-03 18:39:01,650 [ERROR] LogOutputStream:75 - [STDERR_REDIRECT] 
2026-07-03 18:39:01,650 [ERROR] LogOutputStream:75 - [STDERR_REDIRECT] Jul 03, 2026 6:39:01 PM java.util.prefs.FileSystemPreferences syncWorld
2026-07-03 18:39:01,650 [ERROR] LogOutputStream:75 - [STDERR_REDIRECT] WARNING: Couldn't flush system prefs: java.util.prefs.BackingStoreException: Couldn't get file lock.
2026-07-03 18:39:01,651 [ERROR] LogOutputStream:75 - [STDERR_REDIRECT] 
2026-07-03 18:39:31,649 [ERROR] LogOutputStream:75 - [STDERR_REDIRECT] Jul 03, 2026 6:39:31 PM java.util.prefs.FileSystemPreferences checkLockFile0ErrorCode
2026-07-03 18:39:31,650 [ERROR] LogOutputStream:75 - [STDERR_REDIRECT] WARNING: Could not lock System prefs. Unix error code 0.
2026-07-03 18:39:31,650 [ERROR] LogOutputStream:75 - [STDERR_REDIRECT] 
2026-07-03 18:39:31,650 [ERROR] LogOutputStream:75 - [STDERR_REDIRECT] Jul 03, 2026 6:39:31 PM java.util.prefs.FileSystemPreferences syncWorld
2026-07-03 18:39:31,650 [ERROR] LogOutputStream:75 - [STDERR_REDIRECT] WARNING: Couldn't flush system prefs: java.util.prefs.BackingStoreException: Couldn't get file lock.
2026-07-03 18:39:31,650 [ERROR] LogOutputStream:75 - [STDERR_REDIRECT] 
2026-07-03 18:40:01,750 [ERROR] LogOutputStream:75 - [STDERR_REDIRECT] Jul 03, 2026 6:40:01 PM java.util.prefs.FileSystemPreferences checkLockFile0ErrorCode
2026-07-03 18:40:01,750 [ERROR] LogOutputStream:75 - [STDERR_REDIRECT] WARNING: Could not lock System prefs. Unix error code 0.
2026-07-03 18:40:01,750 [ERROR] LogOutputStream:75 - [STDERR_REDIRECT] 
2026-07-03 18:40:01,750 [ERROR] LogOutputStream:75 - [STDERR_REDIRECT] Jul 03, 2026 6:40:01 PM java.util.prefs.FileSystemPreferences syncWorld
2026-07-03 18:40:01,751 [ERROR] LogOutputStream:75 - [STDERR_REDIRECT] WARNING: Couldn't flush system prefs: java.util.prefs.BackingStoreException: Couldn't get file lock.
2026-07-03 18:40:01,751 [ERROR] LogOutputStream:75 - [STDERR_REDIRECT] 
2026-07-03 18:40:31,746 [ERROR] LogOutputStream:75 - [STDERR_REDIRECT] Jul 03, 2026 6:40:31 PM java.util.prefs.FileSystemPreferences checkLockFile0ErrorCode
2026-07-03 18:40:31,747 [ERROR] LogOutputStream:75 - [STDERR_REDIRECT] WARNING: Could not lock System prefs. Unix error code 0.
2026-07-03 18:40:31,747 [ERROR] LogOutputStream:75 - [STDERR_REDIRECT] 
2026-07-03 18:40:31,747 [ERROR] LogOutputStream:75 - [STDERR_REDIRECT] Jul 03, 2026 6:40:31 PM java.util.prefs.FileSystemPreferences syncWorld
2026-07-03 18:40:31,748 [ERROR] LogOutputStream:75 - [STDERR_REDIRECT] WARNING: Couldn't flush system prefs: java.util.prefs.BackingStoreException: Couldn't get file lock.
2026-07-03 18:40:31,748 [ERROR] LogOutputStream:75 - [STDERR_REDIRECT] 
2026-07-03 18:41:01,805 [ERROR] LogOutputStream:75 - [STDERR_REDIRECT] Jul 03, 2026 6:41:01 PM java.util.prefs.FileSystemPreferences checkLockFile0ErrorCode
2026-07-03 18:41:01,805 [ERROR] LogOutputStream:75 - [STDERR_REDIRECT] WARNING: Could not lock System prefs. Unix error code 0.
2026-07-03 18:41:01,805 [ERROR] LogOutputStream:75 - [STDERR_REDIRECT] 
2026-07-03 18:41:01,805 [ERROR] LogOutputStream:75 - [STDERR_REDIRECT] Jul 03, 2026 6:41:01 PM java.util.prefs.FileSystemPreferences syncWorld
2026-07-03 18:41:01,805 [ERROR] LogOutputStream:75 - [STDERR_REDIRECT] WARNING: Couldn't flush system prefs: java.util.prefs.BackingStoreException: Couldn't get file lock.
2026-07-03 18:41:01,806 [ERROR] LogOutputStream:75 - [STDERR_REDIRECT] 
2026-07-03 18:41:31,754 [ERROR] LogOutputStream:75 - [STDERR_REDIRECT] Jul 03, 2026 6:41:31 PM java.util.prefs.FileSystemPreferences checkLockFile0ErrorCode
2026-07-03 18:41:31,758 [ERROR] LogOutputStream:75 - [STDERR_REDIRECT] WARNING: Could not lock System prefs. Unix error code 0.
2026-07-03 18:41:31,759 [ERROR] LogOutputStream:75 - [STDERR_REDIRECT] 
2026-07-03 18:41:31,762 [ERROR] LogOutputStream:75 - [STDERR_REDIRECT] Jul 03, 2026 6:41:31 PM java.util.prefs.FileSystemPreferences syncWorld
2026-07-03 18:41:31,763 [ERROR] LogOutputStream:75 - [STDERR_REDIRECT] WARNING: Couldn't flush system prefs: java.util.prefs.BackingStoreException: Couldn't get file lock.
2026-07-03 18:41:31,763 [ERROR] LogOutputStream:75 - [STDERR_REDIRECT] 
2026-07-03 18:42:01,753 [ERROR] LogOutputStream:75 - [STDERR_REDIRECT] Jul 03, 2026 6:42:01 PM java.util.prefs.FileSystemPreferences checkLockFile0ErrorCode
2026-07-03 18:42:01,753 [ERROR] LogOutputStream:75 - [STDERR_REDIRECT] WARNING: Could not lock System prefs. Unix error code 0.
2026-07-03 18:42:01,753 [ERROR] LogOutputStream:75 - [STDERR_REDIRECT] 
2026-07-03 18:42:01,756 [ERROR] LogOutputStream:75 - [STDERR_REDIRECT] Jul 03, 2026 6:42:01 PM java.util.prefs.FileSystemPreferences syncWorld
2026-07-03 18:42:01,757 [ERROR] LogOutputStream:75 - [STDERR_REDIRECT] WARNING: Couldn't flush system prefs: java.util.prefs.BackingStoreException: Couldn't get file lock.
2026-07-03 18:42:01,757 [ERROR] LogOutputStream:75 - [STDERR_REDIRECT] 
2026-07-03 18:42:31,836 [ERROR] LogOutputStream:75 - [STDERR_REDIRECT] Jul 03, 2026 6:42:31 PM java.util.prefs.FileSystemPreferences checkLockFile0ErrorCode
2026-07-03 18:42:31,837 [ERROR] LogOutputStream:75 - [STDERR_REDIRECT] WARNING: Could not lock System prefs. Unix error code 0.
2026-07-03 18:42:31,837 [ERROR] LogOutputStream:75 - [STDERR_REDIRECT] 
2026-07-03 18:42:31,838 [ERROR] LogOutputStream:75 - [STDERR_REDIRECT] Jul 03, 2026 6:42:31 PM java.util.prefs.FileSystemPreferences syncWorld
2026-07-03 18:42:31,838 [ERROR] LogOutputStream:75 - [STDERR_REDIRECT] WARNING: Couldn't flush system prefs: java.util.prefs.BackingStoreException: Couldn't get file lock.
2026-07-03 18:42:31,838 [ERROR] LogOutputStream:75 - [STDERR_REDIRECT] 
2026-07-03 18:43:01,762 [ERROR] LogOutputStream:75 - [STDERR_REDIRECT] Jul 03, 2026 6:43:01 PM java.util.prefs.FileSystemPreferences checkLockFile0ErrorCode
2026-07-03 18:43:01,762 [ERROR] LogOutputStream:75 - [STDERR_REDIRECT] WARNING: Could not lock System prefs. Unix error code 0.
2026-07-03 18:43:01,762 [ERROR] LogOutputStream:75 - [STDERR_REDIRECT] 
2026-07-03 18:43:01,762 [ERROR] LogOutputStream:75 - [STDERR_REDIRECT] Jul 03, 2026 6:43:01 PM java.util.prefs.FileSystemPreferences syncWorld
2026-07-03 18:43:01,762 [ERROR] LogOutputStream:75 - [STDERR_REDIRECT] WARNING: Couldn't flush system prefs: java.util.prefs.BackingStoreException: Couldn't get file lock.
2026-07-03 18:43:01,763 [ERROR] LogOutputStream:75 - [STDERR_REDIRECT] 
2026-07-03 18:43:31,761 [ERROR] LogOutputStream:75 - [STDERR_REDIRECT] Jul 03, 2026 6:43:31 PM java.util.prefs.FileSystemPreferences checkLockFile0ErrorCode
2026-07-03 18:43:31,761 [ERROR] LogOutputStream:75 - [STDERR_REDIRECT] WARNING: Could not lock System prefs. Unix error code 0.
2026-07-03 18:43:31,761 [ERROR] LogOutputStream:75 - [STDERR_REDIRECT] 
2026-07-03 18:43:31,762 [ERROR] LogOutputStream:75 - [STDERR_REDIRECT] Jul 03, 2026 6:43:31 PM java.util.prefs.FileSystemPreferences syncWorld
2026-07-03 18:43:31,762 [ERROR] LogOutputStream:75 - [STDERR_REDIRECT] WARNING: Couldn't flush system prefs: java.util.prefs.BackingStoreException: Couldn't get file lock.
2026-07-03 18:43:31,775 [ERROR] LogOutputStream:75 - [STDERR_REDIRECT] 
2026-07-03 18:44:01,786 [ERROR] LogOutputStream:75 - [STDERR_REDIRECT] Jul 03, 2026 6:44:01 PM java.util.prefs.FileSystemPreferences checkLockFile0ErrorCode
2026-07-03 18:44:01,787 [ERROR] LogOutputStream:75 - [STDERR_REDIRECT] WARNING: Could not lock System prefs. Unix error code 0.
2026-07-03 18:44:01,787 [ERROR] LogOutputStream:75 - [STDERR_REDIRECT] 
2026-07-03 18:44:01,790 [ERROR] LogOutputStream:75 - [STDERR_REDIRECT] Jul 03, 2026 6:44:01 PM java.util.prefs.FileSystemPreferences syncWorld
2026-07-03 18:44:01,792 [ERROR] LogOutputStream:75 - [STDERR_REDIRECT] WARNING: Couldn't flush system prefs: java.util.prefs.BackingStoreException: Couldn't get file lock.
2026-07-03 18:44:01,792 [ERROR] LogOutputStream:75 - [STDERR_REDIRECT] 
2026-07-03 18:44:31,765 [ERROR] LogOutputStream:75 - [STDERR_REDIRECT] Jul 03, 2026 6:44:31 PM java.util.prefs.FileSystemPreferences checkLockFile0ErrorCode
2026-07-03 18:44:31,765 [ERROR] LogOutputStream:75 - [STDERR_REDIRECT] WARNING: Could not lock System prefs. Unix error code 0.
2026-07-03 18:44:31,765 [ERROR] LogOutputStream:75 - [STDERR_REDIRECT] 
2026-07-03 18:44:31,765 [ERROR] LogOutputStream:75 - [STDERR_REDIRECT] Jul 03, 2026 6:44:31 PM java.util.prefs.FileSystemPreferences syncWorld
2026-07-03 18:44:31,766 [ERROR] LogOutputStream:75 - [STDERR_REDIRECT] WARNING: Couldn't flush system prefs: java.util.prefs.BackingStoreException: Couldn't get file lock.
2026-07-03 18:44:31,766 [ERROR] LogOutputStream:75 - [STDERR_REDIRECT] 
2026-07-03 18:45:01,764 [ERROR] LogOutputStream:75 - [STDERR_REDIRECT] Jul 03, 2026 6:45:01 PM java.util.prefs.FileSystemPreferences checkLockFile0ErrorCode
2026-07-03 18:45:01,765 [ERROR] LogOutputStream:75 - [STDERR_REDIRECT] WARNING: Could not lock System prefs. Unix error code 0.
2026-07-03 18:45:01,770 [ERROR] LogOutputStream:75 - [STDERR_REDIRECT] 
2026-07-03 18:45:01,772 [ERROR] LogOutputStream:75 - [STDERR_REDIRECT] Jul 03, 2026 6:45:01 PM java.util.prefs.FileSystemPreferences syncWorld
2026-07-03 18:45:01,772 [ERROR] LogOutputStream:75 - [STDERR_REDIRECT] WARNING: Couldn't flush system prefs: java.util.prefs.BackingStoreException: Couldn't get file lock.
2026-07-03 18:45:01,773 [ERROR] LogOutputStream:75 - [STDERR_REDIRECT] 
2026-07-03 18:45:31,768 [ERROR] LogOutputStream:75 - [STDERR_REDIRECT] Jul 03, 2026 6:45:31 PM java.util.prefs.FileSystemPreferences checkLockFile0ErrorCode
2026-07-03 18:45:31,768 [ERROR] LogOutputStream:75 - [STDERR_REDIRECT] WARNING: Could not lock System prefs. Unix error code 0.
2026-07-03 18:45:31,768 [ERROR] LogOutputStream:75 - [STDERR_REDIRECT] 
2026-07-03 18:45:31,768 [ERROR] LogOutputStream:75 - [STDERR_REDIRECT] Jul 03, 2026 6:45:31 PM java.util.prefs.FileSystemPreferences syncWorld
2026-07-03 18:45:31,768 [ERROR] LogOutputStream:75 - [STDERR_REDIRECT] WARNING: Couldn't flush system prefs: java.util.prefs.BackingStoreException: Couldn't get file lock.
2026-07-03 18:45:31,768 [ERROR] LogOutputStream:75 - [STDERR_REDIRECT] 
2026-07-03 18:46:01,774 [ERROR] LogOutputStream:75 - [STDERR_REDIRECT] Jul 03, 2026 6:46:01 PM java.util.prefs.FileSystemPreferences checkLockFile0ErrorCode
2026-07-03 18:46:01,775 [ERROR] LogOutputStream:75 - [STDERR_REDIRECT] WARNING: Could not lock System prefs. Unix error code 0.
2026-07-03 18:46:01,783 [ERROR] LogOutputStream:75 - [STDERR_REDIRECT] 
2026-07-03 18:46:01,788 [ERROR] LogOutputStream:75 - [STDERR_REDIRECT] Jul 03, 2026 6:46:01 PM java.util.prefs.FileSystemPreferences syncWorld
2026-07-03 18:46:01,788 [ERROR] LogOutputStream:75 - [STDERR_REDIRECT] WARNING: Couldn't flush system prefs: java.util.prefs.BackingStoreException: Couldn't get file lock.
2026-07-03 18:46:01,788 [ERROR] LogOutputStream:75 - [STDERR_REDIRECT] 
2026-07-03 18:46:31,775 [ERROR] LogOutputStream:75 - [STDERR_REDIRECT] Jul 03, 2026 6:46:31 PM java.util.prefs.FileSystemPreferences checkLockFile0ErrorCode
2026-07-03 18:46:31,775 [ERROR] LogOutputStream:75 - [STDERR_REDIRECT] WARNING: Could not lock System prefs. Unix error code 0.
2026-07-03 18:46:31,775 [ERROR] LogOutputStream:75 - [STDERR_REDIRECT] 
2026-07-03 18:46:31,775 [ERROR] LogOutputStream:75 - [STDERR_REDIRECT] Jul 03, 2026 6:46:31 PM java.util.prefs.FileSystemPreferences syncWorld
2026-07-03 18:46:31,775 [ERROR] LogOutputStream:75 - [STDERR_REDIRECT] WARNING: Couldn't flush system prefs: java.util.prefs.BackingStoreException: Couldn't get file lock.
2026-07-03 18:46:31,775 [ERROR] LogOutputStream:75 - [STDERR_REDIRECT] 
2026-07-03 18:47:01,777 [ERROR] LogOutputStream:75 - [STDERR_REDIRECT] Jul 03, 2026 6:47:01 PM java.util.prefs.FileSystemPreferences checkLockFile0ErrorCode
2026-07-03 18:47:01,778 [ERROR] LogOutputStream:75 - [STDERR_REDIRECT] WARNING: Could not lock System prefs. Unix error code 0.
2026-07-03 18:47:01,778 [ERROR] LogOutputStream:75 - [STDERR_REDIRECT] 
2026-07-03 18:47:01,778 [ERROR] LogOutputStream:75 - [STDERR_REDIRECT] Jul 03, 2026 6:47:01 PM java.util.prefs.FileSystemPreferences syncWorld
2026-07-03 18:47:01,778 [ERROR] LogOutputStream:75 - [STDERR_REDIRECT] WARNING: Couldn't flush system prefs: java.util.prefs.BackingStoreException: Couldn't get file lock.
2026-07-03 18:47:01,778 [ERROR] LogOutputStream:75 - [STDERR_REDIRECT] 
2026-07-03 18:47:31,780 [ERROR] LogOutputStream:75 - [STDERR_REDIRECT] Jul 03, 2026 6:47:31 PM java.util.prefs.FileSystemPreferences checkLockFile0ErrorCode
2026-07-03 18:47:31,780 [ERROR] LogOutputStream:75 - [STDERR_REDIRECT] WARNING: Could not lock System prefs. Unix error code 0.
2026-07-03 18:47:31,780 [ERROR] LogOutputStream:75 - [STDERR_REDIRECT] 
2026-07-03 18:47:31,780 [ERROR] LogOutputStream:75 - [STDERR_REDIRECT] Jul 03, 2026 6:47:31 PM java.util.prefs.FileSystemPreferences syncWorld
2026-07-03 18:47:31,780 [ERROR] LogOutputStream:75 - [STDERR_REDIRECT] WARNING: Couldn't flush system prefs: java.util.prefs.BackingStoreException: Couldn't get file lock.
2026-07-03 18:47:31,780 [ERROR] LogOutputStream:75 - [STDERR_REDIRECT] 
2026-07-03 18:48:01,786 [ERROR] LogOutputStream:75 - [STDERR_REDIRECT] Jul 03, 2026 6:48:01 PM java.util.prefs.FileSystemPreferences checkLockFile0ErrorCode
2026-07-03 18:48:01,786 [ERROR] LogOutputStream:75 - [STDERR_REDIRECT] WARNING: Could not lock System prefs. Unix error code 0.
2026-07-03 18:48:01,786 [ERROR] LogOutputStream:75 - [STDERR_REDIRECT] 
2026-07-03 18:48:01,786 [ERROR] LogOutputStream:75 - [STDERR_REDIRECT] Jul 03, 2026 6:48:01 PM java.util.prefs.FileSystemPreferences syncWorld
2026-07-03 18:48:01,786 [ERROR] LogOutputStream:75 - [STDERR_REDIRECT] WARNING: Couldn't flush system prefs: java.util.prefs.BackingStoreException: Couldn't get file lock.
2026-07-03 18:48:01,786 [ERROR] LogOutputStream:75 - [STDERR_REDIRECT] 
2026-07-03 18:48:31,802 [ERROR] LogOutputStream:75 - [STDERR_REDIRECT] Jul 03, 2026 6:48:31 PM java.util.prefs.FileSystemPreferences checkLockFile0ErrorCode
2026-07-03 18:48:31,803 [ERROR] LogOutputStream:75 - [STDERR_REDIRECT] WARNING: Could not lock System prefs. Unix error code 0.
2026-07-03 18:48:31,803 [ERROR] LogOutputStream:75 - [STDERR_REDIRECT] 
2026-07-03 18:48:31,803 [ERROR] LogOutputStream:75 - [STDERR_REDIRECT] Jul 03, 2026 6:48:31 PM java.util.prefs.FileSystemPreferences syncWorld
2026-07-03 18:48:31,803 [ERROR] LogOutputStream:75 - [STDERR_REDIRECT] WARNING: Couldn't flush system prefs: java.util.prefs.BackingStoreException: Couldn't get file lock.
2026-07-03 18:48:31,804 [ERROR] LogOutputStream:75 - [STDERR_REDIRECT] 
2026-07-03 18:49:01,809 [ERROR] LogOutputStream:75 - [STDERR_REDIRECT] Jul 03, 2026 6:49:01 PM java.util.prefs.FileSystemPreferences checkLockFile0ErrorCode
2026-07-03 18:49:01,809 [ERROR] LogOutputStream:75 - [STDERR_REDIRECT] WARNING: Could not lock System prefs. Unix error code 0.
2026-07-03 18:49:01,819 [ERROR] LogOutputStream:75 - [STDERR_REDIRECT] 
2026-07-03 18:49:01,823 [ERROR] LogOutputStream:75 - [STDERR_REDIRECT] Jul 03, 2026 6:49:01 PM java.util.prefs.FileSystemPreferences syncWorld
2026-07-03 18:49:01,824 [ERROR] LogOutputStream:75 - [STDERR_REDIRECT] WARNING: Couldn't flush system prefs: java.util.prefs.BackingStoreException: Couldn't get file lock.
2026-07-03 18:49:01,824 [ERROR] LogOutputStream:75 - [STDERR_REDIRECT] 
2026-07-03 18:49:31,807 [ERROR] LogOutputStream:75 - [STDERR_REDIRECT] Jul 03, 2026 6:49:31 PM java.util.prefs.FileSystemPreferences checkLockFile0ErrorCode
2026-07-03 18:49:31,808 [ERROR] LogOutputStream:75 - [STDERR_REDIRECT] WARNING: Could not lock System prefs. Unix error code 0.
2026-07-03 18:49:31,808 [ERROR] LogOutputStream:75 - [STDERR_REDIRECT] 
2026-07-03 18:49:31,808 [ERROR] LogOutputStream:75 - [STDERR_REDIRECT] Jul 03, 2026 6:49:31 PM java.util.prefs.FileSystemPreferences syncWorld
2026-07-03 18:49:31,809 [ERROR] LogOutputStream:75 - [STDERR_REDIRECT] WARNING: Couldn't flush system prefs: java.util.prefs.BackingStoreException: Couldn't get file lock.
2026-07-03 18:49:31,809 [ERROR] LogOutputStream:75 - [STDERR_REDIRECT] 
2026-07-03 18:50:01,809 [ERROR] LogOutputStream:75 - [STDERR_REDIRECT] Jul 03, 2026 6:50:01 PM java.util.prefs.FileSystemPreferences checkLockFile0ErrorCode
2026-07-03 18:50:01,809 [ERROR] LogOutputStream:75 - [STDERR_REDIRECT] WARNING: Could not lock System prefs. Unix error code 0.
2026-07-03 18:50:01,809 [ERROR] LogOutputStream:75 - [STDERR_REDIRECT] 
2026-07-03 18:50:01,810 [ERROR] LogOutputStream:75 - [STDERR_REDIRECT] Jul 03, 2026 6:50:01 PM java.util.prefs.FileSystemPreferences syncWorld
2026-07-03 18:50:01,810 [ERROR] LogOutputStream:75 - [STDERR_REDIRECT] WARNING: Couldn't flush system prefs: java.util.prefs.BackingStoreException: Couldn't get file lock.
2026-07-03 18:50:01,810 [ERROR] LogOutputStream:75 - [STDERR_REDIRECT] 
2026-07-03 18:50:31,813 [ERROR] LogOutputStream:75 - [STDERR_REDIRECT] Jul 03, 2026 6:50:31 PM java.util.prefs.FileSystemPreferences checkLockFile0ErrorCode
2026-07-03 18:50:31,813 [ERROR] LogOutputStream:75 - [STDERR_REDIRECT] WARNING: Could not lock System prefs. Unix error code 0.
2026-07-03 18:50:31,814 [ERROR] LogOutputStream:75 - [STDERR_REDIRECT] 
2026-07-03 18:50:31,814 [ERROR] LogOutputStream:75 - [STDERR_REDIRECT] Jul 03, 2026 6:50:31 PM java.util.prefs.FileSystemPreferences syncWorld
2026-07-03 18:50:31,816 [ERROR] LogOutputStream:75 - [STDERR_REDIRECT] WARNING: Couldn't flush system prefs: java.util.prefs.BackingStoreException: Couldn't get file lock.
2026-07-03 18:50:31,816 [ERROR] LogOutputStream:75 - [STDERR_REDIRECT] 
2026-07-03 18:51:01,812 [ERROR] LogOutputStream:75 - [STDERR_REDIRECT] Jul 03, 2026 6:51:01 PM java.util.prefs.FileSystemPreferences checkLockFile0ErrorCode
2026-07-03 18:51:01,813 [ERROR] LogOutputStream:75 - [STDERR_REDIRECT] WARNING: Could not lock System prefs. Unix error code 0.
2026-07-03 18:51:01,813 [ERROR] LogOutputStream:75 - [STDERR_REDIRECT] 
2026-07-03 18:51:01,813 [ERROR] LogOutputStream:75 - [STDERR_REDIRECT] Jul 03, 2026 6:51:01 PM java.util.prefs.FileSystemPreferences syncWorld
2026-07-03 18:51:01,813 [ERROR] LogOutputStream:75 - [STDERR_REDIRECT] WARNING: Couldn't flush system prefs: java.util.prefs.BackingStoreException: Couldn't get file lock.
2026-07-03 18:51:01,813 [ERROR] LogOutputStream:75 - [STDERR_REDIRECT] 
2026-07-03 18:51:31,823 [ERROR] LogOutputStream:75 - [STDERR_REDIRECT] Jul 03, 2026 6:51:31 PM java.util.prefs.FileSystemPreferences checkLockFile0ErrorCode
2026-07-03 18:51:31,824 [ERROR] LogOutputStream:75 - [STDERR_REDIRECT] WARNING: Could not lock System prefs. Unix error code 0.
2026-07-03 18:51:31,824 [ERROR] LogOutputStream:75 - [STDERR_REDIRECT] 
2026-07-03 18:51:31,827 [ERROR] LogOutputStream:75 - [STDERR_REDIRECT] Jul 03, 2026 6:51:31 PM java.util.prefs.FileSystemPreferences syncWorld
2026-07-03 18:51:31,827 [ERROR] LogOutputStream:75 - [STDERR_REDIRECT] WARNING: Couldn't flush system prefs: java.util.prefs.BackingStoreException: Couldn't get file lock.
2026-07-03 18:51:31,827 [ERROR] LogOutputStream:75 - [STDERR_REDIRECT] 
2026-07-03 18:52:01,821 [ERROR] LogOutputStream:75 - [STDERR_REDIRECT] Jul 03, 2026 6:52:01 PM java.util.prefs.FileSystemPreferences checkLockFile0ErrorCode
2026-07-03 18:52:01,822 [ERROR] LogOutputStream:75 - [STDERR_REDIRECT] WARNING: Could not lock System prefs. Unix error code 0.
2026-07-03 18:52:01,822 [ERROR] LogOutputStream:75 - [STDERR_REDIRECT] 
2026-07-03 18:52:01,823 [ERROR] LogOutputStream:75 - [STDERR_REDIRECT] Jul 03, 2026 6:52:01 PM java.util.prefs.FileSystemPreferences syncWorld
2026-07-03 18:52:01,827 [ERROR] LogOutputStream:75 - [STDERR_REDIRECT] WARNING: Couldn't flush system prefs: java.util.prefs.BackingStoreException: Couldn't get file lock.
2026-07-03 18:52:01,827 [ERROR] LogOutputStream:75 - [STDERR_REDIRECT] 
2026-07-03 18:52:31,823 [ERROR] LogOutputStream:75 - [STDERR_REDIRECT] Jul 03, 2026 6:52:31 PM java.util.prefs.FileSystemPreferences checkLockFile0ErrorCode
2026-07-03 18:52:31,823 [ERROR] LogOutputStream:75 - [STDERR_REDIRECT] WARNING: Could not lock System prefs. Unix error code 0.
2026-07-03 18:52:31,823 [ERROR] LogOutputStream:75 - [STDERR_REDIRECT] 
2026-07-03 18:52:31,824 [ERROR] LogOutputStream:75 - [STDERR_REDIRECT] Jul 03, 2026 6:52:31 PM java.util.prefs.FileSystemPreferences syncWorld
2026-07-03 18:52:31,824 [ERROR] LogOutputStream:75 - [STDERR_REDIRECT] WARNING: Couldn't flush system prefs: java.util.prefs.BackingStoreException: Couldn't get file lock.
2026-07-03 18:52:31,824 [ERROR] LogOutputStream:75 - [STDERR_REDIRECT] 
2026-07-03 18:53:01,828 [ERROR] LogOutputStream:75 - [STDERR_REDIRECT] Jul 03, 2026 6:53:01 PM java.util.prefs.FileSystemPreferences checkLockFile0ErrorCode
2026-07-03 18:53:01,829 [ERROR] LogOutputStream:75 - [STDERR_REDIRECT] WARNING: Could not lock System prefs. Unix error code 0.
2026-07-03 18:53:01,829 [ERROR] LogOutputStream:75 - [STDERR_REDIRECT] 
2026-07-03 18:53:01,829 [ERROR] LogOutputStream:75 - [STDERR_REDIRECT] Jul 03, 2026 6:53:01 PM java.util.prefs.FileSystemPreferences syncWorld
2026-07-03 18:53:01,830 [ERROR] LogOutputStream:75 - [STDERR_REDIRECT] WARNING: Couldn't flush system prefs: java.util.prefs.BackingStoreException: Couldn't get file lock.
2026-07-03 18:53:01,838 [ERROR] LogOutputStream:75 - [STDERR_REDIRECT] 
2026-07-03 18:53:31,928 [ERROR] LogOutputStream:75 - [STDERR_REDIRECT] Jul 03, 2026 6:53:31 PM java.util.prefs.FileSystemPreferences checkLockFile0ErrorCode
2026-07-03 18:53:31,930 [ERROR] LogOutputStream:75 - [STDERR_REDIRECT] WARNING: Could not lock System prefs. Unix error code 0.
2026-07-03 18:53:31,930 [ERROR] LogOutputStream:75 - [STDERR_REDIRECT] 
2026-07-03 18:53:31,931 [ERROR] LogOutputStream:75 - [STDERR_REDIRECT] Jul 03, 2026 6:53:31 PM java.util.prefs.FileSystemPreferences syncWorld
2026-07-03 18:53:31,932 [ERROR] LogOutputStream:75 - [STDERR_REDIRECT] WARNING: Couldn't flush system prefs: java.util.prefs.BackingStoreException: Couldn't get file lock.
2026-07-03 18:53:31,932 [ERROR] LogOutputStream:75 - [STDERR_REDIRECT] 
