2026-08-28 00:00:16,549 [ERROR] LogOutputStream:75 - [STDERR_REDIRECT] Aug 28, 2026 12:00:16 AM java.util.prefs.FileSystemPreferences checkLockFile0ErrorCode
2026-08-28 00:00:16,555 [ERROR] LogOutputStream:75 - [STDERR_REDIRECT] WARNING: Could not lock System prefs. Unix error code 0.
2026-08-28 00:00:16,555 [ERROR] LogOutputStream:75 - [STDERR_REDIRECT] 
2026-08-28 00:00:16,555 [ERROR] LogOutputStream:75 - [STDERR_REDIRECT] Aug 28, 2026 12:00:16 AM java.util.prefs.FileSystemPreferences syncWorld
2026-08-28 00:00:16,555 [ERROR] LogOutputStream:75 - [STDERR_REDIRECT] WARNING: Couldn't flush system prefs: java.util.prefs.BackingStoreException: Couldn't get file lock.
2026-08-28 00:00:16,555 [ERROR] LogOutputStream:75 - [STDERR_REDIRECT] 
2026-08-28 00:00:46,549 [ERROR] LogOutputStream:75 - [STDERR_REDIRECT] Aug 28, 2026 12:00:46 AM java.util.prefs.FileSystemPreferences checkLockFile0ErrorCode
2026-08-28 00:00:46,550 [ERROR] LogOutputStream:75 - [STDERR_REDIRECT] WARNING: Could not lock System prefs. Unix error code 0.
2026-08-28 00:00:46,550 [ERROR] LogOutputStream:75 - [STDERR_REDIRECT] 
2026-08-28 00:00:46,550 [ERROR] LogOutputStream:75 - [STDERR_REDIRECT] Aug 28, 2026 12:00:46 AM java.util.prefs.FileSystemPreferences syncWorld
2026-08-28 00:00:46,551 [ERROR] LogOutputStream:75 - [STDERR_REDIRECT] WARNING: Couldn't flush system prefs: java.util.prefs.BackingStoreException: Couldn't get file lock.
2026-08-28 00:00:46,551 [ERROR] LogOutputStream:75 - [STDERR_REDIRECT] 
2026-08-28 00:01:16,549 [ERROR] LogOutputStream:75 - [STDERR_REDIRECT] Aug 28, 2026 12:01:16 AM java.util.prefs.FileSystemPreferences checkLockFile0ErrorCode
2026-08-28 00:01:16,549 [ERROR] LogOutputStream:75 - [STDERR_REDIRECT] WARNING: Could not lock System prefs. Unix error code 0.
2026-08-28 00:01:16,549 [ERROR] LogOutputStream:75 - [STDERR_REDIRECT] 
2026-08-28 00:01:16,550 [ERROR] LogOutputStream:75 - [STDERR_REDIRECT] Aug 28, 2026 12:01:16 AM java.util.prefs.FileSystemPreferences syncWorld
2026-08-28 00:01:16,550 [ERROR] LogOutputStream:75 - [STDERR_REDIRECT] WARNING: Couldn't flush system prefs: java.util.prefs.BackingStoreException: Couldn't get file lock.
2026-08-28 00:01:16,550 [ERROR] LogOutputStream:75 - [STDERR_REDIRECT] 
2026-08-28 00:01:46,549 [ERROR] LogOutputStream:75 - [STDERR_REDIRECT] Aug 28, 2026 12:01:46 AM java.util.prefs.FileSystemPreferences checkLockFile0ErrorCode
2026-08-28 00:01:46,550 [ERROR] LogOutputStream:75 - [STDERR_REDIRECT] WARNING: Could not lock System prefs. Unix error code 0.
2026-08-28 00:01:46,550 [ERROR] LogOutputStream:75 - [STDERR_REDIRECT] 
2026-08-28 00:01:46,550 [ERROR] LogOutputStream:75 - [STDERR_REDIRECT] Aug 28, 2026 12:01:46 AM java.util.prefs.FileSystemPreferences syncWorld
2026-08-28 00:01:46,550 [ERROR] LogOutputStream:75 - [STDERR_REDIRECT] WARNING: Couldn't flush system prefs: java.util.prefs.BackingStoreException: Couldn't get file lock.
2026-08-28 00:01:46,550 [ERROR] LogOutputStream:75 - [STDERR_REDIRECT] 
2026-08-28 00:02:16,549 [ERROR] LogOutputStream:75 - [STDERR_REDIRECT] Aug 28, 2026 12:02:16 AM java.util.prefs.FileSystemPreferences checkLockFile0ErrorCode
2026-08-28 00:02:16,550 [ERROR] LogOutputStream:75 - [STDERR_REDIRECT] WARNING: Could not lock System prefs. Unix error code 0.
2026-08-28 00:02:16,550 [ERROR] LogOutputStream:75 - [STDERR_REDIRECT] 
2026-08-28 00:02:16,550 [ERROR] LogOutputStream:75 - [STDERR_REDIRECT] Aug 28, 2026 12:02:16 AM java.util.prefs.FileSystemPreferences syncWorld
2026-08-28 00:02:16,550 [ERROR] LogOutputStream:75 - [STDERR_REDIRECT] WARNING: Couldn't flush system prefs: java.util.prefs.BackingStoreException: Couldn't get file lock.
2026-08-28 00:02:16,550 [ERROR] LogOutputStream:75 - [STDERR_REDIRECT] 
2026-08-28 00:02:46,549 [ERROR] LogOutputStream:75 - [STDERR_REDIRECT] Aug 28, 2026 12:02:46 AM java.util.prefs.FileSystemPreferences checkLockFile0ErrorCode
2026-08-28 00:02:46,550 [ERROR] LogOutputStream:75 - [STDERR_REDIRECT] WARNING: Could not lock System prefs. Unix error code 0.
2026-08-28 00:02:46,550 [ERROR] LogOutputStream:75 - [STDERR_REDIRECT] 
2026-08-28 00:02:46,550 [ERROR] LogOutputStream:75 - [STDERR_REDIRECT] Aug 28, 2026 12:02:46 AM java.util.prefs.FileSystemPreferences syncWorld
2026-08-28 00:02:46,550 [ERROR] LogOutputStream:75 - [STDERR_REDIRECT] WARNING: Couldn't flush system prefs: java.util.prefs.BackingStoreException: Couldn't get file lock.
2026-08-28 00:02:46,550 [ERROR] LogOutputStream:75 - [STDERR_REDIRECT] 
2026-08-28 00:03:16,550 [ERROR] LogOutputStream:75 - [STDERR_REDIRECT] Aug 28, 2026 12:03:16 AM java.util.prefs.FileSystemPreferences checkLockFile0ErrorCode
2026-08-28 00:03:16,551 [ERROR] LogOutputStream:75 - [STDERR_REDIRECT] WARNING: Could not lock System prefs. Unix error code 0.
2026-08-28 00:03:16,551 [ERROR] LogOutputStream:75 - [STDERR_REDIRECT] 
2026-08-28 00:03:16,551 [ERROR] LogOutputStream:75 - [STDERR_REDIRECT] Aug 28, 2026 12:03:16 AM java.util.prefs.FileSystemPreferences syncWorld
2026-08-28 00:03:16,551 [ERROR] LogOutputStream:75 - [STDERR_REDIRECT] WARNING: Couldn't flush system prefs: java.util.prefs.BackingStoreException: Couldn't get file lock.
2026-08-28 00:03:16,551 [ERROR] LogOutputStream:75 - [STDERR_REDIRECT] 
2026-08-28 00:03:46,551 [ERROR] LogOutputStream:75 - [STDERR_REDIRECT] Aug 28, 2026 12:03:46 AM java.util.prefs.FileSystemPreferences checkLockFile0ErrorCode
2026-08-28 00:03:46,551 [ERROR] LogOutputStream:75 - [STDERR_REDIRECT] WARNING: Could not lock System prefs. Unix error code 0.
2026-08-28 00:03:46,551 [ERROR] LogOutputStream:75 - [STDERR_REDIRECT] 
2026-08-28 00:03:46,552 [ERROR] LogOutputStream:75 - [STDERR_REDIRECT] Aug 28, 2026 12:03:46 AM java.util.prefs.FileSystemPreferences syncWorld
2026-08-28 00:03:46,552 [ERROR] LogOutputStream:75 - [STDERR_REDIRECT] WARNING: Couldn't flush system prefs: java.util.prefs.BackingStoreException: Couldn't get file lock.
2026-08-28 00:03:46,552 [ERROR] LogOutputStream:75 - [STDERR_REDIRECT] 
2026-08-28 00:04:16,552 [ERROR] LogOutputStream:75 - [STDERR_REDIRECT] Aug 28, 2026 12:04:16 AM java.util.prefs.FileSystemPreferences checkLockFile0ErrorCode
2026-08-28 00:04:16,552 [ERROR] LogOutputStream:75 - [STDERR_REDIRECT] WARNING: Could not lock System prefs. Unix error code 0.
2026-08-28 00:04:16,552 [ERROR] LogOutputStream:75 - [STDERR_REDIRECT] 
2026-08-28 00:04:16,552 [ERROR] LogOutputStream:75 - [STDERR_REDIRECT] Aug 28, 2026 12:04:16 AM java.util.prefs.FileSystemPreferences syncWorld
2026-08-28 00:04:16,553 [ERROR] LogOutputStream:75 - [STDERR_REDIRECT] WARNING: Couldn't flush system prefs: java.util.prefs.BackingStoreException: Couldn't get file lock.
2026-08-28 00:04:16,553 [ERROR] LogOutputStream:75 - [STDERR_REDIRECT] 
2026-08-28 00:04:46,551 [ERROR] LogOutputStream:75 - [STDERR_REDIRECT] Aug 28, 2026 12:04:46 AM java.util.prefs.FileSystemPreferences checkLockFile0ErrorCode
2026-08-28 00:04:46,551 [ERROR] LogOutputStream:75 - [STDERR_REDIRECT] WARNING: Could not lock System prefs. Unix error code 0.
2026-08-28 00:04:46,551 [ERROR] LogOutputStream:75 - [STDERR_REDIRECT] 
2026-08-28 00:04:46,551 [ERROR] LogOutputStream:75 - [STDERR_REDIRECT] Aug 28, 2026 12:04:46 AM java.util.prefs.FileSystemPreferences syncWorld
2026-08-28 00:04:46,551 [ERROR] LogOutputStream:75 - [STDERR_REDIRECT] WARNING: Couldn't flush system prefs: java.util.prefs.BackingStoreException: Couldn't get file lock.
2026-08-28 00:04:46,552 [ERROR] LogOutputStream:75 - [STDERR_REDIRECT] 
2026-08-28 00:05:16,550 [ERROR] LogOutputStream:75 - [STDERR_REDIRECT] Aug 28, 2026 12:05:16 AM java.util.prefs.FileSystemPreferences checkLockFile0ErrorCode
2026-08-28 00:05:16,551 [ERROR] LogOutputStream:75 - [STDERR_REDIRECT] WARNING: Could not lock System prefs. Unix error code 0.
2026-08-28 00:05:16,551 [ERROR] LogOutputStream:75 - [STDERR_REDIRECT] 
2026-08-28 00:05:16,551 [ERROR] LogOutputStream:75 - [STDERR_REDIRECT] Aug 28, 2026 12:05:16 AM java.util.prefs.FileSystemPreferences syncWorld
2026-08-28 00:05:16,551 [ERROR] LogOutputStream:75 - [STDERR_REDIRECT] WARNING: Couldn't flush system prefs: java.util.prefs.BackingStoreException: Couldn't get file lock.
2026-08-28 00:05:16,551 [ERROR] LogOutputStream:75 - [STDERR_REDIRECT] 
2026-08-28 00:05:46,550 [ERROR] LogOutputStream:75 - [STDERR_REDIRECT] Aug 28, 2026 12:05:46 AM java.util.prefs.FileSystemPreferences checkLockFile0ErrorCode
2026-08-28 00:05:46,551 [ERROR] LogOutputStream:75 - [STDERR_REDIRECT] WARNING: Could not lock System prefs. Unix error code 0.
2026-08-28 00:05:46,551 [ERROR] LogOutputStream:75 - [STDERR_REDIRECT] 
2026-08-28 00:05:46,551 [ERROR] LogOutputStream:75 - [STDERR_REDIRECT] Aug 28, 2026 12:05:46 AM java.util.prefs.FileSystemPreferences syncWorld
2026-08-28 00:05:46,551 [ERROR] LogOutputStream:75 - [STDERR_REDIRECT] WARNING: Couldn't flush system prefs: java.util.prefs.BackingStoreException: Couldn't get file lock.
2026-08-28 00:05:46,551 [ERROR] LogOutputStream:75 - [STDERR_REDIRECT] 
2026-08-28 00:06:16,551 [ERROR] LogOutputStream:75 - [STDERR_REDIRECT] Aug 28, 2026 12:06:16 AM java.util.prefs.FileSystemPreferences checkLockFile0ErrorCode
2026-08-28 00:06:16,551 [ERROR] LogOutputStream:75 - [STDERR_REDIRECT] WARNING: Could not lock System prefs. Unix error code 0.
2026-08-28 00:06:16,552 [ERROR] LogOutputStream:75 - [STDERR_REDIRECT] 
2026-08-28 00:06:16,552 [ERROR] LogOutputStream:75 - [STDERR_REDIRECT] Aug 28, 2026 12:06:16 AM java.util.prefs.FileSystemPreferences syncWorld
2026-08-28 00:06:16,552 [ERROR] LogOutputStream:75 - [STDERR_REDIRECT] WARNING: Couldn't flush system prefs: java.util.prefs.BackingStoreException: Couldn't get file lock.
2026-08-28 00:06:16,552 [ERROR] LogOutputStream:75 - [STDERR_REDIRECT] 
2026-08-28 00:06:46,551 [ERROR] LogOutputStream:75 - [STDERR_REDIRECT] Aug 28, 2026 12:06:46 AM java.util.prefs.FileSystemPreferences checkLockFile0ErrorCode
2026-08-28 00:06:46,551 [ERROR] LogOutputStream:75 - [STDERR_REDIRECT] WARNING: Could not lock System prefs. Unix error code 0.
2026-08-28 00:06:46,552 [ERROR] LogOutputStream:75 - [STDERR_REDIRECT] 
2026-08-28 00:06:46,552 [ERROR] LogOutputStream:75 - [STDERR_REDIRECT] Aug 28, 2026 12:06:46 AM java.util.prefs.FileSystemPreferences syncWorld
2026-08-28 00:06:46,552 [ERROR] LogOutputStream:75 - [STDERR_REDIRECT] WARNING: Couldn't flush system prefs: java.util.prefs.BackingStoreException: Couldn't get file lock.
2026-08-28 00:06:46,552 [ERROR] LogOutputStream:75 - [STDERR_REDIRECT] 
2026-08-28 00:07:16,551 [ERROR] LogOutputStream:75 - [STDERR_REDIRECT] Aug 28, 2026 12:07:16 AM java.util.prefs.FileSystemPreferences checkLockFile0ErrorCode
2026-08-28 00:07:16,551 [ERROR] LogOutputStream:75 - [STDERR_REDIRECT] WARNING: Could not lock System prefs. Unix error code 0.
2026-08-28 00:07:16,552 [ERROR] LogOutputStream:75 - [STDERR_REDIRECT] 
2026-08-28 00:07:16,552 [ERROR] LogOutputStream:75 - [STDERR_REDIRECT] Aug 28, 2026 12:07:16 AM java.util.prefs.FileSystemPreferences syncWorld
2026-08-28 00:07:16,552 [ERROR] LogOutputStream:75 - [STDERR_REDIRECT] WARNING: Couldn't flush system prefs: java.util.prefs.BackingStoreException: Couldn't get file lock.
2026-08-28 00:07:16,552 [ERROR] LogOutputStream:75 - [STDERR_REDIRECT] 
2026-08-28 00:07:46,551 [ERROR] LogOutputStream:75 - [STDERR_REDIRECT] Aug 28, 2026 12:07:46 AM java.util.prefs.FileSystemPreferences checkLockFile0ErrorCode
2026-08-28 00:07:46,551 [ERROR] LogOutputStream:75 - [STDERR_REDIRECT] WARNING: Could not lock System prefs. Unix error code 0.
2026-08-28 00:07:46,551 [ERROR] LogOutputStream:75 - [STDERR_REDIRECT] 
2026-08-28 00:07:46,552 [ERROR] LogOutputStream:75 - [STDERR_REDIRECT] Aug 28, 2026 12:07:46 AM java.util.prefs.FileSystemPreferences syncWorld
2026-08-28 00:07:46,552 [ERROR] LogOutputStream:75 - [STDERR_REDIRECT] WARNING: Couldn't flush system prefs: java.util.prefs.BackingStoreException: Couldn't get file lock.
2026-08-28 00:07:46,552 [ERROR] LogOutputStream:75 - [STDERR_REDIRECT] 
2026-08-28 00:08:16,551 [ERROR] LogOutputStream:75 - [STDERR_REDIRECT] Aug 28, 2026 12:08:16 AM java.util.prefs.FileSystemPreferences checkLockFile0ErrorCode
2026-08-28 00:08:16,551 [ERROR] LogOutputStream:75 - [STDERR_REDIRECT] WARNING: Could not lock System prefs. Unix error code 0.
2026-08-28 00:08:16,551 [ERROR] LogOutputStream:75 - [STDERR_REDIRECT] 
2026-08-28 00:08:16,552 [ERROR] LogOutputStream:75 - [STDERR_REDIRECT] Aug 28, 2026 12:08:16 AM java.util.prefs.FileSystemPreferences syncWorld
2026-08-28 00:08:16,552 [ERROR] LogOutputStream:75 - [STDERR_REDIRECT] WARNING: Couldn't flush system prefs: java.util.prefs.BackingStoreException: Couldn't get file lock.
2026-08-28 00:08:16,552 [ERROR] LogOutputStream:75 - [STDERR_REDIRECT] 
2026-08-28 00:08:46,551 [ERROR] LogOutputStream:75 - [STDERR_REDIRECT] Aug 28, 2026 12:08:46 AM java.util.prefs.FileSystemPreferences checkLockFile0ErrorCode
2026-08-28 00:08:46,551 [ERROR] LogOutputStream:75 - [STDERR_REDIRECT] WARNING: Could not lock System prefs. Unix error code 0.
2026-08-28 00:08:46,551 [ERROR] LogOutputStream:75 - [STDERR_REDIRECT] 
2026-08-28 00:08:46,552 [ERROR] LogOutputStream:75 - [STDERR_REDIRECT] Aug 28, 2026 12:08:46 AM java.util.prefs.FileSystemPreferences syncWorld
2026-08-28 00:08:46,552 [ERROR] LogOutputStream:75 - [STDERR_REDIRECT] WARNING: Couldn't flush system prefs: java.util.prefs.BackingStoreException: Couldn't get file lock.
2026-08-28 00:08:46,552 [ERROR] LogOutputStream:75 - [STDERR_REDIRECT] 
2026-08-28 00:09:16,553 [ERROR] LogOutputStream:75 - [STDERR_REDIRECT] Aug 28, 2026 12:09:16 AM java.util.prefs.FileSystemPreferences checkLockFile0ErrorCode
2026-08-28 00:09:16,553 [ERROR] LogOutputStream:75 - [STDERR_REDIRECT] WARNING: Could not lock System prefs. Unix error code 0.
2026-08-28 00:09:16,553 [ERROR] LogOutputStream:75 - [STDERR_REDIRECT] 
2026-08-28 00:09:16,553 [ERROR] LogOutputStream:75 - [STDERR_REDIRECT] Aug 28, 2026 12:09:16 AM java.util.prefs.FileSystemPreferences syncWorld
2026-08-28 00:09:16,553 [ERROR] LogOutputStream:75 - [STDERR_REDIRECT] WARNING: Couldn't flush system prefs: java.util.prefs.BackingStoreException: Couldn't get file lock.
2026-08-28 00:09:16,554 [ERROR] LogOutputStream:75 - [STDERR_REDIRECT] 
2026-08-28 00:09:46,551 [ERROR] LogOutputStream:75 - [STDERR_REDIRECT] Aug 28, 2026 12:09:46 AM java.util.prefs.FileSystemPreferences checkLockFile0ErrorCode
2026-08-28 00:09:46,552 [ERROR] LogOutputStream:75 - [STDERR_REDIRECT] WARNING: Could not lock System prefs. Unix error code 0.
2026-08-28 00:09:46,552 [ERROR] LogOutputStream:75 - [STDERR_REDIRECT] 
2026-08-28 00:09:46,552 [ERROR] LogOutputStream:75 - [STDERR_REDIRECT] Aug 28, 2026 12:09:46 AM java.util.prefs.FileSystemPreferences syncWorld
2026-08-28 00:09:46,552 [ERROR] LogOutputStream:75 - [STDERR_REDIRECT] WARNING: Couldn't flush system prefs: java.util.prefs.BackingStoreException: Couldn't get file lock.
2026-08-28 00:09:46,552 [ERROR] LogOutputStream:75 - [STDERR_REDIRECT] 
2026-08-28 00:10:16,552 [ERROR] LogOutputStream:75 - [STDERR_REDIRECT] Aug 28, 2026 12:10:16 AM java.util.prefs.FileSystemPreferences checkLockFile0ErrorCode
2026-08-28 00:10:16,553 [ERROR] LogOutputStream:75 - [STDERR_REDIRECT] WARNING: Could not lock System prefs. Unix error code 0.
2026-08-28 00:10:16,553 [ERROR] LogOutputStream:75 - [STDERR_REDIRECT] 
2026-08-28 00:10:16,553 [ERROR] LogOutputStream:75 - [STDERR_REDIRECT] Aug 28, 2026 12:10:16 AM java.util.prefs.FileSystemPreferences syncWorld
2026-08-28 00:10:16,553 [ERROR] LogOutputStream:75 - [STDERR_REDIRECT] WARNING: Couldn't flush system prefs: java.util.prefs.BackingStoreException: Couldn't get file lock.
2026-08-28 00:10:16,553 [ERROR] LogOutputStream:75 - [STDERR_REDIRECT] 
2026-08-28 00:10:46,552 [ERROR] LogOutputStream:75 - [STDERR_REDIRECT] Aug 28, 2026 12:10:46 AM java.util.prefs.FileSystemPreferences checkLockFile0ErrorCode
2026-08-28 00:10:46,553 [ERROR] LogOutputStream:75 - [STDERR_REDIRECT] WARNING: Could not lock System prefs. Unix error code 0.
2026-08-28 00:10:46,553 [ERROR] LogOutputStream:75 - [STDERR_REDIRECT] 
2026-08-28 00:10:46,553 [ERROR] LogOutputStream:75 - [STDERR_REDIRECT] Aug 28, 2026 12:10:46 AM java.util.prefs.FileSystemPreferences syncWorld
2026-08-28 00:10:46,553 [ERROR] LogOutputStream:75 - [STDERR_REDIRECT] WARNING: Couldn't flush system prefs: java.util.prefs.BackingStoreException: Couldn't get file lock.
2026-08-28 00:10:46,553 [ERROR] LogOutputStream:75 - [STDERR_REDIRECT] 
2026-08-28 00:11:16,553 [ERROR] LogOutputStream:75 - [STDERR_REDIRECT] Aug 28, 2026 12:11:16 AM java.util.prefs.FileSystemPreferences checkLockFile0ErrorCode
2026-08-28 00:11:16,554 [ERROR] LogOutputStream:75 - [STDERR_REDIRECT] WARNING: Could not lock System prefs. Unix error code 0.
2026-08-28 00:11:16,554 [ERROR] LogOutputStream:75 - [STDERR_REDIRECT] 
2026-08-28 00:11:16,554 [ERROR] LogOutputStream:75 - [STDERR_REDIRECT] Aug 28, 2026 12:11:16 AM java.util.prefs.FileSystemPreferences syncWorld
2026-08-28 00:11:16,554 [ERROR] LogOutputStream:75 - [STDERR_REDIRECT] WARNING: Couldn't flush system prefs: java.util.prefs.BackingStoreException: Couldn't get file lock.
2026-08-28 00:11:16,554 [ERROR] LogOutputStream:75 - [STDERR_REDIRECT] 
2026-08-28 00:11:46,554 [ERROR] LogOutputStream:75 - [STDERR_REDIRECT] Aug 28, 2026 12:11:46 AM java.util.prefs.FileSystemPreferences checkLockFile0ErrorCode
2026-08-28 00:11:46,554 [ERROR] LogOutputStream:75 - [STDERR_REDIRECT] WARNING: Could not lock System prefs. Unix error code 0.
2026-08-28 00:11:46,554 [ERROR] LogOutputStream:75 - [STDERR_REDIRECT] 
2026-08-28 00:11:46,555 [ERROR] LogOutputStream:75 - [STDERR_REDIRECT] Aug 28, 2026 12:11:46 AM java.util.prefs.FileSystemPreferences syncWorld
2026-08-28 00:11:46,555 [ERROR] LogOutputStream:75 - [STDERR_REDIRECT] WARNING: Couldn't flush system prefs: java.util.prefs.BackingStoreException: Couldn't get file lock.
2026-08-28 00:11:46,555 [ERROR] LogOutputStream:75 - [STDERR_REDIRECT] 
2026-08-28 00:12:16,555 [ERROR] LogOutputStream:75 - [STDERR_REDIRECT] Aug 28, 2026 12:12:16 AM java.util.prefs.FileSystemPreferences checkLockFile0ErrorCode
2026-08-28 00:12:16,555 [ERROR] LogOutputStream:75 - [STDERR_REDIRECT] WARNING: Could not lock System prefs. Unix error code 0.
2026-08-28 00:12:16,555 [ERROR] LogOutputStream:75 - [STDERR_REDIRECT] 
2026-08-28 00:12:16,555 [ERROR] LogOutputStream:75 - [STDERR_REDIRECT] Aug 28, 2026 12:12:16 AM java.util.prefs.FileSystemPreferences syncWorld
2026-08-28 00:12:16,556 [ERROR] LogOutputStream:75 - [STDERR_REDIRECT] WARNING: Couldn't flush system prefs: java.util.prefs.BackingStoreException: Couldn't get file lock.
2026-08-28 00:12:16,556 [ERROR] LogOutputStream:75 - [STDERR_REDIRECT] 
2026-08-28 00:12:46,554 [ERROR] LogOutputStream:75 - [STDERR_REDIRECT] Aug 28, 2026 12:12:46 AM java.util.prefs.FileSystemPreferences checkLockFile0ErrorCode
2026-08-28 00:12:46,554 [ERROR] LogOutputStream:75 - [STDERR_REDIRECT] WARNING: Could not lock System prefs. Unix error code 0.
2026-08-28 00:12:46,554 [ERROR] LogOutputStream:75 - [STDERR_REDIRECT] 
2026-08-28 00:12:46,555 [ERROR] LogOutputStream:75 - [STDERR_REDIRECT] Aug 28, 2026 12:12:46 AM java.util.prefs.FileSystemPreferences syncWorld
2026-08-28 00:12:46,555 [ERROR] LogOutputStream:75 - [STDERR_REDIRECT] WARNING: Couldn't flush system prefs: java.util.prefs.BackingStoreException: Couldn't get file lock.
2026-08-28 00:12:46,555 [ERROR] LogOutputStream:75 - [STDERR_REDIRECT] 
2026-08-28 00:13:16,554 [ERROR] LogOutputStream:75 - [STDERR_REDIRECT] Aug 28, 2026 12:13:16 AM java.util.prefs.FileSystemPreferences checkLockFile0ErrorCode
2026-08-28 00:13:16,554 [ERROR] LogOutputStream:75 - [STDERR_REDIRECT] WARNING: Could not lock System prefs. Unix error code 0.
2026-08-28 00:13:16,555 [ERROR] LogOutputStream:75 - [STDERR_REDIRECT] 
2026-08-28 00:13:16,555 [ERROR] LogOutputStream:75 - [STDERR_REDIRECT] Aug 28, 2026 12:13:16 AM java.util.prefs.FileSystemPreferences syncWorld
2026-08-28 00:13:16,555 [ERROR] LogOutputStream:75 - [STDERR_REDIRECT] WARNING: Couldn't flush system prefs: java.util.prefs.BackingStoreException: Couldn't get file lock.
2026-08-28 00:13:16,555 [ERROR] LogOutputStream:75 - [STDERR_REDIRECT] 
2026-08-28 00:13:46,554 [ERROR] LogOutputStream:75 - [STDERR_REDIRECT] Aug 28, 2026 12:13:46 AM java.util.prefs.FileSystemPreferences checkLockFile0ErrorCode
2026-08-28 00:13:46,554 [ERROR] LogOutputStream:75 - [STDERR_REDIRECT] WARNING: Could not lock System prefs. Unix error code 0.
2026-08-28 00:13:46,554 [ERROR] LogOutputStream:75 - [STDERR_REDIRECT] 
2026-08-28 00:13:46,555 [ERROR] LogOutputStream:75 - [STDERR_REDIRECT] Aug 28, 2026 12:13:46 AM java.util.prefs.FileSystemPreferences syncWorld
2026-08-28 00:13:46,555 [ERROR] LogOutputStream:75 - [STDERR_REDIRECT] WARNING: Couldn't flush system prefs: java.util.prefs.BackingStoreException: Couldn't get file lock.
2026-08-28 00:13:46,555 [ERROR] LogOutputStream:75 - [STDERR_REDIRECT] 
2026-08-28 00:14:16,555 [ERROR] LogOutputStream:75 - [STDERR_REDIRECT] Aug 28, 2026 12:14:16 AM java.util.prefs.FileSystemPreferences checkLockFile0ErrorCode
2026-08-28 00:14:16,555 [ERROR] LogOutputStream:75 - [STDERR_REDIRECT] WARNING: Could not lock System prefs. Unix error code 0.
2026-08-28 00:14:16,555 [ERROR] LogOutputStream:75 - [STDERR_REDIRECT] 
2026-08-28 00:14:16,555 [ERROR] LogOutputStream:75 - [STDERR_REDIRECT] Aug 28, 2026 12:14:16 AM java.util.prefs.FileSystemPreferences syncWorld
2026-08-28 00:14:16,555 [ERROR] LogOutputStream:75 - [STDERR_REDIRECT] WARNING: Couldn't flush system prefs: java.util.prefs.BackingStoreException: Couldn't get file lock.
2026-08-28 00:14:16,555 [ERROR] LogOutputStream:75 - [STDERR_REDIRECT] 
2026-08-28 00:14:46,555 [ERROR] LogOutputStream:75 - [STDERR_REDIRECT] Aug 28, 2026 12:14:46 AM java.util.prefs.FileSystemPreferences checkLockFile0ErrorCode
2026-08-28 00:14:46,555 [ERROR] LogOutputStream:75 - [STDERR_REDIRECT] WARNING: Could not lock System prefs. Unix error code 0.
2026-08-28 00:14:46,556 [ERROR] LogOutputStream:75 - [STDERR_REDIRECT] 
2026-08-28 00:14:46,556 [ERROR] LogOutputStream:75 - [STDERR_REDIRECT] Aug 28, 2026 12:14:46 AM java.util.prefs.FileSystemPreferences syncWorld
2026-08-28 00:14:46,556 [ERROR] LogOutputStream:75 - [STDERR_REDIRECT] WARNING: Couldn't flush system prefs: java.util.prefs.BackingStoreException: Couldn't get file lock.
2026-08-28 00:14:46,556 [ERROR] LogOutputStream:75 - [STDERR_REDIRECT] 
2026-08-28 00:15:16,557 [ERROR] LogOutputStream:75 - [STDERR_REDIRECT] Aug 28, 2026 12:15:16 AM java.util.prefs.FileSystemPreferences checkLockFile0ErrorCode
2026-08-28 00:15:16,557 [ERROR] LogOutputStream:75 - [STDERR_REDIRECT] WARNING: Could not lock System prefs. Unix error code 0.
2026-08-28 00:15:16,557 [ERROR] LogOutputStream:75 - [STDERR_REDIRECT] 
2026-08-28 00:15:16,557 [ERROR] LogOutputStream:75 - [STDERR_REDIRECT] Aug 28, 2026 12:15:16 AM java.util.prefs.FileSystemPreferences syncWorld
2026-08-28 00:15:16,557 [ERROR] LogOutputStream:75 - [STDERR_REDIRECT] WARNING: Couldn't flush system prefs: java.util.prefs.BackingStoreException: Couldn't get file lock.
2026-08-28 00:15:16,557 [ERROR] LogOutputStream:75 - [STDERR_REDIRECT] 
2026-08-28 00:15:46,556 [ERROR] LogOutputStream:75 - [STDERR_REDIRECT] Aug 28, 2026 12:15:46 AM java.util.prefs.FileSystemPreferences checkLockFile0ErrorCode
2026-08-28 00:15:46,556 [ERROR] LogOutputStream:75 - [STDERR_REDIRECT] WARNING: Could not lock System prefs. Unix error code 0.
2026-08-28 00:15:46,556 [ERROR] LogOutputStream:75 - [STDERR_REDIRECT] 
2026-08-28 00:15:46,556 [ERROR] LogOutputStream:75 - [STDERR_REDIRECT] Aug 28, 2026 12:15:46 AM java.util.prefs.FileSystemPreferences syncWorld
2026-08-28 00:15:46,556 [ERROR] LogOutputStream:75 - [STDERR_REDIRECT] WARNING: Couldn't flush system prefs: java.util.prefs.BackingStoreException: Couldn't get file lock.
2026-08-28 00:15:46,557 [ERROR] LogOutputStream:75 - [STDERR_REDIRECT] 
2026-08-28 00:16:16,555 [ERROR] LogOutputStream:75 - [STDERR_REDIRECT] Aug 28, 2026 12:16:16 AM java.util.prefs.FileSystemPreferences checkLockFile0ErrorCode
2026-08-28 00:16:16,555 [ERROR] LogOutputStream:75 - [STDERR_REDIRECT] WARNING: Could not lock System prefs. Unix error code 0.
2026-08-28 00:16:16,556 [ERROR] LogOutputStream:75 - [STDERR_REDIRECT] 
2026-08-28 00:16:16,556 [ERROR] LogOutputStream:75 - [STDERR_REDIRECT] Aug 28, 2026 12:16:16 AM java.util.prefs.FileSystemPreferences syncWorld
2026-08-28 00:16:16,556 [ERROR] LogOutputStream:75 - [STDERR_REDIRECT] WARNING: Couldn't flush system prefs: java.util.prefs.BackingStoreException: Couldn't get file lock.
2026-08-28 00:16:16,556 [ERROR] LogOutputStream:75 - [STDERR_REDIRECT] 
2026-08-28 00:16:46,557 [ERROR] LogOutputStream:75 - [STDERR_REDIRECT] Aug 28, 2026 12:16:46 AM java.util.prefs.FileSystemPreferences checkLockFile0ErrorCode
2026-08-28 00:16:46,557 [ERROR] LogOutputStream:75 - [STDERR_REDIRECT] WARNING: Could not lock System prefs. Unix error code 0.
2026-08-28 00:16:46,557 [ERROR] LogOutputStream:75 - [STDERR_REDIRECT] 
2026-08-28 00:16:46,557 [ERROR] LogOutputStream:75 - [STDERR_REDIRECT] Aug 28, 2026 12:16:46 AM java.util.prefs.FileSystemPreferences syncWorld
2026-08-28 00:16:46,557 [ERROR] LogOutputStream:75 - [STDERR_REDIRECT] WARNING: Couldn't flush system prefs: java.util.prefs.BackingStoreException: Couldn't get file lock.
2026-08-28 00:16:46,557 [ERROR] LogOutputStream:75 - [STDERR_REDIRECT] 
2026-08-28 00:17:16,557 [ERROR] LogOutputStream:75 - [STDERR_REDIRECT] Aug 28, 2026 12:17:16 AM java.util.prefs.FileSystemPreferences checkLockFile0ErrorCode
2026-08-28 00:17:16,557 [ERROR] LogOutputStream:75 - [STDERR_REDIRECT] WARNING: Could not lock System prefs. Unix error code 0.
2026-08-28 00:17:16,557 [ERROR] LogOutputStream:75 - [STDERR_REDIRECT] 
2026-08-28 00:17:16,558 [ERROR] LogOutputStream:75 - [STDERR_REDIRECT] Aug 28, 2026 12:17:16 AM java.util.prefs.FileSystemPreferences syncWorld
2026-08-28 00:17:16,558 [ERROR] LogOutputStream:75 - [STDERR_REDIRECT] WARNING: Couldn't flush system prefs: java.util.prefs.BackingStoreException: Couldn't get file lock.
2026-08-28 00:17:16,558 [ERROR] LogOutputStream:75 - [STDERR_REDIRECT] 
2026-08-28 00:17:46,557 [ERROR] LogOutputStream:75 - [STDERR_REDIRECT] Aug 28, 2026 12:17:46 AM java.util.prefs.FileSystemPreferences checkLockFile0ErrorCode
2026-08-28 00:17:46,558 [ERROR] LogOutputStream:75 - [STDERR_REDIRECT] WARNING: Could not lock System prefs. Unix error code 0.
2026-08-28 00:17:46,558 [ERROR] LogOutputStream:75 - [STDERR_REDIRECT] 
2026-08-28 00:17:46,558 [ERROR] LogOutputStream:75 - [STDERR_REDIRECT] Aug 28, 2026 12:17:46 AM java.util.prefs.FileSystemPreferences syncWorld
2026-08-28 00:17:46,558 [ERROR] LogOutputStream:75 - [STDERR_REDIRECT] WARNING: Couldn't flush system prefs: java.util.prefs.BackingStoreException: Couldn't get file lock.
2026-08-28 00:17:46,558 [ERROR] LogOutputStream:75 - [STDERR_REDIRECT] 
2026-08-28 00:18:16,558 [ERROR] LogOutputStream:75 - [STDERR_REDIRECT] Aug 28, 2026 12:18:16 AM java.util.prefs.FileSystemPreferences checkLockFile0ErrorCode
2026-08-28 00:18:16,558 [ERROR] LogOutputStream:75 - [STDERR_REDIRECT] WARNING: Could not lock System prefs. Unix error code 0.
2026-08-28 00:18:16,558 [ERROR] LogOutputStream:75 - [STDERR_REDIRECT] 
2026-08-28 00:18:16,558 [ERROR] LogOutputStream:75 - [STDERR_REDIRECT] Aug 28, 2026 12:18:16 AM java.util.prefs.FileSystemPreferences syncWorld
2026-08-28 00:18:16,559 [ERROR] LogOutputStream:75 - [STDERR_REDIRECT] WARNING: Couldn't flush system prefs: java.util.prefs.BackingStoreException: Couldn't get file lock.
2026-08-28 00:18:16,559 [ERROR] LogOutputStream:75 - [STDERR_REDIRECT] 
2026-08-28 00:18:46,558 [ERROR] LogOutputStream:75 - [STDERR_REDIRECT] Aug 28, 2026 12:18:46 AM java.util.prefs.FileSystemPreferences checkLockFile0ErrorCode
2026-08-28 00:18:46,558 [ERROR] LogOutputStream:75 - [STDERR_REDIRECT] WARNING: Could not lock System prefs. Unix error code 0.
2026-08-28 00:18:46,558 [ERROR] LogOutputStream:75 - [STDERR_REDIRECT] 
2026-08-28 00:18:46,558 [ERROR] LogOutputStream:75 - [STDERR_REDIRECT] Aug 28, 2026 12:18:46 AM java.util.prefs.FileSystemPreferences syncWorld
2026-08-28 00:18:46,559 [ERROR] LogOutputStream:75 - [STDERR_REDIRECT] WARNING: Couldn't flush system prefs: java.util.prefs.BackingStoreException: Couldn't get file lock.
2026-08-28 00:18:46,559 [ERROR] LogOutputStream:75 - [STDERR_REDIRECT] 
2026-08-28 00:19:16,558 [ERROR] LogOutputStream:75 - [STDERR_REDIRECT] Aug 28, 2026 12:19:16 AM java.util.prefs.FileSystemPreferences checkLockFile0ErrorCode
2026-08-28 00:19:16,559 [ERROR] LogOutputStream:75 - [STDERR_REDIRECT] WARNING: Could not lock System prefs. Unix error code 0.
2026-08-28 00:19:16,559 [ERROR] LogOutputStream:75 - [STDERR_REDIRECT] 
2026-08-28 00:19:16,559 [ERROR] LogOutputStream:75 - [STDERR_REDIRECT] Aug 28, 2026 12:19:16 AM java.util.prefs.FileSystemPreferences syncWorld
2026-08-28 00:19:16,559 [ERROR] LogOutputStream:75 - [STDERR_REDIRECT] WARNING: Couldn't flush system prefs: java.util.prefs.BackingStoreException: Couldn't get file lock.
2026-08-28 00:19:16,559 [ERROR] LogOutputStream:75 - [STDERR_REDIRECT] 
2026-08-28 00:19:46,559 [ERROR] LogOutputStream:75 - [STDERR_REDIRECT] Aug 28, 2026 12:19:46 AM java.util.prefs.FileSystemPreferences checkLockFile0ErrorCode
2026-08-28 00:19:46,559 [ERROR] LogOutputStream:75 - [STDERR_REDIRECT] WARNING: Could not lock System prefs. Unix error code 0.
2026-08-28 00:19:46,559 [ERROR] LogOutputStream:75 - [STDERR_REDIRECT] 
2026-08-28 00:19:46,560 [ERROR] LogOutputStream:75 - [STDERR_REDIRECT] Aug 28, 2026 12:19:46 AM java.util.prefs.FileSystemPreferences syncWorld
2026-08-28 00:19:46,560 [ERROR] LogOutputStream:75 - [STDERR_REDIRECT] WARNING: Couldn't flush system prefs: java.util.prefs.BackingStoreException: Couldn't get file lock.
2026-08-28 00:19:46,560 [ERROR] LogOutputStream:75 - [STDERR_REDIRECT] 
2026-08-28 00:20:16,559 [ERROR] LogOutputStream:75 - [STDERR_REDIRECT] Aug 28, 2026 12:20:16 AM java.util.prefs.FileSystemPreferences checkLockFile0ErrorCode
2026-08-28 00:20:16,560 [ERROR] LogOutputStream:75 - [STDERR_REDIRECT] WARNING: Could not lock System prefs. Unix error code 0.
2026-08-28 00:20:16,560 [ERROR] LogOutputStream:75 - [STDERR_REDIRECT] 
2026-08-28 00:20:16,560 [ERROR] LogOutputStream:75 - [STDERR_REDIRECT] Aug 28, 2026 12:20:16 AM java.util.prefs.FileSystemPreferences syncWorld
2026-08-28 00:20:16,560 [ERROR] LogOutputStream:75 - [STDERR_REDIRECT] WARNING: Couldn't flush system prefs: java.util.prefs.BackingStoreException: Couldn't get file lock.
2026-08-28 00:20:16,560 [ERROR] LogOutputStream:75 - [STDERR_REDIRECT] 
2026-08-28 00:20:46,559 [ERROR] LogOutputStream:75 - [STDERR_REDIRECT] Aug 28, 2026 12:20:46 AM java.util.prefs.FileSystemPreferences checkLockFile0ErrorCode
2026-08-28 00:20:46,560 [ERROR] LogOutputStream:75 - [STDERR_REDIRECT] WARNING: Could not lock System prefs. Unix error code 0.
2026-08-28 00:20:46,560 [ERROR] LogOutputStream:75 - [STDERR_REDIRECT] 
2026-08-28 00:20:46,560 [ERROR] LogOutputStream:75 - [STDERR_REDIRECT] Aug 28, 2026 12:20:46 AM java.util.prefs.FileSystemPreferences syncWorld
2026-08-28 00:20:46,560 [ERROR] LogOutputStream:75 - [STDERR_REDIRECT] WARNING: Couldn't flush system prefs: java.util.prefs.BackingStoreException: Couldn't get file lock.
2026-08-28 00:20:46,560 [ERROR] LogOutputStream:75 - [STDERR_REDIRECT] 
2026-08-28 00:21:16,560 [ERROR] LogOutputStream:75 - [STDERR_REDIRECT] Aug 28, 2026 12:21:16 AM java.util.prefs.FileSystemPreferences checkLockFile0ErrorCode
2026-08-28 00:21:16,560 [ERROR] LogOutputStream:75 - [STDERR_REDIRECT] WARNING: Could not lock System prefs. Unix error code 0.
2026-08-28 00:21:16,561 [ERROR] LogOutputStream:75 - [STDERR_REDIRECT] 
2026-08-28 00:21:16,561 [ERROR] LogOutputStream:75 - [STDERR_REDIRECT] Aug 28, 2026 12:21:16 AM java.util.prefs.FileSystemPreferences syncWorld
2026-08-28 00:21:16,561 [ERROR] LogOutputStream:75 - [STDERR_REDIRECT] WARNING: Couldn't flush system prefs: java.util.prefs.BackingStoreException: Couldn't get file lock.
2026-08-28 00:21:16,561 [ERROR] LogOutputStream:75 - [STDERR_REDIRECT] 
2026-08-28 00:21:46,562 [ERROR] LogOutputStream:75 - [STDERR_REDIRECT] Aug 28, 2026 12:21:46 AM java.util.prefs.FileSystemPreferences checkLockFile0ErrorCode
2026-08-28 00:21:46,562 [ERROR] LogOutputStream:75 - [STDERR_REDIRECT] WARNING: Could not lock System prefs. Unix error code 0.
2026-08-28 00:21:46,562 [ERROR] LogOutputStream:75 - [STDERR_REDIRECT] 
2026-08-28 00:21:46,563 [ERROR] LogOutputStream:75 - [STDERR_REDIRECT] Aug 28, 2026 12:21:46 AM java.util.prefs.FileSystemPreferences syncWorld
2026-08-28 00:21:46,563 [ERROR] LogOutputStream:75 - [STDERR_REDIRECT] WARNING: Couldn't flush system prefs: java.util.prefs.BackingStoreException: Couldn't get file lock.
2026-08-28 00:21:46,563 [ERROR] LogOutputStream:75 - [STDERR_REDIRECT] 
2026-08-28 00:22:16,562 [ERROR] LogOutputStream:75 - [STDERR_REDIRECT] Aug 28, 2026 12:22:16 AM java.util.prefs.FileSystemPreferences checkLockFile0ErrorCode
2026-08-28 00:22:16,562 [ERROR] LogOutputStream:75 - [STDERR_REDIRECT] WARNING: Could not lock System prefs. Unix error code 0.
2026-08-28 00:22:16,562 [ERROR] LogOutputStream:75 - [STDERR_REDIRECT] 
2026-08-28 00:22:16,562 [ERROR] LogOutputStream:75 - [STDERR_REDIRECT] Aug 28, 2026 12:22:16 AM java.util.prefs.FileSystemPreferences syncWorld
2026-08-28 00:22:16,562 [ERROR] LogOutputStream:75 - [STDERR_REDIRECT] WARNING: Couldn't flush system prefs: java.util.prefs.BackingStoreException: Couldn't get file lock.
2026-08-28 00:22:16,562 [ERROR] LogOutputStream:75 - [STDERR_REDIRECT] 
2026-08-28 00:22:46,562 [ERROR] LogOutputStream:75 - [STDERR_REDIRECT] Aug 28, 2026 12:22:46 AM java.util.prefs.FileSystemPreferences checkLockFile0ErrorCode
2026-08-28 00:22:46,562 [ERROR] LogOutputStream:75 - [STDERR_REDIRECT] WARNING: Could not lock System prefs. Unix error code 0.
2026-08-28 00:22:46,562 [ERROR] LogOutputStream:75 - [STDERR_REDIRECT] 
2026-08-28 00:22:46,563 [ERROR] LogOutputStream:75 - [STDERR_REDIRECT] Aug 28, 2026 12:22:46 AM java.util.prefs.FileSystemPreferences syncWorld
2026-08-28 00:22:46,563 [ERROR] LogOutputStream:75 - [STDERR_REDIRECT] WARNING: Couldn't flush system prefs: java.util.prefs.BackingStoreException: Couldn't get file lock.
2026-08-28 00:22:46,563 [ERROR] LogOutputStream:75 - [STDERR_REDIRECT] 
2026-08-28 00:23:16,562 [ERROR] LogOutputStream:75 - [STDERR_REDIRECT] Aug 28, 2026 12:23:16 AM java.util.prefs.FileSystemPreferences checkLockFile0ErrorCode
2026-08-28 00:23:16,562 [ERROR] LogOutputStream:75 - [STDERR_REDIRECT] WARNING: Could not lock System prefs. Unix error code 0.
2026-08-28 00:23:16,562 [ERROR] LogOutputStream:75 - [STDERR_REDIRECT] 
2026-08-28 00:23:16,562 [ERROR] LogOutputStream:75 - [STDERR_REDIRECT] Aug 28, 2026 12:23:16 AM java.util.prefs.FileSystemPreferences syncWorld
2026-08-28 00:23:16,563 [ERROR] LogOutputStream:75 - [STDERR_REDIRECT] WARNING: Couldn't flush system prefs: java.util.prefs.BackingStoreException: Couldn't get file lock.
2026-08-28 00:23:16,563 [ERROR] LogOutputStream:75 - [STDERR_REDIRECT] 
2026-08-28 00:23:46,561 [ERROR] LogOutputStream:75 - [STDERR_REDIRECT] Aug 28, 2026 12:23:46 AM java.util.prefs.FileSystemPreferences checkLockFile0ErrorCode
2026-08-28 00:23:46,561 [ERROR] LogOutputStream:75 - [STDERR_REDIRECT] WARNING: Could not lock System prefs. Unix error code 0.
2026-08-28 00:23:46,562 [ERROR] LogOutputStream:75 - [STDERR_REDIRECT] 
2026-08-28 00:23:46,562 [ERROR] LogOutputStream:75 - [STDERR_REDIRECT] Aug 28, 2026 12:23:46 AM java.util.prefs.FileSystemPreferences syncWorld
2026-08-28 00:23:46,562 [ERROR] LogOutputStream:75 - [STDERR_REDIRECT] WARNING: Couldn't flush system prefs: java.util.prefs.BackingStoreException: Couldn't get file lock.
2026-08-28 00:23:46,562 [ERROR] LogOutputStream:75 - [STDERR_REDIRECT] 
2026-08-28 00:24:16,562 [ERROR] LogOutputStream:75 - [STDERR_REDIRECT] Aug 28, 2026 12:24:16 AM java.util.prefs.FileSystemPreferences checkLockFile0ErrorCode
2026-08-28 00:24:16,562 [ERROR] LogOutputStream:75 - [STDERR_REDIRECT] WARNING: Could not lock System prefs. Unix error code 0.
2026-08-28 00:24:16,563 [ERROR] LogOutputStream:75 - [STDERR_REDIRECT] 
2026-08-28 00:24:16,563 [ERROR] LogOutputStream:75 - [STDERR_REDIRECT] Aug 28, 2026 12:24:16 AM java.util.prefs.FileSystemPreferences syncWorld
2026-08-28 00:24:16,563 [ERROR] LogOutputStream:75 - [STDERR_REDIRECT] WARNING: Couldn't flush system prefs: java.util.prefs.BackingStoreException: Couldn't get file lock.
2026-08-28 00:24:16,563 [ERROR] LogOutputStream:75 - [STDERR_REDIRECT] 
2026-08-28 00:24:46,563 [ERROR] LogOutputStream:75 - [STDERR_REDIRECT] Aug 28, 2026 12:24:46 AM java.util.prefs.FileSystemPreferences checkLockFile0ErrorCode
2026-08-28 00:24:46,563 [ERROR] LogOutputStream:75 - [STDERR_REDIRECT] WARNING: Could not lock System prefs. Unix error code 0.
2026-08-28 00:24:46,563 [ERROR] LogOutputStream:75 - [STDERR_REDIRECT] 
2026-08-28 00:24:46,563 [ERROR] LogOutputStream:75 - [STDERR_REDIRECT] Aug 28, 2026 12:24:46 AM java.util.prefs.FileSystemPreferences syncWorld
2026-08-28 00:24:46,564 [ERROR] LogOutputStream:75 - [STDERR_REDIRECT] WARNING: Couldn't flush system prefs: java.util.prefs.BackingStoreException: Couldn't get file lock.
2026-08-28 00:24:46,564 [ERROR] LogOutputStream:75 - [STDERR_REDIRECT] 
2026-08-28 00:25:16,562 [ERROR] LogOutputStream:75 - [STDERR_REDIRECT] Aug 28, 2026 12:25:16 AM java.util.prefs.FileSystemPreferences checkLockFile0ErrorCode
2026-08-28 00:25:16,563 [ERROR] LogOutputStream:75 - [STDERR_REDIRECT] WARNING: Could not lock System prefs. Unix error code 0.
2026-08-28 00:25:16,563 [ERROR] LogOutputStream:75 - [STDERR_REDIRECT] 
2026-08-28 00:25:16,563 [ERROR] LogOutputStream:75 - [STDERR_REDIRECT] Aug 28, 2026 12:25:16 AM java.util.prefs.FileSystemPreferences syncWorld
2026-08-28 00:25:16,563 [ERROR] LogOutputStream:75 - [STDERR_REDIRECT] WARNING: Couldn't flush system prefs: java.util.prefs.BackingStoreException: Couldn't get file lock.
2026-08-28 00:25:16,563 [ERROR] LogOutputStream:75 - [STDERR_REDIRECT] 
2026-08-28 00:25:46,563 [ERROR] LogOutputStream:75 - [STDERR_REDIRECT] Aug 28, 2026 12:25:46 AM java.util.prefs.FileSystemPreferences checkLockFile0ErrorCode
2026-08-28 00:25:46,563 [ERROR] LogOutputStream:75 - [STDERR_REDIRECT] WARNING: Could not lock System prefs. Unix error code 0.
2026-08-28 00:25:46,563 [ERROR] LogOutputStream:75 - [STDERR_REDIRECT] 
2026-08-28 00:25:46,564 [ERROR] LogOutputStream:75 - [STDERR_REDIRECT] Aug 28, 2026 12:25:46 AM java.util.prefs.FileSystemPreferences syncWorld
2026-08-28 00:25:46,564 [ERROR] LogOutputStream:75 - [STDERR_REDIRECT] WARNING: Couldn't flush system prefs: java.util.prefs.BackingStoreException: Couldn't get file lock.
2026-08-28 00:25:46,564 [ERROR] LogOutputStream:75 - [STDERR_REDIRECT] 
2026-08-28 00:26:16,563 [ERROR] LogOutputStream:75 - [STDERR_REDIRECT] Aug 28, 2026 12:26:16 AM java.util.prefs.FileSystemPreferences checkLockFile0ErrorCode
2026-08-28 00:26:16,564 [ERROR] LogOutputStream:75 - [STDERR_REDIRECT] WARNING: Could not lock System prefs. Unix error code 0.
2026-08-28 00:26:16,564 [ERROR] LogOutputStream:75 - [STDERR_REDIRECT] 
2026-08-28 00:26:16,564 [ERROR] LogOutputStream:75 - [STDERR_REDIRECT] Aug 28, 2026 12:26:16 AM java.util.prefs.FileSystemPreferences syncWorld
2026-08-28 00:26:16,564 [ERROR] LogOutputStream:75 - [STDERR_REDIRECT] WARNING: Couldn't flush system prefs: java.util.prefs.BackingStoreException: Couldn't get file lock.
2026-08-28 00:26:16,564 [ERROR] LogOutputStream:75 - [STDERR_REDIRECT] 
2026-08-28 00:26:46,563 [ERROR] LogOutputStream:75 - [STDERR_REDIRECT] Aug 28, 2026 12:26:46 AM java.util.prefs.FileSystemPreferences checkLockFile0ErrorCode
2026-08-28 00:26:46,564 [ERROR] LogOutputStream:75 - [STDERR_REDIRECT] WARNING: Could not lock System prefs. Unix error code 0.
2026-08-28 00:26:46,564 [ERROR] LogOutputStream:75 - [STDERR_REDIRECT] 
2026-08-28 00:26:46,564 [ERROR] LogOutputStream:75 - [STDERR_REDIRECT] Aug 28, 2026 12:26:46 AM java.util.prefs.FileSystemPreferences syncWorld
2026-08-28 00:26:46,564 [ERROR] LogOutputStream:75 - [STDERR_REDIRECT] WARNING: Couldn't flush system prefs: java.util.prefs.BackingStoreException: Couldn't get file lock.
2026-08-28 00:26:46,564 [ERROR] LogOutputStream:75 - [STDERR_REDIRECT] 
2026-08-28 00:27:16,563 [ERROR] LogOutputStream:75 - [STDERR_REDIRECT] Aug 28, 2026 12:27:16 AM java.util.prefs.FileSystemPreferences checkLockFile0ErrorCode
2026-08-28 00:27:16,564 [ERROR] LogOutputStream:75 - [STDERR_REDIRECT] WARNING: Could not lock System prefs. Unix error code 0.
2026-08-28 00:27:16,564 [ERROR] LogOutputStream:75 - [STDERR_REDIRECT] 
2026-08-28 00:27:16,564 [ERROR] LogOutputStream:75 - [STDERR_REDIRECT] Aug 28, 2026 12:27:16 AM java.util.prefs.FileSystemPreferences syncWorld
2026-08-28 00:27:16,564 [ERROR] LogOutputStream:75 - [STDERR_REDIRECT] WARNING: Couldn't flush system prefs: java.util.prefs.BackingStoreException: Couldn't get file lock.
2026-08-28 00:27:16,564 [ERROR] LogOutputStream:75 - [STDERR_REDIRECT] 
2026-08-28 00:27:46,565 [ERROR] LogOutputStream:75 - [STDERR_REDIRECT] Aug 28, 2026 12:27:46 AM java.util.prefs.FileSystemPreferences checkLockFile0ErrorCode
2026-08-28 00:27:46,565 [ERROR] LogOutputStream:75 - [STDERR_REDIRECT] WARNING: Could not lock System prefs. Unix error code 0.
2026-08-28 00:27:46,566 [ERROR] LogOutputStream:75 - [STDERR_REDIRECT] 
2026-08-28 00:27:46,566 [ERROR] LogOutputStream:75 - [STDERR_REDIRECT] Aug 28, 2026 12:27:46 AM java.util.prefs.FileSystemPreferences syncWorld
2026-08-28 00:27:46,566 [ERROR] LogOutputStream:75 - [STDERR_REDIRECT] WARNING: Couldn't flush system prefs: java.util.prefs.BackingStoreException: Couldn't get file lock.
2026-08-28 00:27:46,566 [ERROR] LogOutputStream:75 - [STDERR_REDIRECT] 
2026-08-28 00:28:16,565 [ERROR] LogOutputStream:75 - [STDERR_REDIRECT] Aug 28, 2026 12:28:16 AM java.util.prefs.FileSystemPreferences checkLockFile0ErrorCode
2026-08-28 00:28:16,565 [ERROR] LogOutputStream:75 - [STDERR_REDIRECT] WARNING: Could not lock System prefs. Unix error code 0.
2026-08-28 00:28:16,565 [ERROR] LogOutputStream:75 - [STDERR_REDIRECT] 
2026-08-28 00:28:16,566 [ERROR] LogOutputStream:75 - [STDERR_REDIRECT] Aug 28, 2026 12:28:16 AM java.util.prefs.FileSystemPreferences syncWorld
2026-08-28 00:28:16,566 [ERROR] LogOutputStream:75 - [STDERR_REDIRECT] WARNING: Couldn't flush system prefs: java.util.prefs.BackingStoreException: Couldn't get file lock.
2026-08-28 00:28:16,566 [ERROR] LogOutputStream:75 - [STDERR_REDIRECT] 
2026-08-28 00:28:46,565 [ERROR] LogOutputStream:75 - [STDERR_REDIRECT] Aug 28, 2026 12:28:46 AM java.util.prefs.FileSystemPreferences checkLockFile0ErrorCode
2026-08-28 00:28:46,565 [ERROR] LogOutputStream:75 - [STDERR_REDIRECT] WARNING: Could not lock System prefs. Unix error code 0.
2026-08-28 00:28:46,565 [ERROR] LogOutputStream:75 - [STDERR_REDIRECT] 
2026-08-28 00:28:46,566 [ERROR] LogOutputStream:75 - [STDERR_REDIRECT] Aug 28, 2026 12:28:46 AM java.util.prefs.FileSystemPreferences syncWorld
2026-08-28 00:28:46,566 [ERROR] LogOutputStream:75 - [STDERR_REDIRECT] WARNING: Couldn't flush system prefs: java.util.prefs.BackingStoreException: Couldn't get file lock.
2026-08-28 00:28:46,566 [ERROR] LogOutputStream:75 - [STDERR_REDIRECT] 
2026-08-28 00:29:16,565 [ERROR] LogOutputStream:75 - [STDERR_REDIRECT] Aug 28, 2026 12:29:16 AM java.util.prefs.FileSystemPreferences checkLockFile0ErrorCode
2026-08-28 00:29:16,566 [ERROR] LogOutputStream:75 - [STDERR_REDIRECT] WARNING: Could not lock System prefs. Unix error code 0.
2026-08-28 00:29:16,566 [ERROR] LogOutputStream:75 - [STDERR_REDIRECT] 
2026-08-28 00:29:16,566 [ERROR] LogOutputStream:75 - [STDERR_REDIRECT] Aug 28, 2026 12:29:16 AM java.util.prefs.FileSystemPreferences syncWorld
2026-08-28 00:29:16,566 [ERROR] LogOutputStream:75 - [STDERR_REDIRECT] WARNING: Couldn't flush system prefs: java.util.prefs.BackingStoreException: Couldn't get file lock.
2026-08-28 00:29:16,566 [ERROR] LogOutputStream:75 - [STDERR_REDIRECT] 
2026-08-28 00:29:46,565 [ERROR] LogOutputStream:75 - [STDERR_REDIRECT] Aug 28, 2026 12:29:46 AM java.util.prefs.FileSystemPreferences checkLockFile0ErrorCode
2026-08-28 00:29:46,566 [ERROR] LogOutputStream:75 - [STDERR_REDIRECT] WARNING: Could not lock System prefs. Unix error code 0.
2026-08-28 00:29:46,566 [ERROR] LogOutputStream:75 - [STDERR_REDIRECT] 
2026-08-28 00:29:46,566 [ERROR] LogOutputStream:75 - [STDERR_REDIRECT] Aug 28, 2026 12:29:46 AM java.util.prefs.FileSystemPreferences syncWorld
2026-08-28 00:29:46,566 [ERROR] LogOutputStream:75 - [STDERR_REDIRECT] WARNING: Couldn't flush system prefs: java.util.prefs.BackingStoreException: Couldn't get file lock.
2026-08-28 00:29:46,566 [ERROR] LogOutputStream:75 - [STDERR_REDIRECT] 
2026-08-28 00:30:16,566 [ERROR] LogOutputStream:75 - [STDERR_REDIRECT] Aug 28, 2026 12:30:16 AM java.util.prefs.FileSystemPreferences checkLockFile0ErrorCode
2026-08-28 00:30:16,567 [ERROR] LogOutputStream:75 - [STDERR_REDIRECT] WARNING: Could not lock System prefs. Unix error code 0.
2026-08-28 00:30:16,567 [ERROR] LogOutputStream:75 - [STDERR_REDIRECT] 
2026-08-28 00:30:16,567 [ERROR] LogOutputStream:75 - [STDERR_REDIRECT] Aug 28, 2026 12:30:16 AM java.util.prefs.FileSystemPreferences syncWorld
2026-08-28 00:30:16,567 [ERROR] LogOutputStream:75 - [STDERR_REDIRECT] WARNING: Couldn't flush system prefs: java.util.prefs.BackingStoreException: Couldn't get file lock.
2026-08-28 00:30:16,567 [ERROR] LogOutputStream:75 - [STDERR_REDIRECT] 
2026-08-28 00:30:46,567 [ERROR] LogOutputStream:75 - [STDERR_REDIRECT] Aug 28, 2026 12:30:46 AM java.util.prefs.FileSystemPreferences checkLockFile0ErrorCode
2026-08-28 00:30:46,567 [ERROR] LogOutputStream:75 - [STDERR_REDIRECT] WARNING: Could not lock System prefs. Unix error code 0.
2026-08-28 00:30:46,567 [ERROR] LogOutputStream:75 - [STDERR_REDIRECT] 
2026-08-28 00:30:46,567 [ERROR] LogOutputStream:75 - [STDERR_REDIRECT] Aug 28, 2026 12:30:46 AM java.util.prefs.FileSystemPreferences syncWorld
2026-08-28 00:30:46,568 [ERROR] LogOutputStream:75 - [STDERR_REDIRECT] WARNING: Couldn't flush system prefs: java.util.prefs.BackingStoreException: Couldn't get file lock.
2026-08-28 00:30:46,568 [ERROR] LogOutputStream:75 - [STDERR_REDIRECT] 
2026-08-28 00:31:16,567 [ERROR] LogOutputStream:75 - [STDERR_REDIRECT] Aug 28, 2026 12:31:16 AM java.util.prefs.FileSystemPreferences checkLockFile0ErrorCode
2026-08-28 00:31:16,567 [ERROR] LogOutputStream:75 - [STDERR_REDIRECT] WARNING: Could not lock System prefs. Unix error code 0.
2026-08-28 00:31:16,567 [ERROR] LogOutputStream:75 - [STDERR_REDIRECT] 
2026-08-28 00:31:16,567 [ERROR] LogOutputStream:75 - [STDERR_REDIRECT] Aug 28, 2026 12:31:16 AM java.util.prefs.FileSystemPreferences syncWorld
2026-08-28 00:31:16,567 [ERROR] LogOutputStream:75 - [STDERR_REDIRECT] WARNING: Couldn't flush system prefs: java.util.prefs.BackingStoreException: Couldn't get file lock.
2026-08-28 00:31:16,567 [ERROR] LogOutputStream:75 - [STDERR_REDIRECT] 
2026-08-28 00:31:46,567 [ERROR] LogOutputStream:75 - [STDERR_REDIRECT] Aug 28, 2026 12:31:46 AM java.util.prefs.FileSystemPreferences checkLockFile0ErrorCode
2026-08-28 00:31:46,567 [ERROR] LogOutputStream:75 - [STDERR_REDIRECT] WARNING: Could not lock System prefs. Unix error code 0.
2026-08-28 00:31:46,567 [ERROR] LogOutputStream:75 - [STDERR_REDIRECT] 
2026-08-28 00:31:46,567 [ERROR] LogOutputStream:75 - [STDERR_REDIRECT] Aug 28, 2026 12:31:46 AM java.util.prefs.FileSystemPreferences syncWorld
2026-08-28 00:31:46,568 [ERROR] LogOutputStream:75 - [STDERR_REDIRECT] WARNING: Couldn't flush system prefs: java.util.prefs.BackingStoreException: Couldn't get file lock.
2026-08-28 00:31:46,568 [ERROR] LogOutputStream:75 - [STDERR_REDIRECT] 
2026-08-28 00:32:16,567 [ERROR] LogOutputStream:75 - [STDERR_REDIRECT] Aug 28, 2026 12:32:16 AM java.util.prefs.FileSystemPreferences checkLockFile0ErrorCode
2026-08-28 00:32:16,567 [ERROR] LogOutputStream:75 - [STDERR_REDIRECT] WARNING: Could not lock System prefs. Unix error code 0.
2026-08-28 00:32:16,568 [ERROR] LogOutputStream:75 - [STDERR_REDIRECT] 
2026-08-28 00:32:16,568 [ERROR] LogOutputStream:75 - [STDERR_REDIRECT] Aug 28, 2026 12:32:16 AM java.util.prefs.FileSystemPreferences syncWorld
2026-08-28 00:32:16,568 [ERROR] LogOutputStream:75 - [STDERR_REDIRECT] WARNING: Couldn't flush system prefs: java.util.prefs.BackingStoreException: Couldn't get file lock.
2026-08-28 00:32:16,568 [ERROR] LogOutputStream:75 - [STDERR_REDIRECT] 
2026-08-28 00:32:46,567 [ERROR] LogOutputStream:75 - [STDERR_REDIRECT] Aug 28, 2026 12:32:46 AM java.util.prefs.FileSystemPreferences checkLockFile0ErrorCode
2026-08-28 00:32:46,568 [ERROR] LogOutputStream:75 - [STDERR_REDIRECT] WARNING: Could not lock System prefs. Unix error code 0.
2026-08-28 00:32:46,568 [ERROR] LogOutputStream:75 - [STDERR_REDIRECT] 
2026-08-28 00:32:46,568 [ERROR] LogOutputStream:75 - [STDERR_REDIRECT] Aug 28, 2026 12:32:46 AM java.util.prefs.FileSystemPreferences syncWorld
2026-08-28 00:32:46,568 [ERROR] LogOutputStream:75 - [STDERR_REDIRECT] WARNING: Couldn't flush system prefs: java.util.prefs.BackingStoreException: Couldn't get file lock.
2026-08-28 00:32:46,568 [ERROR] LogOutputStream:75 - [STDERR_REDIRECT] 
2026-08-28 00:33:16,568 [ERROR] LogOutputStream:75 - [STDERR_REDIRECT] Aug 28, 2026 12:33:16 AM java.util.prefs.FileSystemPreferences checkLockFile0ErrorCode
2026-08-28 00:33:16,568 [ERROR] LogOutputStream:75 - [STDERR_REDIRECT] WARNING: Could not lock System prefs. Unix error code 0.
2026-08-28 00:33:16,568 [ERROR] LogOutputStream:75 - [STDERR_REDIRECT] 
2026-08-28 00:33:16,568 [ERROR] LogOutputStream:75 - [STDERR_REDIRECT] Aug 28, 2026 12:33:16 AM java.util.prefs.FileSystemPreferences syncWorld
2026-08-28 00:33:16,568 [ERROR] LogOutputStream:75 - [STDERR_REDIRECT] WARNING: Couldn't flush system prefs: java.util.prefs.BackingStoreException: Couldn't get file lock.
2026-08-28 00:33:16,568 [ERROR] LogOutputStream:75 - [STDERR_REDIRECT] 
2026-08-28 00:33:46,567 [ERROR] LogOutputStream:75 - [STDERR_REDIRECT] Aug 28, 2026 12:33:46 AM java.util.prefs.FileSystemPreferences checkLockFile0ErrorCode
2026-08-28 00:33:46,568 [ERROR] LogOutputStream:75 - [STDERR_REDIRECT] WARNING: Could not lock System prefs. Unix error code 0.
2026-08-28 00:33:46,568 [ERROR] LogOutputStream:75 - [STDERR_REDIRECT] 
2026-08-28 00:33:46,568 [ERROR] LogOutputStream:75 - [STDERR_REDIRECT] Aug 28, 2026 12:33:46 AM java.util.prefs.FileSystemPreferences syncWorld
2026-08-28 00:33:46,568 [ERROR] LogOutputStream:75 - [STDERR_REDIRECT] WARNING: Couldn't flush system prefs: java.util.prefs.BackingStoreException: Couldn't get file lock.
2026-08-28 00:33:46,568 [ERROR] LogOutputStream:75 - [STDERR_REDIRECT] 
2026-08-28 00:34:16,568 [ERROR] LogOutputStream:75 - [STDERR_REDIRECT] Aug 28, 2026 12:34:16 AM java.util.prefs.FileSystemPreferences checkLockFile0ErrorCode
2026-08-28 00:34:16,568 [ERROR] LogOutputStream:75 - [STDERR_REDIRECT] WARNING: Could not lock System prefs. Unix error code 0.
2026-08-28 00:34:16,569 [ERROR] LogOutputStream:75 - [STDERR_REDIRECT] 
2026-08-28 00:34:16,569 [ERROR] LogOutputStream:75 - [STDERR_REDIRECT] Aug 28, 2026 12:34:16 AM java.util.prefs.FileSystemPreferences syncWorld
2026-08-28 00:34:16,569 [ERROR] LogOutputStream:75 - [STDERR_REDIRECT] WARNING: Couldn't flush system prefs: java.util.prefs.BackingStoreException: Couldn't get file lock.
2026-08-28 00:34:16,569 [ERROR] LogOutputStream:75 - [STDERR_REDIRECT] 
2026-08-28 00:34:46,569 [ERROR] LogOutputStream:75 - [STDERR_REDIRECT] Aug 28, 2026 12:34:46 AM java.util.prefs.FileSystemPreferences checkLockFile0ErrorCode
2026-08-28 00:34:46,569 [ERROR] LogOutputStream:75 - [STDERR_REDIRECT] WARNING: Could not lock System prefs. Unix error code 0.
2026-08-28 00:34:46,569 [ERROR] LogOutputStream:75 - [STDERR_REDIRECT] 
2026-08-28 00:34:46,569 [ERROR] LogOutputStream:75 - [STDERR_REDIRECT] Aug 28, 2026 12:34:46 AM java.util.prefs.FileSystemPreferences syncWorld
2026-08-28 00:34:46,569 [ERROR] LogOutputStream:75 - [STDERR_REDIRECT] WARNING: Couldn't flush system prefs: java.util.prefs.BackingStoreException: Couldn't get file lock.
2026-08-28 00:34:46,569 [ERROR] LogOutputStream:75 - [STDERR_REDIRECT] 
2026-08-28 00:35:16,568 [ERROR] LogOutputStream:75 - [STDERR_REDIRECT] Aug 28, 2026 12:35:16 AM java.util.prefs.FileSystemPreferences checkLockFile0ErrorCode
2026-08-28 00:35:16,569 [ERROR] LogOutputStream:75 - [STDERR_REDIRECT] WARNING: Could not lock System prefs. Unix error code 0.
2026-08-28 00:35:16,569 [ERROR] LogOutputStream:75 - [STDERR_REDIRECT] 
2026-08-28 00:35:16,569 [ERROR] LogOutputStream:75 - [STDERR_REDIRECT] Aug 28, 2026 12:35:16 AM java.util.prefs.FileSystemPreferences syncWorld
2026-08-28 00:35:16,569 [ERROR] LogOutputStream:75 - [STDERR_REDIRECT] WARNING: Couldn't flush system prefs: java.util.prefs.BackingStoreException: Couldn't get file lock.
2026-08-28 00:35:16,569 [ERROR] LogOutputStream:75 - [STDERR_REDIRECT] 
2026-08-28 00:35:46,569 [ERROR] LogOutputStream:75 - [STDERR_REDIRECT] Aug 28, 2026 12:35:46 AM java.util.prefs.FileSystemPreferences checkLockFile0ErrorCode
2026-08-28 00:35:46,569 [ERROR] LogOutputStream:75 - [STDERR_REDIRECT] WARNING: Could not lock System prefs. Unix error code 0.
2026-08-28 00:35:46,570 [ERROR] LogOutputStream:75 - [STDERR_REDIRECT] 
2026-08-28 00:35:46,570 [ERROR] LogOutputStream:75 - [STDERR_REDIRECT] Aug 28, 2026 12:35:46 AM java.util.prefs.FileSystemPreferences syncWorld
2026-08-28 00:35:46,570 [ERROR] LogOutputStream:75 - [STDERR_REDIRECT] WARNING: Couldn't flush system prefs: java.util.prefs.BackingStoreException: Couldn't get file lock.
2026-08-28 00:35:46,570 [ERROR] LogOutputStream:75 - [STDERR_REDIRECT] 
2026-08-28 00:36:16,569 [ERROR] LogOutputStream:75 - [STDERR_REDIRECT] Aug 28, 2026 12:36:16 AM java.util.prefs.FileSystemPreferences checkLockFile0ErrorCode
2026-08-28 00:36:16,569 [ERROR] LogOutputStream:75 - [STDERR_REDIRECT] WARNING: Could not lock System prefs. Unix error code 0.
2026-08-28 00:36:16,569 [ERROR] LogOutputStream:75 - [STDERR_REDIRECT] 
2026-08-28 00:36:16,570 [ERROR] LogOutputStream:75 - [STDERR_REDIRECT] Aug 28, 2026 12:36:16 AM java.util.prefs.FileSystemPreferences syncWorld
2026-08-28 00:36:16,570 [ERROR] LogOutputStream:75 - [STDERR_REDIRECT] WARNING: Couldn't flush system prefs: java.util.prefs.BackingStoreException: Couldn't get file lock.
2026-08-28 00:36:16,570 [ERROR] LogOutputStream:75 - [STDERR_REDIRECT] 
2026-08-28 00:36:46,569 [ERROR] LogOutputStream:75 - [STDERR_REDIRECT] Aug 28, 2026 12:36:46 AM java.util.prefs.FileSystemPreferences checkLockFile0ErrorCode
2026-08-28 00:36:46,569 [ERROR] LogOutputStream:75 - [STDERR_REDIRECT] WARNING: Could not lock System prefs. Unix error code 0.
2026-08-28 00:36:46,569 [ERROR] LogOutputStream:75 - [STDERR_REDIRECT] 
2026-08-28 00:36:46,570 [ERROR] LogOutputStream:75 - [STDERR_REDIRECT] Aug 28, 2026 12:36:46 AM java.util.prefs.FileSystemPreferences syncWorld
2026-08-28 00:36:46,570 [ERROR] LogOutputStream:75 - [STDERR_REDIRECT] WARNING: Couldn't flush system prefs: java.util.prefs.BackingStoreException: Couldn't get file lock.
2026-08-28 00:36:46,570 [ERROR] LogOutputStream:75 - [STDERR_REDIRECT] 
2026-08-28 00:37:16,569 [ERROR] LogOutputStream:75 - [STDERR_REDIRECT] Aug 28, 2026 12:37:16 AM java.util.prefs.FileSystemPreferences checkLockFile0ErrorCode
2026-08-28 00:37:16,570 [ERROR] LogOutputStream:75 - [STDERR_REDIRECT] WARNING: Could not lock System prefs. Unix error code 0.
2026-08-28 00:37:16,570 [ERROR] LogOutputStream:75 - [STDERR_REDIRECT] 
2026-08-28 00:37:16,570 [ERROR] LogOutputStream:75 - [STDERR_REDIRECT] Aug 28, 2026 12:37:16 AM java.util.prefs.FileSystemPreferences syncWorld
2026-08-28 00:37:16,570 [ERROR] LogOutputStream:75 - [STDERR_REDIRECT] WARNING: Couldn't flush system prefs: java.util.prefs.BackingStoreException: Couldn't get file lock.
2026-08-28 00:37:16,570 [ERROR] LogOutputStream:75 - [STDERR_REDIRECT] 
2026-08-28 00:37:46,570 [ERROR] LogOutputStream:75 - [STDERR_REDIRECT] Aug 28, 2026 12:37:46 AM java.util.prefs.FileSystemPreferences checkLockFile0ErrorCode
2026-08-28 00:37:46,570 [ERROR] LogOutputStream:75 - [STDERR_REDIRECT] WARNING: Could not lock System prefs. Unix error code 0.
2026-08-28 00:37:46,570 [ERROR] LogOutputStream:75 - [STDERR_REDIRECT] 
2026-08-28 00:37:46,570 [ERROR] LogOutputStream:75 - [STDERR_REDIRECT] Aug 28, 2026 12:37:46 AM java.util.prefs.FileSystemPreferences syncWorld
2026-08-28 00:37:46,571 [ERROR] LogOutputStream:75 - [STDERR_REDIRECT] WARNING: Couldn't flush system prefs: java.util.prefs.BackingStoreException: Couldn't get file lock.
2026-08-28 00:37:46,571 [ERROR] LogOutputStream:75 - [STDERR_REDIRECT] 
2026-08-28 00:38:16,569 [ERROR] LogOutputStream:75 - [STDERR_REDIRECT] Aug 28, 2026 12:38:16 AM java.util.prefs.FileSystemPreferences checkLockFile0ErrorCode
2026-08-28 00:38:16,569 [ERROR] LogOutputStream:75 - [STDERR_REDIRECT] WARNING: Could not lock System prefs. Unix error code 0.
2026-08-28 00:38:16,569 [ERROR] LogOutputStream:75 - [STDERR_REDIRECT] 
2026-08-28 00:38:16,570 [ERROR] LogOutputStream:75 - [STDERR_REDIRECT] Aug 28, 2026 12:38:16 AM java.util.prefs.FileSystemPreferences syncWorld
2026-08-28 00:38:16,570 [ERROR] LogOutputStream:75 - [STDERR_REDIRECT] WARNING: Couldn't flush system prefs: java.util.prefs.BackingStoreException: Couldn't get file lock.
2026-08-28 00:38:16,570 [ERROR] LogOutputStream:75 - [STDERR_REDIRECT] 
2026-08-28 00:38:46,569 [ERROR] LogOutputStream:75 - [STDERR_REDIRECT] Aug 28, 2026 12:38:46 AM java.util.prefs.FileSystemPreferences checkLockFile0ErrorCode
2026-08-28 00:38:46,569 [ERROR] LogOutputStream:75 - [STDERR_REDIRECT] WARNING: Could not lock System prefs. Unix error code 0.
2026-08-28 00:38:46,569 [ERROR] LogOutputStream:75 - [STDERR_REDIRECT] 
2026-08-28 00:38:46,569 [ERROR] LogOutputStream:75 - [STDERR_REDIRECT] Aug 28, 2026 12:38:46 AM java.util.prefs.FileSystemPreferences syncWorld
2026-08-28 00:38:46,570 [ERROR] LogOutputStream:75 - [STDERR_REDIRECT] WARNING: Couldn't flush system prefs: java.util.prefs.BackingStoreException: Couldn't get file lock.
2026-08-28 00:38:46,570 [ERROR] LogOutputStream:75 - [STDERR_REDIRECT] 
2026-08-28 00:39:16,569 [ERROR] LogOutputStream:75 - [STDERR_REDIRECT] Aug 28, 2026 12:39:16 AM java.util.prefs.FileSystemPreferences checkLockFile0ErrorCode
2026-08-28 00:39:16,569 [ERROR] LogOutputStream:75 - [STDERR_REDIRECT] WARNING: Could not lock System prefs. Unix error code 0.
2026-08-28 00:39:16,569 [ERROR] LogOutputStream:75 - [STDERR_REDIRECT] 
2026-08-28 00:39:16,569 [ERROR] LogOutputStream:75 - [STDERR_REDIRECT] Aug 28, 2026 12:39:16 AM java.util.prefs.FileSystemPreferences syncWorld
2026-08-28 00:39:16,569 [ERROR] LogOutputStream:75 - [STDERR_REDIRECT] WARNING: Couldn't flush system prefs: java.util.prefs.BackingStoreException: Couldn't get file lock.
2026-08-28 00:39:16,569 [ERROR] LogOutputStream:75 - [STDERR_REDIRECT] 
2026-08-28 00:39:46,570 [ERROR] LogOutputStream:75 - [STDERR_REDIRECT] Aug 28, 2026 12:39:46 AM java.util.prefs.FileSystemPreferences checkLockFile0ErrorCode
2026-08-28 00:39:46,570 [ERROR] LogOutputStream:75 - [STDERR_REDIRECT] WARNING: Could not lock System prefs. Unix error code 0.
2026-08-28 00:39:46,570 [ERROR] LogOutputStream:75 - [STDERR_REDIRECT] 
2026-08-28 00:39:46,571 [ERROR] LogOutputStream:75 - [STDERR_REDIRECT] Aug 28, 2026 12:39:46 AM java.util.prefs.FileSystemPreferences syncWorld
2026-08-28 00:39:46,571 [ERROR] LogOutputStream:75 - [STDERR_REDIRECT] WARNING: Couldn't flush system prefs: java.util.prefs.BackingStoreException: Couldn't get file lock.
2026-08-28 00:39:46,571 [ERROR] LogOutputStream:75 - [STDERR_REDIRECT] 
2026-08-28 00:40:16,570 [ERROR] LogOutputStream:75 - [STDERR_REDIRECT] Aug 28, 2026 12:40:16 AM java.util.prefs.FileSystemPreferences checkLockFile0ErrorCode
2026-08-28 00:40:16,570 [ERROR] LogOutputStream:75 - [STDERR_REDIRECT] WARNING: Could not lock System prefs. Unix error code 0.
2026-08-28 00:40:16,570 [ERROR] LogOutputStream:75 - [STDERR_REDIRECT] 
2026-08-28 00:40:16,571 [ERROR] LogOutputStream:75 - [STDERR_REDIRECT] Aug 28, 2026 12:40:16 AM java.util.prefs.FileSystemPreferences syncWorld
2026-08-28 00:40:16,571 [ERROR] LogOutputStream:75 - [STDERR_REDIRECT] WARNING: Couldn't flush system prefs: java.util.prefs.BackingStoreException: Couldn't get file lock.
2026-08-28 00:40:16,571 [ERROR] LogOutputStream:75 - [STDERR_REDIRECT] 
2026-08-28 00:40:46,570 [ERROR] LogOutputStream:75 - [STDERR_REDIRECT] Aug 28, 2026 12:40:46 AM java.util.prefs.FileSystemPreferences checkLockFile0ErrorCode
2026-08-28 00:40:46,570 [ERROR] LogOutputStream:75 - [STDERR_REDIRECT] WARNING: Could not lock System prefs. Unix error code 0.
2026-08-28 00:40:46,570 [ERROR] LogOutputStream:75 - [STDERR_REDIRECT] 
2026-08-28 00:40:46,571 [ERROR] LogOutputStream:75 - [STDERR_REDIRECT] Aug 28, 2026 12:40:46 AM java.util.prefs.FileSystemPreferences syncWorld
2026-08-28 00:40:46,571 [ERROR] LogOutputStream:75 - [STDERR_REDIRECT] WARNING: Couldn't flush system prefs: java.util.prefs.BackingStoreException: Couldn't get file lock.
2026-08-28 00:40:46,571 [ERROR] LogOutputStream:75 - [STDERR_REDIRECT] 
2026-08-28 00:41:16,570 [ERROR] LogOutputStream:75 - [STDERR_REDIRECT] Aug 28, 2026 12:41:16 AM java.util.prefs.FileSystemPreferences checkLockFile0ErrorCode
2026-08-28 00:41:16,570 [ERROR] LogOutputStream:75 - [STDERR_REDIRECT] WARNING: Could not lock System prefs. Unix error code 0.
2026-08-28 00:41:16,571 [ERROR] LogOutputStream:75 - [STDERR_REDIRECT] 
2026-08-28 00:41:16,571 [ERROR] LogOutputStream:75 - [STDERR_REDIRECT] Aug 28, 2026 12:41:16 AM java.util.prefs.FileSystemPreferences syncWorld
2026-08-28 00:41:16,571 [ERROR] LogOutputStream:75 - [STDERR_REDIRECT] WARNING: Couldn't flush system prefs: java.util.prefs.BackingStoreException: Couldn't get file lock.
2026-08-28 00:41:16,571 [ERROR] LogOutputStream:75 - [STDERR_REDIRECT] 
2026-08-28 00:41:46,570 [ERROR] LogOutputStream:75 - [STDERR_REDIRECT] Aug 28, 2026 12:41:46 AM java.util.prefs.FileSystemPreferences checkLockFile0ErrorCode
2026-08-28 00:41:46,571 [ERROR] LogOutputStream:75 - [STDERR_REDIRECT] WARNING: Could not lock System prefs. Unix error code 0.
2026-08-28 00:41:46,571 [ERROR] LogOutputStream:75 - [STDERR_REDIRECT] 
2026-08-28 00:41:46,571 [ERROR] LogOutputStream:75 - [STDERR_REDIRECT] Aug 28, 2026 12:41:46 AM java.util.prefs.FileSystemPreferences syncWorld
2026-08-28 00:41:46,571 [ERROR] LogOutputStream:75 - [STDERR_REDIRECT] WARNING: Couldn't flush system prefs: java.util.prefs.BackingStoreException: Couldn't get file lock.
2026-08-28 00:41:46,572 [ERROR] LogOutputStream:75 - [STDERR_REDIRECT] 
2026-08-28 00:42:16,570 [ERROR] LogOutputStream:75 - [STDERR_REDIRECT] Aug 28, 2026 12:42:16 AM java.util.prefs.FileSystemPreferences checkLockFile0ErrorCode
2026-08-28 00:42:16,570 [ERROR] LogOutputStream:75 - [STDERR_REDIRECT] WARNING: Could not lock System prefs. Unix error code 0.
2026-08-28 00:42:16,570 [ERROR] LogOutputStream:75 - [STDERR_REDIRECT] 
2026-08-28 00:42:16,571 [ERROR] LogOutputStream:75 - [STDERR_REDIRECT] Aug 28, 2026 12:42:16 AM java.util.prefs.FileSystemPreferences syncWorld
2026-08-28 00:42:16,571 [ERROR] LogOutputStream:75 - [STDERR_REDIRECT] WARNING: Couldn't flush system prefs: java.util.prefs.BackingStoreException: Couldn't get file lock.
2026-08-28 00:42:16,571 [ERROR] LogOutputStream:75 - [STDERR_REDIRECT] 
2026-08-28 00:42:46,571 [ERROR] LogOutputStream:75 - [STDERR_REDIRECT] Aug 28, 2026 12:42:46 AM java.util.prefs.FileSystemPreferences checkLockFile0ErrorCode
2026-08-28 00:42:46,571 [ERROR] LogOutputStream:75 - [STDERR_REDIRECT] WARNING: Could not lock System prefs. Unix error code 0.
2026-08-28 00:42:46,571 [ERROR] LogOutputStream:75 - [STDERR_REDIRECT] 
2026-08-28 00:42:46,571 [ERROR] LogOutputStream:75 - [STDERR_REDIRECT] Aug 28, 2026 12:42:46 AM java.util.prefs.FileSystemPreferences syncWorld
2026-08-28 00:42:46,571 [ERROR] LogOutputStream:75 - [STDERR_REDIRECT] WARNING: Couldn't flush system prefs: java.util.prefs.BackingStoreException: Couldn't get file lock.
2026-08-28 00:42:46,572 [ERROR] LogOutputStream:75 - [STDERR_REDIRECT] 
2026-08-28 00:43:16,570 [ERROR] LogOutputStream:75 - [STDERR_REDIRECT] Aug 28, 2026 12:43:16 AM java.util.prefs.FileSystemPreferences checkLockFile0ErrorCode
2026-08-28 00:43:16,571 [ERROR] LogOutputStream:75 - [STDERR_REDIRECT] WARNING: Could not lock System prefs. Unix error code 0.
2026-08-28 00:43:16,571 [ERROR] LogOutputStream:75 - [STDERR_REDIRECT] 
2026-08-28 00:43:16,571 [ERROR] LogOutputStream:75 - [STDERR_REDIRECT] Aug 28, 2026 12:43:16 AM java.util.prefs.FileSystemPreferences syncWorld
2026-08-28 00:43:16,571 [ERROR] LogOutputStream:75 - [STDERR_REDIRECT] WARNING: Couldn't flush system prefs: java.util.prefs.BackingStoreException: Couldn't get file lock.
2026-08-28 00:43:16,571 [ERROR] LogOutputStream:75 - [STDERR_REDIRECT] 
2026-08-28 00:43:46,571 [ERROR] LogOutputStream:75 - [STDERR_REDIRECT] Aug 28, 2026 12:43:46 AM java.util.prefs.FileSystemPreferences checkLockFile0ErrorCode
2026-08-28 00:43:46,571 [ERROR] LogOutputStream:75 - [STDERR_REDIRECT] WARNING: Could not lock System prefs. Unix error code 0.
2026-08-28 00:43:46,571 [ERROR] LogOutputStream:75 - [STDERR_REDIRECT] 
2026-08-28 00:43:46,572 [ERROR] LogOutputStream:75 - [STDERR_REDIRECT] Aug 28, 2026 12:43:46 AM java.util.prefs.FileSystemPreferences syncWorld
2026-08-28 00:43:46,572 [ERROR] LogOutputStream:75 - [STDERR_REDIRECT] WARNING: Couldn't flush system prefs: java.util.prefs.BackingStoreException: Couldn't get file lock.
2026-08-28 00:43:46,572 [ERROR] LogOutputStream:75 - [STDERR_REDIRECT] 
2026-08-28 00:44:16,571 [ERROR] LogOutputStream:75 - [STDERR_REDIRECT] Aug 28, 2026 12:44:16 AM java.util.prefs.FileSystemPreferences checkLockFile0ErrorCode
2026-08-28 00:44:16,571 [ERROR] LogOutputStream:75 - [STDERR_REDIRECT] WARNING: Could not lock System prefs. Unix error code 0.
2026-08-28 00:44:16,572 [ERROR] LogOutputStream:75 - [STDERR_REDIRECT] 
2026-08-28 00:44:16,572 [ERROR] LogOutputStream:75 - [STDERR_REDIRECT] Aug 28, 2026 12:44:16 AM java.util.prefs.FileSystemPreferences syncWorld
2026-08-28 00:44:16,572 [ERROR] LogOutputStream:75 - [STDERR_REDIRECT] WARNING: Couldn't flush system prefs: java.util.prefs.BackingStoreException: Couldn't get file lock.
2026-08-28 00:44:16,572 [ERROR] LogOutputStream:75 - [STDERR_REDIRECT] 
2026-08-28 00:44:46,572 [ERROR] LogOutputStream:75 - [STDERR_REDIRECT] Aug 28, 2026 12:44:46 AM java.util.prefs.FileSystemPreferences checkLockFile0ErrorCode
2026-08-28 00:44:46,572 [ERROR] LogOutputStream:75 - [STDERR_REDIRECT] WARNING: Could not lock System prefs. Unix error code 0.
2026-08-28 00:44:46,572 [ERROR] LogOutputStream:75 - [STDERR_REDIRECT] 
2026-08-28 00:44:46,572 [ERROR] LogOutputStream:75 - [STDERR_REDIRECT] Aug 28, 2026 12:44:46 AM java.util.prefs.FileSystemPreferences syncWorld
2026-08-28 00:44:46,572 [ERROR] LogOutputStream:75 - [STDERR_REDIRECT] WARNING: Couldn't flush system prefs: java.util.prefs.BackingStoreException: Couldn't get file lock.
2026-08-28 00:44:46,573 [ERROR] LogOutputStream:75 - [STDERR_REDIRECT] 
2026-08-28 00:45:16,571 [ERROR] LogOutputStream:75 - [STDERR_REDIRECT] Aug 28, 2026 12:45:16 AM java.util.prefs.FileSystemPreferences checkLockFile0ErrorCode
2026-08-28 00:45:16,571 [ERROR] LogOutputStream:75 - [STDERR_REDIRECT] WARNING: Could not lock System prefs. Unix error code 0.
2026-08-28 00:45:16,571 [ERROR] LogOutputStream:75 - [STDERR_REDIRECT] 
2026-08-28 00:45:16,572 [ERROR] LogOutputStream:75 - [STDERR_REDIRECT] Aug 28, 2026 12:45:16 AM java.util.prefs.FileSystemPreferences syncWorld
2026-08-28 00:45:16,572 [ERROR] LogOutputStream:75 - [STDERR_REDIRECT] WARNING: Couldn't flush system prefs: java.util.prefs.BackingStoreException: Couldn't get file lock.
2026-08-28 00:45:16,572 [ERROR] LogOutputStream:75 - [STDERR_REDIRECT] 
2026-08-28 00:45:46,572 [ERROR] LogOutputStream:75 - [STDERR_REDIRECT] Aug 28, 2026 12:45:46 AM java.util.prefs.FileSystemPreferences checkLockFile0ErrorCode
2026-08-28 00:45:46,572 [ERROR] LogOutputStream:75 - [STDERR_REDIRECT] WARNING: Could not lock System prefs. Unix error code 0.
2026-08-28 00:45:46,572 [ERROR] LogOutputStream:75 - [STDERR_REDIRECT] 
2026-08-28 00:45:46,572 [ERROR] LogOutputStream:75 - [STDERR_REDIRECT] Aug 28, 2026 12:45:46 AM java.util.prefs.FileSystemPreferences syncWorld
2026-08-28 00:45:46,572 [ERROR] LogOutputStream:75 - [STDERR_REDIRECT] WARNING: Couldn't flush system prefs: java.util.prefs.BackingStoreException: Couldn't get file lock.
2026-08-28 00:45:46,573 [ERROR] LogOutputStream:75 - [STDERR_REDIRECT] 
2026-08-28 00:46:16,571 [ERROR] LogOutputStream:75 - [STDERR_REDIRECT] Aug 28, 2026 12:46:16 AM java.util.prefs.FileSystemPreferences checkLockFile0ErrorCode
2026-08-28 00:46:16,571 [ERROR] LogOutputStream:75 - [STDERR_REDIRECT] WARNING: Could not lock System prefs. Unix error code 0.
2026-08-28 00:46:16,571 [ERROR] LogOutputStream:75 - [STDERR_REDIRECT] 
2026-08-28 00:46:16,571 [ERROR] LogOutputStream:75 - [STDERR_REDIRECT] Aug 28, 2026 12:46:16 AM java.util.prefs.FileSystemPreferences syncWorld
2026-08-28 00:46:16,571 [ERROR] LogOutputStream:75 - [STDERR_REDIRECT] WARNING: Couldn't flush system prefs: java.util.prefs.BackingStoreException: Couldn't get file lock.
2026-08-28 00:46:16,572 [ERROR] LogOutputStream:75 - [STDERR_REDIRECT] 
2026-08-28 00:46:46,571 [ERROR] LogOutputStream:75 - [STDERR_REDIRECT] Aug 28, 2026 12:46:46 AM java.util.prefs.FileSystemPreferences checkLockFile0ErrorCode
2026-08-28 00:46:46,571 [ERROR] LogOutputStream:75 - [STDERR_REDIRECT] WARNING: Could not lock System prefs. Unix error code 0.
2026-08-28 00:46:46,571 [ERROR] LogOutputStream:75 - [STDERR_REDIRECT] 
2026-08-28 00:46:46,571 [ERROR] LogOutputStream:75 - [STDERR_REDIRECT] Aug 28, 2026 12:46:46 AM java.util.prefs.FileSystemPreferences syncWorld
2026-08-28 00:46:46,571 [ERROR] LogOutputStream:75 - [STDERR_REDIRECT] WARNING: Couldn't flush system prefs: java.util.prefs.BackingStoreException: Couldn't get file lock.
2026-08-28 00:46:46,571 [ERROR] LogOutputStream:75 - [STDERR_REDIRECT] 
2026-08-28 00:47:16,571 [ERROR] LogOutputStream:75 - [STDERR_REDIRECT] Aug 28, 2026 12:47:16 AM java.util.prefs.FileSystemPreferences checkLockFile0ErrorCode
2026-08-28 00:47:16,571 [ERROR] LogOutputStream:75 - [STDERR_REDIRECT] WARNING: Could not lock System prefs. Unix error code 0.
2026-08-28 00:47:16,572 [ERROR] LogOutputStream:75 - [STDERR_REDIRECT] 
2026-08-28 00:47:16,572 [ERROR] LogOutputStream:75 - [STDERR_REDIRECT] Aug 28, 2026 12:47:16 AM java.util.prefs.FileSystemPreferences syncWorld
2026-08-28 00:47:16,572 [ERROR] LogOutputStream:75 - [STDERR_REDIRECT] WARNING: Couldn't flush system prefs: java.util.prefs.BackingStoreException: Couldn't get file lock.
2026-08-28 00:47:16,572 [ERROR] LogOutputStream:75 - [STDERR_REDIRECT] 
2026-08-28 00:47:46,572 [ERROR] LogOutputStream:75 - [STDERR_REDIRECT] Aug 28, 2026 12:47:46 AM java.util.prefs.FileSystemPreferences checkLockFile0ErrorCode
2026-08-28 00:47:46,572 [ERROR] LogOutputStream:75 - [STDERR_REDIRECT] WARNING: Could not lock System prefs. Unix error code 0.
2026-08-28 00:47:46,572 [ERROR] LogOutputStream:75 - [STDERR_REDIRECT] 
2026-08-28 00:47:46,572 [ERROR] LogOutputStream:75 - [STDERR_REDIRECT] Aug 28, 2026 12:47:46 AM java.util.prefs.FileSystemPreferences syncWorld
2026-08-28 00:47:46,572 [ERROR] LogOutputStream:75 - [STDERR_REDIRECT] WARNING: Couldn't flush system prefs: java.util.prefs.BackingStoreException: Couldn't get file lock.
2026-08-28 00:47:46,572 [ERROR] LogOutputStream:75 - [STDERR_REDIRECT] 
2026-08-28 00:48:16,572 [ERROR] LogOutputStream:75 - [STDERR_REDIRECT] Aug 28, 2026 12:48:16 AM java.util.prefs.FileSystemPreferences checkLockFile0ErrorCode
2026-08-28 00:48:16,572 [ERROR] LogOutputStream:75 - [STDERR_REDIRECT] WARNING: Could not lock System prefs. Unix error code 0.
2026-08-28 00:48:16,573 [ERROR] LogOutputStream:75 - [STDERR_REDIRECT] 
2026-08-28 00:48:16,573 [ERROR] LogOutputStream:75 - [STDERR_REDIRECT] Aug 28, 2026 12:48:16 AM java.util.prefs.FileSystemPreferences syncWorld
2026-08-28 00:48:16,573 [ERROR] LogOutputStream:75 - [STDERR_REDIRECT] WARNING: Couldn't flush system prefs: java.util.prefs.BackingStoreException: Couldn't get file lock.
2026-08-28 00:48:16,573 [ERROR] LogOutputStream:75 - [STDERR_REDIRECT] 
2026-08-28 00:48:46,573 [ERROR] LogOutputStream:75 - [STDERR_REDIRECT] Aug 28, 2026 12:48:46 AM java.util.prefs.FileSystemPreferences checkLockFile0ErrorCode
2026-08-28 00:48:46,573 [ERROR] LogOutputStream:75 - [STDERR_REDIRECT] WARNING: Could not lock System prefs. Unix error code 0.
2026-08-28 00:48:46,573 [ERROR] LogOutputStream:75 - [STDERR_REDIRECT] 
2026-08-28 00:48:46,574 [ERROR] LogOutputStream:75 - [STDERR_REDIRECT] Aug 28, 2026 12:48:46 AM java.util.prefs.FileSystemPreferences syncWorld
2026-08-28 00:48:46,574 [ERROR] LogOutputStream:75 - [STDERR_REDIRECT] WARNING: Couldn't flush system prefs: java.util.prefs.BackingStoreException: Couldn't get file lock.
2026-08-28 00:48:46,574 [ERROR] LogOutputStream:75 - [STDERR_REDIRECT] 
2026-08-28 00:49:16,572 [ERROR] LogOutputStream:75 - [STDERR_REDIRECT] Aug 28, 2026 12:49:16 AM java.util.prefs.FileSystemPreferences checkLockFile0ErrorCode
2026-08-28 00:49:16,572 [ERROR] LogOutputStream:75 - [STDERR_REDIRECT] WARNING: Could not lock System prefs. Unix error code 0.
2026-08-28 00:49:16,572 [ERROR] LogOutputStream:75 - [STDERR_REDIRECT] 
2026-08-28 00:49:16,573 [ERROR] LogOutputStream:75 - [STDERR_REDIRECT] Aug 28, 2026 12:49:16 AM java.util.prefs.FileSystemPreferences syncWorld
2026-08-28 00:49:16,573 [ERROR] LogOutputStream:75 - [STDERR_REDIRECT] WARNING: Couldn't flush system prefs: java.util.prefs.BackingStoreException: Couldn't get file lock.
2026-08-28 00:49:16,573 [ERROR] LogOutputStream:75 - [STDERR_REDIRECT] 
2026-08-28 00:49:46,572 [ERROR] LogOutputStream:75 - [STDERR_REDIRECT] Aug 28, 2026 12:49:46 AM java.util.prefs.FileSystemPreferences checkLockFile0ErrorCode
2026-08-28 00:49:46,572 [ERROR] LogOutputStream:75 - [STDERR_REDIRECT] WARNING: Could not lock System prefs. Unix error code 0.
2026-08-28 00:49:46,572 [ERROR] LogOutputStream:75 - [STDERR_REDIRECT] 
2026-08-28 00:49:46,572 [ERROR] LogOutputStream:75 - [STDERR_REDIRECT] Aug 28, 2026 12:49:46 AM java.util.prefs.FileSystemPreferences syncWorld
2026-08-28 00:49:46,573 [ERROR] LogOutputStream:75 - [STDERR_REDIRECT] WARNING: Couldn't flush system prefs: java.util.prefs.BackingStoreException: Couldn't get file lock.
2026-08-28 00:49:46,573 [ERROR] LogOutputStream:75 - [STDERR_REDIRECT] 
2026-08-28 00:50:16,572 [ERROR] LogOutputStream:75 - [STDERR_REDIRECT] Aug 28, 2026 12:50:16 AM java.util.prefs.FileSystemPreferences checkLockFile0ErrorCode
2026-08-28 00:50:16,572 [ERROR] LogOutputStream:75 - [STDERR_REDIRECT] WARNING: Could not lock System prefs. Unix error code 0.
2026-08-28 00:50:16,572 [ERROR] LogOutputStream:75 - [STDERR_REDIRECT] 
2026-08-28 00:50:16,573 [ERROR] LogOutputStream:75 - [STDERR_REDIRECT] Aug 28, 2026 12:50:16 AM java.util.prefs.FileSystemPreferences syncWorld
2026-08-28 00:50:16,573 [ERROR] LogOutputStream:75 - [STDERR_REDIRECT] WARNING: Couldn't flush system prefs: java.util.prefs.BackingStoreException: Couldn't get file lock.
2026-08-28 00:50:16,573 [ERROR] LogOutputStream:75 - [STDERR_REDIRECT] 
2026-08-28 00:50:46,572 [ERROR] LogOutputStream:75 - [STDERR_REDIRECT] Aug 28, 2026 12:50:46 AM java.util.prefs.FileSystemPreferences checkLockFile0ErrorCode
2026-08-28 00:50:46,573 [ERROR] LogOutputStream:75 - [STDERR_REDIRECT] WARNING: Could not lock System prefs. Unix error code 0.
2026-08-28 00:50:46,573 [ERROR] LogOutputStream:75 - [STDERR_REDIRECT] 
2026-08-28 00:50:46,573 [ERROR] LogOutputStream:75 - [STDERR_REDIRECT] Aug 28, 2026 12:50:46 AM java.util.prefs.FileSystemPreferences syncWorld
2026-08-28 00:50:46,573 [ERROR] LogOutputStream:75 - [STDERR_REDIRECT] WARNING: Couldn't flush system prefs: java.util.prefs.BackingStoreException: Couldn't get file lock.
2026-08-28 00:50:46,573 [ERROR] LogOutputStream:75 - [STDERR_REDIRECT] 
2026-08-28 00:51:16,573 [ERROR] LogOutputStream:75 - [STDERR_REDIRECT] Aug 28, 2026 12:51:16 AM java.util.prefs.FileSystemPreferences checkLockFile0ErrorCode
2026-08-28 00:51:16,573 [ERROR] LogOutputStream:75 - [STDERR_REDIRECT] WARNING: Could not lock System prefs. Unix error code 0.
2026-08-28 00:51:16,574 [ERROR] LogOutputStream:75 - [STDERR_REDIRECT] 
2026-08-28 00:51:16,574 [ERROR] LogOutputStream:75 - [STDERR_REDIRECT] Aug 28, 2026 12:51:16 AM java.util.prefs.FileSystemPreferences syncWorld
2026-08-28 00:51:16,574 [ERROR] LogOutputStream:75 - [STDERR_REDIRECT] WARNING: Couldn't flush system prefs: java.util.prefs.BackingStoreException: Couldn't get file lock.
2026-08-28 00:51:16,574 [ERROR] LogOutputStream:75 - [STDERR_REDIRECT] 
2026-08-28 00:51:46,574 [ERROR] LogOutputStream:75 - [STDERR_REDIRECT] Aug 28, 2026 12:51:46 AM java.util.prefs.FileSystemPreferences checkLockFile0ErrorCode
2026-08-28 00:51:46,574 [ERROR] LogOutputStream:75 - [STDERR_REDIRECT] WARNING: Could not lock System prefs. Unix error code 0.
2026-08-28 00:51:46,574 [ERROR] LogOutputStream:75 - [STDERR_REDIRECT] 
2026-08-28 00:51:46,574 [ERROR] LogOutputStream:75 - [STDERR_REDIRECT] Aug 28, 2026 12:51:46 AM java.util.prefs.FileSystemPreferences syncWorld
2026-08-28 00:51:46,574 [ERROR] LogOutputStream:75 - [STDERR_REDIRECT] WARNING: Couldn't flush system prefs: java.util.prefs.BackingStoreException: Couldn't get file lock.
2026-08-28 00:51:46,574 [ERROR] LogOutputStream:75 - [STDERR_REDIRECT] 
2026-08-28 00:52:16,574 [ERROR] LogOutputStream:75 - [STDERR_REDIRECT] Aug 28, 2026 12:52:16 AM java.util.prefs.FileSystemPreferences checkLockFile0ErrorCode
2026-08-28 00:52:16,574 [ERROR] LogOutputStream:75 - [STDERR_REDIRECT] WARNING: Could not lock System prefs. Unix error code 0.
2026-08-28 00:52:16,575 [ERROR] LogOutputStream:75 - [STDERR_REDIRECT] 
2026-08-28 00:52:16,575 [ERROR] LogOutputStream:75 - [STDERR_REDIRECT] Aug 28, 2026 12:52:16 AM java.util.prefs.FileSystemPreferences syncWorld
2026-08-28 00:52:16,575 [ERROR] LogOutputStream:75 - [STDERR_REDIRECT] WARNING: Couldn't flush system prefs: java.util.prefs.BackingStoreException: Couldn't get file lock.
2026-08-28 00:52:16,575 [ERROR] LogOutputStream:75 - [STDERR_REDIRECT] 
2026-08-28 00:52:46,574 [ERROR] LogOutputStream:75 - [STDERR_REDIRECT] Aug 28, 2026 12:52:46 AM java.util.prefs.FileSystemPreferences checkLockFile0ErrorCode
2026-08-28 00:52:46,575 [ERROR] LogOutputStream:75 - [STDERR_REDIRECT] WARNING: Could not lock System prefs. Unix error code 0.
2026-08-28 00:52:46,575 [ERROR] LogOutputStream:75 - [STDERR_REDIRECT] 
2026-08-28 00:52:46,575 [ERROR] LogOutputStream:75 - [STDERR_REDIRECT] Aug 28, 2026 12:52:46 AM java.util.prefs.FileSystemPreferences syncWorld
2026-08-28 00:52:46,575 [ERROR] LogOutputStream:75 - [STDERR_REDIRECT] WARNING: Couldn't flush system prefs: java.util.prefs.BackingStoreException: Couldn't get file lock.
2026-08-28 00:52:46,575 [ERROR] LogOutputStream:75 - [STDERR_REDIRECT] 
2026-08-28 00:53:16,575 [ERROR] LogOutputStream:75 - [STDERR_REDIRECT] Aug 28, 2026 12:53:16 AM java.util.prefs.FileSystemPreferences checkLockFile0ErrorCode
2026-08-28 00:53:16,575 [ERROR] LogOutputStream:75 - [STDERR_REDIRECT] WARNING: Could not lock System prefs. Unix error code 0.
2026-08-28 00:53:16,575 [ERROR] LogOutputStream:75 - [STDERR_REDIRECT] 
2026-08-28 00:53:16,575 [ERROR] LogOutputStream:75 - [STDERR_REDIRECT] Aug 28, 2026 12:53:16 AM java.util.prefs.FileSystemPreferences syncWorld
2026-08-28 00:53:16,576 [ERROR] LogOutputStream:75 - [STDERR_REDIRECT] WARNING: Couldn't flush system prefs: java.util.prefs.BackingStoreException: Couldn't get file lock.
2026-08-28 00:53:16,576 [ERROR] LogOutputStream:75 - [STDERR_REDIRECT] 
2026-08-28 00:53:46,574 [ERROR] LogOutputStream:75 - [STDERR_REDIRECT] Aug 28, 2026 12:53:46 AM java.util.prefs.FileSystemPreferences checkLockFile0ErrorCode
2026-08-28 00:53:46,575 [ERROR] LogOutputStream:75 - [STDERR_REDIRECT] WARNING: Could not lock System prefs. Unix error code 0.
2026-08-28 00:53:46,575 [ERROR] LogOutputStream:75 - [STDERR_REDIRECT] 
2026-08-28 00:53:46,575 [ERROR] LogOutputStream:75 - [STDERR_REDIRECT] Aug 28, 2026 12:53:46 AM java.util.prefs.FileSystemPreferences syncWorld
2026-08-28 00:53:46,575 [ERROR] LogOutputStream:75 - [STDERR_REDIRECT] WARNING: Couldn't flush system prefs: java.util.prefs.BackingStoreException: Couldn't get file lock.
2026-08-28 00:53:46,575 [ERROR] LogOutputStream:75 - [STDERR_REDIRECT] 
2026-08-28 00:54:16,575 [ERROR] LogOutputStream:75 - [STDERR_REDIRECT] Aug 28, 2026 12:54:16 AM java.util.prefs.FileSystemPreferences checkLockFile0ErrorCode
2026-08-28 00:54:16,575 [ERROR] LogOutputStream:75 - [STDERR_REDIRECT] WARNING: Could not lock System prefs. Unix error code 0.
2026-08-28 00:54:16,575 [ERROR] LogOutputStream:75 - [STDERR_REDIRECT] 
2026-08-28 00:54:16,576 [ERROR] LogOutputStream:75 - [STDERR_REDIRECT] Aug 28, 2026 12:54:16 AM java.util.prefs.FileSystemPreferences syncWorld
2026-08-28 00:54:16,576 [ERROR] LogOutputStream:75 - [STDERR_REDIRECT] WARNING: Couldn't flush system prefs: java.util.prefs.BackingStoreException: Couldn't get file lock.
2026-08-28 00:54:16,576 [ERROR] LogOutputStream:75 - [STDERR_REDIRECT] 
2026-08-28 00:54:46,575 [ERROR] LogOutputStream:75 - [STDERR_REDIRECT] Aug 28, 2026 12:54:46 AM java.util.prefs.FileSystemPreferences checkLockFile0ErrorCode
2026-08-28 00:54:46,575 [ERROR] LogOutputStream:75 - [STDERR_REDIRECT] WARNING: Could not lock System prefs. Unix error code 0.
2026-08-28 00:54:46,576 [ERROR] LogOutputStream:75 - [STDERR_REDIRECT] 
2026-08-28 00:54:46,576 [ERROR] LogOutputStream:75 - [STDERR_REDIRECT] Aug 28, 2026 12:54:46 AM java.util.prefs.FileSystemPreferences syncWorld
2026-08-28 00:54:46,576 [ERROR] LogOutputStream:75 - [STDERR_REDIRECT] WARNING: Couldn't flush system prefs: java.util.prefs.BackingStoreException: Couldn't get file lock.
2026-08-28 00:54:46,576 [ERROR] LogOutputStream:75 - [STDERR_REDIRECT] 
2026-08-28 00:55:16,576 [ERROR] LogOutputStream:75 - [STDERR_REDIRECT] Aug 28, 2026 12:55:16 AM java.util.prefs.FileSystemPreferences checkLockFile0ErrorCode
2026-08-28 00:55:16,576 [ERROR] LogOutputStream:75 - [STDERR_REDIRECT] WARNING: Could not lock System prefs. Unix error code 0.
2026-08-28 00:55:16,576 [ERROR] LogOutputStream:75 - [STDERR_REDIRECT] 
2026-08-28 00:55:16,577 [ERROR] LogOutputStream:75 - [STDERR_REDIRECT] Aug 28, 2026 12:55:16 AM java.util.prefs.FileSystemPreferences syncWorld
2026-08-28 00:55:16,577 [ERROR] LogOutputStream:75 - [STDERR_REDIRECT] WARNING: Couldn't flush system prefs: java.util.prefs.BackingStoreException: Couldn't get file lock.
2026-08-28 00:55:16,577 [ERROR] LogOutputStream:75 - [STDERR_REDIRECT] 
2026-08-28 00:55:46,575 [ERROR] LogOutputStream:75 - [STDERR_REDIRECT] Aug 28, 2026 12:55:46 AM java.util.prefs.FileSystemPreferences checkLockFile0ErrorCode
2026-08-28 00:55:46,576 [ERROR] LogOutputStream:75 - [STDERR_REDIRECT] WARNING: Could not lock System prefs. Unix error code 0.
2026-08-28 00:55:46,576 [ERROR] LogOutputStream:75 - [STDERR_REDIRECT] 
2026-08-28 00:55:46,576 [ERROR] LogOutputStream:75 - [STDERR_REDIRECT] Aug 28, 2026 12:55:46 AM java.util.prefs.FileSystemPreferences syncWorld
2026-08-28 00:55:46,576 [ERROR] LogOutputStream:75 - [STDERR_REDIRECT] WARNING: Couldn't flush system prefs: java.util.prefs.BackingStoreException: Couldn't get file lock.
2026-08-28 00:55:46,576 [ERROR] LogOutputStream:75 - [STDERR_REDIRECT] 
2026-08-28 00:56:16,576 [ERROR] LogOutputStream:75 - [STDERR_REDIRECT] Aug 28, 2026 12:56:16 AM java.util.prefs.FileSystemPreferences checkLockFile0ErrorCode
2026-08-28 00:56:16,576 [ERROR] LogOutputStream:75 - [STDERR_REDIRECT] WARNING: Could not lock System prefs. Unix error code 0.
2026-08-28 00:56:16,576 [ERROR] LogOutputStream:75 - [STDERR_REDIRECT] 
2026-08-28 00:56:16,576 [ERROR] LogOutputStream:75 - [STDERR_REDIRECT] Aug 28, 2026 12:56:16 AM java.util.prefs.FileSystemPreferences syncWorld
2026-08-28 00:56:16,576 [ERROR] LogOutputStream:75 - [STDERR_REDIRECT] WARNING: Couldn't flush system prefs: java.util.prefs.BackingStoreException: Couldn't get file lock.
2026-08-28 00:56:16,576 [ERROR] LogOutputStream:75 - [STDERR_REDIRECT] 
2026-08-28 00:56:46,577 [ERROR] LogOutputStream:75 - [STDERR_REDIRECT] Aug 28, 2026 12:56:46 AM java.util.prefs.FileSystemPreferences checkLockFile0ErrorCode
2026-08-28 00:56:46,577 [ERROR] LogOutputStream:75 - [STDERR_REDIRECT] WARNING: Could not lock System prefs. Unix error code 0.
2026-08-28 00:56:46,577 [ERROR] LogOutputStream:75 - [STDERR_REDIRECT] 
2026-08-28 00:56:46,578 [ERROR] LogOutputStream:75 - [STDERR_REDIRECT] Aug 28, 2026 12:56:46 AM java.util.prefs.FileSystemPreferences syncWorld
2026-08-28 00:56:46,578 [ERROR] LogOutputStream:75 - [STDERR_REDIRECT] WARNING: Couldn't flush system prefs: java.util.prefs.BackingStoreException: Couldn't get file lock.
2026-08-28 00:56:46,578 [ERROR] LogOutputStream:75 - [STDERR_REDIRECT] 
2026-08-28 00:57:16,577 [ERROR] LogOutputStream:75 - [STDERR_REDIRECT] Aug 28, 2026 12:57:16 AM java.util.prefs.FileSystemPreferences checkLockFile0ErrorCode
2026-08-28 00:57:16,577 [ERROR] LogOutputStream:75 - [STDERR_REDIRECT] WARNING: Could not lock System prefs. Unix error code 0.
2026-08-28 00:57:16,577 [ERROR] LogOutputStream:75 - [STDERR_REDIRECT] 
2026-08-28 00:57:16,577 [ERROR] LogOutputStream:75 - [STDERR_REDIRECT] Aug 28, 2026 12:57:16 AM java.util.prefs.FileSystemPreferences syncWorld
2026-08-28 00:57:16,578 [ERROR] LogOutputStream:75 - [STDERR_REDIRECT] WARNING: Couldn't flush system prefs: java.util.prefs.BackingStoreException: Couldn't get file lock.
2026-08-28 00:57:16,578 [ERROR] LogOutputStream:75 - [STDERR_REDIRECT] 
2026-08-28 00:57:46,577 [ERROR] LogOutputStream:75 - [STDERR_REDIRECT] Aug 28, 2026 12:57:46 AM java.util.prefs.FileSystemPreferences checkLockFile0ErrorCode
2026-08-28 00:57:46,577 [ERROR] LogOutputStream:75 - [STDERR_REDIRECT] WARNING: Could not lock System prefs. Unix error code 0.
2026-08-28 00:57:46,578 [ERROR] LogOutputStream:75 - [STDERR_REDIRECT] 
2026-08-28 00:57:46,578 [ERROR] LogOutputStream:75 - [STDERR_REDIRECT] Aug 28, 2026 12:57:46 AM java.util.prefs.FileSystemPreferences syncWorld
2026-08-28 00:57:46,578 [ERROR] LogOutputStream:75 - [STDERR_REDIRECT] WARNING: Couldn't flush system prefs: java.util.prefs.BackingStoreException: Couldn't get file lock.
2026-08-28 00:57:46,578 [ERROR] LogOutputStream:75 - [STDERR_REDIRECT] 
2026-08-28 00:58:16,577 [ERROR] LogOutputStream:75 - [STDERR_REDIRECT] Aug 28, 2026 12:58:16 AM java.util.prefs.FileSystemPreferences checkLockFile0ErrorCode
2026-08-28 00:58:16,577 [ERROR] LogOutputStream:75 - [STDERR_REDIRECT] WARNING: Could not lock System prefs. Unix error code 0.
2026-08-28 00:58:16,578 [ERROR] LogOutputStream:75 - [STDERR_REDIRECT] 
2026-08-28 00:58:16,578 [ERROR] LogOutputStream:75 - [STDERR_REDIRECT] Aug 28, 2026 12:58:16 AM java.util.prefs.FileSystemPreferences syncWorld
2026-08-28 00:58:16,578 [ERROR] LogOutputStream:75 - [STDERR_REDIRECT] WARNING: Couldn't flush system prefs: java.util.prefs.BackingStoreException: Couldn't get file lock.
2026-08-28 00:58:16,578 [ERROR] LogOutputStream:75 - [STDERR_REDIRECT] 
2026-08-28 00:58:46,578 [ERROR] LogOutputStream:75 - [STDERR_REDIRECT] Aug 28, 2026 12:58:46 AM java.util.prefs.FileSystemPreferences checkLockFile0ErrorCode
2026-08-28 00:58:46,578 [ERROR] LogOutputStream:75 - [STDERR_REDIRECT] WARNING: Could not lock System prefs. Unix error code 0.
2026-08-28 00:58:46,578 [ERROR] LogOutputStream:75 - [STDERR_REDIRECT] 
2026-08-28 00:58:46,578 [ERROR] LogOutputStream:75 - [STDERR_REDIRECT] Aug 28, 2026 12:58:46 AM java.util.prefs.FileSystemPreferences syncWorld
2026-08-28 00:58:46,579 [ERROR] LogOutputStream:75 - [STDERR_REDIRECT] WARNING: Couldn't flush system prefs: java.util.prefs.BackingStoreException: Couldn't get file lock.
2026-08-28 00:58:46,579 [ERROR] LogOutputStream:75 - [STDERR_REDIRECT] 
2026-08-28 00:59:16,577 [ERROR] LogOutputStream:75 - [STDERR_REDIRECT] Aug 28, 2026 12:59:16 AM java.util.prefs.FileSystemPreferences checkLockFile0ErrorCode
2026-08-28 00:59:16,578 [ERROR] LogOutputStream:75 - [STDERR_REDIRECT] WARNING: Could not lock System prefs. Unix error code 0.
2026-08-28 00:59:16,578 [ERROR] LogOutputStream:75 - [STDERR_REDIRECT] 
2026-08-28 00:59:16,578 [ERROR] LogOutputStream:75 - [STDERR_REDIRECT] Aug 28, 2026 12:59:16 AM java.util.prefs.FileSystemPreferences syncWorld
2026-08-28 00:59:16,578 [ERROR] LogOutputStream:75 - [STDERR_REDIRECT] WARNING: Couldn't flush system prefs: java.util.prefs.BackingStoreException: Couldn't get file lock.
2026-08-28 00:59:16,578 [ERROR] LogOutputStream:75 - [STDERR_REDIRECT] 
2026-08-28 00:59:46,577 [ERROR] LogOutputStream:75 - [STDERR_REDIRECT] Aug 28, 2026 12:59:46 AM java.util.prefs.FileSystemPreferences checkLockFile0ErrorCode
2026-08-28 00:59:46,577 [ERROR] LogOutputStream:75 - [STDERR_REDIRECT] WARNING: Could not lock System prefs. Unix error code 0.
2026-08-28 00:59:46,578 [ERROR] LogOutputStream:75 - [STDERR_REDIRECT] 
2026-08-28 00:59:46,578 [ERROR] LogOutputStream:75 - [STDERR_REDIRECT] Aug 28, 2026 12:59:46 AM java.util.prefs.FileSystemPreferences syncWorld
2026-08-28 00:59:46,578 [ERROR] LogOutputStream:75 - [STDERR_REDIRECT] WARNING: Couldn't flush system prefs: java.util.prefs.BackingStoreException: Couldn't get file lock.
2026-08-28 00:59:46,578 [ERROR] LogOutputStream:75 - [STDERR_REDIRECT] 
2026-08-28 01:00:16,578 [ERROR] LogOutputStream:75 - [STDERR_REDIRECT] Aug 28, 2026 1:00:16 AM java.util.prefs.FileSystemPreferences checkLockFile0ErrorCode
2026-08-28 01:00:16,578 [ERROR] LogOutputStream:75 - [STDERR_REDIRECT] WARNING: Could not lock System prefs. Unix error code 0.
2026-08-28 01:00:16,578 [ERROR] LogOutputStream:75 - [STDERR_REDIRECT] 
2026-08-28 01:00:16,578 [ERROR] LogOutputStream:75 - [STDERR_REDIRECT] Aug 28, 2026 1:00:16 AM java.util.prefs.FileSystemPreferences syncWorld
2026-08-28 01:00:16,578 [ERROR] LogOutputStream:75 - [STDERR_REDIRECT] WARNING: Couldn't flush system prefs: java.util.prefs.BackingStoreException: Couldn't get file lock.
2026-08-28 01:00:16,578 [ERROR] LogOutputStream:75 - [STDERR_REDIRECT] 
2026-08-28 01:00:46,578 [ERROR] LogOutputStream:75 - [STDERR_REDIRECT] Aug 28, 2026 1:00:46 AM java.util.prefs.FileSystemPreferences checkLockFile0ErrorCode
2026-08-28 01:00:46,578 [ERROR] LogOutputStream:75 - [STDERR_REDIRECT] WARNING: Could not lock System prefs. Unix error code 0.
2026-08-28 01:00:46,579 [ERROR] LogOutputStream:75 - [STDERR_REDIRECT] 
2026-08-28 01:00:46,579 [ERROR] LogOutputStream:75 - [STDERR_REDIRECT] Aug 28, 2026 1:00:46 AM java.util.prefs.FileSystemPreferences syncWorld
2026-08-28 01:00:46,579 [ERROR] LogOutputStream:75 - [STDERR_REDIRECT] WARNING: Couldn't flush system prefs: java.util.prefs.BackingStoreException: Couldn't get file lock.
2026-08-28 01:00:46,579 [ERROR] LogOutputStream:75 - [STDERR_REDIRECT] 
2026-08-28 01:01:16,579 [ERROR] LogOutputStream:75 - [STDERR_REDIRECT] Aug 28, 2026 1:01:16 AM java.util.prefs.FileSystemPreferences checkLockFile0ErrorCode
2026-08-28 01:01:16,579 [ERROR] LogOutputStream:75 - [STDERR_REDIRECT] WARNING: Could not lock System prefs. Unix error code 0.
2026-08-28 01:01:16,579 [ERROR] LogOutputStream:75 - [STDERR_REDIRECT] 
2026-08-28 01:01:16,579 [ERROR] LogOutputStream:75 - [STDERR_REDIRECT] Aug 28, 2026 1:01:16 AM java.util.prefs.FileSystemPreferences syncWorld
2026-08-28 01:01:16,579 [ERROR] LogOutputStream:75 - [STDERR_REDIRECT] WARNING: Couldn't flush system prefs: java.util.prefs.BackingStoreException: Couldn't get file lock.
2026-08-28 01:01:16,579 [ERROR] LogOutputStream:75 - [STDERR_REDIRECT] 
2026-08-28 01:01:46,579 [ERROR] LogOutputStream:75 - [STDERR_REDIRECT] Aug 28, 2026 1:01:46 AM java.util.prefs.FileSystemPreferences checkLockFile0ErrorCode
2026-08-28 01:01:46,579 [ERROR] LogOutputStream:75 - [STDERR_REDIRECT] WARNING: Could not lock System prefs. Unix error code 0.
2026-08-28 01:01:46,579 [ERROR] LogOutputStream:75 - [STDERR_REDIRECT] 
2026-08-28 01:01:46,579 [ERROR] LogOutputStream:75 - [STDERR_REDIRECT] Aug 28, 2026 1:01:46 AM java.util.prefs.FileSystemPreferences syncWorld
2026-08-28 01:01:46,580 [ERROR] LogOutputStream:75 - [STDERR_REDIRECT] WARNING: Couldn't flush system prefs: java.util.prefs.BackingStoreException: Couldn't get file lock.
2026-08-28 01:01:46,580 [ERROR] LogOutputStream:75 - [STDERR_REDIRECT] 
2026-08-28 01:02:16,579 [ERROR] LogOutputStream:75 - [STDERR_REDIRECT] Aug 28, 2026 1:02:16 AM java.util.prefs.FileSystemPreferences checkLockFile0ErrorCode
2026-08-28 01:02:16,579 [ERROR] LogOutputStream:75 - [STDERR_REDIRECT] WARNING: Could not lock System prefs. Unix error code 0.
2026-08-28 01:02:16,579 [ERROR] LogOutputStream:75 - [STDERR_REDIRECT] 
2026-08-28 01:02:16,580 [ERROR] LogOutputStream:75 - [STDERR_REDIRECT] Aug 28, 2026 1:02:16 AM java.util.prefs.FileSystemPreferences syncWorld
2026-08-28 01:02:16,580 [ERROR] LogOutputStream:75 - [STDERR_REDIRECT] WARNING: Couldn't flush system prefs: java.util.prefs.BackingStoreException: Couldn't get file lock.
2026-08-28 01:02:16,580 [ERROR] LogOutputStream:75 - [STDERR_REDIRECT] 
2026-08-28 01:02:46,579 [ERROR] LogOutputStream:75 - [STDERR_REDIRECT] Aug 28, 2026 1:02:46 AM java.util.prefs.FileSystemPreferences checkLockFile0ErrorCode
2026-08-28 01:02:46,580 [ERROR] LogOutputStream:75 - [STDERR_REDIRECT] WARNING: Could not lock System prefs. Unix error code 0.
2026-08-28 01:02:46,580 [ERROR] LogOutputStream:75 - [STDERR_REDIRECT] 
2026-08-28 01:02:46,580 [ERROR] LogOutputStream:75 - [STDERR_REDIRECT] Aug 28, 2026 1:02:46 AM java.util.prefs.FileSystemPreferences syncWorld
2026-08-28 01:02:46,580 [ERROR] LogOutputStream:75 - [STDERR_REDIRECT] WARNING: Couldn't flush system prefs: java.util.prefs.BackingStoreException: Couldn't get file lock.
2026-08-28 01:02:46,580 [ERROR] LogOutputStream:75 - [STDERR_REDIRECT] 
2026-08-28 01:03:16,580 [ERROR] LogOutputStream:75 - [STDERR_REDIRECT] Aug 28, 2026 1:03:16 AM java.util.prefs.FileSystemPreferences checkLockFile0ErrorCode
2026-08-28 01:03:16,580 [ERROR] LogOutputStream:75 - [STDERR_REDIRECT] WARNING: Could not lock System prefs. Unix error code 0.
2026-08-28 01:03:16,580 [ERROR] LogOutputStream:75 - [STDERR_REDIRECT] 
2026-08-28 01:03:16,581 [ERROR] LogOutputStream:75 - [STDERR_REDIRECT] Aug 28, 2026 1:03:16 AM java.util.prefs.FileSystemPreferences syncWorld
2026-08-28 01:03:16,581 [ERROR] LogOutputStream:75 - [STDERR_REDIRECT] WARNING: Couldn't flush system prefs: java.util.prefs.BackingStoreException: Couldn't get file lock.
2026-08-28 01:03:16,581 [ERROR] LogOutputStream:75 - [STDERR_REDIRECT] 
2026-08-28 01:03:46,579 [ERROR] LogOutputStream:75 - [STDERR_REDIRECT] Aug 28, 2026 1:03:46 AM java.util.prefs.FileSystemPreferences checkLockFile0ErrorCode
2026-08-28 01:03:46,580 [ERROR] LogOutputStream:75 - [STDERR_REDIRECT] WARNING: Could not lock System prefs. Unix error code 0.
2026-08-28 01:03:46,580 [ERROR] LogOutputStream:75 - [STDERR_REDIRECT] 
2026-08-28 01:03:46,580 [ERROR] LogOutputStream:75 - [STDERR_REDIRECT] Aug 28, 2026 1:03:46 AM java.util.prefs.FileSystemPreferences syncWorld
2026-08-28 01:03:46,580 [ERROR] LogOutputStream:75 - [STDERR_REDIRECT] WARNING: Couldn't flush system prefs: java.util.prefs.BackingStoreException: Couldn't get file lock.
2026-08-28 01:03:46,580 [ERROR] LogOutputStream:75 - [STDERR_REDIRECT] 
2026-08-28 01:04:16,580 [ERROR] LogOutputStream:75 - [STDERR_REDIRECT] Aug 28, 2026 1:04:16 AM java.util.prefs.FileSystemPreferences checkLockFile0ErrorCode
2026-08-28 01:04:16,580 [ERROR] LogOutputStream:75 - [STDERR_REDIRECT] WARNING: Could not lock System prefs. Unix error code 0.
2026-08-28 01:04:16,580 [ERROR] LogOutputStream:75 - [STDERR_REDIRECT] 
2026-08-28 01:04:16,580 [ERROR] LogOutputStream:75 - [STDERR_REDIRECT] Aug 28, 2026 1:04:16 AM java.util.prefs.FileSystemPreferences syncWorld
2026-08-28 01:04:16,580 [ERROR] LogOutputStream:75 - [STDERR_REDIRECT] WARNING: Couldn't flush system prefs: java.util.prefs.BackingStoreException: Couldn't get file lock.
2026-08-28 01:04:16,580 [ERROR] LogOutputStream:75 - [STDERR_REDIRECT] 
2026-08-28 01:04:46,580 [ERROR] LogOutputStream:75 - [STDERR_REDIRECT] Aug 28, 2026 1:04:46 AM java.util.prefs.FileSystemPreferences checkLockFile0ErrorCode
2026-08-28 01:04:46,580 [ERROR] LogOutputStream:75 - [STDERR_REDIRECT] WARNING: Could not lock System prefs. Unix error code 0.
2026-08-28 01:04:46,580 [ERROR] LogOutputStream:75 - [STDERR_REDIRECT] 
2026-08-28 01:04:46,580 [ERROR] LogOutputStream:75 - [STDERR_REDIRECT] Aug 28, 2026 1:04:46 AM java.util.prefs.FileSystemPreferences syncWorld
2026-08-28 01:04:46,581 [ERROR] LogOutputStream:75 - [STDERR_REDIRECT] WARNING: Couldn't flush system prefs: java.util.prefs.BackingStoreException: Couldn't get file lock.
2026-08-28 01:04:46,581 [ERROR] LogOutputStream:75 - [STDERR_REDIRECT] 
2026-08-28 01:05:16,580 [ERROR] LogOutputStream:75 - [STDERR_REDIRECT] Aug 28, 2026 1:05:16 AM java.util.prefs.FileSystemPreferences checkLockFile0ErrorCode
2026-08-28 01:05:16,580 [ERROR] LogOutputStream:75 - [STDERR_REDIRECT] WARNING: Could not lock System prefs. Unix error code 0.
2026-08-28 01:05:16,580 [ERROR] LogOutputStream:75 - [STDERR_REDIRECT] 
2026-08-28 01:05:16,581 [ERROR] LogOutputStream:75 - [STDERR_REDIRECT] Aug 28, 2026 1:05:16 AM java.util.prefs.FileSystemPreferences syncWorld
2026-08-28 01:05:16,581 [ERROR] LogOutputStream:75 - [STDERR_REDIRECT] WARNING: Couldn't flush system prefs: java.util.prefs.BackingStoreException: Couldn't get file lock.
2026-08-28 01:05:16,581 [ERROR] LogOutputStream:75 - [STDERR_REDIRECT] 
2026-08-28 01:05:46,580 [ERROR] LogOutputStream:75 - [STDERR_REDIRECT] Aug 28, 2026 1:05:46 AM java.util.prefs.FileSystemPreferences checkLockFile0ErrorCode
2026-08-28 01:05:46,580 [ERROR] LogOutputStream:75 - [STDERR_REDIRECT] WARNING: Could not lock System prefs. Unix error code 0.
2026-08-28 01:05:46,580 [ERROR] LogOutputStream:75 - [STDERR_REDIRECT] 
2026-08-28 01:05:46,580 [ERROR] LogOutputStream:75 - [STDERR_REDIRECT] Aug 28, 2026 1:05:46 AM java.util.prefs.FileSystemPreferences syncWorld
2026-08-28 01:05:46,581 [ERROR] LogOutputStream:75 - [STDERR_REDIRECT] WARNING: Couldn't flush system prefs: java.util.prefs.BackingStoreException: Couldn't get file lock.
2026-08-28 01:05:46,581 [ERROR] LogOutputStream:75 - [STDERR_REDIRECT] 
2026-08-28 01:06:16,580 [ERROR] LogOutputStream:75 - [STDERR_REDIRECT] Aug 28, 2026 1:06:16 AM java.util.prefs.FileSystemPreferences checkLockFile0ErrorCode
2026-08-28 01:06:16,580 [ERROR] LogOutputStream:75 - [STDERR_REDIRECT] WARNING: Could not lock System prefs. Unix error code 0.
2026-08-28 01:06:16,580 [ERROR] LogOutputStream:75 - [STDERR_REDIRECT] 
2026-08-28 01:06:16,580 [ERROR] LogOutputStream:75 - [STDERR_REDIRECT] Aug 28, 2026 1:06:16 AM java.util.prefs.FileSystemPreferences syncWorld
2026-08-28 01:06:16,580 [ERROR] LogOutputStream:75 - [STDERR_REDIRECT] WARNING: Couldn't flush system prefs: java.util.prefs.BackingStoreException: Couldn't get file lock.
2026-08-28 01:06:16,580 [ERROR] LogOutputStream:75 - [STDERR_REDIRECT] 
2026-08-28 01:06:46,581 [ERROR] LogOutputStream:75 - [STDERR_REDIRECT] Aug 28, 2026 1:06:46 AM java.util.prefs.FileSystemPreferences checkLockFile0ErrorCode
2026-08-28 01:06:46,581 [ERROR] LogOutputStream:75 - [STDERR_REDIRECT] WARNING: Could not lock System prefs. Unix error code 0.
2026-08-28 01:06:46,581 [ERROR] LogOutputStream:75 - [STDERR_REDIRECT] 
2026-08-28 01:06:46,581 [ERROR] LogOutputStream:75 - [STDERR_REDIRECT] Aug 28, 2026 1:06:46 AM java.util.prefs.FileSystemPreferences syncWorld
2026-08-28 01:06:46,581 [ERROR] LogOutputStream:75 - [STDERR_REDIRECT] WARNING: Couldn't flush system prefs: java.util.prefs.BackingStoreException: Couldn't get file lock.
2026-08-28 01:06:46,581 [ERROR] LogOutputStream:75 - [STDERR_REDIRECT] 
2026-08-28 01:07:16,580 [ERROR] LogOutputStream:75 - [STDERR_REDIRECT] Aug 28, 2026 1:07:16 AM java.util.prefs.FileSystemPreferences checkLockFile0ErrorCode
2026-08-28 01:07:16,581 [ERROR] LogOutputStream:75 - [STDERR_REDIRECT] WARNING: Could not lock System prefs. Unix error code 0.
2026-08-28 01:07:16,581 [ERROR] LogOutputStream:75 - [STDERR_REDIRECT] 
2026-08-28 01:07:16,581 [ERROR] LogOutputStream:75 - [STDERR_REDIRECT] Aug 28, 2026 1:07:16 AM java.util.prefs.FileSystemPreferences syncWorld
2026-08-28 01:07:16,581 [ERROR] LogOutputStream:75 - [STDERR_REDIRECT] WARNING: Couldn't flush system prefs: java.util.prefs.BackingStoreException: Couldn't get file lock.
2026-08-28 01:07:16,581 [ERROR] LogOutputStream:75 - [STDERR_REDIRECT] 
2026-08-28 01:07:46,581 [ERROR] LogOutputStream:75 - [STDERR_REDIRECT] Aug 28, 2026 1:07:46 AM java.util.prefs.FileSystemPreferences checkLockFile0ErrorCode
2026-08-28 01:07:46,581 [ERROR] LogOutputStream:75 - [STDERR_REDIRECT] WARNING: Could not lock System prefs. Unix error code 0.
2026-08-28 01:07:46,581 [ERROR] LogOutputStream:75 - [STDERR_REDIRECT] 
2026-08-28 01:07:46,582 [ERROR] LogOutputStream:75 - [STDERR_REDIRECT] Aug 28, 2026 1:07:46 AM java.util.prefs.FileSystemPreferences syncWorld
2026-08-28 01:07:46,582 [ERROR] LogOutputStream:75 - [STDERR_REDIRECT] WARNING: Couldn't flush system prefs: java.util.prefs.BackingStoreException: Couldn't get file lock.
2026-08-28 01:07:46,582 [ERROR] LogOutputStream:75 - [STDERR_REDIRECT] 
2026-08-28 01:08:16,581 [ERROR] LogOutputStream:75 - [STDERR_REDIRECT] Aug 28, 2026 1:08:16 AM java.util.prefs.FileSystemPreferences checkLockFile0ErrorCode
2026-08-28 01:08:16,581 [ERROR] LogOutputStream:75 - [STDERR_REDIRECT] WARNING: Could not lock System prefs. Unix error code 0.
2026-08-28 01:08:16,581 [ERROR] LogOutputStream:75 - [STDERR_REDIRECT] 
2026-08-28 01:08:16,582 [ERROR] LogOutputStream:75 - [STDERR_REDIRECT] Aug 28, 2026 1:08:16 AM java.util.prefs.FileSystemPreferences syncWorld
2026-08-28 01:08:16,582 [ERROR] LogOutputStream:75 - [STDERR_REDIRECT] WARNING: Couldn't flush system prefs: java.util.prefs.BackingStoreException: Couldn't get file lock.
2026-08-28 01:08:16,582 [ERROR] LogOutputStream:75 - [STDERR_REDIRECT] 
2026-08-28 01:08:46,581 [ERROR] LogOutputStream:75 - [STDERR_REDIRECT] Aug 28, 2026 1:08:46 AM java.util.prefs.FileSystemPreferences checkLockFile0ErrorCode
2026-08-28 01:08:46,581 [ERROR] LogOutputStream:75 - [STDERR_REDIRECT] WARNING: Could not lock System prefs. Unix error code 0.
2026-08-28 01:08:46,581 [ERROR] LogOutputStream:75 - [STDERR_REDIRECT] 
2026-08-28 01:08:46,581 [ERROR] LogOutputStream:75 - [STDERR_REDIRECT] Aug 28, 2026 1:08:46 AM java.util.prefs.FileSystemPreferences syncWorld
2026-08-28 01:08:46,582 [ERROR] LogOutputStream:75 - [STDERR_REDIRECT] WARNING: Couldn't flush system prefs: java.util.prefs.BackingStoreException: Couldn't get file lock.
2026-08-28 01:08:46,582 [ERROR] LogOutputStream:75 - [STDERR_REDIRECT] 
2026-08-28 01:09:16,580 [ERROR] LogOutputStream:75 - [STDERR_REDIRECT] Aug 28, 2026 1:09:16 AM java.util.prefs.FileSystemPreferences checkLockFile0ErrorCode
2026-08-28 01:09:16,581 [ERROR] LogOutputStream:75 - [STDERR_REDIRECT] WARNING: Could not lock System prefs. Unix error code 0.
2026-08-28 01:09:16,581 [ERROR] LogOutputStream:75 - [STDERR_REDIRECT] 
2026-08-28 01:09:16,581 [ERROR] LogOutputStream:75 - [STDERR_REDIRECT] Aug 28, 2026 1:09:16 AM java.util.prefs.FileSystemPreferences syncWorld
2026-08-28 01:09:16,581 [ERROR] LogOutputStream:75 - [STDERR_REDIRECT] WARNING: Couldn't flush system prefs: java.util.prefs.BackingStoreException: Couldn't get file lock.
2026-08-28 01:09:16,581 [ERROR] LogOutputStream:75 - [STDERR_REDIRECT] 
2026-08-28 01:09:46,581 [ERROR] LogOutputStream:75 - [STDERR_REDIRECT] Aug 28, 2026 1:09:46 AM java.util.prefs.FileSystemPreferences checkLockFile0ErrorCode
2026-08-28 01:09:46,581 [ERROR] LogOutputStream:75 - [STDERR_REDIRECT] WARNING: Could not lock System prefs. Unix error code 0.
2026-08-28 01:09:46,581 [ERROR] LogOutputStream:75 - [STDERR_REDIRECT] 
2026-08-28 01:09:46,582 [ERROR] LogOutputStream:75 - [STDERR_REDIRECT] Aug 28, 2026 1:09:46 AM java.util.prefs.FileSystemPreferences syncWorld
2026-08-28 01:09:46,582 [ERROR] LogOutputStream:75 - [STDERR_REDIRECT] WARNING: Couldn't flush system prefs: java.util.prefs.BackingStoreException: Couldn't get file lock.
2026-08-28 01:09:46,582 [ERROR] LogOutputStream:75 - [STDERR_REDIRECT] 
2026-08-28 01:10:16,581 [ERROR] LogOutputStream:75 - [STDERR_REDIRECT] Aug 28, 2026 1:10:16 AM java.util.prefs.FileSystemPreferences checkLockFile0ErrorCode
2026-08-28 01:10:16,581 [ERROR] LogOutputStream:75 - [STDERR_REDIRECT] WARNING: Could not lock System prefs. Unix error code 0.
2026-08-28 01:10:16,581 [ERROR] LogOutputStream:75 - [STDERR_REDIRECT] 
2026-08-28 01:10:16,581 [ERROR] LogOutputStream:75 - [STDERR_REDIRECT] Aug 28, 2026 1:10:16 AM java.util.prefs.FileSystemPreferences syncWorld
2026-08-28 01:10:16,581 [ERROR] LogOutputStream:75 - [STDERR_REDIRECT] WARNING: Couldn't flush system prefs: java.util.prefs.BackingStoreException: Couldn't get file lock.
2026-08-28 01:10:16,581 [ERROR] LogOutputStream:75 - [STDERR_REDIRECT] 
2026-08-28 01:10:46,581 [ERROR] LogOutputStream:75 - [STDERR_REDIRECT] Aug 28, 2026 1:10:46 AM java.util.prefs.FileSystemPreferences checkLockFile0ErrorCode
2026-08-28 01:10:46,582 [ERROR] LogOutputStream:75 - [STDERR_REDIRECT] WARNING: Could not lock System prefs. Unix error code 0.
2026-08-28 01:10:46,582 [ERROR] LogOutputStream:75 - [STDERR_REDIRECT] 
2026-08-28 01:10:46,582 [ERROR] LogOutputStream:75 - [STDERR_REDIRECT] Aug 28, 2026 1:10:46 AM java.util.prefs.FileSystemPreferences syncWorld
2026-08-28 01:10:46,582 [ERROR] LogOutputStream:75 - [STDERR_REDIRECT] WARNING: Couldn't flush system prefs: java.util.prefs.BackingStoreException: Couldn't get file lock.
2026-08-28 01:10:46,582 [ERROR] LogOutputStream:75 - [STDERR_REDIRECT] 
2026-08-28 01:11:16,581 [ERROR] LogOutputStream:75 - [STDERR_REDIRECT] Aug 28, 2026 1:11:16 AM java.util.prefs.FileSystemPreferences checkLockFile0ErrorCode
2026-08-28 01:11:16,581 [ERROR] LogOutputStream:75 - [STDERR_REDIRECT] WARNING: Could not lock System prefs. Unix error code 0.
2026-08-28 01:11:16,582 [ERROR] LogOutputStream:75 - [STDERR_REDIRECT] 
2026-08-28 01:11:16,582 [ERROR] LogOutputStream:75 - [STDERR_REDIRECT] Aug 28, 2026 1:11:16 AM java.util.prefs.FileSystemPreferences syncWorld
2026-08-28 01:11:16,582 [ERROR] LogOutputStream:75 - [STDERR_REDIRECT] WARNING: Couldn't flush system prefs: java.util.prefs.BackingStoreException: Couldn't get file lock.
2026-08-28 01:11:16,582 [ERROR] LogOutputStream:75 - [STDERR_REDIRECT] 
2026-08-28 01:11:46,581 [ERROR] LogOutputStream:75 - [STDERR_REDIRECT] Aug 28, 2026 1:11:46 AM java.util.prefs.FileSystemPreferences checkLockFile0ErrorCode
2026-08-28 01:11:46,581 [ERROR] LogOutputStream:75 - [STDERR_REDIRECT] WARNING: Could not lock System prefs. Unix error code 0.
2026-08-28 01:11:46,581 [ERROR] LogOutputStream:75 - [STDERR_REDIRECT] 
2026-08-28 01:11:46,581 [ERROR] LogOutputStream:75 - [STDERR_REDIRECT] Aug 28, 2026 1:11:46 AM java.util.prefs.FileSystemPreferences syncWorld
2026-08-28 01:11:46,582 [ERROR] LogOutputStream:75 - [STDERR_REDIRECT] WARNING: Couldn't flush system prefs: java.util.prefs.BackingStoreException: Couldn't get file lock.
2026-08-28 01:11:46,582 [ERROR] LogOutputStream:75 - [STDERR_REDIRECT] 
2026-08-28 01:12:16,583 [ERROR] LogOutputStream:75 - [STDERR_REDIRECT] Aug 28, 2026 1:12:16 AM java.util.prefs.FileSystemPreferences checkLockFile0ErrorCode
2026-08-28 01:12:16,583 [ERROR] LogOutputStream:75 - [STDERR_REDIRECT] WARNING: Could not lock System prefs. Unix error code 0.
2026-08-28 01:12:16,583 [ERROR] LogOutputStream:75 - [STDERR_REDIRECT] 
2026-08-28 01:12:16,584 [ERROR] LogOutputStream:75 - [STDERR_REDIRECT] Aug 28, 2026 1:12:16 AM java.util.prefs.FileSystemPreferences syncWorld
2026-08-28 01:12:16,584 [ERROR] LogOutputStream:75 - [STDERR_REDIRECT] WARNING: Couldn't flush system prefs: java.util.prefs.BackingStoreException: Couldn't get file lock.
2026-08-28 01:12:16,584 [ERROR] LogOutputStream:75 - [STDERR_REDIRECT] 
2026-08-28 01:12:46,580 [ERROR] LogOutputStream:75 - [STDERR_REDIRECT] Aug 28, 2026 1:12:46 AM java.util.prefs.FileSystemPreferences checkLockFile0ErrorCode
2026-08-28 01:12:46,581 [ERROR] LogOutputStream:75 - [STDERR_REDIRECT] WARNING: Could not lock System prefs. Unix error code 0.
2026-08-28 01:12:46,581 [ERROR] LogOutputStream:75 - [STDERR_REDIRECT] 
2026-08-28 01:12:46,581 [ERROR] LogOutputStream:75 - [STDERR_REDIRECT] Aug 28, 2026 1:12:46 AM java.util.prefs.FileSystemPreferences syncWorld
2026-08-28 01:12:46,581 [ERROR] LogOutputStream:75 - [STDERR_REDIRECT] WARNING: Couldn't flush system prefs: java.util.prefs.BackingStoreException: Couldn't get file lock.
2026-08-28 01:12:46,581 [ERROR] LogOutputStream:75 - [STDERR_REDIRECT] 
2026-08-28 01:13:16,582 [ERROR] LogOutputStream:75 - [STDERR_REDIRECT] Aug 28, 2026 1:13:16 AM java.util.prefs.FileSystemPreferences checkLockFile0ErrorCode
2026-08-28 01:13:16,582 [ERROR] LogOutputStream:75 - [STDERR_REDIRECT] WARNING: Could not lock System prefs. Unix error code 0.
2026-08-28 01:13:16,582 [ERROR] LogOutputStream:75 - [STDERR_REDIRECT] 
2026-08-28 01:13:16,582 [ERROR] LogOutputStream:75 - [STDERR_REDIRECT] Aug 28, 2026 1:13:16 AM java.util.prefs.FileSystemPreferences syncWorld
2026-08-28 01:13:16,583 [ERROR] LogOutputStream:75 - [STDERR_REDIRECT] WARNING: Couldn't flush system prefs: java.util.prefs.BackingStoreException: Couldn't get file lock.
2026-08-28 01:13:16,583 [ERROR] LogOutputStream:75 - [STDERR_REDIRECT] 
2026-08-28 01:13:46,582 [ERROR] LogOutputStream:75 - [STDERR_REDIRECT] Aug 28, 2026 1:13:46 AM java.util.prefs.FileSystemPreferences checkLockFile0ErrorCode
2026-08-28 01:13:46,582 [ERROR] LogOutputStream:75 - [STDERR_REDIRECT] WARNING: Could not lock System prefs. Unix error code 0.
2026-08-28 01:13:46,582 [ERROR] LogOutputStream:75 - [STDERR_REDIRECT] 
2026-08-28 01:13:46,583 [ERROR] LogOutputStream:75 - [STDERR_REDIRECT] Aug 28, 2026 1:13:46 AM java.util.prefs.FileSystemPreferences syncWorld
2026-08-28 01:13:46,583 [ERROR] LogOutputStream:75 - [STDERR_REDIRECT] WARNING: Couldn't flush system prefs: java.util.prefs.BackingStoreException: Couldn't get file lock.
2026-08-28 01:13:46,583 [ERROR] LogOutputStream:75 - [STDERR_REDIRECT] 
2026-08-28 01:14:16,582 [ERROR] LogOutputStream:75 - [STDERR_REDIRECT] Aug 28, 2026 1:14:16 AM java.util.prefs.FileSystemPreferences checkLockFile0ErrorCode
2026-08-28 01:14:16,582 [ERROR] LogOutputStream:75 - [STDERR_REDIRECT] WARNING: Could not lock System prefs. Unix error code 0.
2026-08-28 01:14:16,582 [ERROR] LogOutputStream:75 - [STDERR_REDIRECT] 
2026-08-28 01:14:16,582 [ERROR] LogOutputStream:75 - [STDERR_REDIRECT] Aug 28, 2026 1:14:16 AM java.util.prefs.FileSystemPreferences syncWorld
2026-08-28 01:14:16,582 [ERROR] LogOutputStream:75 - [STDERR_REDIRECT] WARNING: Couldn't flush system prefs: java.util.prefs.BackingStoreException: Couldn't get file lock.
2026-08-28 01:14:16,584 [ERROR] LogOutputStream:75 - [STDERR_REDIRECT] 
2026-08-28 01:14:46,583 [ERROR] LogOutputStream:75 - [STDERR_REDIRECT] Aug 28, 2026 1:14:46 AM java.util.prefs.FileSystemPreferences checkLockFile0ErrorCode
2026-08-28 01:14:46,583 [ERROR] LogOutputStream:75 - [STDERR_REDIRECT] WARNING: Could not lock System prefs. Unix error code 0.
2026-08-28 01:14:46,583 [ERROR] LogOutputStream:75 - [STDERR_REDIRECT] 
2026-08-28 01:14:46,584 [ERROR] LogOutputStream:75 - [STDERR_REDIRECT] Aug 28, 2026 1:14:46 AM java.util.prefs.FileSystemPreferences syncWorld
2026-08-28 01:14:46,585 [ERROR] LogOutputStream:75 - [STDERR_REDIRECT] WARNING: Couldn't flush system prefs: java.util.prefs.BackingStoreException: Couldn't get file lock.
2026-08-28 01:14:46,585 [ERROR] LogOutputStream:75 - [STDERR_REDIRECT] 
2026-08-28 01:15:16,581 [ERROR] LogOutputStream:75 - [STDERR_REDIRECT] Aug 28, 2026 1:15:16 AM java.util.prefs.FileSystemPreferences checkLockFile0ErrorCode
2026-08-28 01:15:16,581 [ERROR] LogOutputStream:75 - [STDERR_REDIRECT] WARNING: Could not lock System prefs. Unix error code 0.
2026-08-28 01:15:16,581 [ERROR] LogOutputStream:75 - [STDERR_REDIRECT] 
2026-08-28 01:15:16,582 [ERROR] LogOutputStream:75 - [STDERR_REDIRECT] Aug 28, 2026 1:15:16 AM java.util.prefs.FileSystemPreferences syncWorld
2026-08-28 01:15:16,582 [ERROR] LogOutputStream:75 - [STDERR_REDIRECT] WARNING: Couldn't flush system prefs: java.util.prefs.BackingStoreException: Couldn't get file lock.
2026-08-28 01:15:16,583 [ERROR] LogOutputStream:75 - [STDERR_REDIRECT] 
2026-08-28 01:15:46,582 [ERROR] LogOutputStream:75 - [STDERR_REDIRECT] Aug 28, 2026 1:15:46 AM java.util.prefs.FileSystemPreferences checkLockFile0ErrorCode
2026-08-28 01:15:46,582 [ERROR] LogOutputStream:75 - [STDERR_REDIRECT] WARNING: Could not lock System prefs. Unix error code 0.
2026-08-28 01:15:46,582 [ERROR] LogOutputStream:75 - [STDERR_REDIRECT] 
2026-08-28 01:15:46,582 [ERROR] LogOutputStream:75 - [STDERR_REDIRECT] Aug 28, 2026 1:15:46 AM java.util.prefs.FileSystemPreferences syncWorld
2026-08-28 01:15:46,582 [ERROR] LogOutputStream:75 - [STDERR_REDIRECT] WARNING: Couldn't flush system prefs: java.util.prefs.BackingStoreException: Couldn't get file lock.
2026-08-28 01:15:46,582 [ERROR] LogOutputStream:75 - [STDERR_REDIRECT] 
2026-08-28 01:16:16,585 [ERROR] LogOutputStream:75 - [STDERR_REDIRECT] Aug 28, 2026 1:16:16 AM java.util.prefs.FileSystemPreferences checkLockFile0ErrorCode
2026-08-28 01:16:16,586 [ERROR] LogOutputStream:75 - [STDERR_REDIRECT] WARNING: Could not lock System prefs. Unix error code 0.
2026-08-28 01:16:16,586 [ERROR] LogOutputStream:75 - [STDERR_REDIRECT] 
2026-08-28 01:16:16,586 [ERROR] LogOutputStream:75 - [STDERR_REDIRECT] Aug 28, 2026 1:16:16 AM java.util.prefs.FileSystemPreferences syncWorld
2026-08-28 01:16:16,588 [ERROR] LogOutputStream:75 - [STDERR_REDIRECT] WARNING: Couldn't flush system prefs: java.util.prefs.BackingStoreException: Couldn't get file lock.
2026-08-28 01:16:16,588 [ERROR] LogOutputStream:75 - [STDERR_REDIRECT] 
2026-08-28 01:16:46,582 [ERROR] LogOutputStream:75 - [STDERR_REDIRECT] Aug 28, 2026 1:16:46 AM java.util.prefs.FileSystemPreferences checkLockFile0ErrorCode
2026-08-28 01:16:46,582 [ERROR] LogOutputStream:75 - [STDERR_REDIRECT] WARNING: Could not lock System prefs. Unix error code 0.
2026-08-28 01:16:46,582 [ERROR] LogOutputStream:75 - [STDERR_REDIRECT] 
2026-08-28 01:16:46,583 [ERROR] LogOutputStream:75 - [STDERR_REDIRECT] Aug 28, 2026 1:16:46 AM java.util.prefs.FileSystemPreferences syncWorld
2026-08-28 01:16:46,583 [ERROR] LogOutputStream:75 - [STDERR_REDIRECT] WARNING: Couldn't flush system prefs: java.util.prefs.BackingStoreException: Couldn't get file lock.
2026-08-28 01:16:46,583 [ERROR] LogOutputStream:75 - [STDERR_REDIRECT] 
2026-08-28 01:17:16,582 [ERROR] LogOutputStream:75 - [STDERR_REDIRECT] Aug 28, 2026 1:17:16 AM java.util.prefs.FileSystemPreferences checkLockFile0ErrorCode
2026-08-28 01:17:16,582 [ERROR] LogOutputStream:75 - [STDERR_REDIRECT] WARNING: Could not lock System prefs. Unix error code 0.
2026-08-28 01:17:16,583 [ERROR] LogOutputStream:75 - [STDERR_REDIRECT] 
2026-08-28 01:17:16,583 [ERROR] LogOutputStream:75 - [STDERR_REDIRECT] Aug 28, 2026 1:17:16 AM java.util.prefs.FileSystemPreferences syncWorld
2026-08-28 01:17:16,583 [ERROR] LogOutputStream:75 - [STDERR_REDIRECT] WARNING: Couldn't flush system prefs: java.util.prefs.BackingStoreException: Couldn't get file lock.
2026-08-28 01:17:16,583 [ERROR] LogOutputStream:75 - [STDERR_REDIRECT] 
2026-08-28 01:17:46,583 [ERROR] LogOutputStream:75 - [STDERR_REDIRECT] Aug 28, 2026 1:17:46 AM java.util.prefs.FileSystemPreferences checkLockFile0ErrorCode
2026-08-28 01:17:46,583 [ERROR] LogOutputStream:75 - [STDERR_REDIRECT] WARNING: Could not lock System prefs. Unix error code 0.
2026-08-28 01:17:46,583 [ERROR] LogOutputStream:75 - [STDERR_REDIRECT] 
2026-08-28 01:17:46,583 [ERROR] LogOutputStream:75 - [STDERR_REDIRECT] Aug 28, 2026 1:17:46 AM java.util.prefs.FileSystemPreferences syncWorld
2026-08-28 01:17:46,583 [ERROR] LogOutputStream:75 - [STDERR_REDIRECT] WARNING: Couldn't flush system prefs: java.util.prefs.BackingStoreException: Couldn't get file lock.
2026-08-28 01:17:46,584 [ERROR] LogOutputStream:75 - [STDERR_REDIRECT] 
2026-08-28 01:18:16,582 [ERROR] LogOutputStream:75 - [STDERR_REDIRECT] Aug 28, 2026 1:18:16 AM java.util.prefs.FileSystemPreferences checkLockFile0ErrorCode
2026-08-28 01:18:16,582 [ERROR] LogOutputStream:75 - [STDERR_REDIRECT] WARNING: Could not lock System prefs. Unix error code 0.
2026-08-28 01:18:16,582 [ERROR] LogOutputStream:75 - [STDERR_REDIRECT] 
2026-08-28 01:18:16,583 [ERROR] LogOutputStream:75 - [STDERR_REDIRECT] Aug 28, 2026 1:18:16 AM java.util.prefs.FileSystemPreferences syncWorld
2026-08-28 01:18:16,583 [ERROR] LogOutputStream:75 - [STDERR_REDIRECT] WARNING: Couldn't flush system prefs: java.util.prefs.BackingStoreException: Couldn't get file lock.
2026-08-28 01:18:16,583 [ERROR] LogOutputStream:75 - [STDERR_REDIRECT] 
2026-08-28 01:18:46,582 [ERROR] LogOutputStream:75 - [STDERR_REDIRECT] Aug 28, 2026 1:18:46 AM java.util.prefs.FileSystemPreferences checkLockFile0ErrorCode
2026-08-28 01:18:46,582 [ERROR] LogOutputStream:75 - [STDERR_REDIRECT] WARNING: Could not lock System prefs. Unix error code 0.
2026-08-28 01:18:46,582 [ERROR] LogOutputStream:75 - [STDERR_REDIRECT] 
2026-08-28 01:18:46,582 [ERROR] LogOutputStream:75 - [STDERR_REDIRECT] Aug 28, 2026 1:18:46 AM java.util.prefs.FileSystemPreferences syncWorld
2026-08-28 01:18:46,583 [ERROR] LogOutputStream:75 - [STDERR_REDIRECT] WARNING: Couldn't flush system prefs: java.util.prefs.BackingStoreException: Couldn't get file lock.
2026-08-28 01:18:46,583 [ERROR] LogOutputStream:75 - [STDERR_REDIRECT] 
2026-08-28 01:19:16,582 [ERROR] LogOutputStream:75 - [STDERR_REDIRECT] Aug 28, 2026 1:19:16 AM java.util.prefs.FileSystemPreferences checkLockFile0ErrorCode
2026-08-28 01:19:16,582 [ERROR] LogOutputStream:75 - [STDERR_REDIRECT] WARNING: Could not lock System prefs. Unix error code 0.
2026-08-28 01:19:16,583 [ERROR] LogOutputStream:75 - [STDERR_REDIRECT] 
2026-08-28 01:19:16,583 [ERROR] LogOutputStream:75 - [STDERR_REDIRECT] Aug 28, 2026 1:19:16 AM java.util.prefs.FileSystemPreferences syncWorld
2026-08-28 01:19:16,583 [ERROR] LogOutputStream:75 - [STDERR_REDIRECT] WARNING: Couldn't flush system prefs: java.util.prefs.BackingStoreException: Couldn't get file lock.
2026-08-28 01:19:16,583 [ERROR] LogOutputStream:75 - [STDERR_REDIRECT] 
2026-08-28 01:19:46,583 [ERROR] LogOutputStream:75 - [STDERR_REDIRECT] Aug 28, 2026 1:19:46 AM java.util.prefs.FileSystemPreferences checkLockFile0ErrorCode
2026-08-28 01:19:46,583 [ERROR] LogOutputStream:75 - [STDERR_REDIRECT] WARNING: Could not lock System prefs. Unix error code 0.
2026-08-28 01:19:46,583 [ERROR] LogOutputStream:75 - [STDERR_REDIRECT] 
2026-08-28 01:19:46,583 [ERROR] LogOutputStream:75 - [STDERR_REDIRECT] Aug 28, 2026 1:19:46 AM java.util.prefs.FileSystemPreferences syncWorld
2026-08-28 01:19:46,584 [ERROR] LogOutputStream:75 - [STDERR_REDIRECT] WARNING: Couldn't flush system prefs: java.util.prefs.BackingStoreException: Couldn't get file lock.
2026-08-28 01:19:46,584 [ERROR] LogOutputStream:75 - [STDERR_REDIRECT] 
2026-08-28 01:20:16,582 [ERROR] LogOutputStream:75 - [STDERR_REDIRECT] Aug 28, 2026 1:20:16 AM java.util.prefs.FileSystemPreferences checkLockFile0ErrorCode
2026-08-28 01:20:16,582 [ERROR] LogOutputStream:75 - [STDERR_REDIRECT] WARNING: Could not lock System prefs. Unix error code 0.
2026-08-28 01:20:16,583 [ERROR] LogOutputStream:75 - [STDERR_REDIRECT] 
2026-08-28 01:20:16,583 [ERROR] LogOutputStream:75 - [STDERR_REDIRECT] Aug 28, 2026 1:20:16 AM java.util.prefs.FileSystemPreferences syncWorld
2026-08-28 01:20:16,583 [ERROR] LogOutputStream:75 - [STDERR_REDIRECT] WARNING: Couldn't flush system prefs: java.util.prefs.BackingStoreException: Couldn't get file lock.
2026-08-28 01:20:16,583 [ERROR] LogOutputStream:75 - [STDERR_REDIRECT] 
2026-08-28 01:20:46,583 [ERROR] LogOutputStream:75 - [STDERR_REDIRECT] Aug 28, 2026 1:20:46 AM java.util.prefs.FileSystemPreferences checkLockFile0ErrorCode
2026-08-28 01:20:46,583 [ERROR] LogOutputStream:75 - [STDERR_REDIRECT] WARNING: Could not lock System prefs. Unix error code 0.
2026-08-28 01:20:46,583 [ERROR] LogOutputStream:75 - [STDERR_REDIRECT] 
2026-08-28 01:20:46,583 [ERROR] LogOutputStream:75 - [STDERR_REDIRECT] Aug 28, 2026 1:20:46 AM java.util.prefs.FileSystemPreferences syncWorld
2026-08-28 01:20:46,584 [ERROR] LogOutputStream:75 - [STDERR_REDIRECT] WARNING: Couldn't flush system prefs: java.util.prefs.BackingStoreException: Couldn't get file lock.
2026-08-28 01:20:46,584 [ERROR] LogOutputStream:75 - [STDERR_REDIRECT] 
2026-08-28 01:21:16,583 [ERROR] LogOutputStream:75 - [STDERR_REDIRECT] Aug 28, 2026 1:21:16 AM java.util.prefs.FileSystemPreferences checkLockFile0ErrorCode
2026-08-28 01:21:16,583 [ERROR] LogOutputStream:75 - [STDERR_REDIRECT] WARNING: Could not lock System prefs. Unix error code 0.
2026-08-28 01:21:16,583 [ERROR] LogOutputStream:75 - [STDERR_REDIRECT] 
2026-08-28 01:21:16,583 [ERROR] LogOutputStream:75 - [STDERR_REDIRECT] Aug 28, 2026 1:21:16 AM java.util.prefs.FileSystemPreferences syncWorld
2026-08-28 01:21:16,584 [ERROR] LogOutputStream:75 - [STDERR_REDIRECT] WARNING: Couldn't flush system prefs: java.util.prefs.BackingStoreException: Couldn't get file lock.
2026-08-28 01:21:16,584 [ERROR] LogOutputStream:75 - [STDERR_REDIRECT] 
2026-08-28 01:21:46,583 [ERROR] LogOutputStream:75 - [STDERR_REDIRECT] Aug 28, 2026 1:21:46 AM java.util.prefs.FileSystemPreferences checkLockFile0ErrorCode
2026-08-28 01:21:46,583 [ERROR] LogOutputStream:75 - [STDERR_REDIRECT] WARNING: Could not lock System prefs. Unix error code 0.
2026-08-28 01:21:46,583 [ERROR] LogOutputStream:75 - [STDERR_REDIRECT] 
2026-08-28 01:21:46,584 [ERROR] LogOutputStream:75 - [STDERR_REDIRECT] Aug 28, 2026 1:21:46 AM java.util.prefs.FileSystemPreferences syncWorld
2026-08-28 01:21:46,584 [ERROR] LogOutputStream:75 - [STDERR_REDIRECT] WARNING: Couldn't flush system prefs: java.util.prefs.BackingStoreException: Couldn't get file lock.
2026-08-28 01:21:46,584 [ERROR] LogOutputStream:75 - [STDERR_REDIRECT] 
2026-08-28 01:22:16,583 [ERROR] LogOutputStream:75 - [STDERR_REDIRECT] Aug 28, 2026 1:22:16 AM java.util.prefs.FileSystemPreferences checkLockFile0ErrorCode
2026-08-28 01:22:16,583 [ERROR] LogOutputStream:75 - [STDERR_REDIRECT] WARNING: Could not lock System prefs. Unix error code 0.
2026-08-28 01:22:16,583 [ERROR] LogOutputStream:75 - [STDERR_REDIRECT] 
2026-08-28 01:22:16,584 [ERROR] LogOutputStream:75 - [STDERR_REDIRECT] Aug 28, 2026 1:22:16 AM java.util.prefs.FileSystemPreferences syncWorld
2026-08-28 01:22:16,584 [ERROR] LogOutputStream:75 - [STDERR_REDIRECT] WARNING: Couldn't flush system prefs: java.util.prefs.BackingStoreException: Couldn't get file lock.
2026-08-28 01:22:16,584 [ERROR] LogOutputStream:75 - [STDERR_REDIRECT] 
2026-08-28 01:22:46,584 [ERROR] LogOutputStream:75 - [STDERR_REDIRECT] Aug 28, 2026 1:22:46 AM java.util.prefs.FileSystemPreferences checkLockFile0ErrorCode
2026-08-28 01:22:46,584 [ERROR] LogOutputStream:75 - [STDERR_REDIRECT] WARNING: Could not lock System prefs. Unix error code 0.
2026-08-28 01:22:46,584 [ERROR] LogOutputStream:75 - [STDERR_REDIRECT] 
2026-08-28 01:22:46,584 [ERROR] LogOutputStream:75 - [STDERR_REDIRECT] Aug 28, 2026 1:22:46 AM java.util.prefs.FileSystemPreferences syncWorld
2026-08-28 01:22:46,585 [ERROR] LogOutputStream:75 - [STDERR_REDIRECT] WARNING: Couldn't flush system prefs: java.util.prefs.BackingStoreException: Couldn't get file lock.
2026-08-28 01:22:46,585 [ERROR] LogOutputStream:75 - [STDERR_REDIRECT] 
2026-08-28 01:23:16,583 [ERROR] LogOutputStream:75 - [STDERR_REDIRECT] Aug 28, 2026 1:23:16 AM java.util.prefs.FileSystemPreferences checkLockFile0ErrorCode
2026-08-28 01:23:16,584 [ERROR] LogOutputStream:75 - [STDERR_REDIRECT] WARNING: Could not lock System prefs. Unix error code 0.
2026-08-28 01:23:16,584 [ERROR] LogOutputStream:75 - [STDERR_REDIRECT] 
2026-08-28 01:23:16,584 [ERROR] LogOutputStream:75 - [STDERR_REDIRECT] Aug 28, 2026 1:23:16 AM java.util.prefs.FileSystemPreferences syncWorld
2026-08-28 01:23:16,584 [ERROR] LogOutputStream:75 - [STDERR_REDIRECT] WARNING: Couldn't flush system prefs: java.util.prefs.BackingStoreException: Couldn't get file lock.
2026-08-28 01:23:16,584 [ERROR] LogOutputStream:75 - [STDERR_REDIRECT] 
2026-08-28 01:23:46,584 [ERROR] LogOutputStream:75 - [STDERR_REDIRECT] Aug 28, 2026 1:23:46 AM java.util.prefs.FileSystemPreferences checkLockFile0ErrorCode
2026-08-28 01:23:46,584 [ERROR] LogOutputStream:75 - [STDERR_REDIRECT] WARNING: Could not lock System prefs. Unix error code 0.
2026-08-28 01:23:46,584 [ERROR] LogOutputStream:75 - [STDERR_REDIRECT] 
2026-08-28 01:23:46,584 [ERROR] LogOutputStream:75 - [STDERR_REDIRECT] Aug 28, 2026 1:23:46 AM java.util.prefs.FileSystemPreferences syncWorld
2026-08-28 01:23:46,584 [ERROR] LogOutputStream:75 - [STDERR_REDIRECT] WARNING: Couldn't flush system prefs: java.util.prefs.BackingStoreException: Couldn't get file lock.
2026-08-28 01:23:46,585 [ERROR] LogOutputStream:75 - [STDERR_REDIRECT] 
2026-08-28 01:24:16,584 [ERROR] LogOutputStream:75 - [STDERR_REDIRECT] Aug 28, 2026 1:24:16 AM java.util.prefs.FileSystemPreferences checkLockFile0ErrorCode
2026-08-28 01:24:16,584 [ERROR] LogOutputStream:75 - [STDERR_REDIRECT] WARNING: Could not lock System prefs. Unix error code 0.
2026-08-28 01:24:16,584 [ERROR] LogOutputStream:75 - [STDERR_REDIRECT] 
2026-08-28 01:24:16,584 [ERROR] LogOutputStream:75 - [STDERR_REDIRECT] Aug 28, 2026 1:24:16 AM java.util.prefs.FileSystemPreferences syncWorld
2026-08-28 01:24:16,584 [ERROR] LogOutputStream:75 - [STDERR_REDIRECT] WARNING: Couldn't flush system prefs: java.util.prefs.BackingStoreException: Couldn't get file lock.
2026-08-28 01:24:16,584 [ERROR] LogOutputStream:75 - [STDERR_REDIRECT] 
2026-08-28 01:24:46,585 [ERROR] LogOutputStream:75 - [STDERR_REDIRECT] Aug 28, 2026 1:24:46 AM java.util.prefs.FileSystemPreferences checkLockFile0ErrorCode
2026-08-28 01:24:46,585 [ERROR] LogOutputStream:75 - [STDERR_REDIRECT] WARNING: Could not lock System prefs. Unix error code 0.
2026-08-28 01:24:46,585 [ERROR] LogOutputStream:75 - [STDERR_REDIRECT] 
2026-08-28 01:24:46,586 [ERROR] LogOutputStream:75 - [STDERR_REDIRECT] Aug 28, 2026 1:24:46 AM java.util.prefs.FileSystemPreferences syncWorld
2026-08-28 01:24:46,586 [ERROR] LogOutputStream:75 - [STDERR_REDIRECT] WARNING: Couldn't flush system prefs: java.util.prefs.BackingStoreException: Couldn't get file lock.
2026-08-28 01:24:46,586 [ERROR] LogOutputStream:75 - [STDERR_REDIRECT] 
2026-08-28 01:25:16,586 [ERROR] LogOutputStream:75 - [STDERR_REDIRECT] Aug 28, 2026 1:25:16 AM java.util.prefs.FileSystemPreferences checkLockFile0ErrorCode
2026-08-28 01:25:16,586 [ERROR] LogOutputStream:75 - [STDERR_REDIRECT] WARNING: Could not lock System prefs. Unix error code 0.
2026-08-28 01:25:16,586 [ERROR] LogOutputStream:75 - [STDERR_REDIRECT] 
2026-08-28 01:25:16,586 [ERROR] LogOutputStream:75 - [STDERR_REDIRECT] Aug 28, 2026 1:25:16 AM java.util.prefs.FileSystemPreferences syncWorld
2026-08-28 01:25:16,587 [ERROR] LogOutputStream:75 - [STDERR_REDIRECT] WARNING: Couldn't flush system prefs: java.util.prefs.BackingStoreException: Couldn't get file lock.
2026-08-28 01:25:16,587 [ERROR] LogOutputStream:75 - [STDERR_REDIRECT] 
2026-08-28 01:25:46,585 [ERROR] LogOutputStream:75 - [STDERR_REDIRECT] Aug 28, 2026 1:25:46 AM java.util.prefs.FileSystemPreferences checkLockFile0ErrorCode
2026-08-28 01:25:46,586 [ERROR] LogOutputStream:75 - [STDERR_REDIRECT] WARNING: Could not lock System prefs. Unix error code 0.
2026-08-28 01:25:46,586 [ERROR] LogOutputStream:75 - [STDERR_REDIRECT] 
2026-08-28 01:25:46,586 [ERROR] LogOutputStream:75 - [STDERR_REDIRECT] Aug 28, 2026 1:25:46 AM java.util.prefs.FileSystemPreferences syncWorld
2026-08-28 01:25:46,586 [ERROR] LogOutputStream:75 - [STDERR_REDIRECT] WARNING: Couldn't flush system prefs: java.util.prefs.BackingStoreException: Couldn't get file lock.
2026-08-28 01:25:46,586 [ERROR] LogOutputStream:75 - [STDERR_REDIRECT] 
2026-08-28 01:26:16,585 [ERROR] LogOutputStream:75 - [STDERR_REDIRECT] Aug 28, 2026 1:26:16 AM java.util.prefs.FileSystemPreferences checkLockFile0ErrorCode
2026-08-28 01:26:16,585 [ERROR] LogOutputStream:75 - [STDERR_REDIRECT] WARNING: Could not lock System prefs. Unix error code 0.
2026-08-28 01:26:16,585 [ERROR] LogOutputStream:75 - [STDERR_REDIRECT] 
2026-08-28 01:26:16,586 [ERROR] LogOutputStream:75 - [STDERR_REDIRECT] Aug 28, 2026 1:26:16 AM java.util.prefs.FileSystemPreferences syncWorld
2026-08-28 01:26:16,586 [ERROR] LogOutputStream:75 - [STDERR_REDIRECT] WARNING: Couldn't flush system prefs: java.util.prefs.BackingStoreException: Couldn't get file lock.
2026-08-28 01:26:16,586 [ERROR] LogOutputStream:75 - [STDERR_REDIRECT] 
2026-08-28 01:26:46,585 [ERROR] LogOutputStream:75 - [STDERR_REDIRECT] Aug 28, 2026 1:26:46 AM java.util.prefs.FileSystemPreferences checkLockFile0ErrorCode
2026-08-28 01:26:46,585 [ERROR] LogOutputStream:75 - [STDERR_REDIRECT] WARNING: Could not lock System prefs. Unix error code 0.
2026-08-28 01:26:46,585 [ERROR] LogOutputStream:75 - [STDERR_REDIRECT] 
2026-08-28 01:26:46,585 [ERROR] LogOutputStream:75 - [STDERR_REDIRECT] Aug 28, 2026 1:26:46 AM java.util.prefs.FileSystemPreferences syncWorld
2026-08-28 01:26:46,586 [ERROR] LogOutputStream:75 - [STDERR_REDIRECT] WARNING: Couldn't flush system prefs: java.util.prefs.BackingStoreException: Couldn't get file lock.
2026-08-28 01:26:46,586 [ERROR] LogOutputStream:75 - [STDERR_REDIRECT] 
2026-08-28 01:27:16,585 [ERROR] LogOutputStream:75 - [STDERR_REDIRECT] Aug 28, 2026 1:27:16 AM java.util.prefs.FileSystemPreferences checkLockFile0ErrorCode
2026-08-28 01:27:16,585 [ERROR] LogOutputStream:75 - [STDERR_REDIRECT] WARNING: Could not lock System prefs. Unix error code 0.
2026-08-28 01:27:16,585 [ERROR] LogOutputStream:75 - [STDERR_REDIRECT] 
2026-08-28 01:27:16,586 [ERROR] LogOutputStream:75 - [STDERR_REDIRECT] Aug 28, 2026 1:27:16 AM java.util.prefs.FileSystemPreferences syncWorld
2026-08-28 01:27:16,586 [ERROR] LogOutputStream:75 - [STDERR_REDIRECT] WARNING: Couldn't flush system prefs: java.util.prefs.BackingStoreException: Couldn't get file lock.
2026-08-28 01:27:16,586 [ERROR] LogOutputStream:75 - [STDERR_REDIRECT] 
2026-08-28 01:27:46,585 [ERROR] LogOutputStream:75 - [STDERR_REDIRECT] Aug 28, 2026 1:27:46 AM java.util.prefs.FileSystemPreferences checkLockFile0ErrorCode
2026-08-28 01:27:46,585 [ERROR] LogOutputStream:75 - [STDERR_REDIRECT] WARNING: Could not lock System prefs. Unix error code 0.
2026-08-28 01:27:46,585 [ERROR] LogOutputStream:75 - [STDERR_REDIRECT] 
2026-08-28 01:27:46,586 [ERROR] LogOutputStream:75 - [STDERR_REDIRECT] Aug 28, 2026 1:27:46 AM java.util.prefs.FileSystemPreferences syncWorld
2026-08-28 01:27:46,586 [ERROR] LogOutputStream:75 - [STDERR_REDIRECT] WARNING: Couldn't flush system prefs: java.util.prefs.BackingStoreException: Couldn't get file lock.
2026-08-28 01:27:46,586 [ERROR] LogOutputStream:75 - [STDERR_REDIRECT] 
2026-08-28 01:28:16,585 [ERROR] LogOutputStream:75 - [STDERR_REDIRECT] Aug 28, 2026 1:28:16 AM java.util.prefs.FileSystemPreferences checkLockFile0ErrorCode
2026-08-28 01:28:16,586 [ERROR] LogOutputStream:75 - [STDERR_REDIRECT] WARNING: Could not lock System prefs. Unix error code 0.
2026-08-28 01:28:16,586 [ERROR] LogOutputStream:75 - [STDERR_REDIRECT] 
2026-08-28 01:28:16,586 [ERROR] LogOutputStream:75 - [STDERR_REDIRECT] Aug 28, 2026 1:28:16 AM java.util.prefs.FileSystemPreferences syncWorld
2026-08-28 01:28:16,586 [ERROR] LogOutputStream:75 - [STDERR_REDIRECT] WARNING: Couldn't flush system prefs: java.util.prefs.BackingStoreException: Couldn't get file lock.
2026-08-28 01:28:16,586 [ERROR] LogOutputStream:75 - [STDERR_REDIRECT] 
2026-08-28 01:28:46,585 [ERROR] LogOutputStream:75 - [STDERR_REDIRECT] Aug 28, 2026 1:28:46 AM java.util.prefs.FileSystemPreferences checkLockFile0ErrorCode
2026-08-28 01:28:46,586 [ERROR] LogOutputStream:75 - [STDERR_REDIRECT] WARNING: Could not lock System prefs. Unix error code 0.
2026-08-28 01:28:46,586 [ERROR] LogOutputStream:75 - [STDERR_REDIRECT] 
2026-08-28 01:28:46,586 [ERROR] LogOutputStream:75 - [STDERR_REDIRECT] Aug 28, 2026 1:28:46 AM java.util.prefs.FileSystemPreferences syncWorld
2026-08-28 01:28:46,586 [ERROR] LogOutputStream:75 - [STDERR_REDIRECT] WARNING: Couldn't flush system prefs: java.util.prefs.BackingStoreException: Couldn't get file lock.
2026-08-28 01:28:46,586 [ERROR] LogOutputStream:75 - [STDERR_REDIRECT] 
2026-08-28 01:29:16,585 [ERROR] LogOutputStream:75 - [STDERR_REDIRECT] Aug 28, 2026 1:29:16 AM java.util.prefs.FileSystemPreferences checkLockFile0ErrorCode
2026-08-28 01:29:16,585 [ERROR] LogOutputStream:75 - [STDERR_REDIRECT] WARNING: Could not lock System prefs. Unix error code 0.
2026-08-28 01:29:16,586 [ERROR] LogOutputStream:75 - [STDERR_REDIRECT] 
2026-08-28 01:29:16,586 [ERROR] LogOutputStream:75 - [STDERR_REDIRECT] Aug 28, 2026 1:29:16 AM java.util.prefs.FileSystemPreferences syncWorld
2026-08-28 01:29:16,586 [ERROR] LogOutputStream:75 - [STDERR_REDIRECT] WARNING: Couldn't flush system prefs: java.util.prefs.BackingStoreException: Couldn't get file lock.
2026-08-28 01:29:16,586 [ERROR] LogOutputStream:75 - [STDERR_REDIRECT] 
2026-08-28 01:29:46,585 [ERROR] LogOutputStream:75 - [STDERR_REDIRECT] Aug 28, 2026 1:29:46 AM java.util.prefs.FileSystemPreferences checkLockFile0ErrorCode
2026-08-28 01:29:46,585 [ERROR] LogOutputStream:75 - [STDERR_REDIRECT] WARNING: Could not lock System prefs. Unix error code 0.
2026-08-28 01:29:46,586 [ERROR] LogOutputStream:75 - [STDERR_REDIRECT] 
2026-08-28 01:29:46,586 [ERROR] LogOutputStream:75 - [STDERR_REDIRECT] Aug 28, 2026 1:29:46 AM java.util.prefs.FileSystemPreferences syncWorld
2026-08-28 01:29:46,586 [ERROR] LogOutputStream:75 - [STDERR_REDIRECT] WARNING: Couldn't flush system prefs: java.util.prefs.BackingStoreException: Couldn't get file lock.
2026-08-28 01:29:46,586 [ERROR] LogOutputStream:75 - [STDERR_REDIRECT] 
2026-08-28 01:30:16,585 [ERROR] LogOutputStream:75 - [STDERR_REDIRECT] Aug 28, 2026 1:30:16 AM java.util.prefs.FileSystemPreferences checkLockFile0ErrorCode
2026-08-28 01:30:16,586 [ERROR] LogOutputStream:75 - [STDERR_REDIRECT] WARNING: Could not lock System prefs. Unix error code 0.
2026-08-28 01:30:16,586 [ERROR] LogOutputStream:75 - [STDERR_REDIRECT] 
2026-08-28 01:30:16,586 [ERROR] LogOutputStream:75 - [STDERR_REDIRECT] Aug 28, 2026 1:30:16 AM java.util.prefs.FileSystemPreferences syncWorld
2026-08-28 01:30:16,588 [ERROR] LogOutputStream:75 - [STDERR_REDIRECT] WARNING: Couldn't flush system prefs: java.util.prefs.BackingStoreException: Couldn't get file lock.
2026-08-28 01:30:16,588 [ERROR] LogOutputStream:75 - [STDERR_REDIRECT] 
2026-08-28 01:30:46,585 [ERROR] LogOutputStream:75 - [STDERR_REDIRECT] Aug 28, 2026 1:30:46 AM java.util.prefs.FileSystemPreferences checkLockFile0ErrorCode
2026-08-28 01:30:46,586 [ERROR] LogOutputStream:75 - [STDERR_REDIRECT] WARNING: Could not lock System prefs. Unix error code 0.
2026-08-28 01:30:46,586 [ERROR] LogOutputStream:75 - [STDERR_REDIRECT] 
2026-08-28 01:30:46,586 [ERROR] LogOutputStream:75 - [STDERR_REDIRECT] Aug 28, 2026 1:30:46 AM java.util.prefs.FileSystemPreferences syncWorld
2026-08-28 01:30:46,586 [ERROR] LogOutputStream:75 - [STDERR_REDIRECT] WARNING: Couldn't flush system prefs: java.util.prefs.BackingStoreException: Couldn't get file lock.
2026-08-28 01:30:46,586 [ERROR] LogOutputStream:75 - [STDERR_REDIRECT] 
2026-08-28 01:31:16,586 [ERROR] LogOutputStream:75 - [STDERR_REDIRECT] Aug 28, 2026 1:31:16 AM java.util.prefs.FileSystemPreferences checkLockFile0ErrorCode
2026-08-28 01:31:16,586 [ERROR] LogOutputStream:75 - [STDERR_REDIRECT] WARNING: Could not lock System prefs. Unix error code 0.
2026-08-28 01:31:16,586 [ERROR] LogOutputStream:75 - [STDERR_REDIRECT] 
2026-08-28 01:31:16,586 [ERROR] LogOutputStream:75 - [STDERR_REDIRECT] Aug 28, 2026 1:31:16 AM java.util.prefs.FileSystemPreferences syncWorld
2026-08-28 01:31:16,587 [ERROR] LogOutputStream:75 - [STDERR_REDIRECT] WARNING: Couldn't flush system prefs: java.util.prefs.BackingStoreException: Couldn't get file lock.
2026-08-28 01:31:16,587 [ERROR] LogOutputStream:75 - [STDERR_REDIRECT] 
2026-08-28 01:31:46,585 [ERROR] LogOutputStream:75 - [STDERR_REDIRECT] Aug 28, 2026 1:31:46 AM java.util.prefs.FileSystemPreferences checkLockFile0ErrorCode
2026-08-28 01:31:46,585 [ERROR] LogOutputStream:75 - [STDERR_REDIRECT] WARNING: Could not lock System prefs. Unix error code 0.
2026-08-28 01:31:46,585 [ERROR] LogOutputStream:75 - [STDERR_REDIRECT] 
2026-08-28 01:31:46,585 [ERROR] LogOutputStream:75 - [STDERR_REDIRECT] Aug 28, 2026 1:31:46 AM java.util.prefs.FileSystemPreferences syncWorld
2026-08-28 01:31:46,585 [ERROR] LogOutputStream:75 - [STDERR_REDIRECT] WARNING: Couldn't flush system prefs: java.util.prefs.BackingStoreException: Couldn't get file lock.
2026-08-28 01:31:46,585 [ERROR] LogOutputStream:75 - [STDERR_REDIRECT] 
2026-08-28 01:32:16,584 [ERROR] LogOutputStream:75 - [STDERR_REDIRECT] Aug 28, 2026 1:32:16 AM java.util.prefs.FileSystemPreferences checkLockFile0ErrorCode
2026-08-28 01:32:16,584 [ERROR] LogOutputStream:75 - [STDERR_REDIRECT] WARNING: Could not lock System prefs. Unix error code 0.
2026-08-28 01:32:16,584 [ERROR] LogOutputStream:75 - [STDERR_REDIRECT] 
2026-08-28 01:32:16,585 [ERROR] LogOutputStream:75 - [STDERR_REDIRECT] Aug 28, 2026 1:32:16 AM java.util.prefs.FileSystemPreferences syncWorld
2026-08-28 01:32:16,585 [ERROR] LogOutputStream:75 - [STDERR_REDIRECT] WARNING: Couldn't flush system prefs: java.util.prefs.BackingStoreException: Couldn't get file lock.
2026-08-28 01:32:16,585 [ERROR] LogOutputStream:75 - [STDERR_REDIRECT] 
2026-08-28 01:32:46,585 [ERROR] LogOutputStream:75 - [STDERR_REDIRECT] Aug 28, 2026 1:32:46 AM java.util.prefs.FileSystemPreferences checkLockFile0ErrorCode
2026-08-28 01:32:46,585 [ERROR] LogOutputStream:75 - [STDERR_REDIRECT] WARNING: Could not lock System prefs. Unix error code 0.
2026-08-28 01:32:46,585 [ERROR] LogOutputStream:75 - [STDERR_REDIRECT] 
2026-08-28 01:32:46,586 [ERROR] LogOutputStream:75 - [STDERR_REDIRECT] Aug 28, 2026 1:32:46 AM java.util.prefs.FileSystemPreferences syncWorld
2026-08-28 01:32:46,586 [ERROR] LogOutputStream:75 - [STDERR_REDIRECT] WARNING: Couldn't flush system prefs: java.util.prefs.BackingStoreException: Couldn't get file lock.
2026-08-28 01:32:46,586 [ERROR] LogOutputStream:75 - [STDERR_REDIRECT] 
2026-08-28 01:33:16,585 [ERROR] LogOutputStream:75 - [STDERR_REDIRECT] Aug 28, 2026 1:33:16 AM java.util.prefs.FileSystemPreferences checkLockFile0ErrorCode
2026-08-28 01:33:16,586 [ERROR] LogOutputStream:75 - [STDERR_REDIRECT] WARNING: Could not lock System prefs. Unix error code 0.
2026-08-28 01:33:16,586 [ERROR] LogOutputStream:75 - [STDERR_REDIRECT] 
2026-08-28 01:33:16,586 [ERROR] LogOutputStream:75 - [STDERR_REDIRECT] Aug 28, 2026 1:33:16 AM java.util.prefs.FileSystemPreferences syncWorld
2026-08-28 01:33:16,586 [ERROR] LogOutputStream:75 - [STDERR_REDIRECT] WARNING: Couldn't flush system prefs: java.util.prefs.BackingStoreException: Couldn't get file lock.
2026-08-28 01:33:16,586 [ERROR] LogOutputStream:75 - [STDERR_REDIRECT] 
2026-08-28 01:33:46,586 [ERROR] LogOutputStream:75 - [STDERR_REDIRECT] Aug 28, 2026 1:33:46 AM java.util.prefs.FileSystemPreferences checkLockFile0ErrorCode
2026-08-28 01:33:46,586 [ERROR] LogOutputStream:75 - [STDERR_REDIRECT] WARNING: Could not lock System prefs. Unix error code 0.
2026-08-28 01:33:46,586 [ERROR] LogOutputStream:75 - [STDERR_REDIRECT] 
2026-08-28 01:33:46,586 [ERROR] LogOutputStream:75 - [STDERR_REDIRECT] Aug 28, 2026 1:33:46 AM java.util.prefs.FileSystemPreferences syncWorld
2026-08-28 01:33:46,586 [ERROR] LogOutputStream:75 - [STDERR_REDIRECT] WARNING: Couldn't flush system prefs: java.util.prefs.BackingStoreException: Couldn't get file lock.
2026-08-28 01:33:46,586 [ERROR] LogOutputStream:75 - [STDERR_REDIRECT] 
2026-08-28 01:34:16,585 [ERROR] LogOutputStream:75 - [STDERR_REDIRECT] Aug 28, 2026 1:34:16 AM java.util.prefs.FileSystemPreferences checkLockFile0ErrorCode
2026-08-28 01:34:16,585 [ERROR] LogOutputStream:75 - [STDERR_REDIRECT] WARNING: Could not lock System prefs. Unix error code 0.
2026-08-28 01:34:16,585 [ERROR] LogOutputStream:75 - [STDERR_REDIRECT] 
2026-08-28 01:34:16,586 [ERROR] LogOutputStream:75 - [STDERR_REDIRECT] Aug 28, 2026 1:34:16 AM java.util.prefs.FileSystemPreferences syncWorld
2026-08-28 01:34:16,586 [ERROR] LogOutputStream:75 - [STDERR_REDIRECT] WARNING: Couldn't flush system prefs: java.util.prefs.BackingStoreException: Couldn't get file lock.
2026-08-28 01:34:16,586 [ERROR] LogOutputStream:75 - [STDERR_REDIRECT] 
2026-08-28 01:34:46,586 [ERROR] LogOutputStream:75 - [STDERR_REDIRECT] Aug 28, 2026 1:34:46 AM java.util.prefs.FileSystemPreferences checkLockFile0ErrorCode
2026-08-28 01:34:46,586 [ERROR] LogOutputStream:75 - [STDERR_REDIRECT] WARNING: Could not lock System prefs. Unix error code 0.
2026-08-28 01:34:46,586 [ERROR] LogOutputStream:75 - [STDERR_REDIRECT] 
2026-08-28 01:34:46,587 [ERROR] LogOutputStream:75 - [STDERR_REDIRECT] Aug 28, 2026 1:34:46 AM java.util.prefs.FileSystemPreferences syncWorld
2026-08-28 01:34:46,587 [ERROR] LogOutputStream:75 - [STDERR_REDIRECT] WARNING: Couldn't flush system prefs: java.util.prefs.BackingStoreException: Couldn't get file lock.
2026-08-28 01:34:46,587 [ERROR] LogOutputStream:75 - [STDERR_REDIRECT] 
2026-08-28 01:35:16,586 [ERROR] LogOutputStream:75 - [STDERR_REDIRECT] Aug 28, 2026 1:35:16 AM java.util.prefs.FileSystemPreferences checkLockFile0ErrorCode
2026-08-28 01:35:16,587 [ERROR] LogOutputStream:75 - [STDERR_REDIRECT] WARNING: Could not lock System prefs. Unix error code 0.
2026-08-28 01:35:16,587 [ERROR] LogOutputStream:75 - [STDERR_REDIRECT] 
2026-08-28 01:35:16,587 [ERROR] LogOutputStream:75 - [STDERR_REDIRECT] Aug 28, 2026 1:35:16 AM java.util.prefs.FileSystemPreferences syncWorld
2026-08-28 01:35:16,587 [ERROR] LogOutputStream:75 - [STDERR_REDIRECT] WARNING: Couldn't flush system prefs: java.util.prefs.BackingStoreException: Couldn't get file lock.
2026-08-28 01:35:16,587 [ERROR] LogOutputStream:75 - [STDERR_REDIRECT] 
2026-08-28 01:35:46,587 [ERROR] LogOutputStream:75 - [STDERR_REDIRECT] Aug 28, 2026 1:35:46 AM java.util.prefs.FileSystemPreferences checkLockFile0ErrorCode
2026-08-28 01:35:46,587 [ERROR] LogOutputStream:75 - [STDERR_REDIRECT] WARNING: Could not lock System prefs. Unix error code 0.
2026-08-28 01:35:46,587 [ERROR] LogOutputStream:75 - [STDERR_REDIRECT] 
2026-08-28 01:35:46,588 [ERROR] LogOutputStream:75 - [STDERR_REDIRECT] Aug 28, 2026 1:35:46 AM java.util.prefs.FileSystemPreferences syncWorld
2026-08-28 01:35:46,588 [ERROR] LogOutputStream:75 - [STDERR_REDIRECT] WARNING: Couldn't flush system prefs: java.util.prefs.BackingStoreException: Couldn't get file lock.
2026-08-28 01:35:46,588 [ERROR] LogOutputStream:75 - [STDERR_REDIRECT] 
2026-08-28 01:36:16,587 [ERROR] LogOutputStream:75 - [STDERR_REDIRECT] Aug 28, 2026 1:36:16 AM java.util.prefs.FileSystemPreferences checkLockFile0ErrorCode
2026-08-28 01:36:16,587 [ERROR] LogOutputStream:75 - [STDERR_REDIRECT] WARNING: Could not lock System prefs. Unix error code 0.
2026-08-28 01:36:16,587 [ERROR] LogOutputStream:75 - [STDERR_REDIRECT] 
2026-08-28 01:36:16,588 [ERROR] LogOutputStream:75 - [STDERR_REDIRECT] Aug 28, 2026 1:36:16 AM java.util.prefs.FileSystemPreferences syncWorld
2026-08-28 01:36:16,588 [ERROR] LogOutputStream:75 - [STDERR_REDIRECT] WARNING: Couldn't flush system prefs: java.util.prefs.BackingStoreException: Couldn't get file lock.
2026-08-28 01:36:16,588 [ERROR] LogOutputStream:75 - [STDERR_REDIRECT] 
2026-08-28 01:36:46,587 [ERROR] LogOutputStream:75 - [STDERR_REDIRECT] Aug 28, 2026 1:36:46 AM java.util.prefs.FileSystemPreferences checkLockFile0ErrorCode
2026-08-28 01:36:46,587 [ERROR] LogOutputStream:75 - [STDERR_REDIRECT] WARNING: Could not lock System prefs. Unix error code 0.
2026-08-28 01:36:46,587 [ERROR] LogOutputStream:75 - [STDERR_REDIRECT] 
2026-08-28 01:36:46,588 [ERROR] LogOutputStream:75 - [STDERR_REDIRECT] Aug 28, 2026 1:36:46 AM java.util.prefs.FileSystemPreferences syncWorld
2026-08-28 01:36:46,588 [ERROR] LogOutputStream:75 - [STDERR_REDIRECT] WARNING: Couldn't flush system prefs: java.util.prefs.BackingStoreException: Couldn't get file lock.
2026-08-28 01:36:46,588 [ERROR] LogOutputStream:75 - [STDERR_REDIRECT] 
2026-08-28 01:37:16,587 [ERROR] LogOutputStream:75 - [STDERR_REDIRECT] Aug 28, 2026 1:37:16 AM java.util.prefs.FileSystemPreferences checkLockFile0ErrorCode
2026-08-28 01:37:16,587 [ERROR] LogOutputStream:75 - [STDERR_REDIRECT] WARNING: Could not lock System prefs. Unix error code 0.
2026-08-28 01:37:16,587 [ERROR] LogOutputStream:75 - [STDERR_REDIRECT] 
2026-08-28 01:37:16,588 [ERROR] LogOutputStream:75 - [STDERR_REDIRECT] Aug 28, 2026 1:37:16 AM java.util.prefs.FileSystemPreferences syncWorld
2026-08-28 01:37:16,588 [ERROR] LogOutputStream:75 - [STDERR_REDIRECT] WARNING: Couldn't flush system prefs: java.util.prefs.BackingStoreException: Couldn't get file lock.
2026-08-28 01:37:16,588 [ERROR] LogOutputStream:75 - [STDERR_REDIRECT] 
2026-08-28 01:37:46,587 [ERROR] LogOutputStream:75 - [STDERR_REDIRECT] Aug 28, 2026 1:37:46 AM java.util.prefs.FileSystemPreferences checkLockFile0ErrorCode
2026-08-28 01:37:46,587 [ERROR] LogOutputStream:75 - [STDERR_REDIRECT] WARNING: Could not lock System prefs. Unix error code 0.
2026-08-28 01:37:46,587 [ERROR] LogOutputStream:75 - [STDERR_REDIRECT] 
2026-08-28 01:37:46,587 [ERROR] LogOutputStream:75 - [STDERR_REDIRECT] Aug 28, 2026 1:37:46 AM java.util.prefs.FileSystemPreferences syncWorld
2026-08-28 01:37:46,587 [ERROR] LogOutputStream:75 - [STDERR_REDIRECT] WARNING: Couldn't flush system prefs: java.util.prefs.BackingStoreException: Couldn't get file lock.
2026-08-28 01:37:46,587 [ERROR] LogOutputStream:75 - [STDERR_REDIRECT] 
2026-08-28 01:38:16,587 [ERROR] LogOutputStream:75 - [STDERR_REDIRECT] Aug 28, 2026 1:38:16 AM java.util.prefs.FileSystemPreferences checkLockFile0ErrorCode
2026-08-28 01:38:16,588 [ERROR] LogOutputStream:75 - [STDERR_REDIRECT] WARNING: Could not lock System prefs. Unix error code 0.
2026-08-28 01:38:16,588 [ERROR] LogOutputStream:75 - [STDERR_REDIRECT] 
2026-08-28 01:38:16,588 [ERROR] LogOutputStream:75 - [STDERR_REDIRECT] Aug 28, 2026 1:38:16 AM java.util.prefs.FileSystemPreferences syncWorld
2026-08-28 01:38:16,588 [ERROR] LogOutputStream:75 - [STDERR_REDIRECT] WARNING: Couldn't flush system prefs: java.util.prefs.BackingStoreException: Couldn't get file lock.
2026-08-28 01:38:16,588 [ERROR] LogOutputStream:75 - [STDERR_REDIRECT] 
2026-08-28 01:38:46,594 [ERROR] LogOutputStream:75 - [STDERR_REDIRECT] Aug 28, 2026 1:38:46 AM java.util.prefs.FileSystemPreferences checkLockFile0ErrorCode
2026-08-28 01:38:46,594 [ERROR] LogOutputStream:75 - [STDERR_REDIRECT] WARNING: Could not lock System prefs. Unix error code 0.
2026-08-28 01:38:46,594 [ERROR] LogOutputStream:75 - [STDERR_REDIRECT] 
2026-08-28 01:38:46,594 [ERROR] LogOutputStream:75 - [STDERR_REDIRECT] Aug 28, 2026 1:38:46 AM java.util.prefs.FileSystemPreferences syncWorld
2026-08-28 01:38:46,594 [ERROR] LogOutputStream:75 - [STDERR_REDIRECT] WARNING: Couldn't flush system prefs: java.util.prefs.BackingStoreException: Couldn't get file lock.
2026-08-28 01:38:46,594 [ERROR] LogOutputStream:75 - [STDERR_REDIRECT] 
2026-08-28 01:39:16,588 [ERROR] LogOutputStream:75 - [STDERR_REDIRECT] Aug 28, 2026 1:39:16 AM java.util.prefs.FileSystemPreferences checkLockFile0ErrorCode
2026-08-28 01:39:16,588 [ERROR] LogOutputStream:75 - [STDERR_REDIRECT] WARNING: Could not lock System prefs. Unix error code 0.
2026-08-28 01:39:16,588 [ERROR] LogOutputStream:75 - [STDERR_REDIRECT] 
2026-08-28 01:39:16,588 [ERROR] LogOutputStream:75 - [STDERR_REDIRECT] Aug 28, 2026 1:39:16 AM java.util.prefs.FileSystemPreferences syncWorld
2026-08-28 01:39:16,589 [ERROR] LogOutputStream:75 - [STDERR_REDIRECT] WARNING: Couldn't flush system prefs: java.util.prefs.BackingStoreException: Couldn't get file lock.
2026-08-28 01:39:16,589 [ERROR] LogOutputStream:75 - [STDERR_REDIRECT] 
2026-08-28 01:39:46,587 [ERROR] LogOutputStream:75 - [STDERR_REDIRECT] Aug 28, 2026 1:39:46 AM java.util.prefs.FileSystemPreferences checkLockFile0ErrorCode
2026-08-28 01:39:46,587 [ERROR] LogOutputStream:75 - [STDERR_REDIRECT] WARNING: Could not lock System prefs. Unix error code 0.
2026-08-28 01:39:46,587 [ERROR] LogOutputStream:75 - [STDERR_REDIRECT] 
2026-08-28 01:39:46,588 [ERROR] LogOutputStream:75 - [STDERR_REDIRECT] Aug 28, 2026 1:39:46 AM java.util.prefs.FileSystemPreferences syncWorld
2026-08-28 01:39:46,588 [ERROR] LogOutputStream:75 - [STDERR_REDIRECT] WARNING: Couldn't flush system prefs: java.util.prefs.BackingStoreException: Couldn't get file lock.
2026-08-28 01:39:46,588 [ERROR] LogOutputStream:75 - [STDERR_REDIRECT] 
2026-08-28 01:40:16,587 [ERROR] LogOutputStream:75 - [STDERR_REDIRECT] Aug 28, 2026 1:40:16 AM java.util.prefs.FileSystemPreferences checkLockFile0ErrorCode
2026-08-28 01:40:16,587 [ERROR] LogOutputStream:75 - [STDERR_REDIRECT] WARNING: Could not lock System prefs. Unix error code 0.
2026-08-28 01:40:16,587 [ERROR] LogOutputStream:75 - [STDERR_REDIRECT] 
2026-08-28 01:40:16,587 [ERROR] LogOutputStream:75 - [STDERR_REDIRECT] Aug 28, 2026 1:40:16 AM java.util.prefs.FileSystemPreferences syncWorld
2026-08-28 01:40:16,587 [ERROR] LogOutputStream:75 - [STDERR_REDIRECT] WARNING: Couldn't flush system prefs: java.util.prefs.BackingStoreException: Couldn't get file lock.
2026-08-28 01:40:16,587 [ERROR] LogOutputStream:75 - [STDERR_REDIRECT] 
2026-08-28 01:40:46,589 [ERROR] LogOutputStream:75 - [STDERR_REDIRECT] Aug 28, 2026 1:40:46 AM java.util.prefs.FileSystemPreferences checkLockFile0ErrorCode
2026-08-28 01:40:46,590 [ERROR] LogOutputStream:75 - [STDERR_REDIRECT] WARNING: Could not lock System prefs. Unix error code 0.
2026-08-28 01:40:46,590 [ERROR] LogOutputStream:75 - [STDERR_REDIRECT] 
2026-08-28 01:40:46,590 [ERROR] LogOutputStream:75 - [STDERR_REDIRECT] Aug 28, 2026 1:40:46 AM java.util.prefs.FileSystemPreferences syncWorld
2026-08-28 01:40:46,590 [ERROR] LogOutputStream:75 - [STDERR_REDIRECT] WARNING: Couldn't flush system prefs: java.util.prefs.BackingStoreException: Couldn't get file lock.
2026-08-28 01:40:46,590 [ERROR] LogOutputStream:75 - [STDERR_REDIRECT] 
2026-08-28 01:41:16,589 [ERROR] LogOutputStream:75 - [STDERR_REDIRECT] Aug 28, 2026 1:41:16 AM java.util.prefs.FileSystemPreferences checkLockFile0ErrorCode
2026-08-28 01:41:16,589 [ERROR] LogOutputStream:75 - [STDERR_REDIRECT] WARNING: Could not lock System prefs. Unix error code 0.
2026-08-28 01:41:16,589 [ERROR] LogOutputStream:75 - [STDERR_REDIRECT] 
2026-08-28 01:41:16,589 [ERROR] LogOutputStream:75 - [STDERR_REDIRECT] Aug 28, 2026 1:41:16 AM java.util.prefs.FileSystemPreferences syncWorld
2026-08-28 01:41:16,590 [ERROR] LogOutputStream:75 - [STDERR_REDIRECT] WARNING: Couldn't flush system prefs: java.util.prefs.BackingStoreException: Couldn't get file lock.
2026-08-28 01:41:16,590 [ERROR] LogOutputStream:75 - [STDERR_REDIRECT] 
2026-08-28 01:41:46,588 [ERROR] LogOutputStream:75 - [STDERR_REDIRECT] Aug 28, 2026 1:41:46 AM java.util.prefs.FileSystemPreferences checkLockFile0ErrorCode
2026-08-28 01:41:46,588 [ERROR] LogOutputStream:75 - [STDERR_REDIRECT] WARNING: Could not lock System prefs. Unix error code 0.
2026-08-28 01:41:46,588 [ERROR] LogOutputStream:75 - [STDERR_REDIRECT] 
2026-08-28 01:41:46,589 [ERROR] LogOutputStream:75 - [STDERR_REDIRECT] Aug 28, 2026 1:41:46 AM java.util.prefs.FileSystemPreferences syncWorld
2026-08-28 01:41:46,589 [ERROR] LogOutputStream:75 - [STDERR_REDIRECT] WARNING: Couldn't flush system prefs: java.util.prefs.BackingStoreException: Couldn't get file lock.
2026-08-28 01:41:46,589 [ERROR] LogOutputStream:75 - [STDERR_REDIRECT] 
2026-08-28 01:42:16,588 [ERROR] LogOutputStream:75 - [STDERR_REDIRECT] Aug 28, 2026 1:42:16 AM java.util.prefs.FileSystemPreferences checkLockFile0ErrorCode
2026-08-28 01:42:16,588 [ERROR] LogOutputStream:75 - [STDERR_REDIRECT] WARNING: Could not lock System prefs. Unix error code 0.
2026-08-28 01:42:16,588 [ERROR] LogOutputStream:75 - [STDERR_REDIRECT] 
2026-08-28 01:42:16,589 [ERROR] LogOutputStream:75 - [STDERR_REDIRECT] Aug 28, 2026 1:42:16 AM java.util.prefs.FileSystemPreferences syncWorld
2026-08-28 01:42:16,589 [ERROR] LogOutputStream:75 - [STDERR_REDIRECT] WARNING: Couldn't flush system prefs: java.util.prefs.BackingStoreException: Couldn't get file lock.
2026-08-28 01:42:16,589 [ERROR] LogOutputStream:75 - [STDERR_REDIRECT] 
2026-08-28 01:42:46,588 [ERROR] LogOutputStream:75 - [STDERR_REDIRECT] Aug 28, 2026 1:42:46 AM java.util.prefs.FileSystemPreferences checkLockFile0ErrorCode
2026-08-28 01:42:46,588 [ERROR] LogOutputStream:75 - [STDERR_REDIRECT] WARNING: Could not lock System prefs. Unix error code 0.
2026-08-28 01:42:46,589 [ERROR] LogOutputStream:75 - [STDERR_REDIRECT] 
2026-08-28 01:42:46,589 [ERROR] LogOutputStream:75 - [STDERR_REDIRECT] Aug 28, 2026 1:42:46 AM java.util.prefs.FileSystemPreferences syncWorld
2026-08-28 01:42:46,589 [ERROR] LogOutputStream:75 - [STDERR_REDIRECT] WARNING: Couldn't flush system prefs: java.util.prefs.BackingStoreException: Couldn't get file lock.
2026-08-28 01:42:46,589 [ERROR] LogOutputStream:75 - [STDERR_REDIRECT] 
2026-08-28 01:43:16,588 [ERROR] LogOutputStream:75 - [STDERR_REDIRECT] Aug 28, 2026 1:43:16 AM java.util.prefs.FileSystemPreferences checkLockFile0ErrorCode
2026-08-28 01:43:16,589 [ERROR] LogOutputStream:75 - [STDERR_REDIRECT] WARNING: Could not lock System prefs. Unix error code 0.
2026-08-28 01:43:16,589 [ERROR] LogOutputStream:75 - [STDERR_REDIRECT] 
2026-08-28 01:43:16,589 [ERROR] LogOutputStream:75 - [STDERR_REDIRECT] Aug 28, 2026 1:43:16 AM java.util.prefs.FileSystemPreferences syncWorld
2026-08-28 01:43:16,589 [ERROR] LogOutputStream:75 - [STDERR_REDIRECT] WARNING: Couldn't flush system prefs: java.util.prefs.BackingStoreException: Couldn't get file lock.
2026-08-28 01:43:16,589 [ERROR] LogOutputStream:75 - [STDERR_REDIRECT] 
2026-08-28 01:43:46,589 [ERROR] LogOutputStream:75 - [STDERR_REDIRECT] Aug 28, 2026 1:43:46 AM java.util.prefs.FileSystemPreferences checkLockFile0ErrorCode
2026-08-28 01:43:46,589 [ERROR] LogOutputStream:75 - [STDERR_REDIRECT] WARNING: Could not lock System prefs. Unix error code 0.
2026-08-28 01:43:46,589 [ERROR] LogOutputStream:75 - [STDERR_REDIRECT] 
2026-08-28 01:43:46,590 [ERROR] LogOutputStream:75 - [STDERR_REDIRECT] Aug 28, 2026 1:43:46 AM java.util.prefs.FileSystemPreferences syncWorld
2026-08-28 01:43:46,590 [ERROR] LogOutputStream:75 - [STDERR_REDIRECT] WARNING: Couldn't flush system prefs: java.util.prefs.BackingStoreException: Couldn't get file lock.
2026-08-28 01:43:46,590 [ERROR] LogOutputStream:75 - [STDERR_REDIRECT] 
2026-08-28 01:44:16,589 [ERROR] LogOutputStream:75 - [STDERR_REDIRECT] Aug 28, 2026 1:44:16 AM java.util.prefs.FileSystemPreferences checkLockFile0ErrorCode
2026-08-28 01:44:16,589 [ERROR] LogOutputStream:75 - [STDERR_REDIRECT] WARNING: Could not lock System prefs. Unix error code 0.
2026-08-28 01:44:16,590 [ERROR] LogOutputStream:75 - [STDERR_REDIRECT] 
2026-08-28 01:44:16,590 [ERROR] LogOutputStream:75 - [STDERR_REDIRECT] Aug 28, 2026 1:44:16 AM java.util.prefs.FileSystemPreferences syncWorld
2026-08-28 01:44:16,590 [ERROR] LogOutputStream:75 - [STDERR_REDIRECT] WARNING: Couldn't flush system prefs: java.util.prefs.BackingStoreException: Couldn't get file lock.
2026-08-28 01:44:16,590 [ERROR] LogOutputStream:75 - [STDERR_REDIRECT] 
2026-08-28 01:44:46,589 [ERROR] LogOutputStream:75 - [STDERR_REDIRECT] Aug 28, 2026 1:44:46 AM java.util.prefs.FileSystemPreferences checkLockFile0ErrorCode
2026-08-28 01:44:46,590 [ERROR] LogOutputStream:75 - [STDERR_REDIRECT] WARNING: Could not lock System prefs. Unix error code 0.
2026-08-28 01:44:46,590 [ERROR] LogOutputStream:75 - [STDERR_REDIRECT] 
2026-08-28 01:44:46,590 [ERROR] LogOutputStream:75 - [STDERR_REDIRECT] Aug 28, 2026 1:44:46 AM java.util.prefs.FileSystemPreferences syncWorld
2026-08-28 01:44:46,590 [ERROR] LogOutputStream:75 - [STDERR_REDIRECT] WARNING: Couldn't flush system prefs: java.util.prefs.BackingStoreException: Couldn't get file lock.
2026-08-28 01:44:46,590 [ERROR] LogOutputStream:75 - [STDERR_REDIRECT] 
2026-08-28 01:45:16,589 [ERROR] LogOutputStream:75 - [STDERR_REDIRECT] Aug 28, 2026 1:45:16 AM java.util.prefs.FileSystemPreferences checkLockFile0ErrorCode
2026-08-28 01:45:16,590 [ERROR] LogOutputStream:75 - [STDERR_REDIRECT] WARNING: Could not lock System prefs. Unix error code 0.
2026-08-28 01:45:16,590 [ERROR] LogOutputStream:75 - [STDERR_REDIRECT] 
2026-08-28 01:45:16,590 [ERROR] LogOutputStream:75 - [STDERR_REDIRECT] Aug 28, 2026 1:45:16 AM java.util.prefs.FileSystemPreferences syncWorld
2026-08-28 01:45:16,590 [ERROR] LogOutputStream:75 - [STDERR_REDIRECT] WARNING: Couldn't flush system prefs: java.util.prefs.BackingStoreException: Couldn't get file lock.
2026-08-28 01:45:16,590 [ERROR] LogOutputStream:75 - [STDERR_REDIRECT] 
2026-08-28 01:45:46,590 [ERROR] LogOutputStream:75 - [STDERR_REDIRECT] Aug 28, 2026 1:45:46 AM java.util.prefs.FileSystemPreferences checkLockFile0ErrorCode
2026-08-28 01:45:46,590 [ERROR] LogOutputStream:75 - [STDERR_REDIRECT] WARNING: Could not lock System prefs. Unix error code 0.
2026-08-28 01:45:46,590 [ERROR] LogOutputStream:75 - [STDERR_REDIRECT] 
2026-08-28 01:45:46,590 [ERROR] LogOutputStream:75 - [STDERR_REDIRECT] Aug 28, 2026 1:45:46 AM java.util.prefs.FileSystemPreferences syncWorld
2026-08-28 01:45:46,591 [ERROR] LogOutputStream:75 - [STDERR_REDIRECT] WARNING: Couldn't flush system prefs: java.util.prefs.BackingStoreException: Couldn't get file lock.
2026-08-28 01:45:46,591 [ERROR] LogOutputStream:75 - [STDERR_REDIRECT] 
2026-08-28 01:46:16,590 [ERROR] LogOutputStream:75 - [STDERR_REDIRECT] Aug 28, 2026 1:46:16 AM java.util.prefs.FileSystemPreferences checkLockFile0ErrorCode
2026-08-28 01:46:16,590 [ERROR] LogOutputStream:75 - [STDERR_REDIRECT] WARNING: Could not lock System prefs. Unix error code 0.
2026-08-28 01:46:16,590 [ERROR] LogOutputStream:75 - [STDERR_REDIRECT] 
2026-08-28 01:46:16,591 [ERROR] LogOutputStream:75 - [STDERR_REDIRECT] Aug 28, 2026 1:46:16 AM java.util.prefs.FileSystemPreferences syncWorld
2026-08-28 01:46:16,591 [ERROR] LogOutputStream:75 - [STDERR_REDIRECT] WARNING: Couldn't flush system prefs: java.util.prefs.BackingStoreException: Couldn't get file lock.
2026-08-28 01:46:16,591 [ERROR] LogOutputStream:75 - [STDERR_REDIRECT] 
2026-08-28 01:46:46,591 [ERROR] LogOutputStream:75 - [STDERR_REDIRECT] Aug 28, 2026 1:46:46 AM java.util.prefs.FileSystemPreferences checkLockFile0ErrorCode
2026-08-28 01:46:46,591 [ERROR] LogOutputStream:75 - [STDERR_REDIRECT] WARNING: Could not lock System prefs. Unix error code 0.
2026-08-28 01:46:46,591 [ERROR] LogOutputStream:75 - [STDERR_REDIRECT] 
2026-08-28 01:46:46,591 [ERROR] LogOutputStream:75 - [STDERR_REDIRECT] Aug 28, 2026 1:46:46 AM java.util.prefs.FileSystemPreferences syncWorld
2026-08-28 01:46:46,591 [ERROR] LogOutputStream:75 - [STDERR_REDIRECT] WARNING: Couldn't flush system prefs: java.util.prefs.BackingStoreException: Couldn't get file lock.
2026-08-28 01:46:46,591 [ERROR] LogOutputStream:75 - [STDERR_REDIRECT] 
2026-08-28 01:47:16,590 [ERROR] LogOutputStream:75 - [STDERR_REDIRECT] Aug 28, 2026 1:47:16 AM java.util.prefs.FileSystemPreferences checkLockFile0ErrorCode
2026-08-28 01:47:16,591 [ERROR] LogOutputStream:75 - [STDERR_REDIRECT] WARNING: Could not lock System prefs. Unix error code 0.
2026-08-28 01:47:16,591 [ERROR] LogOutputStream:75 - [STDERR_REDIRECT] 
2026-08-28 01:47:16,591 [ERROR] LogOutputStream:75 - [STDERR_REDIRECT] Aug 28, 2026 1:47:16 AM java.util.prefs.FileSystemPreferences syncWorld
2026-08-28 01:47:16,591 [ERROR] LogOutputStream:75 - [STDERR_REDIRECT] WARNING: Couldn't flush system prefs: java.util.prefs.BackingStoreException: Couldn't get file lock.
2026-08-28 01:47:16,591 [ERROR] LogOutputStream:75 - [STDERR_REDIRECT] 
2026-08-28 01:47:46,591 [ERROR] LogOutputStream:75 - [STDERR_REDIRECT] Aug 28, 2026 1:47:46 AM java.util.prefs.FileSystemPreferences checkLockFile0ErrorCode
2026-08-28 01:47:46,591 [ERROR] LogOutputStream:75 - [STDERR_REDIRECT] WARNING: Could not lock System prefs. Unix error code 0.
2026-08-28 01:47:46,591 [ERROR] LogOutputStream:75 - [STDERR_REDIRECT] 
2026-08-28 01:47:46,591 [ERROR] LogOutputStream:75 - [STDERR_REDIRECT] Aug 28, 2026 1:47:46 AM java.util.prefs.FileSystemPreferences syncWorld
2026-08-28 01:47:46,591 [ERROR] LogOutputStream:75 - [STDERR_REDIRECT] WARNING: Couldn't flush system prefs: java.util.prefs.BackingStoreException: Couldn't get file lock.
2026-08-28 01:47:46,591 [ERROR] LogOutputStream:75 - [STDERR_REDIRECT] 
2026-08-28 01:48:16,592 [ERROR] LogOutputStream:75 - [STDERR_REDIRECT] Aug 28, 2026 1:48:16 AM java.util.prefs.FileSystemPreferences checkLockFile0ErrorCode
2026-08-28 01:48:16,592 [ERROR] LogOutputStream:75 - [STDERR_REDIRECT] WARNING: Could not lock System prefs. Unix error code 0.
2026-08-28 01:48:16,592 [ERROR] LogOutputStream:75 - [STDERR_REDIRECT] 
2026-08-28 01:48:16,592 [ERROR] LogOutputStream:75 - [STDERR_REDIRECT] Aug 28, 2026 1:48:16 AM java.util.prefs.FileSystemPreferences syncWorld
2026-08-28 01:48:16,592 [ERROR] LogOutputStream:75 - [STDERR_REDIRECT] WARNING: Couldn't flush system prefs: java.util.prefs.BackingStoreException: Couldn't get file lock.
2026-08-28 01:48:16,592 [ERROR] LogOutputStream:75 - [STDERR_REDIRECT] 
2026-08-28 01:48:46,592 [ERROR] LogOutputStream:75 - [STDERR_REDIRECT] Aug 28, 2026 1:48:46 AM java.util.prefs.FileSystemPreferences checkLockFile0ErrorCode
2026-08-28 01:48:46,592 [ERROR] LogOutputStream:75 - [STDERR_REDIRECT] WARNING: Could not lock System prefs. Unix error code 0.
2026-08-28 01:48:46,592 [ERROR] LogOutputStream:75 - [STDERR_REDIRECT] 
2026-08-28 01:48:46,593 [ERROR] LogOutputStream:75 - [STDERR_REDIRECT] Aug 28, 2026 1:48:46 AM java.util.prefs.FileSystemPreferences syncWorld
2026-08-28 01:48:46,593 [ERROR] LogOutputStream:75 - [STDERR_REDIRECT] WARNING: Couldn't flush system prefs: java.util.prefs.BackingStoreException: Couldn't get file lock.
2026-08-28 01:48:46,593 [ERROR] LogOutputStream:75 - [STDERR_REDIRECT] 
2026-08-28 01:49:16,593 [ERROR] LogOutputStream:75 - [STDERR_REDIRECT] Aug 28, 2026 1:49:16 AM java.util.prefs.FileSystemPreferences checkLockFile0ErrorCode
2026-08-28 01:49:16,594 [ERROR] LogOutputStream:75 - [STDERR_REDIRECT] WARNING: Could not lock System prefs. Unix error code 0.
2026-08-28 01:49:16,594 [ERROR] LogOutputStream:75 - [STDERR_REDIRECT] 
2026-08-28 01:49:16,594 [ERROR] LogOutputStream:75 - [STDERR_REDIRECT] Aug 28, 2026 1:49:16 AM java.util.prefs.FileSystemPreferences syncWorld
2026-08-28 01:49:16,594 [ERROR] LogOutputStream:75 - [STDERR_REDIRECT] WARNING: Couldn't flush system prefs: java.util.prefs.BackingStoreException: Couldn't get file lock.
2026-08-28 01:49:16,594 [ERROR] LogOutputStream:75 - [STDERR_REDIRECT] 
2026-08-28 01:49:46,593 [ERROR] LogOutputStream:75 - [STDERR_REDIRECT] Aug 28, 2026 1:49:46 AM java.util.prefs.FileSystemPreferences checkLockFile0ErrorCode
2026-08-28 01:49:46,593 [ERROR] LogOutputStream:75 - [STDERR_REDIRECT] WARNING: Could not lock System prefs. Unix error code 0.
2026-08-28 01:49:46,593 [ERROR] LogOutputStream:75 - [STDERR_REDIRECT] 
2026-08-28 01:49:46,594 [ERROR] LogOutputStream:75 - [STDERR_REDIRECT] Aug 28, 2026 1:49:46 AM java.util.prefs.FileSystemPreferences syncWorld
2026-08-28 01:49:46,594 [ERROR] LogOutputStream:75 - [STDERR_REDIRECT] WARNING: Couldn't flush system prefs: java.util.prefs.BackingStoreException: Couldn't get file lock.
2026-08-28 01:49:46,594 [ERROR] LogOutputStream:75 - [STDERR_REDIRECT] 
2026-08-28 19:51:33,550 [ERROR] LogOutputStream:75 - [STDERR_REDIRECT] Aug 28, 2026 7:51:33 PM java.util.prefs.FileSystemPreferences checkLockFile0ErrorCode
2026-08-28 19:51:33,550 [ERROR] LogOutputStream:75 - [STDERR_REDIRECT] WARNING: Could not lock System prefs. Unix error code 0.
2026-08-28 19:51:33,550 [ERROR] LogOutputStream:75 - [STDERR_REDIRECT] 
2026-08-28 19:51:33,551 [ERROR] LogOutputStream:75 - [STDERR_REDIRECT] Aug 28, 2026 7:51:33 PM java.util.prefs.FileSystemPreferences syncWorld
2026-08-28 19:51:33,551 [ERROR] LogOutputStream:75 - [STDERR_REDIRECT] WARNING: Couldn't flush system prefs: java.util.prefs.BackingStoreException: Couldn't get file lock.
2026-08-28 19:51:33,551 [ERROR] LogOutputStream:75 - [STDERR_REDIRECT] 
2026-08-28 19:52:03,550 [ERROR] LogOutputStream:75 - [STDERR_REDIRECT] Aug 28, 2026 7:52:03 PM java.util.prefs.FileSystemPreferences checkLockFile0ErrorCode
2026-08-28 19:52:03,551 [ERROR] LogOutputStream:75 - [STDERR_REDIRECT] WARNING: Could not lock System prefs. Unix error code 0.
2026-08-28 19:52:03,551 [ERROR] LogOutputStream:75 - [STDERR_REDIRECT] 
2026-08-28 19:52:03,551 [ERROR] LogOutputStream:75 - [STDERR_REDIRECT] Aug 28, 2026 7:52:03 PM java.util.prefs.FileSystemPreferences syncWorld
2026-08-28 19:52:03,551 [ERROR] LogOutputStream:75 - [STDERR_REDIRECT] WARNING: Couldn't flush system prefs: java.util.prefs.BackingStoreException: Couldn't get file lock.
2026-08-28 19:52:03,551 [ERROR] LogOutputStream:75 - [STDERR_REDIRECT] 
2026-08-28 19:52:33,544 [ERROR] LogOutputStream:75 - [STDERR_REDIRECT] Aug 28, 2026 7:52:33 PM java.util.prefs.FileSystemPreferences checkLockFile0ErrorCode
2026-08-28 19:52:33,544 [ERROR] LogOutputStream:75 - [STDERR_REDIRECT] WARNING: Could not lock System prefs. Unix error code 0.
2026-08-28 19:52:33,545 [ERROR] LogOutputStream:75 - [STDERR_REDIRECT] 
2026-08-28 19:52:33,545 [ERROR] LogOutputStream:75 - [STDERR_REDIRECT] Aug 28, 2026 7:52:33 PM java.util.prefs.FileSystemPreferences syncWorld
2026-08-28 19:52:33,545 [ERROR] LogOutputStream:75 - [STDERR_REDIRECT] WARNING: Couldn't flush system prefs: java.util.prefs.BackingStoreException: Couldn't get file lock.
2026-08-28 19:52:33,545 [ERROR] LogOutputStream:75 - [STDERR_REDIRECT] 
2026-08-28 19:53:03,544 [ERROR] LogOutputStream:75 - [STDERR_REDIRECT] Aug 28, 2026 7:53:03 PM java.util.prefs.FileSystemPreferences checkLockFile0ErrorCode
2026-08-28 19:53:03,545 [ERROR] LogOutputStream:75 - [STDERR_REDIRECT] WARNING: Could not lock System prefs. Unix error code 0.
2026-08-28 19:53:03,545 [ERROR] LogOutputStream:75 - [STDERR_REDIRECT] 
2026-08-28 19:53:03,545 [ERROR] LogOutputStream:75 - [STDERR_REDIRECT] Aug 28, 2026 7:53:03 PM java.util.prefs.FileSystemPreferences syncWorld
2026-08-28 19:53:03,545 [ERROR] LogOutputStream:75 - [STDERR_REDIRECT] WARNING: Couldn't flush system prefs: java.util.prefs.BackingStoreException: Couldn't get file lock.
2026-08-28 19:53:03,545 [ERROR] LogOutputStream:75 - [STDERR_REDIRECT] 
2026-08-28 19:53:33,545 [ERROR] LogOutputStream:75 - [STDERR_REDIRECT] Aug 28, 2026 7:53:33 PM java.util.prefs.FileSystemPreferences checkLockFile0ErrorCode
2026-08-28 19:53:33,545 [ERROR] LogOutputStream:75 - [STDERR_REDIRECT] WARNING: Could not lock System prefs. Unix error code 0.
2026-08-28 19:53:33,545 [ERROR] LogOutputStream:75 - [STDERR_REDIRECT] 
2026-08-28 19:53:33,546 [ERROR] LogOutputStream:75 - [STDERR_REDIRECT] Aug 28, 2026 7:53:33 PM java.util.prefs.FileSystemPreferences syncWorld
2026-08-28 19:53:33,546 [ERROR] LogOutputStream:75 - [STDERR_REDIRECT] WARNING: Couldn't flush system prefs: java.util.prefs.BackingStoreException: Couldn't get file lock.
2026-08-28 19:53:33,546 [ERROR] LogOutputStream:75 - [STDERR_REDIRECT] 
2026-08-28 19:54:03,545 [ERROR] LogOutputStream:75 - [STDERR_REDIRECT] Aug 28, 2026 7:54:03 PM java.util.prefs.FileSystemPreferences checkLockFile0ErrorCode
2026-08-28 19:54:03,545 [ERROR] LogOutputStream:75 - [STDERR_REDIRECT] WARNING: Could not lock System prefs. Unix error code 0.
2026-08-28 19:54:03,545 [ERROR] LogOutputStream:75 - [STDERR_REDIRECT] 
2026-08-28 19:54:03,546 [ERROR] LogOutputStream:75 - [STDERR_REDIRECT] Aug 28, 2026 7:54:03 PM java.util.prefs.FileSystemPreferences syncWorld
2026-08-28 19:54:03,546 [ERROR] LogOutputStream:75 - [STDERR_REDIRECT] WARNING: Couldn't flush system prefs: java.util.prefs.BackingStoreException: Couldn't get file lock.
2026-08-28 19:54:03,546 [ERROR] LogOutputStream:75 - [STDERR_REDIRECT] 
2026-08-28 19:54:33,545 [ERROR] LogOutputStream:75 - [STDERR_REDIRECT] Aug 28, 2026 7:54:33 PM java.util.prefs.FileSystemPreferences checkLockFile0ErrorCode
2026-08-28 19:54:33,545 [ERROR] LogOutputStream:75 - [STDERR_REDIRECT] WARNING: Could not lock System prefs. Unix error code 0.
2026-08-28 19:54:33,545 [ERROR] LogOutputStream:75 - [STDERR_REDIRECT] 
2026-08-28 19:54:33,545 [ERROR] LogOutputStream:75 - [STDERR_REDIRECT] Aug 28, 2026 7:54:33 PM java.util.prefs.FileSystemPreferences syncWorld
2026-08-28 19:54:33,545 [ERROR] LogOutputStream:75 - [STDERR_REDIRECT] WARNING: Couldn't flush system prefs: java.util.prefs.BackingStoreException: Couldn't get file lock.
2026-08-28 19:54:33,545 [ERROR] LogOutputStream:75 - [STDERR_REDIRECT] 
2026-08-28 19:55:03,546 [ERROR] LogOutputStream:75 - [STDERR_REDIRECT] Aug 28, 2026 7:55:03 PM java.util.prefs.FileSystemPreferences checkLockFile0ErrorCode
2026-08-28 19:55:03,546 [ERROR] LogOutputStream:75 - [STDERR_REDIRECT] WARNING: Could not lock System prefs. Unix error code 0.
2026-08-28 19:55:03,546 [ERROR] LogOutputStream:75 - [STDERR_REDIRECT] 
2026-08-28 19:55:03,546 [ERROR] LogOutputStream:75 - [STDERR_REDIRECT] Aug 28, 2026 7:55:03 PM java.util.prefs.FileSystemPreferences syncWorld
2026-08-28 19:55:03,546 [ERROR] LogOutputStream:75 - [STDERR_REDIRECT] WARNING: Couldn't flush system prefs: java.util.prefs.BackingStoreException: Couldn't get file lock.
2026-08-28 19:55:03,546 [ERROR] LogOutputStream:75 - [STDERR_REDIRECT] 
2026-08-28 19:55:33,547 [ERROR] LogOutputStream:75 - [STDERR_REDIRECT] Aug 28, 2026 7:55:33 PM java.util.prefs.FileSystemPreferences checkLockFile0ErrorCode
2026-08-28 19:55:33,547 [ERROR] LogOutputStream:75 - [STDERR_REDIRECT] WARNING: Could not lock System prefs. Unix error code 0.
2026-08-28 19:55:33,547 [ERROR] LogOutputStream:75 - [STDERR_REDIRECT] 
2026-08-28 19:55:33,547 [ERROR] LogOutputStream:75 - [STDERR_REDIRECT] Aug 28, 2026 7:55:33 PM java.util.prefs.FileSystemPreferences syncWorld
2026-08-28 19:55:33,547 [ERROR] LogOutputStream:75 - [STDERR_REDIRECT] WARNING: Couldn't flush system prefs: java.util.prefs.BackingStoreException: Couldn't get file lock.
2026-08-28 19:55:33,547 [ERROR] LogOutputStream:75 - [STDERR_REDIRECT] 
2026-08-28 19:56:03,547 [ERROR] LogOutputStream:75 - [STDERR_REDIRECT] Aug 28, 2026 7:56:03 PM java.util.prefs.FileSystemPreferences checkLockFile0ErrorCode
2026-08-28 19:56:03,547 [ERROR] LogOutputStream:75 - [STDERR_REDIRECT] WARNING: Could not lock System prefs. Unix error code 0.
2026-08-28 19:56:03,547 [ERROR] LogOutputStream:75 - [STDERR_REDIRECT] 
2026-08-28 19:56:03,548 [ERROR] LogOutputStream:75 - [STDERR_REDIRECT] Aug 28, 2026 7:56:03 PM java.util.prefs.FileSystemPreferences syncWorld
2026-08-28 19:56:03,548 [ERROR] LogOutputStream:75 - [STDERR_REDIRECT] WARNING: Couldn't flush system prefs: java.util.prefs.BackingStoreException: Couldn't get file lock.
2026-08-28 19:56:03,548 [ERROR] LogOutputStream:75 - [STDERR_REDIRECT] 
2026-08-28 19:56:33,548 [ERROR] LogOutputStream:75 - [STDERR_REDIRECT] Aug 28, 2026 7:56:33 PM java.util.prefs.FileSystemPreferences checkLockFile0ErrorCode
2026-08-28 19:56:33,548 [ERROR] LogOutputStream:75 - [STDERR_REDIRECT] WARNING: Could not lock System prefs. Unix error code 0.
2026-08-28 19:56:33,548 [ERROR] LogOutputStream:75 - [STDERR_REDIRECT] 
2026-08-28 19:56:33,548 [ERROR] LogOutputStream:75 - [STDERR_REDIRECT] Aug 28, 2026 7:56:33 PM java.util.prefs.FileSystemPreferences syncWorld
2026-08-28 19:56:33,548 [ERROR] LogOutputStream:75 - [STDERR_REDIRECT] WARNING: Couldn't flush system prefs: java.util.prefs.BackingStoreException: Couldn't get file lock.
2026-08-28 19:56:33,548 [ERROR] LogOutputStream:75 - [STDERR_REDIRECT] 
2026-08-28 19:57:03,549 [ERROR] LogOutputStream:75 - [STDERR_REDIRECT] Aug 28, 2026 7:57:03 PM java.util.prefs.FileSystemPreferences checkLockFile0ErrorCode
2026-08-28 19:57:03,549 [ERROR] LogOutputStream:75 - [STDERR_REDIRECT] WARNING: Could not lock System prefs. Unix error code 0.
2026-08-28 19:57:03,549 [ERROR] LogOutputStream:75 - [STDERR_REDIRECT] 
2026-08-28 19:57:03,549 [ERROR] LogOutputStream:75 - [STDERR_REDIRECT] Aug 28, 2026 7:57:03 PM java.util.prefs.FileSystemPreferences syncWorld
2026-08-28 19:57:03,550 [ERROR] LogOutputStream:75 - [STDERR_REDIRECT] WARNING: Couldn't flush system prefs: java.util.prefs.BackingStoreException: Couldn't get file lock.
2026-08-28 19:57:03,550 [ERROR] LogOutputStream:75 - [STDERR_REDIRECT] 
2026-08-28 19:57:33,549 [ERROR] LogOutputStream:75 - [STDERR_REDIRECT] Aug 28, 2026 7:57:33 PM java.util.prefs.FileSystemPreferences checkLockFile0ErrorCode
2026-08-28 19:57:33,549 [ERROR] LogOutputStream:75 - [STDERR_REDIRECT] WARNING: Could not lock System prefs. Unix error code 0.
2026-08-28 19:57:33,549 [ERROR] LogOutputStream:75 - [STDERR_REDIRECT] 
2026-08-28 19:57:33,550 [ERROR] LogOutputStream:75 - [STDERR_REDIRECT] Aug 28, 2026 7:57:33 PM java.util.prefs.FileSystemPreferences syncWorld
2026-08-28 19:57:33,550 [ERROR] LogOutputStream:75 - [STDERR_REDIRECT] WARNING: Couldn't flush system prefs: java.util.prefs.BackingStoreException: Couldn't get file lock.
2026-08-28 19:57:33,550 [ERROR] LogOutputStream:75 - [STDERR_REDIRECT] 
2026-08-28 19:58:03,549 [ERROR] LogOutputStream:75 - [STDERR_REDIRECT] Aug 28, 2026 7:58:03 PM java.util.prefs.FileSystemPreferences checkLockFile0ErrorCode
2026-08-28 19:58:03,549 [ERROR] LogOutputStream:75 - [STDERR_REDIRECT] WARNING: Could not lock System prefs. Unix error code 0.
2026-08-28 19:58:03,549 [ERROR] LogOutputStream:75 - [STDERR_REDIRECT] 
2026-08-28 19:58:03,550 [ERROR] LogOutputStream:75 - [STDERR_REDIRECT] Aug 28, 2026 7:58:03 PM java.util.prefs.FileSystemPreferences syncWorld
2026-08-28 19:58:03,550 [ERROR] LogOutputStream:75 - [STDERR_REDIRECT] WARNING: Couldn't flush system prefs: java.util.prefs.BackingStoreException: Couldn't get file lock.
2026-08-28 19:58:03,550 [ERROR] LogOutputStream:75 - [STDERR_REDIRECT] 
2026-08-28 19:58:33,549 [ERROR] LogOutputStream:75 - [STDERR_REDIRECT] Aug 28, 2026 7:58:33 PM java.util.prefs.FileSystemPreferences checkLockFile0ErrorCode
2026-08-28 19:58:33,549 [ERROR] LogOutputStream:75 - [STDERR_REDIRECT] WARNING: Could not lock System prefs. Unix error code 0.
2026-08-28 19:58:33,550 [ERROR] LogOutputStream:75 - [STDERR_REDIRECT] 
2026-08-28 19:58:33,550 [ERROR] LogOutputStream:75 - [STDERR_REDIRECT] Aug 28, 2026 7:58:33 PM java.util.prefs.FileSystemPreferences syncWorld
2026-08-28 19:58:33,550 [ERROR] LogOutputStream:75 - [STDERR_REDIRECT] WARNING: Couldn't flush system prefs: java.util.prefs.BackingStoreException: Couldn't get file lock.
2026-08-28 19:58:33,550 [ERROR] LogOutputStream:75 - [STDERR_REDIRECT] 
2026-08-28 19:59:03,549 [ERROR] LogOutputStream:75 - [STDERR_REDIRECT] Aug 28, 2026 7:59:03 PM java.util.prefs.FileSystemPreferences checkLockFile0ErrorCode
2026-08-28 19:59:03,549 [ERROR] LogOutputStream:75 - [STDERR_REDIRECT] WARNING: Could not lock System prefs. Unix error code 0.
2026-08-28 19:59:03,549 [ERROR] LogOutputStream:75 - [STDERR_REDIRECT] 
2026-08-28 19:59:03,550 [ERROR] LogOutputStream:75 - [STDERR_REDIRECT] Aug 28, 2026 7:59:03 PM java.util.prefs.FileSystemPreferences syncWorld
2026-08-28 19:59:03,550 [ERROR] LogOutputStream:75 - [STDERR_REDIRECT] WARNING: Couldn't flush system prefs: java.util.prefs.BackingStoreException: Couldn't get file lock.
2026-08-28 19:59:03,550 [ERROR] LogOutputStream:75 - [STDERR_REDIRECT] 
2026-08-28 19:59:33,549 [ERROR] LogOutputStream:75 - [STDERR_REDIRECT] Aug 28, 2026 7:59:33 PM java.util.prefs.FileSystemPreferences checkLockFile0ErrorCode
2026-08-28 19:59:33,549 [ERROR] LogOutputStream:75 - [STDERR_REDIRECT] WARNING: Could not lock System prefs. Unix error code 0.
2026-08-28 19:59:33,549 [ERROR] LogOutputStream:75 - [STDERR_REDIRECT] 
2026-08-28 19:59:33,549 [ERROR] LogOutputStream:75 - [STDERR_REDIRECT] Aug 28, 2026 7:59:33 PM java.util.prefs.FileSystemPreferences syncWorld
2026-08-28 19:59:33,567 [ERROR] LogOutputStream:75 - [STDERR_REDIRECT] WARNING: Couldn't flush system prefs: java.util.prefs.BackingStoreException: Couldn't get file lock.
2026-08-28 19:59:33,567 [ERROR] LogOutputStream:75 - [STDERR_REDIRECT] 
2026-08-28 20:00:03,549 [ERROR] LogOutputStream:75 - [STDERR_REDIRECT] Aug 28, 2026 8:00:03 PM java.util.prefs.FileSystemPreferences checkLockFile0ErrorCode
2026-08-28 20:00:03,549 [ERROR] LogOutputStream:75 - [STDERR_REDIRECT] WARNING: Could not lock System prefs. Unix error code 0.
2026-08-28 20:00:03,549 [ERROR] LogOutputStream:75 - [STDERR_REDIRECT] 
2026-08-28 20:00:03,549 [ERROR] LogOutputStream:75 - [STDERR_REDIRECT] Aug 28, 2026 8:00:03 PM java.util.prefs.FileSystemPreferences syncWorld
2026-08-28 20:00:03,550 [ERROR] LogOutputStream:75 - [STDERR_REDIRECT] WARNING: Couldn't flush system prefs: java.util.prefs.BackingStoreException: Couldn't get file lock.
2026-08-28 20:00:03,550 [ERROR] LogOutputStream:75 - [STDERR_REDIRECT] 
2026-08-28 20:00:33,549 [ERROR] LogOutputStream:75 - [STDERR_REDIRECT] Aug 28, 2026 8:00:33 PM java.util.prefs.FileSystemPreferences checkLockFile0ErrorCode
2026-08-28 20:00:33,549 [ERROR] LogOutputStream:75 - [STDERR_REDIRECT] WARNING: Could not lock System prefs. Unix error code 0.
2026-08-28 20:00:33,549 [ERROR] LogOutputStream:75 - [STDERR_REDIRECT] 
2026-08-28 20:00:33,549 [ERROR] LogOutputStream:75 - [STDERR_REDIRECT] Aug 28, 2026 8:00:33 PM java.util.prefs.FileSystemPreferences syncWorld
2026-08-28 20:00:33,549 [ERROR] LogOutputStream:75 - [STDERR_REDIRECT] WARNING: Couldn't flush system prefs: java.util.prefs.BackingStoreException: Couldn't get file lock.
2026-08-28 20:00:33,549 [ERROR] LogOutputStream:75 - [STDERR_REDIRECT] 
2026-08-28 20:01:03,549 [ERROR] LogOutputStream:75 - [STDERR_REDIRECT] Aug 28, 2026 8:01:03 PM java.util.prefs.FileSystemPreferences checkLockFile0ErrorCode
2026-08-28 20:01:03,549 [ERROR] LogOutputStream:75 - [STDERR_REDIRECT] WARNING: Could not lock System prefs. Unix error code 0.
2026-08-28 20:01:03,550 [ERROR] LogOutputStream:75 - [STDERR_REDIRECT] 
2026-08-28 20:01:03,550 [ERROR] LogOutputStream:75 - [STDERR_REDIRECT] Aug 28, 2026 8:01:03 PM java.util.prefs.FileSystemPreferences syncWorld
2026-08-28 20:01:03,550 [ERROR] LogOutputStream:75 - [STDERR_REDIRECT] WARNING: Couldn't flush system prefs: java.util.prefs.BackingStoreException: Couldn't get file lock.
2026-08-28 20:01:03,550 [ERROR] LogOutputStream:75 - [STDERR_REDIRECT] 
2026-08-28 20:01:33,550 [ERROR] LogOutputStream:75 - [STDERR_REDIRECT] Aug 28, 2026 8:01:33 PM java.util.prefs.FileSystemPreferences checkLockFile0ErrorCode
2026-08-28 20:01:33,550 [ERROR] LogOutputStream:75 - [STDERR_REDIRECT] WARNING: Could not lock System prefs. Unix error code 0.
2026-08-28 20:01:33,550 [ERROR] LogOutputStream:75 - [STDERR_REDIRECT] 
2026-08-28 20:01:33,551 [ERROR] LogOutputStream:75 - [STDERR_REDIRECT] Aug 28, 2026 8:01:33 PM java.util.prefs.FileSystemPreferences syncWorld
2026-08-28 20:01:33,551 [ERROR] LogOutputStream:75 - [STDERR_REDIRECT] WARNING: Couldn't flush system prefs: java.util.prefs.BackingStoreException: Couldn't get file lock.
2026-08-28 20:01:33,551 [ERROR] LogOutputStream:75 - [STDERR_REDIRECT] 
2026-08-28 20:02:03,550 [ERROR] LogOutputStream:75 - [STDERR_REDIRECT] Aug 28, 2026 8:02:03 PM java.util.prefs.FileSystemPreferences checkLockFile0ErrorCode
2026-08-28 20:02:03,550 [ERROR] LogOutputStream:75 - [STDERR_REDIRECT] WARNING: Could not lock System prefs. Unix error code 0.
2026-08-28 20:02:03,550 [ERROR] LogOutputStream:75 - [STDERR_REDIRECT] 
2026-08-28 20:02:03,550 [ERROR] LogOutputStream:75 - [STDERR_REDIRECT] Aug 28, 2026 8:02:03 PM java.util.prefs.FileSystemPreferences syncWorld
2026-08-28 20:02:03,551 [ERROR] LogOutputStream:75 - [STDERR_REDIRECT] WARNING: Couldn't flush system prefs: java.util.prefs.BackingStoreException: Couldn't get file lock.
2026-08-28 20:02:03,551 [ERROR] LogOutputStream:75 - [STDERR_REDIRECT] 
2026-08-28 20:02:33,550 [ERROR] LogOutputStream:75 - [STDERR_REDIRECT] Aug 28, 2026 8:02:33 PM java.util.prefs.FileSystemPreferences checkLockFile0ErrorCode
2026-08-28 20:02:33,550 [ERROR] LogOutputStream:75 - [STDERR_REDIRECT] WARNING: Could not lock System prefs. Unix error code 0.
2026-08-28 20:02:33,550 [ERROR] LogOutputStream:75 - [STDERR_REDIRECT] 
2026-08-28 20:02:33,550 [ERROR] LogOutputStream:75 - [STDERR_REDIRECT] Aug 28, 2026 8:02:33 PM java.util.prefs.FileSystemPreferences syncWorld
2026-08-28 20:02:33,551 [ERROR] LogOutputStream:75 - [STDERR_REDIRECT] WARNING: Couldn't flush system prefs: java.util.prefs.BackingStoreException: Couldn't get file lock.
2026-08-28 20:02:33,551 [ERROR] LogOutputStream:75 - [STDERR_REDIRECT] 
2026-08-28 20:03:03,550 [ERROR] LogOutputStream:75 - [STDERR_REDIRECT] Aug 28, 2026 8:03:03 PM java.util.prefs.FileSystemPreferences checkLockFile0ErrorCode
2026-08-28 20:03:03,550 [ERROR] LogOutputStream:75 - [STDERR_REDIRECT] WARNING: Could not lock System prefs. Unix error code 0.
2026-08-28 20:03:03,550 [ERROR] LogOutputStream:75 - [STDERR_REDIRECT] 
2026-08-28 20:03:03,550 [ERROR] LogOutputStream:75 - [STDERR_REDIRECT] Aug 28, 2026 8:03:03 PM java.util.prefs.FileSystemPreferences syncWorld
2026-08-28 20:03:03,551 [ERROR] LogOutputStream:75 - [STDERR_REDIRECT] WARNING: Couldn't flush system prefs: java.util.prefs.BackingStoreException: Couldn't get file lock.
2026-08-28 20:03:03,551 [ERROR] LogOutputStream:75 - [STDERR_REDIRECT] 
2026-08-28 20:03:33,550 [ERROR] LogOutputStream:75 - [STDERR_REDIRECT] Aug 28, 2026 8:03:33 PM java.util.prefs.FileSystemPreferences checkLockFile0ErrorCode
2026-08-28 20:03:33,550 [ERROR] LogOutputStream:75 - [STDERR_REDIRECT] WARNING: Could not lock System prefs. Unix error code 0.
2026-08-28 20:03:33,550 [ERROR] LogOutputStream:75 - [STDERR_REDIRECT] 
2026-08-28 20:03:33,551 [ERROR] LogOutputStream:75 - [STDERR_REDIRECT] Aug 28, 2026 8:03:33 PM java.util.prefs.FileSystemPreferences syncWorld
2026-08-28 20:03:33,551 [ERROR] LogOutputStream:75 - [STDERR_REDIRECT] WARNING: Couldn't flush system prefs: java.util.prefs.BackingStoreException: Couldn't get file lock.
2026-08-28 20:03:33,551 [ERROR] LogOutputStream:75 - [STDERR_REDIRECT] 
2026-08-28 20:04:03,550 [ERROR] LogOutputStream:75 - [STDERR_REDIRECT] Aug 28, 2026 8:04:03 PM java.util.prefs.FileSystemPreferences checkLockFile0ErrorCode
2026-08-28 20:04:03,550 [ERROR] LogOutputStream:75 - [STDERR_REDIRECT] WARNING: Could not lock System prefs. Unix error code 0.
2026-08-28 20:04:03,550 [ERROR] LogOutputStream:75 - [STDERR_REDIRECT] 
2026-08-28 20:04:03,550 [ERROR] LogOutputStream:75 - [STDERR_REDIRECT] Aug 28, 2026 8:04:03 PM java.util.prefs.FileSystemPreferences syncWorld
2026-08-28 20:04:03,551 [ERROR] LogOutputStream:75 - [STDERR_REDIRECT] WARNING: Couldn't flush system prefs: java.util.prefs.BackingStoreException: Couldn't get file lock.
2026-08-28 20:04:03,568 [ERROR] LogOutputStream:75 - [STDERR_REDIRECT] 
2026-08-28 20:04:33,549 [ERROR] LogOutputStream:75 - [STDERR_REDIRECT] Aug 28, 2026 8:04:33 PM java.util.prefs.FileSystemPreferences checkLockFile0ErrorCode
2026-08-28 20:04:33,549 [ERROR] LogOutputStream:75 - [STDERR_REDIRECT] WARNING: Could not lock System prefs. Unix error code 0.
2026-08-28 20:04:33,549 [ERROR] LogOutputStream:75 - [STDERR_REDIRECT] 
2026-08-28 20:04:33,550 [ERROR] LogOutputStream:75 - [STDERR_REDIRECT] Aug 28, 2026 8:04:33 PM java.util.prefs.FileSystemPreferences syncWorld
2026-08-28 20:04:33,550 [ERROR] LogOutputStream:75 - [STDERR_REDIRECT] WARNING: Couldn't flush system prefs: java.util.prefs.BackingStoreException: Couldn't get file lock.
2026-08-28 20:04:33,550 [ERROR] LogOutputStream:75 - [STDERR_REDIRECT] 
2026-08-28 20:05:03,550 [ERROR] LogOutputStream:75 - [STDERR_REDIRECT] Aug 28, 2026 8:05:03 PM java.util.prefs.FileSystemPreferences checkLockFile0ErrorCode
2026-08-28 20:05:03,550 [ERROR] LogOutputStream:75 - [STDERR_REDIRECT] WARNING: Could not lock System prefs. Unix error code 0.
2026-08-28 20:05:03,551 [ERROR] LogOutputStream:75 - [STDERR_REDIRECT] 
2026-08-28 20:05:03,551 [ERROR] LogOutputStream:75 - [STDERR_REDIRECT] Aug 28, 2026 8:05:03 PM java.util.prefs.FileSystemPreferences syncWorld
2026-08-28 20:05:03,551 [ERROR] LogOutputStream:75 - [STDERR_REDIRECT] WARNING: Couldn't flush system prefs: java.util.prefs.BackingStoreException: Couldn't get file lock.
2026-08-28 20:05:03,551 [ERROR] LogOutputStream:75 - [STDERR_REDIRECT] 
2026-08-28 20:05:33,550 [ERROR] LogOutputStream:75 - [STDERR_REDIRECT] Aug 28, 2026 8:05:33 PM java.util.prefs.FileSystemPreferences checkLockFile0ErrorCode
2026-08-28 20:05:33,551 [ERROR] LogOutputStream:75 - [STDERR_REDIRECT] WARNING: Could not lock System prefs. Unix error code 0.
2026-08-28 20:05:33,551 [ERROR] LogOutputStream:75 - [STDERR_REDIRECT] 
2026-08-28 20:05:33,551 [ERROR] LogOutputStream:75 - [STDERR_REDIRECT] Aug 28, 2026 8:05:33 PM java.util.prefs.FileSystemPreferences syncWorld
2026-08-28 20:05:33,551 [ERROR] LogOutputStream:75 - [STDERR_REDIRECT] WARNING: Couldn't flush system prefs: java.util.prefs.BackingStoreException: Couldn't get file lock.
2026-08-28 20:05:33,551 [ERROR] LogOutputStream:75 - [STDERR_REDIRECT] 
2026-08-28 20:06:03,550 [ERROR] LogOutputStream:75 - [STDERR_REDIRECT] Aug 28, 2026 8:06:03 PM java.util.prefs.FileSystemPreferences checkLockFile0ErrorCode
2026-08-28 20:06:03,550 [ERROR] LogOutputStream:75 - [STDERR_REDIRECT] WARNING: Could not lock System prefs. Unix error code 0.
2026-08-28 20:06:03,550 [ERROR] LogOutputStream:75 - [STDERR_REDIRECT] 
2026-08-28 20:06:03,550 [ERROR] LogOutputStream:75 - [STDERR_REDIRECT] Aug 28, 2026 8:06:03 PM java.util.prefs.FileSystemPreferences syncWorld
2026-08-28 20:06:03,550 [ERROR] LogOutputStream:75 - [STDERR_REDIRECT] WARNING: Couldn't flush system prefs: java.util.prefs.BackingStoreException: Couldn't get file lock.
2026-08-28 20:06:03,550 [ERROR] LogOutputStream:75 - [STDERR_REDIRECT] 
2026-08-28 20:06:33,550 [ERROR] LogOutputStream:75 - [STDERR_REDIRECT] Aug 28, 2026 8:06:33 PM java.util.prefs.FileSystemPreferences checkLockFile0ErrorCode
2026-08-28 20:06:33,550 [ERROR] LogOutputStream:75 - [STDERR_REDIRECT] WARNING: Could not lock System prefs. Unix error code 0.
2026-08-28 20:06:33,550 [ERROR] LogOutputStream:75 - [STDERR_REDIRECT] 
2026-08-28 20:06:33,551 [ERROR] LogOutputStream:75 - [STDERR_REDIRECT] Aug 28, 2026 8:06:33 PM java.util.prefs.FileSystemPreferences syncWorld
2026-08-28 20:06:33,551 [ERROR] LogOutputStream:75 - [STDERR_REDIRECT] WARNING: Couldn't flush system prefs: java.util.prefs.BackingStoreException: Couldn't get file lock.
2026-08-28 20:06:33,551 [ERROR] LogOutputStream:75 - [STDERR_REDIRECT] 
2026-08-28 20:07:03,551 [ERROR] LogOutputStream:75 - [STDERR_REDIRECT] Aug 28, 2026 8:07:03 PM java.util.prefs.FileSystemPreferences checkLockFile0ErrorCode
2026-08-28 20:07:03,551 [ERROR] LogOutputStream:75 - [STDERR_REDIRECT] WARNING: Could not lock System prefs. Unix error code 0.
2026-08-28 20:07:03,551 [ERROR] LogOutputStream:75 - [STDERR_REDIRECT] 
2026-08-28 20:07:03,551 [ERROR] LogOutputStream:75 - [STDERR_REDIRECT] Aug 28, 2026 8:07:03 PM java.util.prefs.FileSystemPreferences syncWorld
2026-08-28 20:07:03,551 [ERROR] LogOutputStream:75 - [STDERR_REDIRECT] WARNING: Couldn't flush system prefs: java.util.prefs.BackingStoreException: Couldn't get file lock.
2026-08-28 20:07:03,551 [ERROR] LogOutputStream:75 - [STDERR_REDIRECT] 
2026-08-28 20:07:33,552 [ERROR] LogOutputStream:75 - [STDERR_REDIRECT] Aug 28, 2026 8:07:33 PM java.util.prefs.FileSystemPreferences checkLockFile0ErrorCode
2026-08-28 20:07:33,552 [ERROR] LogOutputStream:75 - [STDERR_REDIRECT] WARNING: Could not lock System prefs. Unix error code 0.
2026-08-28 20:07:33,552 [ERROR] LogOutputStream:75 - [STDERR_REDIRECT] 
2026-08-28 20:07:33,552 [ERROR] LogOutputStream:75 - [STDERR_REDIRECT] Aug 28, 2026 8:07:33 PM java.util.prefs.FileSystemPreferences syncWorld
2026-08-28 20:07:33,553 [ERROR] LogOutputStream:75 - [STDERR_REDIRECT] WARNING: Couldn't flush system prefs: java.util.prefs.BackingStoreException: Couldn't get file lock.
2026-08-28 20:07:33,553 [ERROR] LogOutputStream:75 - [STDERR_REDIRECT] 
2026-08-28 20:08:03,552 [ERROR] LogOutputStream:75 - [STDERR_REDIRECT] Aug 28, 2026 8:08:03 PM java.util.prefs.FileSystemPreferences checkLockFile0ErrorCode
2026-08-28 20:08:03,552 [ERROR] LogOutputStream:75 - [STDERR_REDIRECT] WARNING: Could not lock System prefs. Unix error code 0.
2026-08-28 20:08:03,552 [ERROR] LogOutputStream:75 - [STDERR_REDIRECT] 
2026-08-28 20:08:03,552 [ERROR] LogOutputStream:75 - [STDERR_REDIRECT] Aug 28, 2026 8:08:03 PM java.util.prefs.FileSystemPreferences syncWorld
2026-08-28 20:08:03,552 [ERROR] LogOutputStream:75 - [STDERR_REDIRECT] WARNING: Couldn't flush system prefs: java.util.prefs.BackingStoreException: Couldn't get file lock.
2026-08-28 20:08:03,552 [ERROR] LogOutputStream:75 - [STDERR_REDIRECT] 
2026-08-28 20:08:33,554 [ERROR] LogOutputStream:75 - [STDERR_REDIRECT] Aug 28, 2026 8:08:33 PM java.util.prefs.FileSystemPreferences checkLockFile0ErrorCode
2026-08-28 20:08:33,555 [ERROR] LogOutputStream:75 - [STDERR_REDIRECT] WARNING: Could not lock System prefs. Unix error code 0.
2026-08-28 20:08:33,555 [ERROR] LogOutputStream:75 - [STDERR_REDIRECT] 
2026-08-28 20:08:33,555 [ERROR] LogOutputStream:75 - [STDERR_REDIRECT] Aug 28, 2026 8:08:33 PM java.util.prefs.FileSystemPreferences syncWorld
2026-08-28 20:08:33,555 [ERROR] LogOutputStream:75 - [STDERR_REDIRECT] WARNING: Couldn't flush system prefs: java.util.prefs.BackingStoreException: Couldn't get file lock.
2026-08-28 20:08:33,555 [ERROR] LogOutputStream:75 - [STDERR_REDIRECT] 
2026-08-28 20:09:03,554 [ERROR] LogOutputStream:75 - [STDERR_REDIRECT] Aug 28, 2026 8:09:03 PM java.util.prefs.FileSystemPreferences checkLockFile0ErrorCode
2026-08-28 20:09:03,554 [ERROR] LogOutputStream:75 - [STDERR_REDIRECT] WARNING: Could not lock System prefs. Unix error code 0.
2026-08-28 20:09:03,554 [ERROR] LogOutputStream:75 - [STDERR_REDIRECT] 
2026-08-28 20:09:03,554 [ERROR] LogOutputStream:75 - [STDERR_REDIRECT] Aug 28, 2026 8:09:03 PM java.util.prefs.FileSystemPreferences syncWorld
2026-08-28 20:09:03,555 [ERROR] LogOutputStream:75 - [STDERR_REDIRECT] WARNING: Couldn't flush system prefs: java.util.prefs.BackingStoreException: Couldn't get file lock.
2026-08-28 20:09:03,555 [ERROR] LogOutputStream:75 - [STDERR_REDIRECT] 
2026-08-28 20:09:33,554 [ERROR] LogOutputStream:75 - [STDERR_REDIRECT] Aug 28, 2026 8:09:33 PM java.util.prefs.FileSystemPreferences checkLockFile0ErrorCode
2026-08-28 20:09:33,554 [ERROR] LogOutputStream:75 - [STDERR_REDIRECT] WARNING: Could not lock System prefs. Unix error code 0.
2026-08-28 20:09:33,554 [ERROR] LogOutputStream:75 - [STDERR_REDIRECT] 
2026-08-28 20:09:33,554 [ERROR] LogOutputStream:75 - [STDERR_REDIRECT] Aug 28, 2026 8:09:33 PM java.util.prefs.FileSystemPreferences syncWorld
2026-08-28 20:09:33,554 [ERROR] LogOutputStream:75 - [STDERR_REDIRECT] WARNING: Couldn't flush system prefs: java.util.prefs.BackingStoreException: Couldn't get file lock.
2026-08-28 20:09:33,554 [ERROR] LogOutputStream:75 - [STDERR_REDIRECT] 
2026-08-28 20:10:03,554 [ERROR] LogOutputStream:75 - [STDERR_REDIRECT] Aug 28, 2026 8:10:03 PM java.util.prefs.FileSystemPreferences checkLockFile0ErrorCode
2026-08-28 20:10:03,554 [ERROR] LogOutputStream:75 - [STDERR_REDIRECT] WARNING: Could not lock System prefs. Unix error code 0.
2026-08-28 20:10:03,555 [ERROR] LogOutputStream:75 - [STDERR_REDIRECT] 
2026-08-28 20:10:03,555 [ERROR] LogOutputStream:75 - [STDERR_REDIRECT] Aug 28, 2026 8:10:03 PM java.util.prefs.FileSystemPreferences syncWorld
2026-08-28 20:10:03,555 [ERROR] LogOutputStream:75 - [STDERR_REDIRECT] WARNING: Couldn't flush system prefs: java.util.prefs.BackingStoreException: Couldn't get file lock.
2026-08-28 20:10:03,555 [ERROR] LogOutputStream:75 - [STDERR_REDIRECT] 
2026-08-28 20:10:33,555 [ERROR] LogOutputStream:75 - [STDERR_REDIRECT] Aug 28, 2026 8:10:33 PM java.util.prefs.FileSystemPreferences checkLockFile0ErrorCode
2026-08-28 20:10:33,555 [ERROR] LogOutputStream:75 - [STDERR_REDIRECT] WARNING: Could not lock System prefs. Unix error code 0.
2026-08-28 20:10:33,555 [ERROR] LogOutputStream:75 - [STDERR_REDIRECT] 
2026-08-28 20:10:33,556 [ERROR] LogOutputStream:75 - [STDERR_REDIRECT] Aug 28, 2026 8:10:33 PM java.util.prefs.FileSystemPreferences syncWorld
2026-08-28 20:10:33,556 [ERROR] LogOutputStream:75 - [STDERR_REDIRECT] WARNING: Couldn't flush system prefs: java.util.prefs.BackingStoreException: Couldn't get file lock.
2026-08-28 20:10:33,556 [ERROR] LogOutputStream:75 - [STDERR_REDIRECT] 
2026-08-28 20:11:03,555 [ERROR] LogOutputStream:75 - [STDERR_REDIRECT] Aug 28, 2026 8:11:03 PM java.util.prefs.FileSystemPreferences checkLockFile0ErrorCode
2026-08-28 20:11:03,555 [ERROR] LogOutputStream:75 - [STDERR_REDIRECT] WARNING: Could not lock System prefs. Unix error code 0.
2026-08-28 20:11:03,555 [ERROR] LogOutputStream:75 - [STDERR_REDIRECT] 
2026-08-28 20:11:03,556 [ERROR] LogOutputStream:75 - [STDERR_REDIRECT] Aug 28, 2026 8:11:03 PM java.util.prefs.FileSystemPreferences syncWorld
2026-08-28 20:11:03,556 [ERROR] LogOutputStream:75 - [STDERR_REDIRECT] WARNING: Couldn't flush system prefs: java.util.prefs.BackingStoreException: Couldn't get file lock.
2026-08-28 20:11:03,556 [ERROR] LogOutputStream:75 - [STDERR_REDIRECT] 
2026-08-28 20:11:33,555 [ERROR] LogOutputStream:75 - [STDERR_REDIRECT] Aug 28, 2026 8:11:33 PM java.util.prefs.FileSystemPreferences checkLockFile0ErrorCode
2026-08-28 20:11:33,555 [ERROR] LogOutputStream:75 - [STDERR_REDIRECT] WARNING: Could not lock System prefs. Unix error code 0.
2026-08-28 20:11:33,555 [ERROR] LogOutputStream:75 - [STDERR_REDIRECT] 
2026-08-28 20:11:33,555 [ERROR] LogOutputStream:75 - [STDERR_REDIRECT] Aug 28, 2026 8:11:33 PM java.util.prefs.FileSystemPreferences syncWorld
2026-08-28 20:11:33,555 [ERROR] LogOutputStream:75 - [STDERR_REDIRECT] WARNING: Couldn't flush system prefs: java.util.prefs.BackingStoreException: Couldn't get file lock.
2026-08-28 20:11:33,555 [ERROR] LogOutputStream:75 - [STDERR_REDIRECT] 
2026-08-28 20:12:03,555 [ERROR] LogOutputStream:75 - [STDERR_REDIRECT] Aug 28, 2026 8:12:03 PM java.util.prefs.FileSystemPreferences checkLockFile0ErrorCode
2026-08-28 20:12:03,556 [ERROR] LogOutputStream:75 - [STDERR_REDIRECT] WARNING: Could not lock System prefs. Unix error code 0.
2026-08-28 20:12:03,556 [ERROR] LogOutputStream:75 - [STDERR_REDIRECT] 
2026-08-28 20:12:03,556 [ERROR] LogOutputStream:75 - [STDERR_REDIRECT] Aug 28, 2026 8:12:03 PM java.util.prefs.FileSystemPreferences syncWorld
2026-08-28 20:12:03,556 [ERROR] LogOutputStream:75 - [STDERR_REDIRECT] WARNING: Couldn't flush system prefs: java.util.prefs.BackingStoreException: Couldn't get file lock.
2026-08-28 20:12:03,556 [ERROR] LogOutputStream:75 - [STDERR_REDIRECT] 
2026-08-28 20:12:33,556 [ERROR] LogOutputStream:75 - [STDERR_REDIRECT] Aug 28, 2026 8:12:33 PM java.util.prefs.FileSystemPreferences checkLockFile0ErrorCode
2026-08-28 20:12:33,557 [ERROR] LogOutputStream:75 - [STDERR_REDIRECT] WARNING: Could not lock System prefs. Unix error code 0.
2026-08-28 20:12:33,557 [ERROR] LogOutputStream:75 - [STDERR_REDIRECT] 
2026-08-28 20:12:33,557 [ERROR] LogOutputStream:75 - [STDERR_REDIRECT] Aug 28, 2026 8:12:33 PM java.util.prefs.FileSystemPreferences syncWorld
2026-08-28 20:12:33,557 [ERROR] LogOutputStream:75 - [STDERR_REDIRECT] WARNING: Couldn't flush system prefs: java.util.prefs.BackingStoreException: Couldn't get file lock.
2026-08-28 20:12:33,557 [ERROR] LogOutputStream:75 - [STDERR_REDIRECT] 
2026-08-28 20:13:03,556 [ERROR] LogOutputStream:75 - [STDERR_REDIRECT] Aug 28, 2026 8:13:03 PM java.util.prefs.FileSystemPreferences checkLockFile0ErrorCode
2026-08-28 20:13:03,556 [ERROR] LogOutputStream:75 - [STDERR_REDIRECT] WARNING: Could not lock System prefs. Unix error code 0.
2026-08-28 20:13:03,556 [ERROR] LogOutputStream:75 - [STDERR_REDIRECT] 
2026-08-28 20:13:03,557 [ERROR] LogOutputStream:75 - [STDERR_REDIRECT] Aug 28, 2026 8:13:03 PM java.util.prefs.FileSystemPreferences syncWorld
2026-08-28 20:13:03,557 [ERROR] LogOutputStream:75 - [STDERR_REDIRECT] WARNING: Couldn't flush system prefs: java.util.prefs.BackingStoreException: Couldn't get file lock.
2026-08-28 20:13:03,557 [ERROR] LogOutputStream:75 - [STDERR_REDIRECT] 
2026-08-28 20:13:33,556 [ERROR] LogOutputStream:75 - [STDERR_REDIRECT] Aug 28, 2026 8:13:33 PM java.util.prefs.FileSystemPreferences checkLockFile0ErrorCode
2026-08-28 20:13:33,556 [ERROR] LogOutputStream:75 - [STDERR_REDIRECT] WARNING: Could not lock System prefs. Unix error code 0.
2026-08-28 20:13:33,557 [ERROR] LogOutputStream:75 - [STDERR_REDIRECT] 
2026-08-28 20:13:33,557 [ERROR] LogOutputStream:75 - [STDERR_REDIRECT] Aug 28, 2026 8:13:33 PM java.util.prefs.FileSystemPreferences syncWorld
2026-08-28 20:13:33,557 [ERROR] LogOutputStream:75 - [STDERR_REDIRECT] WARNING: Couldn't flush system prefs: java.util.prefs.BackingStoreException: Couldn't get file lock.
2026-08-28 20:13:33,557 [ERROR] LogOutputStream:75 - [STDERR_REDIRECT] 
2026-08-28 20:14:03,556 [ERROR] LogOutputStream:75 - [STDERR_REDIRECT] Aug 28, 2026 8:14:03 PM java.util.prefs.FileSystemPreferences checkLockFile0ErrorCode
2026-08-28 20:14:03,556 [ERROR] LogOutputStream:75 - [STDERR_REDIRECT] WARNING: Could not lock System prefs. Unix error code 0.
2026-08-28 20:14:03,557 [ERROR] LogOutputStream:75 - [STDERR_REDIRECT] 
2026-08-28 20:14:03,557 [ERROR] LogOutputStream:75 - [STDERR_REDIRECT] Aug 28, 2026 8:14:03 PM java.util.prefs.FileSystemPreferences syncWorld
2026-08-28 20:14:03,557 [ERROR] LogOutputStream:75 - [STDERR_REDIRECT] WARNING: Couldn't flush system prefs: java.util.prefs.BackingStoreException: Couldn't get file lock.
2026-08-28 20:14:03,557 [ERROR] LogOutputStream:75 - [STDERR_REDIRECT] 
2026-08-28 20:14:33,556 [ERROR] LogOutputStream:75 - [STDERR_REDIRECT] Aug 28, 2026 8:14:33 PM java.util.prefs.FileSystemPreferences checkLockFile0ErrorCode
2026-08-28 20:14:33,557 [ERROR] LogOutputStream:75 - [STDERR_REDIRECT] WARNING: Could not lock System prefs. Unix error code 0.
2026-08-28 20:14:33,557 [ERROR] LogOutputStream:75 - [STDERR_REDIRECT] 
2026-08-28 20:14:33,557 [ERROR] LogOutputStream:75 - [STDERR_REDIRECT] Aug 28, 2026 8:14:33 PM java.util.prefs.FileSystemPreferences syncWorld
2026-08-28 20:14:33,557 [ERROR] LogOutputStream:75 - [STDERR_REDIRECT] WARNING: Couldn't flush system prefs: java.util.prefs.BackingStoreException: Couldn't get file lock.
2026-08-28 20:14:33,557 [ERROR] LogOutputStream:75 - [STDERR_REDIRECT] 
2026-08-28 20:15:03,557 [ERROR] LogOutputStream:75 - [STDERR_REDIRECT] Aug 28, 2026 8:15:03 PM java.util.prefs.FileSystemPreferences checkLockFile0ErrorCode
2026-08-28 20:15:03,557 [ERROR] LogOutputStream:75 - [STDERR_REDIRECT] WARNING: Could not lock System prefs. Unix error code 0.
2026-08-28 20:15:03,557 [ERROR] LogOutputStream:75 - [STDERR_REDIRECT] 
2026-08-28 20:15:03,557 [ERROR] LogOutputStream:75 - [STDERR_REDIRECT] Aug 28, 2026 8:15:03 PM java.util.prefs.FileSystemPreferences syncWorld
2026-08-28 20:15:03,557 [ERROR] LogOutputStream:75 - [STDERR_REDIRECT] WARNING: Couldn't flush system prefs: java.util.prefs.BackingStoreException: Couldn't get file lock.
2026-08-28 20:15:03,557 [ERROR] LogOutputStream:75 - [STDERR_REDIRECT] 
2026-08-28 20:15:33,558 [ERROR] LogOutputStream:75 - [STDERR_REDIRECT] Aug 28, 2026 8:15:33 PM java.util.prefs.FileSystemPreferences checkLockFile0ErrorCode
2026-08-28 20:15:33,558 [ERROR] LogOutputStream:75 - [STDERR_REDIRECT] WARNING: Could not lock System prefs. Unix error code 0.
2026-08-28 20:15:33,558 [ERROR] LogOutputStream:75 - [STDERR_REDIRECT] 
2026-08-28 20:15:33,558 [ERROR] LogOutputStream:75 - [STDERR_REDIRECT] Aug 28, 2026 8:15:33 PM java.util.prefs.FileSystemPreferences syncWorld
2026-08-28 20:15:33,559 [ERROR] LogOutputStream:75 - [STDERR_REDIRECT] WARNING: Couldn't flush system prefs: java.util.prefs.BackingStoreException: Couldn't get file lock.
2026-08-28 20:15:33,559 [ERROR] LogOutputStream:75 - [STDERR_REDIRECT] 
2026-08-28 20:16:03,557 [ERROR] LogOutputStream:75 - [STDERR_REDIRECT] Aug 28, 2026 8:16:03 PM java.util.prefs.FileSystemPreferences checkLockFile0ErrorCode
2026-08-28 20:16:03,558 [ERROR] LogOutputStream:75 - [STDERR_REDIRECT] WARNING: Could not lock System prefs. Unix error code 0.
2026-08-28 20:16:03,558 [ERROR] LogOutputStream:75 - [STDERR_REDIRECT] 
2026-08-28 20:16:03,558 [ERROR] LogOutputStream:75 - [STDERR_REDIRECT] Aug 28, 2026 8:16:03 PM java.util.prefs.FileSystemPreferences syncWorld
2026-08-28 20:16:03,558 [ERROR] LogOutputStream:75 - [STDERR_REDIRECT] WARNING: Couldn't flush system prefs: java.util.prefs.BackingStoreException: Couldn't get file lock.
2026-08-28 20:16:03,558 [ERROR] LogOutputStream:75 - [STDERR_REDIRECT] 
2026-08-28 20:16:33,558 [ERROR] LogOutputStream:75 - [STDERR_REDIRECT] Aug 28, 2026 8:16:33 PM java.util.prefs.FileSystemPreferences checkLockFile0ErrorCode
2026-08-28 20:16:33,558 [ERROR] LogOutputStream:75 - [STDERR_REDIRECT] WARNING: Could not lock System prefs. Unix error code 0.
2026-08-28 20:16:33,558 [ERROR] LogOutputStream:75 - [STDERR_REDIRECT] 
2026-08-28 20:16:33,559 [ERROR] LogOutputStream:75 - [STDERR_REDIRECT] Aug 28, 2026 8:16:33 PM java.util.prefs.FileSystemPreferences syncWorld
2026-08-28 20:16:33,559 [ERROR] LogOutputStream:75 - [STDERR_REDIRECT] WARNING: Couldn't flush system prefs: java.util.prefs.BackingStoreException: Couldn't get file lock.
2026-08-28 20:16:33,559 [ERROR] LogOutputStream:75 - [STDERR_REDIRECT] 
2026-08-28 20:17:03,557 [ERROR] LogOutputStream:75 - [STDERR_REDIRECT] Aug 28, 2026 8:17:03 PM java.util.prefs.FileSystemPreferences checkLockFile0ErrorCode
2026-08-28 20:17:03,558 [ERROR] LogOutputStream:75 - [STDERR_REDIRECT] WARNING: Could not lock System prefs. Unix error code 0.
2026-08-28 20:17:03,558 [ERROR] LogOutputStream:75 - [STDERR_REDIRECT] 
2026-08-28 20:17:03,558 [ERROR] LogOutputStream:75 - [STDERR_REDIRECT] Aug 28, 2026 8:17:03 PM java.util.prefs.FileSystemPreferences syncWorld
2026-08-28 20:17:03,558 [ERROR] LogOutputStream:75 - [STDERR_REDIRECT] WARNING: Couldn't flush system prefs: java.util.prefs.BackingStoreException: Couldn't get file lock.
2026-08-28 20:17:03,558 [ERROR] LogOutputStream:75 - [STDERR_REDIRECT] 
2026-08-28 20:17:33,557 [ERROR] LogOutputStream:75 - [STDERR_REDIRECT] Aug 28, 2026 8:17:33 PM java.util.prefs.FileSystemPreferences checkLockFile0ErrorCode
2026-08-28 20:17:33,558 [ERROR] LogOutputStream:75 - [STDERR_REDIRECT] WARNING: Could not lock System prefs. Unix error code 0.
2026-08-28 20:17:33,558 [ERROR] LogOutputStream:75 - [STDERR_REDIRECT] 
2026-08-28 20:17:33,558 [ERROR] LogOutputStream:75 - [STDERR_REDIRECT] Aug 28, 2026 8:17:33 PM java.util.prefs.FileSystemPreferences syncWorld
2026-08-28 20:17:33,558 [ERROR] LogOutputStream:75 - [STDERR_REDIRECT] WARNING: Couldn't flush system prefs: java.util.prefs.BackingStoreException: Couldn't get file lock.
2026-08-28 20:17:33,558 [ERROR] LogOutputStream:75 - [STDERR_REDIRECT] 
2026-08-28 20:18:03,559 [ERROR] LogOutputStream:75 - [STDERR_REDIRECT] Aug 28, 2026 8:18:03 PM java.util.prefs.FileSystemPreferences checkLockFile0ErrorCode
2026-08-28 20:18:03,559 [ERROR] LogOutputStream:75 - [STDERR_REDIRECT] WARNING: Could not lock System prefs. Unix error code 0.
2026-08-28 20:18:03,559 [ERROR] LogOutputStream:75 - [STDERR_REDIRECT] 
2026-08-28 20:18:03,559 [ERROR] LogOutputStream:75 - [STDERR_REDIRECT] Aug 28, 2026 8:18:03 PM java.util.prefs.FileSystemPreferences syncWorld
2026-08-28 20:18:03,559 [ERROR] LogOutputStream:75 - [STDERR_REDIRECT] WARNING: Couldn't flush system prefs: java.util.prefs.BackingStoreException: Couldn't get file lock.
2026-08-28 20:18:03,559 [ERROR] LogOutputStream:75 - [STDERR_REDIRECT] 
2026-08-28 20:18:33,558 [ERROR] LogOutputStream:75 - [STDERR_REDIRECT] Aug 28, 2026 8:18:33 PM java.util.prefs.FileSystemPreferences checkLockFile0ErrorCode
2026-08-28 20:18:33,558 [ERROR] LogOutputStream:75 - [STDERR_REDIRECT] WARNING: Could not lock System prefs. Unix error code 0.
2026-08-28 20:18:33,558 [ERROR] LogOutputStream:75 - [STDERR_REDIRECT] 
2026-08-28 20:18:33,559 [ERROR] LogOutputStream:75 - [STDERR_REDIRECT] Aug 28, 2026 8:18:33 PM java.util.prefs.FileSystemPreferences syncWorld
2026-08-28 20:18:33,559 [ERROR] LogOutputStream:75 - [STDERR_REDIRECT] WARNING: Couldn't flush system prefs: java.util.prefs.BackingStoreException: Couldn't get file lock.
2026-08-28 20:18:33,559 [ERROR] LogOutputStream:75 - [STDERR_REDIRECT] 
2026-08-28 20:19:03,559 [ERROR] LogOutputStream:75 - [STDERR_REDIRECT] Aug 28, 2026 8:19:03 PM java.util.prefs.FileSystemPreferences checkLockFile0ErrorCode
2026-08-28 20:19:03,559 [ERROR] LogOutputStream:75 - [STDERR_REDIRECT] WARNING: Could not lock System prefs. Unix error code 0.
2026-08-28 20:19:03,559 [ERROR] LogOutputStream:75 - [STDERR_REDIRECT] 
2026-08-28 20:19:03,560 [ERROR] LogOutputStream:75 - [STDERR_REDIRECT] Aug 28, 2026 8:19:03 PM java.util.prefs.FileSystemPreferences syncWorld
2026-08-28 20:19:03,560 [ERROR] LogOutputStream:75 - [STDERR_REDIRECT] WARNING: Couldn't flush system prefs: java.util.prefs.BackingStoreException: Couldn't get file lock.
2026-08-28 20:19:03,560 [ERROR] LogOutputStream:75 - [STDERR_REDIRECT] 
2026-08-28 20:19:33,559 [ERROR] LogOutputStream:75 - [STDERR_REDIRECT] Aug 28, 2026 8:19:33 PM java.util.prefs.FileSystemPreferences checkLockFile0ErrorCode
2026-08-28 20:19:33,559 [ERROR] LogOutputStream:75 - [STDERR_REDIRECT] WARNING: Could not lock System prefs. Unix error code 0.
2026-08-28 20:19:33,559 [ERROR] LogOutputStream:75 - [STDERR_REDIRECT] 
2026-08-28 20:19:33,559 [ERROR] LogOutputStream:75 - [STDERR_REDIRECT] Aug 28, 2026 8:19:33 PM java.util.prefs.FileSystemPreferences syncWorld
2026-08-28 20:19:33,560 [ERROR] LogOutputStream:75 - [STDERR_REDIRECT] WARNING: Couldn't flush system prefs: java.util.prefs.BackingStoreException: Couldn't get file lock.
2026-08-28 20:19:33,560 [ERROR] LogOutputStream:75 - [STDERR_REDIRECT] 
2026-08-28 20:20:03,559 [ERROR] LogOutputStream:75 - [STDERR_REDIRECT] Aug 28, 2026 8:20:03 PM java.util.prefs.FileSystemPreferences checkLockFile0ErrorCode
2026-08-28 20:20:03,559 [ERROR] LogOutputStream:75 - [STDERR_REDIRECT] WARNING: Could not lock System prefs. Unix error code 0.
2026-08-28 20:20:03,559 [ERROR] LogOutputStream:75 - [STDERR_REDIRECT] 
2026-08-28 20:20:03,560 [ERROR] LogOutputStream:75 - [STDERR_REDIRECT] Aug 28, 2026 8:20:03 PM java.util.prefs.FileSystemPreferences syncWorld
2026-08-28 20:20:03,560 [ERROR] LogOutputStream:75 - [STDERR_REDIRECT] WARNING: Couldn't flush system prefs: java.util.prefs.BackingStoreException: Couldn't get file lock.
2026-08-28 20:20:03,560 [ERROR] LogOutputStream:75 - [STDERR_REDIRECT] 
2026-08-28 20:20:33,559 [ERROR] LogOutputStream:75 - [STDERR_REDIRECT] Aug 28, 2026 8:20:33 PM java.util.prefs.FileSystemPreferences checkLockFile0ErrorCode
2026-08-28 20:20:33,559 [ERROR] LogOutputStream:75 - [STDERR_REDIRECT] WARNING: Could not lock System prefs. Unix error code 0.
2026-08-28 20:20:33,560 [ERROR] LogOutputStream:75 - [STDERR_REDIRECT] 
2026-08-28 20:20:33,560 [ERROR] LogOutputStream:75 - [STDERR_REDIRECT] Aug 28, 2026 8:20:33 PM java.util.prefs.FileSystemPreferences syncWorld
2026-08-28 20:20:33,560 [ERROR] LogOutputStream:75 - [STDERR_REDIRECT] WARNING: Couldn't flush system prefs: java.util.prefs.BackingStoreException: Couldn't get file lock.
2026-08-28 20:20:33,560 [ERROR] LogOutputStream:75 - [STDERR_REDIRECT] 
2026-08-28 20:21:03,559 [ERROR] LogOutputStream:75 - [STDERR_REDIRECT] Aug 28, 2026 8:21:03 PM java.util.prefs.FileSystemPreferences checkLockFile0ErrorCode
2026-08-28 20:21:03,560 [ERROR] LogOutputStream:75 - [STDERR_REDIRECT] WARNING: Could not lock System prefs. Unix error code 0.
2026-08-28 20:21:03,560 [ERROR] LogOutputStream:75 - [STDERR_REDIRECT] 
2026-08-28 20:21:03,560 [ERROR] LogOutputStream:75 - [STDERR_REDIRECT] Aug 28, 2026 8:21:03 PM java.util.prefs.FileSystemPreferences syncWorld
2026-08-28 20:21:03,560 [ERROR] LogOutputStream:75 - [STDERR_REDIRECT] WARNING: Couldn't flush system prefs: java.util.prefs.BackingStoreException: Couldn't get file lock.
2026-08-28 20:21:03,560 [ERROR] LogOutputStream:75 - [STDERR_REDIRECT] 
2026-08-28 20:21:33,560 [ERROR] LogOutputStream:75 - [STDERR_REDIRECT] Aug 28, 2026 8:21:33 PM java.util.prefs.FileSystemPreferences checkLockFile0ErrorCode
2026-08-28 20:21:33,560 [ERROR] LogOutputStream:75 - [STDERR_REDIRECT] WARNING: Could not lock System prefs. Unix error code 0.
2026-08-28 20:21:33,560 [ERROR] LogOutputStream:75 - [STDERR_REDIRECT] 
2026-08-28 20:21:33,560 [ERROR] LogOutputStream:75 - [STDERR_REDIRECT] Aug 28, 2026 8:21:33 PM java.util.prefs.FileSystemPreferences syncWorld
2026-08-28 20:21:33,560 [ERROR] LogOutputStream:75 - [STDERR_REDIRECT] WARNING: Couldn't flush system prefs: java.util.prefs.BackingStoreException: Couldn't get file lock.
2026-08-28 20:21:33,561 [ERROR] LogOutputStream:75 - [STDERR_REDIRECT] 
2026-08-28 20:22:03,559 [ERROR] LogOutputStream:75 - [STDERR_REDIRECT] Aug 28, 2026 8:22:03 PM java.util.prefs.FileSystemPreferences checkLockFile0ErrorCode
2026-08-28 20:22:03,560 [ERROR] LogOutputStream:75 - [STDERR_REDIRECT] WARNING: Could not lock System prefs. Unix error code 0.
2026-08-28 20:22:03,560 [ERROR] LogOutputStream:75 - [STDERR_REDIRECT] 
2026-08-28 20:22:03,560 [ERROR] LogOutputStream:75 - [STDERR_REDIRECT] Aug 28, 2026 8:22:03 PM java.util.prefs.FileSystemPreferences syncWorld
2026-08-28 20:22:03,560 [ERROR] LogOutputStream:75 - [STDERR_REDIRECT] WARNING: Couldn't flush system prefs: java.util.prefs.BackingStoreException: Couldn't get file lock.
2026-08-28 20:22:03,560 [ERROR] LogOutputStream:75 - [STDERR_REDIRECT] 
2026-08-28 20:22:33,560 [ERROR] LogOutputStream:75 - [STDERR_REDIRECT] Aug 28, 2026 8:22:33 PM java.util.prefs.FileSystemPreferences checkLockFile0ErrorCode
2026-08-28 20:22:33,561 [ERROR] LogOutputStream:75 - [STDERR_REDIRECT] WARNING: Could not lock System prefs. Unix error code 0.
2026-08-28 20:22:33,561 [ERROR] LogOutputStream:75 - [STDERR_REDIRECT] 
2026-08-28 20:22:33,561 [ERROR] LogOutputStream:75 - [STDERR_REDIRECT] Aug 28, 2026 8:22:33 PM java.util.prefs.FileSystemPreferences syncWorld
2026-08-28 20:22:33,561 [ERROR] LogOutputStream:75 - [STDERR_REDIRECT] WARNING: Couldn't flush system prefs: java.util.prefs.BackingStoreException: Couldn't get file lock.
2026-08-28 20:22:33,561 [ERROR] LogOutputStream:75 - [STDERR_REDIRECT] 
2026-08-28 20:23:03,562 [ERROR] LogOutputStream:75 - [STDERR_REDIRECT] Aug 28, 2026 8:23:03 PM java.util.prefs.FileSystemPreferences checkLockFile0ErrorCode
2026-08-28 20:23:03,562 [ERROR] LogOutputStream:75 - [STDERR_REDIRECT] WARNING: Could not lock System prefs. Unix error code 0.
2026-08-28 20:23:03,562 [ERROR] LogOutputStream:75 - [STDERR_REDIRECT] 
2026-08-28 20:23:03,563 [ERROR] LogOutputStream:75 - [STDERR_REDIRECT] Aug 28, 2026 8:23:03 PM java.util.prefs.FileSystemPreferences syncWorld
2026-08-28 20:23:03,563 [ERROR] LogOutputStream:75 - [STDERR_REDIRECT] WARNING: Couldn't flush system prefs: java.util.prefs.BackingStoreException: Couldn't get file lock.
2026-08-28 20:23:03,563 [ERROR] LogOutputStream:75 - [STDERR_REDIRECT] 
2026-08-28 20:23:33,562 [ERROR] LogOutputStream:75 - [STDERR_REDIRECT] Aug 28, 2026 8:23:33 PM java.util.prefs.FileSystemPreferences checkLockFile0ErrorCode
2026-08-28 20:23:33,562 [ERROR] LogOutputStream:75 - [STDERR_REDIRECT] WARNING: Could not lock System prefs. Unix error code 0.
2026-08-28 20:23:33,562 [ERROR] LogOutputStream:75 - [STDERR_REDIRECT] 
2026-08-28 20:23:33,563 [ERROR] LogOutputStream:75 - [STDERR_REDIRECT] Aug 28, 2026 8:23:33 PM java.util.prefs.FileSystemPreferences syncWorld
2026-08-28 20:23:33,563 [ERROR] LogOutputStream:75 - [STDERR_REDIRECT] WARNING: Couldn't flush system prefs: java.util.prefs.BackingStoreException: Couldn't get file lock.
2026-08-28 20:23:33,563 [ERROR] LogOutputStream:75 - [STDERR_REDIRECT] 
2026-08-28 20:24:03,562 [ERROR] LogOutputStream:75 - [STDERR_REDIRECT] Aug 28, 2026 8:24:03 PM java.util.prefs.FileSystemPreferences checkLockFile0ErrorCode
2026-08-28 20:24:03,562 [ERROR] LogOutputStream:75 - [STDERR_REDIRECT] WARNING: Could not lock System prefs. Unix error code 0.
2026-08-28 20:24:03,562 [ERROR] LogOutputStream:75 - [STDERR_REDIRECT] 
2026-08-28 20:24:03,563 [ERROR] LogOutputStream:75 - [STDERR_REDIRECT] Aug 28, 2026 8:24:03 PM java.util.prefs.FileSystemPreferences syncWorld
2026-08-28 20:24:03,563 [ERROR] LogOutputStream:75 - [STDERR_REDIRECT] WARNING: Couldn't flush system prefs: java.util.prefs.BackingStoreException: Couldn't get file lock.
2026-08-28 20:24:03,563 [ERROR] LogOutputStream:75 - [STDERR_REDIRECT] 
2026-08-28 20:24:33,563 [ERROR] LogOutputStream:75 - [STDERR_REDIRECT] Aug 28, 2026 8:24:33 PM java.util.prefs.FileSystemPreferences checkLockFile0ErrorCode
2026-08-28 20:24:33,563 [ERROR] LogOutputStream:75 - [STDERR_REDIRECT] WARNING: Could not lock System prefs. Unix error code 0.
2026-08-28 20:24:33,563 [ERROR] LogOutputStream:75 - [STDERR_REDIRECT] 
2026-08-28 20:24:33,563 [ERROR] LogOutputStream:75 - [STDERR_REDIRECT] Aug 28, 2026 8:24:33 PM java.util.prefs.FileSystemPreferences syncWorld
2026-08-28 20:24:33,563 [ERROR] LogOutputStream:75 - [STDERR_REDIRECT] WARNING: Couldn't flush system prefs: java.util.prefs.BackingStoreException: Couldn't get file lock.
2026-08-28 20:24:33,564 [ERROR] LogOutputStream:75 - [STDERR_REDIRECT] 
2026-08-28 20:25:03,561 [ERROR] LogOutputStream:75 - [STDERR_REDIRECT] Aug 28, 2026 8:25:03 PM java.util.prefs.FileSystemPreferences checkLockFile0ErrorCode
2026-08-28 20:25:03,561 [ERROR] LogOutputStream:75 - [STDERR_REDIRECT] WARNING: Could not lock System prefs. Unix error code 0.
2026-08-28 20:25:03,562 [ERROR] LogOutputStream:75 - [STDERR_REDIRECT] 
2026-08-28 20:25:03,562 [ERROR] LogOutputStream:75 - [STDERR_REDIRECT] Aug 28, 2026 8:25:03 PM java.util.prefs.FileSystemPreferences syncWorld
2026-08-28 20:25:03,562 [ERROR] LogOutputStream:75 - [STDERR_REDIRECT] WARNING: Couldn't flush system prefs: java.util.prefs.BackingStoreException: Couldn't get file lock.
2026-08-28 20:25:03,562 [ERROR] LogOutputStream:75 - [STDERR_REDIRECT] 
2026-08-28 20:25:32,926 [ERROR] LogOutputStream:75 - [STDERR_REDIRECT] Aug 28, 2026 8:25:32 PM java.util.prefs.FileSystemPreferences checkLockFile0ErrorCode
2026-08-28 20:25:32,926 [ERROR] LogOutputStream:75 - [STDERR_REDIRECT] WARNING: Could not lock System prefs. Unix error code 0.
2026-08-28 20:25:32,926 [ERROR] LogOutputStream:75 - [STDERR_REDIRECT] 
2026-08-28 20:25:32,926 [ERROR] LogOutputStream:75 - [STDERR_REDIRECT] Aug 28, 2026 8:25:32 PM java.util.prefs.FileSystemPreferences syncWorld
2026-08-28 20:25:32,926 [ERROR] LogOutputStream:75 - [STDERR_REDIRECT] WARNING: Couldn't flush system prefs: java.util.prefs.BackingStoreException: Couldn't get file lock.
2026-08-28 20:25:32,926 [ERROR] LogOutputStream:75 - [STDERR_REDIRECT] 
2026-08-28 20:26:03,563 [ERROR] LogOutputStream:75 - [STDERR_REDIRECT] Aug 28, 2026 8:26:03 PM java.util.prefs.FileSystemPreferences checkLockFile0ErrorCode
2026-08-28 20:26:03,563 [ERROR] LogOutputStream:75 - [STDERR_REDIRECT] WARNING: Could not lock System prefs. Unix error code 0.
2026-08-28 20:26:03,563 [ERROR] LogOutputStream:75 - [STDERR_REDIRECT] 
2026-08-28 20:26:03,563 [ERROR] LogOutputStream:75 - [STDERR_REDIRECT] Aug 28, 2026 8:26:03 PM java.util.prefs.FileSystemPreferences syncWorld
2026-08-28 20:26:03,563 [ERROR] LogOutputStream:75 - [STDERR_REDIRECT] WARNING: Couldn't flush system prefs: java.util.prefs.BackingStoreException: Couldn't get file lock.
2026-08-28 20:26:03,563 [ERROR] LogOutputStream:75 - [STDERR_REDIRECT] 
2026-08-28 20:26:33,565 [ERROR] LogOutputStream:75 - [STDERR_REDIRECT] Aug 28, 2026 8:26:33 PM java.util.prefs.FileSystemPreferences checkLockFile0ErrorCode
2026-08-28 20:26:33,565 [ERROR] LogOutputStream:75 - [STDERR_REDIRECT] WARNING: Could not lock System prefs. Unix error code 0.
2026-08-28 20:26:33,565 [ERROR] LogOutputStream:75 - [STDERR_REDIRECT] 
2026-08-28 20:26:33,566 [ERROR] LogOutputStream:75 - [STDERR_REDIRECT] Aug 28, 2026 8:26:33 PM java.util.prefs.FileSystemPreferences syncWorld
2026-08-28 20:26:33,566 [ERROR] LogOutputStream:75 - [STDERR_REDIRECT] WARNING: Couldn't flush system prefs: java.util.prefs.BackingStoreException: Couldn't get file lock.
2026-08-28 20:26:33,566 [ERROR] LogOutputStream:75 - [STDERR_REDIRECT] 
2026-08-28 20:27:03,571 [ERROR] LogOutputStream:75 - [STDERR_REDIRECT] Aug 28, 2026 8:27:03 PM java.util.prefs.FileSystemPreferences checkLockFile0ErrorCode
2026-08-28 20:27:03,571 [ERROR] LogOutputStream:75 - [STDERR_REDIRECT] WARNING: Could not lock System prefs. Unix error code 0.
2026-08-28 20:27:03,571 [ERROR] LogOutputStream:75 - [STDERR_REDIRECT] 
2026-08-28 20:27:03,571 [ERROR] LogOutputStream:75 - [STDERR_REDIRECT] Aug 28, 2026 8:27:03 PM java.util.prefs.FileSystemPreferences syncWorld
2026-08-28 20:27:03,571 [ERROR] LogOutputStream:75 - [STDERR_REDIRECT] WARNING: Couldn't flush system prefs: java.util.prefs.BackingStoreException: Couldn't get file lock.
2026-08-28 20:27:03,571 [ERROR] LogOutputStream:75 - [STDERR_REDIRECT] 
2026-08-28 20:27:33,564 [ERROR] LogOutputStream:75 - [STDERR_REDIRECT] Aug 28, 2026 8:27:33 PM java.util.prefs.FileSystemPreferences checkLockFile0ErrorCode
2026-08-28 20:27:33,564 [ERROR] LogOutputStream:75 - [STDERR_REDIRECT] WARNING: Could not lock System prefs. Unix error code 0.
2026-08-28 20:27:33,565 [ERROR] LogOutputStream:75 - [STDERR_REDIRECT] 
2026-08-28 20:27:33,565 [ERROR] LogOutputStream:75 - [STDERR_REDIRECT] Aug 28, 2026 8:27:33 PM java.util.prefs.FileSystemPreferences syncWorld
2026-08-28 20:27:33,565 [ERROR] LogOutputStream:75 - [STDERR_REDIRECT] WARNING: Couldn't flush system prefs: java.util.prefs.BackingStoreException: Couldn't get file lock.
2026-08-28 20:27:33,565 [ERROR] LogOutputStream:75 - [STDERR_REDIRECT] 
2026-08-28 20:28:03,565 [ERROR] LogOutputStream:75 - [STDERR_REDIRECT] Aug 28, 2026 8:28:03 PM java.util.prefs.FileSystemPreferences checkLockFile0ErrorCode
2026-08-28 20:28:03,566 [ERROR] LogOutputStream:75 - [STDERR_REDIRECT] WARNING: Could not lock System prefs. Unix error code 0.
2026-08-28 20:28:03,566 [ERROR] LogOutputStream:75 - [STDERR_REDIRECT] 
2026-08-28 20:28:03,566 [ERROR] LogOutputStream:75 - [STDERR_REDIRECT] Aug 28, 2026 8:28:03 PM java.util.prefs.FileSystemPreferences syncWorld
2026-08-28 20:28:03,566 [ERROR] LogOutputStream:75 - [STDERR_REDIRECT] WARNING: Couldn't flush system prefs: java.util.prefs.BackingStoreException: Couldn't get file lock.
2026-08-28 20:28:03,566 [ERROR] LogOutputStream:75 - [STDERR_REDIRECT] 
2026-08-28 20:28:33,565 [ERROR] LogOutputStream:75 - [STDERR_REDIRECT] Aug 28, 2026 8:28:33 PM java.util.prefs.FileSystemPreferences checkLockFile0ErrorCode
2026-08-28 20:28:33,565 [ERROR] LogOutputStream:75 - [STDERR_REDIRECT] WARNING: Could not lock System prefs. Unix error code 0.
2026-08-28 20:28:33,565 [ERROR] LogOutputStream:75 - [STDERR_REDIRECT] 
2026-08-28 20:28:33,566 [ERROR] LogOutputStream:75 - [STDERR_REDIRECT] Aug 28, 2026 8:28:33 PM java.util.prefs.FileSystemPreferences syncWorld
2026-08-28 20:28:33,566 [ERROR] LogOutputStream:75 - [STDERR_REDIRECT] WARNING: Couldn't flush system prefs: java.util.prefs.BackingStoreException: Couldn't get file lock.
2026-08-28 20:28:33,566 [ERROR] LogOutputStream:75 - [STDERR_REDIRECT] 
2026-08-28 20:29:03,566 [ERROR] LogOutputStream:75 - [STDERR_REDIRECT] Aug 28, 2026 8:29:03 PM java.util.prefs.FileSystemPreferences checkLockFile0ErrorCode
2026-08-28 20:29:03,566 [ERROR] LogOutputStream:75 - [STDERR_REDIRECT] WARNING: Could not lock System prefs. Unix error code 0.
2026-08-28 20:29:03,566 [ERROR] LogOutputStream:75 - [STDERR_REDIRECT] 
2026-08-28 20:29:03,567 [ERROR] LogOutputStream:75 - [STDERR_REDIRECT] Aug 28, 2026 8:29:03 PM java.util.prefs.FileSystemPreferences syncWorld
2026-08-28 20:29:03,567 [ERROR] LogOutputStream:75 - [STDERR_REDIRECT] WARNING: Couldn't flush system prefs: java.util.prefs.BackingStoreException: Couldn't get file lock.
2026-08-28 20:29:03,567 [ERROR] LogOutputStream:75 - [STDERR_REDIRECT] 
2026-08-28 20:29:33,566 [ERROR] LogOutputStream:75 - [STDERR_REDIRECT] Aug 28, 2026 8:29:33 PM java.util.prefs.FileSystemPreferences checkLockFile0ErrorCode
2026-08-28 20:29:33,566 [ERROR] LogOutputStream:75 - [STDERR_REDIRECT] WARNING: Could not lock System prefs. Unix error code 0.
2026-08-28 20:29:33,566 [ERROR] LogOutputStream:75 - [STDERR_REDIRECT] 
2026-08-28 20:29:33,566 [ERROR] LogOutputStream:75 - [STDERR_REDIRECT] Aug 28, 2026 8:29:33 PM java.util.prefs.FileSystemPreferences syncWorld
2026-08-28 20:29:33,566 [ERROR] LogOutputStream:75 - [STDERR_REDIRECT] WARNING: Couldn't flush system prefs: java.util.prefs.BackingStoreException: Couldn't get file lock.
2026-08-28 20:29:33,567 [ERROR] LogOutputStream:75 - [STDERR_REDIRECT] 
2026-08-28 20:30:03,565 [ERROR] LogOutputStream:75 - [STDERR_REDIRECT] Aug 28, 2026 8:30:03 PM java.util.prefs.FileSystemPreferences checkLockFile0ErrorCode
2026-08-28 20:30:03,566 [ERROR] LogOutputStream:75 - [STDERR_REDIRECT] WARNING: Could not lock System prefs. Unix error code 0.
2026-08-28 20:30:03,566 [ERROR] LogOutputStream:75 - [STDERR_REDIRECT] 
2026-08-28 20:30:03,566 [ERROR] LogOutputStream:75 - [STDERR_REDIRECT] Aug 28, 2026 8:30:03 PM java.util.prefs.FileSystemPreferences syncWorld
2026-08-28 20:30:03,566 [ERROR] LogOutputStream:75 - [STDERR_REDIRECT] WARNING: Couldn't flush system prefs: java.util.prefs.BackingStoreException: Couldn't get file lock.
2026-08-28 20:30:03,566 [ERROR] LogOutputStream:75 - [STDERR_REDIRECT] 
2026-08-28 20:30:33,566 [ERROR] LogOutputStream:75 - [STDERR_REDIRECT] Aug 28, 2026 8:30:33 PM java.util.prefs.FileSystemPreferences checkLockFile0ErrorCode
2026-08-28 20:30:33,567 [ERROR] LogOutputStream:75 - [STDERR_REDIRECT] WARNING: Could not lock System prefs. Unix error code 0.
2026-08-28 20:30:33,567 [ERROR] LogOutputStream:75 - [STDERR_REDIRECT] 
2026-08-28 20:30:33,567 [ERROR] LogOutputStream:75 - [STDERR_REDIRECT] Aug 28, 2026 8:30:33 PM java.util.prefs.FileSystemPreferences syncWorld
2026-08-28 20:30:33,567 [ERROR] LogOutputStream:75 - [STDERR_REDIRECT] WARNING: Couldn't flush system prefs: java.util.prefs.BackingStoreException: Couldn't get file lock.
2026-08-28 20:30:33,567 [ERROR] LogOutputStream:75 - [STDERR_REDIRECT] 
2026-08-28 20:31:03,567 [ERROR] LogOutputStream:75 - [STDERR_REDIRECT] Aug 28, 2026 8:31:03 PM java.util.prefs.FileSystemPreferences checkLockFile0ErrorCode
2026-08-28 20:31:03,567 [ERROR] LogOutputStream:75 - [STDERR_REDIRECT] WARNING: Could not lock System prefs. Unix error code 0.
2026-08-28 20:31:03,568 [ERROR] LogOutputStream:75 - [STDERR_REDIRECT] 
2026-08-28 20:31:03,568 [ERROR] LogOutputStream:75 - [STDERR_REDIRECT] Aug 28, 2026 8:31:03 PM java.util.prefs.FileSystemPreferences syncWorld
2026-08-28 20:31:03,568 [ERROR] LogOutputStream:75 - [STDERR_REDIRECT] WARNING: Couldn't flush system prefs: java.util.prefs.BackingStoreException: Couldn't get file lock.
2026-08-28 20:31:03,568 [ERROR] LogOutputStream:75 - [STDERR_REDIRECT] 
2026-08-28 20:31:33,567 [ERROR] LogOutputStream:75 - [STDERR_REDIRECT] Aug 28, 2026 8:31:33 PM java.util.prefs.FileSystemPreferences checkLockFile0ErrorCode
2026-08-28 20:31:33,567 [ERROR] LogOutputStream:75 - [STDERR_REDIRECT] WARNING: Could not lock System prefs. Unix error code 0.
2026-08-28 20:31:33,567 [ERROR] LogOutputStream:75 - [STDERR_REDIRECT] 
2026-08-28 20:31:33,568 [ERROR] LogOutputStream:75 - [STDERR_REDIRECT] Aug 28, 2026 8:31:33 PM java.util.prefs.FileSystemPreferences syncWorld
2026-08-28 20:31:33,568 [ERROR] LogOutputStream:75 - [STDERR_REDIRECT] WARNING: Couldn't flush system prefs: java.util.prefs.BackingStoreException: Couldn't get file lock.
2026-08-28 20:31:33,568 [ERROR] LogOutputStream:75 - [STDERR_REDIRECT] 
2026-08-28 20:32:03,567 [ERROR] LogOutputStream:75 - [STDERR_REDIRECT] Aug 28, 2026 8:32:03 PM java.util.prefs.FileSystemPreferences checkLockFile0ErrorCode
2026-08-28 20:32:03,567 [ERROR] LogOutputStream:75 - [STDERR_REDIRECT] WARNING: Could not lock System prefs. Unix error code 0.
2026-08-28 20:32:03,567 [ERROR] LogOutputStream:75 - [STDERR_REDIRECT] 
2026-08-28 20:32:03,568 [ERROR] LogOutputStream:75 - [STDERR_REDIRECT] Aug 28, 2026 8:32:03 PM java.util.prefs.FileSystemPreferences syncWorld
2026-08-28 20:32:03,568 [ERROR] LogOutputStream:75 - [STDERR_REDIRECT] WARNING: Couldn't flush system prefs: java.util.prefs.BackingStoreException: Couldn't get file lock.
2026-08-28 20:32:03,568 [ERROR] LogOutputStream:75 - [STDERR_REDIRECT] 
2026-08-28 20:32:33,567 [ERROR] LogOutputStream:75 - [STDERR_REDIRECT] Aug 28, 2026 8:32:33 PM java.util.prefs.FileSystemPreferences checkLockFile0ErrorCode
2026-08-28 20:32:33,567 [ERROR] LogOutputStream:75 - [STDERR_REDIRECT] WARNING: Could not lock System prefs. Unix error code 0.
2026-08-28 20:32:33,567 [ERROR] LogOutputStream:75 - [STDERR_REDIRECT] 
2026-08-28 20:32:33,567 [ERROR] LogOutputStream:75 - [STDERR_REDIRECT] Aug 28, 2026 8:32:33 PM java.util.prefs.FileSystemPreferences syncWorld
2026-08-28 20:32:33,567 [ERROR] LogOutputStream:75 - [STDERR_REDIRECT] WARNING: Couldn't flush system prefs: java.util.prefs.BackingStoreException: Couldn't get file lock.
2026-08-28 20:32:33,567 [ERROR] LogOutputStream:75 - [STDERR_REDIRECT] 
2026-08-28 20:33:03,568 [ERROR] LogOutputStream:75 - [STDERR_REDIRECT] Aug 28, 2026 8:33:03 PM java.util.prefs.FileSystemPreferences checkLockFile0ErrorCode
2026-08-28 20:33:03,568 [ERROR] LogOutputStream:75 - [STDERR_REDIRECT] WARNING: Could not lock System prefs. Unix error code 0.
2026-08-28 20:33:03,568 [ERROR] LogOutputStream:75 - [STDERR_REDIRECT] 
2026-08-28 20:33:03,568 [ERROR] LogOutputStream:75 - [STDERR_REDIRECT] Aug 28, 2026 8:33:03 PM java.util.prefs.FileSystemPreferences syncWorld
2026-08-28 20:33:03,568 [ERROR] LogOutputStream:75 - [STDERR_REDIRECT] WARNING: Couldn't flush system prefs: java.util.prefs.BackingStoreException: Couldn't get file lock.
2026-08-28 20:33:03,568 [ERROR] LogOutputStream:75 - [STDERR_REDIRECT] 
2026-08-28 20:33:33,568 [ERROR] LogOutputStream:75 - [STDERR_REDIRECT] Aug 28, 2026 8:33:33 PM java.util.prefs.FileSystemPreferences checkLockFile0ErrorCode
2026-08-28 20:33:33,569 [ERROR] LogOutputStream:75 - [STDERR_REDIRECT] WARNING: Could not lock System prefs. Unix error code 0.
2026-08-28 20:33:33,569 [ERROR] LogOutputStream:75 - [STDERR_REDIRECT] 
2026-08-28 20:33:33,569 [ERROR] LogOutputStream:75 - [STDERR_REDIRECT] Aug 28, 2026 8:33:33 PM java.util.prefs.FileSystemPreferences syncWorld
2026-08-28 20:33:33,569 [ERROR] LogOutputStream:75 - [STDERR_REDIRECT] WARNING: Couldn't flush system prefs: java.util.prefs.BackingStoreException: Couldn't get file lock.
2026-08-28 20:33:33,569 [ERROR] LogOutputStream:75 - [STDERR_REDIRECT] 
2026-08-28 20:34:03,569 [ERROR] LogOutputStream:75 - [STDERR_REDIRECT] Aug 28, 2026 8:34:03 PM java.util.prefs.FileSystemPreferences checkLockFile0ErrorCode
2026-08-28 20:34:03,570 [ERROR] LogOutputStream:75 - [STDERR_REDIRECT] WARNING: Could not lock System prefs. Unix error code 0.
2026-08-28 20:34:03,570 [ERROR] LogOutputStream:75 - [STDERR_REDIRECT] 
2026-08-28 20:34:03,570 [ERROR] LogOutputStream:75 - [STDERR_REDIRECT] Aug 28, 2026 8:34:03 PM java.util.prefs.FileSystemPreferences syncWorld
2026-08-28 20:34:03,570 [ERROR] LogOutputStream:75 - [STDERR_REDIRECT] WARNING: Couldn't flush system prefs: java.util.prefs.BackingStoreException: Couldn't get file lock.
2026-08-28 20:34:03,570 [ERROR] LogOutputStream:75 - [STDERR_REDIRECT] 
2026-08-28 20:34:33,571 [ERROR] LogOutputStream:75 - [STDERR_REDIRECT] Aug 28, 2026 8:34:33 PM java.util.prefs.FileSystemPreferences checkLockFile0ErrorCode
2026-08-28 20:34:33,571 [ERROR] LogOutputStream:75 - [STDERR_REDIRECT] WARNING: Could not lock System prefs. Unix error code 0.
2026-08-28 20:34:33,571 [ERROR] LogOutputStream:75 - [STDERR_REDIRECT] 
2026-08-28 20:34:33,571 [ERROR] LogOutputStream:75 - [STDERR_REDIRECT] Aug 28, 2026 8:34:33 PM java.util.prefs.FileSystemPreferences syncWorld
2026-08-28 20:34:33,571 [ERROR] LogOutputStream:75 - [STDERR_REDIRECT] WARNING: Couldn't flush system prefs: java.util.prefs.BackingStoreException: Couldn't get file lock.
2026-08-28 20:34:33,572 [ERROR] LogOutputStream:75 - [STDERR_REDIRECT] 
2026-08-28 20:35:03,570 [ERROR] LogOutputStream:75 - [STDERR_REDIRECT] Aug 28, 2026 8:35:03 PM java.util.prefs.FileSystemPreferences checkLockFile0ErrorCode
2026-08-28 20:35:03,570 [ERROR] LogOutputStream:75 - [STDERR_REDIRECT] WARNING: Could not lock System prefs. Unix error code 0.
2026-08-28 20:35:03,570 [ERROR] LogOutputStream:75 - [STDERR_REDIRECT] 
2026-08-28 20:35:03,571 [ERROR] LogOutputStream:75 - [STDERR_REDIRECT] Aug 28, 2026 8:35:03 PM java.util.prefs.FileSystemPreferences syncWorld
2026-08-28 20:35:03,571 [ERROR] LogOutputStream:75 - [STDERR_REDIRECT] WARNING: Couldn't flush system prefs: java.util.prefs.BackingStoreException: Couldn't get file lock.
2026-08-28 20:35:03,571 [ERROR] LogOutputStream:75 - [STDERR_REDIRECT] 
2026-08-28 20:35:33,570 [ERROR] LogOutputStream:75 - [STDERR_REDIRECT] Aug 28, 2026 8:35:33 PM java.util.prefs.FileSystemPreferences checkLockFile0ErrorCode
2026-08-28 20:35:33,570 [ERROR] LogOutputStream:75 - [STDERR_REDIRECT] WARNING: Could not lock System prefs. Unix error code 0.
2026-08-28 20:35:33,570 [ERROR] LogOutputStream:75 - [STDERR_REDIRECT] 
2026-08-28 20:35:33,571 [ERROR] LogOutputStream:75 - [STDERR_REDIRECT] Aug 28, 2026 8:35:33 PM java.util.prefs.FileSystemPreferences syncWorld
2026-08-28 20:35:33,571 [ERROR] LogOutputStream:75 - [STDERR_REDIRECT] WARNING: Couldn't flush system prefs: java.util.prefs.BackingStoreException: Couldn't get file lock.
2026-08-28 20:35:33,571 [ERROR] LogOutputStream:75 - [STDERR_REDIRECT] 
2026-08-28 20:36:03,570 [ERROR] LogOutputStream:75 - [STDERR_REDIRECT] Aug 28, 2026 8:36:03 PM java.util.prefs.FileSystemPreferences checkLockFile0ErrorCode
2026-08-28 20:36:03,570 [ERROR] LogOutputStream:75 - [STDERR_REDIRECT] WARNING: Could not lock System prefs. Unix error code 0.
2026-08-28 20:36:03,570 [ERROR] LogOutputStream:75 - [STDERR_REDIRECT] 
2026-08-28 20:36:03,571 [ERROR] LogOutputStream:75 - [STDERR_REDIRECT] Aug 28, 2026 8:36:03 PM java.util.prefs.FileSystemPreferences syncWorld
2026-08-28 20:36:03,571 [ERROR] LogOutputStream:75 - [STDERR_REDIRECT] WARNING: Couldn't flush system prefs: java.util.prefs.BackingStoreException: Couldn't get file lock.
2026-08-28 20:36:03,571 [ERROR] LogOutputStream:75 - [STDERR_REDIRECT] 
2026-08-28 20:36:33,570 [ERROR] LogOutputStream:75 - [STDERR_REDIRECT] Aug 28, 2026 8:36:33 PM java.util.prefs.FileSystemPreferences checkLockFile0ErrorCode
2026-08-28 20:36:33,570 [ERROR] LogOutputStream:75 - [STDERR_REDIRECT] WARNING: Could not lock System prefs. Unix error code 0.
2026-08-28 20:36:33,571 [ERROR] LogOutputStream:75 - [STDERR_REDIRECT] 
2026-08-28 20:36:33,571 [ERROR] LogOutputStream:75 - [STDERR_REDIRECT] Aug 28, 2026 8:36:33 PM java.util.prefs.FileSystemPreferences syncWorld
2026-08-28 20:36:33,571 [ERROR] LogOutputStream:75 - [STDERR_REDIRECT] WARNING: Couldn't flush system prefs: java.util.prefs.BackingStoreException: Couldn't get file lock.
2026-08-28 20:36:33,571 [ERROR] LogOutputStream:75 - [STDERR_REDIRECT] 
2026-08-28 20:37:03,571 [ERROR] LogOutputStream:75 - [STDERR_REDIRECT] Aug 28, 2026 8:37:03 PM java.util.prefs.FileSystemPreferences checkLockFile0ErrorCode
2026-08-28 20:37:03,571 [ERROR] LogOutputStream:75 - [STDERR_REDIRECT] WARNING: Could not lock System prefs. Unix error code 0.
2026-08-28 20:37:03,571 [ERROR] LogOutputStream:75 - [STDERR_REDIRECT] 
2026-08-28 20:37:03,572 [ERROR] LogOutputStream:75 - [STDERR_REDIRECT] Aug 28, 2026 8:37:03 PM java.util.prefs.FileSystemPreferences syncWorld
2026-08-28 20:37:03,572 [ERROR] LogOutputStream:75 - [STDERR_REDIRECT] WARNING: Couldn't flush system prefs: java.util.prefs.BackingStoreException: Couldn't get file lock.
2026-08-28 20:37:03,572 [ERROR] LogOutputStream:75 - [STDERR_REDIRECT] 
2026-08-28 20:37:33,570 [ERROR] LogOutputStream:75 - [STDERR_REDIRECT] Aug 28, 2026 8:37:33 PM java.util.prefs.FileSystemPreferences checkLockFile0ErrorCode
2026-08-28 20:37:33,571 [ERROR] LogOutputStream:75 - [STDERR_REDIRECT] WARNING: Could not lock System prefs. Unix error code 0.
2026-08-28 20:37:33,571 [ERROR] LogOutputStream:75 - [STDERR_REDIRECT] 
2026-08-28 20:37:33,571 [ERROR] LogOutputStream:75 - [STDERR_REDIRECT] Aug 28, 2026 8:37:33 PM java.util.prefs.FileSystemPreferences syncWorld
2026-08-28 20:37:33,571 [ERROR] LogOutputStream:75 - [STDERR_REDIRECT] WARNING: Couldn't flush system prefs: java.util.prefs.BackingStoreException: Couldn't get file lock.
2026-08-28 20:37:33,571 [ERROR] LogOutputStream:75 - [STDERR_REDIRECT] 
2026-08-28 20:38:03,571 [ERROR] LogOutputStream:75 - [STDERR_REDIRECT] Aug 28, 2026 8:38:03 PM java.util.prefs.FileSystemPreferences checkLockFile0ErrorCode
2026-08-28 20:38:03,571 [ERROR] LogOutputStream:75 - [STDERR_REDIRECT] WARNING: Could not lock System prefs. Unix error code 0.
2026-08-28 20:38:03,572 [ERROR] LogOutputStream:75 - [STDERR_REDIRECT] 
2026-08-28 20:38:03,572 [ERROR] LogOutputStream:75 - [STDERR_REDIRECT] Aug 28, 2026 8:38:03 PM java.util.prefs.FileSystemPreferences syncWorld
2026-08-28 20:38:03,572 [ERROR] LogOutputStream:75 - [STDERR_REDIRECT] WARNING: Couldn't flush system prefs: java.util.prefs.BackingStoreException: Couldn't get file lock.
2026-08-28 20:38:03,572 [ERROR] LogOutputStream:75 - [STDERR_REDIRECT] 
2026-08-28 20:38:33,571 [ERROR] LogOutputStream:75 - [STDERR_REDIRECT] Aug 28, 2026 8:38:33 PM java.util.prefs.FileSystemPreferences checkLockFile0ErrorCode
2026-08-28 20:38:33,572 [ERROR] LogOutputStream:75 - [STDERR_REDIRECT] WARNING: Could not lock System prefs. Unix error code 0.
2026-08-28 20:38:33,572 [ERROR] LogOutputStream:75 - [STDERR_REDIRECT] 
2026-08-28 20:38:33,572 [ERROR] LogOutputStream:75 - [STDERR_REDIRECT] Aug 28, 2026 8:38:33 PM java.util.prefs.FileSystemPreferences syncWorld
2026-08-28 20:38:33,572 [ERROR] LogOutputStream:75 - [STDERR_REDIRECT] WARNING: Couldn't flush system prefs: java.util.prefs.BackingStoreException: Couldn't get file lock.
2026-08-28 20:38:33,572 [ERROR] LogOutputStream:75 - [STDERR_REDIRECT] 
2026-08-28 20:39:03,571 [ERROR] LogOutputStream:75 - [STDERR_REDIRECT] Aug 28, 2026 8:39:03 PM java.util.prefs.FileSystemPreferences checkLockFile0ErrorCode
2026-08-28 20:39:03,571 [ERROR] LogOutputStream:75 - [STDERR_REDIRECT] WARNING: Could not lock System prefs. Unix error code 0.
2026-08-28 20:39:03,571 [ERROR] LogOutputStream:75 - [STDERR_REDIRECT] 
2026-08-28 20:39:03,572 [ERROR] LogOutputStream:75 - [STDERR_REDIRECT] Aug 28, 2026 8:39:03 PM java.util.prefs.FileSystemPreferences syncWorld
2026-08-28 20:39:03,572 [ERROR] LogOutputStream:75 - [STDERR_REDIRECT] WARNING: Couldn't flush system prefs: java.util.prefs.BackingStoreException: Couldn't get file lock.
2026-08-28 20:39:03,572 [ERROR] LogOutputStream:75 - [STDERR_REDIRECT] 
2026-08-28 20:39:33,573 [ERROR] LogOutputStream:75 - [STDERR_REDIRECT] Aug 28, 2026 8:39:33 PM java.util.prefs.FileSystemPreferences checkLockFile0ErrorCode
2026-08-28 20:39:33,573 [ERROR] LogOutputStream:75 - [STDERR_REDIRECT] WARNING: Could not lock System prefs. Unix error code 0.
2026-08-28 20:39:33,573 [ERROR] LogOutputStream:75 - [STDERR_REDIRECT] 
2026-08-28 20:39:33,574 [ERROR] LogOutputStream:75 - [STDERR_REDIRECT] Aug 28, 2026 8:39:33 PM java.util.prefs.FileSystemPreferences syncWorld
2026-08-28 20:39:33,574 [ERROR] LogOutputStream:75 - [STDERR_REDIRECT] WARNING: Couldn't flush system prefs: java.util.prefs.BackingStoreException: Couldn't get file lock.
2026-08-28 20:39:33,574 [ERROR] LogOutputStream:75 - [STDERR_REDIRECT] 
2026-08-28 20:40:03,572 [ERROR] LogOutputStream:75 - [STDERR_REDIRECT] Aug 28, 2026 8:40:03 PM java.util.prefs.FileSystemPreferences checkLockFile0ErrorCode
2026-08-28 20:40:03,573 [ERROR] LogOutputStream:75 - [STDERR_REDIRECT] WARNING: Could not lock System prefs. Unix error code 0.
2026-08-28 20:40:03,573 [ERROR] LogOutputStream:75 - [STDERR_REDIRECT] 
2026-08-28 20:40:03,573 [ERROR] LogOutputStream:75 - [STDERR_REDIRECT] Aug 28, 2026 8:40:03 PM java.util.prefs.FileSystemPreferences syncWorld
2026-08-28 20:40:03,573 [ERROR] LogOutputStream:75 - [STDERR_REDIRECT] WARNING: Couldn't flush system prefs: java.util.prefs.BackingStoreException: Couldn't get file lock.
2026-08-28 20:40:03,573 [ERROR] LogOutputStream:75 - [STDERR_REDIRECT] 
2026-08-28 20:40:33,573 [ERROR] LogOutputStream:75 - [STDERR_REDIRECT] Aug 28, 2026 8:40:33 PM java.util.prefs.FileSystemPreferences checkLockFile0ErrorCode
2026-08-28 20:40:33,573 [ERROR] LogOutputStream:75 - [STDERR_REDIRECT] WARNING: Could not lock System prefs. Unix error code 0.
2026-08-28 20:40:33,573 [ERROR] LogOutputStream:75 - [STDERR_REDIRECT] 
2026-08-28 20:40:33,574 [ERROR] LogOutputStream:75 - [STDERR_REDIRECT] Aug 28, 2026 8:40:33 PM java.util.prefs.FileSystemPreferences syncWorld
2026-08-28 20:40:33,574 [ERROR] LogOutputStream:75 - [STDERR_REDIRECT] WARNING: Couldn't flush system prefs: java.util.prefs.BackingStoreException: Couldn't get file lock.
2026-08-28 20:40:33,574 [ERROR] LogOutputStream:75 - [STDERR_REDIRECT] 
2026-08-28 20:41:03,572 [ERROR] LogOutputStream:75 - [STDERR_REDIRECT] Aug 28, 2026 8:41:03 PM java.util.prefs.FileSystemPreferences checkLockFile0ErrorCode
2026-08-28 20:41:03,572 [ERROR] LogOutputStream:75 - [STDERR_REDIRECT] WARNING: Could not lock System prefs. Unix error code 0.
2026-08-28 20:41:03,572 [ERROR] LogOutputStream:75 - [STDERR_REDIRECT] 
2026-08-28 20:41:03,573 [ERROR] LogOutputStream:75 - [STDERR_REDIRECT] Aug 28, 2026 8:41:03 PM java.util.prefs.FileSystemPreferences syncWorld
2026-08-28 20:41:03,573 [ERROR] LogOutputStream:75 - [STDERR_REDIRECT] WARNING: Couldn't flush system prefs: java.util.prefs.BackingStoreException: Couldn't get file lock.
2026-08-28 20:41:03,573 [ERROR] LogOutputStream:75 - [STDERR_REDIRECT] 
2026-08-28 20:41:33,572 [ERROR] LogOutputStream:75 - [STDERR_REDIRECT] Aug 28, 2026 8:41:33 PM java.util.prefs.FileSystemPreferences checkLockFile0ErrorCode
2026-08-28 20:41:33,572 [ERROR] LogOutputStream:75 - [STDERR_REDIRECT] WARNING: Could not lock System prefs. Unix error code 0.
2026-08-28 20:41:33,572 [ERROR] LogOutputStream:75 - [STDERR_REDIRECT] 
2026-08-28 20:41:33,573 [ERROR] LogOutputStream:75 - [STDERR_REDIRECT] Aug 28, 2026 8:41:33 PM java.util.prefs.FileSystemPreferences syncWorld
2026-08-28 20:41:33,573 [ERROR] LogOutputStream:75 - [STDERR_REDIRECT] WARNING: Couldn't flush system prefs: java.util.prefs.BackingStoreException: Couldn't get file lock.
2026-08-28 20:41:33,573 [ERROR] LogOutputStream:75 - [STDERR_REDIRECT] 
2026-08-28 20:42:03,572 [ERROR] LogOutputStream:75 - [STDERR_REDIRECT] Aug 28, 2026 8:42:03 PM java.util.prefs.FileSystemPreferences checkLockFile0ErrorCode
2026-08-28 20:42:03,572 [ERROR] LogOutputStream:75 - [STDERR_REDIRECT] WARNING: Could not lock System prefs. Unix error code 0.
2026-08-28 20:42:03,572 [ERROR] LogOutputStream:75 - [STDERR_REDIRECT] 
2026-08-28 20:42:03,573 [ERROR] LogOutputStream:75 - [STDERR_REDIRECT] Aug 28, 2026 8:42:03 PM java.util.prefs.FileSystemPreferences syncWorld
2026-08-28 20:42:03,573 [ERROR] LogOutputStream:75 - [STDERR_REDIRECT] WARNING: Couldn't flush system prefs: java.util.prefs.BackingStoreException: Couldn't get file lock.
2026-08-28 20:42:03,573 [ERROR] LogOutputStream:75 - [STDERR_REDIRECT] 
2026-08-28 20:42:33,572 [ERROR] LogOutputStream:75 - [STDERR_REDIRECT] Aug 28, 2026 8:42:33 PM java.util.prefs.FileSystemPreferences checkLockFile0ErrorCode
2026-08-28 20:42:33,572 [ERROR] LogOutputStream:75 - [STDERR_REDIRECT] WARNING: Could not lock System prefs. Unix error code 0.
2026-08-28 20:42:33,573 [ERROR] LogOutputStream:75 - [STDERR_REDIRECT] 
2026-08-28 20:42:33,573 [ERROR] LogOutputStream:75 - [STDERR_REDIRECT] Aug 28, 2026 8:42:33 PM java.util.prefs.FileSystemPreferences syncWorld
2026-08-28 20:42:33,573 [ERROR] LogOutputStream:75 - [STDERR_REDIRECT] WARNING: Couldn't flush system prefs: java.util.prefs.BackingStoreException: Couldn't get file lock.
2026-08-28 20:42:33,573 [ERROR] LogOutputStream:75 - [STDERR_REDIRECT] 
2026-08-28 20:43:03,572 [ERROR] LogOutputStream:75 - [STDERR_REDIRECT] Aug 28, 2026 8:43:03 PM java.util.prefs.FileSystemPreferences checkLockFile0ErrorCode
2026-08-28 20:43:03,573 [ERROR] LogOutputStream:75 - [STDERR_REDIRECT] WARNING: Could not lock System prefs. Unix error code 0.
2026-08-28 20:43:03,573 [ERROR] LogOutputStream:75 - [STDERR_REDIRECT] 
2026-08-28 20:43:03,573 [ERROR] LogOutputStream:75 - [STDERR_REDIRECT] Aug 28, 2026 8:43:03 PM java.util.prefs.FileSystemPreferences syncWorld
2026-08-28 20:43:03,573 [ERROR] LogOutputStream:75 - [STDERR_REDIRECT] WARNING: Couldn't flush system prefs: java.util.prefs.BackingStoreException: Couldn't get file lock.
2026-08-28 20:43:03,573 [ERROR] LogOutputStream:75 - [STDERR_REDIRECT] 
2026-08-28 20:43:33,572 [ERROR] LogOutputStream:75 - [STDERR_REDIRECT] Aug 28, 2026 8:43:33 PM java.util.prefs.FileSystemPreferences checkLockFile0ErrorCode
2026-08-28 20:43:33,573 [ERROR] LogOutputStream:75 - [STDERR_REDIRECT] WARNING: Could not lock System prefs. Unix error code 0.
2026-08-28 20:43:33,573 [ERROR] LogOutputStream:75 - [STDERR_REDIRECT] 
2026-08-28 20:43:33,573 [ERROR] LogOutputStream:75 - [STDERR_REDIRECT] Aug 28, 2026 8:43:33 PM java.util.prefs.FileSystemPreferences syncWorld
2026-08-28 20:43:33,573 [ERROR] LogOutputStream:75 - [STDERR_REDIRECT] WARNING: Couldn't flush system prefs: java.util.prefs.BackingStoreException: Couldn't get file lock.
2026-08-28 20:43:33,573 [ERROR] LogOutputStream:75 - [STDERR_REDIRECT] 
2026-08-28 20:44:03,572 [ERROR] LogOutputStream:75 - [STDERR_REDIRECT] Aug 28, 2026 8:44:03 PM java.util.prefs.FileSystemPreferences checkLockFile0ErrorCode
2026-08-28 20:44:03,572 [ERROR] LogOutputStream:75 - [STDERR_REDIRECT] WARNING: Could not lock System prefs. Unix error code 0.
2026-08-28 20:44:03,573 [ERROR] LogOutputStream:75 - [STDERR_REDIRECT] 
2026-08-28 20:44:03,573 [ERROR] LogOutputStream:75 - [STDERR_REDIRECT] Aug 28, 2026 8:44:03 PM java.util.prefs.FileSystemPreferences syncWorld
2026-08-28 20:44:03,573 [ERROR] LogOutputStream:75 - [STDERR_REDIRECT] WARNING: Couldn't flush system prefs: java.util.prefs.BackingStoreException: Couldn't get file lock.
2026-08-28 20:44:03,573 [ERROR] LogOutputStream:75 - [STDERR_REDIRECT] 
2026-08-28 20:44:33,572 [ERROR] LogOutputStream:75 - [STDERR_REDIRECT] Aug 28, 2026 8:44:33 PM java.util.prefs.FileSystemPreferences checkLockFile0ErrorCode
2026-08-28 20:44:33,572 [ERROR] LogOutputStream:75 - [STDERR_REDIRECT] WARNING: Could not lock System prefs. Unix error code 0.
2026-08-28 20:44:33,572 [ERROR] LogOutputStream:75 - [STDERR_REDIRECT] 
2026-08-28 20:44:33,573 [ERROR] LogOutputStream:75 - [STDERR_REDIRECT] Aug 28, 2026 8:44:33 PM java.util.prefs.FileSystemPreferences syncWorld
2026-08-28 20:44:33,573 [ERROR] LogOutputStream:75 - [STDERR_REDIRECT] WARNING: Couldn't flush system prefs: java.util.prefs.BackingStoreException: Couldn't get file lock.
2026-08-28 20:44:33,573 [ERROR] LogOutputStream:75 - [STDERR_REDIRECT] 
2026-08-28 20:45:03,579 [ERROR] LogOutputStream:75 - [STDERR_REDIRECT] Aug 28, 2026 8:45:03 PM java.util.prefs.FileSystemPreferences checkLockFile0ErrorCode
2026-08-28 20:45:03,579 [ERROR] LogOutputStream:75 - [STDERR_REDIRECT] WARNING: Could not lock System prefs. Unix error code 0.
2026-08-28 20:45:03,579 [ERROR] LogOutputStream:75 - [STDERR_REDIRECT] 
2026-08-28 20:45:03,580 [ERROR] LogOutputStream:75 - [STDERR_REDIRECT] Aug 28, 2026 8:45:03 PM java.util.prefs.FileSystemPreferences syncWorld
2026-08-28 20:45:03,580 [ERROR] LogOutputStream:75 - [STDERR_REDIRECT] WARNING: Couldn't flush system prefs: java.util.prefs.BackingStoreException: Couldn't get file lock.
2026-08-28 20:45:03,580 [ERROR] LogOutputStream:75 - [STDERR_REDIRECT] 
2026-08-28 20:45:33,572 [ERROR] LogOutputStream:75 - [STDERR_REDIRECT] Aug 28, 2026 8:45:33 PM java.util.prefs.FileSystemPreferences checkLockFile0ErrorCode
2026-08-28 20:45:33,573 [ERROR] LogOutputStream:75 - [STDERR_REDIRECT] WARNING: Could not lock System prefs. Unix error code 0.
2026-08-28 20:45:33,573 [ERROR] LogOutputStream:75 - [STDERR_REDIRECT] 
2026-08-28 20:45:33,573 [ERROR] LogOutputStream:75 - [STDERR_REDIRECT] Aug 28, 2026 8:45:33 PM java.util.prefs.FileSystemPreferences syncWorld
2026-08-28 20:45:33,573 [ERROR] LogOutputStream:75 - [STDERR_REDIRECT] WARNING: Couldn't flush system prefs: java.util.prefs.BackingStoreException: Couldn't get file lock.
2026-08-28 20:45:33,573 [ERROR] LogOutputStream:75 - [STDERR_REDIRECT] 
2026-08-28 20:46:03,572 [ERROR] LogOutputStream:75 - [STDERR_REDIRECT] Aug 28, 2026 8:46:03 PM java.util.prefs.FileSystemPreferences checkLockFile0ErrorCode
2026-08-28 20:46:03,573 [ERROR] LogOutputStream:75 - [STDERR_REDIRECT] WARNING: Could not lock System prefs. Unix error code 0.
2026-08-28 20:46:03,573 [ERROR] LogOutputStream:75 - [STDERR_REDIRECT] 
2026-08-28 20:46:03,573 [ERROR] LogOutputStream:75 - [STDERR_REDIRECT] Aug 28, 2026 8:46:03 PM java.util.prefs.FileSystemPreferences syncWorld
2026-08-28 20:46:03,573 [ERROR] LogOutputStream:75 - [STDERR_REDIRECT] WARNING: Couldn't flush system prefs: java.util.prefs.BackingStoreException: Couldn't get file lock.
2026-08-28 20:46:03,573 [ERROR] LogOutputStream:75 - [STDERR_REDIRECT] 
2026-08-28 20:46:33,573 [ERROR] LogOutputStream:75 - [STDERR_REDIRECT] Aug 28, 2026 8:46:33 PM java.util.prefs.FileSystemPreferences checkLockFile0ErrorCode
2026-08-28 20:46:33,573 [ERROR] LogOutputStream:75 - [STDERR_REDIRECT] WARNING: Could not lock System prefs. Unix error code 0.
2026-08-28 20:46:33,573 [ERROR] LogOutputStream:75 - [STDERR_REDIRECT] 
2026-08-28 20:46:33,573 [ERROR] LogOutputStream:75 - [STDERR_REDIRECT] Aug 28, 2026 8:46:33 PM java.util.prefs.FileSystemPreferences syncWorld
2026-08-28 20:46:33,573 [ERROR] LogOutputStream:75 - [STDERR_REDIRECT] WARNING: Couldn't flush system prefs: java.util.prefs.BackingStoreException: Couldn't get file lock.
2026-08-28 20:46:33,573 [ERROR] LogOutputStream:75 - [STDERR_REDIRECT] 
2026-08-28 20:47:03,573 [ERROR] LogOutputStream:75 - [STDERR_REDIRECT] Aug 28, 2026 8:47:03 PM java.util.prefs.FileSystemPreferences checkLockFile0ErrorCode
2026-08-28 20:47:03,574 [ERROR] LogOutputStream:75 - [STDERR_REDIRECT] WARNING: Could not lock System prefs. Unix error code 0.
2026-08-28 20:47:03,574 [ERROR] LogOutputStream:75 - [STDERR_REDIRECT] 
2026-08-28 20:47:03,574 [ERROR] LogOutputStream:75 - [STDERR_REDIRECT] Aug 28, 2026 8:47:03 PM java.util.prefs.FileSystemPreferences syncWorld
2026-08-28 20:47:03,574 [ERROR] LogOutputStream:75 - [STDERR_REDIRECT] WARNING: Couldn't flush system prefs: java.util.prefs.BackingStoreException: Couldn't get file lock.
2026-08-28 20:47:03,574 [ERROR] LogOutputStream:75 - [STDERR_REDIRECT] 
2026-08-28 20:47:33,574 [ERROR] LogOutputStream:75 - [STDERR_REDIRECT] Aug 28, 2026 8:47:33 PM java.util.prefs.FileSystemPreferences checkLockFile0ErrorCode
2026-08-28 20:47:33,575 [ERROR] LogOutputStream:75 - [STDERR_REDIRECT] WARNING: Could not lock System prefs. Unix error code 0.
2026-08-28 20:47:33,575 [ERROR] LogOutputStream:75 - [STDERR_REDIRECT] 
2026-08-28 20:47:33,575 [ERROR] LogOutputStream:75 - [STDERR_REDIRECT] Aug 28, 2026 8:47:33 PM java.util.prefs.FileSystemPreferences syncWorld
2026-08-28 20:47:33,575 [ERROR] LogOutputStream:75 - [STDERR_REDIRECT] WARNING: Couldn't flush system prefs: java.util.prefs.BackingStoreException: Couldn't get file lock.
2026-08-28 20:47:33,575 [ERROR] LogOutputStream:75 - [STDERR_REDIRECT] 
2026-08-28 20:48:03,575 [ERROR] LogOutputStream:75 - [STDERR_REDIRECT] Aug 28, 2026 8:48:03 PM java.util.prefs.FileSystemPreferences checkLockFile0ErrorCode
2026-08-28 20:48:03,576 [ERROR] LogOutputStream:75 - [STDERR_REDIRECT] WARNING: Could not lock System prefs. Unix error code 0.
2026-08-28 20:48:03,576 [ERROR] LogOutputStream:75 - [STDERR_REDIRECT] 
2026-08-28 20:48:03,576 [ERROR] LogOutputStream:75 - [STDERR_REDIRECT] Aug 28, 2026 8:48:03 PM java.util.prefs.FileSystemPreferences syncWorld
2026-08-28 20:48:03,576 [ERROR] LogOutputStream:75 - [STDERR_REDIRECT] WARNING: Couldn't flush system prefs: java.util.prefs.BackingStoreException: Couldn't get file lock.
2026-08-28 20:48:03,576 [ERROR] LogOutputStream:75 - [STDERR_REDIRECT] 
2026-08-28 20:48:33,576 [ERROR] LogOutputStream:75 - [STDERR_REDIRECT] Aug 28, 2026 8:48:33 PM java.util.prefs.FileSystemPreferences checkLockFile0ErrorCode
2026-08-28 20:48:33,576 [ERROR] LogOutputStream:75 - [STDERR_REDIRECT] WARNING: Could not lock System prefs. Unix error code 0.
2026-08-28 20:48:33,577 [ERROR] LogOutputStream:75 - [STDERR_REDIRECT] 
2026-08-28 20:48:33,577 [ERROR] LogOutputStream:75 - [STDERR_REDIRECT] Aug 28, 2026 8:48:33 PM java.util.prefs.FileSystemPreferences syncWorld
2026-08-28 20:48:33,577 [ERROR] LogOutputStream:75 - [STDERR_REDIRECT] WARNING: Couldn't flush system prefs: java.util.prefs.BackingStoreException: Couldn't get file lock.
2026-08-28 20:48:33,577 [ERROR] LogOutputStream:75 - [STDERR_REDIRECT] 
2026-08-28 20:49:03,578 [ERROR] LogOutputStream:75 - [STDERR_REDIRECT] Aug 28, 2026 8:49:03 PM java.util.prefs.FileSystemPreferences checkLockFile0ErrorCode
2026-08-28 20:49:03,579 [ERROR] LogOutputStream:75 - [STDERR_REDIRECT] WARNING: Could not lock System prefs. Unix error code 0.
2026-08-28 20:49:03,580 [ERROR] LogOutputStream:75 - [STDERR_REDIRECT] 
2026-08-28 20:49:03,581 [ERROR] LogOutputStream:75 - [STDERR_REDIRECT] Aug 28, 2026 8:49:03 PM java.util.prefs.FileSystemPreferences syncWorld
2026-08-28 20:49:03,581 [ERROR] LogOutputStream:75 - [STDERR_REDIRECT] WARNING: Couldn't flush system prefs: java.util.prefs.BackingStoreException: Couldn't get file lock.
2026-08-28 20:49:03,581 [ERROR] LogOutputStream:75 - [STDERR_REDIRECT] 
2026-08-28 20:49:33,578 [ERROR] LogOutputStream:75 - [STDERR_REDIRECT] Aug 28, 2026 8:49:33 PM java.util.prefs.FileSystemPreferences checkLockFile0ErrorCode
2026-08-28 20:49:33,579 [ERROR] LogOutputStream:75 - [STDERR_REDIRECT] WARNING: Could not lock System prefs. Unix error code 0.
2026-08-28 20:49:33,579 [ERROR] LogOutputStream:75 - [STDERR_REDIRECT] 
2026-08-28 20:49:33,580 [ERROR] LogOutputStream:75 - [STDERR_REDIRECT] Aug 28, 2026 8:49:33 PM java.util.prefs.FileSystemPreferences syncWorld
2026-08-28 20:49:33,580 [ERROR] LogOutputStream:75 - [STDERR_REDIRECT] WARNING: Couldn't flush system prefs: java.util.prefs.BackingStoreException: Couldn't get file lock.
2026-08-28 20:49:33,580 [ERROR] LogOutputStream:75 - [STDERR_REDIRECT] 
2026-08-28 20:50:03,576 [ERROR] LogOutputStream:75 - [STDERR_REDIRECT] Aug 28, 2026 8:50:03 PM java.util.prefs.FileSystemPreferences checkLockFile0ErrorCode
2026-08-28 20:50:03,576 [ERROR] LogOutputStream:75 - [STDERR_REDIRECT] WARNING: Could not lock System prefs. Unix error code 0.
2026-08-28 20:50:03,576 [ERROR] LogOutputStream:75 - [STDERR_REDIRECT] 
2026-08-28 20:50:03,577 [ERROR] LogOutputStream:75 - [STDERR_REDIRECT] Aug 28, 2026 8:50:03 PM java.util.prefs.FileSystemPreferences syncWorld
2026-08-28 20:50:03,577 [ERROR] LogOutputStream:75 - [STDERR_REDIRECT] WARNING: Couldn't flush system prefs: java.util.prefs.BackingStoreException: Couldn't get file lock.
2026-08-28 20:50:03,578 [ERROR] LogOutputStream:75 - [STDERR_REDIRECT] 
2026-08-28 20:50:33,576 [ERROR] LogOutputStream:75 - [STDERR_REDIRECT] Aug 28, 2026 8:50:33 PM java.util.prefs.FileSystemPreferences checkLockFile0ErrorCode
2026-08-28 20:50:33,576 [ERROR] LogOutputStream:75 - [STDERR_REDIRECT] WARNING: Could not lock System prefs. Unix error code 0.
2026-08-28 20:50:33,576 [ERROR] LogOutputStream:75 - [STDERR_REDIRECT] 
2026-08-28 20:50:33,577 [ERROR] LogOutputStream:75 - [STDERR_REDIRECT] Aug 28, 2026 8:50:33 PM java.util.prefs.FileSystemPreferences syncWorld
2026-08-28 20:50:33,577 [ERROR] LogOutputStream:75 - [STDERR_REDIRECT] WARNING: Couldn't flush system prefs: java.util.prefs.BackingStoreException: Couldn't get file lock.
2026-08-28 20:50:33,577 [ERROR] LogOutputStream:75 - [STDERR_REDIRECT] 
2026-08-28 20:51:03,585 [ERROR] LogOutputStream:75 - [STDERR_REDIRECT] Aug 28, 2026 8:51:03 PM java.util.prefs.FileSystemPreferences checkLockFile0ErrorCode
2026-08-28 20:51:03,585 [ERROR] LogOutputStream:75 - [STDERR_REDIRECT] WARNING: Could not lock System prefs. Unix error code 0.
2026-08-28 20:51:03,585 [ERROR] LogOutputStream:75 - [STDERR_REDIRECT] 
2026-08-28 20:51:03,586 [ERROR] LogOutputStream:75 - [STDERR_REDIRECT] Aug 28, 2026 8:51:03 PM java.util.prefs.FileSystemPreferences syncWorld
2026-08-28 20:51:03,586 [ERROR] LogOutputStream:75 - [STDERR_REDIRECT] WARNING: Couldn't flush system prefs: java.util.prefs.BackingStoreException: Couldn't get file lock.
2026-08-28 20:51:03,586 [ERROR] LogOutputStream:75 - [STDERR_REDIRECT] 
2026-08-28 20:51:33,583 [ERROR] LogOutputStream:75 - [STDERR_REDIRECT] Aug 28, 2026 8:51:33 PM java.util.prefs.FileSystemPreferences checkLockFile0ErrorCode
2026-08-28 20:51:33,583 [ERROR] LogOutputStream:75 - [STDERR_REDIRECT] WARNING: Could not lock System prefs. Unix error code 0.
2026-08-28 20:51:33,584 [ERROR] LogOutputStream:75 - [STDERR_REDIRECT] 
2026-08-28 20:51:33,584 [ERROR] LogOutputStream:75 - [STDERR_REDIRECT] Aug 28, 2026 8:51:33 PM java.util.prefs.FileSystemPreferences syncWorld
2026-08-28 20:51:33,590 [ERROR] LogOutputStream:75 - [STDERR_REDIRECT] WARNING: Couldn't flush system prefs: java.util.prefs.BackingStoreException: Couldn't get file lock.
2026-08-28 20:51:33,590 [ERROR] LogOutputStream:75 - [STDERR_REDIRECT] 
2026-08-28 20:52:03,579 [ERROR] LogOutputStream:75 - [STDERR_REDIRECT] Aug 28, 2026 8:52:03 PM java.util.prefs.FileSystemPreferences checkLockFile0ErrorCode
2026-08-28 20:52:03,580 [ERROR] LogOutputStream:75 - [STDERR_REDIRECT] WARNING: Could not lock System prefs. Unix error code 0.
2026-08-28 20:52:03,580 [ERROR] LogOutputStream:75 - [STDERR_REDIRECT] 
2026-08-28 20:52:03,580 [ERROR] LogOutputStream:75 - [STDERR_REDIRECT] Aug 28, 2026 8:52:03 PM java.util.prefs.FileSystemPreferences syncWorld
2026-08-28 20:52:03,580 [ERROR] LogOutputStream:75 - [STDERR_REDIRECT] WARNING: Couldn't flush system prefs: java.util.prefs.BackingStoreException: Couldn't get file lock.
2026-08-28 20:52:03,580 [ERROR] LogOutputStream:75 - [STDERR_REDIRECT] 
2026-08-28 20:52:33,580 [ERROR] LogOutputStream:75 - [STDERR_REDIRECT] Aug 28, 2026 8:52:33 PM java.util.prefs.FileSystemPreferences checkLockFile0ErrorCode
2026-08-28 20:52:33,580 [ERROR] LogOutputStream:75 - [STDERR_REDIRECT] WARNING: Could not lock System prefs. Unix error code 0.
2026-08-28 20:52:33,580 [ERROR] LogOutputStream:75 - [STDERR_REDIRECT] 
2026-08-28 20:52:33,581 [ERROR] LogOutputStream:75 - [STDERR_REDIRECT] Aug 28, 2026 8:52:33 PM java.util.prefs.FileSystemPreferences syncWorld
2026-08-28 20:52:33,581 [ERROR] LogOutputStream:75 - [STDERR_REDIRECT] WARNING: Couldn't flush system prefs: java.util.prefs.BackingStoreException: Couldn't get file lock.
2026-08-28 20:52:33,581 [ERROR] LogOutputStream:75 - [STDERR_REDIRECT] 
2026-08-28 20:53:03,580 [ERROR] LogOutputStream:75 - [STDERR_REDIRECT] Aug 28, 2026 8:53:03 PM java.util.prefs.FileSystemPreferences checkLockFile0ErrorCode
2026-08-28 20:53:03,580 [ERROR] LogOutputStream:75 - [STDERR_REDIRECT] WARNING: Could not lock System prefs. Unix error code 0.
2026-08-28 20:53:03,581 [ERROR] LogOutputStream:75 - [STDERR_REDIRECT] 
2026-08-28 20:53:03,581 [ERROR] LogOutputStream:75 - [STDERR_REDIRECT] Aug 28, 2026 8:53:03 PM java.util.prefs.FileSystemPreferences syncWorld
2026-08-28 20:53:03,581 [ERROR] LogOutputStream:75 - [STDERR_REDIRECT] WARNING: Couldn't flush system prefs: java.util.prefs.BackingStoreException: Couldn't get file lock.
2026-08-28 20:53:03,581 [ERROR] LogOutputStream:75 - [STDERR_REDIRECT] 
2026-08-28 20:53:33,581 [ERROR] LogOutputStream:75 - [STDERR_REDIRECT] Aug 28, 2026 8:53:33 PM java.util.prefs.FileSystemPreferences checkLockFile0ErrorCode
2026-08-28 20:53:33,581 [ERROR] LogOutputStream:75 - [STDERR_REDIRECT] WARNING: Could not lock System prefs. Unix error code 0.
2026-08-28 20:53:33,581 [ERROR] LogOutputStream:75 - [STDERR_REDIRECT] 
2026-08-28 20:53:33,581 [ERROR] LogOutputStream:75 - [STDERR_REDIRECT] Aug 28, 2026 8:53:33 PM java.util.prefs.FileSystemPreferences syncWorld
2026-08-28 20:53:33,582 [ERROR] LogOutputStream:75 - [STDERR_REDIRECT] WARNING: Couldn't flush system prefs: java.util.prefs.BackingStoreException: Couldn't get file lock.
2026-08-28 20:53:33,582 [ERROR] LogOutputStream:75 - [STDERR_REDIRECT] 
2026-08-28 20:54:03,580 [ERROR] LogOutputStream:75 - [STDERR_REDIRECT] Aug 28, 2026 8:54:03 PM java.util.prefs.FileSystemPreferences checkLockFile0ErrorCode
2026-08-28 20:54:03,580 [ERROR] LogOutputStream:75 - [STDERR_REDIRECT] WARNING: Could not lock System prefs. Unix error code 0.
2026-08-28 20:54:03,580 [ERROR] LogOutputStream:75 - [STDERR_REDIRECT] 
2026-08-28 20:54:03,581 [ERROR] LogOutputStream:75 - [STDERR_REDIRECT] Aug 28, 2026 8:54:03 PM java.util.prefs.FileSystemPreferences syncWorld
2026-08-28 20:54:03,581 [ERROR] LogOutputStream:75 - [STDERR_REDIRECT] WARNING: Couldn't flush system prefs: java.util.prefs.BackingStoreException: Couldn't get file lock.
2026-08-28 20:54:03,581 [ERROR] LogOutputStream:75 - [STDERR_REDIRECT] 
2026-08-28 20:54:33,580 [ERROR] LogOutputStream:75 - [STDERR_REDIRECT] Aug 28, 2026 8:54:33 PM java.util.prefs.FileSystemPreferences checkLockFile0ErrorCode
2026-08-28 20:54:33,580 [ERROR] LogOutputStream:75 - [STDERR_REDIRECT] WARNING: Could not lock System prefs. Unix error code 0.
2026-08-28 20:54:33,580 [ERROR] LogOutputStream:75 - [STDERR_REDIRECT] 
2026-08-28 20:54:33,581 [ERROR] LogOutputStream:75 - [STDERR_REDIRECT] Aug 28, 2026 8:54:33 PM java.util.prefs.FileSystemPreferences syncWorld
2026-08-28 20:54:33,581 [ERROR] LogOutputStream:75 - [STDERR_REDIRECT] WARNING: Couldn't flush system prefs: java.util.prefs.BackingStoreException: Couldn't get file lock.
2026-08-28 20:54:33,581 [ERROR] LogOutputStream:75 - [STDERR_REDIRECT] 
2026-08-28 20:55:03,583 [ERROR] LogOutputStream:75 - [STDERR_REDIRECT] Aug 28, 2026 8:55:03 PM java.util.prefs.FileSystemPreferences checkLockFile0ErrorCode
2026-08-28 20:55:03,583 [ERROR] LogOutputStream:75 - [STDERR_REDIRECT] WARNING: Could not lock System prefs. Unix error code 0.
2026-08-28 20:55:03,584 [ERROR] LogOutputStream:75 - [STDERR_REDIRECT] 
2026-08-28 20:55:03,584 [ERROR] LogOutputStream:75 - [STDERR_REDIRECT] Aug 28, 2026 8:55:03 PM java.util.prefs.FileSystemPreferences syncWorld
2026-08-28 20:55:03,584 [ERROR] LogOutputStream:75 - [STDERR_REDIRECT] WARNING: Couldn't flush system prefs: java.util.prefs.BackingStoreException: Couldn't get file lock.
2026-08-28 20:55:03,584 [ERROR] LogOutputStream:75 - [STDERR_REDIRECT] 
2026-08-28 20:55:33,584 [ERROR] LogOutputStream:75 - [STDERR_REDIRECT] Aug 28, 2026 8:55:33 PM java.util.prefs.FileSystemPreferences checkLockFile0ErrorCode
2026-08-28 20:55:33,585 [ERROR] LogOutputStream:75 - [STDERR_REDIRECT] WARNING: Could not lock System prefs. Unix error code 0.
2026-08-28 20:55:33,585 [ERROR] LogOutputStream:75 - [STDERR_REDIRECT] 
2026-08-28 20:55:33,585 [ERROR] LogOutputStream:75 - [STDERR_REDIRECT] Aug 28, 2026 8:55:33 PM java.util.prefs.FileSystemPreferences syncWorld
2026-08-28 20:55:33,585 [ERROR] LogOutputStream:75 - [STDERR_REDIRECT] WARNING: Couldn't flush system prefs: java.util.prefs.BackingStoreException: Couldn't get file lock.
2026-08-28 20:55:33,585 [ERROR] LogOutputStream:75 - [STDERR_REDIRECT] 
2026-08-28 20:56:03,582 [ERROR] LogOutputStream:75 - [STDERR_REDIRECT] Aug 28, 2026 8:56:03 PM java.util.prefs.FileSystemPreferences checkLockFile0ErrorCode
2026-08-28 20:56:03,582 [ERROR] LogOutputStream:75 - [STDERR_REDIRECT] WARNING: Could not lock System prefs. Unix error code 0.
2026-08-28 20:56:03,582 [ERROR] LogOutputStream:75 - [STDERR_REDIRECT] 
2026-08-28 20:56:03,582 [ERROR] LogOutputStream:75 - [STDERR_REDIRECT] Aug 28, 2026 8:56:03 PM java.util.prefs.FileSystemPreferences syncWorld
2026-08-28 20:56:03,582 [ERROR] LogOutputStream:75 - [STDERR_REDIRECT] WARNING: Couldn't flush system prefs: java.util.prefs.BackingStoreException: Couldn't get file lock.
2026-08-28 20:56:03,582 [ERROR] LogOutputStream:75 - [STDERR_REDIRECT] 
2026-08-28 20:56:33,581 [ERROR] LogOutputStream:75 - [STDERR_REDIRECT] Aug 28, 2026 8:56:33 PM java.util.prefs.FileSystemPreferences checkLockFile0ErrorCode
2026-08-28 20:56:33,582 [ERROR] LogOutputStream:75 - [STDERR_REDIRECT] WARNING: Could not lock System prefs. Unix error code 0.
2026-08-28 20:56:33,582 [ERROR] LogOutputStream:75 - [STDERR_REDIRECT] 
2026-08-28 20:56:33,582 [ERROR] LogOutputStream:75 - [STDERR_REDIRECT] Aug 28, 2026 8:56:33 PM java.util.prefs.FileSystemPreferences syncWorld
2026-08-28 20:56:33,582 [ERROR] LogOutputStream:75 - [STDERR_REDIRECT] WARNING: Couldn't flush system prefs: java.util.prefs.BackingStoreException: Couldn't get file lock.
2026-08-28 20:56:33,582 [ERROR] LogOutputStream:75 - [STDERR_REDIRECT] 
2026-08-28 20:57:03,587 [ERROR] LogOutputStream:75 - [STDERR_REDIRECT] Aug 28, 2026 8:57:03 PM java.util.prefs.FileSystemPreferences checkLockFile0ErrorCode
2026-08-28 20:57:03,587 [ERROR] LogOutputStream:75 - [STDERR_REDIRECT] WARNING: Could not lock System prefs. Unix error code 0.
2026-08-28 20:57:03,587 [ERROR] LogOutputStream:75 - [STDERR_REDIRECT] 
2026-08-28 20:57:03,589 [ERROR] LogOutputStream:75 - [STDERR_REDIRECT] Aug 28, 2026 8:57:03 PM java.util.prefs.FileSystemPreferences syncWorld
2026-08-28 20:57:03,589 [ERROR] LogOutputStream:75 - [STDERR_REDIRECT] WARNING: Couldn't flush system prefs: java.util.prefs.BackingStoreException: Couldn't get file lock.
2026-08-28 20:57:03,590 [ERROR] LogOutputStream:75 - [STDERR_REDIRECT] 
2026-08-28 20:57:33,581 [ERROR] LogOutputStream:75 - [STDERR_REDIRECT] Aug 28, 2026 8:57:33 PM java.util.prefs.FileSystemPreferences checkLockFile0ErrorCode
2026-08-28 20:57:33,582 [ERROR] LogOutputStream:75 - [STDERR_REDIRECT] WARNING: Could not lock System prefs. Unix error code 0.
2026-08-28 20:57:33,582 [ERROR] LogOutputStream:75 - [STDERR_REDIRECT] 
2026-08-28 20:57:33,582 [ERROR] LogOutputStream:75 - [STDERR_REDIRECT] Aug 28, 2026 8:57:33 PM java.util.prefs.FileSystemPreferences syncWorld
2026-08-28 20:57:33,582 [ERROR] LogOutputStream:75 - [STDERR_REDIRECT] WARNING: Couldn't flush system prefs: java.util.prefs.BackingStoreException: Couldn't get file lock.
2026-08-28 20:57:33,582 [ERROR] LogOutputStream:75 - [STDERR_REDIRECT] 
2026-08-28 20:58:03,583 [ERROR] LogOutputStream:75 - [STDERR_REDIRECT] Aug 28, 2026 8:58:03 PM java.util.prefs.FileSystemPreferences checkLockFile0ErrorCode
2026-08-28 20:58:03,583 [ERROR] LogOutputStream:75 - [STDERR_REDIRECT] WARNING: Could not lock System prefs. Unix error code 0.
2026-08-28 20:58:03,583 [ERROR] LogOutputStream:75 - [STDERR_REDIRECT] 
2026-08-28 20:58:03,583 [ERROR] LogOutputStream:75 - [STDERR_REDIRECT] Aug 28, 2026 8:58:03 PM java.util.prefs.FileSystemPreferences syncWorld
2026-08-28 20:58:03,583 [ERROR] LogOutputStream:75 - [STDERR_REDIRECT] WARNING: Couldn't flush system prefs: java.util.prefs.BackingStoreException: Couldn't get file lock.
2026-08-28 20:58:03,584 [ERROR] LogOutputStream:75 - [STDERR_REDIRECT] 
2026-08-28 20:58:33,581 [ERROR] LogOutputStream:75 - [STDERR_REDIRECT] Aug 28, 2026 8:58:33 PM java.util.prefs.FileSystemPreferences checkLockFile0ErrorCode
2026-08-28 20:58:33,582 [ERROR] LogOutputStream:75 - [STDERR_REDIRECT] WARNING: Could not lock System prefs. Unix error code 0.
2026-08-28 20:58:33,582 [ERROR] LogOutputStream:75 - [STDERR_REDIRECT] 
2026-08-28 20:58:33,582 [ERROR] LogOutputStream:75 - [STDERR_REDIRECT] Aug 28, 2026 8:58:33 PM java.util.prefs.FileSystemPreferences syncWorld
2026-08-28 20:58:33,582 [ERROR] LogOutputStream:75 - [STDERR_REDIRECT] WARNING: Couldn't flush system prefs: java.util.prefs.BackingStoreException: Couldn't get file lock.
2026-08-28 20:58:33,582 [ERROR] LogOutputStream:75 - [STDERR_REDIRECT] 
2026-08-28 20:59:03,582 [ERROR] LogOutputStream:75 - [STDERR_REDIRECT] Aug 28, 2026 8:59:03 PM java.util.prefs.FileSystemPreferences checkLockFile0ErrorCode
2026-08-28 20:59:03,582 [ERROR] LogOutputStream:75 - [STDERR_REDIRECT] WARNING: Could not lock System prefs. Unix error code 0.
2026-08-28 20:59:03,582 [ERROR] LogOutputStream:75 - [STDERR_REDIRECT] 
2026-08-28 20:59:03,582 [ERROR] LogOutputStream:75 - [STDERR_REDIRECT] Aug 28, 2026 8:59:03 PM java.util.prefs.FileSystemPreferences syncWorld
2026-08-28 20:59:03,582 [ERROR] LogOutputStream:75 - [STDERR_REDIRECT] WARNING: Couldn't flush system prefs: java.util.prefs.BackingStoreException: Couldn't get file lock.
2026-08-28 20:59:03,582 [ERROR] LogOutputStream:75 - [STDERR_REDIRECT] 
2026-08-28 20:59:33,582 [ERROR] LogOutputStream:75 - [STDERR_REDIRECT] Aug 28, 2026 8:59:33 PM java.util.prefs.FileSystemPreferences checkLockFile0ErrorCode
2026-08-28 20:59:33,582 [ERROR] LogOutputStream:75 - [STDERR_REDIRECT] WARNING: Could not lock System prefs. Unix error code 0.
2026-08-28 20:59:33,582 [ERROR] LogOutputStream:75 - [STDERR_REDIRECT] 
2026-08-28 20:59:33,582 [ERROR] LogOutputStream:75 - [STDERR_REDIRECT] Aug 28, 2026 8:59:33 PM java.util.prefs.FileSystemPreferences syncWorld
2026-08-28 20:59:33,582 [ERROR] LogOutputStream:75 - [STDERR_REDIRECT] WARNING: Couldn't flush system prefs: java.util.prefs.BackingStoreException: Couldn't get file lock.
2026-08-28 20:59:33,582 [ERROR] LogOutputStream:75 - [STDERR_REDIRECT] 
2026-08-28 21:00:03,583 [ERROR] LogOutputStream:75 - [STDERR_REDIRECT] Aug 28, 2026 9:00:03 PM java.util.prefs.FileSystemPreferences checkLockFile0ErrorCode
2026-08-28 21:00:03,583 [ERROR] LogOutputStream:75 - [STDERR_REDIRECT] WARNING: Could not lock System prefs. Unix error code 0.
2026-08-28 21:00:03,583 [ERROR] LogOutputStream:75 - [STDERR_REDIRECT] 
2026-08-28 21:00:03,584 [ERROR] LogOutputStream:75 - [STDERR_REDIRECT] Aug 28, 2026 9:00:03 PM java.util.prefs.FileSystemPreferences syncWorld
2026-08-28 21:00:03,584 [ERROR] LogOutputStream:75 - [STDERR_REDIRECT] WARNING: Couldn't flush system prefs: java.util.prefs.BackingStoreException: Couldn't get file lock.
2026-08-28 21:00:03,584 [ERROR] LogOutputStream:75 - [STDERR_REDIRECT] 
2026-08-28 21:00:33,582 [ERROR] LogOutputStream:75 - [STDERR_REDIRECT] Aug 28, 2026 9:00:33 PM java.util.prefs.FileSystemPreferences checkLockFile0ErrorCode
2026-08-28 21:00:33,583 [ERROR] LogOutputStream:75 - [STDERR_REDIRECT] WARNING: Could not lock System prefs. Unix error code 0.
2026-08-28 21:00:33,583 [ERROR] LogOutputStream:75 - [STDERR_REDIRECT] 
2026-08-28 21:00:33,584 [ERROR] LogOutputStream:75 - [STDERR_REDIRECT] Aug 28, 2026 9:00:33 PM java.util.prefs.FileSystemPreferences syncWorld
2026-08-28 21:00:33,584 [ERROR] LogOutputStream:75 - [STDERR_REDIRECT] WARNING: Couldn't flush system prefs: java.util.prefs.BackingStoreException: Couldn't get file lock.
2026-08-28 21:00:33,584 [ERROR] LogOutputStream:75 - [STDERR_REDIRECT] 
2026-08-28 21:01:03,583 [ERROR] LogOutputStream:75 - [STDERR_REDIRECT] Aug 28, 2026 9:01:03 PM java.util.prefs.FileSystemPreferences checkLockFile0ErrorCode
2026-08-28 21:01:03,583 [ERROR] LogOutputStream:75 - [STDERR_REDIRECT] WARNING: Could not lock System prefs. Unix error code 0.
2026-08-28 21:01:03,584 [ERROR] LogOutputStream:75 - [STDERR_REDIRECT] 
2026-08-28 21:01:03,584 [ERROR] LogOutputStream:75 - [STDERR_REDIRECT] Aug 28, 2026 9:01:03 PM java.util.prefs.FileSystemPreferences syncWorld
2026-08-28 21:01:03,584 [ERROR] LogOutputStream:75 - [STDERR_REDIRECT] WARNING: Couldn't flush system prefs: java.util.prefs.BackingStoreException: Couldn't get file lock.
2026-08-28 21:01:03,584 [ERROR] LogOutputStream:75 - [STDERR_REDIRECT] 
2026-08-28 21:01:33,583 [ERROR] LogOutputStream:75 - [STDERR_REDIRECT] Aug 28, 2026 9:01:33 PM java.util.prefs.FileSystemPreferences checkLockFile0ErrorCode
2026-08-28 21:01:33,583 [ERROR] LogOutputStream:75 - [STDERR_REDIRECT] WARNING: Could not lock System prefs. Unix error code 0.
2026-08-28 21:01:33,584 [ERROR] LogOutputStream:75 - [STDERR_REDIRECT] 
2026-08-28 21:01:33,584 [ERROR] LogOutputStream:75 - [STDERR_REDIRECT] Aug 28, 2026 9:01:33 PM java.util.prefs.FileSystemPreferences syncWorld
2026-08-28 21:01:33,584 [ERROR] LogOutputStream:75 - [STDERR_REDIRECT] WARNING: Couldn't flush system prefs: java.util.prefs.BackingStoreException: Couldn't get file lock.
2026-08-28 21:01:33,584 [ERROR] LogOutputStream:75 - [STDERR_REDIRECT] 
2026-08-28 21:02:03,583 [ERROR] LogOutputStream:75 - [STDERR_REDIRECT] Aug 28, 2026 9:02:03 PM java.util.prefs.FileSystemPreferences checkLockFile0ErrorCode
2026-08-28 21:02:03,583 [ERROR] LogOutputStream:75 - [STDERR_REDIRECT] WARNING: Could not lock System prefs. Unix error code 0.
2026-08-28 21:02:03,583 [ERROR] LogOutputStream:75 - [STDERR_REDIRECT] 
2026-08-28 21:02:03,584 [ERROR] LogOutputStream:75 - [STDERR_REDIRECT] Aug 28, 2026 9:02:03 PM java.util.prefs.FileSystemPreferences syncWorld
2026-08-28 21:02:03,584 [ERROR] LogOutputStream:75 - [STDERR_REDIRECT] WARNING: Couldn't flush system prefs: java.util.prefs.BackingStoreException: Couldn't get file lock.
2026-08-28 21:02:03,584 [ERROR] LogOutputStream:75 - [STDERR_REDIRECT] 
2026-08-28 21:02:33,583 [ERROR] LogOutputStream:75 - [STDERR_REDIRECT] Aug 28, 2026 9:02:33 PM java.util.prefs.FileSystemPreferences checkLockFile0ErrorCode
2026-08-28 21:02:33,583 [ERROR] LogOutputStream:75 - [STDERR_REDIRECT] WARNING: Could not lock System prefs. Unix error code 0.
2026-08-28 21:02:33,583 [ERROR] LogOutputStream:75 - [STDERR_REDIRECT] 
2026-08-28 21:02:33,584 [ERROR] LogOutputStream:75 - [STDERR_REDIRECT] Aug 28, 2026 9:02:33 PM java.util.prefs.FileSystemPreferences syncWorld
2026-08-28 21:02:33,584 [ERROR] LogOutputStream:75 - [STDERR_REDIRECT] WARNING: Couldn't flush system prefs: java.util.prefs.BackingStoreException: Couldn't get file lock.
2026-08-28 21:02:33,584 [ERROR] LogOutputStream:75 - [STDERR_REDIRECT] 
2026-08-28 21:03:03,583 [ERROR] LogOutputStream:75 - [STDERR_REDIRECT] Aug 28, 2026 9:03:03 PM java.util.prefs.FileSystemPreferences checkLockFile0ErrorCode
2026-08-28 21:03:03,583 [ERROR] LogOutputStream:75 - [STDERR_REDIRECT] WARNING: Could not lock System prefs. Unix error code 0.
2026-08-28 21:03:03,583 [ERROR] LogOutputStream:75 - [STDERR_REDIRECT] 
2026-08-28 21:03:03,583 [ERROR] LogOutputStream:75 - [STDERR_REDIRECT] Aug 28, 2026 9:03:03 PM java.util.prefs.FileSystemPreferences syncWorld
2026-08-28 21:03:03,583 [ERROR] LogOutputStream:75 - [STDERR_REDIRECT] WARNING: Couldn't flush system prefs: java.util.prefs.BackingStoreException: Couldn't get file lock.
2026-08-28 21:03:03,583 [ERROR] LogOutputStream:75 - [STDERR_REDIRECT] 
2026-08-28 21:03:33,583 [ERROR] LogOutputStream:75 - [STDERR_REDIRECT] Aug 28, 2026 9:03:33 PM java.util.prefs.FileSystemPreferences checkLockFile0ErrorCode
2026-08-28 21:03:33,584 [ERROR] LogOutputStream:75 - [STDERR_REDIRECT] WARNING: Could not lock System prefs. Unix error code 0.
2026-08-28 21:03:33,584 [ERROR] LogOutputStream:75 - [STDERR_REDIRECT] 
2026-08-28 21:03:33,584 [ERROR] LogOutputStream:75 - [STDERR_REDIRECT] Aug 28, 2026 9:03:33 PM java.util.prefs.FileSystemPreferences syncWorld
2026-08-28 21:03:33,584 [ERROR] LogOutputStream:75 - [STDERR_REDIRECT] WARNING: Couldn't flush system prefs: java.util.prefs.BackingStoreException: Couldn't get file lock.
2026-08-28 21:03:33,584 [ERROR] LogOutputStream:75 - [STDERR_REDIRECT] 
2026-08-28 21:04:03,584 [ERROR] LogOutputStream:75 - [STDERR_REDIRECT] Aug 28, 2026 9:04:03 PM java.util.prefs.FileSystemPreferences checkLockFile0ErrorCode
2026-08-28 21:04:03,585 [ERROR] LogOutputStream:75 - [STDERR_REDIRECT] WARNING: Could not lock System prefs. Unix error code 0.
2026-08-28 21:04:03,585 [ERROR] LogOutputStream:75 - [STDERR_REDIRECT] 
2026-08-28 21:04:03,585 [ERROR] LogOutputStream:75 - [STDERR_REDIRECT] Aug 28, 2026 9:04:03 PM java.util.prefs.FileSystemPreferences syncWorld
2026-08-28 21:04:03,586 [ERROR] LogOutputStream:75 - [STDERR_REDIRECT] WARNING: Couldn't flush system prefs: java.util.prefs.BackingStoreException: Couldn't get file lock.
2026-08-28 21:04:03,586 [ERROR] LogOutputStream:75 - [STDERR_REDIRECT] 
2026-08-28 21:04:33,585 [ERROR] LogOutputStream:75 - [STDERR_REDIRECT] Aug 28, 2026 9:04:33 PM java.util.prefs.FileSystemPreferences checkLockFile0ErrorCode
2026-08-28 21:04:33,585 [ERROR] LogOutputStream:75 - [STDERR_REDIRECT] WARNING: Could not lock System prefs. Unix error code 5.
2026-08-28 21:04:33,585 [ERROR] LogOutputStream:75 - [STDERR_REDIRECT] 
2026-08-28 21:04:33,586 [ERROR] LogOutputStream:75 - [STDERR_REDIRECT] Aug 28, 2026 9:04:33 PM java.util.prefs.FileSystemPreferences syncWorld
2026-08-28 21:04:33,586 [ERROR] LogOutputStream:75 - [STDERR_REDIRECT] WARNING: Couldn't flush system prefs: java.util.prefs.BackingStoreException: Couldn't get file lock.
2026-08-28 21:04:33,586 [ERROR] LogOutputStream:75 - [STDERR_REDIRECT] 
2026-08-28 21:05:03,586 [ERROR] LogOutputStream:75 - [STDERR_REDIRECT] Aug 28, 2026 9:05:03 PM java.util.prefs.FileSystemPreferences checkLockFile0ErrorCode
2026-08-28 21:05:03,586 [ERROR] LogOutputStream:75 - [STDERR_REDIRECT] WARNING: Could not lock System prefs. Unix error code 5.
2026-08-28 21:05:03,586 [ERROR] LogOutputStream:75 - [STDERR_REDIRECT] 
2026-08-28 21:05:03,587 [ERROR] LogOutputStream:75 - [STDERR_REDIRECT] Aug 28, 2026 9:05:03 PM java.util.prefs.FileSystemPreferences syncWorld
2026-08-28 21:05:03,587 [ERROR] LogOutputStream:75 - [STDERR_REDIRECT] WARNING: Couldn't flush system prefs: java.util.prefs.BackingStoreException: Couldn't get file lock.
2026-08-28 21:05:03,587 [ERROR] LogOutputStream:75 - [STDERR_REDIRECT] 
2026-08-28 21:05:33,586 [ERROR] LogOutputStream:75 - [STDERR_REDIRECT] Aug 28, 2026 9:05:33 PM java.util.prefs.FileSystemPreferences checkLockFile0ErrorCode
2026-08-28 21:05:33,586 [ERROR] LogOutputStream:75 - [STDERR_REDIRECT] WARNING: Could not lock System prefs. Unix error code 5.
2026-08-28 21:05:33,586 [ERROR] LogOutputStream:75 - [STDERR_REDIRECT] 
2026-08-28 21:05:33,586 [ERROR] LogOutputStream:75 - [STDERR_REDIRECT] Aug 28, 2026 9:05:33 PM java.util.prefs.FileSystemPreferences syncWorld
2026-08-28 21:05:33,586 [ERROR] LogOutputStream:75 - [STDERR_REDIRECT] WARNING: Couldn't flush system prefs: java.util.prefs.BackingStoreException: Couldn't get file lock.
2026-08-28 21:05:33,586 [ERROR] LogOutputStream:75 - [STDERR_REDIRECT] 
2026-08-28 21:06:03,586 [ERROR] LogOutputStream:75 - [STDERR_REDIRECT] Aug 28, 2026 9:06:03 PM java.util.prefs.FileSystemPreferences checkLockFile0ErrorCode
2026-08-28 21:06:03,586 [ERROR] LogOutputStream:75 - [STDERR_REDIRECT] WARNING: Could not lock System prefs. Unix error code 5.
2026-08-28 21:06:03,586 [ERROR] LogOutputStream:75 - [STDERR_REDIRECT] 
2026-08-28 21:06:03,586 [ERROR] LogOutputStream:75 - [STDERR_REDIRECT] Aug 28, 2026 9:06:03 PM java.util.prefs.FileSystemPreferences syncWorld
2026-08-28 21:06:03,586 [ERROR] LogOutputStream:75 - [STDERR_REDIRECT] WARNING: Couldn't flush system prefs: java.util.prefs.BackingStoreException: Couldn't get file lock.
2026-08-28 21:06:03,587 [ERROR] LogOutputStream:75 - [STDERR_REDIRECT] 
2026-08-28 21:06:33,585 [ERROR] LogOutputStream:75 - [STDERR_REDIRECT] Aug 28, 2026 9:06:33 PM java.util.prefs.FileSystemPreferences checkLockFile0ErrorCode
2026-08-28 21:06:33,586 [ERROR] LogOutputStream:75 - [STDERR_REDIRECT] WARNING: Could not lock System prefs. Unix error code 5.
2026-08-28 21:06:33,586 [ERROR] LogOutputStream:75 - [STDERR_REDIRECT] 
2026-08-28 21:06:33,586 [ERROR] LogOutputStream:75 - [STDERR_REDIRECT] Aug 28, 2026 9:06:33 PM java.util.prefs.FileSystemPreferences syncWorld
2026-08-28 21:06:33,586 [ERROR] LogOutputStream:75 - [STDERR_REDIRECT] WARNING: Couldn't flush system prefs: java.util.prefs.BackingStoreException: Couldn't get file lock.
2026-08-28 21:06:33,586 [ERROR] LogOutputStream:75 - [STDERR_REDIRECT] 
2026-08-28 21:07:03,586 [ERROR] LogOutputStream:75 - [STDERR_REDIRECT] Aug 28, 2026 9:07:03 PM java.util.prefs.FileSystemPreferences checkLockFile0ErrorCode
2026-08-28 21:07:03,586 [ERROR] LogOutputStream:75 - [STDERR_REDIRECT] WARNING: Could not lock System prefs. Unix error code 5.
2026-08-28 21:07:03,586 [ERROR] LogOutputStream:75 - [STDERR_REDIRECT] 
2026-08-28 21:07:03,587 [ERROR] LogOutputStream:75 - [STDERR_REDIRECT] Aug 28, 2026 9:07:03 PM java.util.prefs.FileSystemPreferences syncWorld
2026-08-28 21:07:03,587 [ERROR] LogOutputStream:75 - [STDERR_REDIRECT] WARNING: Couldn't flush system prefs: java.util.prefs.BackingStoreException: Couldn't get file lock.
2026-08-28 21:07:03,587 [ERROR] LogOutputStream:75 - [STDERR_REDIRECT] 
2026-08-28 21:07:33,586 [ERROR] LogOutputStream:75 - [STDERR_REDIRECT] Aug 28, 2026 9:07:33 PM java.util.prefs.FileSystemPreferences checkLockFile0ErrorCode
2026-08-28 21:07:33,586 [ERROR] LogOutputStream:75 - [STDERR_REDIRECT] WARNING: Could not lock System prefs. Unix error code 5.
2026-08-28 21:07:33,587 [ERROR] LogOutputStream:75 - [STDERR_REDIRECT] 
2026-08-28 21:07:33,587 [ERROR] LogOutputStream:75 - [STDERR_REDIRECT] Aug 28, 2026 9:07:33 PM java.util.prefs.FileSystemPreferences syncWorld
2026-08-28 21:07:33,587 [ERROR] LogOutputStream:75 - [STDERR_REDIRECT] WARNING: Couldn't flush system prefs: java.util.prefs.BackingStoreException: Couldn't get file lock.
2026-08-28 21:07:33,587 [ERROR] LogOutputStream:75 - [STDERR_REDIRECT] 
2026-08-28 21:08:03,587 [ERROR] LogOutputStream:75 - [STDERR_REDIRECT] Aug 28, 2026 9:08:03 PM java.util.prefs.FileSystemPreferences checkLockFile0ErrorCode
2026-08-28 21:08:03,587 [ERROR] LogOutputStream:75 - [STDERR_REDIRECT] WARNING: Could not lock System prefs. Unix error code 5.
2026-08-28 21:08:03,587 [ERROR] LogOutputStream:75 - [STDERR_REDIRECT] 
2026-08-28 21:08:03,588 [ERROR] LogOutputStream:75 - [STDERR_REDIRECT] Aug 28, 2026 9:08:03 PM java.util.prefs.FileSystemPreferences syncWorld
2026-08-28 21:08:03,588 [ERROR] LogOutputStream:75 - [STDERR_REDIRECT] WARNING: Couldn't flush system prefs: java.util.prefs.BackingStoreException: Couldn't get file lock.
2026-08-28 21:08:03,588 [ERROR] LogOutputStream:75 - [STDERR_REDIRECT] 
2026-08-28 21:08:33,586 [ERROR] LogOutputStream:75 - [STDERR_REDIRECT] Aug 28, 2026 9:08:33 PM java.util.prefs.FileSystemPreferences checkLockFile0ErrorCode
2026-08-28 21:08:33,586 [ERROR] LogOutputStream:75 - [STDERR_REDIRECT] WARNING: Could not lock System prefs. Unix error code 5.
2026-08-28 21:08:33,587 [ERROR] LogOutputStream:75 - [STDERR_REDIRECT] 
2026-08-28 21:08:33,587 [ERROR] LogOutputStream:75 - [STDERR_REDIRECT] Aug 28, 2026 9:08:33 PM java.util.prefs.FileSystemPreferences syncWorld
2026-08-28 21:08:33,587 [ERROR] LogOutputStream:75 - [STDERR_REDIRECT] WARNING: Couldn't flush system prefs: java.util.prefs.BackingStoreException: Couldn't get file lock.
2026-08-28 21:08:33,587 [ERROR] LogOutputStream:75 - [STDERR_REDIRECT] 
2026-08-28 21:09:03,586 [ERROR] LogOutputStream:75 - [STDERR_REDIRECT] Aug 28, 2026 9:09:03 PM java.util.prefs.FileSystemPreferences checkLockFile0ErrorCode
2026-08-28 21:09:03,586 [ERROR] LogOutputStream:75 - [STDERR_REDIRECT] WARNING: Could not lock System prefs. Unix error code 5.
2026-08-28 21:09:03,587 [ERROR] LogOutputStream:75 - [STDERR_REDIRECT] 
2026-08-28 21:09:03,587 [ERROR] LogOutputStream:75 - [STDERR_REDIRECT] Aug 28, 2026 9:09:03 PM java.util.prefs.FileSystemPreferences syncWorld
2026-08-28 21:09:03,587 [ERROR] LogOutputStream:75 - [STDERR_REDIRECT] WARNING: Couldn't flush system prefs: java.util.prefs.BackingStoreException: Couldn't get file lock.
2026-08-28 21:09:03,587 [ERROR] LogOutputStream:75 - [STDERR_REDIRECT] 
2026-08-28 21:09:33,586 [ERROR] LogOutputStream:75 - [STDERR_REDIRECT] Aug 28, 2026 9:09:33 PM java.util.prefs.FileSystemPreferences checkLockFile0ErrorCode
2026-08-28 21:09:33,587 [ERROR] LogOutputStream:75 - [STDERR_REDIRECT] WARNING: Could not lock System prefs. Unix error code 5.
2026-08-28 21:09:33,587 [ERROR] LogOutputStream:75 - [STDERR_REDIRECT] 
2026-08-28 21:09:33,587 [ERROR] LogOutputStream:75 - [STDERR_REDIRECT] Aug 28, 2026 9:09:33 PM java.util.prefs.FileSystemPreferences syncWorld
2026-08-28 21:09:33,587 [ERROR] LogOutputStream:75 - [STDERR_REDIRECT] WARNING: Couldn't flush system prefs: java.util.prefs.BackingStoreException: Couldn't get file lock.
2026-08-28 21:09:33,587 [ERROR] LogOutputStream:75 - [STDERR_REDIRECT] 
2026-08-28 21:10:03,587 [ERROR] LogOutputStream:75 - [STDERR_REDIRECT] Aug 28, 2026 9:10:03 PM java.util.prefs.FileSystemPreferences checkLockFile0ErrorCode
2026-08-28 21:10:03,587 [ERROR] LogOutputStream:75 - [STDERR_REDIRECT] WARNING: Could not lock System prefs. Unix error code 5.
2026-08-28 21:10:03,587 [ERROR] LogOutputStream:75 - [STDERR_REDIRECT] 
2026-08-28 21:10:03,588 [ERROR] LogOutputStream:75 - [STDERR_REDIRECT] Aug 28, 2026 9:10:03 PM java.util.prefs.FileSystemPreferences syncWorld
2026-08-28 21:10:03,588 [ERROR] LogOutputStream:75 - [STDERR_REDIRECT] WARNING: Couldn't flush system prefs: java.util.prefs.BackingStoreException: Couldn't get file lock.
2026-08-28 21:10:03,588 [ERROR] LogOutputStream:75 - [STDERR_REDIRECT] 
2026-08-28 21:10:33,587 [ERROR] LogOutputStream:75 - [STDERR_REDIRECT] Aug 28, 2026 9:10:33 PM java.util.prefs.FileSystemPreferences checkLockFile0ErrorCode
2026-08-28 21:10:33,588 [ERROR] LogOutputStream:75 - [STDERR_REDIRECT] WARNING: Could not lock System prefs. Unix error code 5.
2026-08-28 21:10:33,588 [ERROR] LogOutputStream:75 - [STDERR_REDIRECT] 
2026-08-28 21:10:33,588 [ERROR] LogOutputStream:75 - [STDERR_REDIRECT] Aug 28, 2026 9:10:33 PM java.util.prefs.FileSystemPreferences syncWorld
2026-08-28 21:10:33,588 [ERROR] LogOutputStream:75 - [STDERR_REDIRECT] WARNING: Couldn't flush system prefs: java.util.prefs.BackingStoreException: Couldn't get file lock.
2026-08-28 21:10:33,588 [ERROR] LogOutputStream:75 - [STDERR_REDIRECT] 
2026-08-28 21:11:03,587 [ERROR] LogOutputStream:75 - [STDERR_REDIRECT] Aug 28, 2026 9:11:03 PM java.util.prefs.FileSystemPreferences checkLockFile0ErrorCode
2026-08-28 21:11:03,588 [ERROR] LogOutputStream:75 - [STDERR_REDIRECT] WARNING: Could not lock System prefs. Unix error code 5.
2026-08-28 21:11:03,588 [ERROR] LogOutputStream:75 - [STDERR_REDIRECT] 
2026-08-28 21:11:03,588 [ERROR] LogOutputStream:75 - [STDERR_REDIRECT] Aug 28, 2026 9:11:03 PM java.util.prefs.FileSystemPreferences syncWorld
2026-08-28 21:11:03,588 [ERROR] LogOutputStream:75 - [STDERR_REDIRECT] WARNING: Couldn't flush system prefs: java.util.prefs.BackingStoreException: Couldn't get file lock.
2026-08-28 21:11:03,589 [ERROR] LogOutputStream:75 - [STDERR_REDIRECT] 
2026-08-28 21:11:33,588 [ERROR] LogOutputStream:75 - [STDERR_REDIRECT] Aug 28, 2026 9:11:33 PM java.util.prefs.FileSystemPreferences checkLockFile0ErrorCode
2026-08-28 21:11:33,588 [ERROR] LogOutputStream:75 - [STDERR_REDIRECT] WARNING: Could not lock System prefs. Unix error code 5.
2026-08-28 21:11:33,588 [ERROR] LogOutputStream:75 - [STDERR_REDIRECT] 
2026-08-28 21:11:33,588 [ERROR] LogOutputStream:75 - [STDERR_REDIRECT] Aug 28, 2026 9:11:33 PM java.util.prefs.FileSystemPreferences syncWorld
2026-08-28 21:11:33,588 [ERROR] LogOutputStream:75 - [STDERR_REDIRECT] WARNING: Couldn't flush system prefs: java.util.prefs.BackingStoreException: Couldn't get file lock.
2026-08-28 21:11:33,588 [ERROR] LogOutputStream:75 - [STDERR_REDIRECT] 
2026-08-28 21:12:03,588 [ERROR] LogOutputStream:75 - [STDERR_REDIRECT] Aug 28, 2026 9:12:03 PM java.util.prefs.FileSystemPreferences checkLockFile0ErrorCode
2026-08-28 21:12:03,588 [ERROR] LogOutputStream:75 - [STDERR_REDIRECT] WARNING: Could not lock System prefs. Unix error code 5.
2026-08-28 21:12:03,589 [ERROR] LogOutputStream:75 - [STDERR_REDIRECT] 
2026-08-28 21:12:03,589 [ERROR] LogOutputStream:75 - [STDERR_REDIRECT] Aug 28, 2026 9:12:03 PM java.util.prefs.FileSystemPreferences syncWorld
2026-08-28 21:12:03,589 [ERROR] LogOutputStream:75 - [STDERR_REDIRECT] WARNING: Couldn't flush system prefs: java.util.prefs.BackingStoreException: Couldn't get file lock.
2026-08-28 21:12:03,589 [ERROR] LogOutputStream:75 - [STDERR_REDIRECT] 
2026-08-28 21:12:33,589 [ERROR] LogOutputStream:75 - [STDERR_REDIRECT] Aug 28, 2026 9:12:33 PM java.util.prefs.FileSystemPreferences checkLockFile0ErrorCode
2026-08-28 21:12:33,589 [ERROR] LogOutputStream:75 - [STDERR_REDIRECT] WARNING: Could not lock System prefs. Unix error code 5.
2026-08-28 21:12:33,590 [ERROR] LogOutputStream:75 - [STDERR_REDIRECT] 
2026-08-28 21:12:33,590 [ERROR] LogOutputStream:75 - [STDERR_REDIRECT] Aug 28, 2026 9:12:33 PM java.util.prefs.FileSystemPreferences syncWorld
2026-08-28 21:12:33,590 [ERROR] LogOutputStream:75 - [STDERR_REDIRECT] WARNING: Couldn't flush system prefs: java.util.prefs.BackingStoreException: Couldn't get file lock.
2026-08-28 21:12:33,590 [ERROR] LogOutputStream:75 - [STDERR_REDIRECT] 
2026-08-28 21:13:03,590 [ERROR] LogOutputStream:75 - [STDERR_REDIRECT] Aug 28, 2026 9:13:03 PM java.util.prefs.FileSystemPreferences checkLockFile0ErrorCode
2026-08-28 21:13:03,590 [ERROR] LogOutputStream:75 - [STDERR_REDIRECT] WARNING: Could not lock System prefs. Unix error code 5.
2026-08-28 21:13:03,590 [ERROR] LogOutputStream:75 - [STDERR_REDIRECT] 
2026-08-28 21:13:03,590 [ERROR] LogOutputStream:75 - [STDERR_REDIRECT] Aug 28, 2026 9:13:03 PM java.util.prefs.FileSystemPreferences syncWorld
2026-08-28 21:13:03,590 [ERROR] LogOutputStream:75 - [STDERR_REDIRECT] WARNING: Couldn't flush system prefs: java.util.prefs.BackingStoreException: Couldn't get file lock.
2026-08-28 21:13:03,591 [ERROR] LogOutputStream:75 - [STDERR_REDIRECT] 
2026-08-28 21:13:33,589 [ERROR] LogOutputStream:75 - [STDERR_REDIRECT] Aug 28, 2026 9:13:33 PM java.util.prefs.FileSystemPreferences checkLockFile0ErrorCode
2026-08-28 21:13:33,589 [ERROR] LogOutputStream:75 - [STDERR_REDIRECT] WARNING: Could not lock System prefs. Unix error code 5.
2026-08-28 21:13:33,589 [ERROR] LogOutputStream:75 - [STDERR_REDIRECT] 
2026-08-28 21:13:33,590 [ERROR] LogOutputStream:75 - [STDERR_REDIRECT] Aug 28, 2026 9:13:33 PM java.util.prefs.FileSystemPreferences syncWorld
2026-08-28 21:13:33,590 [ERROR] LogOutputStream:75 - [STDERR_REDIRECT] WARNING: Couldn't flush system prefs: java.util.prefs.BackingStoreException: Couldn't get file lock.
2026-08-28 21:13:33,590 [ERROR] LogOutputStream:75 - [STDERR_REDIRECT] 
2026-08-28 21:14:03,589 [ERROR] LogOutputStream:75 - [STDERR_REDIRECT] Aug 28, 2026 9:14:03 PM java.util.prefs.FileSystemPreferences checkLockFile0ErrorCode
2026-08-28 21:14:03,589 [ERROR] LogOutputStream:75 - [STDERR_REDIRECT] WARNING: Could not lock System prefs. Unix error code 5.
2026-08-28 21:14:03,589 [ERROR] LogOutputStream:75 - [STDERR_REDIRECT] 
2026-08-28 21:14:03,589 [ERROR] LogOutputStream:75 - [STDERR_REDIRECT] Aug 28, 2026 9:14:03 PM java.util.prefs.FileSystemPreferences syncWorld
2026-08-28 21:14:03,590 [ERROR] LogOutputStream:75 - [STDERR_REDIRECT] WARNING: Couldn't flush system prefs: java.util.prefs.BackingStoreException: Couldn't get file lock.
2026-08-28 21:14:03,590 [ERROR] LogOutputStream:75 - [STDERR_REDIRECT] 
2026-08-28 21:14:33,588 [ERROR] LogOutputStream:75 - [STDERR_REDIRECT] Aug 28, 2026 9:14:33 PM java.util.prefs.FileSystemPreferences checkLockFile0ErrorCode
2026-08-28 21:14:33,589 [ERROR] LogOutputStream:75 - [STDERR_REDIRECT] WARNING: Could not lock System prefs. Unix error code 5.
2026-08-28 21:14:33,589 [ERROR] LogOutputStream:75 - [STDERR_REDIRECT] 
2026-08-28 21:14:33,589 [ERROR] LogOutputStream:75 - [STDERR_REDIRECT] Aug 28, 2026 9:14:33 PM java.util.prefs.FileSystemPreferences syncWorld
2026-08-28 21:14:33,589 [ERROR] LogOutputStream:75 - [STDERR_REDIRECT] WARNING: Couldn't flush system prefs: java.util.prefs.BackingStoreException: Couldn't get file lock.
2026-08-28 21:14:33,589 [ERROR] LogOutputStream:75 - [STDERR_REDIRECT] 
2026-08-28 21:15:03,590 [ERROR] LogOutputStream:75 - [STDERR_REDIRECT] Aug 28, 2026 9:15:03 PM java.util.prefs.FileSystemPreferences checkLockFile0ErrorCode
2026-08-28 21:15:03,590 [ERROR] LogOutputStream:75 - [STDERR_REDIRECT] WARNING: Could not lock System prefs. Unix error code 5.
2026-08-28 21:15:03,590 [ERROR] LogOutputStream:75 - [STDERR_REDIRECT] 
2026-08-28 21:15:03,591 [ERROR] LogOutputStream:75 - [STDERR_REDIRECT] Aug 28, 2026 9:15:03 PM java.util.prefs.FileSystemPreferences syncWorld
2026-08-28 21:15:03,591 [ERROR] LogOutputStream:75 - [STDERR_REDIRECT] WARNING: Couldn't flush system prefs: java.util.prefs.BackingStoreException: Couldn't get file lock.
2026-08-28 21:15:03,591 [ERROR] LogOutputStream:75 - [STDERR_REDIRECT] 
2026-08-28 21:15:33,590 [ERROR] LogOutputStream:75 - [STDERR_REDIRECT] Aug 28, 2026 9:15:33 PM java.util.prefs.FileSystemPreferences checkLockFile0ErrorCode
2026-08-28 21:15:33,591 [ERROR] LogOutputStream:75 - [STDERR_REDIRECT] WARNING: Could not lock System prefs. Unix error code 5.
2026-08-28 21:15:33,591 [ERROR] LogOutputStream:75 - [STDERR_REDIRECT] 
2026-08-28 21:15:33,591 [ERROR] LogOutputStream:75 - [STDERR_REDIRECT] Aug 28, 2026 9:15:33 PM java.util.prefs.FileSystemPreferences syncWorld
2026-08-28 21:15:33,591 [ERROR] LogOutputStream:75 - [STDERR_REDIRECT] WARNING: Couldn't flush system prefs: java.util.prefs.BackingStoreException: Couldn't get file lock.
2026-08-28 21:15:33,591 [ERROR] LogOutputStream:75 - [STDERR_REDIRECT] 
2026-08-28 21:16:03,590 [ERROR] LogOutputStream:75 - [STDERR_REDIRECT] Aug 28, 2026 9:16:03 PM java.util.prefs.FileSystemPreferences checkLockFile0ErrorCode
2026-08-28 21:16:03,590 [ERROR] LogOutputStream:75 - [STDERR_REDIRECT] WARNING: Could not lock System prefs. Unix error code 5.
2026-08-28 21:16:03,591 [ERROR] LogOutputStream:75 - [STDERR_REDIRECT] 
2026-08-28 21:16:03,591 [ERROR] LogOutputStream:75 - [STDERR_REDIRECT] Aug 28, 2026 9:16:03 PM java.util.prefs.FileSystemPreferences syncWorld
2026-08-28 21:16:03,591 [ERROR] LogOutputStream:75 - [STDERR_REDIRECT] WARNING: Couldn't flush system prefs: java.util.prefs.BackingStoreException: Couldn't get file lock.
2026-08-28 21:16:03,591 [ERROR] LogOutputStream:75 - [STDERR_REDIRECT] 
2026-08-28 21:16:33,590 [ERROR] LogOutputStream:75 - [STDERR_REDIRECT] Aug 28, 2026 9:16:33 PM java.util.prefs.FileSystemPreferences checkLockFile0ErrorCode
2026-08-28 21:16:33,590 [ERROR] LogOutputStream:75 - [STDERR_REDIRECT] WARNING: Could not lock System prefs. Unix error code 5.
2026-08-28 21:16:33,590 [ERROR] LogOutputStream:75 - [STDERR_REDIRECT] 
2026-08-28 21:16:33,590 [ERROR] LogOutputStream:75 - [STDERR_REDIRECT] Aug 28, 2026 9:16:33 PM java.util.prefs.FileSystemPreferences syncWorld
2026-08-28 21:16:33,590 [ERROR] LogOutputStream:75 - [STDERR_REDIRECT] WARNING: Couldn't flush system prefs: java.util.prefs.BackingStoreException: Couldn't get file lock.
2026-08-28 21:16:33,590 [ERROR] LogOutputStream:75 - [STDERR_REDIRECT] 
2026-08-28 21:17:03,590 [ERROR] LogOutputStream:75 - [STDERR_REDIRECT] Aug 28, 2026 9:17:03 PM java.util.prefs.FileSystemPreferences checkLockFile0ErrorCode
2026-08-28 21:17:03,590 [ERROR] LogOutputStream:75 - [STDERR_REDIRECT] WARNING: Could not lock System prefs. Unix error code 5.
2026-08-28 21:17:03,591 [ERROR] LogOutputStream:75 - [STDERR_REDIRECT] 
2026-08-28 21:17:03,591 [ERROR] LogOutputStream:75 - [STDERR_REDIRECT] Aug 28, 2026 9:17:03 PM java.util.prefs.FileSystemPreferences syncWorld
2026-08-28 21:17:03,591 [ERROR] LogOutputStream:75 - [STDERR_REDIRECT] WARNING: Couldn't flush system prefs: java.util.prefs.BackingStoreException: Couldn't get file lock.
2026-08-28 21:17:03,591 [ERROR] LogOutputStream:75 - [STDERR_REDIRECT] 
2026-08-28 21:17:33,591 [ERROR] LogOutputStream:75 - [STDERR_REDIRECT] Aug 28, 2026 9:17:33 PM java.util.prefs.FileSystemPreferences checkLockFile0ErrorCode
2026-08-28 21:17:33,591 [ERROR] LogOutputStream:75 - [STDERR_REDIRECT] WARNING: Could not lock System prefs. Unix error code 5.
2026-08-28 21:17:33,592 [ERROR] LogOutputStream:75 - [STDERR_REDIRECT] 
2026-08-28 21:17:33,592 [ERROR] LogOutputStream:75 - [STDERR_REDIRECT] Aug 28, 2026 9:17:33 PM java.util.prefs.FileSystemPreferences syncWorld
2026-08-28 21:17:33,592 [ERROR] LogOutputStream:75 - [STDERR_REDIRECT] WARNING: Couldn't flush system prefs: java.util.prefs.BackingStoreException: Couldn't get file lock.
2026-08-28 21:17:33,592 [ERROR] LogOutputStream:75 - [STDERR_REDIRECT] 
2026-08-28 21:18:03,591 [ERROR] LogOutputStream:75 - [STDERR_REDIRECT] Aug 28, 2026 9:18:03 PM java.util.prefs.FileSystemPreferences checkLockFile0ErrorCode
2026-08-28 21:18:03,591 [ERROR] LogOutputStream:75 - [STDERR_REDIRECT] WARNING: Could not lock System prefs. Unix error code 5.
2026-08-28 21:18:03,592 [ERROR] LogOutputStream:75 - [STDERR_REDIRECT] 
2026-08-28 21:18:03,592 [ERROR] LogOutputStream:75 - [STDERR_REDIRECT] Aug 28, 2026 9:18:03 PM java.util.prefs.FileSystemPreferences syncWorld
2026-08-28 21:18:03,592 [ERROR] LogOutputStream:75 - [STDERR_REDIRECT] WARNING: Couldn't flush system prefs: java.util.prefs.BackingStoreException: Couldn't get file lock.
2026-08-28 21:18:03,592 [ERROR] LogOutputStream:75 - [STDERR_REDIRECT] 
2026-08-28 21:18:33,592 [ERROR] LogOutputStream:75 - [STDERR_REDIRECT] Aug 28, 2026 9:18:33 PM java.util.prefs.FileSystemPreferences checkLockFile0ErrorCode
2026-08-28 21:18:33,592 [ERROR] LogOutputStream:75 - [STDERR_REDIRECT] WARNING: Could not lock System prefs. Unix error code 5.
2026-08-28 21:18:33,592 [ERROR] LogOutputStream:75 - [STDERR_REDIRECT] 
2026-08-28 21:18:33,592 [ERROR] LogOutputStream:75 - [STDERR_REDIRECT] Aug 28, 2026 9:18:33 PM java.util.prefs.FileSystemPreferences syncWorld
2026-08-28 21:18:33,593 [ERROR] LogOutputStream:75 - [STDERR_REDIRECT] WARNING: Couldn't flush system prefs: java.util.prefs.BackingStoreException: Couldn't get file lock.
2026-08-28 21:18:33,593 [ERROR] LogOutputStream:75 - [STDERR_REDIRECT] 
2026-08-28 21:19:03,591 [ERROR] LogOutputStream:75 - [STDERR_REDIRECT] Aug 28, 2026 9:19:03 PM java.util.prefs.FileSystemPreferences checkLockFile0ErrorCode
2026-08-28 21:19:03,591 [ERROR] LogOutputStream:75 - [STDERR_REDIRECT] WARNING: Could not lock System prefs. Unix error code 5.
2026-08-28 21:19:03,591 [ERROR] LogOutputStream:75 - [STDERR_REDIRECT] 
2026-08-28 21:19:03,592 [ERROR] LogOutputStream:75 - [STDERR_REDIRECT] Aug 28, 2026 9:19:03 PM java.util.prefs.FileSystemPreferences syncWorld
2026-08-28 21:19:03,592 [ERROR] LogOutputStream:75 - [STDERR_REDIRECT] WARNING: Couldn't flush system prefs: java.util.prefs.BackingStoreException: Couldn't get file lock.
2026-08-28 21:19:03,592 [ERROR] LogOutputStream:75 - [STDERR_REDIRECT] 
2026-08-28 21:19:33,590 [ERROR] LogOutputStream:75 - [STDERR_REDIRECT] Aug 28, 2026 9:19:33 PM java.util.prefs.FileSystemPreferences checkLockFile0ErrorCode
2026-08-28 21:19:33,591 [ERROR] LogOutputStream:75 - [STDERR_REDIRECT] WARNING: Could not lock System prefs. Unix error code 5.
2026-08-28 21:19:33,591 [ERROR] LogOutputStream:75 - [STDERR_REDIRECT] 
2026-08-28 21:19:33,591 [ERROR] LogOutputStream:75 - [STDERR_REDIRECT] Aug 28, 2026 9:19:33 PM java.util.prefs.FileSystemPreferences syncWorld
2026-08-28 21:19:33,591 [ERROR] LogOutputStream:75 - [STDERR_REDIRECT] WARNING: Couldn't flush system prefs: java.util.prefs.BackingStoreException: Couldn't get file lock.
2026-08-28 21:19:33,591 [ERROR] LogOutputStream:75 - [STDERR_REDIRECT] 
2026-08-28 21:20:03,591 [ERROR] LogOutputStream:75 - [STDERR_REDIRECT] Aug 28, 2026 9:20:03 PM java.util.prefs.FileSystemPreferences checkLockFile0ErrorCode
2026-08-28 21:20:03,591 [ERROR] LogOutputStream:75 - [STDERR_REDIRECT] WARNING: Could not lock System prefs. Unix error code 5.
2026-08-28 21:20:03,592 [ERROR] LogOutputStream:75 - [STDERR_REDIRECT] 
2026-08-28 21:20:03,592 [ERROR] LogOutputStream:75 - [STDERR_REDIRECT] Aug 28, 2026 9:20:03 PM java.util.prefs.FileSystemPreferences syncWorld
2026-08-28 21:20:03,592 [ERROR] LogOutputStream:75 - [STDERR_REDIRECT] WARNING: Couldn't flush system prefs: java.util.prefs.BackingStoreException: Couldn't get file lock.
2026-08-28 21:20:03,592 [ERROR] LogOutputStream:75 - [STDERR_REDIRECT] 
2026-08-28 21:20:33,593 [ERROR] LogOutputStream:75 - [STDERR_REDIRECT] Aug 28, 2026 9:20:33 PM java.util.prefs.FileSystemPreferences checkLockFile0ErrorCode
2026-08-28 21:20:33,593 [ERROR] LogOutputStream:75 - [STDERR_REDIRECT] WARNING: Could not lock System prefs. Unix error code 5.
2026-08-28 21:20:33,593 [ERROR] LogOutputStream:75 - [STDERR_REDIRECT] 
2026-08-28 21:20:33,593 [ERROR] LogOutputStream:75 - [STDERR_REDIRECT] Aug 28, 2026 9:20:33 PM java.util.prefs.FileSystemPreferences syncWorld
2026-08-28 21:20:33,593 [ERROR] LogOutputStream:75 - [STDERR_REDIRECT] WARNING: Couldn't flush system prefs: java.util.prefs.BackingStoreException: Couldn't get file lock.
2026-08-28 21:20:33,593 [ERROR] LogOutputStream:75 - [STDERR_REDIRECT] 
2026-08-28 21:21:03,593 [ERROR] LogOutputStream:75 - [STDERR_REDIRECT] Aug 28, 2026 9:21:03 PM java.util.prefs.FileSystemPreferences checkLockFile0ErrorCode
2026-08-28 21:21:03,593 [ERROR] LogOutputStream:75 - [STDERR_REDIRECT] WARNING: Could not lock System prefs. Unix error code 5.
2026-08-28 21:21:03,593 [ERROR] LogOutputStream:75 - [STDERR_REDIRECT] 
2026-08-28 21:21:03,593 [ERROR] LogOutputStream:75 - [STDERR_REDIRECT] Aug 28, 2026 9:21:03 PM java.util.prefs.FileSystemPreferences syncWorld
2026-08-28 21:21:03,594 [ERROR] LogOutputStream:75 - [STDERR_REDIRECT] WARNING: Couldn't flush system prefs: java.util.prefs.BackingStoreException: Couldn't get file lock.
2026-08-28 21:21:03,594 [ERROR] LogOutputStream:75 - [STDERR_REDIRECT] 
2026-08-28 21:21:33,593 [ERROR] LogOutputStream:75 - [STDERR_REDIRECT] Aug 28, 2026 9:21:33 PM java.util.prefs.FileSystemPreferences checkLockFile0ErrorCode
2026-08-28 21:21:33,593 [ERROR] LogOutputStream:75 - [STDERR_REDIRECT] WARNING: Could not lock System prefs. Unix error code 5.
2026-08-28 21:21:33,593 [ERROR] LogOutputStream:75 - [STDERR_REDIRECT] 
2026-08-28 21:21:33,594 [ERROR] LogOutputStream:75 - [STDERR_REDIRECT] Aug 28, 2026 9:21:33 PM java.util.prefs.FileSystemPreferences syncWorld
2026-08-28 21:21:33,594 [ERROR] LogOutputStream:75 - [STDERR_REDIRECT] WARNING: Couldn't flush system prefs: java.util.prefs.BackingStoreException: Couldn't get file lock.
2026-08-28 21:21:33,594 [ERROR] LogOutputStream:75 - [STDERR_REDIRECT] 
2026-08-28 21:22:03,593 [ERROR] LogOutputStream:75 - [STDERR_REDIRECT] Aug 28, 2026 9:22:03 PM java.util.prefs.FileSystemPreferences checkLockFile0ErrorCode
2026-08-28 21:22:03,593 [ERROR] LogOutputStream:75 - [STDERR_REDIRECT] WARNING: Could not lock System prefs. Unix error code 5.
2026-08-28 21:22:03,593 [ERROR] LogOutputStream:75 - [STDERR_REDIRECT] 
2026-08-28 21:22:03,593 [ERROR] LogOutputStream:75 - [STDERR_REDIRECT] Aug 28, 2026 9:22:03 PM java.util.prefs.FileSystemPreferences syncWorld
2026-08-28 21:22:03,593 [ERROR] LogOutputStream:75 - [STDERR_REDIRECT] WARNING: Couldn't flush system prefs: java.util.prefs.BackingStoreException: Couldn't get file lock.
2026-08-28 21:22:03,593 [ERROR] LogOutputStream:75 - [STDERR_REDIRECT] 
2026-08-28 21:22:33,593 [ERROR] LogOutputStream:75 - [STDERR_REDIRECT] Aug 28, 2026 9:22:33 PM java.util.prefs.FileSystemPreferences checkLockFile0ErrorCode
2026-08-28 21:22:33,594 [ERROR] LogOutputStream:75 - [STDERR_REDIRECT] WARNING: Could not lock System prefs. Unix error code 5.
2026-08-28 21:22:33,594 [ERROR] LogOutputStream:75 - [STDERR_REDIRECT] 
2026-08-28 21:22:33,594 [ERROR] LogOutputStream:75 - [STDERR_REDIRECT] Aug 28, 2026 9:22:33 PM java.util.prefs.FileSystemPreferences syncWorld
2026-08-28 21:22:33,594 [ERROR] LogOutputStream:75 - [STDERR_REDIRECT] WARNING: Couldn't flush system prefs: java.util.prefs.BackingStoreException: Couldn't get file lock.
2026-08-28 21:22:33,594 [ERROR] LogOutputStream:75 - [STDERR_REDIRECT] 
2026-08-28 21:23:03,594 [ERROR] LogOutputStream:75 - [STDERR_REDIRECT] Aug 28, 2026 9:23:03 PM java.util.prefs.FileSystemPreferences checkLockFile0ErrorCode
2026-08-28 21:23:03,595 [ERROR] LogOutputStream:75 - [STDERR_REDIRECT] WARNING: Could not lock System prefs. Unix error code 5.
2026-08-28 21:23:03,595 [ERROR] LogOutputStream:75 - [STDERR_REDIRECT] 
2026-08-28 21:23:03,595 [ERROR] LogOutputStream:75 - [STDERR_REDIRECT] Aug 28, 2026 9:23:03 PM java.util.prefs.FileSystemPreferences syncWorld
2026-08-28 21:23:03,595 [ERROR] LogOutputStream:75 - [STDERR_REDIRECT] WARNING: Couldn't flush system prefs: java.util.prefs.BackingStoreException: Couldn't get file lock.
2026-08-28 21:23:03,595 [ERROR] LogOutputStream:75 - [STDERR_REDIRECT] 
2026-08-28 21:23:33,596 [ERROR] LogOutputStream:75 - [STDERR_REDIRECT] Aug 28, 2026 9:23:33 PM java.util.prefs.FileSystemPreferences checkLockFile0ErrorCode
2026-08-28 21:23:33,596 [ERROR] LogOutputStream:75 - [STDERR_REDIRECT] WARNING: Could not lock System prefs. Unix error code 5.
2026-08-28 21:23:33,596 [ERROR] LogOutputStream:75 - [STDERR_REDIRECT] 
2026-08-28 21:23:33,596 [ERROR] LogOutputStream:75 - [STDERR_REDIRECT] Aug 28, 2026 9:23:33 PM java.util.prefs.FileSystemPreferences syncWorld
2026-08-28 21:23:33,597 [ERROR] LogOutputStream:75 - [STDERR_REDIRECT] WARNING: Couldn't flush system prefs: java.util.prefs.BackingStoreException: Couldn't get file lock.
2026-08-28 21:23:33,597 [ERROR] LogOutputStream:75 - [STDERR_REDIRECT] 
2026-08-28 21:24:03,596 [ERROR] LogOutputStream:75 - [STDERR_REDIRECT] Aug 28, 2026 9:24:03 PM java.util.prefs.FileSystemPreferences checkLockFile0ErrorCode
2026-08-28 21:24:03,596 [ERROR] LogOutputStream:75 - [STDERR_REDIRECT] WARNING: Could not lock System prefs. Unix error code 5.
2026-08-28 21:24:03,596 [ERROR] LogOutputStream:75 - [STDERR_REDIRECT] 
2026-08-28 21:24:03,596 [ERROR] LogOutputStream:75 - [STDERR_REDIRECT] Aug 28, 2026 9:24:03 PM java.util.prefs.FileSystemPreferences syncWorld
2026-08-28 21:24:03,596 [ERROR] LogOutputStream:75 - [STDERR_REDIRECT] WARNING: Couldn't flush system prefs: java.util.prefs.BackingStoreException: Couldn't get file lock.
2026-08-28 21:24:03,596 [ERROR] LogOutputStream:75 - [STDERR_REDIRECT] 
2026-08-28 21:24:33,596 [ERROR] LogOutputStream:75 - [STDERR_REDIRECT] Aug 28, 2026 9:24:33 PM java.util.prefs.FileSystemPreferences checkLockFile0ErrorCode
2026-08-28 21:24:33,597 [ERROR] LogOutputStream:75 - [STDERR_REDIRECT] WARNING: Could not lock System prefs. Unix error code 5.
2026-08-28 21:24:33,597 [ERROR] LogOutputStream:75 - [STDERR_REDIRECT] 
2026-08-28 21:24:33,597 [ERROR] LogOutputStream:75 - [STDERR_REDIRECT] Aug 28, 2026 9:24:33 PM java.util.prefs.FileSystemPreferences syncWorld
2026-08-28 21:24:33,597 [ERROR] LogOutputStream:75 - [STDERR_REDIRECT] WARNING: Couldn't flush system prefs: java.util.prefs.BackingStoreException: Couldn't get file lock.
2026-08-28 21:24:33,597 [ERROR] LogOutputStream:75 - [STDERR_REDIRECT] 
2026-08-28 21:25:03,597 [ERROR] LogOutputStream:75 - [STDERR_REDIRECT] Aug 28, 2026 9:25:03 PM java.util.prefs.FileSystemPreferences checkLockFile0ErrorCode
2026-08-28 21:25:03,597 [ERROR] LogOutputStream:75 - [STDERR_REDIRECT] WARNING: Could not lock System prefs. Unix error code 5.
2026-08-28 21:25:03,597 [ERROR] LogOutputStream:75 - [STDERR_REDIRECT] 
2026-08-28 21:25:03,598 [ERROR] LogOutputStream:75 - [STDERR_REDIRECT] Aug 28, 2026 9:25:03 PM java.util.prefs.FileSystemPreferences syncWorld
2026-08-28 21:25:03,598 [ERROR] LogOutputStream:75 - [STDERR_REDIRECT] WARNING: Couldn't flush system prefs: java.util.prefs.BackingStoreException: Couldn't get file lock.
2026-08-28 21:25:03,598 [ERROR] LogOutputStream:75 - [STDERR_REDIRECT] 
2026-08-28 21:25:33,598 [ERROR] LogOutputStream:75 - [STDERR_REDIRECT] Aug 28, 2026 9:25:33 PM java.util.prefs.FileSystemPreferences checkLockFile0ErrorCode
2026-08-28 21:25:33,598 [ERROR] LogOutputStream:75 - [STDERR_REDIRECT] WARNING: Could not lock System prefs. Unix error code 5.
2026-08-28 21:25:33,598 [ERROR] LogOutputStream:75 - [STDERR_REDIRECT] 
2026-08-28 21:25:33,598 [ERROR] LogOutputStream:75 - [STDERR_REDIRECT] Aug 28, 2026 9:25:33 PM java.util.prefs.FileSystemPreferences syncWorld
2026-08-28 21:25:33,598 [ERROR] LogOutputStream:75 - [STDERR_REDIRECT] WARNING: Couldn't flush system prefs: java.util.prefs.BackingStoreException: Couldn't get file lock.
2026-08-28 21:25:33,598 [ERROR] LogOutputStream:75 - [STDERR_REDIRECT] 
2026-08-28 21:26:03,597 [ERROR] LogOutputStream:75 - [STDERR_REDIRECT] Aug 28, 2026 9:26:03 PM java.util.prefs.FileSystemPreferences checkLockFile0ErrorCode
2026-08-28 21:26:03,597 [ERROR] LogOutputStream:75 - [STDERR_REDIRECT] WARNING: Could not lock System prefs. Unix error code 5.
2026-08-28 21:26:03,597 [ERROR] LogOutputStream:75 - [STDERR_REDIRECT] 
2026-08-28 21:26:03,598 [ERROR] LogOutputStream:75 - [STDERR_REDIRECT] Aug 28, 2026 9:26:03 PM java.util.prefs.FileSystemPreferences syncWorld
2026-08-28 21:26:03,598 [ERROR] LogOutputStream:75 - [STDERR_REDIRECT] WARNING: Couldn't flush system prefs: java.util.prefs.BackingStoreException: Couldn't get file lock.
2026-08-28 21:26:03,598 [ERROR] LogOutputStream:75 - [STDERR_REDIRECT] 
2026-08-28 21:26:33,597 [ERROR] LogOutputStream:75 - [STDERR_REDIRECT] Aug 28, 2026 9:26:33 PM java.util.prefs.FileSystemPreferences checkLockFile0ErrorCode
2026-08-28 21:26:33,597 [ERROR] LogOutputStream:75 - [STDERR_REDIRECT] WARNING: Could not lock System prefs. Unix error code 5.
2026-08-28 21:26:33,597 [ERROR] LogOutputStream:75 - [STDERR_REDIRECT] 
2026-08-28 21:26:33,597 [ERROR] LogOutputStream:75 - [STDERR_REDIRECT] Aug 28, 2026 9:26:33 PM java.util.prefs.FileSystemPreferences syncWorld
2026-08-28 21:26:33,598 [ERROR] LogOutputStream:75 - [STDERR_REDIRECT] WARNING: Couldn't flush system prefs: java.util.prefs.BackingStoreException: Couldn't get file lock.
2026-08-28 21:26:33,598 [ERROR] LogOutputStream:75 - [STDERR_REDIRECT] 
2026-08-28 21:27:03,596 [ERROR] LogOutputStream:75 - [STDERR_REDIRECT] Aug 28, 2026 9:27:03 PM java.util.prefs.FileSystemPreferences checkLockFile0ErrorCode
2026-08-28 21:27:03,597 [ERROR] LogOutputStream:75 - [STDERR_REDIRECT] WARNING: Could not lock System prefs. Unix error code 5.
2026-08-28 21:27:03,597 [ERROR] LogOutputStream:75 - [STDERR_REDIRECT] 
2026-08-28 21:27:03,597 [ERROR] LogOutputStream:75 - [STDERR_REDIRECT] Aug 28, 2026 9:27:03 PM java.util.prefs.FileSystemPreferences syncWorld
2026-08-28 21:27:03,597 [ERROR] LogOutputStream:75 - [STDERR_REDIRECT] WARNING: Couldn't flush system prefs: java.util.prefs.BackingStoreException: Couldn't get file lock.
2026-08-28 21:27:03,597 [ERROR] LogOutputStream:75 - [STDERR_REDIRECT] 
2026-08-28 21:27:33,598 [ERROR] LogOutputStream:75 - [STDERR_REDIRECT] Aug 28, 2026 9:27:33 PM java.util.prefs.FileSystemPreferences checkLockFile0ErrorCode
2026-08-28 21:27:33,598 [ERROR] LogOutputStream:75 - [STDERR_REDIRECT] WARNING: Could not lock System prefs. Unix error code 5.
2026-08-28 21:27:33,598 [ERROR] LogOutputStream:75 - [STDERR_REDIRECT] 
2026-08-28 21:27:33,598 [ERROR] LogOutputStream:75 - [STDERR_REDIRECT] Aug 28, 2026 9:27:33 PM java.util.prefs.FileSystemPreferences syncWorld
2026-08-28 21:27:33,599 [ERROR] LogOutputStream:75 - [STDERR_REDIRECT] WARNING: Couldn't flush system prefs: java.util.prefs.BackingStoreException: Couldn't get file lock.
2026-08-28 21:27:33,599 [ERROR] LogOutputStream:75 - [STDERR_REDIRECT] 
2026-08-28 21:28:03,597 [ERROR] LogOutputStream:75 - [STDERR_REDIRECT] Aug 28, 2026 9:28:03 PM java.util.prefs.FileSystemPreferences checkLockFile0ErrorCode
2026-08-28 21:28:03,597 [ERROR] LogOutputStream:75 - [STDERR_REDIRECT] WARNING: Could not lock System prefs. Unix error code 5.
2026-08-28 21:28:03,597 [ERROR] LogOutputStream:75 - [STDERR_REDIRECT] 
2026-08-28 21:28:03,597 [ERROR] LogOutputStream:75 - [STDERR_REDIRECT] Aug 28, 2026 9:28:03 PM java.util.prefs.FileSystemPreferences syncWorld
2026-08-28 21:28:03,598 [ERROR] LogOutputStream:75 - [STDERR_REDIRECT] WARNING: Couldn't flush system prefs: java.util.prefs.BackingStoreException: Couldn't get file lock.
2026-08-28 21:28:03,598 [ERROR] LogOutputStream:75 - [STDERR_REDIRECT] 
2026-08-28 21:28:33,597 [ERROR] LogOutputStream:75 - [STDERR_REDIRECT] Aug 28, 2026 9:28:33 PM java.util.prefs.FileSystemPreferences checkLockFile0ErrorCode
2026-08-28 21:28:33,597 [ERROR] LogOutputStream:75 - [STDERR_REDIRECT] WARNING: Could not lock System prefs. Unix error code 5.
2026-08-28 21:28:33,597 [ERROR] LogOutputStream:75 - [STDERR_REDIRECT] 
2026-08-28 21:28:33,598 [ERROR] LogOutputStream:75 - [STDERR_REDIRECT] Aug 28, 2026 9:28:33 PM java.util.prefs.FileSystemPreferences syncWorld
2026-08-28 21:28:33,598 [ERROR] LogOutputStream:75 - [STDERR_REDIRECT] WARNING: Couldn't flush system prefs: java.util.prefs.BackingStoreException: Couldn't get file lock.
2026-08-28 21:28:33,598 [ERROR] LogOutputStream:75 - [STDERR_REDIRECT] 
2026-08-28 21:29:03,597 [ERROR] LogOutputStream:75 - [STDERR_REDIRECT] Aug 28, 2026 9:29:03 PM java.util.prefs.FileSystemPreferences checkLockFile0ErrorCode
2026-08-28 21:29:03,597 [ERROR] LogOutputStream:75 - [STDERR_REDIRECT] WARNING: Could not lock System prefs. Unix error code 5.
2026-08-28 21:29:03,597 [ERROR] LogOutputStream:75 - [STDERR_REDIRECT] 
2026-08-28 21:29:03,598 [ERROR] LogOutputStream:75 - [STDERR_REDIRECT] Aug 28, 2026 9:29:03 PM java.util.prefs.FileSystemPreferences syncWorld
2026-08-28 21:29:03,598 [ERROR] LogOutputStream:75 - [STDERR_REDIRECT] WARNING: Couldn't flush system prefs: java.util.prefs.BackingStoreException: Couldn't get file lock.
2026-08-28 21:29:03,598 [ERROR] LogOutputStream:75 - [STDERR_REDIRECT] 
2026-08-28 21:29:33,597 [ERROR] LogOutputStream:75 - [STDERR_REDIRECT] Aug 28, 2026 9:29:33 PM java.util.prefs.FileSystemPreferences checkLockFile0ErrorCode
2026-08-28 21:29:33,597 [ERROR] LogOutputStream:75 - [STDERR_REDIRECT] WARNING: Could not lock System prefs. Unix error code 5.
2026-08-28 21:29:33,597 [ERROR] LogOutputStream:75 - [STDERR_REDIRECT] 
2026-08-28 21:29:33,597 [ERROR] LogOutputStream:75 - [STDERR_REDIRECT] Aug 28, 2026 9:29:33 PM java.util.prefs.FileSystemPreferences syncWorld
2026-08-28 21:29:33,598 [ERROR] LogOutputStream:75 - [STDERR_REDIRECT] WARNING: Couldn't flush system prefs: java.util.prefs.BackingStoreException: Couldn't get file lock.
2026-08-28 21:29:33,598 [ERROR] LogOutputStream:75 - [STDERR_REDIRECT] 
2026-08-28 21:30:03,596 [ERROR] LogOutputStream:75 - [STDERR_REDIRECT] Aug 28, 2026 9:30:03 PM java.util.prefs.FileSystemPreferences checkLockFile0ErrorCode
2026-08-28 21:30:03,597 [ERROR] LogOutputStream:75 - [STDERR_REDIRECT] WARNING: Could not lock System prefs. Unix error code 5.
2026-08-28 21:30:03,597 [ERROR] LogOutputStream:75 - [STDERR_REDIRECT] 
2026-08-28 21:30:03,597 [ERROR] LogOutputStream:75 - [STDERR_REDIRECT] Aug 28, 2026 9:30:03 PM java.util.prefs.FileSystemPreferences syncWorld
2026-08-28 21:30:03,597 [ERROR] LogOutputStream:75 - [STDERR_REDIRECT] WARNING: Couldn't flush system prefs: java.util.prefs.BackingStoreException: Couldn't get file lock.
2026-08-28 21:30:03,597 [ERROR] LogOutputStream:75 - [STDERR_REDIRECT] 
2026-08-28 21:30:33,598 [ERROR] LogOutputStream:75 - [STDERR_REDIRECT] Aug 28, 2026 9:30:33 PM java.util.prefs.FileSystemPreferences checkLockFile0ErrorCode
2026-08-28 21:30:33,598 [ERROR] LogOutputStream:75 - [STDERR_REDIRECT] WARNING: Could not lock System prefs. Unix error code 5.
2026-08-28 21:30:33,598 [ERROR] LogOutputStream:75 - [STDERR_REDIRECT] 
2026-08-28 21:30:33,598 [ERROR] LogOutputStream:75 - [STDERR_REDIRECT] Aug 28, 2026 9:30:33 PM java.util.prefs.FileSystemPreferences syncWorld
2026-08-28 21:30:33,598 [ERROR] LogOutputStream:75 - [STDERR_REDIRECT] WARNING: Couldn't flush system prefs: java.util.prefs.BackingStoreException: Couldn't get file lock.
2026-08-28 21:30:33,599 [ERROR] LogOutputStream:75 - [STDERR_REDIRECT] 
2026-08-28 21:31:03,598 [ERROR] LogOutputStream:75 - [STDERR_REDIRECT] Aug 28, 2026 9:31:03 PM java.util.prefs.FileSystemPreferences checkLockFile0ErrorCode
2026-08-28 21:31:03,598 [ERROR] LogOutputStream:75 - [STDERR_REDIRECT] WARNING: Could not lock System prefs. Unix error code 5.
2026-08-28 21:31:03,598 [ERROR] LogOutputStream:75 - [STDERR_REDIRECT] 
2026-08-28 21:31:03,598 [ERROR] LogOutputStream:75 - [STDERR_REDIRECT] Aug 28, 2026 9:31:03 PM java.util.prefs.FileSystemPreferences syncWorld
2026-08-28 21:31:03,599 [ERROR] LogOutputStream:75 - [STDERR_REDIRECT] WARNING: Couldn't flush system prefs: java.util.prefs.BackingStoreException: Couldn't get file lock.
2026-08-28 21:31:03,599 [ERROR] LogOutputStream:75 - [STDERR_REDIRECT] 
2026-08-28 21:31:33,597 [ERROR] LogOutputStream:75 - [STDERR_REDIRECT] Aug 28, 2026 9:31:33 PM java.util.prefs.FileSystemPreferences checkLockFile0ErrorCode
2026-08-28 21:31:33,598 [ERROR] LogOutputStream:75 - [STDERR_REDIRECT] WARNING: Could not lock System prefs. Unix error code 5.
2026-08-28 21:31:33,598 [ERROR] LogOutputStream:75 - [STDERR_REDIRECT] 
2026-08-28 21:31:33,598 [ERROR] LogOutputStream:75 - [STDERR_REDIRECT] Aug 28, 2026 9:31:33 PM java.util.prefs.FileSystemPreferences syncWorld
2026-08-28 21:31:33,598 [ERROR] LogOutputStream:75 - [STDERR_REDIRECT] WARNING: Couldn't flush system prefs: java.util.prefs.BackingStoreException: Couldn't get file lock.
2026-08-28 21:31:33,598 [ERROR] LogOutputStream:75 - [STDERR_REDIRECT] 
2026-08-28 21:32:03,598 [ERROR] LogOutputStream:75 - [STDERR_REDIRECT] Aug 28, 2026 9:32:03 PM java.util.prefs.FileSystemPreferences checkLockFile0ErrorCode
2026-08-28 21:32:03,598 [ERROR] LogOutputStream:75 - [STDERR_REDIRECT] WARNING: Could not lock System prefs. Unix error code 5.
2026-08-28 21:32:03,598 [ERROR] LogOutputStream:75 - [STDERR_REDIRECT] 
2026-08-28 21:32:03,598 [ERROR] LogOutputStream:75 - [STDERR_REDIRECT] Aug 28, 2026 9:32:03 PM java.util.prefs.FileSystemPreferences syncWorld
2026-08-28 21:32:03,599 [ERROR] LogOutputStream:75 - [STDERR_REDIRECT] WARNING: Couldn't flush system prefs: java.util.prefs.BackingStoreException: Couldn't get file lock.
2026-08-28 21:32:03,599 [ERROR] LogOutputStream:75 - [STDERR_REDIRECT] 
2026-08-28 21:32:33,597 [ERROR] LogOutputStream:75 - [STDERR_REDIRECT] Aug 28, 2026 9:32:33 PM java.util.prefs.FileSystemPreferences checkLockFile0ErrorCode
2026-08-28 21:32:33,598 [ERROR] LogOutputStream:75 - [STDERR_REDIRECT] WARNING: Could not lock System prefs. Unix error code 5.
2026-08-28 21:32:33,598 [ERROR] LogOutputStream:75 - [STDERR_REDIRECT] 
2026-08-28 21:32:33,598 [ERROR] LogOutputStream:75 - [STDERR_REDIRECT] Aug 28, 2026 9:32:33 PM java.util.prefs.FileSystemPreferences syncWorld
2026-08-28 21:32:33,598 [ERROR] LogOutputStream:75 - [STDERR_REDIRECT] WARNING: Couldn't flush system prefs: java.util.prefs.BackingStoreException: Couldn't get file lock.
2026-08-28 21:32:33,598 [ERROR] LogOutputStream:75 - [STDERR_REDIRECT] 
2026-08-28 21:33:03,598 [ERROR] LogOutputStream:75 - [STDERR_REDIRECT] Aug 28, 2026 9:33:03 PM java.util.prefs.FileSystemPreferences checkLockFile0ErrorCode
2026-08-28 21:33:03,599 [ERROR] LogOutputStream:75 - [STDERR_REDIRECT] WARNING: Could not lock System prefs. Unix error code 5.
2026-08-28 21:33:03,599 [ERROR] LogOutputStream:75 - [STDERR_REDIRECT] 
2026-08-28 21:33:03,599 [ERROR] LogOutputStream:75 - [STDERR_REDIRECT] Aug 28, 2026 9:33:03 PM java.util.prefs.FileSystemPreferences syncWorld
2026-08-28 21:33:03,599 [ERROR] LogOutputStream:75 - [STDERR_REDIRECT] WARNING: Couldn't flush system prefs: java.util.prefs.BackingStoreException: Couldn't get file lock.
2026-08-28 21:33:03,599 [ERROR] LogOutputStream:75 - [STDERR_REDIRECT] 
2026-08-28 21:33:33,599 [ERROR] LogOutputStream:75 - [STDERR_REDIRECT] Aug 28, 2026 9:33:33 PM java.util.prefs.FileSystemPreferences checkLockFile0ErrorCode
2026-08-28 21:33:33,599 [ERROR] LogOutputStream:75 - [STDERR_REDIRECT] WARNING: Could not lock System prefs. Unix error code 5.
2026-08-28 21:33:33,599 [ERROR] LogOutputStream:75 - [STDERR_REDIRECT] 
2026-08-28 21:33:33,599 [ERROR] LogOutputStream:75 - [STDERR_REDIRECT] Aug 28, 2026 9:33:33 PM java.util.prefs.FileSystemPreferences syncWorld
2026-08-28 21:33:33,599 [ERROR] LogOutputStream:75 - [STDERR_REDIRECT] WARNING: Couldn't flush system prefs: java.util.prefs.BackingStoreException: Couldn't get file lock.
2026-08-28 21:33:33,599 [ERROR] LogOutputStream:75 - [STDERR_REDIRECT] 
2026-08-28 21:34:03,598 [ERROR] LogOutputStream:75 - [STDERR_REDIRECT] Aug 28, 2026 9:34:03 PM java.util.prefs.FileSystemPreferences checkLockFile0ErrorCode
2026-08-28 21:34:03,599 [ERROR] LogOutputStream:75 - [STDERR_REDIRECT] WARNING: Could not lock System prefs. Unix error code 5.
2026-08-28 21:34:03,599 [ERROR] LogOutputStream:75 - [STDERR_REDIRECT] 
2026-08-28 21:34:03,599 [ERROR] LogOutputStream:75 - [STDERR_REDIRECT] Aug 28, 2026 9:34:03 PM java.util.prefs.FileSystemPreferences syncWorld
2026-08-28 21:34:03,599 [ERROR] LogOutputStream:75 - [STDERR_REDIRECT] WARNING: Couldn't flush system prefs: java.util.prefs.BackingStoreException: Couldn't get file lock.
2026-08-28 21:34:03,599 [ERROR] LogOutputStream:75 - [STDERR_REDIRECT] 
2026-08-28 21:34:33,599 [ERROR] LogOutputStream:75 - [STDERR_REDIRECT] Aug 28, 2026 9:34:33 PM java.util.prefs.FileSystemPreferences checkLockFile0ErrorCode
2026-08-28 21:34:33,599 [ERROR] LogOutputStream:75 - [STDERR_REDIRECT] WARNING: Could not lock System prefs. Unix error code 5.
2026-08-28 21:34:33,600 [ERROR] LogOutputStream:75 - [STDERR_REDIRECT] 
2026-08-28 21:34:33,600 [ERROR] LogOutputStream:75 - [STDERR_REDIRECT] Aug 28, 2026 9:34:33 PM java.util.prefs.FileSystemPreferences syncWorld
2026-08-28 21:34:33,600 [ERROR] LogOutputStream:75 - [STDERR_REDIRECT] WARNING: Couldn't flush system prefs: java.util.prefs.BackingStoreException: Couldn't get file lock.
2026-08-28 21:34:33,600 [ERROR] LogOutputStream:75 - [STDERR_REDIRECT] 
2026-08-28 21:35:03,600 [ERROR] LogOutputStream:75 - [STDERR_REDIRECT] Aug 28, 2026 9:35:03 PM java.util.prefs.FileSystemPreferences checkLockFile0ErrorCode
2026-08-28 21:35:03,600 [ERROR] LogOutputStream:75 - [STDERR_REDIRECT] WARNING: Could not lock System prefs. Unix error code 5.
2026-08-28 21:35:03,600 [ERROR] LogOutputStream:75 - [STDERR_REDIRECT] 
2026-08-28 21:35:03,600 [ERROR] LogOutputStream:75 - [STDERR_REDIRECT] Aug 28, 2026 9:35:03 PM java.util.prefs.FileSystemPreferences syncWorld
2026-08-28 21:35:03,600 [ERROR] LogOutputStream:75 - [STDERR_REDIRECT] WARNING: Couldn't flush system prefs: java.util.prefs.BackingStoreException: Couldn't get file lock.
2026-08-28 21:35:03,601 [ERROR] LogOutputStream:75 - [STDERR_REDIRECT] 
2026-08-28 21:35:33,599 [ERROR] LogOutputStream:75 - [STDERR_REDIRECT] Aug 28, 2026 9:35:33 PM java.util.prefs.FileSystemPreferences checkLockFile0ErrorCode
2026-08-28 21:35:33,600 [ERROR] LogOutputStream:75 - [STDERR_REDIRECT] WARNING: Could not lock System prefs. Unix error code 5.
2026-08-28 21:35:33,600 [ERROR] LogOutputStream:75 - [STDERR_REDIRECT] 
2026-08-28 21:35:33,600 [ERROR] LogOutputStream:75 - [STDERR_REDIRECT] Aug 28, 2026 9:35:33 PM java.util.prefs.FileSystemPreferences syncWorld
2026-08-28 21:35:33,600 [ERROR] LogOutputStream:75 - [STDERR_REDIRECT] WARNING: Couldn't flush system prefs: java.util.prefs.BackingStoreException: Couldn't get file lock.
2026-08-28 21:35:33,600 [ERROR] LogOutputStream:75 - [STDERR_REDIRECT] 
2026-08-28 21:36:03,600 [ERROR] LogOutputStream:75 - [STDERR_REDIRECT] Aug 28, 2026 9:36:03 PM java.util.prefs.FileSystemPreferences checkLockFile0ErrorCode
2026-08-28 21:36:03,600 [ERROR] LogOutputStream:75 - [STDERR_REDIRECT] WARNING: Could not lock System prefs. Unix error code 5.
2026-08-28 21:36:03,601 [ERROR] LogOutputStream:75 - [STDERR_REDIRECT] 
2026-08-28 21:36:03,601 [ERROR] LogOutputStream:75 - [STDERR_REDIRECT] Aug 28, 2026 9:36:03 PM java.util.prefs.FileSystemPreferences syncWorld
2026-08-28 21:36:03,601 [ERROR] LogOutputStream:75 - [STDERR_REDIRECT] WARNING: Couldn't flush system prefs: java.util.prefs.BackingStoreException: Couldn't get file lock.
2026-08-28 21:36:03,601 [ERROR] LogOutputStream:75 - [STDERR_REDIRECT] 
2026-08-28 21:36:33,600 [ERROR] LogOutputStream:75 - [STDERR_REDIRECT] Aug 28, 2026 9:36:33 PM java.util.prefs.FileSystemPreferences checkLockFile0ErrorCode
2026-08-28 21:36:33,600 [ERROR] LogOutputStream:75 - [STDERR_REDIRECT] WARNING: Could not lock System prefs. Unix error code 5.
2026-08-28 21:36:33,601 [ERROR] LogOutputStream:75 - [STDERR_REDIRECT] 
2026-08-28 21:36:33,601 [ERROR] LogOutputStream:75 - [STDERR_REDIRECT] Aug 28, 2026 9:36:33 PM java.util.prefs.FileSystemPreferences syncWorld
2026-08-28 21:36:33,601 [ERROR] LogOutputStream:75 - [STDERR_REDIRECT] WARNING: Couldn't flush system prefs: java.util.prefs.BackingStoreException: Couldn't get file lock.
2026-08-28 21:36:33,601 [ERROR] LogOutputStream:75 - [STDERR_REDIRECT] 
2026-08-28 21:37:03,600 [ERROR] LogOutputStream:75 - [STDERR_REDIRECT] Aug 28, 2026 9:37:03 PM java.util.prefs.FileSystemPreferences checkLockFile0ErrorCode
2026-08-28 21:37:03,601 [ERROR] LogOutputStream:75 - [STDERR_REDIRECT] WARNING: Could not lock System prefs. Unix error code 5.
2026-08-28 21:37:03,601 [ERROR] LogOutputStream:75 - [STDERR_REDIRECT] 
2026-08-28 21:37:03,601 [ERROR] LogOutputStream:75 - [STDERR_REDIRECT] Aug 28, 2026 9:37:03 PM java.util.prefs.FileSystemPreferences syncWorld
2026-08-28 21:37:03,601 [ERROR] LogOutputStream:75 - [STDERR_REDIRECT] WARNING: Couldn't flush system prefs: java.util.prefs.BackingStoreException: Couldn't get file lock.
2026-08-28 21:37:03,601 [ERROR] LogOutputStream:75 - [STDERR_REDIRECT] 
2026-08-28 21:37:33,600 [ERROR] LogOutputStream:75 - [STDERR_REDIRECT] Aug 28, 2026 9:37:33 PM java.util.prefs.FileSystemPreferences checkLockFile0ErrorCode
2026-08-28 21:37:33,601 [ERROR] LogOutputStream:75 - [STDERR_REDIRECT] WARNING: Could not lock System prefs. Unix error code 5.
2026-08-28 21:37:33,601 [ERROR] LogOutputStream:75 - [STDERR_REDIRECT] 
2026-08-28 21:37:33,601 [ERROR] LogOutputStream:75 - [STDERR_REDIRECT] Aug 28, 2026 9:37:33 PM java.util.prefs.FileSystemPreferences syncWorld
2026-08-28 21:37:33,601 [ERROR] LogOutputStream:75 - [STDERR_REDIRECT] WARNING: Couldn't flush system prefs: java.util.prefs.BackingStoreException: Couldn't get file lock.
2026-08-28 21:37:33,601 [ERROR] LogOutputStream:75 - [STDERR_REDIRECT] 
2026-08-28 21:38:03,602 [ERROR] LogOutputStream:75 - [STDERR_REDIRECT] Aug 28, 2026 9:38:03 PM java.util.prefs.FileSystemPreferences checkLockFile0ErrorCode
2026-08-28 21:38:03,602 [ERROR] LogOutputStream:75 - [STDERR_REDIRECT] WARNING: Could not lock System prefs. Unix error code 5.
2026-08-28 21:38:03,602 [ERROR] LogOutputStream:75 - [STDERR_REDIRECT] 
2026-08-28 21:38:03,602 [ERROR] LogOutputStream:75 - [STDERR_REDIRECT] Aug 28, 2026 9:38:03 PM java.util.prefs.FileSystemPreferences syncWorld
2026-08-28 21:38:03,603 [ERROR] LogOutputStream:75 - [STDERR_REDIRECT] WARNING: Couldn't flush system prefs: java.util.prefs.BackingStoreException: Couldn't get file lock.
2026-08-28 21:38:03,603 [ERROR] LogOutputStream:75 - [STDERR_REDIRECT] 
2026-08-28 21:38:33,602 [ERROR] LogOutputStream:75 - [STDERR_REDIRECT] Aug 28, 2026 9:38:33 PM java.util.prefs.FileSystemPreferences checkLockFile0ErrorCode
2026-08-28 21:38:33,602 [ERROR] LogOutputStream:75 - [STDERR_REDIRECT] WARNING: Could not lock System prefs. Unix error code 5.
2026-08-28 21:38:33,602 [ERROR] LogOutputStream:75 - [STDERR_REDIRECT] 
2026-08-28 21:38:33,603 [ERROR] LogOutputStream:75 - [STDERR_REDIRECT] Aug 28, 2026 9:38:33 PM java.util.prefs.FileSystemPreferences syncWorld
2026-08-28 21:38:33,603 [ERROR] LogOutputStream:75 - [STDERR_REDIRECT] WARNING: Couldn't flush system prefs: java.util.prefs.BackingStoreException: Couldn't get file lock.
2026-08-28 21:38:33,603 [ERROR] LogOutputStream:75 - [STDERR_REDIRECT] 
2026-08-28 21:39:03,602 [ERROR] LogOutputStream:75 - [STDERR_REDIRECT] Aug 28, 2026 9:39:03 PM java.util.prefs.FileSystemPreferences checkLockFile0ErrorCode
2026-08-28 21:39:03,602 [ERROR] LogOutputStream:75 - [STDERR_REDIRECT] WARNING: Could not lock System prefs. Unix error code 5.
2026-08-28 21:39:03,603 [ERROR] LogOutputStream:75 - [STDERR_REDIRECT] 
2026-08-28 21:39:03,603 [ERROR] LogOutputStream:75 - [STDERR_REDIRECT] Aug 28, 2026 9:39:03 PM java.util.prefs.FileSystemPreferences syncWorld
2026-08-28 21:39:03,603 [ERROR] LogOutputStream:75 - [STDERR_REDIRECT] WARNING: Couldn't flush system prefs: java.util.prefs.BackingStoreException: Couldn't get file lock.
2026-08-28 21:39:03,603 [ERROR] LogOutputStream:75 - [STDERR_REDIRECT] 
2026-08-28 21:39:33,602 [ERROR] LogOutputStream:75 - [STDERR_REDIRECT] Aug 28, 2026 9:39:33 PM java.util.prefs.FileSystemPreferences checkLockFile0ErrorCode
2026-08-28 21:39:33,602 [ERROR] LogOutputStream:75 - [STDERR_REDIRECT] WARNING: Could not lock System prefs. Unix error code 5.
2026-08-28 21:39:33,602 [ERROR] LogOutputStream:75 - [STDERR_REDIRECT] 
2026-08-28 21:39:33,602 [ERROR] LogOutputStream:75 - [STDERR_REDIRECT] Aug 28, 2026 9:39:33 PM java.util.prefs.FileSystemPreferences syncWorld
2026-08-28 21:39:33,603 [ERROR] LogOutputStream:75 - [STDERR_REDIRECT] WARNING: Couldn't flush system prefs: java.util.prefs.BackingStoreException: Couldn't get file lock.
2026-08-28 21:39:33,603 [ERROR] LogOutputStream:75 - [STDERR_REDIRECT] 
2026-08-28 21:40:03,601 [ERROR] LogOutputStream:75 - [STDERR_REDIRECT] Aug 28, 2026 9:40:03 PM java.util.prefs.FileSystemPreferences checkLockFile0ErrorCode
2026-08-28 21:40:03,602 [ERROR] LogOutputStream:75 - [STDERR_REDIRECT] WARNING: Could not lock System prefs. Unix error code 5.
2026-08-28 21:40:03,602 [ERROR] LogOutputStream:75 - [STDERR_REDIRECT] 
2026-08-28 21:40:03,602 [ERROR] LogOutputStream:75 - [STDERR_REDIRECT] Aug 28, 2026 9:40:03 PM java.util.prefs.FileSystemPreferences syncWorld
2026-08-28 21:40:03,602 [ERROR] LogOutputStream:75 - [STDERR_REDIRECT] WARNING: Couldn't flush system prefs: java.util.prefs.BackingStoreException: Couldn't get file lock.
2026-08-28 21:40:03,602 [ERROR] LogOutputStream:75 - [STDERR_REDIRECT] 
2026-08-28 21:40:33,602 [ERROR] LogOutputStream:75 - [STDERR_REDIRECT] Aug 28, 2026 9:40:33 PM java.util.prefs.FileSystemPreferences checkLockFile0ErrorCode
2026-08-28 21:40:33,602 [ERROR] LogOutputStream:75 - [STDERR_REDIRECT] WARNING: Could not lock System prefs. Unix error code 5.
2026-08-28 21:40:33,603 [ERROR] LogOutputStream:75 - [STDERR_REDIRECT] 
2026-08-28 21:40:33,603 [ERROR] LogOutputStream:75 - [STDERR_REDIRECT] Aug 28, 2026 9:40:33 PM java.util.prefs.FileSystemPreferences syncWorld
2026-08-28 21:40:33,603 [ERROR] LogOutputStream:75 - [STDERR_REDIRECT] WARNING: Couldn't flush system prefs: java.util.prefs.BackingStoreException: Couldn't get file lock.
2026-08-28 21:40:33,603 [ERROR] LogOutputStream:75 - [STDERR_REDIRECT] 
2026-08-28 21:41:03,602 [ERROR] LogOutputStream:75 - [STDERR_REDIRECT] Aug 28, 2026 9:41:03 PM java.util.prefs.FileSystemPreferences checkLockFile0ErrorCode
2026-08-28 21:41:03,602 [ERROR] LogOutputStream:75 - [STDERR_REDIRECT] WARNING: Could not lock System prefs. Unix error code 5.
2026-08-28 21:41:03,602 [ERROR] LogOutputStream:75 - [STDERR_REDIRECT] 
2026-08-28 21:41:03,602 [ERROR] LogOutputStream:75 - [STDERR_REDIRECT] Aug 28, 2026 9:41:03 PM java.util.prefs.FileSystemPreferences syncWorld
2026-08-28 21:41:03,602 [ERROR] LogOutputStream:75 - [STDERR_REDIRECT] WARNING: Couldn't flush system prefs: java.util.prefs.BackingStoreException: Couldn't get file lock.
2026-08-28 21:41:03,602 [ERROR] LogOutputStream:75 - [STDERR_REDIRECT] 
2026-08-28 21:41:33,603 [ERROR] LogOutputStream:75 - [STDERR_REDIRECT] Aug 28, 2026 9:41:33 PM java.util.prefs.FileSystemPreferences checkLockFile0ErrorCode
2026-08-28 21:41:33,603 [ERROR] LogOutputStream:75 - [STDERR_REDIRECT] WARNING: Could not lock System prefs. Unix error code 5.
2026-08-28 21:41:33,603 [ERROR] LogOutputStream:75 - [STDERR_REDIRECT] 
2026-08-28 21:41:33,603 [ERROR] LogOutputStream:75 - [STDERR_REDIRECT] Aug 28, 2026 9:41:33 PM java.util.prefs.FileSystemPreferences syncWorld
2026-08-28 21:41:33,604 [ERROR] LogOutputStream:75 - [STDERR_REDIRECT] WARNING: Couldn't flush system prefs: java.util.prefs.BackingStoreException: Couldn't get file lock.
2026-08-28 21:41:33,604 [ERROR] LogOutputStream:75 - [STDERR_REDIRECT] 
2026-08-28 21:42:03,603 [ERROR] LogOutputStream:75 - [STDERR_REDIRECT] Aug 28, 2026 9:42:03 PM java.util.prefs.FileSystemPreferences checkLockFile0ErrorCode
2026-08-28 21:42:03,603 [ERROR] LogOutputStream:75 - [STDERR_REDIRECT] WARNING: Could not lock System prefs. Unix error code 5.
2026-08-28 21:42:03,603 [ERROR] LogOutputStream:75 - [STDERR_REDIRECT] 
2026-08-28 21:42:03,604 [ERROR] LogOutputStream:75 - [STDERR_REDIRECT] Aug 28, 2026 9:42:03 PM java.util.prefs.FileSystemPreferences syncWorld
2026-08-28 21:42:03,604 [ERROR] LogOutputStream:75 - [STDERR_REDIRECT] WARNING: Couldn't flush system prefs: java.util.prefs.BackingStoreException: Couldn't get file lock.
2026-08-28 21:42:03,604 [ERROR] LogOutputStream:75 - [STDERR_REDIRECT] 
2026-08-28 21:42:33,602 [ERROR] LogOutputStream:75 - [STDERR_REDIRECT] Aug 28, 2026 9:42:33 PM java.util.prefs.FileSystemPreferences checkLockFile0ErrorCode
2026-08-28 21:42:33,603 [ERROR] LogOutputStream:75 - [STDERR_REDIRECT] WARNING: Could not lock System prefs. Unix error code 5.
2026-08-28 21:42:33,603 [ERROR] LogOutputStream:75 - [STDERR_REDIRECT] 
2026-08-28 21:42:33,603 [ERROR] LogOutputStream:75 - [STDERR_REDIRECT] Aug 28, 2026 9:42:33 PM java.util.prefs.FileSystemPreferences syncWorld
2026-08-28 21:42:33,603 [ERROR] LogOutputStream:75 - [STDERR_REDIRECT] WARNING: Couldn't flush system prefs: java.util.prefs.BackingStoreException: Couldn't get file lock.
2026-08-28 21:42:33,603 [ERROR] LogOutputStream:75 - [STDERR_REDIRECT] 
2026-08-28 21:43:03,604 [ERROR] LogOutputStream:75 - [STDERR_REDIRECT] Aug 28, 2026 9:43:03 PM java.util.prefs.FileSystemPreferences checkLockFile0ErrorCode
2026-08-28 21:43:03,604 [ERROR] LogOutputStream:75 - [STDERR_REDIRECT] WARNING: Could not lock System prefs. Unix error code 5.
2026-08-28 21:43:03,604 [ERROR] LogOutputStream:75 - [STDERR_REDIRECT] 
2026-08-28 21:43:03,604 [ERROR] LogOutputStream:75 - [STDERR_REDIRECT] Aug 28, 2026 9:43:03 PM java.util.prefs.FileSystemPreferences syncWorld
2026-08-28 21:43:03,604 [ERROR] LogOutputStream:75 - [STDERR_REDIRECT] WARNING: Couldn't flush system prefs: java.util.prefs.BackingStoreException: Couldn't get file lock.
2026-08-28 21:43:03,604 [ERROR] LogOutputStream:75 - [STDERR_REDIRECT] 
2026-08-28 21:43:33,604 [ERROR] LogOutputStream:75 - [STDERR_REDIRECT] Aug 28, 2026 9:43:33 PM java.util.prefs.FileSystemPreferences checkLockFile0ErrorCode
2026-08-28 21:43:33,605 [ERROR] LogOutputStream:75 - [STDERR_REDIRECT] WARNING: Could not lock System prefs. Unix error code 5.
2026-08-28 21:43:33,605 [ERROR] LogOutputStream:75 - [STDERR_REDIRECT] 
2026-08-28 21:43:33,605 [ERROR] LogOutputStream:75 - [STDERR_REDIRECT] Aug 28, 2026 9:43:33 PM java.util.prefs.FileSystemPreferences syncWorld
2026-08-28 21:43:33,605 [ERROR] LogOutputStream:75 - [STDERR_REDIRECT] WARNING: Couldn't flush system prefs: java.util.prefs.BackingStoreException: Couldn't get file lock.
2026-08-28 21:43:33,605 [ERROR] LogOutputStream:75 - [STDERR_REDIRECT] 
2026-08-28 21:44:03,605 [ERROR] LogOutputStream:75 - [STDERR_REDIRECT] Aug 28, 2026 9:44:03 PM java.util.prefs.FileSystemPreferences checkLockFile0ErrorCode
2026-08-28 21:44:03,605 [ERROR] LogOutputStream:75 - [STDERR_REDIRECT] WARNING: Could not lock System prefs. Unix error code 5.
2026-08-28 21:44:03,605 [ERROR] LogOutputStream:75 - [STDERR_REDIRECT] 
2026-08-28 21:44:03,606 [ERROR] LogOutputStream:75 - [STDERR_REDIRECT] Aug 28, 2026 9:44:03 PM java.util.prefs.FileSystemPreferences syncWorld
2026-08-28 21:44:03,606 [ERROR] LogOutputStream:75 - [STDERR_REDIRECT] WARNING: Couldn't flush system prefs: java.util.prefs.BackingStoreException: Couldn't get file lock.
2026-08-28 21:44:03,606 [ERROR] LogOutputStream:75 - [STDERR_REDIRECT] 
2026-08-28 21:44:33,605 [ERROR] LogOutputStream:75 - [STDERR_REDIRECT] Aug 28, 2026 9:44:33 PM java.util.prefs.FileSystemPreferences checkLockFile0ErrorCode
2026-08-28 21:44:33,605 [ERROR] LogOutputStream:75 - [STDERR_REDIRECT] WARNING: Could not lock System prefs. Unix error code 5.
2026-08-28 21:44:33,605 [ERROR] LogOutputStream:75 - [STDERR_REDIRECT] 
2026-08-28 21:44:33,606 [ERROR] LogOutputStream:75 - [STDERR_REDIRECT] Aug 28, 2026 9:44:33 PM java.util.prefs.FileSystemPreferences syncWorld
2026-08-28 21:44:33,606 [ERROR] LogOutputStream:75 - [STDERR_REDIRECT] WARNING: Couldn't flush system prefs: java.util.prefs.BackingStoreException: Couldn't get file lock.
2026-08-28 21:44:33,606 [ERROR] LogOutputStream:75 - [STDERR_REDIRECT] 
2026-08-28 21:45:03,605 [ERROR] LogOutputStream:75 - [STDERR_REDIRECT] Aug 28, 2026 9:45:03 PM java.util.prefs.FileSystemPreferences checkLockFile0ErrorCode
2026-08-28 21:45:03,605 [ERROR] LogOutputStream:75 - [STDERR_REDIRECT] WARNING: Could not lock System prefs. Unix error code 5.
2026-08-28 21:45:03,605 [ERROR] LogOutputStream:75 - [STDERR_REDIRECT] 
2026-08-28 21:45:03,605 [ERROR] LogOutputStream:75 - [STDERR_REDIRECT] Aug 28, 2026 9:45:03 PM java.util.prefs.FileSystemPreferences syncWorld
2026-08-28 21:45:03,606 [ERROR] LogOutputStream:75 - [STDERR_REDIRECT] WARNING: Couldn't flush system prefs: java.util.prefs.BackingStoreException: Couldn't get file lock.
2026-08-28 21:45:03,606 [ERROR] LogOutputStream:75 - [STDERR_REDIRECT] 
2026-08-28 21:45:33,605 [ERROR] LogOutputStream:75 - [STDERR_REDIRECT] Aug 28, 2026 9:45:33 PM java.util.prefs.FileSystemPreferences checkLockFile0ErrorCode
2026-08-28 21:45:33,605 [ERROR] LogOutputStream:75 - [STDERR_REDIRECT] WARNING: Could not lock System prefs. Unix error code 5.
2026-08-28 21:45:33,605 [ERROR] LogOutputStream:75 - [STDERR_REDIRECT] 
2026-08-28 21:45:33,605 [ERROR] LogOutputStream:75 - [STDERR_REDIRECT] Aug 28, 2026 9:45:33 PM java.util.prefs.FileSystemPreferences syncWorld
2026-08-28 21:45:33,605 [ERROR] LogOutputStream:75 - [STDERR_REDIRECT] WARNING: Couldn't flush system prefs: java.util.prefs.BackingStoreException: Couldn't get file lock.
2026-08-28 21:45:33,605 [ERROR] LogOutputStream:75 - [STDERR_REDIRECT] 
2026-08-28 21:46:03,606 [ERROR] LogOutputStream:75 - [STDERR_REDIRECT] Aug 28, 2026 9:46:03 PM java.util.prefs.FileSystemPreferences checkLockFile0ErrorCode
2026-08-28 21:46:03,606 [ERROR] LogOutputStream:75 - [STDERR_REDIRECT] WARNING: Could not lock System prefs. Unix error code 5.
2026-08-28 21:46:03,606 [ERROR] LogOutputStream:75 - [STDERR_REDIRECT] 
2026-08-28 21:46:03,607 [ERROR] LogOutputStream:75 - [STDERR_REDIRECT] Aug 28, 2026 9:46:03 PM java.util.prefs.FileSystemPreferences syncWorld
2026-08-28 21:46:03,607 [ERROR] LogOutputStream:75 - [STDERR_REDIRECT] WARNING: Couldn't flush system prefs: java.util.prefs.BackingStoreException: Couldn't get file lock.
2026-08-28 21:46:03,607 [ERROR] LogOutputStream:75 - [STDERR_REDIRECT] 
2026-08-28 21:46:33,606 [ERROR] LogOutputStream:75 - [STDERR_REDIRECT] Aug 28, 2026 9:46:33 PM java.util.prefs.FileSystemPreferences checkLockFile0ErrorCode
2026-08-28 21:46:33,606 [ERROR] LogOutputStream:75 - [STDERR_REDIRECT] WARNING: Could not lock System prefs. Unix error code 5.
2026-08-28 21:46:33,607 [ERROR] LogOutputStream:75 - [STDERR_REDIRECT] 
2026-08-28 21:46:33,607 [ERROR] LogOutputStream:75 - [STDERR_REDIRECT] Aug 28, 2026 9:46:33 PM java.util.prefs.FileSystemPreferences syncWorld
2026-08-28 21:46:33,607 [ERROR] LogOutputStream:75 - [STDERR_REDIRECT] WARNING: Couldn't flush system prefs: java.util.prefs.BackingStoreException: Couldn't get file lock.
2026-08-28 21:46:33,607 [ERROR] LogOutputStream:75 - [STDERR_REDIRECT] 
2026-08-28 21:47:03,606 [ERROR] LogOutputStream:75 - [STDERR_REDIRECT] Aug 28, 2026 9:47:03 PM java.util.prefs.FileSystemPreferences checkLockFile0ErrorCode
2026-08-28 21:47:03,607 [ERROR] LogOutputStream:75 - [STDERR_REDIRECT] WARNING: Could not lock System prefs. Unix error code 5.
2026-08-28 21:47:03,607 [ERROR] LogOutputStream:75 - [STDERR_REDIRECT] 
2026-08-28 21:47:03,607 [ERROR] LogOutputStream:75 - [STDERR_REDIRECT] Aug 28, 2026 9:47:03 PM java.util.prefs.FileSystemPreferences syncWorld
2026-08-28 21:47:03,607 [ERROR] LogOutputStream:75 - [STDERR_REDIRECT] WARNING: Couldn't flush system prefs: java.util.prefs.BackingStoreException: Couldn't get file lock.
2026-08-28 21:47:03,607 [ERROR] LogOutputStream:75 - [STDERR_REDIRECT] 
2026-08-28 21:47:33,606 [ERROR] LogOutputStream:75 - [STDERR_REDIRECT] Aug 28, 2026 9:47:33 PM java.util.prefs.FileSystemPreferences checkLockFile0ErrorCode
2026-08-28 21:47:33,606 [ERROR] LogOutputStream:75 - [STDERR_REDIRECT] WARNING: Could not lock System prefs. Unix error code 5.
2026-08-28 21:47:33,606 [ERROR] LogOutputStream:75 - [STDERR_REDIRECT] 
2026-08-28 21:47:33,607 [ERROR] LogOutputStream:75 - [STDERR_REDIRECT] Aug 28, 2026 9:47:33 PM java.util.prefs.FileSystemPreferences syncWorld
2026-08-28 21:47:33,607 [ERROR] LogOutputStream:75 - [STDERR_REDIRECT] WARNING: Couldn't flush system prefs: java.util.prefs.BackingStoreException: Couldn't get file lock.
2026-08-28 21:47:33,607 [ERROR] LogOutputStream:75 - [STDERR_REDIRECT] 
2026-08-28 21:48:03,606 [ERROR] LogOutputStream:75 - [STDERR_REDIRECT] Aug 28, 2026 9:48:03 PM java.util.prefs.FileSystemPreferences checkLockFile0ErrorCode
2026-08-28 21:48:03,606 [ERROR] LogOutputStream:75 - [STDERR_REDIRECT] WARNING: Could not lock System prefs. Unix error code 5.
2026-08-28 21:48:03,606 [ERROR] LogOutputStream:75 - [STDERR_REDIRECT] 
2026-08-28 21:48:03,606 [ERROR] LogOutputStream:75 - [STDERR_REDIRECT] Aug 28, 2026 9:48:03 PM java.util.prefs.FileSystemPreferences syncWorld
2026-08-28 21:48:03,606 [ERROR] LogOutputStream:75 - [STDERR_REDIRECT] WARNING: Couldn't flush system prefs: java.util.prefs.BackingStoreException: Couldn't get file lock.
2026-08-28 21:48:03,606 [ERROR] LogOutputStream:75 - [STDERR_REDIRECT] 
2026-08-28 21:48:33,606 [ERROR] LogOutputStream:75 - [STDERR_REDIRECT] Aug 28, 2026 9:48:33 PM java.util.prefs.FileSystemPreferences checkLockFile0ErrorCode
2026-08-28 21:48:33,607 [ERROR] LogOutputStream:75 - [STDERR_REDIRECT] WARNING: Could not lock System prefs. Unix error code 5.
2026-08-28 21:48:33,607 [ERROR] LogOutputStream:75 - [STDERR_REDIRECT] 
2026-08-28 21:48:33,607 [ERROR] LogOutputStream:75 - [STDERR_REDIRECT] Aug 28, 2026 9:48:33 PM java.util.prefs.FileSystemPreferences syncWorld
2026-08-28 21:48:33,607 [ERROR] LogOutputStream:75 - [STDERR_REDIRECT] WARNING: Couldn't flush system prefs: java.util.prefs.BackingStoreException: Couldn't get file lock.
2026-08-28 21:48:33,607 [ERROR] LogOutputStream:75 - [STDERR_REDIRECT] 
2026-08-28 21:49:03,607 [ERROR] LogOutputStream:75 - [STDERR_REDIRECT] Aug 28, 2026 9:49:03 PM java.util.prefs.FileSystemPreferences checkLockFile0ErrorCode
2026-08-28 21:49:03,608 [ERROR] LogOutputStream:75 - [STDERR_REDIRECT] WARNING: Could not lock System prefs. Unix error code 5.
2026-08-28 21:49:03,608 [ERROR] LogOutputStream:75 - [STDERR_REDIRECT] 
2026-08-28 21:49:03,608 [ERROR] LogOutputStream:75 - [STDERR_REDIRECT] Aug 28, 2026 9:49:03 PM java.util.prefs.FileSystemPreferences syncWorld
2026-08-28 21:49:03,608 [ERROR] LogOutputStream:75 - [STDERR_REDIRECT] WARNING: Couldn't flush system prefs: java.util.prefs.BackingStoreException: Couldn't get file lock.
2026-08-28 21:49:03,608 [ERROR] LogOutputStream:75 - [STDERR_REDIRECT] 
2026-08-28 21:49:33,608 [ERROR] LogOutputStream:75 - [STDERR_REDIRECT] Aug 28, 2026 9:49:33 PM java.util.prefs.FileSystemPreferences checkLockFile0ErrorCode
2026-08-28 21:49:33,608 [ERROR] LogOutputStream:75 - [STDERR_REDIRECT] WARNING: Could not lock System prefs. Unix error code 5.
2026-08-28 21:49:33,608 [ERROR] LogOutputStream:75 - [STDERR_REDIRECT] 
2026-08-28 21:49:33,609 [ERROR] LogOutputStream:75 - [STDERR_REDIRECT] Aug 28, 2026 9:49:33 PM java.util.prefs.FileSystemPreferences syncWorld
2026-08-28 21:49:33,609 [ERROR] LogOutputStream:75 - [STDERR_REDIRECT] WARNING: Couldn't flush system prefs: java.util.prefs.BackingStoreException: Couldn't get file lock.
2026-08-28 21:49:33,609 [ERROR] LogOutputStream:75 - [STDERR_REDIRECT] 
2026-08-28 21:50:03,608 [ERROR] LogOutputStream:75 - [STDERR_REDIRECT] Aug 28, 2026 9:50:03 PM java.util.prefs.FileSystemPreferences checkLockFile0ErrorCode
2026-08-28 21:50:03,608 [ERROR] LogOutputStream:75 - [STDERR_REDIRECT] WARNING: Could not lock System prefs. Unix error code 5.
2026-08-28 21:50:03,608 [ERROR] LogOutputStream:75 - [STDERR_REDIRECT] 
2026-08-28 21:50:03,608 [ERROR] LogOutputStream:75 - [STDERR_REDIRECT] Aug 28, 2026 9:50:03 PM java.util.prefs.FileSystemPreferences syncWorld
2026-08-28 21:50:03,609 [ERROR] LogOutputStream:75 - [STDERR_REDIRECT] WARNING: Couldn't flush system prefs: java.util.prefs.BackingStoreException: Couldn't get file lock.
2026-08-28 21:50:03,609 [ERROR] LogOutputStream:75 - [STDERR_REDIRECT] 
2026-08-28 21:50:33,607 [ERROR] LogOutputStream:75 - [STDERR_REDIRECT] Aug 28, 2026 9:50:33 PM java.util.prefs.FileSystemPreferences checkLockFile0ErrorCode
2026-08-28 21:50:33,608 [ERROR] LogOutputStream:75 - [STDERR_REDIRECT] WARNING: Could not lock System prefs. Unix error code 5.
2026-08-28 21:50:33,608 [ERROR] LogOutputStream:75 - [STDERR_REDIRECT] 
2026-08-28 21:50:33,608 [ERROR] LogOutputStream:75 - [STDERR_REDIRECT] Aug 28, 2026 9:50:33 PM java.util.prefs.FileSystemPreferences syncWorld
2026-08-28 21:50:33,608 [ERROR] LogOutputStream:75 - [STDERR_REDIRECT] WARNING: Couldn't flush system prefs: java.util.prefs.BackingStoreException: Couldn't get file lock.
2026-08-28 21:50:33,608 [ERROR] LogOutputStream:75 - [STDERR_REDIRECT] 
2026-08-28 21:51:03,609 [ERROR] LogOutputStream:75 - [STDERR_REDIRECT] Aug 28, 2026 9:51:03 PM java.util.prefs.FileSystemPreferences checkLockFile0ErrorCode
2026-08-28 21:51:03,609 [ERROR] LogOutputStream:75 - [STDERR_REDIRECT] WARNING: Could not lock System prefs. Unix error code 5.
2026-08-28 21:51:03,609 [ERROR] LogOutputStream:75 - [STDERR_REDIRECT] 
2026-08-28 21:51:03,609 [ERROR] LogOutputStream:75 - [STDERR_REDIRECT] Aug 28, 2026 9:51:03 PM java.util.prefs.FileSystemPreferences syncWorld
2026-08-28 21:51:03,609 [ERROR] LogOutputStream:75 - [STDERR_REDIRECT] WARNING: Couldn't flush system prefs: java.util.prefs.BackingStoreException: Couldn't get file lock.
2026-08-28 21:51:03,609 [ERROR] LogOutputStream:75 - [STDERR_REDIRECT] 
2026-08-28 21:51:33,608 [ERROR] LogOutputStream:75 - [STDERR_REDIRECT] Aug 28, 2026 9:51:33 PM java.util.prefs.FileSystemPreferences checkLockFile0ErrorCode
2026-08-28 21:51:33,608 [ERROR] LogOutputStream:75 - [STDERR_REDIRECT] WARNING: Could not lock System prefs. Unix error code 5.
2026-08-28 21:51:33,608 [ERROR] LogOutputStream:75 - [STDERR_REDIRECT] 
2026-08-28 21:51:33,609 [ERROR] LogOutputStream:75 - [STDERR_REDIRECT] Aug 28, 2026 9:51:33 PM java.util.prefs.FileSystemPreferences syncWorld
2026-08-28 21:51:33,609 [ERROR] LogOutputStream:75 - [STDERR_REDIRECT] WARNING: Couldn't flush system prefs: java.util.prefs.BackingStoreException: Couldn't get file lock.
2026-08-28 21:51:33,609 [ERROR] LogOutputStream:75 - [STDERR_REDIRECT] 
2026-08-28 21:52:03,608 [ERROR] LogOutputStream:75 - [STDERR_REDIRECT] Aug 28, 2026 9:52:03 PM java.util.prefs.FileSystemPreferences checkLockFile0ErrorCode
2026-08-28 21:52:03,608 [ERROR] LogOutputStream:75 - [STDERR_REDIRECT] WARNING: Could not lock System prefs. Unix error code 5.
2026-08-28 21:52:03,609 [ERROR] LogOutputStream:75 - [STDERR_REDIRECT] 
2026-08-28 21:52:03,609 [ERROR] LogOutputStream:75 - [STDERR_REDIRECT] Aug 28, 2026 9:52:03 PM java.util.prefs.FileSystemPreferences syncWorld
2026-08-28 21:52:03,609 [ERROR] LogOutputStream:75 - [STDERR_REDIRECT] WARNING: Couldn't flush system prefs: java.util.prefs.BackingStoreException: Couldn't get file lock.
2026-08-28 21:52:03,609 [ERROR] LogOutputStream:75 - [STDERR_REDIRECT] 
2026-08-28 21:52:33,608 [ERROR] LogOutputStream:75 - [STDERR_REDIRECT] Aug 28, 2026 9:52:33 PM java.util.prefs.FileSystemPreferences checkLockFile0ErrorCode
2026-08-28 21:52:33,608 [ERROR] LogOutputStream:75 - [STDERR_REDIRECT] WARNING: Could not lock System prefs. Unix error code 5.
2026-08-28 21:52:33,608 [ERROR] LogOutputStream:75 - [STDERR_REDIRECT] 
2026-08-28 21:52:33,609 [ERROR] LogOutputStream:75 - [STDERR_REDIRECT] Aug 28, 2026 9:52:33 PM java.util.prefs.FileSystemPreferences syncWorld
2026-08-28 21:52:33,609 [ERROR] LogOutputStream:75 - [STDERR_REDIRECT] WARNING: Couldn't flush system prefs: java.util.prefs.BackingStoreException: Couldn't get file lock.
2026-08-28 21:52:33,609 [ERROR] LogOutputStream:75 - [STDERR_REDIRECT] 
2026-08-28 21:53:03,608 [ERROR] LogOutputStream:75 - [STDERR_REDIRECT] Aug 28, 2026 9:53:03 PM java.util.prefs.FileSystemPreferences checkLockFile0ErrorCode
2026-08-28 21:53:03,608 [ERROR] LogOutputStream:75 - [STDERR_REDIRECT] WARNING: Could not lock System prefs. Unix error code 5.
2026-08-28 21:53:03,608 [ERROR] LogOutputStream:75 - [STDERR_REDIRECT] 
2026-08-28 21:53:03,608 [ERROR] LogOutputStream:75 - [STDERR_REDIRECT] Aug 28, 2026 9:53:03 PM java.util.prefs.FileSystemPreferences syncWorld
2026-08-28 21:53:03,608 [ERROR] LogOutputStream:75 - [STDERR_REDIRECT] WARNING: Couldn't flush system prefs: java.util.prefs.BackingStoreException: Couldn't get file lock.
2026-08-28 21:53:03,609 [ERROR] LogOutputStream:75 - [STDERR_REDIRECT] 
2026-08-28 21:53:33,608 [ERROR] LogOutputStream:75 - [STDERR_REDIRECT] Aug 28, 2026 9:53:33 PM java.util.prefs.FileSystemPreferences checkLockFile0ErrorCode
2026-08-28 21:53:33,608 [ERROR] LogOutputStream:75 - [STDERR_REDIRECT] WARNING: Could not lock System prefs. Unix error code 5.
2026-08-28 21:53:33,608 [ERROR] LogOutputStream:75 - [STDERR_REDIRECT] 
2026-08-28 21:53:33,608 [ERROR] LogOutputStream:75 - [STDERR_REDIRECT] Aug 28, 2026 9:53:33 PM java.util.prefs.FileSystemPreferences syncWorld
2026-08-28 21:53:33,608 [ERROR] LogOutputStream:75 - [STDERR_REDIRECT] WARNING: Couldn't flush system prefs: java.util.prefs.BackingStoreException: Couldn't get file lock.
2026-08-28 21:53:33,608 [ERROR] LogOutputStream:75 - [STDERR_REDIRECT] 
2026-08-28 21:54:03,608 [ERROR] LogOutputStream:75 - [STDERR_REDIRECT] Aug 28, 2026 9:54:03 PM java.util.prefs.FileSystemPreferences checkLockFile0ErrorCode
2026-08-28 21:54:03,608 [ERROR] LogOutputStream:75 - [STDERR_REDIRECT] WARNING: Could not lock System prefs. Unix error code 5.
2026-08-28 21:54:03,608 [ERROR] LogOutputStream:75 - [STDERR_REDIRECT] 
2026-08-28 21:54:03,609 [ERROR] LogOutputStream:75 - [STDERR_REDIRECT] Aug 28, 2026 9:54:03 PM java.util.prefs.FileSystemPreferences syncWorld
2026-08-28 21:54:03,609 [ERROR] LogOutputStream:75 - [STDERR_REDIRECT] WARNING: Couldn't flush system prefs: java.util.prefs.BackingStoreException: Couldn't get file lock.
2026-08-28 21:54:03,609 [ERROR] LogOutputStream:75 - [STDERR_REDIRECT] 
2026-08-28 21:54:33,609 [ERROR] LogOutputStream:75 - [STDERR_REDIRECT] Aug 28, 2026 9:54:33 PM java.util.prefs.FileSystemPreferences checkLockFile0ErrorCode
2026-08-28 21:54:33,609 [ERROR] LogOutputStream:75 - [STDERR_REDIRECT] WARNING: Could not lock System prefs. Unix error code 5.
2026-08-28 21:54:33,609 [ERROR] LogOutputStream:75 - [STDERR_REDIRECT] 
2026-08-28 21:54:33,609 [ERROR] LogOutputStream:75 - [STDERR_REDIRECT] Aug 28, 2026 9:54:33 PM java.util.prefs.FileSystemPreferences syncWorld
2026-08-28 21:54:33,610 [ERROR] LogOutputStream:75 - [STDERR_REDIRECT] WARNING: Couldn't flush system prefs: java.util.prefs.BackingStoreException: Couldn't get file lock.
2026-08-28 21:54:33,610 [ERROR] LogOutputStream:75 - [STDERR_REDIRECT] 
2026-08-28 21:55:03,609 [ERROR] LogOutputStream:75 - [STDERR_REDIRECT] Aug 28, 2026 9:55:03 PM java.util.prefs.FileSystemPreferences checkLockFile0ErrorCode
2026-08-28 21:55:03,609 [ERROR] LogOutputStream:75 - [STDERR_REDIRECT] WARNING: Could not lock System prefs. Unix error code 5.
2026-08-28 21:55:03,609 [ERROR] LogOutputStream:75 - [STDERR_REDIRECT] 
2026-08-28 21:55:03,610 [ERROR] LogOutputStream:75 - [STDERR_REDIRECT] Aug 28, 2026 9:55:03 PM java.util.prefs.FileSystemPreferences syncWorld
2026-08-28 21:55:03,610 [ERROR] LogOutputStream:75 - [STDERR_REDIRECT] WARNING: Couldn't flush system prefs: java.util.prefs.BackingStoreException: Couldn't get file lock.
2026-08-28 21:55:03,610 [ERROR] LogOutputStream:75 - [STDERR_REDIRECT] 
2026-08-28 21:55:33,609 [ERROR] LogOutputStream:75 - [STDERR_REDIRECT] Aug 28, 2026 9:55:33 PM java.util.prefs.FileSystemPreferences checkLockFile0ErrorCode
2026-08-28 21:55:33,609 [ERROR] LogOutputStream:75 - [STDERR_REDIRECT] WARNING: Could not lock System prefs. Unix error code 5.
2026-08-28 21:55:33,609 [ERROR] LogOutputStream:75 - [STDERR_REDIRECT] 
2026-08-28 21:55:33,609 [ERROR] LogOutputStream:75 - [STDERR_REDIRECT] Aug 28, 2026 9:55:33 PM java.util.prefs.FileSystemPreferences syncWorld
2026-08-28 21:55:33,609 [ERROR] LogOutputStream:75 - [STDERR_REDIRECT] WARNING: Couldn't flush system prefs: java.util.prefs.BackingStoreException: Couldn't get file lock.
2026-08-28 21:55:33,609 [ERROR] LogOutputStream:75 - [STDERR_REDIRECT] 
2026-08-28 21:56:03,610 [ERROR] LogOutputStream:75 - [STDERR_REDIRECT] Aug 28, 2026 9:56:03 PM java.util.prefs.FileSystemPreferences checkLockFile0ErrorCode
2026-08-28 21:56:03,610 [ERROR] LogOutputStream:75 - [STDERR_REDIRECT] WARNING: Could not lock System prefs. Unix error code 5.
2026-08-28 21:56:03,610 [ERROR] LogOutputStream:75 - [STDERR_REDIRECT] 
2026-08-28 21:56:03,611 [ERROR] LogOutputStream:75 - [STDERR_REDIRECT] Aug 28, 2026 9:56:03 PM java.util.prefs.FileSystemPreferences syncWorld
2026-08-28 21:56:03,611 [ERROR] LogOutputStream:75 - [STDERR_REDIRECT] WARNING: Couldn't flush system prefs: java.util.prefs.BackingStoreException: Couldn't get file lock.
2026-08-28 21:56:03,611 [ERROR] LogOutputStream:75 - [STDERR_REDIRECT] 
2026-08-28 21:56:33,610 [ERROR] LogOutputStream:75 - [STDERR_REDIRECT] Aug 28, 2026 9:56:33 PM java.util.prefs.FileSystemPreferences checkLockFile0ErrorCode
2026-08-28 21:56:33,610 [ERROR] LogOutputStream:75 - [STDERR_REDIRECT] WARNING: Could not lock System prefs. Unix error code 5.
2026-08-28 21:56:33,610 [ERROR] LogOutputStream:75 - [STDERR_REDIRECT] 
2026-08-28 21:56:33,611 [ERROR] LogOutputStream:75 - [STDERR_REDIRECT] Aug 28, 2026 9:56:33 PM java.util.prefs.FileSystemPreferences syncWorld
2026-08-28 21:56:33,611 [ERROR] LogOutputStream:75 - [STDERR_REDIRECT] WARNING: Couldn't flush system prefs: java.util.prefs.BackingStoreException: Couldn't get file lock.
2026-08-28 21:56:33,611 [ERROR] LogOutputStream:75 - [STDERR_REDIRECT] 
2026-08-28 21:57:03,611 [ERROR] LogOutputStream:75 - [STDERR_REDIRECT] Aug 28, 2026 9:57:03 PM java.util.prefs.FileSystemPreferences checkLockFile0ErrorCode
2026-08-28 21:57:03,611 [ERROR] LogOutputStream:75 - [STDERR_REDIRECT] WARNING: Could not lock System prefs. Unix error code 5.
2026-08-28 21:57:03,611 [ERROR] LogOutputStream:75 - [STDERR_REDIRECT] 
2026-08-28 21:57:03,611 [ERROR] LogOutputStream:75 - [STDERR_REDIRECT] Aug 28, 2026 9:57:03 PM java.util.prefs.FileSystemPreferences syncWorld
2026-08-28 21:57:03,611 [ERROR] LogOutputStream:75 - [STDERR_REDIRECT] WARNING: Couldn't flush system prefs: java.util.prefs.BackingStoreException: Couldn't get file lock.
2026-08-28 21:57:03,611 [ERROR] LogOutputStream:75 - [STDERR_REDIRECT] 
2026-08-28 21:57:33,610 [ERROR] LogOutputStream:75 - [STDERR_REDIRECT] Aug 28, 2026 9:57:33 PM java.util.prefs.FileSystemPreferences checkLockFile0ErrorCode
2026-08-28 21:57:33,611 [ERROR] LogOutputStream:75 - [STDERR_REDIRECT] WARNING: Could not lock System prefs. Unix error code 5.
2026-08-28 21:57:33,611 [ERROR] LogOutputStream:75 - [STDERR_REDIRECT] 
2026-08-28 21:57:33,611 [ERROR] LogOutputStream:75 - [STDERR_REDIRECT] Aug 28, 2026 9:57:33 PM java.util.prefs.FileSystemPreferences syncWorld
2026-08-28 21:57:33,611 [ERROR] LogOutputStream:75 - [STDERR_REDIRECT] WARNING: Couldn't flush system prefs: java.util.prefs.BackingStoreException: Couldn't get file lock.
2026-08-28 21:57:33,611 [ERROR] LogOutputStream:75 - [STDERR_REDIRECT] 
2026-08-28 21:58:03,611 [ERROR] LogOutputStream:75 - [STDERR_REDIRECT] Aug 28, 2026 9:58:03 PM java.util.prefs.FileSystemPreferences checkLockFile0ErrorCode
2026-08-28 21:58:03,611 [ERROR] LogOutputStream:75 - [STDERR_REDIRECT] WARNING: Could not lock System prefs. Unix error code 5.
2026-08-28 21:58:03,611 [ERROR] LogOutputStream:75 - [STDERR_REDIRECT] 
2026-08-28 21:58:03,612 [ERROR] LogOutputStream:75 - [STDERR_REDIRECT] Aug 28, 2026 9:58:03 PM java.util.prefs.FileSystemPreferences syncWorld
2026-08-28 21:58:03,612 [ERROR] LogOutputStream:75 - [STDERR_REDIRECT] WARNING: Couldn't flush system prefs: java.util.prefs.BackingStoreException: Couldn't get file lock.
2026-08-28 21:58:03,612 [ERROR] LogOutputStream:75 - [STDERR_REDIRECT] 
2026-08-28 21:58:33,611 [ERROR] LogOutputStream:75 - [STDERR_REDIRECT] Aug 28, 2026 9:58:33 PM java.util.prefs.FileSystemPreferences checkLockFile0ErrorCode
2026-08-28 21:58:33,611 [ERROR] LogOutputStream:75 - [STDERR_REDIRECT] WARNING: Could not lock System prefs. Unix error code 5.
2026-08-28 21:58:33,611 [ERROR] LogOutputStream:75 - [STDERR_REDIRECT] 
2026-08-28 21:58:33,612 [ERROR] LogOutputStream:75 - [STDERR_REDIRECT] Aug 28, 2026 9:58:33 PM java.util.prefs.FileSystemPreferences syncWorld
2026-08-28 21:58:33,612 [ERROR] LogOutputStream:75 - [STDERR_REDIRECT] WARNING: Couldn't flush system prefs: java.util.prefs.BackingStoreException: Couldn't get file lock.
2026-08-28 21:58:33,612 [ERROR] LogOutputStream:75 - [STDERR_REDIRECT] 
2026-08-28 21:59:03,615 [ERROR] LogOutputStream:75 - [STDERR_REDIRECT] Aug 28, 2026 9:59:03 PM java.util.prefs.FileSystemPreferences checkLockFile0ErrorCode
2026-08-28 21:59:03,615 [ERROR] LogOutputStream:75 - [STDERR_REDIRECT] WARNING: Could not lock System prefs. Unix error code 5.
2026-08-28 21:59:03,615 [ERROR] LogOutputStream:75 - [STDERR_REDIRECT] 
2026-08-28 21:59:03,616 [ERROR] LogOutputStream:75 - [STDERR_REDIRECT] Aug 28, 2026 9:59:03 PM java.util.prefs.FileSystemPreferences syncWorld
2026-08-28 21:59:03,616 [ERROR] LogOutputStream:75 - [STDERR_REDIRECT] WARNING: Couldn't flush system prefs: java.util.prefs.BackingStoreException: Couldn't get file lock.
2026-08-28 21:59:03,616 [ERROR] LogOutputStream:75 - [STDERR_REDIRECT] 
2026-08-28 21:59:33,612 [ERROR] LogOutputStream:75 - [STDERR_REDIRECT] Aug 28, 2026 9:59:33 PM java.util.prefs.FileSystemPreferences checkLockFile0ErrorCode
2026-08-28 21:59:33,613 [ERROR] LogOutputStream:75 - [STDERR_REDIRECT] WARNING: Could not lock System prefs. Unix error code 5.
2026-08-28 21:59:33,614 [ERROR] LogOutputStream:75 - [STDERR_REDIRECT] 
2026-08-28 21:59:33,614 [ERROR] LogOutputStream:75 - [STDERR_REDIRECT] Aug 28, 2026 9:59:33 PM java.util.prefs.FileSystemPreferences syncWorld
2026-08-28 21:59:33,614 [ERROR] LogOutputStream:75 - [STDERR_REDIRECT] WARNING: Couldn't flush system prefs: java.util.prefs.BackingStoreException: Couldn't get file lock.
2026-08-28 21:59:33,614 [ERROR] LogOutputStream:75 - [STDERR_REDIRECT] 
2026-08-28 22:00:03,612 [ERROR] LogOutputStream:75 - [STDERR_REDIRECT] Aug 28, 2026 10:00:03 PM java.util.prefs.FileSystemPreferences checkLockFile0ErrorCode
2026-08-28 22:00:03,612 [ERROR] LogOutputStream:75 - [STDERR_REDIRECT] WARNING: Could not lock System prefs. Unix error code 5.
2026-08-28 22:00:03,612 [ERROR] LogOutputStream:75 - [STDERR_REDIRECT] 
2026-08-28 22:00:03,612 [ERROR] LogOutputStream:75 - [STDERR_REDIRECT] Aug 28, 2026 10:00:03 PM java.util.prefs.FileSystemPreferences syncWorld
2026-08-28 22:00:03,612 [ERROR] LogOutputStream:75 - [STDERR_REDIRECT] WARNING: Couldn't flush system prefs: java.util.prefs.BackingStoreException: Couldn't get file lock.
2026-08-28 22:00:03,612 [ERROR] LogOutputStream:75 - [STDERR_REDIRECT] 
2026-08-28 22:00:33,611 [ERROR] LogOutputStream:75 - [STDERR_REDIRECT] Aug 28, 2026 10:00:33 PM java.util.prefs.FileSystemPreferences checkLockFile0ErrorCode
2026-08-28 22:00:33,611 [ERROR] LogOutputStream:75 - [STDERR_REDIRECT] WARNING: Could not lock System prefs. Unix error code 5.
2026-08-28 22:00:33,611 [ERROR] LogOutputStream:75 - [STDERR_REDIRECT] 
2026-08-28 22:00:33,612 [ERROR] LogOutputStream:75 - [STDERR_REDIRECT] Aug 28, 2026 10:00:33 PM java.util.prefs.FileSystemPreferences syncWorld
2026-08-28 22:00:33,612 [ERROR] LogOutputStream:75 - [STDERR_REDIRECT] WARNING: Couldn't flush system prefs: java.util.prefs.BackingStoreException: Couldn't get file lock.
2026-08-28 22:00:33,612 [ERROR] LogOutputStream:75 - [STDERR_REDIRECT] 
2026-08-28 22:01:03,613 [ERROR] LogOutputStream:75 - [STDERR_REDIRECT] Aug 28, 2026 10:01:03 PM java.util.prefs.FileSystemPreferences checkLockFile0ErrorCode
2026-08-28 22:01:03,613 [ERROR] LogOutputStream:75 - [STDERR_REDIRECT] WARNING: Could not lock System prefs. Unix error code 5.
2026-08-28 22:01:03,613 [ERROR] LogOutputStream:75 - [STDERR_REDIRECT] 
2026-08-28 22:01:03,614 [ERROR] LogOutputStream:75 - [STDERR_REDIRECT] Aug 28, 2026 10:01:03 PM java.util.prefs.FileSystemPreferences syncWorld
2026-08-28 22:01:03,614 [ERROR] LogOutputStream:75 - [STDERR_REDIRECT] WARNING: Couldn't flush system prefs: java.util.prefs.BackingStoreException: Couldn't get file lock.
2026-08-28 22:01:03,614 [ERROR] LogOutputStream:75 - [STDERR_REDIRECT] 
2026-08-28 22:01:33,612 [ERROR] LogOutputStream:75 - [STDERR_REDIRECT] Aug 28, 2026 10:01:33 PM java.util.prefs.FileSystemPreferences checkLockFile0ErrorCode
2026-08-28 22:01:33,612 [ERROR] LogOutputStream:75 - [STDERR_REDIRECT] WARNING: Could not lock System prefs. Unix error code 5.
2026-08-28 22:01:33,612 [ERROR] LogOutputStream:75 - [STDERR_REDIRECT] 
2026-08-28 22:01:33,612 [ERROR] LogOutputStream:75 - [STDERR_REDIRECT] Aug 28, 2026 10:01:33 PM java.util.prefs.FileSystemPreferences syncWorld
2026-08-28 22:01:33,612 [ERROR] LogOutputStream:75 - [STDERR_REDIRECT] WARNING: Couldn't flush system prefs: java.util.prefs.BackingStoreException: Couldn't get file lock.
2026-08-28 22:01:33,612 [ERROR] LogOutputStream:75 - [STDERR_REDIRECT] 
2026-08-28 22:02:03,613 [ERROR] LogOutputStream:75 - [STDERR_REDIRECT] Aug 28, 2026 10:02:03 PM java.util.prefs.FileSystemPreferences checkLockFile0ErrorCode
2026-08-28 22:02:03,613 [ERROR] LogOutputStream:75 - [STDERR_REDIRECT] WARNING: Could not lock System prefs. Unix error code 5.
2026-08-28 22:02:03,613 [ERROR] LogOutputStream:75 - [STDERR_REDIRECT] 
2026-08-28 22:02:03,613 [ERROR] LogOutputStream:75 - [STDERR_REDIRECT] Aug 28, 2026 10:02:03 PM java.util.prefs.FileSystemPreferences syncWorld
2026-08-28 22:02:03,613 [ERROR] LogOutputStream:75 - [STDERR_REDIRECT] WARNING: Couldn't flush system prefs: java.util.prefs.BackingStoreException: Couldn't get file lock.
2026-08-28 22:02:03,613 [ERROR] LogOutputStream:75 - [STDERR_REDIRECT] 
2026-08-28 22:02:33,614 [ERROR] LogOutputStream:75 - [STDERR_REDIRECT] Aug 28, 2026 10:02:33 PM java.util.prefs.FileSystemPreferences checkLockFile0ErrorCode
2026-08-28 22:02:33,615 [ERROR] LogOutputStream:75 - [STDERR_REDIRECT] WARNING: Could not lock System prefs. Unix error code 5.
2026-08-28 22:02:33,615 [ERROR] LogOutputStream:75 - [STDERR_REDIRECT] 
2026-08-28 22:02:33,615 [ERROR] LogOutputStream:75 - [STDERR_REDIRECT] Aug 28, 2026 10:02:33 PM java.util.prefs.FileSystemPreferences syncWorld
2026-08-28 22:02:33,616 [ERROR] LogOutputStream:75 - [STDERR_REDIRECT] WARNING: Couldn't flush system prefs: java.util.prefs.BackingStoreException: Couldn't get file lock.
2026-08-28 22:02:33,616 [ERROR] LogOutputStream:75 - [STDERR_REDIRECT] 
2026-08-28 22:03:03,613 [ERROR] LogOutputStream:75 - [STDERR_REDIRECT] Aug 28, 2026 10:03:03 PM java.util.prefs.FileSystemPreferences checkLockFile0ErrorCode
2026-08-28 22:03:03,613 [ERROR] LogOutputStream:75 - [STDERR_REDIRECT] WARNING: Could not lock System prefs. Unix error code 5.
2026-08-28 22:03:03,613 [ERROR] LogOutputStream:75 - [STDERR_REDIRECT] 
2026-08-28 22:03:03,614 [ERROR] LogOutputStream:75 - [STDERR_REDIRECT] Aug 28, 2026 10:03:03 PM java.util.prefs.FileSystemPreferences syncWorld
2026-08-28 22:03:03,614 [ERROR] LogOutputStream:75 - [STDERR_REDIRECT] WARNING: Couldn't flush system prefs: java.util.prefs.BackingStoreException: Couldn't get file lock.
2026-08-28 22:03:03,614 [ERROR] LogOutputStream:75 - [STDERR_REDIRECT] 
2026-08-28 22:03:33,612 [ERROR] LogOutputStream:75 - [STDERR_REDIRECT] Aug 28, 2026 10:03:33 PM java.util.prefs.FileSystemPreferences checkLockFile0ErrorCode
2026-08-28 22:03:33,612 [ERROR] LogOutputStream:75 - [STDERR_REDIRECT] WARNING: Could not lock System prefs. Unix error code 5.
2026-08-28 22:03:33,612 [ERROR] LogOutputStream:75 - [STDERR_REDIRECT] 
2026-08-28 22:03:33,612 [ERROR] LogOutputStream:75 - [STDERR_REDIRECT] Aug 28, 2026 10:03:33 PM java.util.prefs.FileSystemPreferences syncWorld
2026-08-28 22:03:33,612 [ERROR] LogOutputStream:75 - [STDERR_REDIRECT] WARNING: Couldn't flush system prefs: java.util.prefs.BackingStoreException: Couldn't get file lock.
2026-08-28 22:03:33,612 [ERROR] LogOutputStream:75 - [STDERR_REDIRECT] 
2026-08-28 22:04:03,612 [ERROR] LogOutputStream:75 - [STDERR_REDIRECT] Aug 28, 2026 10:04:03 PM java.util.prefs.FileSystemPreferences checkLockFile0ErrorCode
2026-08-28 22:04:03,612 [ERROR] LogOutputStream:75 - [STDERR_REDIRECT] WARNING: Could not lock System prefs. Unix error code 5.
2026-08-28 22:04:03,612 [ERROR] LogOutputStream:75 - [STDERR_REDIRECT] 
2026-08-28 22:04:03,612 [ERROR] LogOutputStream:75 - [STDERR_REDIRECT] Aug 28, 2026 10:04:03 PM java.util.prefs.FileSystemPreferences syncWorld
2026-08-28 22:04:03,613 [ERROR] LogOutputStream:75 - [STDERR_REDIRECT] WARNING: Couldn't flush system prefs: java.util.prefs.BackingStoreException: Couldn't get file lock.
2026-08-28 22:04:03,613 [ERROR] LogOutputStream:75 - [STDERR_REDIRECT] 
2026-08-28 22:04:33,611 [ERROR] LogOutputStream:75 - [STDERR_REDIRECT] Aug 28, 2026 10:04:33 PM java.util.prefs.FileSystemPreferences checkLockFile0ErrorCode
2026-08-28 22:04:33,611 [ERROR] LogOutputStream:75 - [STDERR_REDIRECT] WARNING: Could not lock System prefs. Unix error code 5.
2026-08-28 22:04:33,612 [ERROR] LogOutputStream:75 - [STDERR_REDIRECT] 
2026-08-28 22:04:33,613 [ERROR] LogOutputStream:75 - [STDERR_REDIRECT] Aug 28, 2026 10:04:33 PM java.util.prefs.FileSystemPreferences syncWorld
2026-08-28 22:04:33,613 [ERROR] LogOutputStream:75 - [STDERR_REDIRECT] WARNING: Couldn't flush system prefs: java.util.prefs.BackingStoreException: Couldn't get file lock.
2026-08-28 22:04:33,613 [ERROR] LogOutputStream:75 - [STDERR_REDIRECT] 
2026-08-28 22:05:03,614 [ERROR] LogOutputStream:75 - [STDERR_REDIRECT] Aug 28, 2026 10:05:03 PM java.util.prefs.FileSystemPreferences checkLockFile0ErrorCode
2026-08-28 22:05:03,614 [ERROR] LogOutputStream:75 - [STDERR_REDIRECT] WARNING: Could not lock System prefs. Unix error code 5.
2026-08-28 22:05:03,614 [ERROR] LogOutputStream:75 - [STDERR_REDIRECT] 
2026-08-28 22:05:03,614 [ERROR] LogOutputStream:75 - [STDERR_REDIRECT] Aug 28, 2026 10:05:03 PM java.util.prefs.FileSystemPreferences syncWorld
2026-08-28 22:05:03,614 [ERROR] LogOutputStream:75 - [STDERR_REDIRECT] WARNING: Couldn't flush system prefs: java.util.prefs.BackingStoreException: Couldn't get file lock.
2026-08-28 22:05:03,614 [ERROR] LogOutputStream:75 - [STDERR_REDIRECT] 
2026-08-28 22:05:33,613 [ERROR] LogOutputStream:75 - [STDERR_REDIRECT] Aug 28, 2026 10:05:33 PM java.util.prefs.FileSystemPreferences checkLockFile0ErrorCode
2026-08-28 22:05:33,613 [ERROR] LogOutputStream:75 - [STDERR_REDIRECT] WARNING: Could not lock System prefs. Unix error code 5.
2026-08-28 22:05:33,613 [ERROR] LogOutputStream:75 - [STDERR_REDIRECT] 
2026-08-28 22:05:33,614 [ERROR] LogOutputStream:75 - [STDERR_REDIRECT] Aug 28, 2026 10:05:33 PM java.util.prefs.FileSystemPreferences syncWorld
2026-08-28 22:05:33,614 [ERROR] LogOutputStream:75 - [STDERR_REDIRECT] WARNING: Couldn't flush system prefs: java.util.prefs.BackingStoreException: Couldn't get file lock.
2026-08-28 22:05:33,614 [ERROR] LogOutputStream:75 - [STDERR_REDIRECT] 
2026-08-28 22:06:03,614 [ERROR] LogOutputStream:75 - [STDERR_REDIRECT] Aug 28, 2026 10:06:03 PM java.util.prefs.FileSystemPreferences checkLockFile0ErrorCode
2026-08-28 22:06:03,614 [ERROR] LogOutputStream:75 - [STDERR_REDIRECT] WARNING: Could not lock System prefs. Unix error code 5.
2026-08-28 22:06:03,614 [ERROR] LogOutputStream:75 - [STDERR_REDIRECT] 
2026-08-28 22:06:03,614 [ERROR] LogOutputStream:75 - [STDERR_REDIRECT] Aug 28, 2026 10:06:03 PM java.util.prefs.FileSystemPreferences syncWorld
2026-08-28 22:06:03,614 [ERROR] LogOutputStream:75 - [STDERR_REDIRECT] WARNING: Couldn't flush system prefs: java.util.prefs.BackingStoreException: Couldn't get file lock.
2026-08-28 22:06:03,614 [ERROR] LogOutputStream:75 - [STDERR_REDIRECT] 
2026-08-28 22:06:33,616 [ERROR] LogOutputStream:75 - [STDERR_REDIRECT] Aug 28, 2026 10:06:33 PM java.util.prefs.FileSystemPreferences checkLockFile0ErrorCode
2026-08-28 22:06:33,616 [ERROR] LogOutputStream:75 - [STDERR_REDIRECT] WARNING: Could not lock System prefs. Unix error code 5.
2026-08-28 22:06:33,616 [ERROR] LogOutputStream:75 - [STDERR_REDIRECT] 
2026-08-28 22:06:33,617 [ERROR] LogOutputStream:75 - [STDERR_REDIRECT] Aug 28, 2026 10:06:33 PM java.util.prefs.FileSystemPreferences syncWorld
2026-08-28 22:06:33,617 [ERROR] LogOutputStream:75 - [STDERR_REDIRECT] WARNING: Couldn't flush system prefs: java.util.prefs.BackingStoreException: Couldn't get file lock.
2026-08-28 22:06:33,617 [ERROR] LogOutputStream:75 - [STDERR_REDIRECT] 
2026-08-28 22:07:03,616 [ERROR] LogOutputStream:75 - [STDERR_REDIRECT] Aug 28, 2026 10:07:03 PM java.util.prefs.FileSystemPreferences checkLockFile0ErrorCode
2026-08-28 22:07:03,617 [ERROR] LogOutputStream:75 - [STDERR_REDIRECT] WARNING: Could not lock System prefs. Unix error code 5.
2026-08-28 22:07:03,617 [ERROR] LogOutputStream:75 - [STDERR_REDIRECT] 
2026-08-28 22:07:03,618 [ERROR] LogOutputStream:75 - [STDERR_REDIRECT] Aug 28, 2026 10:07:03 PM java.util.prefs.FileSystemPreferences syncWorld
2026-08-28 22:07:03,618 [ERROR] LogOutputStream:75 - [STDERR_REDIRECT] WARNING: Couldn't flush system prefs: java.util.prefs.BackingStoreException: Couldn't get file lock.
2026-08-28 22:07:03,618 [ERROR] LogOutputStream:75 - [STDERR_REDIRECT] 
2026-08-28 22:07:33,614 [ERROR] LogOutputStream:75 - [STDERR_REDIRECT] Aug 28, 2026 10:07:33 PM java.util.prefs.FileSystemPreferences checkLockFile0ErrorCode
2026-08-28 22:07:33,614 [ERROR] LogOutputStream:75 - [STDERR_REDIRECT] WARNING: Could not lock System prefs. Unix error code 5.
2026-08-28 22:07:33,614 [ERROR] LogOutputStream:75 - [STDERR_REDIRECT] 
2026-08-28 22:07:33,615 [ERROR] LogOutputStream:75 - [STDERR_REDIRECT] Aug 28, 2026 10:07:33 PM java.util.prefs.FileSystemPreferences syncWorld
2026-08-28 22:07:33,615 [ERROR] LogOutputStream:75 - [STDERR_REDIRECT] WARNING: Couldn't flush system prefs: java.util.prefs.BackingStoreException: Couldn't get file lock.
2026-08-28 22:07:33,615 [ERROR] LogOutputStream:75 - [STDERR_REDIRECT] 
2026-08-28 22:08:03,614 [ERROR] LogOutputStream:75 - [STDERR_REDIRECT] Aug 28, 2026 10:08:03 PM java.util.prefs.FileSystemPreferences checkLockFile0ErrorCode
2026-08-28 22:08:03,614 [ERROR] LogOutputStream:75 - [STDERR_REDIRECT] WARNING: Could not lock System prefs. Unix error code 5.
2026-08-28 22:08:03,614 [ERROR] LogOutputStream:75 - [STDERR_REDIRECT] 
2026-08-28 22:08:03,614 [ERROR] LogOutputStream:75 - [STDERR_REDIRECT] Aug 28, 2026 10:08:03 PM java.util.prefs.FileSystemPreferences syncWorld
2026-08-28 22:08:03,614 [ERROR] LogOutputStream:75 - [STDERR_REDIRECT] WARNING: Couldn't flush system prefs: java.util.prefs.BackingStoreException: Couldn't get file lock.
2026-08-28 22:08:03,614 [ERROR] LogOutputStream:75 - [STDERR_REDIRECT] 
2026-08-28 22:08:33,615 [ERROR] LogOutputStream:75 - [STDERR_REDIRECT] Aug 28, 2026 10:08:33 PM java.util.prefs.FileSystemPreferences checkLockFile0ErrorCode
2026-08-28 22:08:33,616 [ERROR] LogOutputStream:75 - [STDERR_REDIRECT] WARNING: Could not lock System prefs. Unix error code 5.
2026-08-28 22:08:33,616 [ERROR] LogOutputStream:75 - [STDERR_REDIRECT] 
2026-08-28 22:08:33,617 [ERROR] LogOutputStream:75 - [STDERR_REDIRECT] Aug 28, 2026 10:08:33 PM java.util.prefs.FileSystemPreferences syncWorld
2026-08-28 22:08:33,617 [ERROR] LogOutputStream:75 - [STDERR_REDIRECT] WARNING: Couldn't flush system prefs: java.util.prefs.BackingStoreException: Couldn't get file lock.
2026-08-28 22:08:33,617 [ERROR] LogOutputStream:75 - [STDERR_REDIRECT] 
2026-08-28 22:09:03,615 [ERROR] LogOutputStream:75 - [STDERR_REDIRECT] Aug 28, 2026 10:09:03 PM java.util.prefs.FileSystemPreferences checkLockFile0ErrorCode
2026-08-28 22:09:03,615 [ERROR] LogOutputStream:75 - [STDERR_REDIRECT] WARNING: Could not lock System prefs. Unix error code 5.
2026-08-28 22:09:03,615 [ERROR] LogOutputStream:75 - [STDERR_REDIRECT] 
2026-08-28 22:09:03,615 [ERROR] LogOutputStream:75 - [STDERR_REDIRECT] Aug 28, 2026 10:09:03 PM java.util.prefs.FileSystemPreferences syncWorld
2026-08-28 22:09:03,615 [ERROR] LogOutputStream:75 - [STDERR_REDIRECT] WARNING: Couldn't flush system prefs: java.util.prefs.BackingStoreException: Couldn't get file lock.
2026-08-28 22:09:03,615 [ERROR] LogOutputStream:75 - [STDERR_REDIRECT] 
2026-08-28 22:09:33,615 [ERROR] LogOutputStream:75 - [STDERR_REDIRECT] Aug 28, 2026 10:09:33 PM java.util.prefs.FileSystemPreferences checkLockFile0ErrorCode
2026-08-28 22:09:33,615 [ERROR] LogOutputStream:75 - [STDERR_REDIRECT] WARNING: Could not lock System prefs. Unix error code 5.
2026-08-28 22:09:33,615 [ERROR] LogOutputStream:75 - [STDERR_REDIRECT] 
2026-08-28 22:09:33,616 [ERROR] LogOutputStream:75 - [STDERR_REDIRECT] Aug 28, 2026 10:09:33 PM java.util.prefs.FileSystemPreferences syncWorld
2026-08-28 22:09:33,616 [ERROR] LogOutputStream:75 - [STDERR_REDIRECT] WARNING: Couldn't flush system prefs: java.util.prefs.BackingStoreException: Couldn't get file lock.
2026-08-28 22:09:33,616 [ERROR] LogOutputStream:75 - [STDERR_REDIRECT] 
2026-08-28 22:10:03,614 [ERROR] LogOutputStream:75 - [STDERR_REDIRECT] Aug 28, 2026 10:10:03 PM java.util.prefs.FileSystemPreferences checkLockFile0ErrorCode
2026-08-28 22:10:03,615 [ERROR] LogOutputStream:75 - [STDERR_REDIRECT] WARNING: Could not lock System prefs. Unix error code 5.
2026-08-28 22:10:03,615 [ERROR] LogOutputStream:75 - [STDERR_REDIRECT] 
2026-08-28 22:10:03,615 [ERROR] LogOutputStream:75 - [STDERR_REDIRECT] Aug 28, 2026 10:10:03 PM java.util.prefs.FileSystemPreferences syncWorld
2026-08-28 22:10:03,615 [ERROR] LogOutputStream:75 - [STDERR_REDIRECT] WARNING: Couldn't flush system prefs: java.util.prefs.BackingStoreException: Couldn't get file lock.
2026-08-28 22:10:03,615 [ERROR] LogOutputStream:75 - [STDERR_REDIRECT] 
2026-08-28 22:10:33,615 [ERROR] LogOutputStream:75 - [STDERR_REDIRECT] Aug 28, 2026 10:10:33 PM java.util.prefs.FileSystemPreferences checkLockFile0ErrorCode
2026-08-28 22:10:33,615 [ERROR] LogOutputStream:75 - [STDERR_REDIRECT] WARNING: Could not lock System prefs. Unix error code 5.
2026-08-28 22:10:33,615 [ERROR] LogOutputStream:75 - [STDERR_REDIRECT] 
2026-08-28 22:10:33,615 [ERROR] LogOutputStream:75 - [STDERR_REDIRECT] Aug 28, 2026 10:10:33 PM java.util.prefs.FileSystemPreferences syncWorld
2026-08-28 22:10:33,615 [ERROR] LogOutputStream:75 - [STDERR_REDIRECT] WARNING: Couldn't flush system prefs: java.util.prefs.BackingStoreException: Couldn't get file lock.
2026-08-28 22:10:33,615 [ERROR] LogOutputStream:75 - [STDERR_REDIRECT] 
2026-08-28 22:11:03,616 [ERROR] LogOutputStream:75 - [STDERR_REDIRECT] Aug 28, 2026 10:11:03 PM java.util.prefs.FileSystemPreferences checkLockFile0ErrorCode
2026-08-28 22:11:03,616 [ERROR] LogOutputStream:75 - [STDERR_REDIRECT] WARNING: Could not lock System prefs. Unix error code 5.
2026-08-28 22:11:03,616 [ERROR] LogOutputStream:75 - [STDERR_REDIRECT] 
2026-08-28 22:11:03,616 [ERROR] LogOutputStream:75 - [STDERR_REDIRECT] Aug 28, 2026 10:11:03 PM java.util.prefs.FileSystemPreferences syncWorld
2026-08-28 22:11:03,616 [ERROR] LogOutputStream:75 - [STDERR_REDIRECT] WARNING: Couldn't flush system prefs: java.util.prefs.BackingStoreException: Couldn't get file lock.
2026-08-28 22:11:03,616 [ERROR] LogOutputStream:75 - [STDERR_REDIRECT] 
2026-08-28 22:11:33,616 [ERROR] LogOutputStream:75 - [STDERR_REDIRECT] Aug 28, 2026 10:11:33 PM java.util.prefs.FileSystemPreferences checkLockFile0ErrorCode
2026-08-28 22:11:33,616 [ERROR] LogOutputStream:75 - [STDERR_REDIRECT] WARNING: Could not lock System prefs. Unix error code 5.
2026-08-28 22:11:33,616 [ERROR] LogOutputStream:75 - [STDERR_REDIRECT] 
2026-08-28 22:11:33,616 [ERROR] LogOutputStream:75 - [STDERR_REDIRECT] Aug 28, 2026 10:11:33 PM java.util.prefs.FileSystemPreferences syncWorld
2026-08-28 22:11:33,617 [ERROR] LogOutputStream:75 - [STDERR_REDIRECT] WARNING: Couldn't flush system prefs: java.util.prefs.BackingStoreException: Couldn't get file lock.
2026-08-28 22:11:33,617 [ERROR] LogOutputStream:75 - [STDERR_REDIRECT] 
2026-08-28 22:12:03,615 [ERROR] LogOutputStream:75 - [STDERR_REDIRECT] Aug 28, 2026 10:12:03 PM java.util.prefs.FileSystemPreferences checkLockFile0ErrorCode
2026-08-28 22:12:03,616 [ERROR] LogOutputStream:75 - [STDERR_REDIRECT] WARNING: Could not lock System prefs. Unix error code 5.
2026-08-28 22:12:03,616 [ERROR] LogOutputStream:75 - [STDERR_REDIRECT] 
2026-08-28 22:12:03,616 [ERROR] LogOutputStream:75 - [STDERR_REDIRECT] Aug 28, 2026 10:12:03 PM java.util.prefs.FileSystemPreferences syncWorld
2026-08-28 22:12:03,616 [ERROR] LogOutputStream:75 - [STDERR_REDIRECT] WARNING: Couldn't flush system prefs: java.util.prefs.BackingStoreException: Couldn't get file lock.
2026-08-28 22:12:03,616 [ERROR] LogOutputStream:75 - [STDERR_REDIRECT] 
2026-08-28 22:12:33,616 [ERROR] LogOutputStream:75 - [STDERR_REDIRECT] Aug 28, 2026 10:12:33 PM java.util.prefs.FileSystemPreferences checkLockFile0ErrorCode
2026-08-28 22:12:33,616 [ERROR] LogOutputStream:75 - [STDERR_REDIRECT] WARNING: Could not lock System prefs. Unix error code 5.
2026-08-28 22:12:33,616 [ERROR] LogOutputStream:75 - [STDERR_REDIRECT] 
2026-08-28 22:12:33,617 [ERROR] LogOutputStream:75 - [STDERR_REDIRECT] Aug 28, 2026 10:12:33 PM java.util.prefs.FileSystemPreferences syncWorld
2026-08-28 22:12:33,617 [ERROR] LogOutputStream:75 - [STDERR_REDIRECT] WARNING: Couldn't flush system prefs: java.util.prefs.BackingStoreException: Couldn't get file lock.
2026-08-28 22:12:33,617 [ERROR] LogOutputStream:75 - [STDERR_REDIRECT] 
2026-08-28 22:13:03,616 [ERROR] LogOutputStream:75 - [STDERR_REDIRECT] Aug 28, 2026 10:13:03 PM java.util.prefs.FileSystemPreferences checkLockFile0ErrorCode
2026-08-28 22:13:03,616 [ERROR] LogOutputStream:75 - [STDERR_REDIRECT] WARNING: Could not lock System prefs. Unix error code 5.
2026-08-28 22:13:03,616 [ERROR] LogOutputStream:75 - [STDERR_REDIRECT] 
2026-08-28 22:13:03,616 [ERROR] LogOutputStream:75 - [STDERR_REDIRECT] Aug 28, 2026 10:13:03 PM java.util.prefs.FileSystemPreferences syncWorld
2026-08-28 22:13:03,616 [ERROR] LogOutputStream:75 - [STDERR_REDIRECT] WARNING: Couldn't flush system prefs: java.util.prefs.BackingStoreException: Couldn't get file lock.
2026-08-28 22:13:03,616 [ERROR] LogOutputStream:75 - [STDERR_REDIRECT] 
2026-08-28 22:13:33,616 [ERROR] LogOutputStream:75 - [STDERR_REDIRECT] Aug 28, 2026 10:13:33 PM java.util.prefs.FileSystemPreferences checkLockFile0ErrorCode
2026-08-28 22:13:33,616 [ERROR] LogOutputStream:75 - [STDERR_REDIRECT] WARNING: Could not lock System prefs. Unix error code 5.
2026-08-28 22:13:33,616 [ERROR] LogOutputStream:75 - [STDERR_REDIRECT] 
2026-08-28 22:13:33,616 [ERROR] LogOutputStream:75 - [STDERR_REDIRECT] Aug 28, 2026 10:13:33 PM java.util.prefs.FileSystemPreferences syncWorld
2026-08-28 22:13:33,617 [ERROR] LogOutputStream:75 - [STDERR_REDIRECT] WARNING: Couldn't flush system prefs: java.util.prefs.BackingStoreException: Couldn't get file lock.
2026-08-28 22:13:33,617 [ERROR] LogOutputStream:75 - [STDERR_REDIRECT] 
2026-08-28 22:14:03,615 [ERROR] LogOutputStream:75 - [STDERR_REDIRECT] Aug 28, 2026 10:14:03 PM java.util.prefs.FileSystemPreferences checkLockFile0ErrorCode
2026-08-28 22:14:03,615 [ERROR] LogOutputStream:75 - [STDERR_REDIRECT] WARNING: Could not lock System prefs. Unix error code 5.
2026-08-28 22:14:03,616 [ERROR] LogOutputStream:75 - [STDERR_REDIRECT] 
2026-08-28 22:14:03,616 [ERROR] LogOutputStream:75 - [STDERR_REDIRECT] Aug 28, 2026 10:14:03 PM java.util.prefs.FileSystemPreferences syncWorld
2026-08-28 22:14:03,616 [ERROR] LogOutputStream:75 - [STDERR_REDIRECT] WARNING: Couldn't flush system prefs: java.util.prefs.BackingStoreException: Couldn't get file lock.
2026-08-28 22:14:03,616 [ERROR] LogOutputStream:75 - [STDERR_REDIRECT] 
2026-08-28 22:14:33,616 [ERROR] LogOutputStream:75 - [STDERR_REDIRECT] Aug 28, 2026 10:14:33 PM java.util.prefs.FileSystemPreferences checkLockFile0ErrorCode
2026-08-28 22:14:33,616 [ERROR] LogOutputStream:75 - [STDERR_REDIRECT] WARNING: Could not lock System prefs. Unix error code 5.
2026-08-28 22:14:33,616 [ERROR] LogOutputStream:75 - [STDERR_REDIRECT] 
2026-08-28 22:14:33,616 [ERROR] LogOutputStream:75 - [STDERR_REDIRECT] Aug 28, 2026 10:14:33 PM java.util.prefs.FileSystemPreferences syncWorld
2026-08-28 22:14:33,616 [ERROR] LogOutputStream:75 - [STDERR_REDIRECT] WARNING: Couldn't flush system prefs: java.util.prefs.BackingStoreException: Couldn't get file lock.
2026-08-28 22:14:33,616 [ERROR] LogOutputStream:75 - [STDERR_REDIRECT] 
2026-08-28 22:15:03,615 [ERROR] LogOutputStream:75 - [STDERR_REDIRECT] Aug 28, 2026 10:15:03 PM java.util.prefs.FileSystemPreferences checkLockFile0ErrorCode
2026-08-28 22:15:03,615 [ERROR] LogOutputStream:75 - [STDERR_REDIRECT] WARNING: Could not lock System prefs. Unix error code 5.
2026-08-28 22:15:03,615 [ERROR] LogOutputStream:75 - [STDERR_REDIRECT] 
2026-08-28 22:15:03,616 [ERROR] LogOutputStream:75 - [STDERR_REDIRECT] Aug 28, 2026 10:15:03 PM java.util.prefs.FileSystemPreferences syncWorld
2026-08-28 22:15:03,616 [ERROR] LogOutputStream:75 - [STDERR_REDIRECT] WARNING: Couldn't flush system prefs: java.util.prefs.BackingStoreException: Couldn't get file lock.
2026-08-28 22:15:03,616 [ERROR] LogOutputStream:75 - [STDERR_REDIRECT] 
2026-08-28 22:15:33,616 [ERROR] LogOutputStream:75 - [STDERR_REDIRECT] Aug 28, 2026 10:15:33 PM java.util.prefs.FileSystemPreferences checkLockFile0ErrorCode
2026-08-28 22:15:33,616 [ERROR] LogOutputStream:75 - [STDERR_REDIRECT] WARNING: Could not lock System prefs. Unix error code 5.
2026-08-28 22:15:33,616 [ERROR] LogOutputStream:75 - [STDERR_REDIRECT] 
2026-08-28 22:15:33,616 [ERROR] LogOutputStream:75 - [STDERR_REDIRECT] Aug 28, 2026 10:15:33 PM java.util.prefs.FileSystemPreferences syncWorld
2026-08-28 22:15:33,616 [ERROR] LogOutputStream:75 - [STDERR_REDIRECT] WARNING: Couldn't flush system prefs: java.util.prefs.BackingStoreException: Couldn't get file lock.
2026-08-28 22:15:33,616 [ERROR] LogOutputStream:75 - [STDERR_REDIRECT] 
2026-08-28 22:16:03,617 [ERROR] LogOutputStream:75 - [STDERR_REDIRECT] Aug 28, 2026 10:16:03 PM java.util.prefs.FileSystemPreferences checkLockFile0ErrorCode
2026-08-28 22:16:03,617 [ERROR] LogOutputStream:75 - [STDERR_REDIRECT] WARNING: Could not lock System prefs. Unix error code 5.
2026-08-28 22:16:03,617 [ERROR] LogOutputStream:75 - [STDERR_REDIRECT] 
2026-08-28 22:16:03,617 [ERROR] LogOutputStream:75 - [STDERR_REDIRECT] Aug 28, 2026 10:16:03 PM java.util.prefs.FileSystemPreferences syncWorld
2026-08-28 22:16:03,618 [ERROR] LogOutputStream:75 - [STDERR_REDIRECT] WARNING: Couldn't flush system prefs: java.util.prefs.BackingStoreException: Couldn't get file lock.
2026-08-28 22:16:03,618 [ERROR] LogOutputStream:75 - [STDERR_REDIRECT] 
2026-08-28 22:16:33,615 [ERROR] LogOutputStream:75 - [STDERR_REDIRECT] Aug 28, 2026 10:16:33 PM java.util.prefs.FileSystemPreferences checkLockFile0ErrorCode
2026-08-28 22:16:33,615 [ERROR] LogOutputStream:75 - [STDERR_REDIRECT] WARNING: Could not lock System prefs. Unix error code 5.
2026-08-28 22:16:33,616 [ERROR] LogOutputStream:75 - [STDERR_REDIRECT] 
2026-08-28 22:16:33,616 [ERROR] LogOutputStream:75 - [STDERR_REDIRECT] Aug 28, 2026 10:16:33 PM java.util.prefs.FileSystemPreferences syncWorld
2026-08-28 22:16:33,616 [ERROR] LogOutputStream:75 - [STDERR_REDIRECT] WARNING: Couldn't flush system prefs: java.util.prefs.BackingStoreException: Couldn't get file lock.
2026-08-28 22:16:33,616 [ERROR] LogOutputStream:75 - [STDERR_REDIRECT] 
2026-08-28 22:17:03,616 [ERROR] LogOutputStream:75 - [STDERR_REDIRECT] Aug 28, 2026 10:17:03 PM java.util.prefs.FileSystemPreferences checkLockFile0ErrorCode
2026-08-28 22:17:03,616 [ERROR] LogOutputStream:75 - [STDERR_REDIRECT] WARNING: Could not lock System prefs. Unix error code 5.
2026-08-28 22:17:03,616 [ERROR] LogOutputStream:75 - [STDERR_REDIRECT] 
2026-08-28 22:17:03,616 [ERROR] LogOutputStream:75 - [STDERR_REDIRECT] Aug 28, 2026 10:17:03 PM java.util.prefs.FileSystemPreferences syncWorld
2026-08-28 22:17:03,616 [ERROR] LogOutputStream:75 - [STDERR_REDIRECT] WARNING: Couldn't flush system prefs: java.util.prefs.BackingStoreException: Couldn't get file lock.
2026-08-28 22:17:03,616 [ERROR] LogOutputStream:75 - [STDERR_REDIRECT] 
2026-08-28 22:17:33,616 [ERROR] LogOutputStream:75 - [STDERR_REDIRECT] Aug 28, 2026 10:17:33 PM java.util.prefs.FileSystemPreferences checkLockFile0ErrorCode
2026-08-28 22:17:33,616 [ERROR] LogOutputStream:75 - [STDERR_REDIRECT] WARNING: Could not lock System prefs. Unix error code 5.
2026-08-28 22:17:33,616 [ERROR] LogOutputStream:75 - [STDERR_REDIRECT] 
2026-08-28 22:17:33,616 [ERROR] LogOutputStream:75 - [STDERR_REDIRECT] Aug 28, 2026 10:17:33 PM java.util.prefs.FileSystemPreferences syncWorld
2026-08-28 22:17:33,616 [ERROR] LogOutputStream:75 - [STDERR_REDIRECT] WARNING: Couldn't flush system prefs: java.util.prefs.BackingStoreException: Couldn't get file lock.
2026-08-28 22:17:33,616 [ERROR] LogOutputStream:75 - [STDERR_REDIRECT] 
2026-08-28 22:18:03,616 [ERROR] LogOutputStream:75 - [STDERR_REDIRECT] Aug 28, 2026 10:18:03 PM java.util.prefs.FileSystemPreferences checkLockFile0ErrorCode
2026-08-28 22:18:03,616 [ERROR] LogOutputStream:75 - [STDERR_REDIRECT] WARNING: Could not lock System prefs. Unix error code 5.
2026-08-28 22:18:03,617 [ERROR] LogOutputStream:75 - [STDERR_REDIRECT] 
2026-08-28 22:18:03,617 [ERROR] LogOutputStream:75 - [STDERR_REDIRECT] Aug 28, 2026 10:18:03 PM java.util.prefs.FileSystemPreferences syncWorld
2026-08-28 22:18:03,617 [ERROR] LogOutputStream:75 - [STDERR_REDIRECT] WARNING: Couldn't flush system prefs: java.util.prefs.BackingStoreException: Couldn't get file lock.
2026-08-28 22:18:03,617 [ERROR] LogOutputStream:75 - [STDERR_REDIRECT] 
2026-08-28 22:18:33,618 [ERROR] LogOutputStream:75 - [STDERR_REDIRECT] Aug 28, 2026 10:18:33 PM java.util.prefs.FileSystemPreferences checkLockFile0ErrorCode
2026-08-28 22:18:33,618 [ERROR] LogOutputStream:75 - [STDERR_REDIRECT] WARNING: Could not lock System prefs. Unix error code 5.
2026-08-28 22:18:33,618 [ERROR] LogOutputStream:75 - [STDERR_REDIRECT] 
2026-08-28 22:18:33,618 [ERROR] LogOutputStream:75 - [STDERR_REDIRECT] Aug 28, 2026 10:18:33 PM java.util.prefs.FileSystemPreferences syncWorld
2026-08-28 22:18:33,618 [ERROR] LogOutputStream:75 - [STDERR_REDIRECT] WARNING: Couldn't flush system prefs: java.util.prefs.BackingStoreException: Couldn't get file lock.
2026-08-28 22:18:33,619 [ERROR] LogOutputStream:75 - [STDERR_REDIRECT] 
2026-08-28 22:19:03,616 [ERROR] LogOutputStream:75 - [STDERR_REDIRECT] Aug 28, 2026 10:19:03 PM java.util.prefs.FileSystemPreferences checkLockFile0ErrorCode
2026-08-28 22:19:03,617 [ERROR] LogOutputStream:75 - [STDERR_REDIRECT] WARNING: Could not lock System prefs. Unix error code 5.
2026-08-28 22:19:03,617 [ERROR] LogOutputStream:75 - [STDERR_REDIRECT] 
2026-08-28 22:19:03,617 [ERROR] LogOutputStream:75 - [STDERR_REDIRECT] Aug 28, 2026 10:19:03 PM java.util.prefs.FileSystemPreferences syncWorld
2026-08-28 22:19:03,617 [ERROR] LogOutputStream:75 - [STDERR_REDIRECT] WARNING: Couldn't flush system prefs: java.util.prefs.BackingStoreException: Couldn't get file lock.
2026-08-28 22:19:03,617 [ERROR] LogOutputStream:75 - [STDERR_REDIRECT] 
2026-08-28 22:19:33,617 [ERROR] LogOutputStream:75 - [STDERR_REDIRECT] Aug 28, 2026 10:19:33 PM java.util.prefs.FileSystemPreferences checkLockFile0ErrorCode
2026-08-28 22:19:33,617 [ERROR] LogOutputStream:75 - [STDERR_REDIRECT] WARNING: Could not lock System prefs. Unix error code 5.
2026-08-28 22:19:33,617 [ERROR] LogOutputStream:75 - [STDERR_REDIRECT] 
2026-08-28 22:19:33,618 [ERROR] LogOutputStream:75 - [STDERR_REDIRECT] Aug 28, 2026 10:19:33 PM java.util.prefs.FileSystemPreferences syncWorld
2026-08-28 22:19:33,618 [ERROR] LogOutputStream:75 - [STDERR_REDIRECT] WARNING: Couldn't flush system prefs: java.util.prefs.BackingStoreException: Couldn't get file lock.
2026-08-28 22:19:33,618 [ERROR] LogOutputStream:75 - [STDERR_REDIRECT] 
2026-08-28 22:20:03,617 [ERROR] LogOutputStream:75 - [STDERR_REDIRECT] Aug 28, 2026 10:20:03 PM java.util.prefs.FileSystemPreferences checkLockFile0ErrorCode
2026-08-28 22:20:03,617 [ERROR] LogOutputStream:75 - [STDERR_REDIRECT] WARNING: Could not lock System prefs. Unix error code 5.
2026-08-28 22:20:03,617 [ERROR] LogOutputStream:75 - [STDERR_REDIRECT] 
2026-08-28 22:20:03,618 [ERROR] LogOutputStream:75 - [STDERR_REDIRECT] Aug 28, 2026 10:20:03 PM java.util.prefs.FileSystemPreferences syncWorld
2026-08-28 22:20:03,618 [ERROR] LogOutputStream:75 - [STDERR_REDIRECT] WARNING: Couldn't flush system prefs: java.util.prefs.BackingStoreException: Couldn't get file lock.
2026-08-28 22:20:03,618 [ERROR] LogOutputStream:75 - [STDERR_REDIRECT] 
2026-08-28 22:20:33,617 [ERROR] LogOutputStream:75 - [STDERR_REDIRECT] Aug 28, 2026 10:20:33 PM java.util.prefs.FileSystemPreferences checkLockFile0ErrorCode
2026-08-28 22:20:33,617 [ERROR] LogOutputStream:75 - [STDERR_REDIRECT] WARNING: Could not lock System prefs. Unix error code 5.
2026-08-28 22:20:33,617 [ERROR] LogOutputStream:75 - [STDERR_REDIRECT] 
2026-08-28 22:20:33,617 [ERROR] LogOutputStream:75 - [STDERR_REDIRECT] Aug 28, 2026 10:20:33 PM java.util.prefs.FileSystemPreferences syncWorld
2026-08-28 22:20:33,618 [ERROR] LogOutputStream:75 - [STDERR_REDIRECT] WARNING: Couldn't flush system prefs: java.util.prefs.BackingStoreException: Couldn't get file lock.
2026-08-28 22:20:33,618 [ERROR] LogOutputStream:75 - [STDERR_REDIRECT] 
2026-08-28 22:21:03,617 [ERROR] LogOutputStream:75 - [STDERR_REDIRECT] Aug 28, 2026 10:21:03 PM java.util.prefs.FileSystemPreferences checkLockFile0ErrorCode
2026-08-28 22:21:03,617 [ERROR] LogOutputStream:75 - [STDERR_REDIRECT] WARNING: Could not lock System prefs. Unix error code 5.
2026-08-28 22:21:03,617 [ERROR] LogOutputStream:75 - [STDERR_REDIRECT] 
2026-08-28 22:21:03,617 [ERROR] LogOutputStream:75 - [STDERR_REDIRECT] Aug 28, 2026 10:21:03 PM java.util.prefs.FileSystemPreferences syncWorld
2026-08-28 22:21:03,617 [ERROR] LogOutputStream:75 - [STDERR_REDIRECT] WARNING: Couldn't flush system prefs: java.util.prefs.BackingStoreException: Couldn't get file lock.
2026-08-28 22:21:03,617 [ERROR] LogOutputStream:75 - [STDERR_REDIRECT] 
2026-08-28 22:21:33,617 [ERROR] LogOutputStream:75 - [STDERR_REDIRECT] Aug 28, 2026 10:21:33 PM java.util.prefs.FileSystemPreferences checkLockFile0ErrorCode
2026-08-28 22:21:33,617 [ERROR] LogOutputStream:75 - [STDERR_REDIRECT] WARNING: Could not lock System prefs. Unix error code 5.
2026-08-28 22:21:33,618 [ERROR] LogOutputStream:75 - [STDERR_REDIRECT] 
2026-08-28 22:21:33,618 [ERROR] LogOutputStream:75 - [STDERR_REDIRECT] Aug 28, 2026 10:21:33 PM java.util.prefs.FileSystemPreferences syncWorld
2026-08-28 22:21:33,618 [ERROR] LogOutputStream:75 - [STDERR_REDIRECT] WARNING: Couldn't flush system prefs: java.util.prefs.BackingStoreException: Couldn't get file lock.
2026-08-28 22:21:33,618 [ERROR] LogOutputStream:75 - [STDERR_REDIRECT] 
2026-08-28 22:22:03,623 [ERROR] LogOutputStream:75 - [STDERR_REDIRECT] Aug 28, 2026 10:22:03 PM java.util.prefs.FileSystemPreferences checkLockFile0ErrorCode
2026-08-28 22:22:03,623 [ERROR] LogOutputStream:75 - [STDERR_REDIRECT] WARNING: Could not lock System prefs. Unix error code 5.
2026-08-28 22:22:03,623 [ERROR] LogOutputStream:75 - [STDERR_REDIRECT] 
2026-08-28 22:22:03,624 [ERROR] LogOutputStream:75 - [STDERR_REDIRECT] Aug 28, 2026 10:22:03 PM java.util.prefs.FileSystemPreferences syncWorld
2026-08-28 22:22:03,624 [ERROR] LogOutputStream:75 - [STDERR_REDIRECT] WARNING: Couldn't flush system prefs: java.util.prefs.BackingStoreException: Couldn't get file lock.
2026-08-28 22:22:03,624 [ERROR] LogOutputStream:75 - [STDERR_REDIRECT] 
2026-08-28 22:22:33,650 [ERROR] LogOutputStream:75 - [STDERR_REDIRECT] Aug 28, 2026 10:22:33 PM java.util.prefs.FileSystemPreferences checkLockFile0ErrorCode
2026-08-28 22:22:33,651 [ERROR] LogOutputStream:75 - [STDERR_REDIRECT] WARNING: Could not lock System prefs. Unix error code 5.
2026-08-28 22:22:33,651 [ERROR] LogOutputStream:75 - [STDERR_REDIRECT] 
2026-08-28 22:22:33,654 [ERROR] LogOutputStream:75 - [STDERR_REDIRECT] Aug 28, 2026 10:22:33 PM java.util.prefs.FileSystemPreferences syncWorld
2026-08-28 22:22:33,654 [ERROR] LogOutputStream:75 - [STDERR_REDIRECT] WARNING: Couldn't flush system prefs: java.util.prefs.BackingStoreException: Couldn't get file lock.
2026-08-28 22:22:33,655 [ERROR] LogOutputStream:75 - [STDERR_REDIRECT] 
2026-08-28 22:23:03,619 [ERROR] LogOutputStream:75 - [STDERR_REDIRECT] Aug 28, 2026 10:23:03 PM java.util.prefs.FileSystemPreferences checkLockFile0ErrorCode
2026-08-28 22:23:03,619 [ERROR] LogOutputStream:75 - [STDERR_REDIRECT] WARNING: Could not lock System prefs. Unix error code 5.
2026-08-28 22:23:03,619 [ERROR] LogOutputStream:75 - [STDERR_REDIRECT] 
2026-08-28 22:23:03,619 [ERROR] LogOutputStream:75 - [STDERR_REDIRECT] Aug 28, 2026 10:23:03 PM java.util.prefs.FileSystemPreferences syncWorld
2026-08-28 22:23:03,619 [ERROR] LogOutputStream:75 - [STDERR_REDIRECT] WARNING: Couldn't flush system prefs: java.util.prefs.BackingStoreException: Couldn't get file lock.
2026-08-28 22:23:03,620 [ERROR] LogOutputStream:75 - [STDERR_REDIRECT] 
2026-08-28 22:23:33,617 [ERROR] LogOutputStream:75 - [STDERR_REDIRECT] Aug 28, 2026 10:23:33 PM java.util.prefs.FileSystemPreferences checkLockFile0ErrorCode
2026-08-28 22:23:33,617 [ERROR] LogOutputStream:75 - [STDERR_REDIRECT] WARNING: Could not lock System prefs. Unix error code 5.
2026-08-28 22:23:33,617 [ERROR] LogOutputStream:75 - [STDERR_REDIRECT] 
2026-08-28 22:23:33,618 [ERROR] LogOutputStream:75 - [STDERR_REDIRECT] Aug 28, 2026 10:23:33 PM java.util.prefs.FileSystemPreferences syncWorld
2026-08-28 22:23:33,618 [ERROR] LogOutputStream:75 - [STDERR_REDIRECT] WARNING: Couldn't flush system prefs: java.util.prefs.BackingStoreException: Couldn't get file lock.
2026-08-28 22:23:33,618 [ERROR] LogOutputStream:75 - [STDERR_REDIRECT] 
2026-08-28 22:24:03,636 [ERROR] LogOutputStream:75 - [STDERR_REDIRECT] Aug 28, 2026 10:24:03 PM java.util.prefs.FileSystemPreferences checkLockFile0ErrorCode
2026-08-28 22:24:03,636 [ERROR] LogOutputStream:75 - [STDERR_REDIRECT] WARNING: Could not lock System prefs. Unix error code 5.
2026-08-28 22:24:03,636 [ERROR] LogOutputStream:75 - [STDERR_REDIRECT] 
2026-08-28 22:24:03,637 [ERROR] LogOutputStream:75 - [STDERR_REDIRECT] Aug 28, 2026 10:24:03 PM java.util.prefs.FileSystemPreferences syncWorld
2026-08-28 22:24:03,637 [ERROR] LogOutputStream:75 - [STDERR_REDIRECT] WARNING: Couldn't flush system prefs: java.util.prefs.BackingStoreException: Couldn't get file lock.
2026-08-28 22:24:03,637 [ERROR] LogOutputStream:75 - [STDERR_REDIRECT] 
2026-08-28 22:24:33,618 [ERROR] LogOutputStream:75 - [STDERR_REDIRECT] Aug 28, 2026 10:24:33 PM java.util.prefs.FileSystemPreferences checkLockFile0ErrorCode
2026-08-28 22:24:33,618 [ERROR] LogOutputStream:75 - [STDERR_REDIRECT] WARNING: Could not lock System prefs. Unix error code 5.
2026-08-28 22:24:33,618 [ERROR] LogOutputStream:75 - [STDERR_REDIRECT] 
2026-08-28 22:24:33,619 [ERROR] LogOutputStream:75 - [STDERR_REDIRECT] Aug 28, 2026 10:24:33 PM java.util.prefs.FileSystemPreferences syncWorld
2026-08-28 22:24:33,619 [ERROR] LogOutputStream:75 - [STDERR_REDIRECT] WARNING: Couldn't flush system prefs: java.util.prefs.BackingStoreException: Couldn't get file lock.
2026-08-28 22:24:33,619 [ERROR] LogOutputStream:75 - [STDERR_REDIRECT] 
2026-08-28 22:25:03,619 [ERROR] LogOutputStream:75 - [STDERR_REDIRECT] Aug 28, 2026 10:25:03 PM java.util.prefs.FileSystemPreferences checkLockFile0ErrorCode
2026-08-28 22:25:03,619 [ERROR] LogOutputStream:75 - [STDERR_REDIRECT] WARNING: Could not lock System prefs. Unix error code 5.
2026-08-28 22:25:03,619 [ERROR] LogOutputStream:75 - [STDERR_REDIRECT] 
2026-08-28 22:25:03,619 [ERROR] LogOutputStream:75 - [STDERR_REDIRECT] Aug 28, 2026 10:25:03 PM java.util.prefs.FileSystemPreferences syncWorld
2026-08-28 22:25:03,620 [ERROR] LogOutputStream:75 - [STDERR_REDIRECT] WARNING: Couldn't flush system prefs: java.util.prefs.BackingStoreException: Couldn't get file lock.
2026-08-28 22:25:03,620 [ERROR] LogOutputStream:75 - [STDERR_REDIRECT] 
2026-08-28 22:25:33,619 [ERROR] LogOutputStream:75 - [STDERR_REDIRECT] Aug 28, 2026 10:25:33 PM java.util.prefs.FileSystemPreferences checkLockFile0ErrorCode
2026-08-28 22:25:33,619 [ERROR] LogOutputStream:75 - [STDERR_REDIRECT] WARNING: Could not lock System prefs. Unix error code 5.
2026-08-28 22:25:33,619 [ERROR] LogOutputStream:75 - [STDERR_REDIRECT] 
2026-08-28 22:25:33,620 [ERROR] LogOutputStream:75 - [STDERR_REDIRECT] Aug 28, 2026 10:25:33 PM java.util.prefs.FileSystemPreferences syncWorld
2026-08-28 22:25:33,620 [ERROR] LogOutputStream:75 - [STDERR_REDIRECT] WARNING: Couldn't flush system prefs: java.util.prefs.BackingStoreException: Couldn't get file lock.
2026-08-28 22:25:33,620 [ERROR] LogOutputStream:75 - [STDERR_REDIRECT] 
2026-08-28 22:26:03,619 [ERROR] LogOutputStream:75 - [STDERR_REDIRECT] Aug 28, 2026 10:26:03 PM java.util.prefs.FileSystemPreferences checkLockFile0ErrorCode
2026-08-28 22:26:03,619 [ERROR] LogOutputStream:75 - [STDERR_REDIRECT] WARNING: Could not lock System prefs. Unix error code 5.
2026-08-28 22:26:03,619 [ERROR] LogOutputStream:75 - [STDERR_REDIRECT] 
2026-08-28 22:26:03,619 [ERROR] LogOutputStream:75 - [STDERR_REDIRECT] Aug 28, 2026 10:26:03 PM java.util.prefs.FileSystemPreferences syncWorld
2026-08-28 22:26:03,619 [ERROR] LogOutputStream:75 - [STDERR_REDIRECT] WARNING: Couldn't flush system prefs: java.util.prefs.BackingStoreException: Couldn't get file lock.
2026-08-28 22:26:03,619 [ERROR] LogOutputStream:75 - [STDERR_REDIRECT] 
2026-08-28 22:26:33,619 [ERROR] LogOutputStream:75 - [STDERR_REDIRECT] Aug 28, 2026 10:26:33 PM java.util.prefs.FileSystemPreferences checkLockFile0ErrorCode
2026-08-28 22:26:33,620 [ERROR] LogOutputStream:75 - [STDERR_REDIRECT] WARNING: Could not lock System prefs. Unix error code 5.
2026-08-28 22:26:33,620 [ERROR] LogOutputStream:75 - [STDERR_REDIRECT] 
2026-08-28 22:26:33,620 [ERROR] LogOutputStream:75 - [STDERR_REDIRECT] Aug 28, 2026 10:26:33 PM java.util.prefs.FileSystemPreferences syncWorld
2026-08-28 22:26:33,620 [ERROR] LogOutputStream:75 - [STDERR_REDIRECT] WARNING: Couldn't flush system prefs: java.util.prefs.BackingStoreException: Couldn't get file lock.
2026-08-28 22:26:33,620 [ERROR] LogOutputStream:75 - [STDERR_REDIRECT] 
2026-08-28 22:27:03,621 [ERROR] LogOutputStream:75 - [STDERR_REDIRECT] Aug 28, 2026 10:27:03 PM java.util.prefs.FileSystemPreferences checkLockFile0ErrorCode
2026-08-28 22:27:03,621 [ERROR] LogOutputStream:75 - [STDERR_REDIRECT] WARNING: Could not lock System prefs. Unix error code 5.
2026-08-28 22:27:03,621 [ERROR] LogOutputStream:75 - [STDERR_REDIRECT] 
2026-08-28 22:27:03,621 [ERROR] LogOutputStream:75 - [STDERR_REDIRECT] Aug 28, 2026 10:27:03 PM java.util.prefs.FileSystemPreferences syncWorld
2026-08-28 22:27:03,621 [ERROR] LogOutputStream:75 - [STDERR_REDIRECT] WARNING: Couldn't flush system prefs: java.util.prefs.BackingStoreException: Couldn't get file lock.
2026-08-28 22:27:03,621 [ERROR] LogOutputStream:75 - [STDERR_REDIRECT] 
2026-08-28 22:27:33,621 [ERROR] LogOutputStream:75 - [STDERR_REDIRECT] Aug 28, 2026 10:27:33 PM java.util.prefs.FileSystemPreferences checkLockFile0ErrorCode
2026-08-28 22:27:33,621 [ERROR] LogOutputStream:75 - [STDERR_REDIRECT] WARNING: Could not lock System prefs. Unix error code 5.
2026-08-28 22:27:33,621 [ERROR] LogOutputStream:75 - [STDERR_REDIRECT] 
2026-08-28 22:27:33,622 [ERROR] LogOutputStream:75 - [STDERR_REDIRECT] Aug 28, 2026 10:27:33 PM java.util.prefs.FileSystemPreferences syncWorld
2026-08-28 22:27:33,622 [ERROR] LogOutputStream:75 - [STDERR_REDIRECT] WARNING: Couldn't flush system prefs: java.util.prefs.BackingStoreException: Couldn't get file lock.
2026-08-28 22:27:33,622 [ERROR] LogOutputStream:75 - [STDERR_REDIRECT] 
2026-08-28 22:28:03,621 [ERROR] LogOutputStream:75 - [STDERR_REDIRECT] Aug 28, 2026 10:28:03 PM java.util.prefs.FileSystemPreferences checkLockFile0ErrorCode
2026-08-28 22:28:03,621 [ERROR] LogOutputStream:75 - [STDERR_REDIRECT] WARNING: Could not lock System prefs. Unix error code 5.
2026-08-28 22:28:03,621 [ERROR] LogOutputStream:75 - [STDERR_REDIRECT] 
2026-08-28 22:28:03,621 [ERROR] LogOutputStream:75 - [STDERR_REDIRECT] Aug 28, 2026 10:28:03 PM java.util.prefs.FileSystemPreferences syncWorld
2026-08-28 22:28:03,621 [ERROR] LogOutputStream:75 - [STDERR_REDIRECT] WARNING: Couldn't flush system prefs: java.util.prefs.BackingStoreException: Couldn't get file lock.
2026-08-28 22:28:03,621 [ERROR] LogOutputStream:75 - [STDERR_REDIRECT] 
2026-08-28 22:28:33,621 [ERROR] LogOutputStream:75 - [STDERR_REDIRECT] Aug 28, 2026 10:28:33 PM java.util.prefs.FileSystemPreferences checkLockFile0ErrorCode
2026-08-28 22:28:33,622 [ERROR] LogOutputStream:75 - [STDERR_REDIRECT] WARNING: Could not lock System prefs. Unix error code 5.
2026-08-28 22:28:33,622 [ERROR] LogOutputStream:75 - [STDERR_REDIRECT] 
2026-08-28 22:28:33,622 [ERROR] LogOutputStream:75 - [STDERR_REDIRECT] Aug 28, 2026 10:28:33 PM java.util.prefs.FileSystemPreferences syncWorld
2026-08-28 22:28:33,622 [ERROR] LogOutputStream:75 - [STDERR_REDIRECT] WARNING: Couldn't flush system prefs: java.util.prefs.BackingStoreException: Couldn't get file lock.
2026-08-28 22:28:33,622 [ERROR] LogOutputStream:75 - [STDERR_REDIRECT] 
2026-08-28 22:29:03,622 [ERROR] LogOutputStream:75 - [STDERR_REDIRECT] Aug 28, 2026 10:29:03 PM java.util.prefs.FileSystemPreferences checkLockFile0ErrorCode
2026-08-28 22:29:03,622 [ERROR] LogOutputStream:75 - [STDERR_REDIRECT] WARNING: Could not lock System prefs. Unix error code 5.
2026-08-28 22:29:03,622 [ERROR] LogOutputStream:75 - [STDERR_REDIRECT] 
2026-08-28 22:29:03,622 [ERROR] LogOutputStream:75 - [STDERR_REDIRECT] Aug 28, 2026 10:29:03 PM java.util.prefs.FileSystemPreferences syncWorld
2026-08-28 22:29:03,623 [ERROR] LogOutputStream:75 - [STDERR_REDIRECT] WARNING: Couldn't flush system prefs: java.util.prefs.BackingStoreException: Couldn't get file lock.
2026-08-28 22:29:03,623 [ERROR] LogOutputStream:75 - [STDERR_REDIRECT] 
2026-08-28 22:29:33,622 [ERROR] LogOutputStream:75 - [STDERR_REDIRECT] Aug 28, 2026 10:29:33 PM java.util.prefs.FileSystemPreferences checkLockFile0ErrorCode
2026-08-28 22:29:33,622 [ERROR] LogOutputStream:75 - [STDERR_REDIRECT] WARNING: Could not lock System prefs. Unix error code 5.
2026-08-28 22:29:33,622 [ERROR] LogOutputStream:75 - [STDERR_REDIRECT] 
2026-08-28 22:29:33,623 [ERROR] LogOutputStream:75 - [STDERR_REDIRECT] Aug 28, 2026 10:29:33 PM java.util.prefs.FileSystemPreferences syncWorld
2026-08-28 22:29:33,623 [ERROR] LogOutputStream:75 - [STDERR_REDIRECT] WARNING: Couldn't flush system prefs: java.util.prefs.BackingStoreException: Couldn't get file lock.
2026-08-28 22:29:33,623 [ERROR] LogOutputStream:75 - [STDERR_REDIRECT] 
2026-08-28 22:30:03,622 [ERROR] LogOutputStream:75 - [STDERR_REDIRECT] Aug 28, 2026 10:30:03 PM java.util.prefs.FileSystemPreferences checkLockFile0ErrorCode
2026-08-28 22:30:03,622 [ERROR] LogOutputStream:75 - [STDERR_REDIRECT] WARNING: Could not lock System prefs. Unix error code 5.
2026-08-28 22:30:03,622 [ERROR] LogOutputStream:75 - [STDERR_REDIRECT] 
2026-08-28 22:30:03,623 [ERROR] LogOutputStream:75 - [STDERR_REDIRECT] Aug 28, 2026 10:30:03 PM java.util.prefs.FileSystemPreferences syncWorld
2026-08-28 22:30:03,623 [ERROR] LogOutputStream:75 - [STDERR_REDIRECT] WARNING: Couldn't flush system prefs: java.util.prefs.BackingStoreException: Couldn't get file lock.
2026-08-28 22:30:03,623 [ERROR] LogOutputStream:75 - [STDERR_REDIRECT] 
2026-08-28 22:30:33,622 [ERROR] LogOutputStream:75 - [STDERR_REDIRECT] Aug 28, 2026 10:30:33 PM java.util.prefs.FileSystemPreferences checkLockFile0ErrorCode
2026-08-28 22:30:33,622 [ERROR] LogOutputStream:75 - [STDERR_REDIRECT] WARNING: Could not lock System prefs. Unix error code 5.
2026-08-28 22:30:33,622 [ERROR] LogOutputStream:75 - [STDERR_REDIRECT] 
2026-08-28 22:30:33,622 [ERROR] LogOutputStream:75 - [STDERR_REDIRECT] Aug 28, 2026 10:30:33 PM java.util.prefs.FileSystemPreferences syncWorld
2026-08-28 22:30:33,623 [ERROR] LogOutputStream:75 - [STDERR_REDIRECT] WARNING: Couldn't flush system prefs: java.util.prefs.BackingStoreException: Couldn't get file lock.
2026-08-28 22:30:33,623 [ERROR] LogOutputStream:75 - [STDERR_REDIRECT] 
2026-08-28 22:31:03,621 [ERROR] LogOutputStream:75 - [STDERR_REDIRECT] Aug 28, 2026 10:31:03 PM java.util.prefs.FileSystemPreferences checkLockFile0ErrorCode
2026-08-28 22:31:03,622 [ERROR] LogOutputStream:75 - [STDERR_REDIRECT] WARNING: Could not lock System prefs. Unix error code 5.
2026-08-28 22:31:03,622 [ERROR] LogOutputStream:75 - [STDERR_REDIRECT] 
2026-08-28 22:31:03,622 [ERROR] LogOutputStream:75 - [STDERR_REDIRECT] Aug 28, 2026 10:31:03 PM java.util.prefs.FileSystemPreferences syncWorld
2026-08-28 22:31:03,622 [ERROR] LogOutputStream:75 - [STDERR_REDIRECT] WARNING: Couldn't flush system prefs: java.util.prefs.BackingStoreException: Couldn't get file lock.
2026-08-28 22:31:03,622 [ERROR] LogOutputStream:75 - [STDERR_REDIRECT] 
2026-08-28 22:31:33,622 [ERROR] LogOutputStream:75 - [STDERR_REDIRECT] Aug 28, 2026 10:31:33 PM java.util.prefs.FileSystemPreferences checkLockFile0ErrorCode
2026-08-28 22:31:33,622 [ERROR] LogOutputStream:75 - [STDERR_REDIRECT] WARNING: Could not lock System prefs. Unix error code 5.
2026-08-28 22:31:33,622 [ERROR] LogOutputStream:75 - [STDERR_REDIRECT] 
2026-08-28 22:31:33,623 [ERROR] LogOutputStream:75 - [STDERR_REDIRECT] Aug 28, 2026 10:31:33 PM java.util.prefs.FileSystemPreferences syncWorld
2026-08-28 22:31:33,623 [ERROR] LogOutputStream:75 - [STDERR_REDIRECT] WARNING: Couldn't flush system prefs: java.util.prefs.BackingStoreException: Couldn't get file lock.
2026-08-28 22:31:33,623 [ERROR] LogOutputStream:75 - [STDERR_REDIRECT] 
2026-08-28 22:32:03,622 [ERROR] LogOutputStream:75 - [STDERR_REDIRECT] Aug 28, 2026 10:32:03 PM java.util.prefs.FileSystemPreferences checkLockFile0ErrorCode
2026-08-28 22:32:03,622 [ERROR] LogOutputStream:75 - [STDERR_REDIRECT] WARNING: Could not lock System prefs. Unix error code 5.
2026-08-28 22:32:03,622 [ERROR] LogOutputStream:75 - [STDERR_REDIRECT] 
2026-08-28 22:32:03,622 [ERROR] LogOutputStream:75 - [STDERR_REDIRECT] Aug 28, 2026 10:32:03 PM java.util.prefs.FileSystemPreferences syncWorld
2026-08-28 22:32:03,622 [ERROR] LogOutputStream:75 - [STDERR_REDIRECT] WARNING: Couldn't flush system prefs: java.util.prefs.BackingStoreException: Couldn't get file lock.
2026-08-28 22:32:03,622 [ERROR] LogOutputStream:75 - [STDERR_REDIRECT] 
2026-08-28 22:32:33,622 [ERROR] LogOutputStream:75 - [STDERR_REDIRECT] Aug 28, 2026 10:32:33 PM java.util.prefs.FileSystemPreferences checkLockFile0ErrorCode
2026-08-28 22:32:33,622 [ERROR] LogOutputStream:75 - [STDERR_REDIRECT] WARNING: Could not lock System prefs. Unix error code 5.
2026-08-28 22:32:33,622 [ERROR] LogOutputStream:75 - [STDERR_REDIRECT] 
2026-08-28 22:32:33,623 [ERROR] LogOutputStream:75 - [STDERR_REDIRECT] Aug 28, 2026 10:32:33 PM java.util.prefs.FileSystemPreferences syncWorld
2026-08-28 22:32:33,623 [ERROR] LogOutputStream:75 - [STDERR_REDIRECT] WARNING: Couldn't flush system prefs: java.util.prefs.BackingStoreException: Couldn't get file lock.
2026-08-28 22:32:33,623 [ERROR] LogOutputStream:75 - [STDERR_REDIRECT] 
2026-08-28 22:33:03,623 [ERROR] LogOutputStream:75 - [STDERR_REDIRECT] Aug 28, 2026 10:33:03 PM java.util.prefs.FileSystemPreferences checkLockFile0ErrorCode
2026-08-28 22:33:03,623 [ERROR] LogOutputStream:75 - [STDERR_REDIRECT] WARNING: Could not lock System prefs. Unix error code 5.
2026-08-28 22:33:03,623 [ERROR] LogOutputStream:75 - [STDERR_REDIRECT] 
2026-08-28 22:33:03,623 [ERROR] LogOutputStream:75 - [STDERR_REDIRECT] Aug 28, 2026 10:33:03 PM java.util.prefs.FileSystemPreferences syncWorld
2026-08-28 22:33:03,624 [ERROR] LogOutputStream:75 - [STDERR_REDIRECT] WARNING: Couldn't flush system prefs: java.util.prefs.BackingStoreException: Couldn't get file lock.
2026-08-28 22:33:03,624 [ERROR] LogOutputStream:75 - [STDERR_REDIRECT] 
2026-08-28 22:33:33,622 [ERROR] LogOutputStream:75 - [STDERR_REDIRECT] Aug 28, 2026 10:33:33 PM java.util.prefs.FileSystemPreferences checkLockFile0ErrorCode
2026-08-28 22:33:33,622 [ERROR] LogOutputStream:75 - [STDERR_REDIRECT] WARNING: Could not lock System prefs. Unix error code 5.
2026-08-28 22:33:33,623 [ERROR] LogOutputStream:75 - [STDERR_REDIRECT] 
2026-08-28 22:33:33,623 [ERROR] LogOutputStream:75 - [STDERR_REDIRECT] Aug 28, 2026 10:33:33 PM java.util.prefs.FileSystemPreferences syncWorld
2026-08-28 22:33:33,623 [ERROR] LogOutputStream:75 - [STDERR_REDIRECT] WARNING: Couldn't flush system prefs: java.util.prefs.BackingStoreException: Couldn't get file lock.
2026-08-28 22:33:33,623 [ERROR] LogOutputStream:75 - [STDERR_REDIRECT] 
2026-08-28 22:34:03,623 [ERROR] LogOutputStream:75 - [STDERR_REDIRECT] Aug 28, 2026 10:34:03 PM java.util.prefs.FileSystemPreferences checkLockFile0ErrorCode
2026-08-28 22:34:03,623 [ERROR] LogOutputStream:75 - [STDERR_REDIRECT] WARNING: Could not lock System prefs. Unix error code 5.
2026-08-28 22:34:03,623 [ERROR] LogOutputStream:75 - [STDERR_REDIRECT] 
2026-08-28 22:34:03,623 [ERROR] LogOutputStream:75 - [STDERR_REDIRECT] Aug 28, 2026 10:34:03 PM java.util.prefs.FileSystemPreferences syncWorld
2026-08-28 22:34:03,624 [ERROR] LogOutputStream:75 - [STDERR_REDIRECT] WARNING: Couldn't flush system prefs: java.util.prefs.BackingStoreException: Couldn't get file lock.
2026-08-28 22:34:03,624 [ERROR] LogOutputStream:75 - [STDERR_REDIRECT] 
2026-08-28 22:34:33,623 [ERROR] LogOutputStream:75 - [STDERR_REDIRECT] Aug 28, 2026 10:34:33 PM java.util.prefs.FileSystemPreferences checkLockFile0ErrorCode
2026-08-28 22:34:33,623 [ERROR] LogOutputStream:75 - [STDERR_REDIRECT] WARNING: Could not lock System prefs. Unix error code 5.
2026-08-28 22:34:33,623 [ERROR] LogOutputStream:75 - [STDERR_REDIRECT] 
2026-08-28 22:34:33,623 [ERROR] LogOutputStream:75 - [STDERR_REDIRECT] Aug 28, 2026 10:34:33 PM java.util.prefs.FileSystemPreferences syncWorld
2026-08-28 22:34:33,624 [ERROR] LogOutputStream:75 - [STDERR_REDIRECT] WARNING: Couldn't flush system prefs: java.util.prefs.BackingStoreException: Couldn't get file lock.
2026-08-28 22:34:33,624 [ERROR] LogOutputStream:75 - [STDERR_REDIRECT] 
2026-08-28 22:35:03,622 [ERROR] LogOutputStream:75 - [STDERR_REDIRECT] Aug 28, 2026 10:35:03 PM java.util.prefs.FileSystemPreferences checkLockFile0ErrorCode
2026-08-28 22:35:03,623 [ERROR] LogOutputStream:75 - [STDERR_REDIRECT] WARNING: Could not lock System prefs. Unix error code 5.
2026-08-28 22:35:03,623 [ERROR] LogOutputStream:75 - [STDERR_REDIRECT] 
2026-08-28 22:35:03,623 [ERROR] LogOutputStream:75 - [STDERR_REDIRECT] Aug 28, 2026 10:35:03 PM java.util.prefs.FileSystemPreferences syncWorld
2026-08-28 22:35:03,623 [ERROR] LogOutputStream:75 - [STDERR_REDIRECT] WARNING: Couldn't flush system prefs: java.util.prefs.BackingStoreException: Couldn't get file lock.
2026-08-28 22:35:03,623 [ERROR] LogOutputStream:75 - [STDERR_REDIRECT] 
2026-08-28 22:35:33,623 [ERROR] LogOutputStream:75 - [STDERR_REDIRECT] Aug 28, 2026 10:35:33 PM java.util.prefs.FileSystemPreferences checkLockFile0ErrorCode
2026-08-28 22:35:33,623 [ERROR] LogOutputStream:75 - [STDERR_REDIRECT] WARNING: Could not lock System prefs. Unix error code 5.
2026-08-28 22:35:33,623 [ERROR] LogOutputStream:75 - [STDERR_REDIRECT] 
2026-08-28 22:35:33,624 [ERROR] LogOutputStream:75 - [STDERR_REDIRECT] Aug 28, 2026 10:35:33 PM java.util.prefs.FileSystemPreferences syncWorld
2026-08-28 22:35:33,624 [ERROR] LogOutputStream:75 - [STDERR_REDIRECT] WARNING: Couldn't flush system prefs: java.util.prefs.BackingStoreException: Couldn't get file lock.
2026-08-28 22:35:33,624 [ERROR] LogOutputStream:75 - [STDERR_REDIRECT] 
2026-08-28 22:36:03,623 [ERROR] LogOutputStream:75 - [STDERR_REDIRECT] Aug 28, 2026 10:36:03 PM java.util.prefs.FileSystemPreferences checkLockFile0ErrorCode
2026-08-28 22:36:03,623 [ERROR] LogOutputStream:75 - [STDERR_REDIRECT] WARNING: Could not lock System prefs. Unix error code 5.
2026-08-28 22:36:03,623 [ERROR] LogOutputStream:75 - [STDERR_REDIRECT] 
2026-08-28 22:36:03,623 [ERROR] LogOutputStream:75 - [STDERR_REDIRECT] Aug 28, 2026 10:36:03 PM java.util.prefs.FileSystemPreferences syncWorld
2026-08-28 22:36:03,623 [ERROR] LogOutputStream:75 - [STDERR_REDIRECT] WARNING: Couldn't flush system prefs: java.util.prefs.BackingStoreException: Couldn't get file lock.
2026-08-28 22:36:03,623 [ERROR] LogOutputStream:75 - [STDERR_REDIRECT] 
2026-08-28 22:36:33,623 [ERROR] LogOutputStream:75 - [STDERR_REDIRECT] Aug 28, 2026 10:36:33 PM java.util.prefs.FileSystemPreferences checkLockFile0ErrorCode
2026-08-28 22:36:33,624 [ERROR] LogOutputStream:75 - [STDERR_REDIRECT] WARNING: Could not lock System prefs. Unix error code 5.
2026-08-28 22:36:33,624 [ERROR] LogOutputStream:75 - [STDERR_REDIRECT] 
2026-08-28 22:36:33,625 [ERROR] LogOutputStream:75 - [STDERR_REDIRECT] Aug 28, 2026 10:36:33 PM java.util.prefs.FileSystemPreferences syncWorld
2026-08-28 22:36:33,626 [ERROR] LogOutputStream:75 - [STDERR_REDIRECT] WARNING: Couldn't flush system prefs: java.util.prefs.BackingStoreException: Couldn't get file lock.
2026-08-28 22:36:33,626 [ERROR] LogOutputStream:75 - [STDERR_REDIRECT] 
2026-08-28 22:37:03,624 [ERROR] LogOutputStream:75 - [STDERR_REDIRECT] Aug 28, 2026 10:37:03 PM java.util.prefs.FileSystemPreferences checkLockFile0ErrorCode
2026-08-28 22:37:03,624 [ERROR] LogOutputStream:75 - [STDERR_REDIRECT] WARNING: Could not lock System prefs. Unix error code 5.
2026-08-28 22:37:03,624 [ERROR] LogOutputStream:75 - [STDERR_REDIRECT] 
2026-08-28 22:37:03,625 [ERROR] LogOutputStream:75 - [STDERR_REDIRECT] Aug 28, 2026 10:37:03 PM java.util.prefs.FileSystemPreferences syncWorld
2026-08-28 22:37:03,625 [ERROR] LogOutputStream:75 - [STDERR_REDIRECT] WARNING: Couldn't flush system prefs: java.util.prefs.BackingStoreException: Couldn't get file lock.
2026-08-28 22:37:03,625 [ERROR] LogOutputStream:75 - [STDERR_REDIRECT] 
2026-08-28 22:37:33,625 [ERROR] LogOutputStream:75 - [STDERR_REDIRECT] Aug 28, 2026 10:37:33 PM java.util.prefs.FileSystemPreferences checkLockFile0ErrorCode
2026-08-28 22:37:33,625 [ERROR] LogOutputStream:75 - [STDERR_REDIRECT] WARNING: Could not lock System prefs. Unix error code 5.
2026-08-28 22:37:33,625 [ERROR] LogOutputStream:75 - [STDERR_REDIRECT] 
2026-08-28 22:37:33,625 [ERROR] LogOutputStream:75 - [STDERR_REDIRECT] Aug 28, 2026 10:37:33 PM java.util.prefs.FileSystemPreferences syncWorld
2026-08-28 22:37:33,625 [ERROR] LogOutputStream:75 - [STDERR_REDIRECT] WARNING: Couldn't flush system prefs: java.util.prefs.BackingStoreException: Couldn't get file lock.
2026-08-28 22:37:33,625 [ERROR] LogOutputStream:75 - [STDERR_REDIRECT] 
2026-08-28 22:38:03,625 [ERROR] LogOutputStream:75 - [STDERR_REDIRECT] Aug 28, 2026 10:38:03 PM java.util.prefs.FileSystemPreferences checkLockFile0ErrorCode
2026-08-28 22:38:03,626 [ERROR] LogOutputStream:75 - [STDERR_REDIRECT] WARNING: Could not lock System prefs. Unix error code 5.
2026-08-28 22:38:03,626 [ERROR] LogOutputStream:75 - [STDERR_REDIRECT] 
2026-08-28 22:38:03,626 [ERROR] LogOutputStream:75 - [STDERR_REDIRECT] Aug 28, 2026 10:38:03 PM java.util.prefs.FileSystemPreferences syncWorld
2026-08-28 22:38:03,626 [ERROR] LogOutputStream:75 - [STDERR_REDIRECT] WARNING: Couldn't flush system prefs: java.util.prefs.BackingStoreException: Couldn't get file lock.
2026-08-28 22:38:03,626 [ERROR] LogOutputStream:75 - [STDERR_REDIRECT] 
2026-08-28 22:38:33,626 [ERROR] LogOutputStream:75 - [STDERR_REDIRECT] Aug 28, 2026 10:38:33 PM java.util.prefs.FileSystemPreferences checkLockFile0ErrorCode
2026-08-28 22:38:33,626 [ERROR] LogOutputStream:75 - [STDERR_REDIRECT] WARNING: Could not lock System prefs. Unix error code 5.
2026-08-28 22:38:33,627 [ERROR] LogOutputStream:75 - [STDERR_REDIRECT] 
2026-08-28 22:38:33,627 [ERROR] LogOutputStream:75 - [STDERR_REDIRECT] Aug 28, 2026 10:38:33 PM java.util.prefs.FileSystemPreferences syncWorld
2026-08-28 22:38:33,627 [ERROR] LogOutputStream:75 - [STDERR_REDIRECT] WARNING: Couldn't flush system prefs: java.util.prefs.BackingStoreException: Couldn't get file lock.
2026-08-28 22:38:33,627 [ERROR] LogOutputStream:75 - [STDERR_REDIRECT] 
2026-08-28 22:39:03,626 [ERROR] LogOutputStream:75 - [STDERR_REDIRECT] Aug 28, 2026 10:39:03 PM java.util.prefs.FileSystemPreferences checkLockFile0ErrorCode
2026-08-28 22:39:03,627 [ERROR] LogOutputStream:75 - [STDERR_REDIRECT] WARNING: Could not lock System prefs. Unix error code 5.
2026-08-28 22:39:03,627 [ERROR] LogOutputStream:75 - [STDERR_REDIRECT] 
2026-08-28 22:39:03,627 [ERROR] LogOutputStream:75 - [STDERR_REDIRECT] Aug 28, 2026 10:39:03 PM java.util.prefs.FileSystemPreferences syncWorld
2026-08-28 22:39:03,627 [ERROR] LogOutputStream:75 - [STDERR_REDIRECT] WARNING: Couldn't flush system prefs: java.util.prefs.BackingStoreException: Couldn't get file lock.
2026-08-28 22:39:03,627 [ERROR] LogOutputStream:75 - [STDERR_REDIRECT] 
2026-08-28 22:39:33,626 [ERROR] LogOutputStream:75 - [STDERR_REDIRECT] Aug 28, 2026 10:39:33 PM java.util.prefs.FileSystemPreferences checkLockFile0ErrorCode
2026-08-28 22:39:33,626 [ERROR] LogOutputStream:75 - [STDERR_REDIRECT] WARNING: Could not lock System prefs. Unix error code 5.
2026-08-28 22:39:33,626 [ERROR] LogOutputStream:75 - [STDERR_REDIRECT] 
2026-08-28 22:39:33,627 [ERROR] LogOutputStream:75 - [STDERR_REDIRECT] Aug 28, 2026 10:39:33 PM java.util.prefs.FileSystemPreferences syncWorld
2026-08-28 22:39:33,627 [ERROR] LogOutputStream:75 - [STDERR_REDIRECT] WARNING: Couldn't flush system prefs: java.util.prefs.BackingStoreException: Couldn't get file lock.
2026-08-28 22:39:33,627 [ERROR] LogOutputStream:75 - [STDERR_REDIRECT] 
2026-08-28 22:40:03,626 [ERROR] LogOutputStream:75 - [STDERR_REDIRECT] Aug 28, 2026 10:40:03 PM java.util.prefs.FileSystemPreferences checkLockFile0ErrorCode
2026-08-28 22:40:03,626 [ERROR] LogOutputStream:75 - [STDERR_REDIRECT] WARNING: Could not lock System prefs. Unix error code 5.
2026-08-28 22:40:03,626 [ERROR] LogOutputStream:75 - [STDERR_REDIRECT] 
2026-08-28 22:40:03,626 [ERROR] LogOutputStream:75 - [STDERR_REDIRECT] Aug 28, 2026 10:40:03 PM java.util.prefs.FileSystemPreferences syncWorld
2026-08-28 22:40:03,626 [ERROR] LogOutputStream:75 - [STDERR_REDIRECT] WARNING: Couldn't flush system prefs: java.util.prefs.BackingStoreException: Couldn't get file lock.
2026-08-28 22:40:03,627 [ERROR] LogOutputStream:75 - [STDERR_REDIRECT] 
2026-08-28 22:40:33,626 [ERROR] LogOutputStream:75 - [STDERR_REDIRECT] Aug 28, 2026 10:40:33 PM java.util.prefs.FileSystemPreferences checkLockFile0ErrorCode
2026-08-28 22:40:33,626 [ERROR] LogOutputStream:75 - [STDERR_REDIRECT] WARNING: Could not lock System prefs. Unix error code 5.
2026-08-28 22:40:33,626 [ERROR] LogOutputStream:75 - [STDERR_REDIRECT] 
2026-08-28 22:40:33,626 [ERROR] LogOutputStream:75 - [STDERR_REDIRECT] Aug 28, 2026 10:40:33 PM java.util.prefs.FileSystemPreferences syncWorld
2026-08-28 22:40:33,626 [ERROR] LogOutputStream:75 - [STDERR_REDIRECT] WARNING: Couldn't flush system prefs: java.util.prefs.BackingStoreException: Couldn't get file lock.
2026-08-28 22:40:33,627 [ERROR] LogOutputStream:75 - [STDERR_REDIRECT] 
2026-08-28 22:41:03,626 [ERROR] LogOutputStream:75 - [STDERR_REDIRECT] Aug 28, 2026 10:41:03 PM java.util.prefs.FileSystemPreferences checkLockFile0ErrorCode
2026-08-28 22:41:03,626 [ERROR] LogOutputStream:75 - [STDERR_REDIRECT] WARNING: Could not lock System prefs. Unix error code 5.
2026-08-28 22:41:03,626 [ERROR] LogOutputStream:75 - [STDERR_REDIRECT] 
2026-08-28 22:41:03,627 [ERROR] LogOutputStream:75 - [STDERR_REDIRECT] Aug 28, 2026 10:41:03 PM java.util.prefs.FileSystemPreferences syncWorld
2026-08-28 22:41:03,627 [ERROR] LogOutputStream:75 - [STDERR_REDIRECT] WARNING: Couldn't flush system prefs: java.util.prefs.BackingStoreException: Couldn't get file lock.
2026-08-28 22:41:03,627 [ERROR] LogOutputStream:75 - [STDERR_REDIRECT] 
2026-08-28 22:41:33,626 [ERROR] LogOutputStream:75 - [STDERR_REDIRECT] Aug 28, 2026 10:41:33 PM java.util.prefs.FileSystemPreferences checkLockFile0ErrorCode
2026-08-28 22:41:33,626 [ERROR] LogOutputStream:75 - [STDERR_REDIRECT] WARNING: Could not lock System prefs. Unix error code 5.
2026-08-28 22:41:33,626 [ERROR] LogOutputStream:75 - [STDERR_REDIRECT] 
2026-08-28 22:41:33,626 [ERROR] LogOutputStream:75 - [STDERR_REDIRECT] Aug 28, 2026 10:41:33 PM java.util.prefs.FileSystemPreferences syncWorld
2026-08-28 22:41:33,626 [ERROR] LogOutputStream:75 - [STDERR_REDIRECT] WARNING: Couldn't flush system prefs: java.util.prefs.BackingStoreException: Couldn't get file lock.
2026-08-28 22:41:33,626 [ERROR] LogOutputStream:75 - [STDERR_REDIRECT] 
2026-08-28 22:42:03,627 [ERROR] LogOutputStream:75 - [STDERR_REDIRECT] Aug 28, 2026 10:42:03 PM java.util.prefs.FileSystemPreferences checkLockFile0ErrorCode
2026-08-28 22:42:03,627 [ERROR] LogOutputStream:75 - [STDERR_REDIRECT] WARNING: Could not lock System prefs. Unix error code 5.
2026-08-28 22:42:03,627 [ERROR] LogOutputStream:75 - [STDERR_REDIRECT] 
2026-08-28 22:42:03,627 [ERROR] LogOutputStream:75 - [STDERR_REDIRECT] Aug 28, 2026 10:42:03 PM java.util.prefs.FileSystemPreferences syncWorld
2026-08-28 22:42:03,627 [ERROR] LogOutputStream:75 - [STDERR_REDIRECT] WARNING: Couldn't flush system prefs: java.util.prefs.BackingStoreException: Couldn't get file lock.
2026-08-28 22:42:03,627 [ERROR] LogOutputStream:75 - [STDERR_REDIRECT] 
2026-08-28 22:42:33,627 [ERROR] LogOutputStream:75 - [STDERR_REDIRECT] Aug 28, 2026 10:42:33 PM java.util.prefs.FileSystemPreferences checkLockFile0ErrorCode
2026-08-28 22:42:33,627 [ERROR] LogOutputStream:75 - [STDERR_REDIRECT] WARNING: Could not lock System prefs. Unix error code 5.
2026-08-28 22:42:33,627 [ERROR] LogOutputStream:75 - [STDERR_REDIRECT] 
2026-08-28 22:42:33,628 [ERROR] LogOutputStream:75 - [STDERR_REDIRECT] Aug 28, 2026 10:42:33 PM java.util.prefs.FileSystemPreferences syncWorld
2026-08-28 22:42:33,628 [ERROR] LogOutputStream:75 - [STDERR_REDIRECT] WARNING: Couldn't flush system prefs: java.util.prefs.BackingStoreException: Couldn't get file lock.
2026-08-28 22:42:33,628 [ERROR] LogOutputStream:75 - [STDERR_REDIRECT] 
2026-08-28 22:43:03,627 [ERROR] LogOutputStream:75 - [STDERR_REDIRECT] Aug 28, 2026 10:43:03 PM java.util.prefs.FileSystemPreferences checkLockFile0ErrorCode
2026-08-28 22:43:03,628 [ERROR] LogOutputStream:75 - [STDERR_REDIRECT] WARNING: Could not lock System prefs. Unix error code 5.
2026-08-28 22:43:03,628 [ERROR] LogOutputStream:75 - [STDERR_REDIRECT] 
2026-08-28 22:43:03,628 [ERROR] LogOutputStream:75 - [STDERR_REDIRECT] Aug 28, 2026 10:43:03 PM java.util.prefs.FileSystemPreferences syncWorld
2026-08-28 22:43:03,628 [ERROR] LogOutputStream:75 - [STDERR_REDIRECT] WARNING: Couldn't flush system prefs: java.util.prefs.BackingStoreException: Couldn't get file lock.
2026-08-28 22:43:03,628 [ERROR] LogOutputStream:75 - [STDERR_REDIRECT] 
2026-08-28 22:43:33,628 [ERROR] LogOutputStream:75 - [STDERR_REDIRECT] Aug 28, 2026 10:43:33 PM java.util.prefs.FileSystemPreferences checkLockFile0ErrorCode
2026-08-28 22:43:33,629 [ERROR] LogOutputStream:75 - [STDERR_REDIRECT] WARNING: Could not lock System prefs. Unix error code 5.
2026-08-28 22:43:33,629 [ERROR] LogOutputStream:75 - [STDERR_REDIRECT] 
2026-08-28 22:43:33,629 [ERROR] LogOutputStream:75 - [STDERR_REDIRECT] Aug 28, 2026 10:43:33 PM java.util.prefs.FileSystemPreferences syncWorld
2026-08-28 22:43:33,629 [ERROR] LogOutputStream:75 - [STDERR_REDIRECT] WARNING: Couldn't flush system prefs: java.util.prefs.BackingStoreException: Couldn't get file lock.
2026-08-28 22:43:33,629 [ERROR] LogOutputStream:75 - [STDERR_REDIRECT] 
2026-08-28 22:44:03,629 [ERROR] LogOutputStream:75 - [STDERR_REDIRECT] Aug 28, 2026 10:44:03 PM java.util.prefs.FileSystemPreferences checkLockFile0ErrorCode
2026-08-28 22:44:03,629 [ERROR] LogOutputStream:75 - [STDERR_REDIRECT] WARNING: Could not lock System prefs. Unix error code 5.
2026-08-28 22:44:03,629 [ERROR] LogOutputStream:75 - [STDERR_REDIRECT] 
2026-08-28 22:44:03,630 [ERROR] LogOutputStream:75 - [STDERR_REDIRECT] Aug 28, 2026 10:44:03 PM java.util.prefs.FileSystemPreferences syncWorld
2026-08-28 22:44:03,630 [ERROR] LogOutputStream:75 - [STDERR_REDIRECT] WARNING: Couldn't flush system prefs: java.util.prefs.BackingStoreException: Couldn't get file lock.
2026-08-28 22:44:03,630 [ERROR] LogOutputStream:75 - [STDERR_REDIRECT] 
2026-08-28 22:44:33,629 [ERROR] LogOutputStream:75 - [STDERR_REDIRECT] Aug 28, 2026 10:44:33 PM java.util.prefs.FileSystemPreferences checkLockFile0ErrorCode
2026-08-28 22:44:33,629 [ERROR] LogOutputStream:75 - [STDERR_REDIRECT] WARNING: Could not lock System prefs. Unix error code 5.
2026-08-28 22:44:33,629 [ERROR] LogOutputStream:75 - [STDERR_REDIRECT] 
2026-08-28 22:44:33,630 [ERROR] LogOutputStream:75 - [STDERR_REDIRECT] Aug 28, 2026 10:44:33 PM java.util.prefs.FileSystemPreferences syncWorld
2026-08-28 22:44:33,630 [ERROR] LogOutputStream:75 - [STDERR_REDIRECT] WARNING: Couldn't flush system prefs: java.util.prefs.BackingStoreException: Couldn't get file lock.
2026-08-28 22:44:33,630 [ERROR] LogOutputStream:75 - [STDERR_REDIRECT] 
2026-08-28 22:45:03,629 [ERROR] LogOutputStream:75 - [STDERR_REDIRECT] Aug 28, 2026 10:45:03 PM java.util.prefs.FileSystemPreferences checkLockFile0ErrorCode
2026-08-28 22:45:03,629 [ERROR] LogOutputStream:75 - [STDERR_REDIRECT] WARNING: Could not lock System prefs. Unix error code 5.
2026-08-28 22:45:03,629 [ERROR] LogOutputStream:75 - [STDERR_REDIRECT] 
2026-08-28 22:45:03,629 [ERROR] LogOutputStream:75 - [STDERR_REDIRECT] Aug 28, 2026 10:45:03 PM java.util.prefs.FileSystemPreferences syncWorld
2026-08-28 22:45:03,629 [ERROR] LogOutputStream:75 - [STDERR_REDIRECT] WARNING: Couldn't flush system prefs: java.util.prefs.BackingStoreException: Couldn't get file lock.
2026-08-28 22:45:03,629 [ERROR] LogOutputStream:75 - [STDERR_REDIRECT] 
2026-08-28 22:45:33,629 [ERROR] LogOutputStream:75 - [STDERR_REDIRECT] Aug 28, 2026 10:45:33 PM java.util.prefs.FileSystemPreferences checkLockFile0ErrorCode
2026-08-28 22:45:33,629 [ERROR] LogOutputStream:75 - [STDERR_REDIRECT] WARNING: Could not lock System prefs. Unix error code 5.
2026-08-28 22:45:33,630 [ERROR] LogOutputStream:75 - [STDERR_REDIRECT] 
2026-08-28 22:45:33,630 [ERROR] LogOutputStream:75 - [STDERR_REDIRECT] Aug 28, 2026 10:45:33 PM java.util.prefs.FileSystemPreferences syncWorld
2026-08-28 22:45:33,630 [ERROR] LogOutputStream:75 - [STDERR_REDIRECT] WARNING: Couldn't flush system prefs: java.util.prefs.BackingStoreException: Couldn't get file lock.
2026-08-28 22:45:33,630 [ERROR] LogOutputStream:75 - [STDERR_REDIRECT] 
2026-08-28 22:46:03,630 [ERROR] LogOutputStream:75 - [STDERR_REDIRECT] Aug 28, 2026 10:46:03 PM java.util.prefs.FileSystemPreferences checkLockFile0ErrorCode
2026-08-28 22:46:03,631 [ERROR] LogOutputStream:75 - [STDERR_REDIRECT] WARNING: Could not lock System prefs. Unix error code 5.
2026-08-28 22:46:03,631 [ERROR] LogOutputStream:75 - [STDERR_REDIRECT] 
2026-08-28 22:46:03,631 [ERROR] LogOutputStream:75 - [STDERR_REDIRECT] Aug 28, 2026 10:46:03 PM java.util.prefs.FileSystemPreferences syncWorld
2026-08-28 22:46:03,631 [ERROR] LogOutputStream:75 - [STDERR_REDIRECT] WARNING: Couldn't flush system prefs: java.util.prefs.BackingStoreException: Couldn't get file lock.
2026-08-28 22:46:03,631 [ERROR] LogOutputStream:75 - [STDERR_REDIRECT] 
2026-08-28 22:46:33,630 [ERROR] LogOutputStream:75 - [STDERR_REDIRECT] Aug 28, 2026 10:46:33 PM java.util.prefs.FileSystemPreferences checkLockFile0ErrorCode
2026-08-28 22:46:33,631 [ERROR] LogOutputStream:75 - [STDERR_REDIRECT] WARNING: Could not lock System prefs. Unix error code 5.
2026-08-28 22:46:33,631 [ERROR] LogOutputStream:75 - [STDERR_REDIRECT] 
2026-08-28 22:46:33,631 [ERROR] LogOutputStream:75 - [STDERR_REDIRECT] Aug 28, 2026 10:46:33 PM java.util.prefs.FileSystemPreferences syncWorld
2026-08-28 22:46:33,631 [ERROR] LogOutputStream:75 - [STDERR_REDIRECT] WARNING: Couldn't flush system prefs: java.util.prefs.BackingStoreException: Couldn't get file lock.
2026-08-28 22:46:33,631 [ERROR] LogOutputStream:75 - [STDERR_REDIRECT] 
2026-08-28 22:47:03,632 [ERROR] LogOutputStream:75 - [STDERR_REDIRECT] Aug 28, 2026 10:47:03 PM java.util.prefs.FileSystemPreferences checkLockFile0ErrorCode
2026-08-28 22:47:03,632 [ERROR] LogOutputStream:75 - [STDERR_REDIRECT] WARNING: Could not lock System prefs. Unix error code 5.
2026-08-28 22:47:03,632 [ERROR] LogOutputStream:75 - [STDERR_REDIRECT] 
2026-08-28 22:47:03,632 [ERROR] LogOutputStream:75 - [STDERR_REDIRECT] Aug 28, 2026 10:47:03 PM java.util.prefs.FileSystemPreferences syncWorld
2026-08-28 22:47:03,632 [ERROR] LogOutputStream:75 - [STDERR_REDIRECT] WARNING: Couldn't flush system prefs: java.util.prefs.BackingStoreException: Couldn't get file lock.
2026-08-28 22:47:03,632 [ERROR] LogOutputStream:75 - [STDERR_REDIRECT] 
2026-08-28 22:47:33,632 [ERROR] LogOutputStream:75 - [STDERR_REDIRECT] Aug 28, 2026 10:47:33 PM java.util.prefs.FileSystemPreferences checkLockFile0ErrorCode
2026-08-28 22:47:33,633 [ERROR] LogOutputStream:75 - [STDERR_REDIRECT] WARNING: Could not lock System prefs. Unix error code 5.
2026-08-28 22:47:33,633 [ERROR] LogOutputStream:75 - [STDERR_REDIRECT] 
2026-08-28 22:47:33,633 [ERROR] LogOutputStream:75 - [STDERR_REDIRECT] Aug 28, 2026 10:47:33 PM java.util.prefs.FileSystemPreferences syncWorld
2026-08-28 22:47:33,633 [ERROR] LogOutputStream:75 - [STDERR_REDIRECT] WARNING: Couldn't flush system prefs: java.util.prefs.BackingStoreException: Couldn't get file lock.
2026-08-28 22:47:33,633 [ERROR] LogOutputStream:75 - [STDERR_REDIRECT] 
2026-08-28 22:48:03,634 [ERROR] LogOutputStream:75 - [STDERR_REDIRECT] Aug 28, 2026 10:48:03 PM java.util.prefs.FileSystemPreferences checkLockFile0ErrorCode
2026-08-28 22:48:03,634 [ERROR] LogOutputStream:75 - [STDERR_REDIRECT] WARNING: Could not lock System prefs. Unix error code 5.
2026-08-28 22:48:03,634 [ERROR] LogOutputStream:75 - [STDERR_REDIRECT] 
2026-08-28 22:48:03,635 [ERROR] LogOutputStream:75 - [STDERR_REDIRECT] Aug 28, 2026 10:48:03 PM java.util.prefs.FileSystemPreferences syncWorld
2026-08-28 22:48:03,635 [ERROR] LogOutputStream:75 - [STDERR_REDIRECT] WARNING: Couldn't flush system prefs: java.util.prefs.BackingStoreException: Couldn't get file lock.
2026-08-28 22:48:03,635 [ERROR] LogOutputStream:75 - [STDERR_REDIRECT] 
2026-08-28 22:48:33,634 [ERROR] LogOutputStream:75 - [STDERR_REDIRECT] Aug 28, 2026 10:48:33 PM java.util.prefs.FileSystemPreferences checkLockFile0ErrorCode
2026-08-28 22:48:33,634 [ERROR] LogOutputStream:75 - [STDERR_REDIRECT] WARNING: Could not lock System prefs. Unix error code 5.
2026-08-28 22:48:33,634 [ERROR] LogOutputStream:75 - [STDERR_REDIRECT] 
2026-08-28 22:48:33,635 [ERROR] LogOutputStream:75 - [STDERR_REDIRECT] Aug 28, 2026 10:48:33 PM java.util.prefs.FileSystemPreferences syncWorld
2026-08-28 22:48:33,635 [ERROR] LogOutputStream:75 - [STDERR_REDIRECT] WARNING: Couldn't flush system prefs: java.util.prefs.BackingStoreException: Couldn't get file lock.
2026-08-28 22:48:33,635 [ERROR] LogOutputStream:75 - [STDERR_REDIRECT] 
2026-08-28 22:49:03,634 [ERROR] LogOutputStream:75 - [STDERR_REDIRECT] Aug 28, 2026 10:49:03 PM java.util.prefs.FileSystemPreferences checkLockFile0ErrorCode
2026-08-28 22:49:03,635 [ERROR] LogOutputStream:75 - [STDERR_REDIRECT] WARNING: Could not lock System prefs. Unix error code 5.
2026-08-28 22:49:03,635 [ERROR] LogOutputStream:75 - [STDERR_REDIRECT] 
2026-08-28 22:49:03,635 [ERROR] LogOutputStream:75 - [STDERR_REDIRECT] Aug 28, 2026 10:49:03 PM java.util.prefs.FileSystemPreferences syncWorld
2026-08-28 22:49:03,635 [ERROR] LogOutputStream:75 - [STDERR_REDIRECT] WARNING: Couldn't flush system prefs: java.util.prefs.BackingStoreException: Couldn't get file lock.
2026-08-28 22:49:03,635 [ERROR] LogOutputStream:75 - [STDERR_REDIRECT] 
2026-08-28 22:49:33,635 [ERROR] LogOutputStream:75 - [STDERR_REDIRECT] Aug 28, 2026 10:49:33 PM java.util.prefs.FileSystemPreferences checkLockFile0ErrorCode
2026-08-28 22:49:33,635 [ERROR] LogOutputStream:75 - [STDERR_REDIRECT] WARNING: Could not lock System prefs. Unix error code 5.
2026-08-28 22:49:33,635 [ERROR] LogOutputStream:75 - [STDERR_REDIRECT] 
2026-08-28 22:49:33,635 [ERROR] LogOutputStream:75 - [STDERR_REDIRECT] Aug 28, 2026 10:49:33 PM java.util.prefs.FileSystemPreferences syncWorld
2026-08-28 22:49:33,636 [ERROR] LogOutputStream:75 - [STDERR_REDIRECT] WARNING: Couldn't flush system prefs: java.util.prefs.BackingStoreException: Couldn't get file lock.
2026-08-28 22:49:33,636 [ERROR] LogOutputStream:75 - [STDERR_REDIRECT] 
2026-08-28 22:50:03,635 [ERROR] LogOutputStream:75 - [STDERR_REDIRECT] Aug 28, 2026 10:50:03 PM java.util.prefs.FileSystemPreferences checkLockFile0ErrorCode
2026-08-28 22:50:03,635 [ERROR] LogOutputStream:75 - [STDERR_REDIRECT] WARNING: Could not lock System prefs. Unix error code 5.
2026-08-28 22:50:03,636 [ERROR] LogOutputStream:75 - [STDERR_REDIRECT] 
2026-08-28 22:50:03,636 [ERROR] LogOutputStream:75 - [STDERR_REDIRECT] Aug 28, 2026 10:50:03 PM java.util.prefs.FileSystemPreferences syncWorld
2026-08-28 22:50:03,636 [ERROR] LogOutputStream:75 - [STDERR_REDIRECT] WARNING: Couldn't flush system prefs: java.util.prefs.BackingStoreException: Couldn't get file lock.
2026-08-28 22:50:03,636 [ERROR] LogOutputStream:75 - [STDERR_REDIRECT] 
2026-08-28 22:50:33,635 [ERROR] LogOutputStream:75 - [STDERR_REDIRECT] Aug 28, 2026 10:50:33 PM java.util.prefs.FileSystemPreferences checkLockFile0ErrorCode
2026-08-28 22:50:33,637 [ERROR] LogOutputStream:75 - [STDERR_REDIRECT] WARNING: Could not lock System prefs. Unix error code 5.
2026-08-28 22:50:33,637 [ERROR] LogOutputStream:75 - [STDERR_REDIRECT] 
2026-08-28 22:50:33,637 [ERROR] LogOutputStream:75 - [STDERR_REDIRECT] Aug 28, 2026 10:50:33 PM java.util.prefs.FileSystemPreferences syncWorld
2026-08-28 22:50:33,637 [ERROR] LogOutputStream:75 - [STDERR_REDIRECT] WARNING: Couldn't flush system prefs: java.util.prefs.BackingStoreException: Couldn't get file lock.
2026-08-28 22:50:33,637 [ERROR] LogOutputStream:75 - [STDERR_REDIRECT] 
2026-08-28 22:51:03,636 [ERROR] LogOutputStream:75 - [STDERR_REDIRECT] Aug 28, 2026 10:51:03 PM java.util.prefs.FileSystemPreferences checkLockFile0ErrorCode
2026-08-28 22:51:03,636 [ERROR] LogOutputStream:75 - [STDERR_REDIRECT] WARNING: Could not lock System prefs. Unix error code 5.
2026-08-28 22:51:03,636 [ERROR] LogOutputStream:75 - [STDERR_REDIRECT] 
2026-08-28 22:51:03,636 [ERROR] LogOutputStream:75 - [STDERR_REDIRECT] Aug 28, 2026 10:51:03 PM java.util.prefs.FileSystemPreferences syncWorld
2026-08-28 22:51:03,636 [ERROR] LogOutputStream:75 - [STDERR_REDIRECT] WARNING: Couldn't flush system prefs: java.util.prefs.BackingStoreException: Couldn't get file lock.
2026-08-28 22:51:03,636 [ERROR] LogOutputStream:75 - [STDERR_REDIRECT] 
2026-08-28 22:51:33,636 [ERROR] LogOutputStream:75 - [STDERR_REDIRECT] Aug 28, 2026 10:51:33 PM java.util.prefs.FileSystemPreferences checkLockFile0ErrorCode
2026-08-28 22:51:33,636 [ERROR] LogOutputStream:75 - [STDERR_REDIRECT] WARNING: Could not lock System prefs. Unix error code 5.
2026-08-28 22:51:33,636 [ERROR] LogOutputStream:75 - [STDERR_REDIRECT] 
2026-08-28 22:51:33,637 [ERROR] LogOutputStream:75 - [STDERR_REDIRECT] Aug 28, 2026 10:51:33 PM java.util.prefs.FileSystemPreferences syncWorld
2026-08-28 22:51:33,637 [ERROR] LogOutputStream:75 - [STDERR_REDIRECT] WARNING: Couldn't flush system prefs: java.util.prefs.BackingStoreException: Couldn't get file lock.
2026-08-28 22:51:33,637 [ERROR] LogOutputStream:75 - [STDERR_REDIRECT] 
2026-08-28 22:52:03,636 [ERROR] LogOutputStream:75 - [STDERR_REDIRECT] Aug 28, 2026 10:52:03 PM java.util.prefs.FileSystemPreferences checkLockFile0ErrorCode
2026-08-28 22:52:03,636 [ERROR] LogOutputStream:75 - [STDERR_REDIRECT] WARNING: Could not lock System prefs. Unix error code 5.
2026-08-28 22:52:03,636 [ERROR] LogOutputStream:75 - [STDERR_REDIRECT] 
2026-08-28 22:52:03,637 [ERROR] LogOutputStream:75 - [STDERR_REDIRECT] Aug 28, 2026 10:52:03 PM java.util.prefs.FileSystemPreferences syncWorld
2026-08-28 22:52:03,637 [ERROR] LogOutputStream:75 - [STDERR_REDIRECT] WARNING: Couldn't flush system prefs: java.util.prefs.BackingStoreException: Couldn't get file lock.
2026-08-28 22:52:03,637 [ERROR] LogOutputStream:75 - [STDERR_REDIRECT] 
2026-08-28 22:52:33,636 [ERROR] LogOutputStream:75 - [STDERR_REDIRECT] Aug 28, 2026 10:52:33 PM java.util.prefs.FileSystemPreferences checkLockFile0ErrorCode
2026-08-28 22:52:33,636 [ERROR] LogOutputStream:75 - [STDERR_REDIRECT] WARNING: Could not lock System prefs. Unix error code 5.
2026-08-28 22:52:33,636 [ERROR] LogOutputStream:75 - [STDERR_REDIRECT] 
2026-08-28 22:52:33,636 [ERROR] LogOutputStream:75 - [STDERR_REDIRECT] Aug 28, 2026 10:52:33 PM java.util.prefs.FileSystemPreferences syncWorld
2026-08-28 22:52:33,636 [ERROR] LogOutputStream:75 - [STDERR_REDIRECT] WARNING: Couldn't flush system prefs: java.util.prefs.BackingStoreException: Couldn't get file lock.
2026-08-28 22:52:33,636 [ERROR] LogOutputStream:75 - [STDERR_REDIRECT] 
2026-08-28 22:53:03,637 [ERROR] LogOutputStream:75 - [STDERR_REDIRECT] Aug 28, 2026 10:53:03 PM java.util.prefs.FileSystemPreferences checkLockFile0ErrorCode
2026-08-28 22:53:03,637 [ERROR] LogOutputStream:75 - [STDERR_REDIRECT] WARNING: Could not lock System prefs. Unix error code 5.
2026-08-28 22:53:03,637 [ERROR] LogOutputStream:75 - [STDERR_REDIRECT] 
2026-08-28 22:53:03,638 [ERROR] LogOutputStream:75 - [STDERR_REDIRECT] Aug 28, 2026 10:53:03 PM java.util.prefs.FileSystemPreferences syncWorld
2026-08-28 22:53:03,638 [ERROR] LogOutputStream:75 - [STDERR_REDIRECT] WARNING: Couldn't flush system prefs: java.util.prefs.BackingStoreException: Couldn't get file lock.
2026-08-28 22:53:03,638 [ERROR] LogOutputStream:75 - [STDERR_REDIRECT] 
2026-08-28 22:53:33,637 [ERROR] LogOutputStream:75 - [STDERR_REDIRECT] Aug 28, 2026 10:53:33 PM java.util.prefs.FileSystemPreferences checkLockFile0ErrorCode
2026-08-28 22:53:33,637 [ERROR] LogOutputStream:75 - [STDERR_REDIRECT] WARNING: Could not lock System prefs. Unix error code 5.
2026-08-28 22:53:33,638 [ERROR] LogOutputStream:75 - [STDERR_REDIRECT] 
2026-08-28 22:53:33,638 [ERROR] LogOutputStream:75 - [STDERR_REDIRECT] Aug 28, 2026 10:53:33 PM java.util.prefs.FileSystemPreferences syncWorld
2026-08-28 22:53:33,638 [ERROR] LogOutputStream:75 - [STDERR_REDIRECT] WARNING: Couldn't flush system prefs: java.util.prefs.BackingStoreException: Couldn't get file lock.
2026-08-28 22:53:33,638 [ERROR] LogOutputStream:75 - [STDERR_REDIRECT] 
2026-08-28 22:54:03,637 [ERROR] LogOutputStream:75 - [STDERR_REDIRECT] Aug 28, 2026 10:54:03 PM java.util.prefs.FileSystemPreferences checkLockFile0ErrorCode
2026-08-28 22:54:03,638 [ERROR] LogOutputStream:75 - [STDERR_REDIRECT] WARNING: Could not lock System prefs. Unix error code 5.
2026-08-28 22:54:03,638 [ERROR] LogOutputStream:75 - [STDERR_REDIRECT] 
2026-08-28 22:54:03,638 [ERROR] LogOutputStream:75 - [STDERR_REDIRECT] Aug 28, 2026 10:54:03 PM java.util.prefs.FileSystemPreferences syncWorld
2026-08-28 22:54:03,638 [ERROR] LogOutputStream:75 - [STDERR_REDIRECT] WARNING: Couldn't flush system prefs: java.util.prefs.BackingStoreException: Couldn't get file lock.
2026-08-28 22:54:03,638 [ERROR] LogOutputStream:75 - [STDERR_REDIRECT] 
2026-08-28 22:54:33,637 [ERROR] LogOutputStream:75 - [STDERR_REDIRECT] Aug 28, 2026 10:54:33 PM java.util.prefs.FileSystemPreferences checkLockFile0ErrorCode
2026-08-28 22:54:33,638 [ERROR] LogOutputStream:75 - [STDERR_REDIRECT] WARNING: Could not lock System prefs. Unix error code 5.
2026-08-28 22:54:33,638 [ERROR] LogOutputStream:75 - [STDERR_REDIRECT] 
2026-08-28 22:54:33,638 [ERROR] LogOutputStream:75 - [STDERR_REDIRECT] Aug 28, 2026 10:54:33 PM java.util.prefs.FileSystemPreferences syncWorld
2026-08-28 22:54:33,638 [ERROR] LogOutputStream:75 - [STDERR_REDIRECT] WARNING: Couldn't flush system prefs: java.util.prefs.BackingStoreException: Couldn't get file lock.
2026-08-28 22:54:33,638 [ERROR] LogOutputStream:75 - [STDERR_REDIRECT] 
2026-08-28 22:55:03,638 [ERROR] LogOutputStream:75 - [STDERR_REDIRECT] Aug 28, 2026 10:55:03 PM java.util.prefs.FileSystemPreferences checkLockFile0ErrorCode
2026-08-28 22:55:03,638 [ERROR] LogOutputStream:75 - [STDERR_REDIRECT] WARNING: Could not lock System prefs. Unix error code 5.
2026-08-28 22:55:03,638 [ERROR] LogOutputStream:75 - [STDERR_REDIRECT] 
2026-08-28 22:55:03,638 [ERROR] LogOutputStream:75 - [STDERR_REDIRECT] Aug 28, 2026 10:55:03 PM java.util.prefs.FileSystemPreferences syncWorld
2026-08-28 22:55:03,638 [ERROR] LogOutputStream:75 - [STDERR_REDIRECT] WARNING: Couldn't flush system prefs: java.util.prefs.BackingStoreException: Couldn't get file lock.
2026-08-28 22:55:03,638 [ERROR] LogOutputStream:75 - [STDERR_REDIRECT] 
2026-08-28 22:55:33,639 [ERROR] LogOutputStream:75 - [STDERR_REDIRECT] Aug 28, 2026 10:55:33 PM java.util.prefs.FileSystemPreferences checkLockFile0ErrorCode
2026-08-28 22:55:33,639 [ERROR] LogOutputStream:75 - [STDERR_REDIRECT] WARNING: Could not lock System prefs. Unix error code 5.
2026-08-28 22:55:33,639 [ERROR] LogOutputStream:75 - [STDERR_REDIRECT] 
2026-08-28 22:55:33,640 [ERROR] LogOutputStream:75 - [STDERR_REDIRECT] Aug 28, 2026 10:55:33 PM java.util.prefs.FileSystemPreferences syncWorld
2026-08-28 22:55:33,640 [ERROR] LogOutputStream:75 - [STDERR_REDIRECT] WARNING: Couldn't flush system prefs: java.util.prefs.BackingStoreException: Couldn't get file lock.
2026-08-28 22:55:33,640 [ERROR] LogOutputStream:75 - [STDERR_REDIRECT] 
2026-08-28 22:56:03,639 [ERROR] LogOutputStream:75 - [STDERR_REDIRECT] Aug 28, 2026 10:56:03 PM java.util.prefs.FileSystemPreferences checkLockFile0ErrorCode
2026-08-28 22:56:03,639 [ERROR] LogOutputStream:75 - [STDERR_REDIRECT] WARNING: Could not lock System prefs. Unix error code 5.
2026-08-28 22:56:03,639 [ERROR] LogOutputStream:75 - [STDERR_REDIRECT] 
2026-08-28 22:56:03,640 [ERROR] LogOutputStream:75 - [STDERR_REDIRECT] Aug 28, 2026 10:56:03 PM java.util.prefs.FileSystemPreferences syncWorld
2026-08-28 22:56:03,640 [ERROR] LogOutputStream:75 - [STDERR_REDIRECT] WARNING: Couldn't flush system prefs: java.util.prefs.BackingStoreException: Couldn't get file lock.
2026-08-28 22:56:03,640 [ERROR] LogOutputStream:75 - [STDERR_REDIRECT] 
2026-08-28 22:56:33,639 [ERROR] LogOutputStream:75 - [STDERR_REDIRECT] Aug 28, 2026 10:56:33 PM java.util.prefs.FileSystemPreferences checkLockFile0ErrorCode
2026-08-28 22:56:33,640 [ERROR] LogOutputStream:75 - [STDERR_REDIRECT] WARNING: Could not lock System prefs. Unix error code 5.
2026-08-28 22:56:33,640 [ERROR] LogOutputStream:75 - [STDERR_REDIRECT] 
2026-08-28 22:56:33,640 [ERROR] LogOutputStream:75 - [STDERR_REDIRECT] Aug 28, 2026 10:56:33 PM java.util.prefs.FileSystemPreferences syncWorld
2026-08-28 22:56:33,640 [ERROR] LogOutputStream:75 - [STDERR_REDIRECT] WARNING: Couldn't flush system prefs: java.util.prefs.BackingStoreException: Couldn't get file lock.
2026-08-28 22:56:33,640 [ERROR] LogOutputStream:75 - [STDERR_REDIRECT] 
2026-08-28 22:57:03,639 [ERROR] LogOutputStream:75 - [STDERR_REDIRECT] Aug 28, 2026 10:57:03 PM java.util.prefs.FileSystemPreferences checkLockFile0ErrorCode
2026-08-28 22:57:03,640 [ERROR] LogOutputStream:75 - [STDERR_REDIRECT] WARNING: Could not lock System prefs. Unix error code 5.
2026-08-28 22:57:03,640 [ERROR] LogOutputStream:75 - [STDERR_REDIRECT] 
2026-08-28 22:57:03,640 [ERROR] LogOutputStream:75 - [STDERR_REDIRECT] Aug 28, 2026 10:57:03 PM java.util.prefs.FileSystemPreferences syncWorld
2026-08-28 22:57:03,640 [ERROR] LogOutputStream:75 - [STDERR_REDIRECT] WARNING: Couldn't flush system prefs: java.util.prefs.BackingStoreException: Couldn't get file lock.
2026-08-28 22:57:03,640 [ERROR] LogOutputStream:75 - [STDERR_REDIRECT] 
2026-08-28 22:57:33,640 [ERROR] LogOutputStream:75 - [STDERR_REDIRECT] Aug 28, 2026 10:57:33 PM java.util.prefs.FileSystemPreferences checkLockFile0ErrorCode
2026-08-28 22:57:33,640 [ERROR] LogOutputStream:75 - [STDERR_REDIRECT] WARNING: Could not lock System prefs. Unix error code 5.
2026-08-28 22:57:33,640 [ERROR] LogOutputStream:75 - [STDERR_REDIRECT] 
2026-08-28 22:57:33,640 [ERROR] LogOutputStream:75 - [STDERR_REDIRECT] Aug 28, 2026 10:57:33 PM java.util.prefs.FileSystemPreferences syncWorld
2026-08-28 22:57:33,641 [ERROR] LogOutputStream:75 - [STDERR_REDIRECT] WARNING: Couldn't flush system prefs: java.util.prefs.BackingStoreException: Couldn't get file lock.
2026-08-28 22:57:33,641 [ERROR] LogOutputStream:75 - [STDERR_REDIRECT] 
2026-08-28 22:58:03,639 [ERROR] LogOutputStream:75 - [STDERR_REDIRECT] Aug 28, 2026 10:58:03 PM java.util.prefs.FileSystemPreferences checkLockFile0ErrorCode
2026-08-28 22:58:03,639 [ERROR] LogOutputStream:75 - [STDERR_REDIRECT] WARNING: Could not lock System prefs. Unix error code 5.
2026-08-28 22:58:03,639 [ERROR] LogOutputStream:75 - [STDERR_REDIRECT] 
2026-08-28 22:58:03,640 [ERROR] LogOutputStream:75 - [STDERR_REDIRECT] Aug 28, 2026 10:58:03 PM java.util.prefs.FileSystemPreferences syncWorld
2026-08-28 22:58:03,640 [ERROR] LogOutputStream:75 - [STDERR_REDIRECT] WARNING: Couldn't flush system prefs: java.util.prefs.BackingStoreException: Couldn't get file lock.
2026-08-28 22:58:03,640 [ERROR] LogOutputStream:75 - [STDERR_REDIRECT] 
2026-08-28 22:58:33,640 [ERROR] LogOutputStream:75 - [STDERR_REDIRECT] Aug 28, 2026 10:58:33 PM java.util.prefs.FileSystemPreferences checkLockFile0ErrorCode
2026-08-28 22:58:33,640 [ERROR] LogOutputStream:75 - [STDERR_REDIRECT] WARNING: Could not lock System prefs. Unix error code 5.
2026-08-28 22:58:33,640 [ERROR] LogOutputStream:75 - [STDERR_REDIRECT] 
2026-08-28 22:58:33,640 [ERROR] LogOutputStream:75 - [STDERR_REDIRECT] Aug 28, 2026 10:58:33 PM java.util.prefs.FileSystemPreferences syncWorld
2026-08-28 22:58:33,640 [ERROR] LogOutputStream:75 - [STDERR_REDIRECT] WARNING: Couldn't flush system prefs: java.util.prefs.BackingStoreException: Couldn't get file lock.
2026-08-28 22:58:33,640 [ERROR] LogOutputStream:75 - [STDERR_REDIRECT] 
2026-08-28 22:59:03,640 [ERROR] LogOutputStream:75 - [STDERR_REDIRECT] Aug 28, 2026 10:59:03 PM java.util.prefs.FileSystemPreferences checkLockFile0ErrorCode
2026-08-28 22:59:03,640 [ERROR] LogOutputStream:75 - [STDERR_REDIRECT] WARNING: Could not lock System prefs. Unix error code 5.
2026-08-28 22:59:03,640 [ERROR] LogOutputStream:75 - [STDERR_REDIRECT] 
2026-08-28 22:59:03,640 [ERROR] LogOutputStream:75 - [STDERR_REDIRECT] Aug 28, 2026 10:59:03 PM java.util.prefs.FileSystemPreferences syncWorld
2026-08-28 22:59:03,641 [ERROR] LogOutputStream:75 - [STDERR_REDIRECT] WARNING: Couldn't flush system prefs: java.util.prefs.BackingStoreException: Couldn't get file lock.
2026-08-28 22:59:03,641 [ERROR] LogOutputStream:75 - [STDERR_REDIRECT] 
2026-08-28 22:59:33,640 [ERROR] LogOutputStream:75 - [STDERR_REDIRECT] Aug 28, 2026 10:59:33 PM java.util.prefs.FileSystemPreferences checkLockFile0ErrorCode
2026-08-28 22:59:33,640 [ERROR] LogOutputStream:75 - [STDERR_REDIRECT] WARNING: Could not lock System prefs. Unix error code 5.
2026-08-28 22:59:33,640 [ERROR] LogOutputStream:75 - [STDERR_REDIRECT] 
2026-08-28 22:59:33,640 [ERROR] LogOutputStream:75 - [STDERR_REDIRECT] Aug 28, 2026 10:59:33 PM java.util.prefs.FileSystemPreferences syncWorld
2026-08-28 22:59:33,640 [ERROR] LogOutputStream:75 - [STDERR_REDIRECT] WARNING: Couldn't flush system prefs: java.util.prefs.BackingStoreException: Couldn't get file lock.
2026-08-28 22:59:33,641 [ERROR] LogOutputStream:75 - [STDERR_REDIRECT] 
2026-08-28 23:00:03,639 [ERROR] LogOutputStream:75 - [STDERR_REDIRECT] Aug 28, 2026 11:00:03 PM java.util.prefs.FileSystemPreferences checkLockFile0ErrorCode
2026-08-28 23:00:03,640 [ERROR] LogOutputStream:75 - [STDERR_REDIRECT] WARNING: Could not lock System prefs. Unix error code 5.
2026-08-28 23:00:03,640 [ERROR] LogOutputStream:75 - [STDERR_REDIRECT] 
2026-08-28 23:00:03,640 [ERROR] LogOutputStream:75 - [STDERR_REDIRECT] Aug 28, 2026 11:00:03 PM java.util.prefs.FileSystemPreferences syncWorld
2026-08-28 23:00:03,640 [ERROR] LogOutputStream:75 - [STDERR_REDIRECT] WARNING: Couldn't flush system prefs: java.util.prefs.BackingStoreException: Couldn't get file lock.
2026-08-28 23:00:03,640 [ERROR] LogOutputStream:75 - [STDERR_REDIRECT] 
2026-08-28 23:00:33,641 [ERROR] LogOutputStream:75 - [STDERR_REDIRECT] Aug 28, 2026 11:00:33 PM java.util.prefs.FileSystemPreferences checkLockFile0ErrorCode
2026-08-28 23:00:33,641 [ERROR] LogOutputStream:75 - [STDERR_REDIRECT] WARNING: Could not lock System prefs. Unix error code 5.
2026-08-28 23:00:33,641 [ERROR] LogOutputStream:75 - [STDERR_REDIRECT] 
2026-08-28 23:00:33,641 [ERROR] LogOutputStream:75 - [STDERR_REDIRECT] Aug 28, 2026 11:00:33 PM java.util.prefs.FileSystemPreferences syncWorld
2026-08-28 23:00:33,641 [ERROR] LogOutputStream:75 - [STDERR_REDIRECT] WARNING: Couldn't flush system prefs: java.util.prefs.BackingStoreException: Couldn't get file lock.
2026-08-28 23:00:33,642 [ERROR] LogOutputStream:75 - [STDERR_REDIRECT] 
2026-08-28 23:01:03,640 [ERROR] LogOutputStream:75 - [STDERR_REDIRECT] Aug 28, 2026 11:01:03 PM java.util.prefs.FileSystemPreferences checkLockFile0ErrorCode
2026-08-28 23:01:03,640 [ERROR] LogOutputStream:75 - [STDERR_REDIRECT] WARNING: Could not lock System prefs. Unix error code 5.
2026-08-28 23:01:03,640 [ERROR] LogOutputStream:75 - [STDERR_REDIRECT] 
2026-08-28 23:01:03,640 [ERROR] LogOutputStream:75 - [STDERR_REDIRECT] Aug 28, 2026 11:01:03 PM java.util.prefs.FileSystemPreferences syncWorld
2026-08-28 23:01:03,640 [ERROR] LogOutputStream:75 - [STDERR_REDIRECT] WARNING: Couldn't flush system prefs: java.util.prefs.BackingStoreException: Couldn't get file lock.
2026-08-28 23:01:03,640 [ERROR] LogOutputStream:75 - [STDERR_REDIRECT] 
2026-08-28 23:01:33,641 [ERROR] LogOutputStream:75 - [STDERR_REDIRECT] Aug 28, 2026 11:01:33 PM java.util.prefs.FileSystemPreferences checkLockFile0ErrorCode
2026-08-28 23:01:33,641 [ERROR] LogOutputStream:75 - [STDERR_REDIRECT] WARNING: Could not lock System prefs. Unix error code 5.
2026-08-28 23:01:33,641 [ERROR] LogOutputStream:75 - [STDERR_REDIRECT] 
2026-08-28 23:01:33,642 [ERROR] LogOutputStream:75 - [STDERR_REDIRECT] Aug 28, 2026 11:01:33 PM java.util.prefs.FileSystemPreferences syncWorld
2026-08-28 23:01:33,642 [ERROR] LogOutputStream:75 - [STDERR_REDIRECT] WARNING: Couldn't flush system prefs: java.util.prefs.BackingStoreException: Couldn't get file lock.
2026-08-28 23:01:33,642 [ERROR] LogOutputStream:75 - [STDERR_REDIRECT] 
2026-08-28 23:02:03,641 [ERROR] LogOutputStream:75 - [STDERR_REDIRECT] Aug 28, 2026 11:02:03 PM java.util.prefs.FileSystemPreferences checkLockFile0ErrorCode
2026-08-28 23:02:03,642 [ERROR] LogOutputStream:75 - [STDERR_REDIRECT] WARNING: Could not lock System prefs. Unix error code 5.
2026-08-28 23:02:03,642 [ERROR] LogOutputStream:75 - [STDERR_REDIRECT] 
2026-08-28 23:02:03,642 [ERROR] LogOutputStream:75 - [STDERR_REDIRECT] Aug 28, 2026 11:02:03 PM java.util.prefs.FileSystemPreferences syncWorld
2026-08-28 23:02:03,642 [ERROR] LogOutputStream:75 - [STDERR_REDIRECT] WARNING: Couldn't flush system prefs: java.util.prefs.BackingStoreException: Couldn't get file lock.
2026-08-28 23:02:03,642 [ERROR] LogOutputStream:75 - [STDERR_REDIRECT] 
2026-08-28 23:02:33,641 [ERROR] LogOutputStream:75 - [STDERR_REDIRECT] Aug 28, 2026 11:02:33 PM java.util.prefs.FileSystemPreferences checkLockFile0ErrorCode
2026-08-28 23:02:33,641 [ERROR] LogOutputStream:75 - [STDERR_REDIRECT] WARNING: Could not lock System prefs. Unix error code 5.
2026-08-28 23:02:33,641 [ERROR] LogOutputStream:75 - [STDERR_REDIRECT] 
2026-08-28 23:02:33,642 [ERROR] LogOutputStream:75 - [STDERR_REDIRECT] Aug 28, 2026 11:02:33 PM java.util.prefs.FileSystemPreferences syncWorld
2026-08-28 23:02:33,642 [ERROR] LogOutputStream:75 - [STDERR_REDIRECT] WARNING: Couldn't flush system prefs: java.util.prefs.BackingStoreException: Couldn't get file lock.
2026-08-28 23:02:33,642 [ERROR] LogOutputStream:75 - [STDERR_REDIRECT] 
2026-08-28 23:03:03,642 [ERROR] LogOutputStream:75 - [STDERR_REDIRECT] Aug 28, 2026 11:03:03 PM java.util.prefs.FileSystemPreferences checkLockFile0ErrorCode
2026-08-28 23:03:03,642 [ERROR] LogOutputStream:75 - [STDERR_REDIRECT] WARNING: Could not lock System prefs. Unix error code 5.
2026-08-28 23:03:03,642 [ERROR] LogOutputStream:75 - [STDERR_REDIRECT] 
2026-08-28 23:03:03,642 [ERROR] LogOutputStream:75 - [STDERR_REDIRECT] Aug 28, 2026 11:03:03 PM java.util.prefs.FileSystemPreferences syncWorld
2026-08-28 23:03:03,642 [ERROR] LogOutputStream:75 - [STDERR_REDIRECT] WARNING: Couldn't flush system prefs: java.util.prefs.BackingStoreException: Couldn't get file lock.
2026-08-28 23:03:03,643 [ERROR] LogOutputStream:75 - [STDERR_REDIRECT] 
2026-08-28 23:03:33,641 [ERROR] LogOutputStream:75 - [STDERR_REDIRECT] Aug 28, 2026 11:03:33 PM java.util.prefs.FileSystemPreferences checkLockFile0ErrorCode
2026-08-28 23:03:33,641 [ERROR] LogOutputStream:75 - [STDERR_REDIRECT] WARNING: Could not lock System prefs. Unix error code 5.
2026-08-28 23:03:33,641 [ERROR] LogOutputStream:75 - [STDERR_REDIRECT] 
2026-08-28 23:03:33,641 [ERROR] LogOutputStream:75 - [STDERR_REDIRECT] Aug 28, 2026 11:03:33 PM java.util.prefs.FileSystemPreferences syncWorld
2026-08-28 23:03:33,642 [ERROR] LogOutputStream:75 - [STDERR_REDIRECT] WARNING: Couldn't flush system prefs: java.util.prefs.BackingStoreException: Couldn't get file lock.
2026-08-28 23:03:33,642 [ERROR] LogOutputStream:75 - [STDERR_REDIRECT] 
2026-08-28 23:04:03,641 [ERROR] LogOutputStream:75 - [STDERR_REDIRECT] Aug 28, 2026 11:04:03 PM java.util.prefs.FileSystemPreferences checkLockFile0ErrorCode
2026-08-28 23:04:03,641 [ERROR] LogOutputStream:75 - [STDERR_REDIRECT] WARNING: Could not lock System prefs. Unix error code 5.
2026-08-28 23:04:03,641 [ERROR] LogOutputStream:75 - [STDERR_REDIRECT] 
2026-08-28 23:04:03,642 [ERROR] LogOutputStream:75 - [STDERR_REDIRECT] Aug 28, 2026 11:04:03 PM java.util.prefs.FileSystemPreferences syncWorld
2026-08-28 23:04:03,642 [ERROR] LogOutputStream:75 - [STDERR_REDIRECT] WARNING: Couldn't flush system prefs: java.util.prefs.BackingStoreException: Couldn't get file lock.
2026-08-28 23:04:03,642 [ERROR] LogOutputStream:75 - [STDERR_REDIRECT] 
2026-08-28 23:04:33,641 [ERROR] LogOutputStream:75 - [STDERR_REDIRECT] Aug 28, 2026 11:04:33 PM java.util.prefs.FileSystemPreferences checkLockFile0ErrorCode
2026-08-28 23:04:33,641 [ERROR] LogOutputStream:75 - [STDERR_REDIRECT] WARNING: Could not lock System prefs. Unix error code 5.
2026-08-28 23:04:33,642 [ERROR] LogOutputStream:75 - [STDERR_REDIRECT] 
2026-08-28 23:04:33,642 [ERROR] LogOutputStream:75 - [STDERR_REDIRECT] Aug 28, 2026 11:04:33 PM java.util.prefs.FileSystemPreferences syncWorld
2026-08-28 23:04:33,642 [ERROR] LogOutputStream:75 - [STDERR_REDIRECT] WARNING: Couldn't flush system prefs: java.util.prefs.BackingStoreException: Couldn't get file lock.
2026-08-28 23:04:33,642 [ERROR] LogOutputStream:75 - [STDERR_REDIRECT] 
2026-08-28 23:05:03,642 [ERROR] LogOutputStream:75 - [STDERR_REDIRECT] Aug 28, 2026 11:05:03 PM java.util.prefs.FileSystemPreferences checkLockFile0ErrorCode
2026-08-28 23:05:03,642 [ERROR] LogOutputStream:75 - [STDERR_REDIRECT] WARNING: Could not lock System prefs. Unix error code 5.
2026-08-28 23:05:03,642 [ERROR] LogOutputStream:75 - [STDERR_REDIRECT] 
2026-08-28 23:05:03,642 [ERROR] LogOutputStream:75 - [STDERR_REDIRECT] Aug 28, 2026 11:05:03 PM java.util.prefs.FileSystemPreferences syncWorld
2026-08-28 23:05:03,643 [ERROR] LogOutputStream:75 - [STDERR_REDIRECT] WARNING: Couldn't flush system prefs: java.util.prefs.BackingStoreException: Couldn't get file lock.
2026-08-28 23:05:03,643 [ERROR] LogOutputStream:75 - [STDERR_REDIRECT] 
2026-08-28 23:05:33,641 [ERROR] LogOutputStream:75 - [STDERR_REDIRECT] Aug 28, 2026 11:05:33 PM java.util.prefs.FileSystemPreferences checkLockFile0ErrorCode
2026-08-28 23:05:33,641 [ERROR] LogOutputStream:75 - [STDERR_REDIRECT] WARNING: Could not lock System prefs. Unix error code 5.
2026-08-28 23:05:33,642 [ERROR] LogOutputStream:75 - [STDERR_REDIRECT] 
2026-08-28 23:05:33,642 [ERROR] LogOutputStream:75 - [STDERR_REDIRECT] Aug 28, 2026 11:05:33 PM java.util.prefs.FileSystemPreferences syncWorld
2026-08-28 23:05:33,642 [ERROR] LogOutputStream:75 - [STDERR_REDIRECT] WARNING: Couldn't flush system prefs: java.util.prefs.BackingStoreException: Couldn't get file lock.
2026-08-28 23:05:33,642 [ERROR] LogOutputStream:75 - [STDERR_REDIRECT] 
2026-08-28 23:06:03,642 [ERROR] LogOutputStream:75 - [STDERR_REDIRECT] Aug 28, 2026 11:06:03 PM java.util.prefs.FileSystemPreferences checkLockFile0ErrorCode
2026-08-28 23:06:03,642 [ERROR] LogOutputStream:75 - [STDERR_REDIRECT] WARNING: Could not lock System prefs. Unix error code 5.
2026-08-28 23:06:03,642 [ERROR] LogOutputStream:75 - [STDERR_REDIRECT] 
2026-08-28 23:06:03,642 [ERROR] LogOutputStream:75 - [STDERR_REDIRECT] Aug 28, 2026 11:06:03 PM java.util.prefs.FileSystemPreferences syncWorld
2026-08-28 23:06:03,642 [ERROR] LogOutputStream:75 - [STDERR_REDIRECT] WARNING: Couldn't flush system prefs: java.util.prefs.BackingStoreException: Couldn't get file lock.
2026-08-28 23:06:03,642 [ERROR] LogOutputStream:75 - [STDERR_REDIRECT] 
2026-08-28 23:06:33,642 [ERROR] LogOutputStream:75 - [STDERR_REDIRECT] Aug 28, 2026 11:06:33 PM java.util.prefs.FileSystemPreferences checkLockFile0ErrorCode
2026-08-28 23:06:33,642 [ERROR] LogOutputStream:75 - [STDERR_REDIRECT] WARNING: Could not lock System prefs. Unix error code 5.
2026-08-28 23:06:33,642 [ERROR] LogOutputStream:75 - [STDERR_REDIRECT] 
2026-08-28 23:06:33,642 [ERROR] LogOutputStream:75 - [STDERR_REDIRECT] Aug 28, 2026 11:06:33 PM java.util.prefs.FileSystemPreferences syncWorld
2026-08-28 23:06:33,642 [ERROR] LogOutputStream:75 - [STDERR_REDIRECT] WARNING: Couldn't flush system prefs: java.util.prefs.BackingStoreException: Couldn't get file lock.
2026-08-28 23:06:33,642 [ERROR] LogOutputStream:75 - [STDERR_REDIRECT] 
2026-08-28 23:07:03,643 [ERROR] LogOutputStream:75 - [STDERR_REDIRECT] Aug 28, 2026 11:07:03 PM java.util.prefs.FileSystemPreferences checkLockFile0ErrorCode
2026-08-28 23:07:03,643 [ERROR] LogOutputStream:75 - [STDERR_REDIRECT] WARNING: Could not lock System prefs. Unix error code 5.
2026-08-28 23:07:03,644 [ERROR] LogOutputStream:75 - [STDERR_REDIRECT] 
2026-08-28 23:07:03,644 [ERROR] LogOutputStream:75 - [STDERR_REDIRECT] Aug 28, 2026 11:07:03 PM java.util.prefs.FileSystemPreferences syncWorld
2026-08-28 23:07:03,644 [ERROR] LogOutputStream:75 - [STDERR_REDIRECT] WARNING: Couldn't flush system prefs: java.util.prefs.BackingStoreException: Couldn't get file lock.
2026-08-28 23:07:03,644 [ERROR] LogOutputStream:75 - [STDERR_REDIRECT] 
2026-08-28 23:07:33,644 [ERROR] LogOutputStream:75 - [STDERR_REDIRECT] Aug 28, 2026 11:07:33 PM java.util.prefs.FileSystemPreferences checkLockFile0ErrorCode
2026-08-28 23:07:33,644 [ERROR] LogOutputStream:75 - [STDERR_REDIRECT] WARNING: Could not lock System prefs. Unix error code 5.
2026-08-28 23:07:33,644 [ERROR] LogOutputStream:75 - [STDERR_REDIRECT] 
2026-08-28 23:07:33,644 [ERROR] LogOutputStream:75 - [STDERR_REDIRECT] Aug 28, 2026 11:07:33 PM java.util.prefs.FileSystemPreferences syncWorld
2026-08-28 23:07:33,644 [ERROR] LogOutputStream:75 - [STDERR_REDIRECT] WARNING: Couldn't flush system prefs: java.util.prefs.BackingStoreException: Couldn't get file lock.
2026-08-28 23:07:33,644 [ERROR] LogOutputStream:75 - [STDERR_REDIRECT] 
2026-08-28 23:08:03,642 [ERROR] LogOutputStream:75 - [STDERR_REDIRECT] Aug 28, 2026 11:08:03 PM java.util.prefs.FileSystemPreferences checkLockFile0ErrorCode
2026-08-28 23:08:03,643 [ERROR] LogOutputStream:75 - [STDERR_REDIRECT] WARNING: Could not lock System prefs. Unix error code 5.
2026-08-28 23:08:03,643 [ERROR] LogOutputStream:75 - [STDERR_REDIRECT] 
2026-08-28 23:08:03,643 [ERROR] LogOutputStream:75 - [STDERR_REDIRECT] Aug 28, 2026 11:08:03 PM java.util.prefs.FileSystemPreferences syncWorld
2026-08-28 23:08:03,643 [ERROR] LogOutputStream:75 - [STDERR_REDIRECT] WARNING: Couldn't flush system prefs: java.util.prefs.BackingStoreException: Couldn't get file lock.
2026-08-28 23:08:03,643 [ERROR] LogOutputStream:75 - [STDERR_REDIRECT] 
2026-08-28 23:08:33,643 [ERROR] LogOutputStream:75 - [STDERR_REDIRECT] Aug 28, 2026 11:08:33 PM java.util.prefs.FileSystemPreferences checkLockFile0ErrorCode
2026-08-28 23:08:33,644 [ERROR] LogOutputStream:75 - [STDERR_REDIRECT] WARNING: Could not lock System prefs. Unix error code 5.
2026-08-28 23:08:33,644 [ERROR] LogOutputStream:75 - [STDERR_REDIRECT] 
2026-08-28 23:08:33,644 [ERROR] LogOutputStream:75 - [STDERR_REDIRECT] Aug 28, 2026 11:08:33 PM java.util.prefs.FileSystemPreferences syncWorld
2026-08-28 23:08:33,644 [ERROR] LogOutputStream:75 - [STDERR_REDIRECT] WARNING: Couldn't flush system prefs: java.util.prefs.BackingStoreException: Couldn't get file lock.
2026-08-28 23:08:33,644 [ERROR] LogOutputStream:75 - [STDERR_REDIRECT] 
2026-08-28 23:09:03,645 [ERROR] LogOutputStream:75 - [STDERR_REDIRECT] Aug 28, 2026 11:09:03 PM java.util.prefs.FileSystemPreferences checkLockFile0ErrorCode
2026-08-28 23:09:03,645 [ERROR] LogOutputStream:75 - [STDERR_REDIRECT] WARNING: Could not lock System prefs. Unix error code 5.
2026-08-28 23:09:03,645 [ERROR] LogOutputStream:75 - [STDERR_REDIRECT] 
2026-08-28 23:09:03,645 [ERROR] LogOutputStream:75 - [STDERR_REDIRECT] Aug 28, 2026 11:09:03 PM java.util.prefs.FileSystemPreferences syncWorld
2026-08-28 23:09:03,646 [ERROR] LogOutputStream:75 - [STDERR_REDIRECT] WARNING: Couldn't flush system prefs: java.util.prefs.BackingStoreException: Couldn't get file lock.
2026-08-28 23:09:03,646 [ERROR] LogOutputStream:75 - [STDERR_REDIRECT] 
2026-08-28 23:09:33,644 [ERROR] LogOutputStream:75 - [STDERR_REDIRECT] Aug 28, 2026 11:09:33 PM java.util.prefs.FileSystemPreferences checkLockFile0ErrorCode
2026-08-28 23:09:33,644 [ERROR] LogOutputStream:75 - [STDERR_REDIRECT] WARNING: Could not lock System prefs. Unix error code 5.
2026-08-28 23:09:33,644 [ERROR] LogOutputStream:75 - [STDERR_REDIRECT] 
2026-08-28 23:09:33,645 [ERROR] LogOutputStream:75 - [STDERR_REDIRECT] Aug 28, 2026 11:09:33 PM java.util.prefs.FileSystemPreferences syncWorld
2026-08-28 23:09:33,645 [ERROR] LogOutputStream:75 - [STDERR_REDIRECT] WARNING: Couldn't flush system prefs: java.util.prefs.BackingStoreException: Couldn't get file lock.
2026-08-28 23:09:33,645 [ERROR] LogOutputStream:75 - [STDERR_REDIRECT] 
2026-08-28 23:10:03,644 [ERROR] LogOutputStream:75 - [STDERR_REDIRECT] Aug 28, 2026 11:10:03 PM java.util.prefs.FileSystemPreferences checkLockFile0ErrorCode
2026-08-28 23:10:03,644 [ERROR] LogOutputStream:75 - [STDERR_REDIRECT] WARNING: Could not lock System prefs. Unix error code 5.
2026-08-28 23:10:03,644 [ERROR] LogOutputStream:75 - [STDERR_REDIRECT] 
2026-08-28 23:10:03,645 [ERROR] LogOutputStream:75 - [STDERR_REDIRECT] Aug 28, 2026 11:10:03 PM java.util.prefs.FileSystemPreferences syncWorld
2026-08-28 23:10:03,645 [ERROR] LogOutputStream:75 - [STDERR_REDIRECT] WARNING: Couldn't flush system prefs: java.util.prefs.BackingStoreException: Couldn't get file lock.
2026-08-28 23:10:03,645 [ERROR] LogOutputStream:75 - [STDERR_REDIRECT] 
2026-08-28 23:10:33,644 [ERROR] LogOutputStream:75 - [STDERR_REDIRECT] Aug 28, 2026 11:10:33 PM java.util.prefs.FileSystemPreferences checkLockFile0ErrorCode
2026-08-28 23:10:33,644 [ERROR] LogOutputStream:75 - [STDERR_REDIRECT] WARNING: Could not lock System prefs. Unix error code 5.
2026-08-28 23:10:33,644 [ERROR] LogOutputStream:75 - [STDERR_REDIRECT] 
2026-08-28 23:10:33,645 [ERROR] LogOutputStream:75 - [STDERR_REDIRECT] Aug 28, 2026 11:10:33 PM java.util.prefs.FileSystemPreferences syncWorld
2026-08-28 23:10:33,645 [ERROR] LogOutputStream:75 - [STDERR_REDIRECT] WARNING: Couldn't flush system prefs: java.util.prefs.BackingStoreException: Couldn't get file lock.
2026-08-28 23:10:33,645 [ERROR] LogOutputStream:75 - [STDERR_REDIRECT] 
2026-08-28 23:11:03,643 [ERROR] LogOutputStream:75 - [STDERR_REDIRECT] Aug 28, 2026 11:11:03 PM java.util.prefs.FileSystemPreferences checkLockFile0ErrorCode
2026-08-28 23:11:03,644 [ERROR] LogOutputStream:75 - [STDERR_REDIRECT] WARNING: Could not lock System prefs. Unix error code 5.
2026-08-28 23:11:03,644 [ERROR] LogOutputStream:75 - [STDERR_REDIRECT] 
2026-08-28 23:11:03,644 [ERROR] LogOutputStream:75 - [STDERR_REDIRECT] Aug 28, 2026 11:11:03 PM java.util.prefs.FileSystemPreferences syncWorld
2026-08-28 23:11:03,644 [ERROR] LogOutputStream:75 - [STDERR_REDIRECT] WARNING: Couldn't flush system prefs: java.util.prefs.BackingStoreException: Couldn't get file lock.
2026-08-28 23:11:03,644 [ERROR] LogOutputStream:75 - [STDERR_REDIRECT] 
2026-08-28 23:11:33,644 [ERROR] LogOutputStream:75 - [STDERR_REDIRECT] Aug 28, 2026 11:11:33 PM java.util.prefs.FileSystemPreferences checkLockFile0ErrorCode
2026-08-28 23:11:33,644 [ERROR] LogOutputStream:75 - [STDERR_REDIRECT] WARNING: Could not lock System prefs. Unix error code 5.
2026-08-28 23:11:33,644 [ERROR] LogOutputStream:75 - [STDERR_REDIRECT] 
2026-08-28 23:11:33,645 [ERROR] LogOutputStream:75 - [STDERR_REDIRECT] Aug 28, 2026 11:11:33 PM java.util.prefs.FileSystemPreferences syncWorld
2026-08-28 23:11:33,645 [ERROR] LogOutputStream:75 - [STDERR_REDIRECT] WARNING: Couldn't flush system prefs: java.util.prefs.BackingStoreException: Couldn't get file lock.
2026-08-28 23:11:33,645 [ERROR] LogOutputStream:75 - [STDERR_REDIRECT] 
2026-08-28 23:12:03,644 [ERROR] LogOutputStream:75 - [STDERR_REDIRECT] Aug 28, 2026 11:12:03 PM java.util.prefs.FileSystemPreferences checkLockFile0ErrorCode
2026-08-28 23:12:03,644 [ERROR] LogOutputStream:75 - [STDERR_REDIRECT] WARNING: Could not lock System prefs. Unix error code 5.
2026-08-28 23:12:03,644 [ERROR] LogOutputStream:75 - [STDERR_REDIRECT] 
2026-08-28 23:12:03,645 [ERROR] LogOutputStream:75 - [STDERR_REDIRECT] Aug 28, 2026 11:12:03 PM java.util.prefs.FileSystemPreferences syncWorld
2026-08-28 23:12:03,645 [ERROR] LogOutputStream:75 - [STDERR_REDIRECT] WARNING: Couldn't flush system prefs: java.util.prefs.BackingStoreException: Couldn't get file lock.
2026-08-28 23:12:03,645 [ERROR] LogOutputStream:75 - [STDERR_REDIRECT] 
2026-08-28 23:12:33,644 [ERROR] LogOutputStream:75 - [STDERR_REDIRECT] Aug 28, 2026 11:12:33 PM java.util.prefs.FileSystemPreferences checkLockFile0ErrorCode
2026-08-28 23:12:33,644 [ERROR] LogOutputStream:75 - [STDERR_REDIRECT] WARNING: Could not lock System prefs. Unix error code 5.
2026-08-28 23:12:33,644 [ERROR] LogOutputStream:75 - [STDERR_REDIRECT] 
2026-08-28 23:12:33,645 [ERROR] LogOutputStream:75 - [STDERR_REDIRECT] Aug 28, 2026 11:12:33 PM java.util.prefs.FileSystemPreferences syncWorld
2026-08-28 23:12:33,645 [ERROR] LogOutputStream:75 - [STDERR_REDIRECT] WARNING: Couldn't flush system prefs: java.util.prefs.BackingStoreException: Couldn't get file lock.
2026-08-28 23:12:33,645 [ERROR] LogOutputStream:75 - [STDERR_REDIRECT] 
2026-08-28 23:13:03,644 [ERROR] LogOutputStream:75 - [STDERR_REDIRECT] Aug 28, 2026 11:13:03 PM java.util.prefs.FileSystemPreferences checkLockFile0ErrorCode
2026-08-28 23:13:03,644 [ERROR] LogOutputStream:75 - [STDERR_REDIRECT] WARNING: Could not lock System prefs. Unix error code 5.
2026-08-28 23:13:03,645 [ERROR] LogOutputStream:75 - [STDERR_REDIRECT] 
2026-08-28 23:13:03,645 [ERROR] LogOutputStream:75 - [STDERR_REDIRECT] Aug 28, 2026 11:13:03 PM java.util.prefs.FileSystemPreferences syncWorld
2026-08-28 23:13:03,645 [ERROR] LogOutputStream:75 - [STDERR_REDIRECT] WARNING: Couldn't flush system prefs: java.util.prefs.BackingStoreException: Couldn't get file lock.
2026-08-28 23:13:03,645 [ERROR] LogOutputStream:75 - [STDERR_REDIRECT] 
2026-08-28 23:13:33,644 [ERROR] LogOutputStream:75 - [STDERR_REDIRECT] Aug 28, 2026 11:13:33 PM java.util.prefs.FileSystemPreferences checkLockFile0ErrorCode
2026-08-28 23:13:33,644 [ERROR] LogOutputStream:75 - [STDERR_REDIRECT] WARNING: Could not lock System prefs. Unix error code 5.
2026-08-28 23:13:33,644 [ERROR] LogOutputStream:75 - [STDERR_REDIRECT] 
2026-08-28 23:13:33,645 [ERROR] LogOutputStream:75 - [STDERR_REDIRECT] Aug 28, 2026 11:13:33 PM java.util.prefs.FileSystemPreferences syncWorld
2026-08-28 23:13:33,645 [ERROR] LogOutputStream:75 - [STDERR_REDIRECT] WARNING: Couldn't flush system prefs: java.util.prefs.BackingStoreException: Couldn't get file lock.
2026-08-28 23:13:33,645 [ERROR] LogOutputStream:75 - [STDERR_REDIRECT] 
2026-08-28 23:14:03,644 [ERROR] LogOutputStream:75 - [STDERR_REDIRECT] Aug 28, 2026 11:14:03 PM java.util.prefs.FileSystemPreferences checkLockFile0ErrorCode
2026-08-28 23:14:03,644 [ERROR] LogOutputStream:75 - [STDERR_REDIRECT] WARNING: Could not lock System prefs. Unix error code 5.
2026-08-28 23:14:03,644 [ERROR] LogOutputStream:75 - [STDERR_REDIRECT] 
2026-08-28 23:14:03,644 [ERROR] LogOutputStream:75 - [STDERR_REDIRECT] Aug 28, 2026 11:14:03 PM java.util.prefs.FileSystemPreferences syncWorld
2026-08-28 23:14:03,644 [ERROR] LogOutputStream:75 - [STDERR_REDIRECT] WARNING: Couldn't flush system prefs: java.util.prefs.BackingStoreException: Couldn't get file lock.
2026-08-28 23:14:03,645 [ERROR] LogOutputStream:75 - [STDERR_REDIRECT] 
2026-08-28 23:14:33,643 [ERROR] LogOutputStream:75 - [STDERR_REDIRECT] Aug 28, 2026 11:14:33 PM java.util.prefs.FileSystemPreferences checkLockFile0ErrorCode
2026-08-28 23:14:33,644 [ERROR] LogOutputStream:75 - [STDERR_REDIRECT] WARNING: Could not lock System prefs. Unix error code 5.
2026-08-28 23:14:33,644 [ERROR] LogOutputStream:75 - [STDERR_REDIRECT] 
2026-08-28 23:14:33,644 [ERROR] LogOutputStream:75 - [STDERR_REDIRECT] Aug 28, 2026 11:14:33 PM java.util.prefs.FileSystemPreferences syncWorld
2026-08-28 23:14:33,644 [ERROR] LogOutputStream:75 - [STDERR_REDIRECT] WARNING: Couldn't flush system prefs: java.util.prefs.BackingStoreException: Couldn't get file lock.
2026-08-28 23:14:33,644 [ERROR] LogOutputStream:75 - [STDERR_REDIRECT] 
2026-08-28 23:15:03,645 [ERROR] LogOutputStream:75 - [STDERR_REDIRECT] Aug 28, 2026 11:15:03 PM java.util.prefs.FileSystemPreferences checkLockFile0ErrorCode
2026-08-28 23:15:03,645 [ERROR] LogOutputStream:75 - [STDERR_REDIRECT] WARNING: Could not lock System prefs. Unix error code 5.
2026-08-28 23:15:03,645 [ERROR] LogOutputStream:75 - [STDERR_REDIRECT] 
2026-08-28 23:15:03,645 [ERROR] LogOutputStream:75 - [STDERR_REDIRECT] Aug 28, 2026 11:15:03 PM java.util.prefs.FileSystemPreferences syncWorld
2026-08-28 23:15:03,645 [ERROR] LogOutputStream:75 - [STDERR_REDIRECT] WARNING: Couldn't flush system prefs: java.util.prefs.BackingStoreException: Couldn't get file lock.
2026-08-28 23:15:03,646 [ERROR] LogOutputStream:75 - [STDERR_REDIRECT] 
2026-08-28 23:15:33,644 [ERROR] LogOutputStream:75 - [STDERR_REDIRECT] Aug 28, 2026 11:15:33 PM java.util.prefs.FileSystemPreferences checkLockFile0ErrorCode
2026-08-28 23:15:33,645 [ERROR] LogOutputStream:75 - [STDERR_REDIRECT] WARNING: Could not lock System prefs. Unix error code 5.
2026-08-28 23:15:33,645 [ERROR] LogOutputStream:75 - [STDERR_REDIRECT] 
2026-08-28 23:15:33,645 [ERROR] LogOutputStream:75 - [STDERR_REDIRECT] Aug 28, 2026 11:15:33 PM java.util.prefs.FileSystemPreferences syncWorld
2026-08-28 23:15:33,645 [ERROR] LogOutputStream:75 - [STDERR_REDIRECT] WARNING: Couldn't flush system prefs: java.util.prefs.BackingStoreException: Couldn't get file lock.
2026-08-28 23:15:33,645 [ERROR] LogOutputStream:75 - [STDERR_REDIRECT] 
2026-08-28 23:16:03,645 [ERROR] LogOutputStream:75 - [STDERR_REDIRECT] Aug 28, 2026 11:16:03 PM java.util.prefs.FileSystemPreferences checkLockFile0ErrorCode
2026-08-28 23:16:03,646 [ERROR] LogOutputStream:75 - [STDERR_REDIRECT] WARNING: Could not lock System prefs. Unix error code 5.
2026-08-28 23:16:03,646 [ERROR] LogOutputStream:75 - [STDERR_REDIRECT] 
2026-08-28 23:16:03,646 [ERROR] LogOutputStream:75 - [STDERR_REDIRECT] Aug 28, 2026 11:16:03 PM java.util.prefs.FileSystemPreferences syncWorld
2026-08-28 23:16:03,646 [ERROR] LogOutputStream:75 - [STDERR_REDIRECT] WARNING: Couldn't flush system prefs: java.util.prefs.BackingStoreException: Couldn't get file lock.
2026-08-28 23:16:03,646 [ERROR] LogOutputStream:75 - [STDERR_REDIRECT] 
2026-08-28 23:16:33,646 [ERROR] LogOutputStream:75 - [STDERR_REDIRECT] Aug 28, 2026 11:16:33 PM java.util.prefs.FileSystemPreferences checkLockFile0ErrorCode
2026-08-28 23:16:33,646 [ERROR] LogOutputStream:75 - [STDERR_REDIRECT] WARNING: Could not lock System prefs. Unix error code 5.
2026-08-28 23:16:33,647 [ERROR] LogOutputStream:75 - [STDERR_REDIRECT] 
2026-08-28 23:16:33,647 [ERROR] LogOutputStream:75 - [STDERR_REDIRECT] Aug 28, 2026 11:16:33 PM java.util.prefs.FileSystemPreferences syncWorld
2026-08-28 23:16:33,647 [ERROR] LogOutputStream:75 - [STDERR_REDIRECT] WARNING: Couldn't flush system prefs: java.util.prefs.BackingStoreException: Couldn't get file lock.
2026-08-28 23:16:33,647 [ERROR] LogOutputStream:75 - [STDERR_REDIRECT] 
2026-08-28 23:17:03,647 [ERROR] LogOutputStream:75 - [STDERR_REDIRECT] Aug 28, 2026 11:17:03 PM java.util.prefs.FileSystemPreferences checkLockFile0ErrorCode
2026-08-28 23:17:03,647 [ERROR] LogOutputStream:75 - [STDERR_REDIRECT] WARNING: Could not lock System prefs. Unix error code 5.
2026-08-28 23:17:03,647 [ERROR] LogOutputStream:75 - [STDERR_REDIRECT] 
2026-08-28 23:17:03,648 [ERROR] LogOutputStream:75 - [STDERR_REDIRECT] Aug 28, 2026 11:17:03 PM java.util.prefs.FileSystemPreferences syncWorld
2026-08-28 23:17:03,648 [ERROR] LogOutputStream:75 - [STDERR_REDIRECT] WARNING: Couldn't flush system prefs: java.util.prefs.BackingStoreException: Couldn't get file lock.
2026-08-28 23:17:03,648 [ERROR] LogOutputStream:75 - [STDERR_REDIRECT] 
2026-08-28 23:17:33,646 [ERROR] LogOutputStream:75 - [STDERR_REDIRECT] Aug 28, 2026 11:17:33 PM java.util.prefs.FileSystemPreferences checkLockFile0ErrorCode
2026-08-28 23:17:33,647 [ERROR] LogOutputStream:75 - [STDERR_REDIRECT] WARNING: Could not lock System prefs. Unix error code 5.
2026-08-28 23:17:33,647 [ERROR] LogOutputStream:75 - [STDERR_REDIRECT] 
2026-08-28 23:17:33,647 [ERROR] LogOutputStream:75 - [STDERR_REDIRECT] Aug 28, 2026 11:17:33 PM java.util.prefs.FileSystemPreferences syncWorld
2026-08-28 23:17:33,647 [ERROR] LogOutputStream:75 - [STDERR_REDIRECT] WARNING: Couldn't flush system prefs: java.util.prefs.BackingStoreException: Couldn't get file lock.
2026-08-28 23:17:33,647 [ERROR] LogOutputStream:75 - [STDERR_REDIRECT] 
2026-08-28 23:18:03,647 [ERROR] LogOutputStream:75 - [STDERR_REDIRECT] Aug 28, 2026 11:18:03 PM java.util.prefs.FileSystemPreferences checkLockFile0ErrorCode
2026-08-28 23:18:03,647 [ERROR] LogOutputStream:75 - [STDERR_REDIRECT] WARNING: Could not lock System prefs. Unix error code 5.
2026-08-28 23:18:03,647 [ERROR] LogOutputStream:75 - [STDERR_REDIRECT] 
2026-08-28 23:18:03,648 [ERROR] LogOutputStream:75 - [STDERR_REDIRECT] Aug 28, 2026 11:18:03 PM java.util.prefs.FileSystemPreferences syncWorld
2026-08-28 23:18:03,648 [ERROR] LogOutputStream:75 - [STDERR_REDIRECT] WARNING: Couldn't flush system prefs: java.util.prefs.BackingStoreException: Couldn't get file lock.
2026-08-28 23:18:03,648 [ERROR] LogOutputStream:75 - [STDERR_REDIRECT] 
2026-08-28 23:18:33,648 [ERROR] LogOutputStream:75 - [STDERR_REDIRECT] Aug 28, 2026 11:18:33 PM java.util.prefs.FileSystemPreferences checkLockFile0ErrorCode
2026-08-28 23:18:33,649 [ERROR] LogOutputStream:75 - [STDERR_REDIRECT] WARNING: Could not lock System prefs. Unix error code 5.
2026-08-28 23:18:33,649 [ERROR] LogOutputStream:75 - [STDERR_REDIRECT] 
2026-08-28 23:18:33,649 [ERROR] LogOutputStream:75 - [STDERR_REDIRECT] Aug 28, 2026 11:18:33 PM java.util.prefs.FileSystemPreferences syncWorld
2026-08-28 23:18:33,649 [ERROR] LogOutputStream:75 - [STDERR_REDIRECT] WARNING: Couldn't flush system prefs: java.util.prefs.BackingStoreException: Couldn't get file lock.
2026-08-28 23:18:33,649 [ERROR] LogOutputStream:75 - [STDERR_REDIRECT] 
2026-08-28 23:19:03,649 [ERROR] LogOutputStream:75 - [STDERR_REDIRECT] Aug 28, 2026 11:19:03 PM java.util.prefs.FileSystemPreferences checkLockFile0ErrorCode
2026-08-28 23:19:03,649 [ERROR] LogOutputStream:75 - [STDERR_REDIRECT] WARNING: Could not lock System prefs. Unix error code 5.
2026-08-28 23:19:03,649 [ERROR] LogOutputStream:75 - [STDERR_REDIRECT] 
2026-08-28 23:19:03,649 [ERROR] LogOutputStream:75 - [STDERR_REDIRECT] Aug 28, 2026 11:19:03 PM java.util.prefs.FileSystemPreferences syncWorld
2026-08-28 23:19:03,649 [ERROR] LogOutputStream:75 - [STDERR_REDIRECT] WARNING: Couldn't flush system prefs: java.util.prefs.BackingStoreException: Couldn't get file lock.
2026-08-28 23:19:03,650 [ERROR] LogOutputStream:75 - [STDERR_REDIRECT] 
2026-08-28 23:19:33,648 [ERROR] LogOutputStream:75 - [STDERR_REDIRECT] Aug 28, 2026 11:19:33 PM java.util.prefs.FileSystemPreferences checkLockFile0ErrorCode
2026-08-28 23:19:33,648 [ERROR] LogOutputStream:75 - [STDERR_REDIRECT] WARNING: Could not lock System prefs. Unix error code 5.
2026-08-28 23:19:33,648 [ERROR] LogOutputStream:75 - [STDERR_REDIRECT] 
2026-08-28 23:19:33,649 [ERROR] LogOutputStream:75 - [STDERR_REDIRECT] Aug 28, 2026 11:19:33 PM java.util.prefs.FileSystemPreferences syncWorld
2026-08-28 23:19:33,649 [ERROR] LogOutputStream:75 - [STDERR_REDIRECT] WARNING: Couldn't flush system prefs: java.util.prefs.BackingStoreException: Couldn't get file lock.
2026-08-28 23:19:33,649 [ERROR] LogOutputStream:75 - [STDERR_REDIRECT] 
2026-08-28 23:20:03,648 [ERROR] LogOutputStream:75 - [STDERR_REDIRECT] Aug 28, 2026 11:20:03 PM java.util.prefs.FileSystemPreferences checkLockFile0ErrorCode
2026-08-28 23:20:03,648 [ERROR] LogOutputStream:75 - [STDERR_REDIRECT] WARNING: Could not lock System prefs. Unix error code 5.
2026-08-28 23:20:03,648 [ERROR] LogOutputStream:75 - [STDERR_REDIRECT] 
2026-08-28 23:20:03,649 [ERROR] LogOutputStream:75 - [STDERR_REDIRECT] Aug 28, 2026 11:20:03 PM java.util.prefs.FileSystemPreferences syncWorld
2026-08-28 23:20:03,649 [ERROR] LogOutputStream:75 - [STDERR_REDIRECT] WARNING: Couldn't flush system prefs: java.util.prefs.BackingStoreException: Couldn't get file lock.
2026-08-28 23:20:03,649 [ERROR] LogOutputStream:75 - [STDERR_REDIRECT] 
2026-08-28 23:20:33,648 [ERROR] LogOutputStream:75 - [STDERR_REDIRECT] Aug 28, 2026 11:20:33 PM java.util.prefs.FileSystemPreferences checkLockFile0ErrorCode
2026-08-28 23:20:33,649 [ERROR] LogOutputStream:75 - [STDERR_REDIRECT] WARNING: Could not lock System prefs. Unix error code 5.
2026-08-28 23:20:33,649 [ERROR] LogOutputStream:75 - [STDERR_REDIRECT] 
2026-08-28 23:20:33,649 [ERROR] LogOutputStream:75 - [STDERR_REDIRECT] Aug 28, 2026 11:20:33 PM java.util.prefs.FileSystemPreferences syncWorld
2026-08-28 23:20:33,649 [ERROR] LogOutputStream:75 - [STDERR_REDIRECT] WARNING: Couldn't flush system prefs: java.util.prefs.BackingStoreException: Couldn't get file lock.
2026-08-28 23:20:33,649 [ERROR] LogOutputStream:75 - [STDERR_REDIRECT] 
2026-08-28 23:21:03,648 [ERROR] LogOutputStream:75 - [STDERR_REDIRECT] Aug 28, 2026 11:21:03 PM java.util.prefs.FileSystemPreferences checkLockFile0ErrorCode
2026-08-28 23:21:03,648 [ERROR] LogOutputStream:75 - [STDERR_REDIRECT] WARNING: Could not lock System prefs. Unix error code 5.
2026-08-28 23:21:03,649 [ERROR] LogOutputStream:75 - [STDERR_REDIRECT] 
2026-08-28 23:21:03,649 [ERROR] LogOutputStream:75 - [STDERR_REDIRECT] Aug 28, 2026 11:21:03 PM java.util.prefs.FileSystemPreferences syncWorld
2026-08-28 23:21:03,649 [ERROR] LogOutputStream:75 - [STDERR_REDIRECT] WARNING: Couldn't flush system prefs: java.util.prefs.BackingStoreException: Couldn't get file lock.
2026-08-28 23:21:03,649 [ERROR] LogOutputStream:75 - [STDERR_REDIRECT] 
2026-08-28 23:21:33,648 [ERROR] LogOutputStream:75 - [STDERR_REDIRECT] Aug 28, 2026 11:21:33 PM java.util.prefs.FileSystemPreferences checkLockFile0ErrorCode
2026-08-28 23:21:33,648 [ERROR] LogOutputStream:75 - [STDERR_REDIRECT] WARNING: Could not lock System prefs. Unix error code 5.
2026-08-28 23:21:33,649 [ERROR] LogOutputStream:75 - [STDERR_REDIRECT] 
2026-08-28 23:21:33,649 [ERROR] LogOutputStream:75 - [STDERR_REDIRECT] Aug 28, 2026 11:21:33 PM java.util.prefs.FileSystemPreferences syncWorld
2026-08-28 23:21:33,649 [ERROR] LogOutputStream:75 - [STDERR_REDIRECT] WARNING: Couldn't flush system prefs: java.util.prefs.BackingStoreException: Couldn't get file lock.
2026-08-28 23:21:33,649 [ERROR] LogOutputStream:75 - [STDERR_REDIRECT] 
2026-08-28 23:22:03,648 [ERROR] LogOutputStream:75 - [STDERR_REDIRECT] Aug 28, 2026 11:22:03 PM java.util.prefs.FileSystemPreferences checkLockFile0ErrorCode
2026-08-28 23:22:03,649 [ERROR] LogOutputStream:75 - [STDERR_REDIRECT] WARNING: Could not lock System prefs. Unix error code 5.
2026-08-28 23:22:03,649 [ERROR] LogOutputStream:75 - [STDERR_REDIRECT] 
2026-08-28 23:22:03,649 [ERROR] LogOutputStream:75 - [STDERR_REDIRECT] Aug 28, 2026 11:22:03 PM java.util.prefs.FileSystemPreferences syncWorld
2026-08-28 23:22:03,649 [ERROR] LogOutputStream:75 - [STDERR_REDIRECT] WARNING: Couldn't flush system prefs: java.util.prefs.BackingStoreException: Couldn't get file lock.
2026-08-28 23:22:03,649 [ERROR] LogOutputStream:75 - [STDERR_REDIRECT] 
2026-08-28 23:22:33,648 [ERROR] LogOutputStream:75 - [STDERR_REDIRECT] Aug 28, 2026 11:22:33 PM java.util.prefs.FileSystemPreferences checkLockFile0ErrorCode
2026-08-28 23:22:33,648 [ERROR] LogOutputStream:75 - [STDERR_REDIRECT] WARNING: Could not lock System prefs. Unix error code 5.
2026-08-28 23:22:33,648 [ERROR] LogOutputStream:75 - [STDERR_REDIRECT] 
2026-08-28 23:22:33,649 [ERROR] LogOutputStream:75 - [STDERR_REDIRECT] Aug 28, 2026 11:22:33 PM java.util.prefs.FileSystemPreferences syncWorld
2026-08-28 23:22:33,649 [ERROR] LogOutputStream:75 - [STDERR_REDIRECT] WARNING: Couldn't flush system prefs: java.util.prefs.BackingStoreException: Couldn't get file lock.
2026-08-28 23:22:33,649 [ERROR] LogOutputStream:75 - [STDERR_REDIRECT] 
2026-08-28 23:23:03,648 [ERROR] LogOutputStream:75 - [STDERR_REDIRECT] Aug 28, 2026 11:23:03 PM java.util.prefs.FileSystemPreferences checkLockFile0ErrorCode
2026-08-28 23:23:03,648 [ERROR] LogOutputStream:75 - [STDERR_REDIRECT] WARNING: Could not lock System prefs. Unix error code 5.
2026-08-28 23:23:03,648 [ERROR] LogOutputStream:75 - [STDERR_REDIRECT] 
2026-08-28 23:23:03,648 [ERROR] LogOutputStream:75 - [STDERR_REDIRECT] Aug 28, 2026 11:23:03 PM java.util.prefs.FileSystemPreferences syncWorld
2026-08-28 23:23:03,649 [ERROR] LogOutputStream:75 - [STDERR_REDIRECT] WARNING: Couldn't flush system prefs: java.util.prefs.BackingStoreException: Couldn't get file lock.
2026-08-28 23:23:03,649 [ERROR] LogOutputStream:75 - [STDERR_REDIRECT] 
2026-08-28 23:23:33,647 [ERROR] LogOutputStream:75 - [STDERR_REDIRECT] Aug 28, 2026 11:23:33 PM java.util.prefs.FileSystemPreferences checkLockFile0ErrorCode
2026-08-28 23:23:33,648 [ERROR] LogOutputStream:75 - [STDERR_REDIRECT] WARNING: Could not lock System prefs. Unix error code 5.
2026-08-28 23:23:33,648 [ERROR] LogOutputStream:75 - [STDERR_REDIRECT] 
2026-08-28 23:23:33,648 [ERROR] LogOutputStream:75 - [STDERR_REDIRECT] Aug 28, 2026 11:23:33 PM java.util.prefs.FileSystemPreferences syncWorld
2026-08-28 23:23:33,648 [ERROR] LogOutputStream:75 - [STDERR_REDIRECT] WARNING: Couldn't flush system prefs: java.util.prefs.BackingStoreException: Couldn't get file lock.
2026-08-28 23:23:33,648 [ERROR] LogOutputStream:75 - [STDERR_REDIRECT] 
2026-08-28 23:24:03,648 [ERROR] LogOutputStream:75 - [STDERR_REDIRECT] Aug 28, 2026 11:24:03 PM java.util.prefs.FileSystemPreferences checkLockFile0ErrorCode
2026-08-28 23:24:03,648 [ERROR] LogOutputStream:75 - [STDERR_REDIRECT] WARNING: Could not lock System prefs. Unix error code 5.
2026-08-28 23:24:03,648 [ERROR] LogOutputStream:75 - [STDERR_REDIRECT] 
2026-08-28 23:24:03,649 [ERROR] LogOutputStream:75 - [STDERR_REDIRECT] Aug 28, 2026 11:24:03 PM java.util.prefs.FileSystemPreferences syncWorld
2026-08-28 23:24:03,649 [ERROR] LogOutputStream:75 - [STDERR_REDIRECT] WARNING: Couldn't flush system prefs: java.util.prefs.BackingStoreException: Couldn't get file lock.
2026-08-28 23:24:03,649 [ERROR] LogOutputStream:75 - [STDERR_REDIRECT] 
2026-08-28 23:24:33,647 [ERROR] LogOutputStream:75 - [STDERR_REDIRECT] Aug 28, 2026 11:24:33 PM java.util.prefs.FileSystemPreferences checkLockFile0ErrorCode
2026-08-28 23:24:33,648 [ERROR] LogOutputStream:75 - [STDERR_REDIRECT] WARNING: Could not lock System prefs. Unix error code 5.
2026-08-28 23:24:33,648 [ERROR] LogOutputStream:75 - [STDERR_REDIRECT] 
2026-08-28 23:24:33,648 [ERROR] LogOutputStream:75 - [STDERR_REDIRECT] Aug 28, 2026 11:24:33 PM java.util.prefs.FileSystemPreferences syncWorld
2026-08-28 23:24:33,648 [ERROR] LogOutputStream:75 - [STDERR_REDIRECT] WARNING: Couldn't flush system prefs: java.util.prefs.BackingStoreException: Couldn't get file lock.
2026-08-28 23:24:33,648 [ERROR] LogOutputStream:75 - [STDERR_REDIRECT] 
2026-08-28 23:25:03,648 [ERROR] LogOutputStream:75 - [STDERR_REDIRECT] Aug 28, 2026 11:25:03 PM java.util.prefs.FileSystemPreferences checkLockFile0ErrorCode
2026-08-28 23:25:03,648 [ERROR] LogOutputStream:75 - [STDERR_REDIRECT] WARNING: Could not lock System prefs. Unix error code 5.
2026-08-28 23:25:03,648 [ERROR] LogOutputStream:75 - [STDERR_REDIRECT] 
2026-08-28 23:25:03,649 [ERROR] LogOutputStream:75 - [STDERR_REDIRECT] Aug 28, 2026 11:25:03 PM java.util.prefs.FileSystemPreferences syncWorld
2026-08-28 23:25:03,649 [ERROR] LogOutputStream:75 - [STDERR_REDIRECT] WARNING: Couldn't flush system prefs: java.util.prefs.BackingStoreException: Couldn't get file lock.
2026-08-28 23:25:03,649 [ERROR] LogOutputStream:75 - [STDERR_REDIRECT] 
2026-08-28 23:25:33,648 [ERROR] LogOutputStream:75 - [STDERR_REDIRECT] Aug 28, 2026 11:25:33 PM java.util.prefs.FileSystemPreferences checkLockFile0ErrorCode
2026-08-28 23:25:33,648 [ERROR] LogOutputStream:75 - [STDERR_REDIRECT] WARNING: Could not lock System prefs. Unix error code 5.
2026-08-28 23:25:33,648 [ERROR] LogOutputStream:75 - [STDERR_REDIRECT] 
2026-08-28 23:25:33,648 [ERROR] LogOutputStream:75 - [STDERR_REDIRECT] Aug 28, 2026 11:25:33 PM java.util.prefs.FileSystemPreferences syncWorld
2026-08-28 23:25:33,649 [ERROR] LogOutputStream:75 - [STDERR_REDIRECT] WARNING: Couldn't flush system prefs: java.util.prefs.BackingStoreException: Couldn't get file lock.
2026-08-28 23:25:33,649 [ERROR] LogOutputStream:75 - [STDERR_REDIRECT] 
2026-08-28 23:26:03,648 [ERROR] LogOutputStream:75 - [STDERR_REDIRECT] Aug 28, 2026 11:26:03 PM java.util.prefs.FileSystemPreferences checkLockFile0ErrorCode
2026-08-28 23:26:03,648 [ERROR] LogOutputStream:75 - [STDERR_REDIRECT] WARNING: Could not lock System prefs. Unix error code 5.
2026-08-28 23:26:03,648 [ERROR] LogOutputStream:75 - [STDERR_REDIRECT] 
2026-08-28 23:26:03,648 [ERROR] LogOutputStream:75 - [STDERR_REDIRECT] Aug 28, 2026 11:26:03 PM java.util.prefs.FileSystemPreferences syncWorld
2026-08-28 23:26:03,649 [ERROR] LogOutputStream:75 - [STDERR_REDIRECT] WARNING: Couldn't flush system prefs: java.util.prefs.BackingStoreException: Couldn't get file lock.
2026-08-28 23:26:03,649 [ERROR] LogOutputStream:75 - [STDERR_REDIRECT] 
2026-08-28 23:26:33,648 [ERROR] LogOutputStream:75 - [STDERR_REDIRECT] Aug 28, 2026 11:26:33 PM java.util.prefs.FileSystemPreferences checkLockFile0ErrorCode
2026-08-28 23:26:33,648 [ERROR] LogOutputStream:75 - [STDERR_REDIRECT] WARNING: Could not lock System prefs. Unix error code 5.
2026-08-28 23:26:33,648 [ERROR] LogOutputStream:75 - [STDERR_REDIRECT] 
2026-08-28 23:26:33,648 [ERROR] LogOutputStream:75 - [STDERR_REDIRECT] Aug 28, 2026 11:26:33 PM java.util.prefs.FileSystemPreferences syncWorld
2026-08-28 23:26:33,648 [ERROR] LogOutputStream:75 - [STDERR_REDIRECT] WARNING: Couldn't flush system prefs: java.util.prefs.BackingStoreException: Couldn't get file lock.
2026-08-28 23:26:33,648 [ERROR] LogOutputStream:75 - [STDERR_REDIRECT] 
2026-08-28 23:27:03,648 [ERROR] LogOutputStream:75 - [STDERR_REDIRECT] Aug 28, 2026 11:27:03 PM java.util.prefs.FileSystemPreferences checkLockFile0ErrorCode
2026-08-28 23:27:03,649 [ERROR] LogOutputStream:75 - [STDERR_REDIRECT] WARNING: Could not lock System prefs. Unix error code 5.
2026-08-28 23:27:03,649 [ERROR] LogOutputStream:75 - [STDERR_REDIRECT] 
2026-08-28 23:27:03,649 [ERROR] LogOutputStream:75 - [STDERR_REDIRECT] Aug 28, 2026 11:27:03 PM java.util.prefs.FileSystemPreferences syncWorld
2026-08-28 23:27:03,649 [ERROR] LogOutputStream:75 - [STDERR_REDIRECT] WARNING: Couldn't flush system prefs: java.util.prefs.BackingStoreException: Couldn't get file lock.
2026-08-28 23:27:03,649 [ERROR] LogOutputStream:75 - [STDERR_REDIRECT] 
2026-08-28 23:27:33,649 [ERROR] LogOutputStream:75 - [STDERR_REDIRECT] Aug 28, 2026 11:27:33 PM java.util.prefs.FileSystemPreferences checkLockFile0ErrorCode
2026-08-28 23:27:33,650 [ERROR] LogOutputStream:75 - [STDERR_REDIRECT] WARNING: Could not lock System prefs. Unix error code 5.
2026-08-28 23:27:33,650 [ERROR] LogOutputStream:75 - [STDERR_REDIRECT] 
2026-08-28 23:27:33,650 [ERROR] LogOutputStream:75 - [STDERR_REDIRECT] Aug 28, 2026 11:27:33 PM java.util.prefs.FileSystemPreferences syncWorld
2026-08-28 23:27:33,650 [ERROR] LogOutputStream:75 - [STDERR_REDIRECT] WARNING: Couldn't flush system prefs: java.util.prefs.BackingStoreException: Couldn't get file lock.
2026-08-28 23:27:33,650 [ERROR] LogOutputStream:75 - [STDERR_REDIRECT] 
2026-08-28 23:28:03,650 [ERROR] LogOutputStream:75 - [STDERR_REDIRECT] Aug 28, 2026 11:28:03 PM java.util.prefs.FileSystemPreferences checkLockFile0ErrorCode
2026-08-28 23:28:03,651 [ERROR] LogOutputStream:75 - [STDERR_REDIRECT] WARNING: Could not lock System prefs. Unix error code 5.
2026-08-28 23:28:03,651 [ERROR] LogOutputStream:75 - [STDERR_REDIRECT] 
2026-08-28 23:28:03,651 [ERROR] LogOutputStream:75 - [STDERR_REDIRECT] Aug 28, 2026 11:28:03 PM java.util.prefs.FileSystemPreferences syncWorld
2026-08-28 23:28:03,651 [ERROR] LogOutputStream:75 - [STDERR_REDIRECT] WARNING: Couldn't flush system prefs: java.util.prefs.BackingStoreException: Couldn't get file lock.
2026-08-28 23:28:03,651 [ERROR] LogOutputStream:75 - [STDERR_REDIRECT] 
2026-08-28 23:28:33,650 [ERROR] LogOutputStream:75 - [STDERR_REDIRECT] Aug 28, 2026 11:28:33 PM java.util.prefs.FileSystemPreferences checkLockFile0ErrorCode
2026-08-28 23:28:33,650 [ERROR] LogOutputStream:75 - [STDERR_REDIRECT] WARNING: Could not lock System prefs. Unix error code 5.
2026-08-28 23:28:33,650 [ERROR] LogOutputStream:75 - [STDERR_REDIRECT] 
2026-08-28 23:28:33,650 [ERROR] LogOutputStream:75 - [STDERR_REDIRECT] Aug 28, 2026 11:28:33 PM java.util.prefs.FileSystemPreferences syncWorld
2026-08-28 23:28:33,650 [ERROR] LogOutputStream:75 - [STDERR_REDIRECT] WARNING: Couldn't flush system prefs: java.util.prefs.BackingStoreException: Couldn't get file lock.
2026-08-28 23:28:33,651 [ERROR] LogOutputStream:75 - [STDERR_REDIRECT] 
2026-08-28 23:29:03,650 [ERROR] LogOutputStream:75 - [STDERR_REDIRECT] Aug 28, 2026 11:29:03 PM java.util.prefs.FileSystemPreferences checkLockFile0ErrorCode
2026-08-28 23:29:03,650 [ERROR] LogOutputStream:75 - [STDERR_REDIRECT] WARNING: Could not lock System prefs. Unix error code 5.
2026-08-28 23:29:03,650 [ERROR] LogOutputStream:75 - [STDERR_REDIRECT] 
2026-08-28 23:29:03,650 [ERROR] LogOutputStream:75 - [STDERR_REDIRECT] Aug 28, 2026 11:29:03 PM java.util.prefs.FileSystemPreferences syncWorld
2026-08-28 23:29:03,650 [ERROR] LogOutputStream:75 - [STDERR_REDIRECT] WARNING: Couldn't flush system prefs: java.util.prefs.BackingStoreException: Couldn't get file lock.
2026-08-28 23:29:03,650 [ERROR] LogOutputStream:75 - [STDERR_REDIRECT] 
2026-08-28 23:29:33,650 [ERROR] LogOutputStream:75 - [STDERR_REDIRECT] Aug 28, 2026 11:29:33 PM java.util.prefs.FileSystemPreferences checkLockFile0ErrorCode
2026-08-28 23:29:33,650 [ERROR] LogOutputStream:75 - [STDERR_REDIRECT] WARNING: Could not lock System prefs. Unix error code 5.
2026-08-28 23:29:33,650 [ERROR] LogOutputStream:75 - [STDERR_REDIRECT] 
2026-08-28 23:29:33,650 [ERROR] LogOutputStream:75 - [STDERR_REDIRECT] Aug 28, 2026 11:29:33 PM java.util.prefs.FileSystemPreferences syncWorld
2026-08-28 23:29:33,650 [ERROR] LogOutputStream:75 - [STDERR_REDIRECT] WARNING: Couldn't flush system prefs: java.util.prefs.BackingStoreException: Couldn't get file lock.
2026-08-28 23:29:33,651 [ERROR] LogOutputStream:75 - [STDERR_REDIRECT] 
2026-08-28 23:30:03,650 [ERROR] LogOutputStream:75 - [STDERR_REDIRECT] Aug 28, 2026 11:30:03 PM java.util.prefs.FileSystemPreferences checkLockFile0ErrorCode
2026-08-28 23:30:03,650 [ERROR] LogOutputStream:75 - [STDERR_REDIRECT] WARNING: Could not lock System prefs. Unix error code 5.
2026-08-28 23:30:03,650 [ERROR] LogOutputStream:75 - [STDERR_REDIRECT] 
2026-08-28 23:30:03,651 [ERROR] LogOutputStream:75 - [STDERR_REDIRECT] Aug 28, 2026 11:30:03 PM java.util.prefs.FileSystemPreferences syncWorld
2026-08-28 23:30:03,651 [ERROR] LogOutputStream:75 - [STDERR_REDIRECT] WARNING: Couldn't flush system prefs: java.util.prefs.BackingStoreException: Couldn't get file lock.
2026-08-28 23:30:03,651 [ERROR] LogOutputStream:75 - [STDERR_REDIRECT] 
2026-08-28 23:30:33,651 [ERROR] LogOutputStream:75 - [STDERR_REDIRECT] Aug 28, 2026 11:30:33 PM java.util.prefs.FileSystemPreferences checkLockFile0ErrorCode
2026-08-28 23:30:33,651 [ERROR] LogOutputStream:75 - [STDERR_REDIRECT] WARNING: Could not lock System prefs. Unix error code 5.
2026-08-28 23:30:33,651 [ERROR] LogOutputStream:75 - [STDERR_REDIRECT] 
2026-08-28 23:30:33,652 [ERROR] LogOutputStream:75 - [STDERR_REDIRECT] Aug 28, 2026 11:30:33 PM java.util.prefs.FileSystemPreferences syncWorld
2026-08-28 23:30:33,652 [ERROR] LogOutputStream:75 - [STDERR_REDIRECT] WARNING: Couldn't flush system prefs: java.util.prefs.BackingStoreException: Couldn't get file lock.
2026-08-28 23:30:33,652 [ERROR] LogOutputStream:75 - [STDERR_REDIRECT] 
2026-08-28 23:31:03,651 [ERROR] LogOutputStream:75 - [STDERR_REDIRECT] Aug 28, 2026 11:31:03 PM java.util.prefs.FileSystemPreferences checkLockFile0ErrorCode
2026-08-28 23:31:03,652 [ERROR] LogOutputStream:75 - [STDERR_REDIRECT] WARNING: Could not lock System prefs. Unix error code 5.
2026-08-28 23:31:03,652 [ERROR] LogOutputStream:75 - [STDERR_REDIRECT] 
2026-08-28 23:31:03,652 [ERROR] LogOutputStream:75 - [STDERR_REDIRECT] Aug 28, 2026 11:31:03 PM java.util.prefs.FileSystemPreferences syncWorld
2026-08-28 23:31:03,654 [ERROR] LogOutputStream:75 - [STDERR_REDIRECT] WARNING: Couldn't flush system prefs: java.util.prefs.BackingStoreException: Couldn't get file lock.
2026-08-28 23:31:03,654 [ERROR] LogOutputStream:75 - [STDERR_REDIRECT] 
2026-08-28 23:31:33,651 [ERROR] LogOutputStream:75 - [STDERR_REDIRECT] Aug 28, 2026 11:31:33 PM java.util.prefs.FileSystemPreferences checkLockFile0ErrorCode
2026-08-28 23:31:33,651 [ERROR] LogOutputStream:75 - [STDERR_REDIRECT] WARNING: Could not lock System prefs. Unix error code 5.
2026-08-28 23:31:33,651 [ERROR] LogOutputStream:75 - [STDERR_REDIRECT] 
2026-08-28 23:31:33,651 [ERROR] LogOutputStream:75 - [STDERR_REDIRECT] Aug 28, 2026 11:31:33 PM java.util.prefs.FileSystemPreferences syncWorld
2026-08-28 23:31:33,652 [ERROR] LogOutputStream:75 - [STDERR_REDIRECT] WARNING: Couldn't flush system prefs: java.util.prefs.BackingStoreException: Couldn't get file lock.
2026-08-28 23:31:33,652 [ERROR] LogOutputStream:75 - [STDERR_REDIRECT] 
2026-08-28 23:32:03,650 [ERROR] LogOutputStream:75 - [STDERR_REDIRECT] Aug 28, 2026 11:32:03 PM java.util.prefs.FileSystemPreferences checkLockFile0ErrorCode
2026-08-28 23:32:03,650 [ERROR] LogOutputStream:75 - [STDERR_REDIRECT] WARNING: Could not lock System prefs. Unix error code 5.
2026-08-28 23:32:03,650 [ERROR] LogOutputStream:75 - [STDERR_REDIRECT] 
2026-08-28 23:32:03,651 [ERROR] LogOutputStream:75 - [STDERR_REDIRECT] Aug 28, 2026 11:32:03 PM java.util.prefs.FileSystemPreferences syncWorld
2026-08-28 23:32:03,651 [ERROR] LogOutputStream:75 - [STDERR_REDIRECT] WARNING: Couldn't flush system prefs: java.util.prefs.BackingStoreException: Couldn't get file lock.
2026-08-28 23:32:03,651 [ERROR] LogOutputStream:75 - [STDERR_REDIRECT] 
2026-08-28 23:32:33,650 [ERROR] LogOutputStream:75 - [STDERR_REDIRECT] Aug 28, 2026 11:32:33 PM java.util.prefs.FileSystemPreferences checkLockFile0ErrorCode
2026-08-28 23:32:33,650 [ERROR] LogOutputStream:75 - [STDERR_REDIRECT] WARNING: Could not lock System prefs. Unix error code 5.
2026-08-28 23:32:33,651 [ERROR] LogOutputStream:75 - [STDERR_REDIRECT] 
2026-08-28 23:32:33,651 [ERROR] LogOutputStream:75 - [STDERR_REDIRECT] Aug 28, 2026 11:32:33 PM java.util.prefs.FileSystemPreferences syncWorld
2026-08-28 23:32:33,651 [ERROR] LogOutputStream:75 - [STDERR_REDIRECT] WARNING: Couldn't flush system prefs: java.util.prefs.BackingStoreException: Couldn't get file lock.
2026-08-28 23:32:33,651 [ERROR] LogOutputStream:75 - [STDERR_REDIRECT] 
2026-08-28 23:33:03,651 [ERROR] LogOutputStream:75 - [STDERR_REDIRECT] Aug 28, 2026 11:33:03 PM java.util.prefs.FileSystemPreferences checkLockFile0ErrorCode
2026-08-28 23:33:03,651 [ERROR] LogOutputStream:75 - [STDERR_REDIRECT] WARNING: Could not lock System prefs. Unix error code 5.
2026-08-28 23:33:03,651 [ERROR] LogOutputStream:75 - [STDERR_REDIRECT] 
2026-08-28 23:33:03,651 [ERROR] LogOutputStream:75 - [STDERR_REDIRECT] Aug 28, 2026 11:33:03 PM java.util.prefs.FileSystemPreferences syncWorld
2026-08-28 23:33:03,651 [ERROR] LogOutputStream:75 - [STDERR_REDIRECT] WARNING: Couldn't flush system prefs: java.util.prefs.BackingStoreException: Couldn't get file lock.
2026-08-28 23:33:03,651 [ERROR] LogOutputStream:75 - [STDERR_REDIRECT] 
2026-08-28 23:33:33,651 [ERROR] LogOutputStream:75 - [STDERR_REDIRECT] Aug 28, 2026 11:33:33 PM java.util.prefs.FileSystemPreferences checkLockFile0ErrorCode
2026-08-28 23:33:33,651 [ERROR] LogOutputStream:75 - [STDERR_REDIRECT] WARNING: Could not lock System prefs. Unix error code 5.
2026-08-28 23:33:33,652 [ERROR] LogOutputStream:75 - [STDERR_REDIRECT] 
2026-08-28 23:33:33,652 [ERROR] LogOutputStream:75 - [STDERR_REDIRECT] Aug 28, 2026 11:33:33 PM java.util.prefs.FileSystemPreferences syncWorld
2026-08-28 23:33:33,652 [ERROR] LogOutputStream:75 - [STDERR_REDIRECT] WARNING: Couldn't flush system prefs: java.util.prefs.BackingStoreException: Couldn't get file lock.
2026-08-28 23:33:33,652 [ERROR] LogOutputStream:75 - [STDERR_REDIRECT] 
2026-08-28 23:34:03,651 [ERROR] LogOutputStream:75 - [STDERR_REDIRECT] Aug 28, 2026 11:34:03 PM java.util.prefs.FileSystemPreferences checkLockFile0ErrorCode
2026-08-28 23:34:03,651 [ERROR] LogOutputStream:75 - [STDERR_REDIRECT] WARNING: Could not lock System prefs. Unix error code 5.
2026-08-28 23:34:03,651 [ERROR] LogOutputStream:75 - [STDERR_REDIRECT] 
2026-08-28 23:34:03,651 [ERROR] LogOutputStream:75 - [STDERR_REDIRECT] Aug 28, 2026 11:34:03 PM java.util.prefs.FileSystemPreferences syncWorld
2026-08-28 23:34:03,651 [ERROR] LogOutputStream:75 - [STDERR_REDIRECT] WARNING: Couldn't flush system prefs: java.util.prefs.BackingStoreException: Couldn't get file lock.
2026-08-28 23:34:03,651 [ERROR] LogOutputStream:75 - [STDERR_REDIRECT] 
2026-08-28 23:34:33,651 [ERROR] LogOutputStream:75 - [STDERR_REDIRECT] Aug 28, 2026 11:34:33 PM java.util.prefs.FileSystemPreferences checkLockFile0ErrorCode
2026-08-28 23:34:33,651 [ERROR] LogOutputStream:75 - [STDERR_REDIRECT] WARNING: Could not lock System prefs. Unix error code 5.
2026-08-28 23:34:33,651 [ERROR] LogOutputStream:75 - [STDERR_REDIRECT] 
2026-08-28 23:34:33,652 [ERROR] LogOutputStream:75 - [STDERR_REDIRECT] Aug 28, 2026 11:34:33 PM java.util.prefs.FileSystemPreferences syncWorld
2026-08-28 23:34:33,652 [ERROR] LogOutputStream:75 - [STDERR_REDIRECT] WARNING: Couldn't flush system prefs: java.util.prefs.BackingStoreException: Couldn't get file lock.
2026-08-28 23:34:33,652 [ERROR] LogOutputStream:75 - [STDERR_REDIRECT] 
2026-08-28 23:35:03,651 [ERROR] LogOutputStream:75 - [STDERR_REDIRECT] Aug 28, 2026 11:35:03 PM java.util.prefs.FileSystemPreferences checkLockFile0ErrorCode
2026-08-28 23:35:03,652 [ERROR] LogOutputStream:75 - [STDERR_REDIRECT] WARNING: Could not lock System prefs. Unix error code 5.
2026-08-28 23:35:03,652 [ERROR] LogOutputStream:75 - [STDERR_REDIRECT] 
2026-08-28 23:35:03,652 [ERROR] LogOutputStream:75 - [STDERR_REDIRECT] Aug 28, 2026 11:35:03 PM java.util.prefs.FileSystemPreferences syncWorld
2026-08-28 23:35:03,652 [ERROR] LogOutputStream:75 - [STDERR_REDIRECT] WARNING: Couldn't flush system prefs: java.util.prefs.BackingStoreException: Couldn't get file lock.
2026-08-28 23:35:03,652 [ERROR] LogOutputStream:75 - [STDERR_REDIRECT] 
2026-08-28 23:35:33,651 [ERROR] LogOutputStream:75 - [STDERR_REDIRECT] Aug 28, 2026 11:35:33 PM java.util.prefs.FileSystemPreferences checkLockFile0ErrorCode
2026-08-28 23:35:33,652 [ERROR] LogOutputStream:75 - [STDERR_REDIRECT] WARNING: Could not lock System prefs. Unix error code 5.
2026-08-28 23:35:33,652 [ERROR] LogOutputStream:75 - [STDERR_REDIRECT] 
2026-08-28 23:35:33,652 [ERROR] LogOutputStream:75 - [STDERR_REDIRECT] Aug 28, 2026 11:35:33 PM java.util.prefs.FileSystemPreferences syncWorld
2026-08-28 23:35:33,652 [ERROR] LogOutputStream:75 - [STDERR_REDIRECT] WARNING: Couldn't flush system prefs: java.util.prefs.BackingStoreException: Couldn't get file lock.
2026-08-28 23:35:33,652 [ERROR] LogOutputStream:75 - [STDERR_REDIRECT] 
2026-08-28 23:36:03,652 [ERROR] LogOutputStream:75 - [STDERR_REDIRECT] Aug 28, 2026 11:36:03 PM java.util.prefs.FileSystemPreferences checkLockFile0ErrorCode
2026-08-28 23:36:03,652 [ERROR] LogOutputStream:75 - [STDERR_REDIRECT] WARNING: Could not lock System prefs. Unix error code 5.
2026-08-28 23:36:03,652 [ERROR] LogOutputStream:75 - [STDERR_REDIRECT] 
2026-08-28 23:36:03,652 [ERROR] LogOutputStream:75 - [STDERR_REDIRECT] Aug 28, 2026 11:36:03 PM java.util.prefs.FileSystemPreferences syncWorld
2026-08-28 23:36:03,652 [ERROR] LogOutputStream:75 - [STDERR_REDIRECT] WARNING: Couldn't flush system prefs: java.util.prefs.BackingStoreException: Couldn't get file lock.
2026-08-28 23:36:03,652 [ERROR] LogOutputStream:75 - [STDERR_REDIRECT] 
2026-08-28 23:36:33,652 [ERROR] LogOutputStream:75 - [STDERR_REDIRECT] Aug 28, 2026 11:36:33 PM java.util.prefs.FileSystemPreferences checkLockFile0ErrorCode
2026-08-28 23:36:33,652 [ERROR] LogOutputStream:75 - [STDERR_REDIRECT] WARNING: Could not lock System prefs. Unix error code 5.
2026-08-28 23:36:33,652 [ERROR] LogOutputStream:75 - [STDERR_REDIRECT] 
2026-08-28 23:36:33,652 [ERROR] LogOutputStream:75 - [STDERR_REDIRECT] Aug 28, 2026 11:36:33 PM java.util.prefs.FileSystemPreferences syncWorld
2026-08-28 23:36:33,652 [ERROR] LogOutputStream:75 - [STDERR_REDIRECT] WARNING: Couldn't flush system prefs: java.util.prefs.BackingStoreException: Couldn't get file lock.
2026-08-28 23:36:33,652 [ERROR] LogOutputStream:75 - [STDERR_REDIRECT] 
2026-08-28 23:37:03,652 [ERROR] LogOutputStream:75 - [STDERR_REDIRECT] Aug 28, 2026 11:37:03 PM java.util.prefs.FileSystemPreferences checkLockFile0ErrorCode
2026-08-28 23:37:03,653 [ERROR] LogOutputStream:75 - [STDERR_REDIRECT] WARNING: Could not lock System prefs. Unix error code 5.
2026-08-28 23:37:03,653 [ERROR] LogOutputStream:75 - [STDERR_REDIRECT] 
2026-08-28 23:37:03,653 [ERROR] LogOutputStream:75 - [STDERR_REDIRECT] Aug 28, 2026 11:37:03 PM java.util.prefs.FileSystemPreferences syncWorld
2026-08-28 23:37:03,653 [ERROR] LogOutputStream:75 - [STDERR_REDIRECT] WARNING: Couldn't flush system prefs: java.util.prefs.BackingStoreException: Couldn't get file lock.
2026-08-28 23:37:03,653 [ERROR] LogOutputStream:75 - [STDERR_REDIRECT] 
2026-08-28 23:37:33,653 [ERROR] LogOutputStream:75 - [STDERR_REDIRECT] Aug 28, 2026 11:37:33 PM java.util.prefs.FileSystemPreferences checkLockFile0ErrorCode
2026-08-28 23:37:33,653 [ERROR] LogOutputStream:75 - [STDERR_REDIRECT] WARNING: Could not lock System prefs. Unix error code 5.
2026-08-28 23:37:33,653 [ERROR] LogOutputStream:75 - [STDERR_REDIRECT] 
2026-08-28 23:37:33,654 [ERROR] LogOutputStream:75 - [STDERR_REDIRECT] Aug 28, 2026 11:37:33 PM java.util.prefs.FileSystemPreferences syncWorld
2026-08-28 23:37:33,654 [ERROR] LogOutputStream:75 - [STDERR_REDIRECT] WARNING: Couldn't flush system prefs: java.util.prefs.BackingStoreException: Couldn't get file lock.
2026-08-28 23:37:33,654 [ERROR] LogOutputStream:75 - [STDERR_REDIRECT] 
2026-08-28 23:38:03,653 [ERROR] LogOutputStream:75 - [STDERR_REDIRECT] Aug 28, 2026 11:38:03 PM java.util.prefs.FileSystemPreferences checkLockFile0ErrorCode
2026-08-28 23:38:03,653 [ERROR] LogOutputStream:75 - [STDERR_REDIRECT] WARNING: Could not lock System prefs. Unix error code 5.
2026-08-28 23:38:03,653 [ERROR] LogOutputStream:75 - [STDERR_REDIRECT] 
2026-08-28 23:38:03,653 [ERROR] LogOutputStream:75 - [STDERR_REDIRECT] Aug 28, 2026 11:38:03 PM java.util.prefs.FileSystemPreferences syncWorld
2026-08-28 23:38:03,654 [ERROR] LogOutputStream:75 - [STDERR_REDIRECT] WARNING: Couldn't flush system prefs: java.util.prefs.BackingStoreException: Couldn't get file lock.
2026-08-28 23:38:03,654 [ERROR] LogOutputStream:75 - [STDERR_REDIRECT] 
2026-08-28 23:38:33,652 [ERROR] LogOutputStream:75 - [STDERR_REDIRECT] Aug 28, 2026 11:38:33 PM java.util.prefs.FileSystemPreferences checkLockFile0ErrorCode
2026-08-28 23:38:33,653 [ERROR] LogOutputStream:75 - [STDERR_REDIRECT] WARNING: Could not lock System prefs. Unix error code 5.
2026-08-28 23:38:33,653 [ERROR] LogOutputStream:75 - [STDERR_REDIRECT] 
2026-08-28 23:38:33,653 [ERROR] LogOutputStream:75 - [STDERR_REDIRECT] Aug 28, 2026 11:38:33 PM java.util.prefs.FileSystemPreferences syncWorld
2026-08-28 23:38:33,653 [ERROR] LogOutputStream:75 - [STDERR_REDIRECT] WARNING: Couldn't flush system prefs: java.util.prefs.BackingStoreException: Couldn't get file lock.
2026-08-28 23:38:33,653 [ERROR] LogOutputStream:75 - [STDERR_REDIRECT] 
2026-08-28 23:39:03,653 [ERROR] LogOutputStream:75 - [STDERR_REDIRECT] Aug 28, 2026 11:39:03 PM java.util.prefs.FileSystemPreferences checkLockFile0ErrorCode
2026-08-28 23:39:03,653 [ERROR] LogOutputStream:75 - [STDERR_REDIRECT] WARNING: Could not lock System prefs. Unix error code 5.
2026-08-28 23:39:03,653 [ERROR] LogOutputStream:75 - [STDERR_REDIRECT] 
2026-08-28 23:39:03,653 [ERROR] LogOutputStream:75 - [STDERR_REDIRECT] Aug 28, 2026 11:39:03 PM java.util.prefs.FileSystemPreferences syncWorld
2026-08-28 23:39:03,653 [ERROR] LogOutputStream:75 - [STDERR_REDIRECT] WARNING: Couldn't flush system prefs: java.util.prefs.BackingStoreException: Couldn't get file lock.
2026-08-28 23:39:03,653 [ERROR] LogOutputStream:75 - [STDERR_REDIRECT] 
2026-08-28 23:39:33,653 [ERROR] LogOutputStream:75 - [STDERR_REDIRECT] Aug 28, 2026 11:39:33 PM java.util.prefs.FileSystemPreferences checkLockFile0ErrorCode
2026-08-28 23:39:33,653 [ERROR] LogOutputStream:75 - [STDERR_REDIRECT] WARNING: Could not lock System prefs. Unix error code 5.
2026-08-28 23:39:33,653 [ERROR] LogOutputStream:75 - [STDERR_REDIRECT] 
2026-08-28 23:39:33,653 [ERROR] LogOutputStream:75 - [STDERR_REDIRECT] Aug 28, 2026 11:39:33 PM java.util.prefs.FileSystemPreferences syncWorld
2026-08-28 23:39:33,654 [ERROR] LogOutputStream:75 - [STDERR_REDIRECT] WARNING: Couldn't flush system prefs: java.util.prefs.BackingStoreException: Couldn't get file lock.
2026-08-28 23:39:33,654 [ERROR] LogOutputStream:75 - [STDERR_REDIRECT] 
2026-08-28 23:40:03,653 [ERROR] LogOutputStream:75 - [STDERR_REDIRECT] Aug 28, 2026 11:40:03 PM java.util.prefs.FileSystemPreferences checkLockFile0ErrorCode
2026-08-28 23:40:03,653 [ERROR] LogOutputStream:75 - [STDERR_REDIRECT] WARNING: Could not lock System prefs. Unix error code 5.
2026-08-28 23:40:03,654 [ERROR] LogOutputStream:75 - [STDERR_REDIRECT] 
2026-08-28 23:40:03,654 [ERROR] LogOutputStream:75 - [STDERR_REDIRECT] Aug 28, 2026 11:40:03 PM java.util.prefs.FileSystemPreferences syncWorld
2026-08-28 23:40:03,654 [ERROR] LogOutputStream:75 - [STDERR_REDIRECT] WARNING: Couldn't flush system prefs: java.util.prefs.BackingStoreException: Couldn't get file lock.
2026-08-28 23:40:03,654 [ERROR] LogOutputStream:75 - [STDERR_REDIRECT] 
2026-08-28 23:40:33,654 [ERROR] LogOutputStream:75 - [STDERR_REDIRECT] Aug 28, 2026 11:40:33 PM java.util.prefs.FileSystemPreferences checkLockFile0ErrorCode
2026-08-28 23:40:33,654 [ERROR] LogOutputStream:75 - [STDERR_REDIRECT] WARNING: Could not lock System prefs. Unix error code 5.
2026-08-28 23:40:33,654 [ERROR] LogOutputStream:75 - [STDERR_REDIRECT] 
2026-08-28 23:40:33,654 [ERROR] LogOutputStream:75 - [STDERR_REDIRECT] Aug 28, 2026 11:40:33 PM java.util.prefs.FileSystemPreferences syncWorld
2026-08-28 23:40:33,655 [ERROR] LogOutputStream:75 - [STDERR_REDIRECT] WARNING: Couldn't flush system prefs: java.util.prefs.BackingStoreException: Couldn't get file lock.
2026-08-28 23:40:33,655 [ERROR] LogOutputStream:75 - [STDERR_REDIRECT] 
2026-08-28 23:41:03,653 [ERROR] LogOutputStream:75 - [STDERR_REDIRECT] Aug 28, 2026 11:41:03 PM java.util.prefs.FileSystemPreferences checkLockFile0ErrorCode
2026-08-28 23:41:03,653 [ERROR] LogOutputStream:75 - [STDERR_REDIRECT] WARNING: Could not lock System prefs. Unix error code 5.
2026-08-28 23:41:03,654 [ERROR] LogOutputStream:75 - [STDERR_REDIRECT] 
2026-08-28 23:41:03,654 [ERROR] LogOutputStream:75 - [STDERR_REDIRECT] Aug 28, 2026 11:41:03 PM java.util.prefs.FileSystemPreferences syncWorld
2026-08-28 23:41:03,654 [ERROR] LogOutputStream:75 - [STDERR_REDIRECT] WARNING: Couldn't flush system prefs: java.util.prefs.BackingStoreException: Couldn't get file lock.
2026-08-28 23:41:03,654 [ERROR] LogOutputStream:75 - [STDERR_REDIRECT] 
2026-08-28 23:41:33,653 [ERROR] LogOutputStream:75 - [STDERR_REDIRECT] Aug 28, 2026 11:41:33 PM java.util.prefs.FileSystemPreferences checkLockFile0ErrorCode
2026-08-28 23:41:33,654 [ERROR] LogOutputStream:75 - [STDERR_REDIRECT] WARNING: Could not lock System prefs. Unix error code 5.
2026-08-28 23:41:33,654 [ERROR] LogOutputStream:75 - [STDERR_REDIRECT] 
2026-08-28 23:41:33,654 [ERROR] LogOutputStream:75 - [STDERR_REDIRECT] Aug 28, 2026 11:41:33 PM java.util.prefs.FileSystemPreferences syncWorld
2026-08-28 23:41:33,654 [ERROR] LogOutputStream:75 - [STDERR_REDIRECT] WARNING: Couldn't flush system prefs: java.util.prefs.BackingStoreException: Couldn't get file lock.
2026-08-28 23:41:33,654 [ERROR] LogOutputStream:75 - [STDERR_REDIRECT] 
2026-08-28 23:42:03,653 [ERROR] LogOutputStream:75 - [STDERR_REDIRECT] Aug 28, 2026 11:42:03 PM java.util.prefs.FileSystemPreferences checkLockFile0ErrorCode
2026-08-28 23:42:03,654 [ERROR] LogOutputStream:75 - [STDERR_REDIRECT] WARNING: Could not lock System prefs. Unix error code 5.
2026-08-28 23:42:03,654 [ERROR] LogOutputStream:75 - [STDERR_REDIRECT] 
2026-08-28 23:42:03,654 [ERROR] LogOutputStream:75 - [STDERR_REDIRECT] Aug 28, 2026 11:42:03 PM java.util.prefs.FileSystemPreferences syncWorld
2026-08-28 23:42:03,654 [ERROR] LogOutputStream:75 - [STDERR_REDIRECT] WARNING: Couldn't flush system prefs: java.util.prefs.BackingStoreException: Couldn't get file lock.
2026-08-28 23:42:03,654 [ERROR] LogOutputStream:75 - [STDERR_REDIRECT] 
2026-08-28 23:42:33,654 [ERROR] LogOutputStream:75 - [STDERR_REDIRECT] Aug 28, 2026 11:42:33 PM java.util.prefs.FileSystemPreferences checkLockFile0ErrorCode
2026-08-28 23:42:33,654 [ERROR] LogOutputStream:75 - [STDERR_REDIRECT] WARNING: Could not lock System prefs. Unix error code 5.
2026-08-28 23:42:33,654 [ERROR] LogOutputStream:75 - [STDERR_REDIRECT] 
2026-08-28 23:42:33,654 [ERROR] LogOutputStream:75 - [STDERR_REDIRECT] Aug 28, 2026 11:42:33 PM java.util.prefs.FileSystemPreferences syncWorld
2026-08-28 23:42:33,654 [ERROR] LogOutputStream:75 - [STDERR_REDIRECT] WARNING: Couldn't flush system prefs: java.util.prefs.BackingStoreException: Couldn't get file lock.
2026-08-28 23:42:33,655 [ERROR] LogOutputStream:75 - [STDERR_REDIRECT] 
2026-08-28 23:43:03,653 [ERROR] LogOutputStream:75 - [STDERR_REDIRECT] Aug 28, 2026 11:43:03 PM java.util.prefs.FileSystemPreferences checkLockFile0ErrorCode
2026-08-28 23:43:03,653 [ERROR] LogOutputStream:75 - [STDERR_REDIRECT] WARNING: Could not lock System prefs. Unix error code 5.
2026-08-28 23:43:03,654 [ERROR] LogOutputStream:75 - [STDERR_REDIRECT] 
2026-08-28 23:43:03,654 [ERROR] LogOutputStream:75 - [STDERR_REDIRECT] Aug 28, 2026 11:43:03 PM java.util.prefs.FileSystemPreferences syncWorld
2026-08-28 23:43:03,654 [ERROR] LogOutputStream:75 - [STDERR_REDIRECT] WARNING: Couldn't flush system prefs: java.util.prefs.BackingStoreException: Couldn't get file lock.
2026-08-28 23:43:03,654 [ERROR] LogOutputStream:75 - [STDERR_REDIRECT] 
2026-08-28 23:43:33,654 [ERROR] LogOutputStream:75 - [STDERR_REDIRECT] Aug 28, 2026 11:43:33 PM java.util.prefs.FileSystemPreferences checkLockFile0ErrorCode
2026-08-28 23:43:33,654 [ERROR] LogOutputStream:75 - [STDERR_REDIRECT] WARNING: Could not lock System prefs. Unix error code 5.
2026-08-28 23:43:33,654 [ERROR] LogOutputStream:75 - [STDERR_REDIRECT] 
2026-08-28 23:43:33,655 [ERROR] LogOutputStream:75 - [STDERR_REDIRECT] Aug 28, 2026 11:43:33 PM java.util.prefs.FileSystemPreferences syncWorld
2026-08-28 23:43:33,655 [ERROR] LogOutputStream:75 - [STDERR_REDIRECT] WARNING: Couldn't flush system prefs: java.util.prefs.BackingStoreException: Couldn't get file lock.
2026-08-28 23:43:33,655 [ERROR] LogOutputStream:75 - [STDERR_REDIRECT] 
2026-08-28 23:44:03,654 [ERROR] LogOutputStream:75 - [STDERR_REDIRECT] Aug 28, 2026 11:44:03 PM java.util.prefs.FileSystemPreferences checkLockFile0ErrorCode
2026-08-28 23:44:03,654 [ERROR] LogOutputStream:75 - [STDERR_REDIRECT] WARNING: Could not lock System prefs. Unix error code 5.
2026-08-28 23:44:03,655 [ERROR] LogOutputStream:75 - [STDERR_REDIRECT] 
2026-08-28 23:44:03,655 [ERROR] LogOutputStream:75 - [STDERR_REDIRECT] Aug 28, 2026 11:44:03 PM java.util.prefs.FileSystemPreferences syncWorld
2026-08-28 23:44:03,657 [ERROR] LogOutputStream:75 - [STDERR_REDIRECT] WARNING: Couldn't flush system prefs: java.util.prefs.BackingStoreException: Couldn't get file lock.
2026-08-28 23:44:03,657 [ERROR] LogOutputStream:75 - [STDERR_REDIRECT] 
2026-08-28 23:44:33,653 [ERROR] LogOutputStream:75 - [STDERR_REDIRECT] Aug 28, 2026 11:44:33 PM java.util.prefs.FileSystemPreferences checkLockFile0ErrorCode
2026-08-28 23:44:33,654 [ERROR] LogOutputStream:75 - [STDERR_REDIRECT] WARNING: Could not lock System prefs. Unix error code 5.
2026-08-28 23:44:33,654 [ERROR] LogOutputStream:75 - [STDERR_REDIRECT] 
2026-08-28 23:44:33,654 [ERROR] LogOutputStream:75 - [STDERR_REDIRECT] Aug 28, 2026 11:44:33 PM java.util.prefs.FileSystemPreferences syncWorld
2026-08-28 23:44:33,654 [ERROR] LogOutputStream:75 - [STDERR_REDIRECT] WARNING: Couldn't flush system prefs: java.util.prefs.BackingStoreException: Couldn't get file lock.
2026-08-28 23:44:33,654 [ERROR] LogOutputStream:75 - [STDERR_REDIRECT] 
2026-08-28 23:45:03,654 [ERROR] LogOutputStream:75 - [STDERR_REDIRECT] Aug 28, 2026 11:45:03 PM java.util.prefs.FileSystemPreferences checkLockFile0ErrorCode
2026-08-28 23:45:03,654 [ERROR] LogOutputStream:75 - [STDERR_REDIRECT] WARNING: Could not lock System prefs. Unix error code 5.
2026-08-28 23:45:03,654 [ERROR] LogOutputStream:75 - [STDERR_REDIRECT] 
2026-08-28 23:45:03,654 [ERROR] LogOutputStream:75 - [STDERR_REDIRECT] Aug 28, 2026 11:45:03 PM java.util.prefs.FileSystemPreferences syncWorld
2026-08-28 23:45:03,654 [ERROR] LogOutputStream:75 - [STDERR_REDIRECT] WARNING: Couldn't flush system prefs: java.util.prefs.BackingStoreException: Couldn't get file lock.
2026-08-28 23:45:03,654 [ERROR] LogOutputStream:75 - [STDERR_REDIRECT] 
2026-08-28 23:45:33,654 [ERROR] LogOutputStream:75 - [STDERR_REDIRECT] Aug 28, 2026 11:45:33 PM java.util.prefs.FileSystemPreferences checkLockFile0ErrorCode
2026-08-28 23:45:33,654 [ERROR] LogOutputStream:75 - [STDERR_REDIRECT] WARNING: Could not lock System prefs. Unix error code 5.
2026-08-28 23:45:33,654 [ERROR] LogOutputStream:75 - [STDERR_REDIRECT] 
2026-08-28 23:45:33,654 [ERROR] LogOutputStream:75 - [STDERR_REDIRECT] Aug 28, 2026 11:45:33 PM java.util.prefs.FileSystemPreferences syncWorld
2026-08-28 23:45:33,655 [ERROR] LogOutputStream:75 - [STDERR_REDIRECT] WARNING: Couldn't flush system prefs: java.util.prefs.BackingStoreException: Couldn't get file lock.
2026-08-28 23:45:33,655 [ERROR] LogOutputStream:75 - [STDERR_REDIRECT] 
2026-08-28 23:46:03,653 [ERROR] LogOutputStream:75 - [STDERR_REDIRECT] Aug 28, 2026 11:46:03 PM java.util.prefs.FileSystemPreferences checkLockFile0ErrorCode
2026-08-28 23:46:03,653 [ERROR] LogOutputStream:75 - [STDERR_REDIRECT] WARNING: Could not lock System prefs. Unix error code 5.
2026-08-28 23:46:03,653 [ERROR] LogOutputStream:75 - [STDERR_REDIRECT] 
2026-08-28 23:46:03,654 [ERROR] LogOutputStream:75 - [STDERR_REDIRECT] Aug 28, 2026 11:46:03 PM java.util.prefs.FileSystemPreferences syncWorld
2026-08-28 23:46:03,654 [ERROR] LogOutputStream:75 - [STDERR_REDIRECT] WARNING: Couldn't flush system prefs: java.util.prefs.BackingStoreException: Couldn't get file lock.
2026-08-28 23:46:03,654 [ERROR] LogOutputStream:75 - [STDERR_REDIRECT] 
2026-08-28 23:46:33,653 [ERROR] LogOutputStream:75 - [STDERR_REDIRECT] Aug 28, 2026 11:46:33 PM java.util.prefs.FileSystemPreferences checkLockFile0ErrorCode
2026-08-28 23:46:33,654 [ERROR] LogOutputStream:75 - [STDERR_REDIRECT] WARNING: Could not lock System prefs. Unix error code 5.
2026-08-28 23:46:33,654 [ERROR] LogOutputStream:75 - [STDERR_REDIRECT] 
2026-08-28 23:46:33,654 [ERROR] LogOutputStream:75 - [STDERR_REDIRECT] Aug 28, 2026 11:46:33 PM java.util.prefs.FileSystemPreferences syncWorld
2026-08-28 23:46:33,654 [ERROR] LogOutputStream:75 - [STDERR_REDIRECT] WARNING: Couldn't flush system prefs: java.util.prefs.BackingStoreException: Couldn't get file lock.
2026-08-28 23:46:33,654 [ERROR] LogOutputStream:75 - [STDERR_REDIRECT] 
2026-08-28 23:47:03,654 [ERROR] LogOutputStream:75 - [STDERR_REDIRECT] Aug 28, 2026 11:47:03 PM java.util.prefs.FileSystemPreferences checkLockFile0ErrorCode
2026-08-28 23:47:03,654 [ERROR] LogOutputStream:75 - [STDERR_REDIRECT] WARNING: Could not lock System prefs. Unix error code 5.
2026-08-28 23:47:03,654 [ERROR] LogOutputStream:75 - [STDERR_REDIRECT] 
2026-08-28 23:47:03,654 [ERROR] LogOutputStream:75 - [STDERR_REDIRECT] Aug 28, 2026 11:47:03 PM java.util.prefs.FileSystemPreferences syncWorld
2026-08-28 23:47:03,654 [ERROR] LogOutputStream:75 - [STDERR_REDIRECT] WARNING: Couldn't flush system prefs: java.util.prefs.BackingStoreException: Couldn't get file lock.
2026-08-28 23:47:03,654 [ERROR] LogOutputStream:75 - [STDERR_REDIRECT] 
2026-08-28 23:47:33,655 [ERROR] LogOutputStream:75 - [STDERR_REDIRECT] Aug 28, 2026 11:47:33 PM java.util.prefs.FileSystemPreferences checkLockFile0ErrorCode
2026-08-28 23:47:33,655 [ERROR] LogOutputStream:75 - [STDERR_REDIRECT] WARNING: Could not lock System prefs. Unix error code 5.
2026-08-28 23:47:33,655 [ERROR] LogOutputStream:75 - [STDERR_REDIRECT] 
2026-08-28 23:47:33,655 [ERROR] LogOutputStream:75 - [STDERR_REDIRECT] Aug 28, 2026 11:47:33 PM java.util.prefs.FileSystemPreferences syncWorld
2026-08-28 23:47:33,656 [ERROR] LogOutputStream:75 - [STDERR_REDIRECT] WARNING: Couldn't flush system prefs: java.util.prefs.BackingStoreException: Couldn't get file lock.
2026-08-28 23:47:33,656 [ERROR] LogOutputStream:75 - [STDERR_REDIRECT] 
2026-08-28 23:48:03,654 [ERROR] LogOutputStream:75 - [STDERR_REDIRECT] Aug 28, 2026 11:48:03 PM java.util.prefs.FileSystemPreferences checkLockFile0ErrorCode
2026-08-28 23:48:03,654 [ERROR] LogOutputStream:75 - [STDERR_REDIRECT] WARNING: Could not lock System prefs. Unix error code 5.
2026-08-28 23:48:03,654 [ERROR] LogOutputStream:75 - [STDERR_REDIRECT] 
2026-08-28 23:48:03,655 [ERROR] LogOutputStream:75 - [STDERR_REDIRECT] Aug 28, 2026 11:48:03 PM java.util.prefs.FileSystemPreferences syncWorld
2026-08-28 23:48:03,655 [ERROR] LogOutputStream:75 - [STDERR_REDIRECT] WARNING: Couldn't flush system prefs: java.util.prefs.BackingStoreException: Couldn't get file lock.
2026-08-28 23:48:03,655 [ERROR] LogOutputStream:75 - [STDERR_REDIRECT] 
2026-08-28 23:48:33,654 [ERROR] LogOutputStream:75 - [STDERR_REDIRECT] Aug 28, 2026 11:48:33 PM java.util.prefs.FileSystemPreferences checkLockFile0ErrorCode
2026-08-28 23:48:33,655 [ERROR] LogOutputStream:75 - [STDERR_REDIRECT] WARNING: Could not lock System prefs. Unix error code 5.
2026-08-28 23:48:33,655 [ERROR] LogOutputStream:75 - [STDERR_REDIRECT] 
2026-08-28 23:48:33,655 [ERROR] LogOutputStream:75 - [STDERR_REDIRECT] Aug 28, 2026 11:48:33 PM java.util.prefs.FileSystemPreferences syncWorld
2026-08-28 23:48:33,655 [ERROR] LogOutputStream:75 - [STDERR_REDIRECT] WARNING: Couldn't flush system prefs: java.util.prefs.BackingStoreException: Couldn't get file lock.
2026-08-28 23:48:33,655 [ERROR] LogOutputStream:75 - [STDERR_REDIRECT] 
2026-08-28 23:49:03,655 [ERROR] LogOutputStream:75 - [STDERR_REDIRECT] Aug 28, 2026 11:49:03 PM java.util.prefs.FileSystemPreferences checkLockFile0ErrorCode
2026-08-28 23:49:03,655 [ERROR] LogOutputStream:75 - [STDERR_REDIRECT] WARNING: Could not lock System prefs. Unix error code 5.
2026-08-28 23:49:03,655 [ERROR] LogOutputStream:75 - [STDERR_REDIRECT] 
2026-08-28 23:49:03,655 [ERROR] LogOutputStream:75 - [STDERR_REDIRECT] Aug 28, 2026 11:49:03 PM java.util.prefs.FileSystemPreferences syncWorld
2026-08-28 23:49:03,655 [ERROR] LogOutputStream:75 - [STDERR_REDIRECT] WARNING: Couldn't flush system prefs: java.util.prefs.BackingStoreException: Couldn't get file lock.
2026-08-28 23:49:03,655 [ERROR] LogOutputStream:75 - [STDERR_REDIRECT] 
2026-08-28 23:49:33,654 [ERROR] LogOutputStream:75 - [STDERR_REDIRECT] Aug 28, 2026 11:49:33 PM java.util.prefs.FileSystemPreferences checkLockFile0ErrorCode
2026-08-28 23:49:33,654 [ERROR] LogOutputStream:75 - [STDERR_REDIRECT] WARNING: Could not lock System prefs. Unix error code 5.
2026-08-28 23:49:33,654 [ERROR] LogOutputStream:75 - [STDERR_REDIRECT] 
2026-08-28 23:49:33,655 [ERROR] LogOutputStream:75 - [STDERR_REDIRECT] Aug 28, 2026 11:49:33 PM java.util.prefs.FileSystemPreferences syncWorld
2026-08-28 23:49:33,655 [ERROR] LogOutputStream:75 - [STDERR_REDIRECT] WARNING: Couldn't flush system prefs: java.util.prefs.BackingStoreException: Couldn't get file lock.
2026-08-28 23:49:33,655 [ERROR] LogOutputStream:75 - [STDERR_REDIRECT] 
2026-08-28 23:50:03,655 [ERROR] LogOutputStream:75 - [STDERR_REDIRECT] Aug 28, 2026 11:50:03 PM java.util.prefs.FileSystemPreferences checkLockFile0ErrorCode
2026-08-28 23:50:03,655 [ERROR] LogOutputStream:75 - [STDERR_REDIRECT] WARNING: Could not lock System prefs. Unix error code 5.
2026-08-28 23:50:03,655 [ERROR] LogOutputStream:75 - [STDERR_REDIRECT] 
2026-08-28 23:50:03,655 [ERROR] LogOutputStream:75 - [STDERR_REDIRECT] Aug 28, 2026 11:50:03 PM java.util.prefs.FileSystemPreferences syncWorld
2026-08-28 23:50:03,655 [ERROR] LogOutputStream:75 - [STDERR_REDIRECT] WARNING: Couldn't flush system prefs: java.util.prefs.BackingStoreException: Couldn't get file lock.
2026-08-28 23:50:03,655 [ERROR] LogOutputStream:75 - [STDERR_REDIRECT] 
2026-08-28 23:50:33,655 [ERROR] LogOutputStream:75 - [STDERR_REDIRECT] Aug 28, 2026 11:50:33 PM java.util.prefs.FileSystemPreferences checkLockFile0ErrorCode
2026-08-28 23:50:33,655 [ERROR] LogOutputStream:75 - [STDERR_REDIRECT] WARNING: Could not lock System prefs. Unix error code 5.
2026-08-28 23:50:33,655 [ERROR] LogOutputStream:75 - [STDERR_REDIRECT] 
2026-08-28 23:50:33,655 [ERROR] LogOutputStream:75 - [STDERR_REDIRECT] Aug 28, 2026 11:50:33 PM java.util.prefs.FileSystemPreferences syncWorld
2026-08-28 23:50:33,655 [ERROR] LogOutputStream:75 - [STDERR_REDIRECT] WARNING: Couldn't flush system prefs: java.util.prefs.BackingStoreException: Couldn't get file lock.
2026-08-28 23:50:33,656 [ERROR] LogOutputStream:75 - [STDERR_REDIRECT] 
2026-08-28 23:51:03,655 [ERROR] LogOutputStream:75 - [STDERR_REDIRECT] Aug 28, 2026 11:51:03 PM java.util.prefs.FileSystemPreferences checkLockFile0ErrorCode
2026-08-28 23:51:03,655 [ERROR] LogOutputStream:75 - [STDERR_REDIRECT] WARNING: Could not lock System prefs. Unix error code 5.
2026-08-28 23:51:03,655 [ERROR] LogOutputStream:75 - [STDERR_REDIRECT] 
2026-08-28 23:51:03,655 [ERROR] LogOutputStream:75 - [STDERR_REDIRECT] Aug 28, 2026 11:51:03 PM java.util.prefs.FileSystemPreferences syncWorld
2026-08-28 23:51:03,656 [ERROR] LogOutputStream:75 - [STDERR_REDIRECT] WARNING: Couldn't flush system prefs: java.util.prefs.BackingStoreException: Couldn't get file lock.
2026-08-28 23:51:03,656 [ERROR] LogOutputStream:75 - [STDERR_REDIRECT] 
2026-08-28 23:51:33,654 [ERROR] LogOutputStream:75 - [STDERR_REDIRECT] Aug 28, 2026 11:51:33 PM java.util.prefs.FileSystemPreferences checkLockFile0ErrorCode
2026-08-28 23:51:33,655 [ERROR] LogOutputStream:75 - [STDERR_REDIRECT] WARNING: Could not lock System prefs. Unix error code 5.
2026-08-28 23:51:33,655 [ERROR] LogOutputStream:75 - [STDERR_REDIRECT] 
2026-08-28 23:51:33,655 [ERROR] LogOutputStream:75 - [STDERR_REDIRECT] Aug 28, 2026 11:51:33 PM java.util.prefs.FileSystemPreferences syncWorld
2026-08-28 23:51:33,655 [ERROR] LogOutputStream:75 - [STDERR_REDIRECT] WARNING: Couldn't flush system prefs: java.util.prefs.BackingStoreException: Couldn't get file lock.
2026-08-28 23:51:33,655 [ERROR] LogOutputStream:75 - [STDERR_REDIRECT] 
2026-08-28 23:52:03,655 [ERROR] LogOutputStream:75 - [STDERR_REDIRECT] Aug 28, 2026 11:52:03 PM java.util.prefs.FileSystemPreferences checkLockFile0ErrorCode
2026-08-28 23:52:03,655 [ERROR] LogOutputStream:75 - [STDERR_REDIRECT] WARNING: Could not lock System prefs. Unix error code 5.
2026-08-28 23:52:03,655 [ERROR] LogOutputStream:75 - [STDERR_REDIRECT] 
2026-08-28 23:52:03,655 [ERROR] LogOutputStream:75 - [STDERR_REDIRECT] Aug 28, 2026 11:52:03 PM java.util.prefs.FileSystemPreferences syncWorld
2026-08-28 23:52:03,655 [ERROR] LogOutputStream:75 - [STDERR_REDIRECT] WARNING: Couldn't flush system prefs: java.util.prefs.BackingStoreException: Couldn't get file lock.
2026-08-28 23:52:03,656 [ERROR] LogOutputStream:75 - [STDERR_REDIRECT] 
2026-08-28 23:52:33,654 [ERROR] LogOutputStream:75 - [STDERR_REDIRECT] Aug 28, 2026 11:52:33 PM java.util.prefs.FileSystemPreferences checkLockFile0ErrorCode
2026-08-28 23:52:33,654 [ERROR] LogOutputStream:75 - [STDERR_REDIRECT] WARNING: Could not lock System prefs. Unix error code 5.
2026-08-28 23:52:33,654 [ERROR] LogOutputStream:75 - [STDERR_REDIRECT] 
2026-08-28 23:52:33,655 [ERROR] LogOutputStream:75 - [STDERR_REDIRECT] Aug 28, 2026 11:52:33 PM java.util.prefs.FileSystemPreferences syncWorld
2026-08-28 23:52:33,655 [ERROR] LogOutputStream:75 - [STDERR_REDIRECT] WARNING: Couldn't flush system prefs: java.util.prefs.BackingStoreException: Couldn't get file lock.
2026-08-28 23:52:33,655 [ERROR] LogOutputStream:75 - [STDERR_REDIRECT] 
2026-08-28 23:53:03,655 [ERROR] LogOutputStream:75 - [STDERR_REDIRECT] Aug 28, 2026 11:53:03 PM java.util.prefs.FileSystemPreferences checkLockFile0ErrorCode
2026-08-28 23:53:03,656 [ERROR] LogOutputStream:75 - [STDERR_REDIRECT] WARNING: Could not lock System prefs. Unix error code 5.
2026-08-28 23:53:03,656 [ERROR] LogOutputStream:75 - [STDERR_REDIRECT] 
2026-08-28 23:53:03,656 [ERROR] LogOutputStream:75 - [STDERR_REDIRECT] Aug 28, 2026 11:53:03 PM java.util.prefs.FileSystemPreferences syncWorld
2026-08-28 23:53:03,656 [ERROR] LogOutputStream:75 - [STDERR_REDIRECT] WARNING: Couldn't flush system prefs: java.util.prefs.BackingStoreException: Couldn't get file lock.
2026-08-28 23:53:03,656 [ERROR] LogOutputStream:75 - [STDERR_REDIRECT] 
2026-08-28 23:53:33,655 [ERROR] LogOutputStream:75 - [STDERR_REDIRECT] Aug 28, 2026 11:53:33 PM java.util.prefs.FileSystemPreferences checkLockFile0ErrorCode
2026-08-28 23:53:33,655 [ERROR] LogOutputStream:75 - [STDERR_REDIRECT] WARNING: Could not lock System prefs. Unix error code 5.
2026-08-28 23:53:33,656 [ERROR] LogOutputStream:75 - [STDERR_REDIRECT] 
2026-08-28 23:53:33,656 [ERROR] LogOutputStream:75 - [STDERR_REDIRECT] Aug 28, 2026 11:53:33 PM java.util.prefs.FileSystemPreferences syncWorld
2026-08-28 23:53:33,656 [ERROR] LogOutputStream:75 - [STDERR_REDIRECT] WARNING: Couldn't flush system prefs: java.util.prefs.BackingStoreException: Couldn't get file lock.
2026-08-28 23:53:33,656 [ERROR] LogOutputStream:75 - [STDERR_REDIRECT] 
2026-08-28 23:54:03,656 [ERROR] LogOutputStream:75 - [STDERR_REDIRECT] Aug 28, 2026 11:54:03 PM java.util.prefs.FileSystemPreferences checkLockFile0ErrorCode
2026-08-28 23:54:03,657 [ERROR] LogOutputStream:75 - [STDERR_REDIRECT] WARNING: Could not lock System prefs. Unix error code 5.
2026-08-28 23:54:03,657 [ERROR] LogOutputStream:75 - [STDERR_REDIRECT] 
2026-08-28 23:54:03,657 [ERROR] LogOutputStream:75 - [STDERR_REDIRECT] Aug 28, 2026 11:54:03 PM java.util.prefs.FileSystemPreferences syncWorld
2026-08-28 23:54:03,657 [ERROR] LogOutputStream:75 - [STDERR_REDIRECT] WARNING: Couldn't flush system prefs: java.util.prefs.BackingStoreException: Couldn't get file lock.
2026-08-28 23:54:03,657 [ERROR] LogOutputStream:75 - [STDERR_REDIRECT] 
2026-08-28 23:54:33,656 [ERROR] LogOutputStream:75 - [STDERR_REDIRECT] Aug 28, 2026 11:54:33 PM java.util.prefs.FileSystemPreferences checkLockFile0ErrorCode
2026-08-28 23:54:33,657 [ERROR] LogOutputStream:75 - [STDERR_REDIRECT] WARNING: Could not lock System prefs. Unix error code 5.
2026-08-28 23:54:33,657 [ERROR] LogOutputStream:75 - [STDERR_REDIRECT] 
2026-08-28 23:54:33,657 [ERROR] LogOutputStream:75 - [STDERR_REDIRECT] Aug 28, 2026 11:54:33 PM java.util.prefs.FileSystemPreferences syncWorld
2026-08-28 23:54:33,657 [ERROR] LogOutputStream:75 - [STDERR_REDIRECT] WARNING: Couldn't flush system prefs: java.util.prefs.BackingStoreException: Couldn't get file lock.
2026-08-28 23:54:33,657 [ERROR] LogOutputStream:75 - [STDERR_REDIRECT] 
2026-08-28 23:55:03,656 [ERROR] LogOutputStream:75 - [STDERR_REDIRECT] Aug 28, 2026 11:55:03 PM java.util.prefs.FileSystemPreferences checkLockFile0ErrorCode
2026-08-28 23:55:03,657 [ERROR] LogOutputStream:75 - [STDERR_REDIRECT] WARNING: Could not lock System prefs. Unix error code 5.
2026-08-28 23:55:03,657 [ERROR] LogOutputStream:75 - [STDERR_REDIRECT] 
2026-08-28 23:55:03,657 [ERROR] LogOutputStream:75 - [STDERR_REDIRECT] Aug 28, 2026 11:55:03 PM java.util.prefs.FileSystemPreferences syncWorld
2026-08-28 23:55:03,657 [ERROR] LogOutputStream:75 - [STDERR_REDIRECT] WARNING: Couldn't flush system prefs: java.util.prefs.BackingStoreException: Couldn't get file lock.
2026-08-28 23:55:03,657 [ERROR] LogOutputStream:75 - [STDERR_REDIRECT] 
2026-08-28 23:55:33,656 [ERROR] LogOutputStream:75 - [STDERR_REDIRECT] Aug 28, 2026 11:55:33 PM java.util.prefs.FileSystemPreferences checkLockFile0ErrorCode
2026-08-28 23:55:33,657 [ERROR] LogOutputStream:75 - [STDERR_REDIRECT] WARNING: Could not lock System prefs. Unix error code 5.
2026-08-28 23:55:33,657 [ERROR] LogOutputStream:75 - [STDERR_REDIRECT] 
2026-08-28 23:55:33,657 [ERROR] LogOutputStream:75 - [STDERR_REDIRECT] Aug 28, 2026 11:55:33 PM java.util.prefs.FileSystemPreferences syncWorld
2026-08-28 23:55:33,657 [ERROR] LogOutputStream:75 - [STDERR_REDIRECT] WARNING: Couldn't flush system prefs: java.util.prefs.BackingStoreException: Couldn't get file lock.
2026-08-28 23:55:33,657 [ERROR] LogOutputStream:75 - [STDERR_REDIRECT] 
2026-08-28 23:56:03,656 [ERROR] LogOutputStream:75 - [STDERR_REDIRECT] Aug 28, 2026 11:56:03 PM java.util.prefs.FileSystemPreferences checkLockFile0ErrorCode
2026-08-28 23:56:03,657 [ERROR] LogOutputStream:75 - [STDERR_REDIRECT] WARNING: Could not lock System prefs. Unix error code 5.
2026-08-28 23:56:03,657 [ERROR] LogOutputStream:75 - [STDERR_REDIRECT] 
2026-08-28 23:56:03,657 [ERROR] LogOutputStream:75 - [STDERR_REDIRECT] Aug 28, 2026 11:56:03 PM java.util.prefs.FileSystemPreferences syncWorld
2026-08-28 23:56:03,657 [ERROR] LogOutputStream:75 - [STDERR_REDIRECT] WARNING: Couldn't flush system prefs: java.util.prefs.BackingStoreException: Couldn't get file lock.
2026-08-28 23:56:03,657 [ERROR] LogOutputStream:75 - [STDERR_REDIRECT] 
2026-08-28 23:56:33,657 [ERROR] LogOutputStream:75 - [STDERR_REDIRECT] Aug 28, 2026 11:56:33 PM java.util.prefs.FileSystemPreferences checkLockFile0ErrorCode
2026-08-28 23:56:33,657 [ERROR] LogOutputStream:75 - [STDERR_REDIRECT] WARNING: Could not lock System prefs. Unix error code 5.
2026-08-28 23:56:33,657 [ERROR] LogOutputStream:75 - [STDERR_REDIRECT] 
2026-08-28 23:56:33,658 [ERROR] LogOutputStream:75 - [STDERR_REDIRECT] Aug 28, 2026 11:56:33 PM java.util.prefs.FileSystemPreferences syncWorld
2026-08-28 23:56:33,658 [ERROR] LogOutputStream:75 - [STDERR_REDIRECT] WARNING: Couldn't flush system prefs: java.util.prefs.BackingStoreException: Couldn't get file lock.
2026-08-28 23:56:33,658 [ERROR] LogOutputStream:75 - [STDERR_REDIRECT] 
2026-08-28 23:57:03,658 [ERROR] LogOutputStream:75 - [STDERR_REDIRECT] Aug 28, 2026 11:57:03 PM java.util.prefs.FileSystemPreferences checkLockFile0ErrorCode
2026-08-28 23:57:03,658 [ERROR] LogOutputStream:75 - [STDERR_REDIRECT] WARNING: Could not lock System prefs. Unix error code 5.
2026-08-28 23:57:03,659 [ERROR] LogOutputStream:75 - [STDERR_REDIRECT] 
2026-08-28 23:57:03,659 [ERROR] LogOutputStream:75 - [STDERR_REDIRECT] Aug 28, 2026 11:57:03 PM java.util.prefs.FileSystemPreferences syncWorld
2026-08-28 23:57:03,659 [ERROR] LogOutputStream:75 - [STDERR_REDIRECT] WARNING: Couldn't flush system prefs: java.util.prefs.BackingStoreException: Couldn't get file lock.
2026-08-28 23:57:03,659 [ERROR] LogOutputStream:75 - [STDERR_REDIRECT] 
2026-08-28 23:57:33,658 [ERROR] LogOutputStream:75 - [STDERR_REDIRECT] Aug 28, 2026 11:57:33 PM java.util.prefs.FileSystemPreferences checkLockFile0ErrorCode
2026-08-28 23:57:33,659 [ERROR] LogOutputStream:75 - [STDERR_REDIRECT] WARNING: Could not lock System prefs. Unix error code 5.
2026-08-28 23:57:33,659 [ERROR] LogOutputStream:75 - [STDERR_REDIRECT] 
2026-08-28 23:57:33,659 [ERROR] LogOutputStream:75 - [STDERR_REDIRECT] Aug 28, 2026 11:57:33 PM java.util.prefs.FileSystemPreferences syncWorld
2026-08-28 23:57:33,659 [ERROR] LogOutputStream:75 - [STDERR_REDIRECT] WARNING: Couldn't flush system prefs: java.util.prefs.BackingStoreException: Couldn't get file lock.
2026-08-28 23:57:33,659 [ERROR] LogOutputStream:75 - [STDERR_REDIRECT] 
2026-08-28 23:58:03,658 [ERROR] LogOutputStream:75 - [STDERR_REDIRECT] Aug 28, 2026 11:58:03 PM java.util.prefs.FileSystemPreferences checkLockFile0ErrorCode
2026-08-28 23:58:03,658 [ERROR] LogOutputStream:75 - [STDERR_REDIRECT] WARNING: Could not lock System prefs. Unix error code 5.
2026-08-28 23:58:03,659 [ERROR] LogOutputStream:75 - [STDERR_REDIRECT] 
2026-08-28 23:58:03,659 [ERROR] LogOutputStream:75 - [STDERR_REDIRECT] Aug 28, 2026 11:58:03 PM java.util.prefs.FileSystemPreferences syncWorld
2026-08-28 23:58:03,659 [ERROR] LogOutputStream:75 - [STDERR_REDIRECT] WARNING: Couldn't flush system prefs: java.util.prefs.BackingStoreException: Couldn't get file lock.
2026-08-28 23:58:03,659 [ERROR] LogOutputStream:75 - [STDERR_REDIRECT] 
2026-08-28 23:58:33,659 [ERROR] LogOutputStream:75 - [STDERR_REDIRECT] Aug 28, 2026 11:58:33 PM java.util.prefs.FileSystemPreferences checkLockFile0ErrorCode
2026-08-28 23:58:33,659 [ERROR] LogOutputStream:75 - [STDERR_REDIRECT] WARNING: Could not lock System prefs. Unix error code 5.
2026-08-28 23:58:33,659 [ERROR] LogOutputStream:75 - [STDERR_REDIRECT] 
2026-08-28 23:58:33,659 [ERROR] LogOutputStream:75 - [STDERR_REDIRECT] Aug 28, 2026 11:58:33 PM java.util.prefs.FileSystemPreferences syncWorld
2026-08-28 23:58:33,659 [ERROR] LogOutputStream:75 - [STDERR_REDIRECT] WARNING: Couldn't flush system prefs: java.util.prefs.BackingStoreException: Couldn't get file lock.
2026-08-28 23:58:33,659 [ERROR] LogOutputStream:75 - [STDERR_REDIRECT] 
2026-08-28 23:59:03,659 [ERROR] LogOutputStream:75 - [STDERR_REDIRECT] Aug 28, 2026 11:59:03 PM java.util.prefs.FileSystemPreferences checkLockFile0ErrorCode
2026-08-28 23:59:03,659 [ERROR] LogOutputStream:75 - [STDERR_REDIRECT] WARNING: Could not lock System prefs. Unix error code 5.
2026-08-28 23:59:03,659 [ERROR] LogOutputStream:75 - [STDERR_REDIRECT] 
2026-08-28 23:59:03,659 [ERROR] LogOutputStream:75 - [STDERR_REDIRECT] Aug 28, 2026 11:59:03 PM java.util.prefs.FileSystemPreferences syncWorld
2026-08-28 23:59:03,660 [ERROR] LogOutputStream:75 - [STDERR_REDIRECT] WARNING: Couldn't flush system prefs: java.util.prefs.BackingStoreException: Couldn't get file lock.
2026-08-28 23:59:03,660 [ERROR] LogOutputStream:75 - [STDERR_REDIRECT] 
2026-08-28 23:59:33,659 [ERROR] LogOutputStream:75 - [STDERR_REDIRECT] Aug 28, 2026 11:59:33 PM java.util.prefs.FileSystemPreferences checkLockFile0ErrorCode
2026-08-28 23:59:33,659 [ERROR] LogOutputStream:75 - [STDERR_REDIRECT] WARNING: Could not lock System prefs. Unix error code 5.
2026-08-28 23:59:33,659 [ERROR] LogOutputStream:75 - [STDERR_REDIRECT] 
2026-08-28 23:59:33,659 [ERROR] LogOutputStream:75 - [STDERR_REDIRECT] Aug 28, 2026 11:59:33 PM java.util.prefs.FileSystemPreferences syncWorld
2026-08-28 23:59:33,659 [ERROR] LogOutputStream:75 - [STDERR_REDIRECT] WARNING: Couldn't flush system prefs: java.util.prefs.BackingStoreException: Couldn't get file lock.
2026-08-28 23:59:33,659 [ERROR] LogOutputStream:75 - [STDERR_REDIRECT] 
