2026-08-03 00:00:02,488 [ERROR] LogOutputStream:75 - [STDERR_REDIRECT] Aug 03, 2026 12:00:02 AM java.util.prefs.FileSystemPreferences checkLockFile0ErrorCode
2026-08-03 00:00:02,489 [ERROR] LogOutputStream:75 - [STDERR_REDIRECT] WARNING: Could not lock System prefs. Unix error code 5.
2026-08-03 00:00:02,490 [ERROR] LogOutputStream:75 - [STDERR_REDIRECT] 
2026-08-03 00:00:02,490 [ERROR] LogOutputStream:75 - [STDERR_REDIRECT] Aug 03, 2026 12:00:02 AM java.util.prefs.FileSystemPreferences syncWorld
2026-08-03 00:00:02,490 [ERROR] LogOutputStream:75 - [STDERR_REDIRECT] WARNING: Couldn't flush system prefs: java.util.prefs.BackingStoreException: Couldn't get file lock.
2026-08-03 00:00:02,490 [ERROR] LogOutputStream:75 - [STDERR_REDIRECT] 
2026-08-03 00:00:32,488 [ERROR] LogOutputStream:75 - [STDERR_REDIRECT] Aug 03, 2026 12:00:32 AM java.util.prefs.FileSystemPreferences checkLockFile0ErrorCode
2026-08-03 00:00:32,488 [ERROR] LogOutputStream:75 - [STDERR_REDIRECT] WARNING: Could not lock System prefs. Unix error code 5.
2026-08-03 00:00:32,488 [ERROR] LogOutputStream:75 - [STDERR_REDIRECT] 
2026-08-03 00:00:32,489 [ERROR] LogOutputStream:75 - [STDERR_REDIRECT] Aug 03, 2026 12:00:32 AM java.util.prefs.FileSystemPreferences syncWorld
2026-08-03 00:00:32,489 [ERROR] LogOutputStream:75 - [STDERR_REDIRECT] WARNING: Couldn't flush system prefs: java.util.prefs.BackingStoreException: Couldn't get file lock.
2026-08-03 00:00:32,489 [ERROR] LogOutputStream:75 - [STDERR_REDIRECT] 
2026-08-03 00:01:02,490 [ERROR] LogOutputStream:75 - [STDERR_REDIRECT] Aug 03, 2026 12:01:02 AM java.util.prefs.FileSystemPreferences checkLockFile0ErrorCode
2026-08-03 00:01:02,490 [ERROR] LogOutputStream:75 - [STDERR_REDIRECT] WARNING: Could not lock System prefs. Unix error code 5.
2026-08-03 00:01:02,490 [ERROR] LogOutputStream:75 - [STDERR_REDIRECT] 
2026-08-03 00:01:02,490 [ERROR] LogOutputStream:75 - [STDERR_REDIRECT] Aug 03, 2026 12:01:02 AM java.util.prefs.FileSystemPreferences syncWorld
2026-08-03 00:01:02,490 [ERROR] LogOutputStream:75 - [STDERR_REDIRECT] WARNING: Couldn't flush system prefs: java.util.prefs.BackingStoreException: Couldn't get file lock.
2026-08-03 00:01:02,490 [ERROR] LogOutputStream:75 - [STDERR_REDIRECT] 
2026-08-03 00:01:32,488 [ERROR] LogOutputStream:75 - [STDERR_REDIRECT] Aug 03, 2026 12:01:32 AM java.util.prefs.FileSystemPreferences checkLockFile0ErrorCode
2026-08-03 00:01:32,488 [ERROR] LogOutputStream:75 - [STDERR_REDIRECT] WARNING: Could not lock System prefs. Unix error code 5.
2026-08-03 00:01:32,488 [ERROR] LogOutputStream:75 - [STDERR_REDIRECT] 
2026-08-03 00:01:32,488 [ERROR] LogOutputStream:75 - [STDERR_REDIRECT] Aug 03, 2026 12:01:32 AM java.util.prefs.FileSystemPreferences syncWorld
2026-08-03 00:01:32,488 [ERROR] LogOutputStream:75 - [STDERR_REDIRECT] WARNING: Couldn't flush system prefs: java.util.prefs.BackingStoreException: Couldn't get file lock.
2026-08-03 00:01:32,488 [ERROR] LogOutputStream:75 - [STDERR_REDIRECT] 
2026-08-03 00:02:02,487 [ERROR] LogOutputStream:75 - [STDERR_REDIRECT] Aug 03, 2026 12:02:02 AM java.util.prefs.FileSystemPreferences checkLockFile0ErrorCode
2026-08-03 00:02:02,487 [ERROR] LogOutputStream:75 - [STDERR_REDIRECT] WARNING: Could not lock System prefs. Unix error code 5.
2026-08-03 00:02:02,487 [ERROR] LogOutputStream:75 - [STDERR_REDIRECT] 
2026-08-03 00:02:02,488 [ERROR] LogOutputStream:75 - [STDERR_REDIRECT] Aug 03, 2026 12:02:02 AM java.util.prefs.FileSystemPreferences syncWorld
2026-08-03 00:02:02,488 [ERROR] LogOutputStream:75 - [STDERR_REDIRECT] WARNING: Couldn't flush system prefs: java.util.prefs.BackingStoreException: Couldn't get file lock.
2026-08-03 00:02:02,488 [ERROR] LogOutputStream:75 - [STDERR_REDIRECT] 
2026-08-03 00:02:32,489 [ERROR] LogOutputStream:75 - [STDERR_REDIRECT] Aug 03, 2026 12:02:32 AM java.util.prefs.FileSystemPreferences checkLockFile0ErrorCode
2026-08-03 00:02:32,489 [ERROR] LogOutputStream:75 - [STDERR_REDIRECT] WARNING: Could not lock System prefs. Unix error code 5.
2026-08-03 00:02:32,489 [ERROR] LogOutputStream:75 - [STDERR_REDIRECT] 
2026-08-03 00:02:32,489 [ERROR] LogOutputStream:75 - [STDERR_REDIRECT] Aug 03, 2026 12:02:32 AM java.util.prefs.FileSystemPreferences syncWorld
2026-08-03 00:02:32,489 [ERROR] LogOutputStream:75 - [STDERR_REDIRECT] WARNING: Couldn't flush system prefs: java.util.prefs.BackingStoreException: Couldn't get file lock.
2026-08-03 00:02:32,490 [ERROR] LogOutputStream:75 - [STDERR_REDIRECT] 
2026-08-03 00:03:02,490 [ERROR] LogOutputStream:75 - [STDERR_REDIRECT] Aug 03, 2026 12:03:02 AM java.util.prefs.FileSystemPreferences checkLockFile0ErrorCode
2026-08-03 00:03:02,490 [ERROR] LogOutputStream:75 - [STDERR_REDIRECT] WARNING: Could not lock System prefs. Unix error code 5.
2026-08-03 00:03:02,490 [ERROR] LogOutputStream:75 - [STDERR_REDIRECT] 
2026-08-03 00:03:02,490 [ERROR] LogOutputStream:75 - [STDERR_REDIRECT] Aug 03, 2026 12:03:02 AM java.util.prefs.FileSystemPreferences syncWorld
2026-08-03 00:03:02,490 [ERROR] LogOutputStream:75 - [STDERR_REDIRECT] WARNING: Couldn't flush system prefs: java.util.prefs.BackingStoreException: Couldn't get file lock.
2026-08-03 00:03:02,490 [ERROR] LogOutputStream:75 - [STDERR_REDIRECT] 
2026-08-03 00:03:32,489 [ERROR] LogOutputStream:75 - [STDERR_REDIRECT] Aug 03, 2026 12:03:32 AM java.util.prefs.FileSystemPreferences checkLockFile0ErrorCode
2026-08-03 00:03:32,489 [ERROR] LogOutputStream:75 - [STDERR_REDIRECT] WARNING: Could not lock System prefs. Unix error code 5.
2026-08-03 00:03:32,489 [ERROR] LogOutputStream:75 - [STDERR_REDIRECT] 
2026-08-03 00:03:32,490 [ERROR] LogOutputStream:75 - [STDERR_REDIRECT] Aug 03, 2026 12:03:32 AM java.util.prefs.FileSystemPreferences syncWorld
2026-08-03 00:03:32,490 [ERROR] LogOutputStream:75 - [STDERR_REDIRECT] WARNING: Couldn't flush system prefs: java.util.prefs.BackingStoreException: Couldn't get file lock.
2026-08-03 00:03:32,490 [ERROR] LogOutputStream:75 - [STDERR_REDIRECT] 
2026-08-03 00:04:02,488 [ERROR] LogOutputStream:75 - [STDERR_REDIRECT] Aug 03, 2026 12:04:02 AM java.util.prefs.FileSystemPreferences checkLockFile0ErrorCode
2026-08-03 00:04:02,489 [ERROR] LogOutputStream:75 - [STDERR_REDIRECT] WARNING: Could not lock System prefs. Unix error code 5.
2026-08-03 00:04:02,489 [ERROR] LogOutputStream:75 - [STDERR_REDIRECT] 
2026-08-03 00:04:02,489 [ERROR] LogOutputStream:75 - [STDERR_REDIRECT] Aug 03, 2026 12:04:02 AM java.util.prefs.FileSystemPreferences syncWorld
2026-08-03 00:04:02,489 [ERROR] LogOutputStream:75 - [STDERR_REDIRECT] WARNING: Couldn't flush system prefs: java.util.prefs.BackingStoreException: Couldn't get file lock.
2026-08-03 00:04:02,489 [ERROR] LogOutputStream:75 - [STDERR_REDIRECT] 
2026-08-03 00:04:32,489 [ERROR] LogOutputStream:75 - [STDERR_REDIRECT] Aug 03, 2026 12:04:32 AM java.util.prefs.FileSystemPreferences checkLockFile0ErrorCode
2026-08-03 00:04:32,489 [ERROR] LogOutputStream:75 - [STDERR_REDIRECT] WARNING: Could not lock System prefs. Unix error code 5.
2026-08-03 00:04:32,489 [ERROR] LogOutputStream:75 - [STDERR_REDIRECT] 
2026-08-03 00:04:32,489 [ERROR] LogOutputStream:75 - [STDERR_REDIRECT] Aug 03, 2026 12:04:32 AM java.util.prefs.FileSystemPreferences syncWorld
2026-08-03 00:04:32,490 [ERROR] LogOutputStream:75 - [STDERR_REDIRECT] WARNING: Couldn't flush system prefs: java.util.prefs.BackingStoreException: Couldn't get file lock.
2026-08-03 00:04:32,490 [ERROR] LogOutputStream:75 - [STDERR_REDIRECT] 
2026-08-03 00:05:02,488 [ERROR] LogOutputStream:75 - [STDERR_REDIRECT] Aug 03, 2026 12:05:02 AM java.util.prefs.FileSystemPreferences checkLockFile0ErrorCode
2026-08-03 00:05:02,489 [ERROR] LogOutputStream:75 - [STDERR_REDIRECT] WARNING: Could not lock System prefs. Unix error code 5.
2026-08-03 00:05:02,489 [ERROR] LogOutputStream:75 - [STDERR_REDIRECT] 
2026-08-03 00:05:02,489 [ERROR] LogOutputStream:75 - [STDERR_REDIRECT] Aug 03, 2026 12:05:02 AM java.util.prefs.FileSystemPreferences syncWorld
2026-08-03 00:05:02,489 [ERROR] LogOutputStream:75 - [STDERR_REDIRECT] WARNING: Couldn't flush system prefs: java.util.prefs.BackingStoreException: Couldn't get file lock.
2026-08-03 00:05:02,489 [ERROR] LogOutputStream:75 - [STDERR_REDIRECT] 
2026-08-03 00:05:32,489 [ERROR] LogOutputStream:75 - [STDERR_REDIRECT] Aug 03, 2026 12:05:32 AM java.util.prefs.FileSystemPreferences checkLockFile0ErrorCode
2026-08-03 00:05:32,489 [ERROR] LogOutputStream:75 - [STDERR_REDIRECT] WARNING: Could not lock System prefs. Unix error code 5.
2026-08-03 00:05:32,489 [ERROR] LogOutputStream:75 - [STDERR_REDIRECT] 
2026-08-03 00:05:32,489 [ERROR] LogOutputStream:75 - [STDERR_REDIRECT] Aug 03, 2026 12:05:32 AM java.util.prefs.FileSystemPreferences syncWorld
2026-08-03 00:05:32,489 [ERROR] LogOutputStream:75 - [STDERR_REDIRECT] WARNING: Couldn't flush system prefs: java.util.prefs.BackingStoreException: Couldn't get file lock.
2026-08-03 00:05:32,489 [ERROR] LogOutputStream:75 - [STDERR_REDIRECT] 
2026-08-03 00:06:02,490 [ERROR] LogOutputStream:75 - [STDERR_REDIRECT] Aug 03, 2026 12:06:02 AM java.util.prefs.FileSystemPreferences checkLockFile0ErrorCode
2026-08-03 00:06:02,490 [ERROR] LogOutputStream:75 - [STDERR_REDIRECT] WARNING: Could not lock System prefs. Unix error code 5.
2026-08-03 00:06:02,490 [ERROR] LogOutputStream:75 - [STDERR_REDIRECT] 
2026-08-03 00:06:02,490 [ERROR] LogOutputStream:75 - [STDERR_REDIRECT] Aug 03, 2026 12:06:02 AM java.util.prefs.FileSystemPreferences syncWorld
2026-08-03 00:06:02,490 [ERROR] LogOutputStream:75 - [STDERR_REDIRECT] WARNING: Couldn't flush system prefs: java.util.prefs.BackingStoreException: Couldn't get file lock.
2026-08-03 00:06:02,490 [ERROR] LogOutputStream:75 - [STDERR_REDIRECT] 
2026-08-03 00:06:32,490 [ERROR] LogOutputStream:75 - [STDERR_REDIRECT] Aug 03, 2026 12:06:32 AM java.util.prefs.FileSystemPreferences checkLockFile0ErrorCode
2026-08-03 00:06:32,490 [ERROR] LogOutputStream:75 - [STDERR_REDIRECT] WARNING: Could not lock System prefs. Unix error code 5.
2026-08-03 00:06:32,490 [ERROR] LogOutputStream:75 - [STDERR_REDIRECT] 
2026-08-03 00:06:32,490 [ERROR] LogOutputStream:75 - [STDERR_REDIRECT] Aug 03, 2026 12:06:32 AM java.util.prefs.FileSystemPreferences syncWorld
2026-08-03 00:06:32,490 [ERROR] LogOutputStream:75 - [STDERR_REDIRECT] WARNING: Couldn't flush system prefs: java.util.prefs.BackingStoreException: Couldn't get file lock.
2026-08-03 00:06:32,490 [ERROR] LogOutputStream:75 - [STDERR_REDIRECT] 
2026-08-03 00:07:02,490 [ERROR] LogOutputStream:75 - [STDERR_REDIRECT] Aug 03, 2026 12:07:02 AM java.util.prefs.FileSystemPreferences checkLockFile0ErrorCode
2026-08-03 00:07:02,490 [ERROR] LogOutputStream:75 - [STDERR_REDIRECT] WARNING: Could not lock System prefs. Unix error code 5.
2026-08-03 00:07:02,490 [ERROR] LogOutputStream:75 - [STDERR_REDIRECT] 
2026-08-03 00:07:02,491 [ERROR] LogOutputStream:75 - [STDERR_REDIRECT] Aug 03, 2026 12:07:02 AM java.util.prefs.FileSystemPreferences syncWorld
2026-08-03 00:07:02,491 [ERROR] LogOutputStream:75 - [STDERR_REDIRECT] WARNING: Couldn't flush system prefs: java.util.prefs.BackingStoreException: Couldn't get file lock.
2026-08-03 00:07:02,491 [ERROR] LogOutputStream:75 - [STDERR_REDIRECT] 
2026-08-03 00:07:32,490 [ERROR] LogOutputStream:75 - [STDERR_REDIRECT] Aug 03, 2026 12:07:32 AM java.util.prefs.FileSystemPreferences checkLockFile0ErrorCode
2026-08-03 00:07:32,491 [ERROR] LogOutputStream:75 - [STDERR_REDIRECT] WARNING: Could not lock System prefs. Unix error code 5.
2026-08-03 00:07:32,491 [ERROR] LogOutputStream:75 - [STDERR_REDIRECT] 
2026-08-03 00:07:32,491 [ERROR] LogOutputStream:75 - [STDERR_REDIRECT] Aug 03, 2026 12:07:32 AM java.util.prefs.FileSystemPreferences syncWorld
2026-08-03 00:07:32,491 [ERROR] LogOutputStream:75 - [STDERR_REDIRECT] WARNING: Couldn't flush system prefs: java.util.prefs.BackingStoreException: Couldn't get file lock.
2026-08-03 00:07:32,491 [ERROR] LogOutputStream:75 - [STDERR_REDIRECT] 
2026-08-03 00:08:02,491 [ERROR] LogOutputStream:75 - [STDERR_REDIRECT] Aug 03, 2026 12:08:02 AM java.util.prefs.FileSystemPreferences checkLockFile0ErrorCode
2026-08-03 00:08:02,491 [ERROR] LogOutputStream:75 - [STDERR_REDIRECT] WARNING: Could not lock System prefs. Unix error code 5.
2026-08-03 00:08:02,492 [ERROR] LogOutputStream:75 - [STDERR_REDIRECT] 
2026-08-03 00:08:02,492 [ERROR] LogOutputStream:75 - [STDERR_REDIRECT] Aug 03, 2026 12:08:02 AM java.util.prefs.FileSystemPreferences syncWorld
2026-08-03 00:08:02,492 [ERROR] LogOutputStream:75 - [STDERR_REDIRECT] WARNING: Couldn't flush system prefs: java.util.prefs.BackingStoreException: Couldn't get file lock.
2026-08-03 00:08:02,492 [ERROR] LogOutputStream:75 - [STDERR_REDIRECT] 
2026-08-03 00:08:32,492 [ERROR] LogOutputStream:75 - [STDERR_REDIRECT] Aug 03, 2026 12:08:32 AM java.util.prefs.FileSystemPreferences checkLockFile0ErrorCode
2026-08-03 00:08:32,492 [ERROR] LogOutputStream:75 - [STDERR_REDIRECT] WARNING: Could not lock System prefs. Unix error code 5.
2026-08-03 00:08:32,492 [ERROR] LogOutputStream:75 - [STDERR_REDIRECT] 
2026-08-03 00:08:32,493 [ERROR] LogOutputStream:75 - [STDERR_REDIRECT] Aug 03, 2026 12:08:32 AM java.util.prefs.FileSystemPreferences syncWorld
2026-08-03 00:08:32,493 [ERROR] LogOutputStream:75 - [STDERR_REDIRECT] WARNING: Couldn't flush system prefs: java.util.prefs.BackingStoreException: Couldn't get file lock.
2026-08-03 00:08:32,493 [ERROR] LogOutputStream:75 - [STDERR_REDIRECT] 
2026-08-03 00:09:02,492 [ERROR] LogOutputStream:75 - [STDERR_REDIRECT] Aug 03, 2026 12:09:02 AM java.util.prefs.FileSystemPreferences checkLockFile0ErrorCode
2026-08-03 00:09:02,492 [ERROR] LogOutputStream:75 - [STDERR_REDIRECT] WARNING: Could not lock System prefs. Unix error code 5.
2026-08-03 00:09:02,492 [ERROR] LogOutputStream:75 - [STDERR_REDIRECT] 
2026-08-03 00:09:02,492 [ERROR] LogOutputStream:75 - [STDERR_REDIRECT] Aug 03, 2026 12:09:02 AM java.util.prefs.FileSystemPreferences syncWorld
2026-08-03 00:09:02,493 [ERROR] LogOutputStream:75 - [STDERR_REDIRECT] WARNING: Couldn't flush system prefs: java.util.prefs.BackingStoreException: Couldn't get file lock.
2026-08-03 00:09:02,493 [ERROR] LogOutputStream:75 - [STDERR_REDIRECT] 
2026-08-03 00:09:32,492 [ERROR] LogOutputStream:75 - [STDERR_REDIRECT] Aug 03, 2026 12:09:32 AM java.util.prefs.FileSystemPreferences checkLockFile0ErrorCode
2026-08-03 00:09:32,492 [ERROR] LogOutputStream:75 - [STDERR_REDIRECT] WARNING: Could not lock System prefs. Unix error code 5.
2026-08-03 00:09:32,492 [ERROR] LogOutputStream:75 - [STDERR_REDIRECT] 
2026-08-03 00:09:32,492 [ERROR] LogOutputStream:75 - [STDERR_REDIRECT] Aug 03, 2026 12:09:32 AM java.util.prefs.FileSystemPreferences syncWorld
2026-08-03 00:09:32,492 [ERROR] LogOutputStream:75 - [STDERR_REDIRECT] WARNING: Couldn't flush system prefs: java.util.prefs.BackingStoreException: Couldn't get file lock.
2026-08-03 00:09:32,492 [ERROR] LogOutputStream:75 - [STDERR_REDIRECT] 
2026-08-03 00:10:02,492 [ERROR] LogOutputStream:75 - [STDERR_REDIRECT] Aug 03, 2026 12:10:02 AM java.util.prefs.FileSystemPreferences checkLockFile0ErrorCode
2026-08-03 00:10:02,492 [ERROR] LogOutputStream:75 - [STDERR_REDIRECT] WARNING: Could not lock System prefs. Unix error code 5.
2026-08-03 00:10:02,492 [ERROR] LogOutputStream:75 - [STDERR_REDIRECT] 
2026-08-03 00:10:02,493 [ERROR] LogOutputStream:75 - [STDERR_REDIRECT] Aug 03, 2026 12:10:02 AM java.util.prefs.FileSystemPreferences syncWorld
2026-08-03 00:10:02,493 [ERROR] LogOutputStream:75 - [STDERR_REDIRECT] WARNING: Couldn't flush system prefs: java.util.prefs.BackingStoreException: Couldn't get file lock.
2026-08-03 00:10:02,493 [ERROR] LogOutputStream:75 - [STDERR_REDIRECT] 
2026-08-03 00:10:32,492 [ERROR] LogOutputStream:75 - [STDERR_REDIRECT] Aug 03, 2026 12:10:32 AM java.util.prefs.FileSystemPreferences checkLockFile0ErrorCode
2026-08-03 00:10:32,492 [ERROR] LogOutputStream:75 - [STDERR_REDIRECT] WARNING: Could not lock System prefs. Unix error code 5.
2026-08-03 00:10:32,492 [ERROR] LogOutputStream:75 - [STDERR_REDIRECT] 
2026-08-03 00:10:32,492 [ERROR] LogOutputStream:75 - [STDERR_REDIRECT] Aug 03, 2026 12:10:32 AM java.util.prefs.FileSystemPreferences syncWorld
2026-08-03 00:10:32,493 [ERROR] LogOutputStream:75 - [STDERR_REDIRECT] WARNING: Couldn't flush system prefs: java.util.prefs.BackingStoreException: Couldn't get file lock.
2026-08-03 00:10:32,493 [ERROR] LogOutputStream:75 - [STDERR_REDIRECT] 
2026-08-03 00:11:02,492 [ERROR] LogOutputStream:75 - [STDERR_REDIRECT] Aug 03, 2026 12:11:02 AM java.util.prefs.FileSystemPreferences checkLockFile0ErrorCode
2026-08-03 00:11:02,492 [ERROR] LogOutputStream:75 - [STDERR_REDIRECT] WARNING: Could not lock System prefs. Unix error code 5.
2026-08-03 00:11:02,492 [ERROR] LogOutputStream:75 - [STDERR_REDIRECT] 
2026-08-03 00:11:02,493 [ERROR] LogOutputStream:75 - [STDERR_REDIRECT] Aug 03, 2026 12:11:02 AM java.util.prefs.FileSystemPreferences syncWorld
2026-08-03 00:11:02,493 [ERROR] LogOutputStream:75 - [STDERR_REDIRECT] WARNING: Couldn't flush system prefs: java.util.prefs.BackingStoreException: Couldn't get file lock.
2026-08-03 00:11:02,493 [ERROR] LogOutputStream:75 - [STDERR_REDIRECT] 
2026-08-03 00:11:32,492 [ERROR] LogOutputStream:75 - [STDERR_REDIRECT] Aug 03, 2026 12:11:32 AM java.util.prefs.FileSystemPreferences checkLockFile0ErrorCode
2026-08-03 00:11:32,492 [ERROR] LogOutputStream:75 - [STDERR_REDIRECT] WARNING: Could not lock System prefs. Unix error code 5.
2026-08-03 00:11:32,492 [ERROR] LogOutputStream:75 - [STDERR_REDIRECT] 
2026-08-03 00:11:32,492 [ERROR] LogOutputStream:75 - [STDERR_REDIRECT] Aug 03, 2026 12:11:32 AM java.util.prefs.FileSystemPreferences syncWorld
2026-08-03 00:11:32,493 [ERROR] LogOutputStream:75 - [STDERR_REDIRECT] WARNING: Couldn't flush system prefs: java.util.prefs.BackingStoreException: Couldn't get file lock.
2026-08-03 00:11:32,493 [ERROR] LogOutputStream:75 - [STDERR_REDIRECT] 
2026-08-03 00:12:02,492 [ERROR] LogOutputStream:75 - [STDERR_REDIRECT] Aug 03, 2026 12:12:02 AM java.util.prefs.FileSystemPreferences checkLockFile0ErrorCode
2026-08-03 00:12:02,492 [ERROR] LogOutputStream:75 - [STDERR_REDIRECT] WARNING: Could not lock System prefs. Unix error code 5.
2026-08-03 00:12:02,492 [ERROR] LogOutputStream:75 - [STDERR_REDIRECT] 
2026-08-03 00:12:02,492 [ERROR] LogOutputStream:75 - [STDERR_REDIRECT] Aug 03, 2026 12:12:02 AM java.util.prefs.FileSystemPreferences syncWorld
2026-08-03 00:12:02,492 [ERROR] LogOutputStream:75 - [STDERR_REDIRECT] WARNING: Couldn't flush system prefs: java.util.prefs.BackingStoreException: Couldn't get file lock.
2026-08-03 00:12:02,492 [ERROR] LogOutputStream:75 - [STDERR_REDIRECT] 
2026-08-03 00:12:32,492 [ERROR] LogOutputStream:75 - [STDERR_REDIRECT] Aug 03, 2026 12:12:32 AM java.util.prefs.FileSystemPreferences checkLockFile0ErrorCode
2026-08-03 00:12:32,492 [ERROR] LogOutputStream:75 - [STDERR_REDIRECT] WARNING: Could not lock System prefs. Unix error code 5.
2026-08-03 00:12:32,492 [ERROR] LogOutputStream:75 - [STDERR_REDIRECT] 
2026-08-03 00:12:32,492 [ERROR] LogOutputStream:75 - [STDERR_REDIRECT] Aug 03, 2026 12:12:32 AM java.util.prefs.FileSystemPreferences syncWorld
2026-08-03 00:12:32,492 [ERROR] LogOutputStream:75 - [STDERR_REDIRECT] WARNING: Couldn't flush system prefs: java.util.prefs.BackingStoreException: Couldn't get file lock.
2026-08-03 00:12:32,493 [ERROR] LogOutputStream:75 - [STDERR_REDIRECT] 
2026-08-03 00:13:02,492 [ERROR] LogOutputStream:75 - [STDERR_REDIRECT] Aug 03, 2026 12:13:02 AM java.util.prefs.FileSystemPreferences checkLockFile0ErrorCode
2026-08-03 00:13:02,493 [ERROR] LogOutputStream:75 - [STDERR_REDIRECT] WARNING: Could not lock System prefs. Unix error code 5.
2026-08-03 00:13:02,493 [ERROR] LogOutputStream:75 - [STDERR_REDIRECT] 
2026-08-03 00:13:02,493 [ERROR] LogOutputStream:75 - [STDERR_REDIRECT] Aug 03, 2026 12:13:02 AM java.util.prefs.FileSystemPreferences syncWorld
2026-08-03 00:13:02,493 [ERROR] LogOutputStream:75 - [STDERR_REDIRECT] WARNING: Couldn't flush system prefs: java.util.prefs.BackingStoreException: Couldn't get file lock.
2026-08-03 00:13:02,493 [ERROR] LogOutputStream:75 - [STDERR_REDIRECT] 
2026-08-03 00:13:32,493 [ERROR] LogOutputStream:75 - [STDERR_REDIRECT] Aug 03, 2026 12:13:32 AM java.util.prefs.FileSystemPreferences checkLockFile0ErrorCode
2026-08-03 00:13:32,493 [ERROR] LogOutputStream:75 - [STDERR_REDIRECT] WARNING: Could not lock System prefs. Unix error code 5.
2026-08-03 00:13:32,493 [ERROR] LogOutputStream:75 - [STDERR_REDIRECT] 
2026-08-03 00:13:32,493 [ERROR] LogOutputStream:75 - [STDERR_REDIRECT] Aug 03, 2026 12:13:32 AM java.util.prefs.FileSystemPreferences syncWorld
2026-08-03 00:13:32,494 [ERROR] LogOutputStream:75 - [STDERR_REDIRECT] WARNING: Couldn't flush system prefs: java.util.prefs.BackingStoreException: Couldn't get file lock.
2026-08-03 00:13:32,494 [ERROR] LogOutputStream:75 - [STDERR_REDIRECT] 
2026-08-03 00:14:02,493 [ERROR] LogOutputStream:75 - [STDERR_REDIRECT] Aug 03, 2026 12:14:02 AM java.util.prefs.FileSystemPreferences checkLockFile0ErrorCode
2026-08-03 00:14:02,493 [ERROR] LogOutputStream:75 - [STDERR_REDIRECT] WARNING: Could not lock System prefs. Unix error code 5.
2026-08-03 00:14:02,493 [ERROR] LogOutputStream:75 - [STDERR_REDIRECT] 
2026-08-03 00:14:02,493 [ERROR] LogOutputStream:75 - [STDERR_REDIRECT] Aug 03, 2026 12:14:02 AM java.util.prefs.FileSystemPreferences syncWorld
2026-08-03 00:14:02,493 [ERROR] LogOutputStream:75 - [STDERR_REDIRECT] WARNING: Couldn't flush system prefs: java.util.prefs.BackingStoreException: Couldn't get file lock.
2026-08-03 00:14:02,493 [ERROR] LogOutputStream:75 - [STDERR_REDIRECT] 
2026-08-03 00:14:32,493 [ERROR] LogOutputStream:75 - [STDERR_REDIRECT] Aug 03, 2026 12:14:32 AM java.util.prefs.FileSystemPreferences checkLockFile0ErrorCode
2026-08-03 00:14:32,493 [ERROR] LogOutputStream:75 - [STDERR_REDIRECT] WARNING: Could not lock System prefs. Unix error code 5.
2026-08-03 00:14:32,493 [ERROR] LogOutputStream:75 - [STDERR_REDIRECT] 
2026-08-03 00:14:32,494 [ERROR] LogOutputStream:75 - [STDERR_REDIRECT] Aug 03, 2026 12:14:32 AM java.util.prefs.FileSystemPreferences syncWorld
2026-08-03 00:14:32,494 [ERROR] LogOutputStream:75 - [STDERR_REDIRECT] WARNING: Couldn't flush system prefs: java.util.prefs.BackingStoreException: Couldn't get file lock.
2026-08-03 00:14:32,494 [ERROR] LogOutputStream:75 - [STDERR_REDIRECT] 
2026-08-03 00:15:02,494 [ERROR] LogOutputStream:75 - [STDERR_REDIRECT] Aug 03, 2026 12:15:02 AM java.util.prefs.FileSystemPreferences checkLockFile0ErrorCode
2026-08-03 00:15:02,494 [ERROR] LogOutputStream:75 - [STDERR_REDIRECT] WARNING: Could not lock System prefs. Unix error code 5.
2026-08-03 00:15:02,494 [ERROR] LogOutputStream:75 - [STDERR_REDIRECT] 
2026-08-03 00:15:02,494 [ERROR] LogOutputStream:75 - [STDERR_REDIRECT] Aug 03, 2026 12:15:02 AM java.util.prefs.FileSystemPreferences syncWorld
2026-08-03 00:15:02,494 [ERROR] LogOutputStream:75 - [STDERR_REDIRECT] WARNING: Couldn't flush system prefs: java.util.prefs.BackingStoreException: Couldn't get file lock.
2026-08-03 00:15:02,495 [ERROR] LogOutputStream:75 - [STDERR_REDIRECT] 
2026-08-03 00:15:32,494 [ERROR] LogOutputStream:75 - [STDERR_REDIRECT] Aug 03, 2026 12:15:32 AM java.util.prefs.FileSystemPreferences checkLockFile0ErrorCode
2026-08-03 00:15:32,494 [ERROR] LogOutputStream:75 - [STDERR_REDIRECT] WARNING: Could not lock System prefs. Unix error code 5.
2026-08-03 00:15:32,494 [ERROR] LogOutputStream:75 - [STDERR_REDIRECT] 
2026-08-03 00:15:32,494 [ERROR] LogOutputStream:75 - [STDERR_REDIRECT] Aug 03, 2026 12:15:32 AM java.util.prefs.FileSystemPreferences syncWorld
2026-08-03 00:15:32,494 [ERROR] LogOutputStream:75 - [STDERR_REDIRECT] WARNING: Couldn't flush system prefs: java.util.prefs.BackingStoreException: Couldn't get file lock.
2026-08-03 00:15:32,494 [ERROR] LogOutputStream:75 - [STDERR_REDIRECT] 
2026-08-03 00:16:02,496 [ERROR] LogOutputStream:75 - [STDERR_REDIRECT] Aug 03, 2026 12:16:02 AM java.util.prefs.FileSystemPreferences checkLockFile0ErrorCode
2026-08-03 00:16:02,496 [ERROR] LogOutputStream:75 - [STDERR_REDIRECT] WARNING: Could not lock System prefs. Unix error code 5.
2026-08-03 00:16:02,496 [ERROR] LogOutputStream:75 - [STDERR_REDIRECT] 
2026-08-03 00:16:02,496 [ERROR] LogOutputStream:75 - [STDERR_REDIRECT] Aug 03, 2026 12:16:02 AM java.util.prefs.FileSystemPreferences syncWorld
2026-08-03 00:16:02,496 [ERROR] LogOutputStream:75 - [STDERR_REDIRECT] WARNING: Couldn't flush system prefs: java.util.prefs.BackingStoreException: Couldn't get file lock.
2026-08-03 00:16:02,496 [ERROR] LogOutputStream:75 - [STDERR_REDIRECT] 
2026-08-03 00:16:32,494 [ERROR] LogOutputStream:75 - [STDERR_REDIRECT] Aug 03, 2026 12:16:32 AM java.util.prefs.FileSystemPreferences checkLockFile0ErrorCode
2026-08-03 00:16:32,494 [ERROR] LogOutputStream:75 - [STDERR_REDIRECT] WARNING: Could not lock System prefs. Unix error code 5.
2026-08-03 00:16:32,494 [ERROR] LogOutputStream:75 - [STDERR_REDIRECT] 
2026-08-03 00:16:32,494 [ERROR] LogOutputStream:75 - [STDERR_REDIRECT] Aug 03, 2026 12:16:32 AM java.util.prefs.FileSystemPreferences syncWorld
2026-08-03 00:16:32,494 [ERROR] LogOutputStream:75 - [STDERR_REDIRECT] WARNING: Couldn't flush system prefs: java.util.prefs.BackingStoreException: Couldn't get file lock.
2026-08-03 00:16:32,494 [ERROR] LogOutputStream:75 - [STDERR_REDIRECT] 
2026-08-03 00:17:02,495 [ERROR] LogOutputStream:75 - [STDERR_REDIRECT] Aug 03, 2026 12:17:02 AM java.util.prefs.FileSystemPreferences checkLockFile0ErrorCode
2026-08-03 00:17:02,495 [ERROR] LogOutputStream:75 - [STDERR_REDIRECT] WARNING: Could not lock System prefs. Unix error code 5.
2026-08-03 00:17:02,496 [ERROR] LogOutputStream:75 - [STDERR_REDIRECT] 
2026-08-03 00:17:02,496 [ERROR] LogOutputStream:75 - [STDERR_REDIRECT] Aug 03, 2026 12:17:02 AM java.util.prefs.FileSystemPreferences syncWorld
2026-08-03 00:17:02,496 [ERROR] LogOutputStream:75 - [STDERR_REDIRECT] WARNING: Couldn't flush system prefs: java.util.prefs.BackingStoreException: Couldn't get file lock.
2026-08-03 00:17:02,496 [ERROR] LogOutputStream:75 - [STDERR_REDIRECT] 
2026-08-03 00:17:32,496 [ERROR] LogOutputStream:75 - [STDERR_REDIRECT] Aug 03, 2026 12:17:32 AM java.util.prefs.FileSystemPreferences checkLockFile0ErrorCode
2026-08-03 00:17:32,496 [ERROR] LogOutputStream:75 - [STDERR_REDIRECT] WARNING: Could not lock System prefs. Unix error code 5.
2026-08-03 00:17:32,496 [ERROR] LogOutputStream:75 - [STDERR_REDIRECT] 
2026-08-03 00:17:32,497 [ERROR] LogOutputStream:75 - [STDERR_REDIRECT] Aug 03, 2026 12:17:32 AM java.util.prefs.FileSystemPreferences syncWorld
2026-08-03 00:17:32,497 [ERROR] LogOutputStream:75 - [STDERR_REDIRECT] WARNING: Couldn't flush system prefs: java.util.prefs.BackingStoreException: Couldn't get file lock.
2026-08-03 00:17:32,497 [ERROR] LogOutputStream:75 - [STDERR_REDIRECT] 
2026-08-03 00:18:02,496 [ERROR] LogOutputStream:75 - [STDERR_REDIRECT] Aug 03, 2026 12:18:02 AM java.util.prefs.FileSystemPreferences checkLockFile0ErrorCode
2026-08-03 00:18:02,496 [ERROR] LogOutputStream:75 - [STDERR_REDIRECT] WARNING: Could not lock System prefs. Unix error code 5.
2026-08-03 00:18:02,496 [ERROR] LogOutputStream:75 - [STDERR_REDIRECT] 
2026-08-03 00:18:02,496 [ERROR] LogOutputStream:75 - [STDERR_REDIRECT] Aug 03, 2026 12:18:02 AM java.util.prefs.FileSystemPreferences syncWorld
2026-08-03 00:18:02,496 [ERROR] LogOutputStream:75 - [STDERR_REDIRECT] WARNING: Couldn't flush system prefs: java.util.prefs.BackingStoreException: Couldn't get file lock.
2026-08-03 00:18:02,496 [ERROR] LogOutputStream:75 - [STDERR_REDIRECT] 
2026-08-03 00:18:32,496 [ERROR] LogOutputStream:75 - [STDERR_REDIRECT] Aug 03, 2026 12:18:32 AM java.util.prefs.FileSystemPreferences checkLockFile0ErrorCode
2026-08-03 00:18:32,496 [ERROR] LogOutputStream:75 - [STDERR_REDIRECT] WARNING: Could not lock System prefs. Unix error code 5.
2026-08-03 00:18:32,496 [ERROR] LogOutputStream:75 - [STDERR_REDIRECT] 
2026-08-03 00:18:32,497 [ERROR] LogOutputStream:75 - [STDERR_REDIRECT] Aug 03, 2026 12:18:32 AM java.util.prefs.FileSystemPreferences syncWorld
2026-08-03 00:18:32,497 [ERROR] LogOutputStream:75 - [STDERR_REDIRECT] WARNING: Couldn't flush system prefs: java.util.prefs.BackingStoreException: Couldn't get file lock.
2026-08-03 00:18:32,497 [ERROR] LogOutputStream:75 - [STDERR_REDIRECT] 
2026-08-03 00:19:02,496 [ERROR] LogOutputStream:75 - [STDERR_REDIRECT] Aug 03, 2026 12:19:02 AM java.util.prefs.FileSystemPreferences checkLockFile0ErrorCode
2026-08-03 00:19:02,497 [ERROR] LogOutputStream:75 - [STDERR_REDIRECT] WARNING: Could not lock System prefs. Unix error code 5.
2026-08-03 00:19:02,497 [ERROR] LogOutputStream:75 - [STDERR_REDIRECT] 
2026-08-03 00:19:02,497 [ERROR] LogOutputStream:75 - [STDERR_REDIRECT] Aug 03, 2026 12:19:02 AM java.util.prefs.FileSystemPreferences syncWorld
2026-08-03 00:19:02,497 [ERROR] LogOutputStream:75 - [STDERR_REDIRECT] WARNING: Couldn't flush system prefs: java.util.prefs.BackingStoreException: Couldn't get file lock.
2026-08-03 00:19:02,497 [ERROR] LogOutputStream:75 - [STDERR_REDIRECT] 
2026-08-03 00:19:32,497 [ERROR] LogOutputStream:75 - [STDERR_REDIRECT] Aug 03, 2026 12:19:32 AM java.util.prefs.FileSystemPreferences checkLockFile0ErrorCode
2026-08-03 00:19:32,497 [ERROR] LogOutputStream:75 - [STDERR_REDIRECT] WARNING: Could not lock System prefs. Unix error code 5.
2026-08-03 00:19:32,497 [ERROR] LogOutputStream:75 - [STDERR_REDIRECT] 
2026-08-03 00:19:32,498 [ERROR] LogOutputStream:75 - [STDERR_REDIRECT] Aug 03, 2026 12:19:32 AM java.util.prefs.FileSystemPreferences syncWorld
2026-08-03 00:19:32,498 [ERROR] LogOutputStream:75 - [STDERR_REDIRECT] WARNING: Couldn't flush system prefs: java.util.prefs.BackingStoreException: Couldn't get file lock.
2026-08-03 00:19:32,498 [ERROR] LogOutputStream:75 - [STDERR_REDIRECT] 
2026-08-03 00:20:02,497 [ERROR] LogOutputStream:75 - [STDERR_REDIRECT] Aug 03, 2026 12:20:02 AM java.util.prefs.FileSystemPreferences checkLockFile0ErrorCode
2026-08-03 00:20:02,497 [ERROR] LogOutputStream:75 - [STDERR_REDIRECT] WARNING: Could not lock System prefs. Unix error code 5.
2026-08-03 00:20:02,498 [ERROR] LogOutputStream:75 - [STDERR_REDIRECT] 
2026-08-03 00:20:02,498 [ERROR] LogOutputStream:75 - [STDERR_REDIRECT] Aug 03, 2026 12:20:02 AM java.util.prefs.FileSystemPreferences syncWorld
2026-08-03 00:20:02,498 [ERROR] LogOutputStream:75 - [STDERR_REDIRECT] WARNING: Couldn't flush system prefs: java.util.prefs.BackingStoreException: Couldn't get file lock.
2026-08-03 00:20:02,498 [ERROR] LogOutputStream:75 - [STDERR_REDIRECT] 
2026-08-03 00:20:32,496 [ERROR] LogOutputStream:75 - [STDERR_REDIRECT] Aug 03, 2026 12:20:32 AM java.util.prefs.FileSystemPreferences checkLockFile0ErrorCode
2026-08-03 00:20:32,497 [ERROR] LogOutputStream:75 - [STDERR_REDIRECT] WARNING: Could not lock System prefs. Unix error code 5.
2026-08-03 00:20:32,497 [ERROR] LogOutputStream:75 - [STDERR_REDIRECT] 
2026-08-03 00:20:32,497 [ERROR] LogOutputStream:75 - [STDERR_REDIRECT] Aug 03, 2026 12:20:32 AM java.util.prefs.FileSystemPreferences syncWorld
2026-08-03 00:20:32,497 [ERROR] LogOutputStream:75 - [STDERR_REDIRECT] WARNING: Couldn't flush system prefs: java.util.prefs.BackingStoreException: Couldn't get file lock.
2026-08-03 00:20:32,497 [ERROR] LogOutputStream:75 - [STDERR_REDIRECT] 
2026-08-03 00:21:02,497 [ERROR] LogOutputStream:75 - [STDERR_REDIRECT] Aug 03, 2026 12:21:02 AM java.util.prefs.FileSystemPreferences checkLockFile0ErrorCode
2026-08-03 00:21:02,497 [ERROR] LogOutputStream:75 - [STDERR_REDIRECT] WARNING: Could not lock System prefs. Unix error code 5.
2026-08-03 00:21:02,497 [ERROR] LogOutputStream:75 - [STDERR_REDIRECT] 
2026-08-03 00:21:02,497 [ERROR] LogOutputStream:75 - [STDERR_REDIRECT] Aug 03, 2026 12:21:02 AM java.util.prefs.FileSystemPreferences syncWorld
2026-08-03 00:21:02,497 [ERROR] LogOutputStream:75 - [STDERR_REDIRECT] WARNING: Couldn't flush system prefs: java.util.prefs.BackingStoreException: Couldn't get file lock.
2026-08-03 00:21:02,498 [ERROR] LogOutputStream:75 - [STDERR_REDIRECT] 
2026-08-03 00:21:32,496 [ERROR] LogOutputStream:75 - [STDERR_REDIRECT] Aug 03, 2026 12:21:32 AM java.util.prefs.FileSystemPreferences checkLockFile0ErrorCode
2026-08-03 00:21:32,496 [ERROR] LogOutputStream:75 - [STDERR_REDIRECT] WARNING: Could not lock System prefs. Unix error code 5.
2026-08-03 00:21:32,497 [ERROR] LogOutputStream:75 - [STDERR_REDIRECT] 
2026-08-03 00:21:32,497 [ERROR] LogOutputStream:75 - [STDERR_REDIRECT] Aug 03, 2026 12:21:32 AM java.util.prefs.FileSystemPreferences syncWorld
2026-08-03 00:21:32,497 [ERROR] LogOutputStream:75 - [STDERR_REDIRECT] WARNING: Couldn't flush system prefs: java.util.prefs.BackingStoreException: Couldn't get file lock.
2026-08-03 00:21:32,497 [ERROR] LogOutputStream:75 - [STDERR_REDIRECT] 
2026-08-03 00:22:02,496 [ERROR] LogOutputStream:75 - [STDERR_REDIRECT] Aug 03, 2026 12:22:02 AM java.util.prefs.FileSystemPreferences checkLockFile0ErrorCode
2026-08-03 00:22:02,497 [ERROR] LogOutputStream:75 - [STDERR_REDIRECT] WARNING: Could not lock System prefs. Unix error code 5.
2026-08-03 00:22:02,497 [ERROR] LogOutputStream:75 - [STDERR_REDIRECT] 
2026-08-03 00:22:02,497 [ERROR] LogOutputStream:75 - [STDERR_REDIRECT] Aug 03, 2026 12:22:02 AM java.util.prefs.FileSystemPreferences syncWorld
2026-08-03 00:22:02,497 [ERROR] LogOutputStream:75 - [STDERR_REDIRECT] WARNING: Couldn't flush system prefs: java.util.prefs.BackingStoreException: Couldn't get file lock.
2026-08-03 00:22:02,497 [ERROR] LogOutputStream:75 - [STDERR_REDIRECT] 
2026-08-03 00:22:32,497 [ERROR] LogOutputStream:75 - [STDERR_REDIRECT] Aug 03, 2026 12:22:32 AM java.util.prefs.FileSystemPreferences checkLockFile0ErrorCode
2026-08-03 00:22:32,498 [ERROR] LogOutputStream:75 - [STDERR_REDIRECT] WARNING: Could not lock System prefs. Unix error code 5.
2026-08-03 00:22:32,498 [ERROR] LogOutputStream:75 - [STDERR_REDIRECT] 
2026-08-03 00:22:32,498 [ERROR] LogOutputStream:75 - [STDERR_REDIRECT] Aug 03, 2026 12:22:32 AM java.util.prefs.FileSystemPreferences syncWorld
2026-08-03 00:22:32,498 [ERROR] LogOutputStream:75 - [STDERR_REDIRECT] WARNING: Couldn't flush system prefs: java.util.prefs.BackingStoreException: Couldn't get file lock.
2026-08-03 00:22:32,498 [ERROR] LogOutputStream:75 - [STDERR_REDIRECT] 
2026-08-03 00:23:02,497 [ERROR] LogOutputStream:75 - [STDERR_REDIRECT] Aug 03, 2026 12:23:02 AM java.util.prefs.FileSystemPreferences checkLockFile0ErrorCode
2026-08-03 00:23:02,497 [ERROR] LogOutputStream:75 - [STDERR_REDIRECT] WARNING: Could not lock System prefs. Unix error code 5.
2026-08-03 00:23:02,497 [ERROR] LogOutputStream:75 - [STDERR_REDIRECT] 
2026-08-03 00:23:02,497 [ERROR] LogOutputStream:75 - [STDERR_REDIRECT] Aug 03, 2026 12:23:02 AM java.util.prefs.FileSystemPreferences syncWorld
2026-08-03 00:23:02,497 [ERROR] LogOutputStream:75 - [STDERR_REDIRECT] WARNING: Couldn't flush system prefs: java.util.prefs.BackingStoreException: Couldn't get file lock.
2026-08-03 00:23:02,497 [ERROR] LogOutputStream:75 - [STDERR_REDIRECT] 
2026-08-03 00:23:32,497 [ERROR] LogOutputStream:75 - [STDERR_REDIRECT] Aug 03, 2026 12:23:32 AM java.util.prefs.FileSystemPreferences checkLockFile0ErrorCode
2026-08-03 00:23:32,497 [ERROR] LogOutputStream:75 - [STDERR_REDIRECT] WARNING: Could not lock System prefs. Unix error code 5.
2026-08-03 00:23:32,497 [ERROR] LogOutputStream:75 - [STDERR_REDIRECT] 
2026-08-03 00:23:32,498 [ERROR] LogOutputStream:75 - [STDERR_REDIRECT] Aug 03, 2026 12:23:32 AM java.util.prefs.FileSystemPreferences syncWorld
2026-08-03 00:23:32,498 [ERROR] LogOutputStream:75 - [STDERR_REDIRECT] WARNING: Couldn't flush system prefs: java.util.prefs.BackingStoreException: Couldn't get file lock.
2026-08-03 00:23:32,498 [ERROR] LogOutputStream:75 - [STDERR_REDIRECT] 
2026-08-03 00:24:02,498 [ERROR] LogOutputStream:75 - [STDERR_REDIRECT] Aug 03, 2026 12:24:02 AM java.util.prefs.FileSystemPreferences checkLockFile0ErrorCode
2026-08-03 00:24:02,498 [ERROR] LogOutputStream:75 - [STDERR_REDIRECT] WARNING: Could not lock System prefs. Unix error code 5.
2026-08-03 00:24:02,498 [ERROR] LogOutputStream:75 - [STDERR_REDIRECT] 
2026-08-03 00:24:02,498 [ERROR] LogOutputStream:75 - [STDERR_REDIRECT] Aug 03, 2026 12:24:02 AM java.util.prefs.FileSystemPreferences syncWorld
2026-08-03 00:24:02,498 [ERROR] LogOutputStream:75 - [STDERR_REDIRECT] WARNING: Couldn't flush system prefs: java.util.prefs.BackingStoreException: Couldn't get file lock.
2026-08-03 00:24:02,498 [ERROR] LogOutputStream:75 - [STDERR_REDIRECT] 
2026-08-03 00:24:32,498 [ERROR] LogOutputStream:75 - [STDERR_REDIRECT] Aug 03, 2026 12:24:32 AM java.util.prefs.FileSystemPreferences checkLockFile0ErrorCode
2026-08-03 00:24:32,498 [ERROR] LogOutputStream:75 - [STDERR_REDIRECT] WARNING: Could not lock System prefs. Unix error code 5.
2026-08-03 00:24:32,498 [ERROR] LogOutputStream:75 - [STDERR_REDIRECT] 
2026-08-03 00:24:32,499 [ERROR] LogOutputStream:75 - [STDERR_REDIRECT] Aug 03, 2026 12:24:32 AM java.util.prefs.FileSystemPreferences syncWorld
2026-08-03 00:24:32,499 [ERROR] LogOutputStream:75 - [STDERR_REDIRECT] WARNING: Couldn't flush system prefs: java.util.prefs.BackingStoreException: Couldn't get file lock.
2026-08-03 00:24:32,499 [ERROR] LogOutputStream:75 - [STDERR_REDIRECT] 
2026-08-03 00:25:02,498 [ERROR] LogOutputStream:75 - [STDERR_REDIRECT] Aug 03, 2026 12:25:02 AM java.util.prefs.FileSystemPreferences checkLockFile0ErrorCode
2026-08-03 00:25:02,498 [ERROR] LogOutputStream:75 - [STDERR_REDIRECT] WARNING: Could not lock System prefs. Unix error code 5.
2026-08-03 00:25:02,499 [ERROR] LogOutputStream:75 - [STDERR_REDIRECT] 
2026-08-03 00:25:02,499 [ERROR] LogOutputStream:75 - [STDERR_REDIRECT] Aug 03, 2026 12:25:02 AM java.util.prefs.FileSystemPreferences syncWorld
2026-08-03 00:25:02,499 [ERROR] LogOutputStream:75 - [STDERR_REDIRECT] WARNING: Couldn't flush system prefs: java.util.prefs.BackingStoreException: Couldn't get file lock.
2026-08-03 00:25:02,499 [ERROR] LogOutputStream:75 - [STDERR_REDIRECT] 
2026-08-03 00:25:32,498 [ERROR] LogOutputStream:75 - [STDERR_REDIRECT] Aug 03, 2026 12:25:32 AM java.util.prefs.FileSystemPreferences checkLockFile0ErrorCode
2026-08-03 00:25:32,498 [ERROR] LogOutputStream:75 - [STDERR_REDIRECT] WARNING: Could not lock System prefs. Unix error code 5.
2026-08-03 00:25:32,499 [ERROR] LogOutputStream:75 - [STDERR_REDIRECT] 
2026-08-03 00:25:32,499 [ERROR] LogOutputStream:75 - [STDERR_REDIRECT] Aug 03, 2026 12:25:32 AM java.util.prefs.FileSystemPreferences syncWorld
2026-08-03 00:25:32,499 [ERROR] LogOutputStream:75 - [STDERR_REDIRECT] WARNING: Couldn't flush system prefs: java.util.prefs.BackingStoreException: Couldn't get file lock.
2026-08-03 00:25:32,499 [ERROR] LogOutputStream:75 - [STDERR_REDIRECT] 
2026-08-03 00:26:02,498 [ERROR] LogOutputStream:75 - [STDERR_REDIRECT] Aug 03, 2026 12:26:02 AM java.util.prefs.FileSystemPreferences checkLockFile0ErrorCode
2026-08-03 00:26:02,499 [ERROR] LogOutputStream:75 - [STDERR_REDIRECT] WARNING: Could not lock System prefs. Unix error code 5.
2026-08-03 00:26:02,499 [ERROR] LogOutputStream:75 - [STDERR_REDIRECT] 
2026-08-03 00:26:02,499 [ERROR] LogOutputStream:75 - [STDERR_REDIRECT] Aug 03, 2026 12:26:02 AM java.util.prefs.FileSystemPreferences syncWorld
2026-08-03 00:26:02,499 [ERROR] LogOutputStream:75 - [STDERR_REDIRECT] WARNING: Couldn't flush system prefs: java.util.prefs.BackingStoreException: Couldn't get file lock.
2026-08-03 00:26:02,499 [ERROR] LogOutputStream:75 - [STDERR_REDIRECT] 
2026-08-03 00:26:32,499 [ERROR] LogOutputStream:75 - [STDERR_REDIRECT] Aug 03, 2026 12:26:32 AM java.util.prefs.FileSystemPreferences checkLockFile0ErrorCode
2026-08-03 00:26:32,499 [ERROR] LogOutputStream:75 - [STDERR_REDIRECT] WARNING: Could not lock System prefs. Unix error code 5.
2026-08-03 00:26:32,499 [ERROR] LogOutputStream:75 - [STDERR_REDIRECT] 
2026-08-03 00:26:32,499 [ERROR] LogOutputStream:75 - [STDERR_REDIRECT] Aug 03, 2026 12:26:32 AM java.util.prefs.FileSystemPreferences syncWorld
2026-08-03 00:26:32,500 [ERROR] LogOutputStream:75 - [STDERR_REDIRECT] WARNING: Couldn't flush system prefs: java.util.prefs.BackingStoreException: Couldn't get file lock.
2026-08-03 00:26:32,500 [ERROR] LogOutputStream:75 - [STDERR_REDIRECT] 
2026-08-03 00:27:02,498 [ERROR] LogOutputStream:75 - [STDERR_REDIRECT] Aug 03, 2026 12:27:02 AM java.util.prefs.FileSystemPreferences checkLockFile0ErrorCode
2026-08-03 00:27:02,498 [ERROR] LogOutputStream:75 - [STDERR_REDIRECT] WARNING: Could not lock System prefs. Unix error code 5.
2026-08-03 00:27:02,498 [ERROR] LogOutputStream:75 - [STDERR_REDIRECT] 
2026-08-03 00:27:02,499 [ERROR] LogOutputStream:75 - [STDERR_REDIRECT] Aug 03, 2026 12:27:02 AM java.util.prefs.FileSystemPreferences syncWorld
2026-08-03 00:27:02,499 [ERROR] LogOutputStream:75 - [STDERR_REDIRECT] WARNING: Couldn't flush system prefs: java.util.prefs.BackingStoreException: Couldn't get file lock.
2026-08-03 00:27:02,499 [ERROR] LogOutputStream:75 - [STDERR_REDIRECT] 
2026-08-03 00:27:32,498 [ERROR] LogOutputStream:75 - [STDERR_REDIRECT] Aug 03, 2026 12:27:32 AM java.util.prefs.FileSystemPreferences checkLockFile0ErrorCode
2026-08-03 00:27:32,498 [ERROR] LogOutputStream:75 - [STDERR_REDIRECT] WARNING: Could not lock System prefs. Unix error code 5.
2026-08-03 00:27:32,499 [ERROR] LogOutputStream:75 - [STDERR_REDIRECT] 
2026-08-03 00:27:32,499 [ERROR] LogOutputStream:75 - [STDERR_REDIRECT] Aug 03, 2026 12:27:32 AM java.util.prefs.FileSystemPreferences syncWorld
2026-08-03 00:27:32,499 [ERROR] LogOutputStream:75 - [STDERR_REDIRECT] WARNING: Couldn't flush system prefs: java.util.prefs.BackingStoreException: Couldn't get file lock.
2026-08-03 00:27:32,499 [ERROR] LogOutputStream:75 - [STDERR_REDIRECT] 
2026-08-03 00:28:02,499 [ERROR] LogOutputStream:75 - [STDERR_REDIRECT] Aug 03, 2026 12:28:02 AM java.util.prefs.FileSystemPreferences checkLockFile0ErrorCode
2026-08-03 00:28:02,499 [ERROR] LogOutputStream:75 - [STDERR_REDIRECT] WARNING: Could not lock System prefs. Unix error code 5.
2026-08-03 00:28:02,499 [ERROR] LogOutputStream:75 - [STDERR_REDIRECT] 
2026-08-03 00:28:02,500 [ERROR] LogOutputStream:75 - [STDERR_REDIRECT] Aug 03, 2026 12:28:02 AM java.util.prefs.FileSystemPreferences syncWorld
2026-08-03 00:28:02,500 [ERROR] LogOutputStream:75 - [STDERR_REDIRECT] WARNING: Couldn't flush system prefs: java.util.prefs.BackingStoreException: Couldn't get file lock.
2026-08-03 00:28:02,500 [ERROR] LogOutputStream:75 - [STDERR_REDIRECT] 
2026-08-03 00:28:32,499 [ERROR] LogOutputStream:75 - [STDERR_REDIRECT] Aug 03, 2026 12:28:32 AM java.util.prefs.FileSystemPreferences checkLockFile0ErrorCode
2026-08-03 00:28:32,499 [ERROR] LogOutputStream:75 - [STDERR_REDIRECT] WARNING: Could not lock System prefs. Unix error code 5.
2026-08-03 00:28:32,499 [ERROR] LogOutputStream:75 - [STDERR_REDIRECT] 
2026-08-03 00:28:32,499 [ERROR] LogOutputStream:75 - [STDERR_REDIRECT] Aug 03, 2026 12:28:32 AM java.util.prefs.FileSystemPreferences syncWorld
2026-08-03 00:28:32,499 [ERROR] LogOutputStream:75 - [STDERR_REDIRECT] WARNING: Couldn't flush system prefs: java.util.prefs.BackingStoreException: Couldn't get file lock.
2026-08-03 00:28:32,499 [ERROR] LogOutputStream:75 - [STDERR_REDIRECT] 
2026-08-03 00:29:02,500 [ERROR] LogOutputStream:75 - [STDERR_REDIRECT] Aug 03, 2026 12:29:02 AM java.util.prefs.FileSystemPreferences checkLockFile0ErrorCode
2026-08-03 00:29:02,500 [ERROR] LogOutputStream:75 - [STDERR_REDIRECT] WARNING: Could not lock System prefs. Unix error code 5.
2026-08-03 00:29:02,500 [ERROR] LogOutputStream:75 - [STDERR_REDIRECT] 
2026-08-03 00:29:02,501 [ERROR] LogOutputStream:75 - [STDERR_REDIRECT] Aug 03, 2026 12:29:02 AM java.util.prefs.FileSystemPreferences syncWorld
2026-08-03 00:29:02,501 [ERROR] LogOutputStream:75 - [STDERR_REDIRECT] WARNING: Couldn't flush system prefs: java.util.prefs.BackingStoreException: Couldn't get file lock.
2026-08-03 00:29:02,501 [ERROR] LogOutputStream:75 - [STDERR_REDIRECT] 
2026-08-03 00:29:32,498 [ERROR] LogOutputStream:75 - [STDERR_REDIRECT] Aug 03, 2026 12:29:32 AM java.util.prefs.FileSystemPreferences checkLockFile0ErrorCode
2026-08-03 00:29:32,499 [ERROR] LogOutputStream:75 - [STDERR_REDIRECT] WARNING: Could not lock System prefs. Unix error code 5.
2026-08-03 00:29:32,499 [ERROR] LogOutputStream:75 - [STDERR_REDIRECT] 
2026-08-03 00:29:32,499 [ERROR] LogOutputStream:75 - [STDERR_REDIRECT] Aug 03, 2026 12:29:32 AM java.util.prefs.FileSystemPreferences syncWorld
2026-08-03 00:29:32,499 [ERROR] LogOutputStream:75 - [STDERR_REDIRECT] WARNING: Couldn't flush system prefs: java.util.prefs.BackingStoreException: Couldn't get file lock.
2026-08-03 00:29:32,499 [ERROR] LogOutputStream:75 - [STDERR_REDIRECT] 
2026-08-03 00:30:02,499 [ERROR] LogOutputStream:75 - [STDERR_REDIRECT] Aug 03, 2026 12:30:02 AM java.util.prefs.FileSystemPreferences checkLockFile0ErrorCode
2026-08-03 00:30:02,499 [ERROR] LogOutputStream:75 - [STDERR_REDIRECT] WARNING: Could not lock System prefs. Unix error code 5.
2026-08-03 00:30:02,499 [ERROR] LogOutputStream:75 - [STDERR_REDIRECT] 
2026-08-03 00:30:02,499 [ERROR] LogOutputStream:75 - [STDERR_REDIRECT] Aug 03, 2026 12:30:02 AM java.util.prefs.FileSystemPreferences syncWorld
2026-08-03 00:30:02,499 [ERROR] LogOutputStream:75 - [STDERR_REDIRECT] WARNING: Couldn't flush system prefs: java.util.prefs.BackingStoreException: Couldn't get file lock.
2026-08-03 00:30:02,499 [ERROR] LogOutputStream:75 - [STDERR_REDIRECT] 
2026-08-03 00:30:32,499 [ERROR] LogOutputStream:75 - [STDERR_REDIRECT] Aug 03, 2026 12:30:32 AM java.util.prefs.FileSystemPreferences checkLockFile0ErrorCode
2026-08-03 00:30:32,499 [ERROR] LogOutputStream:75 - [STDERR_REDIRECT] WARNING: Could not lock System prefs. Unix error code 5.
2026-08-03 00:30:32,499 [ERROR] LogOutputStream:75 - [STDERR_REDIRECT] 
2026-08-03 00:30:32,500 [ERROR] LogOutputStream:75 - [STDERR_REDIRECT] Aug 03, 2026 12:30:32 AM java.util.prefs.FileSystemPreferences syncWorld
2026-08-03 00:30:32,500 [ERROR] LogOutputStream:75 - [STDERR_REDIRECT] WARNING: Couldn't flush system prefs: java.util.prefs.BackingStoreException: Couldn't get file lock.
2026-08-03 00:30:32,502 [ERROR] LogOutputStream:75 - [STDERR_REDIRECT] 
2026-08-03 00:31:02,500 [ERROR] LogOutputStream:75 - [STDERR_REDIRECT] Aug 03, 2026 12:31:02 AM java.util.prefs.FileSystemPreferences checkLockFile0ErrorCode
2026-08-03 00:31:02,500 [ERROR] LogOutputStream:75 - [STDERR_REDIRECT] WARNING: Could not lock System prefs. Unix error code 5.
2026-08-03 00:31:02,502 [ERROR] LogOutputStream:75 - [STDERR_REDIRECT] 
2026-08-03 00:31:02,502 [ERROR] LogOutputStream:75 - [STDERR_REDIRECT] Aug 03, 2026 12:31:02 AM java.util.prefs.FileSystemPreferences syncWorld
2026-08-03 00:31:02,503 [ERROR] LogOutputStream:75 - [STDERR_REDIRECT] WARNING: Couldn't flush system prefs: java.util.prefs.BackingStoreException: Couldn't get file lock.
2026-08-03 00:31:02,503 [ERROR] LogOutputStream:75 - [STDERR_REDIRECT] 
2026-08-03 00:31:32,500 [ERROR] LogOutputStream:75 - [STDERR_REDIRECT] Aug 03, 2026 12:31:32 AM java.util.prefs.FileSystemPreferences checkLockFile0ErrorCode
2026-08-03 00:31:32,500 [ERROR] LogOutputStream:75 - [STDERR_REDIRECT] WARNING: Could not lock System prefs. Unix error code 5.
2026-08-03 00:31:32,500 [ERROR] LogOutputStream:75 - [STDERR_REDIRECT] 
2026-08-03 00:31:32,500 [ERROR] LogOutputStream:75 - [STDERR_REDIRECT] Aug 03, 2026 12:31:32 AM java.util.prefs.FileSystemPreferences syncWorld
2026-08-03 00:31:32,501 [ERROR] LogOutputStream:75 - [STDERR_REDIRECT] WARNING: Couldn't flush system prefs: java.util.prefs.BackingStoreException: Couldn't get file lock.
2026-08-03 00:31:32,501 [ERROR] LogOutputStream:75 - [STDERR_REDIRECT] 
2026-08-03 00:32:02,501 [ERROR] LogOutputStream:75 - [STDERR_REDIRECT] Aug 03, 2026 12:32:02 AM java.util.prefs.FileSystemPreferences checkLockFile0ErrorCode
2026-08-03 00:32:02,501 [ERROR] LogOutputStream:75 - [STDERR_REDIRECT] WARNING: Could not lock System prefs. Unix error code 5.
2026-08-03 00:32:02,501 [ERROR] LogOutputStream:75 - [STDERR_REDIRECT] 
2026-08-03 00:32:02,502 [ERROR] LogOutputStream:75 - [STDERR_REDIRECT] Aug 03, 2026 12:32:02 AM java.util.prefs.FileSystemPreferences syncWorld
2026-08-03 00:32:02,502 [ERROR] LogOutputStream:75 - [STDERR_REDIRECT] WARNING: Couldn't flush system prefs: java.util.prefs.BackingStoreException: Couldn't get file lock.
2026-08-03 00:32:02,502 [ERROR] LogOutputStream:75 - [STDERR_REDIRECT] 
2026-08-03 00:32:32,501 [ERROR] LogOutputStream:75 - [STDERR_REDIRECT] Aug 03, 2026 12:32:32 AM java.util.prefs.FileSystemPreferences checkLockFile0ErrorCode
2026-08-03 00:32:32,501 [ERROR] LogOutputStream:75 - [STDERR_REDIRECT] WARNING: Could not lock System prefs. Unix error code 5.
2026-08-03 00:32:32,501 [ERROR] LogOutputStream:75 - [STDERR_REDIRECT] 
2026-08-03 00:32:32,501 [ERROR] LogOutputStream:75 - [STDERR_REDIRECT] Aug 03, 2026 12:32:32 AM java.util.prefs.FileSystemPreferences syncWorld
2026-08-03 00:32:32,501 [ERROR] LogOutputStream:75 - [STDERR_REDIRECT] WARNING: Couldn't flush system prefs: java.util.prefs.BackingStoreException: Couldn't get file lock.
2026-08-03 00:32:32,502 [ERROR] LogOutputStream:75 - [STDERR_REDIRECT] 
2026-08-03 00:33:02,500 [ERROR] LogOutputStream:75 - [STDERR_REDIRECT] Aug 03, 2026 12:33:02 AM java.util.prefs.FileSystemPreferences checkLockFile0ErrorCode
2026-08-03 00:33:02,501 [ERROR] LogOutputStream:75 - [STDERR_REDIRECT] WARNING: Could not lock System prefs. Unix error code 5.
2026-08-03 00:33:02,501 [ERROR] LogOutputStream:75 - [STDERR_REDIRECT] 
2026-08-03 00:33:02,501 [ERROR] LogOutputStream:75 - [STDERR_REDIRECT] Aug 03, 2026 12:33:02 AM java.util.prefs.FileSystemPreferences syncWorld
2026-08-03 00:33:02,503 [ERROR] LogOutputStream:75 - [STDERR_REDIRECT] WARNING: Couldn't flush system prefs: java.util.prefs.BackingStoreException: Couldn't get file lock.
2026-08-03 00:33:02,503 [ERROR] LogOutputStream:75 - [STDERR_REDIRECT] 
2026-08-03 00:33:32,500 [ERROR] LogOutputStream:75 - [STDERR_REDIRECT] Aug 03, 2026 12:33:32 AM java.util.prefs.FileSystemPreferences checkLockFile0ErrorCode
2026-08-03 00:33:32,501 [ERROR] LogOutputStream:75 - [STDERR_REDIRECT] WARNING: Could not lock System prefs. Unix error code 5.
2026-08-03 00:33:32,501 [ERROR] LogOutputStream:75 - [STDERR_REDIRECT] 
2026-08-03 00:33:32,501 [ERROR] LogOutputStream:75 - [STDERR_REDIRECT] Aug 03, 2026 12:33:32 AM java.util.prefs.FileSystemPreferences syncWorld
2026-08-03 00:33:32,501 [ERROR] LogOutputStream:75 - [STDERR_REDIRECT] WARNING: Couldn't flush system prefs: java.util.prefs.BackingStoreException: Couldn't get file lock.
2026-08-03 00:33:32,501 [ERROR] LogOutputStream:75 - [STDERR_REDIRECT] 
2026-08-03 00:34:02,501 [ERROR] LogOutputStream:75 - [STDERR_REDIRECT] Aug 03, 2026 12:34:02 AM java.util.prefs.FileSystemPreferences checkLockFile0ErrorCode
2026-08-03 00:34:02,501 [ERROR] LogOutputStream:75 - [STDERR_REDIRECT] WARNING: Could not lock System prefs. Unix error code 5.
2026-08-03 00:34:02,501 [ERROR] LogOutputStream:75 - [STDERR_REDIRECT] 
2026-08-03 00:34:02,501 [ERROR] LogOutputStream:75 - [STDERR_REDIRECT] Aug 03, 2026 12:34:02 AM java.util.prefs.FileSystemPreferences syncWorld
2026-08-03 00:34:02,501 [ERROR] LogOutputStream:75 - [STDERR_REDIRECT] WARNING: Couldn't flush system prefs: java.util.prefs.BackingStoreException: Couldn't get file lock.
2026-08-03 00:34:02,501 [ERROR] LogOutputStream:75 - [STDERR_REDIRECT] 
2026-08-03 00:34:32,501 [ERROR] LogOutputStream:75 - [STDERR_REDIRECT] Aug 03, 2026 12:34:32 AM java.util.prefs.FileSystemPreferences checkLockFile0ErrorCode
2026-08-03 00:34:32,501 [ERROR] LogOutputStream:75 - [STDERR_REDIRECT] WARNING: Could not lock System prefs. Unix error code 5.
2026-08-03 00:34:32,501 [ERROR] LogOutputStream:75 - [STDERR_REDIRECT] 
2026-08-03 00:34:32,501 [ERROR] LogOutputStream:75 - [STDERR_REDIRECT] Aug 03, 2026 12:34:32 AM java.util.prefs.FileSystemPreferences syncWorld
2026-08-03 00:34:32,502 [ERROR] LogOutputStream:75 - [STDERR_REDIRECT] WARNING: Couldn't flush system prefs: java.util.prefs.BackingStoreException: Couldn't get file lock.
2026-08-03 00:34:32,502 [ERROR] LogOutputStream:75 - [STDERR_REDIRECT] 
2026-08-03 00:35:02,502 [ERROR] LogOutputStream:75 - [STDERR_REDIRECT] Aug 03, 2026 12:35:02 AM java.util.prefs.FileSystemPreferences checkLockFile0ErrorCode
2026-08-03 00:35:02,502 [ERROR] LogOutputStream:75 - [STDERR_REDIRECT] WARNING: Could not lock System prefs. Unix error code 5.
2026-08-03 00:35:02,503 [ERROR] LogOutputStream:75 - [STDERR_REDIRECT] 
2026-08-03 00:35:02,503 [ERROR] LogOutputStream:75 - [STDERR_REDIRECT] Aug 03, 2026 12:35:02 AM java.util.prefs.FileSystemPreferences syncWorld
2026-08-03 00:35:02,503 [ERROR] LogOutputStream:75 - [STDERR_REDIRECT] WARNING: Couldn't flush system prefs: java.util.prefs.BackingStoreException: Couldn't get file lock.
2026-08-03 00:35:02,503 [ERROR] LogOutputStream:75 - [STDERR_REDIRECT] 
2026-08-03 00:35:32,502 [ERROR] LogOutputStream:75 - [STDERR_REDIRECT] Aug 03, 2026 12:35:32 AM java.util.prefs.FileSystemPreferences checkLockFile0ErrorCode
2026-08-03 00:35:32,502 [ERROR] LogOutputStream:75 - [STDERR_REDIRECT] WARNING: Could not lock System prefs. Unix error code 5.
2026-08-03 00:35:32,502 [ERROR] LogOutputStream:75 - [STDERR_REDIRECT] 
2026-08-03 00:35:32,502 [ERROR] LogOutputStream:75 - [STDERR_REDIRECT] Aug 03, 2026 12:35:32 AM java.util.prefs.FileSystemPreferences syncWorld
2026-08-03 00:35:32,502 [ERROR] LogOutputStream:75 - [STDERR_REDIRECT] WARNING: Couldn't flush system prefs: java.util.prefs.BackingStoreException: Couldn't get file lock.
2026-08-03 00:35:32,502 [ERROR] LogOutputStream:75 - [STDERR_REDIRECT] 
2026-08-03 00:36:02,502 [ERROR] LogOutputStream:75 - [STDERR_REDIRECT] Aug 03, 2026 12:36:02 AM java.util.prefs.FileSystemPreferences checkLockFile0ErrorCode
2026-08-03 00:36:02,502 [ERROR] LogOutputStream:75 - [STDERR_REDIRECT] WARNING: Could not lock System prefs. Unix error code 5.
2026-08-03 00:36:02,502 [ERROR] LogOutputStream:75 - [STDERR_REDIRECT] 
2026-08-03 00:36:02,503 [ERROR] LogOutputStream:75 - [STDERR_REDIRECT] Aug 03, 2026 12:36:02 AM java.util.prefs.FileSystemPreferences syncWorld
2026-08-03 00:36:02,503 [ERROR] LogOutputStream:75 - [STDERR_REDIRECT] WARNING: Couldn't flush system prefs: java.util.prefs.BackingStoreException: Couldn't get file lock.
2026-08-03 00:36:02,503 [ERROR] LogOutputStream:75 - [STDERR_REDIRECT] 
2026-08-03 00:36:32,503 [ERROR] LogOutputStream:75 - [STDERR_REDIRECT] Aug 03, 2026 12:36:32 AM java.util.prefs.FileSystemPreferences checkLockFile0ErrorCode
2026-08-03 00:36:32,503 [ERROR] LogOutputStream:75 - [STDERR_REDIRECT] WARNING: Could not lock System prefs. Unix error code 5.
2026-08-03 00:36:32,503 [ERROR] LogOutputStream:75 - [STDERR_REDIRECT] 
2026-08-03 00:36:32,503 [ERROR] LogOutputStream:75 - [STDERR_REDIRECT] Aug 03, 2026 12:36:32 AM java.util.prefs.FileSystemPreferences syncWorld
2026-08-03 00:36:32,503 [ERROR] LogOutputStream:75 - [STDERR_REDIRECT] WARNING: Couldn't flush system prefs: java.util.prefs.BackingStoreException: Couldn't get file lock.
2026-08-03 00:36:32,503 [ERROR] LogOutputStream:75 - [STDERR_REDIRECT] 
2026-08-03 00:37:02,503 [ERROR] LogOutputStream:75 - [STDERR_REDIRECT] Aug 03, 2026 12:37:02 AM java.util.prefs.FileSystemPreferences checkLockFile0ErrorCode
2026-08-03 00:37:02,503 [ERROR] LogOutputStream:75 - [STDERR_REDIRECT] WARNING: Could not lock System prefs. Unix error code 5.
2026-08-03 00:37:02,503 [ERROR] LogOutputStream:75 - [STDERR_REDIRECT] 
2026-08-03 00:37:02,504 [ERROR] LogOutputStream:75 - [STDERR_REDIRECT] Aug 03, 2026 12:37:02 AM java.util.prefs.FileSystemPreferences syncWorld
2026-08-03 00:37:02,504 [ERROR] LogOutputStream:75 - [STDERR_REDIRECT] WARNING: Couldn't flush system prefs: java.util.prefs.BackingStoreException: Couldn't get file lock.
2026-08-03 00:37:02,504 [ERROR] LogOutputStream:75 - [STDERR_REDIRECT] 
2026-08-03 00:37:32,504 [ERROR] LogOutputStream:75 - [STDERR_REDIRECT] Aug 03, 2026 12:37:32 AM java.util.prefs.FileSystemPreferences checkLockFile0ErrorCode
2026-08-03 00:37:32,504 [ERROR] LogOutputStream:75 - [STDERR_REDIRECT] WARNING: Could not lock System prefs. Unix error code 5.
2026-08-03 00:37:32,504 [ERROR] LogOutputStream:75 - [STDERR_REDIRECT] 
2026-08-03 00:37:32,504 [ERROR] LogOutputStream:75 - [STDERR_REDIRECT] Aug 03, 2026 12:37:32 AM java.util.prefs.FileSystemPreferences syncWorld
2026-08-03 00:37:32,504 [ERROR] LogOutputStream:75 - [STDERR_REDIRECT] WARNING: Couldn't flush system prefs: java.util.prefs.BackingStoreException: Couldn't get file lock.
2026-08-03 00:37:32,504 [ERROR] LogOutputStream:75 - [STDERR_REDIRECT] 
2026-08-03 00:38:02,504 [ERROR] LogOutputStream:75 - [STDERR_REDIRECT] Aug 03, 2026 12:38:02 AM java.util.prefs.FileSystemPreferences checkLockFile0ErrorCode
2026-08-03 00:38:02,504 [ERROR] LogOutputStream:75 - [STDERR_REDIRECT] WARNING: Could not lock System prefs. Unix error code 5.
2026-08-03 00:38:02,505 [ERROR] LogOutputStream:75 - [STDERR_REDIRECT] 
2026-08-03 00:38:02,505 [ERROR] LogOutputStream:75 - [STDERR_REDIRECT] Aug 03, 2026 12:38:02 AM java.util.prefs.FileSystemPreferences syncWorld
2026-08-03 00:38:02,505 [ERROR] LogOutputStream:75 - [STDERR_REDIRECT] WARNING: Couldn't flush system prefs: java.util.prefs.BackingStoreException: Couldn't get file lock.
2026-08-03 00:38:02,505 [ERROR] LogOutputStream:75 - [STDERR_REDIRECT] 
2026-08-03 00:38:32,505 [ERROR] LogOutputStream:75 - [STDERR_REDIRECT] Aug 03, 2026 12:38:32 AM java.util.prefs.FileSystemPreferences checkLockFile0ErrorCode
2026-08-03 00:38:32,505 [ERROR] LogOutputStream:75 - [STDERR_REDIRECT] WARNING: Could not lock System prefs. Unix error code 5.
2026-08-03 00:38:32,505 [ERROR] LogOutputStream:75 - [STDERR_REDIRECT] 
2026-08-03 00:38:32,505 [ERROR] LogOutputStream:75 - [STDERR_REDIRECT] Aug 03, 2026 12:38:32 AM java.util.prefs.FileSystemPreferences syncWorld
2026-08-03 00:38:32,505 [ERROR] LogOutputStream:75 - [STDERR_REDIRECT] WARNING: Couldn't flush system prefs: java.util.prefs.BackingStoreException: Couldn't get file lock.
2026-08-03 00:38:32,505 [ERROR] LogOutputStream:75 - [STDERR_REDIRECT] 
2026-08-03 00:39:02,505 [ERROR] LogOutputStream:75 - [STDERR_REDIRECT] Aug 03, 2026 12:39:02 AM java.util.prefs.FileSystemPreferences checkLockFile0ErrorCode
2026-08-03 00:39:02,505 [ERROR] LogOutputStream:75 - [STDERR_REDIRECT] WARNING: Could not lock System prefs. Unix error code 5.
2026-08-03 00:39:02,505 [ERROR] LogOutputStream:75 - [STDERR_REDIRECT] 
2026-08-03 00:39:02,506 [ERROR] LogOutputStream:75 - [STDERR_REDIRECT] Aug 03, 2026 12:39:02 AM java.util.prefs.FileSystemPreferences syncWorld
2026-08-03 00:39:02,506 [ERROR] LogOutputStream:75 - [STDERR_REDIRECT] WARNING: Couldn't flush system prefs: java.util.prefs.BackingStoreException: Couldn't get file lock.
2026-08-03 00:39:02,506 [ERROR] LogOutputStream:75 - [STDERR_REDIRECT] 
2026-08-03 00:39:32,506 [ERROR] LogOutputStream:75 - [STDERR_REDIRECT] Aug 03, 2026 12:39:32 AM java.util.prefs.FileSystemPreferences checkLockFile0ErrorCode
2026-08-03 00:39:32,507 [ERROR] LogOutputStream:75 - [STDERR_REDIRECT] WARNING: Could not lock System prefs. Unix error code 5.
2026-08-03 00:39:32,507 [ERROR] LogOutputStream:75 - [STDERR_REDIRECT] 
2026-08-03 00:39:32,507 [ERROR] LogOutputStream:75 - [STDERR_REDIRECT] Aug 03, 2026 12:39:32 AM java.util.prefs.FileSystemPreferences syncWorld
2026-08-03 00:39:32,507 [ERROR] LogOutputStream:75 - [STDERR_REDIRECT] WARNING: Couldn't flush system prefs: java.util.prefs.BackingStoreException: Couldn't get file lock.
2026-08-03 00:39:32,507 [ERROR] LogOutputStream:75 - [STDERR_REDIRECT] 
2026-08-03 00:40:02,506 [ERROR] LogOutputStream:75 - [STDERR_REDIRECT] Aug 03, 2026 12:40:02 AM java.util.prefs.FileSystemPreferences checkLockFile0ErrorCode
2026-08-03 00:40:02,506 [ERROR] LogOutputStream:75 - [STDERR_REDIRECT] WARNING: Could not lock System prefs. Unix error code 5.
2026-08-03 00:40:02,506 [ERROR] LogOutputStream:75 - [STDERR_REDIRECT] 
2026-08-03 00:40:02,507 [ERROR] LogOutputStream:75 - [STDERR_REDIRECT] Aug 03, 2026 12:40:02 AM java.util.prefs.FileSystemPreferences syncWorld
2026-08-03 00:40:02,507 [ERROR] LogOutputStream:75 - [STDERR_REDIRECT] WARNING: Couldn't flush system prefs: java.util.prefs.BackingStoreException: Couldn't get file lock.
2026-08-03 00:40:02,507 [ERROR] LogOutputStream:75 - [STDERR_REDIRECT] 
2026-08-03 00:40:32,507 [ERROR] LogOutputStream:75 - [STDERR_REDIRECT] Aug 03, 2026 12:40:32 AM java.util.prefs.FileSystemPreferences checkLockFile0ErrorCode
2026-08-03 00:40:32,508 [ERROR] LogOutputStream:75 - [STDERR_REDIRECT] WARNING: Could not lock System prefs. Unix error code 5.
2026-08-03 00:40:32,508 [ERROR] LogOutputStream:75 - [STDERR_REDIRECT] 
2026-08-03 00:40:32,508 [ERROR] LogOutputStream:75 - [STDERR_REDIRECT] Aug 03, 2026 12:40:32 AM java.util.prefs.FileSystemPreferences syncWorld
2026-08-03 00:40:32,508 [ERROR] LogOutputStream:75 - [STDERR_REDIRECT] WARNING: Couldn't flush system prefs: java.util.prefs.BackingStoreException: Couldn't get file lock.
2026-08-03 00:40:32,508 [ERROR] LogOutputStream:75 - [STDERR_REDIRECT] 
2026-08-03 00:41:02,507 [ERROR] LogOutputStream:75 - [STDERR_REDIRECT] Aug 03, 2026 12:41:02 AM java.util.prefs.FileSystemPreferences checkLockFile0ErrorCode
2026-08-03 00:41:02,508 [ERROR] LogOutputStream:75 - [STDERR_REDIRECT] WARNING: Could not lock System prefs. Unix error code 5.
2026-08-03 00:41:02,508 [ERROR] LogOutputStream:75 - [STDERR_REDIRECT] 
2026-08-03 00:41:02,508 [ERROR] LogOutputStream:75 - [STDERR_REDIRECT] Aug 03, 2026 12:41:02 AM java.util.prefs.FileSystemPreferences syncWorld
2026-08-03 00:41:02,508 [ERROR] LogOutputStream:75 - [STDERR_REDIRECT] WARNING: Couldn't flush system prefs: java.util.prefs.BackingStoreException: Couldn't get file lock.
2026-08-03 00:41:02,508 [ERROR] LogOutputStream:75 - [STDERR_REDIRECT] 
2026-08-03 00:41:32,507 [ERROR] LogOutputStream:75 - [STDERR_REDIRECT] Aug 03, 2026 12:41:32 AM java.util.prefs.FileSystemPreferences checkLockFile0ErrorCode
2026-08-03 00:41:32,507 [ERROR] LogOutputStream:75 - [STDERR_REDIRECT] WARNING: Could not lock System prefs. Unix error code 5.
2026-08-03 00:41:32,507 [ERROR] LogOutputStream:75 - [STDERR_REDIRECT] 
2026-08-03 00:41:32,508 [ERROR] LogOutputStream:75 - [STDERR_REDIRECT] Aug 03, 2026 12:41:32 AM java.util.prefs.FileSystemPreferences syncWorld
2026-08-03 00:41:32,508 [ERROR] LogOutputStream:75 - [STDERR_REDIRECT] WARNING: Couldn't flush system prefs: java.util.prefs.BackingStoreException: Couldn't get file lock.
2026-08-03 00:41:32,508 [ERROR] LogOutputStream:75 - [STDERR_REDIRECT] 
2026-08-03 00:42:02,507 [ERROR] LogOutputStream:75 - [STDERR_REDIRECT] Aug 03, 2026 12:42:02 AM java.util.prefs.FileSystemPreferences checkLockFile0ErrorCode
2026-08-03 00:42:02,507 [ERROR] LogOutputStream:75 - [STDERR_REDIRECT] WARNING: Could not lock System prefs. Unix error code 5.
2026-08-03 00:42:02,507 [ERROR] LogOutputStream:75 - [STDERR_REDIRECT] 
2026-08-03 00:42:02,507 [ERROR] LogOutputStream:75 - [STDERR_REDIRECT] Aug 03, 2026 12:42:02 AM java.util.prefs.FileSystemPreferences syncWorld
2026-08-03 00:42:02,507 [ERROR] LogOutputStream:75 - [STDERR_REDIRECT] WARNING: Couldn't flush system prefs: java.util.prefs.BackingStoreException: Couldn't get file lock.
2026-08-03 00:42:02,507 [ERROR] LogOutputStream:75 - [STDERR_REDIRECT] 
2026-08-03 00:42:32,507 [ERROR] LogOutputStream:75 - [STDERR_REDIRECT] Aug 03, 2026 12:42:32 AM java.util.prefs.FileSystemPreferences checkLockFile0ErrorCode
2026-08-03 00:42:32,507 [ERROR] LogOutputStream:75 - [STDERR_REDIRECT] WARNING: Could not lock System prefs. Unix error code 5.
2026-08-03 00:42:32,507 [ERROR] LogOutputStream:75 - [STDERR_REDIRECT] 
2026-08-03 00:42:32,508 [ERROR] LogOutputStream:75 - [STDERR_REDIRECT] Aug 03, 2026 12:42:32 AM java.util.prefs.FileSystemPreferences syncWorld
2026-08-03 00:42:32,508 [ERROR] LogOutputStream:75 - [STDERR_REDIRECT] WARNING: Couldn't flush system prefs: java.util.prefs.BackingStoreException: Couldn't get file lock.
2026-08-03 00:42:32,508 [ERROR] LogOutputStream:75 - [STDERR_REDIRECT] 
2026-08-03 00:43:02,507 [ERROR] LogOutputStream:75 - [STDERR_REDIRECT] Aug 03, 2026 12:43:02 AM java.util.prefs.FileSystemPreferences checkLockFile0ErrorCode
2026-08-03 00:43:02,507 [ERROR] LogOutputStream:75 - [STDERR_REDIRECT] WARNING: Could not lock System prefs. Unix error code 5.
2026-08-03 00:43:02,507 [ERROR] LogOutputStream:75 - [STDERR_REDIRECT] 
2026-08-03 00:43:02,508 [ERROR] LogOutputStream:75 - [STDERR_REDIRECT] Aug 03, 2026 12:43:02 AM java.util.prefs.FileSystemPreferences syncWorld
2026-08-03 00:43:02,508 [ERROR] LogOutputStream:75 - [STDERR_REDIRECT] WARNING: Couldn't flush system prefs: java.util.prefs.BackingStoreException: Couldn't get file lock.
2026-08-03 00:43:02,508 [ERROR] LogOutputStream:75 - [STDERR_REDIRECT] 
2026-08-03 00:43:32,507 [ERROR] LogOutputStream:75 - [STDERR_REDIRECT] Aug 03, 2026 12:43:32 AM java.util.prefs.FileSystemPreferences checkLockFile0ErrorCode
2026-08-03 00:43:32,507 [ERROR] LogOutputStream:75 - [STDERR_REDIRECT] WARNING: Could not lock System prefs. Unix error code 5.
2026-08-03 00:43:32,507 [ERROR] LogOutputStream:75 - [STDERR_REDIRECT] 
2026-08-03 00:43:32,508 [ERROR] LogOutputStream:75 - [STDERR_REDIRECT] Aug 03, 2026 12:43:32 AM java.util.prefs.FileSystemPreferences syncWorld
2026-08-03 00:43:32,508 [ERROR] LogOutputStream:75 - [STDERR_REDIRECT] WARNING: Couldn't flush system prefs: java.util.prefs.BackingStoreException: Couldn't get file lock.
2026-08-03 00:43:32,508 [ERROR] LogOutputStream:75 - [STDERR_REDIRECT] 
2026-08-03 00:44:02,508 [ERROR] LogOutputStream:75 - [STDERR_REDIRECT] Aug 03, 2026 12:44:02 AM java.util.prefs.FileSystemPreferences checkLockFile0ErrorCode
2026-08-03 00:44:02,508 [ERROR] LogOutputStream:75 - [STDERR_REDIRECT] WARNING: Could not lock System prefs. Unix error code 5.
2026-08-03 00:44:02,508 [ERROR] LogOutputStream:75 - [STDERR_REDIRECT] 
2026-08-03 00:44:02,508 [ERROR] LogOutputStream:75 - [STDERR_REDIRECT] Aug 03, 2026 12:44:02 AM java.util.prefs.FileSystemPreferences syncWorld
2026-08-03 00:44:02,508 [ERROR] LogOutputStream:75 - [STDERR_REDIRECT] WARNING: Couldn't flush system prefs: java.util.prefs.BackingStoreException: Couldn't get file lock.
2026-08-03 00:44:02,508 [ERROR] LogOutputStream:75 - [STDERR_REDIRECT] 
2026-08-03 00:44:32,508 [ERROR] LogOutputStream:75 - [STDERR_REDIRECT] Aug 03, 2026 12:44:32 AM java.util.prefs.FileSystemPreferences checkLockFile0ErrorCode
2026-08-03 00:44:32,508 [ERROR] LogOutputStream:75 - [STDERR_REDIRECT] WARNING: Could not lock System prefs. Unix error code 5.
2026-08-03 00:44:32,508 [ERROR] LogOutputStream:75 - [STDERR_REDIRECT] 
2026-08-03 00:44:32,508 [ERROR] LogOutputStream:75 - [STDERR_REDIRECT] Aug 03, 2026 12:44:32 AM java.util.prefs.FileSystemPreferences syncWorld
2026-08-03 00:44:32,508 [ERROR] LogOutputStream:75 - [STDERR_REDIRECT] WARNING: Couldn't flush system prefs: java.util.prefs.BackingStoreException: Couldn't get file lock.
2026-08-03 00:44:32,508 [ERROR] LogOutputStream:75 - [STDERR_REDIRECT] 
2026-08-03 00:45:02,507 [ERROR] LogOutputStream:75 - [STDERR_REDIRECT] Aug 03, 2026 12:45:02 AM java.util.prefs.FileSystemPreferences checkLockFile0ErrorCode
2026-08-03 00:45:02,507 [ERROR] LogOutputStream:75 - [STDERR_REDIRECT] WARNING: Could not lock System prefs. Unix error code 5.
2026-08-03 00:45:02,507 [ERROR] LogOutputStream:75 - [STDERR_REDIRECT] 
2026-08-03 00:45:02,508 [ERROR] LogOutputStream:75 - [STDERR_REDIRECT] Aug 03, 2026 12:45:02 AM java.util.prefs.FileSystemPreferences syncWorld
2026-08-03 00:45:02,508 [ERROR] LogOutputStream:75 - [STDERR_REDIRECT] WARNING: Couldn't flush system prefs: java.util.prefs.BackingStoreException: Couldn't get file lock.
2026-08-03 00:45:02,508 [ERROR] LogOutputStream:75 - [STDERR_REDIRECT] 
2026-08-03 00:45:32,507 [ERROR] LogOutputStream:75 - [STDERR_REDIRECT] Aug 03, 2026 12:45:32 AM java.util.prefs.FileSystemPreferences checkLockFile0ErrorCode
2026-08-03 00:45:32,508 [ERROR] LogOutputStream:75 - [STDERR_REDIRECT] WARNING: Could not lock System prefs. Unix error code 5.
2026-08-03 00:45:32,508 [ERROR] LogOutputStream:75 - [STDERR_REDIRECT] 
2026-08-03 00:45:32,510 [ERROR] LogOutputStream:75 - [STDERR_REDIRECT] Aug 03, 2026 12:45:32 AM java.util.prefs.FileSystemPreferences syncWorld
2026-08-03 00:45:32,510 [ERROR] LogOutputStream:75 - [STDERR_REDIRECT] WARNING: Couldn't flush system prefs: java.util.prefs.BackingStoreException: Couldn't get file lock.
2026-08-03 00:45:32,510 [ERROR] LogOutputStream:75 - [STDERR_REDIRECT] 
2026-08-03 00:46:02,509 [ERROR] LogOutputStream:75 - [STDERR_REDIRECT] Aug 03, 2026 12:46:02 AM java.util.prefs.FileSystemPreferences checkLockFile0ErrorCode
2026-08-03 00:46:02,509 [ERROR] LogOutputStream:75 - [STDERR_REDIRECT] WARNING: Could not lock System prefs. Unix error code 5.
2026-08-03 00:46:02,509 [ERROR] LogOutputStream:75 - [STDERR_REDIRECT] 
2026-08-03 00:46:02,509 [ERROR] LogOutputStream:75 - [STDERR_REDIRECT] Aug 03, 2026 12:46:02 AM java.util.prefs.FileSystemPreferences syncWorld
2026-08-03 00:46:02,509 [ERROR] LogOutputStream:75 - [STDERR_REDIRECT] WARNING: Couldn't flush system prefs: java.util.prefs.BackingStoreException: Couldn't get file lock.
2026-08-03 00:46:02,509 [ERROR] LogOutputStream:75 - [STDERR_REDIRECT] 
2026-08-03 00:46:32,508 [ERROR] LogOutputStream:75 - [STDERR_REDIRECT] Aug 03, 2026 12:46:32 AM java.util.prefs.FileSystemPreferences checkLockFile0ErrorCode
2026-08-03 00:46:32,508 [ERROR] LogOutputStream:75 - [STDERR_REDIRECT] WARNING: Could not lock System prefs. Unix error code 5.
2026-08-03 00:46:32,508 [ERROR] LogOutputStream:75 - [STDERR_REDIRECT] 
2026-08-03 00:46:32,509 [ERROR] LogOutputStream:75 - [STDERR_REDIRECT] Aug 03, 2026 12:46:32 AM java.util.prefs.FileSystemPreferences syncWorld
2026-08-03 00:46:32,509 [ERROR] LogOutputStream:75 - [STDERR_REDIRECT] WARNING: Couldn't flush system prefs: java.util.prefs.BackingStoreException: Couldn't get file lock.
2026-08-03 00:46:32,509 [ERROR] LogOutputStream:75 - [STDERR_REDIRECT] 
2026-08-03 00:47:02,507 [ERROR] LogOutputStream:75 - [STDERR_REDIRECT] Aug 03, 2026 12:47:02 AM java.util.prefs.FileSystemPreferences checkLockFile0ErrorCode
2026-08-03 00:47:02,507 [ERROR] LogOutputStream:75 - [STDERR_REDIRECT] WARNING: Could not lock System prefs. Unix error code 5.
2026-08-03 00:47:02,507 [ERROR] LogOutputStream:75 - [STDERR_REDIRECT] 
2026-08-03 00:47:02,508 [ERROR] LogOutputStream:75 - [STDERR_REDIRECT] Aug 03, 2026 12:47:02 AM java.util.prefs.FileSystemPreferences syncWorld
2026-08-03 00:47:02,508 [ERROR] LogOutputStream:75 - [STDERR_REDIRECT] WARNING: Couldn't flush system prefs: java.util.prefs.BackingStoreException: Couldn't get file lock.
2026-08-03 00:47:02,508 [ERROR] LogOutputStream:75 - [STDERR_REDIRECT] 
2026-08-03 00:47:32,508 [ERROR] LogOutputStream:75 - [STDERR_REDIRECT] Aug 03, 2026 12:47:32 AM java.util.prefs.FileSystemPreferences checkLockFile0ErrorCode
2026-08-03 00:47:32,509 [ERROR] LogOutputStream:75 - [STDERR_REDIRECT] WARNING: Could not lock System prefs. Unix error code 5.
2026-08-03 00:47:32,509 [ERROR] LogOutputStream:75 - [STDERR_REDIRECT] 
2026-08-03 00:47:32,509 [ERROR] LogOutputStream:75 - [STDERR_REDIRECT] Aug 03, 2026 12:47:32 AM java.util.prefs.FileSystemPreferences syncWorld
2026-08-03 00:47:32,510 [ERROR] LogOutputStream:75 - [STDERR_REDIRECT] WARNING: Couldn't flush system prefs: java.util.prefs.BackingStoreException: Couldn't get file lock.
2026-08-03 00:47:32,510 [ERROR] LogOutputStream:75 - [STDERR_REDIRECT] 
2026-08-03 00:48:02,507 [ERROR] LogOutputStream:75 - [STDERR_REDIRECT] Aug 03, 2026 12:48:02 AM java.util.prefs.FileSystemPreferences checkLockFile0ErrorCode
2026-08-03 00:48:02,507 [ERROR] LogOutputStream:75 - [STDERR_REDIRECT] WARNING: Could not lock System prefs. Unix error code 5.
2026-08-03 00:48:02,508 [ERROR] LogOutputStream:75 - [STDERR_REDIRECT] 
2026-08-03 00:48:02,508 [ERROR] LogOutputStream:75 - [STDERR_REDIRECT] Aug 03, 2026 12:48:02 AM java.util.prefs.FileSystemPreferences syncWorld
2026-08-03 00:48:02,508 [ERROR] LogOutputStream:75 - [STDERR_REDIRECT] WARNING: Couldn't flush system prefs: java.util.prefs.BackingStoreException: Couldn't get file lock.
2026-08-03 00:48:02,508 [ERROR] LogOutputStream:75 - [STDERR_REDIRECT] 
2026-08-03 00:48:32,507 [ERROR] LogOutputStream:75 - [STDERR_REDIRECT] Aug 03, 2026 12:48:32 AM java.util.prefs.FileSystemPreferences checkLockFile0ErrorCode
2026-08-03 00:48:32,508 [ERROR] LogOutputStream:75 - [STDERR_REDIRECT] WARNING: Could not lock System prefs. Unix error code 5.
2026-08-03 00:48:32,508 [ERROR] LogOutputStream:75 - [STDERR_REDIRECT] 
2026-08-03 00:48:32,508 [ERROR] LogOutputStream:75 - [STDERR_REDIRECT] Aug 03, 2026 12:48:32 AM java.util.prefs.FileSystemPreferences syncWorld
2026-08-03 00:48:32,508 [ERROR] LogOutputStream:75 - [STDERR_REDIRECT] WARNING: Couldn't flush system prefs: java.util.prefs.BackingStoreException: Couldn't get file lock.
2026-08-03 00:48:32,508 [ERROR] LogOutputStream:75 - [STDERR_REDIRECT] 
2026-08-03 00:49:02,508 [ERROR] LogOutputStream:75 - [STDERR_REDIRECT] Aug 03, 2026 12:49:02 AM java.util.prefs.FileSystemPreferences checkLockFile0ErrorCode
2026-08-03 00:49:02,508 [ERROR] LogOutputStream:75 - [STDERR_REDIRECT] WARNING: Could not lock System prefs. Unix error code 5.
2026-08-03 00:49:02,509 [ERROR] LogOutputStream:75 - [STDERR_REDIRECT] 
2026-08-03 00:49:02,509 [ERROR] LogOutputStream:75 - [STDERR_REDIRECT] Aug 03, 2026 12:49:02 AM java.util.prefs.FileSystemPreferences syncWorld
2026-08-03 00:49:02,509 [ERROR] LogOutputStream:75 - [STDERR_REDIRECT] WARNING: Couldn't flush system prefs: java.util.prefs.BackingStoreException: Couldn't get file lock.
2026-08-03 00:49:02,509 [ERROR] LogOutputStream:75 - [STDERR_REDIRECT] 
2026-08-03 00:49:32,507 [ERROR] LogOutputStream:75 - [STDERR_REDIRECT] Aug 03, 2026 12:49:32 AM java.util.prefs.FileSystemPreferences checkLockFile0ErrorCode
2026-08-03 00:49:32,508 [ERROR] LogOutputStream:75 - [STDERR_REDIRECT] WARNING: Could not lock System prefs. Unix error code 5.
2026-08-03 00:49:32,508 [ERROR] LogOutputStream:75 - [STDERR_REDIRECT] 
2026-08-03 00:49:32,508 [ERROR] LogOutputStream:75 - [STDERR_REDIRECT] Aug 03, 2026 12:49:32 AM java.util.prefs.FileSystemPreferences syncWorld
2026-08-03 00:49:32,508 [ERROR] LogOutputStream:75 - [STDERR_REDIRECT] WARNING: Couldn't flush system prefs: java.util.prefs.BackingStoreException: Couldn't get file lock.
2026-08-03 00:49:32,508 [ERROR] LogOutputStream:75 - [STDERR_REDIRECT] 
2026-08-03 00:50:02,508 [ERROR] LogOutputStream:75 - [STDERR_REDIRECT] Aug 03, 2026 12:50:02 AM java.util.prefs.FileSystemPreferences checkLockFile0ErrorCode
2026-08-03 00:50:02,508 [ERROR] LogOutputStream:75 - [STDERR_REDIRECT] WARNING: Could not lock System prefs. Unix error code 5.
2026-08-03 00:50:02,508 [ERROR] LogOutputStream:75 - [STDERR_REDIRECT] 
2026-08-03 00:50:02,508 [ERROR] LogOutputStream:75 - [STDERR_REDIRECT] Aug 03, 2026 12:50:02 AM java.util.prefs.FileSystemPreferences syncWorld
2026-08-03 00:50:02,508 [ERROR] LogOutputStream:75 - [STDERR_REDIRECT] WARNING: Couldn't flush system prefs: java.util.prefs.BackingStoreException: Couldn't get file lock.
2026-08-03 00:50:02,508 [ERROR] LogOutputStream:75 - [STDERR_REDIRECT] 
2026-08-03 00:50:32,507 [ERROR] LogOutputStream:75 - [STDERR_REDIRECT] Aug 03, 2026 12:50:32 AM java.util.prefs.FileSystemPreferences checkLockFile0ErrorCode
2026-08-03 00:50:32,508 [ERROR] LogOutputStream:75 - [STDERR_REDIRECT] WARNING: Could not lock System prefs. Unix error code 5.
2026-08-03 00:50:32,508 [ERROR] LogOutputStream:75 - [STDERR_REDIRECT] 
2026-08-03 00:50:32,508 [ERROR] LogOutputStream:75 - [STDERR_REDIRECT] Aug 03, 2026 12:50:32 AM java.util.prefs.FileSystemPreferences syncWorld
2026-08-03 00:50:32,508 [ERROR] LogOutputStream:75 - [STDERR_REDIRECT] WARNING: Couldn't flush system prefs: java.util.prefs.BackingStoreException: Couldn't get file lock.
2026-08-03 00:50:32,508 [ERROR] LogOutputStream:75 - [STDERR_REDIRECT] 
2026-08-03 00:51:02,508 [ERROR] LogOutputStream:75 - [STDERR_REDIRECT] Aug 03, 2026 12:51:02 AM java.util.prefs.FileSystemPreferences checkLockFile0ErrorCode
2026-08-03 00:51:02,508 [ERROR] LogOutputStream:75 - [STDERR_REDIRECT] WARNING: Could not lock System prefs. Unix error code 5.
2026-08-03 00:51:02,509 [ERROR] LogOutputStream:75 - [STDERR_REDIRECT] 
2026-08-03 00:51:02,509 [ERROR] LogOutputStream:75 - [STDERR_REDIRECT] Aug 03, 2026 12:51:02 AM java.util.prefs.FileSystemPreferences syncWorld
2026-08-03 00:51:02,509 [ERROR] LogOutputStream:75 - [STDERR_REDIRECT] WARNING: Couldn't flush system prefs: java.util.prefs.BackingStoreException: Couldn't get file lock.
2026-08-03 00:51:02,509 [ERROR] LogOutputStream:75 - [STDERR_REDIRECT] 
2026-08-03 00:51:32,509 [ERROR] LogOutputStream:75 - [STDERR_REDIRECT] Aug 03, 2026 12:51:32 AM java.util.prefs.FileSystemPreferences checkLockFile0ErrorCode
2026-08-03 00:51:32,509 [ERROR] LogOutputStream:75 - [STDERR_REDIRECT] WARNING: Could not lock System prefs. Unix error code 5.
2026-08-03 00:51:32,509 [ERROR] LogOutputStream:75 - [STDERR_REDIRECT] 
2026-08-03 00:51:32,510 [ERROR] LogOutputStream:75 - [STDERR_REDIRECT] Aug 03, 2026 12:51:32 AM java.util.prefs.FileSystemPreferences syncWorld
2026-08-03 00:51:32,510 [ERROR] LogOutputStream:75 - [STDERR_REDIRECT] WARNING: Couldn't flush system prefs: java.util.prefs.BackingStoreException: Couldn't get file lock.
2026-08-03 00:51:32,510 [ERROR] LogOutputStream:75 - [STDERR_REDIRECT] 
2026-08-03 00:52:02,509 [ERROR] LogOutputStream:75 - [STDERR_REDIRECT] Aug 03, 2026 12:52:02 AM java.util.prefs.FileSystemPreferences checkLockFile0ErrorCode
2026-08-03 00:52:02,509 [ERROR] LogOutputStream:75 - [STDERR_REDIRECT] WARNING: Could not lock System prefs. Unix error code 5.
2026-08-03 00:52:02,509 [ERROR] LogOutputStream:75 - [STDERR_REDIRECT] 
2026-08-03 00:52:02,509 [ERROR] LogOutputStream:75 - [STDERR_REDIRECT] Aug 03, 2026 12:52:02 AM java.util.prefs.FileSystemPreferences syncWorld
2026-08-03 00:52:02,509 [ERROR] LogOutputStream:75 - [STDERR_REDIRECT] WARNING: Couldn't flush system prefs: java.util.prefs.BackingStoreException: Couldn't get file lock.
2026-08-03 00:52:02,509 [ERROR] LogOutputStream:75 - [STDERR_REDIRECT] 
2026-08-03 00:52:32,509 [ERROR] LogOutputStream:75 - [STDERR_REDIRECT] Aug 03, 2026 12:52:32 AM java.util.prefs.FileSystemPreferences checkLockFile0ErrorCode
2026-08-03 00:52:32,509 [ERROR] LogOutputStream:75 - [STDERR_REDIRECT] WARNING: Could not lock System prefs. Unix error code 5.
2026-08-03 00:52:32,509 [ERROR] LogOutputStream:75 - [STDERR_REDIRECT] 
2026-08-03 00:52:32,510 [ERROR] LogOutputStream:75 - [STDERR_REDIRECT] Aug 03, 2026 12:52:32 AM java.util.prefs.FileSystemPreferences syncWorld
2026-08-03 00:52:32,510 [ERROR] LogOutputStream:75 - [STDERR_REDIRECT] WARNING: Couldn't flush system prefs: java.util.prefs.BackingStoreException: Couldn't get file lock.
2026-08-03 00:52:32,510 [ERROR] LogOutputStream:75 - [STDERR_REDIRECT] 
2026-08-03 00:53:02,510 [ERROR] LogOutputStream:75 - [STDERR_REDIRECT] Aug 03, 2026 12:53:02 AM java.util.prefs.FileSystemPreferences checkLockFile0ErrorCode
2026-08-03 00:53:02,510 [ERROR] LogOutputStream:75 - [STDERR_REDIRECT] WARNING: Could not lock System prefs. Unix error code 5.
2026-08-03 00:53:02,510 [ERROR] LogOutputStream:75 - [STDERR_REDIRECT] 
2026-08-03 00:53:02,511 [ERROR] LogOutputStream:75 - [STDERR_REDIRECT] Aug 03, 2026 12:53:02 AM java.util.prefs.FileSystemPreferences syncWorld
2026-08-03 00:53:02,511 [ERROR] LogOutputStream:75 - [STDERR_REDIRECT] WARNING: Couldn't flush system prefs: java.util.prefs.BackingStoreException: Couldn't get file lock.
2026-08-03 00:53:02,511 [ERROR] LogOutputStream:75 - [STDERR_REDIRECT] 
2026-08-03 00:53:32,511 [ERROR] LogOutputStream:75 - [STDERR_REDIRECT] Aug 03, 2026 12:53:32 AM java.util.prefs.FileSystemPreferences checkLockFile0ErrorCode
2026-08-03 00:53:32,511 [ERROR] LogOutputStream:75 - [STDERR_REDIRECT] WARNING: Could not lock System prefs. Unix error code 5.
2026-08-03 00:53:32,511 [ERROR] LogOutputStream:75 - [STDERR_REDIRECT] 
2026-08-03 00:53:32,511 [ERROR] LogOutputStream:75 - [STDERR_REDIRECT] Aug 03, 2026 12:53:32 AM java.util.prefs.FileSystemPreferences syncWorld
2026-08-03 00:53:32,511 [ERROR] LogOutputStream:75 - [STDERR_REDIRECT] WARNING: Couldn't flush system prefs: java.util.prefs.BackingStoreException: Couldn't get file lock.
2026-08-03 00:53:32,512 [ERROR] LogOutputStream:75 - [STDERR_REDIRECT] 
2026-08-03 00:54:02,509 [ERROR] LogOutputStream:75 - [STDERR_REDIRECT] Aug 03, 2026 12:54:02 AM java.util.prefs.FileSystemPreferences checkLockFile0ErrorCode
2026-08-03 00:54:02,509 [ERROR] LogOutputStream:75 - [STDERR_REDIRECT] WARNING: Could not lock System prefs. Unix error code 5.
2026-08-03 00:54:02,509 [ERROR] LogOutputStream:75 - [STDERR_REDIRECT] 
2026-08-03 00:54:02,510 [ERROR] LogOutputStream:75 - [STDERR_REDIRECT] Aug 03, 2026 12:54:02 AM java.util.prefs.FileSystemPreferences syncWorld
2026-08-03 00:54:02,510 [ERROR] LogOutputStream:75 - [STDERR_REDIRECT] WARNING: Couldn't flush system prefs: java.util.prefs.BackingStoreException: Couldn't get file lock.
2026-08-03 00:54:02,510 [ERROR] LogOutputStream:75 - [STDERR_REDIRECT] 
2026-08-03 00:54:32,510 [ERROR] LogOutputStream:75 - [STDERR_REDIRECT] Aug 03, 2026 12:54:32 AM java.util.prefs.FileSystemPreferences checkLockFile0ErrorCode
2026-08-03 00:54:32,510 [ERROR] LogOutputStream:75 - [STDERR_REDIRECT] WARNING: Could not lock System prefs. Unix error code 5.
2026-08-03 00:54:32,510 [ERROR] LogOutputStream:75 - [STDERR_REDIRECT] 
2026-08-03 00:54:32,510 [ERROR] LogOutputStream:75 - [STDERR_REDIRECT] Aug 03, 2026 12:54:32 AM java.util.prefs.FileSystemPreferences syncWorld
2026-08-03 00:54:32,511 [ERROR] LogOutputStream:75 - [STDERR_REDIRECT] WARNING: Couldn't flush system prefs: java.util.prefs.BackingStoreException: Couldn't get file lock.
2026-08-03 00:54:32,511 [ERROR] LogOutputStream:75 - [STDERR_REDIRECT] 
2026-08-03 00:55:02,509 [ERROR] LogOutputStream:75 - [STDERR_REDIRECT] Aug 03, 2026 12:55:02 AM java.util.prefs.FileSystemPreferences checkLockFile0ErrorCode
2026-08-03 00:55:02,509 [ERROR] LogOutputStream:75 - [STDERR_REDIRECT] WARNING: Could not lock System prefs. Unix error code 5.
2026-08-03 00:55:02,509 [ERROR] LogOutputStream:75 - [STDERR_REDIRECT] 
2026-08-03 00:55:02,510 [ERROR] LogOutputStream:75 - [STDERR_REDIRECT] Aug 03, 2026 12:55:02 AM java.util.prefs.FileSystemPreferences syncWorld
2026-08-03 00:55:02,510 [ERROR] LogOutputStream:75 - [STDERR_REDIRECT] WARNING: Couldn't flush system prefs: java.util.prefs.BackingStoreException: Couldn't get file lock.
2026-08-03 00:55:02,510 [ERROR] LogOutputStream:75 - [STDERR_REDIRECT] 
2026-08-03 00:55:32,510 [ERROR] LogOutputStream:75 - [STDERR_REDIRECT] Aug 03, 2026 12:55:32 AM java.util.prefs.FileSystemPreferences checkLockFile0ErrorCode
2026-08-03 00:55:32,511 [ERROR] LogOutputStream:75 - [STDERR_REDIRECT] WARNING: Could not lock System prefs. Unix error code 5.
2026-08-03 00:55:32,511 [ERROR] LogOutputStream:75 - [STDERR_REDIRECT] 
2026-08-03 00:55:32,511 [ERROR] LogOutputStream:75 - [STDERR_REDIRECT] Aug 03, 2026 12:55:32 AM java.util.prefs.FileSystemPreferences syncWorld
2026-08-03 00:55:32,511 [ERROR] LogOutputStream:75 - [STDERR_REDIRECT] WARNING: Couldn't flush system prefs: java.util.prefs.BackingStoreException: Couldn't get file lock.
2026-08-03 00:55:32,511 [ERROR] LogOutputStream:75 - [STDERR_REDIRECT] 
2026-08-03 00:56:02,510 [ERROR] LogOutputStream:75 - [STDERR_REDIRECT] Aug 03, 2026 12:56:02 AM java.util.prefs.FileSystemPreferences checkLockFile0ErrorCode
2026-08-03 00:56:02,510 [ERROR] LogOutputStream:75 - [STDERR_REDIRECT] WARNING: Could not lock System prefs. Unix error code 5.
2026-08-03 00:56:02,510 [ERROR] LogOutputStream:75 - [STDERR_REDIRECT] 
2026-08-03 00:56:02,510 [ERROR] LogOutputStream:75 - [STDERR_REDIRECT] Aug 03, 2026 12:56:02 AM java.util.prefs.FileSystemPreferences syncWorld
2026-08-03 00:56:02,510 [ERROR] LogOutputStream:75 - [STDERR_REDIRECT] WARNING: Couldn't flush system prefs: java.util.prefs.BackingStoreException: Couldn't get file lock.
2026-08-03 00:56:02,510 [ERROR] LogOutputStream:75 - [STDERR_REDIRECT] 
2026-08-03 00:56:32,510 [ERROR] LogOutputStream:75 - [STDERR_REDIRECT] Aug 03, 2026 12:56:32 AM java.util.prefs.FileSystemPreferences checkLockFile0ErrorCode
2026-08-03 00:56:32,510 [ERROR] LogOutputStream:75 - [STDERR_REDIRECT] WARNING: Could not lock System prefs. Unix error code 5.
2026-08-03 00:56:32,510 [ERROR] LogOutputStream:75 - [STDERR_REDIRECT] 
2026-08-03 00:56:32,510 [ERROR] LogOutputStream:75 - [STDERR_REDIRECT] Aug 03, 2026 12:56:32 AM java.util.prefs.FileSystemPreferences syncWorld
2026-08-03 00:56:32,510 [ERROR] LogOutputStream:75 - [STDERR_REDIRECT] WARNING: Couldn't flush system prefs: java.util.prefs.BackingStoreException: Couldn't get file lock.
2026-08-03 00:56:32,510 [ERROR] LogOutputStream:75 - [STDERR_REDIRECT] 
2026-08-03 00:57:02,510 [ERROR] LogOutputStream:75 - [STDERR_REDIRECT] Aug 03, 2026 12:57:02 AM java.util.prefs.FileSystemPreferences checkLockFile0ErrorCode
2026-08-03 00:57:02,510 [ERROR] LogOutputStream:75 - [STDERR_REDIRECT] WARNING: Could not lock System prefs. Unix error code 5.
2026-08-03 00:57:02,510 [ERROR] LogOutputStream:75 - [STDERR_REDIRECT] 
2026-08-03 00:57:02,510 [ERROR] LogOutputStream:75 - [STDERR_REDIRECT] Aug 03, 2026 12:57:02 AM java.util.prefs.FileSystemPreferences syncWorld
2026-08-03 00:57:02,511 [ERROR] LogOutputStream:75 - [STDERR_REDIRECT] WARNING: Couldn't flush system prefs: java.util.prefs.BackingStoreException: Couldn't get file lock.
2026-08-03 00:57:02,511 [ERROR] LogOutputStream:75 - [STDERR_REDIRECT] 
2026-08-03 00:57:32,509 [ERROR] LogOutputStream:75 - [STDERR_REDIRECT] Aug 03, 2026 12:57:32 AM java.util.prefs.FileSystemPreferences checkLockFile0ErrorCode
2026-08-03 00:57:32,509 [ERROR] LogOutputStream:75 - [STDERR_REDIRECT] WARNING: Could not lock System prefs. Unix error code 5.
2026-08-03 00:57:32,509 [ERROR] LogOutputStream:75 - [STDERR_REDIRECT] 
2026-08-03 00:57:32,510 [ERROR] LogOutputStream:75 - [STDERR_REDIRECT] Aug 03, 2026 12:57:32 AM java.util.prefs.FileSystemPreferences syncWorld
2026-08-03 00:57:32,510 [ERROR] LogOutputStream:75 - [STDERR_REDIRECT] WARNING: Couldn't flush system prefs: java.util.prefs.BackingStoreException: Couldn't get file lock.
2026-08-03 00:57:32,510 [ERROR] LogOutputStream:75 - [STDERR_REDIRECT] 
2026-08-03 00:58:02,510 [ERROR] LogOutputStream:75 - [STDERR_REDIRECT] Aug 03, 2026 12:58:02 AM java.util.prefs.FileSystemPreferences checkLockFile0ErrorCode
2026-08-03 00:58:02,510 [ERROR] LogOutputStream:75 - [STDERR_REDIRECT] WARNING: Could not lock System prefs. Unix error code 5.
2026-08-03 00:58:02,510 [ERROR] LogOutputStream:75 - [STDERR_REDIRECT] 
2026-08-03 00:58:02,511 [ERROR] LogOutputStream:75 - [STDERR_REDIRECT] Aug 03, 2026 12:58:02 AM java.util.prefs.FileSystemPreferences syncWorld
2026-08-03 00:58:02,511 [ERROR] LogOutputStream:75 - [STDERR_REDIRECT] WARNING: Couldn't flush system prefs: java.util.prefs.BackingStoreException: Couldn't get file lock.
2026-08-03 00:58:02,511 [ERROR] LogOutputStream:75 - [STDERR_REDIRECT] 
2026-08-03 00:58:32,509 [ERROR] LogOutputStream:75 - [STDERR_REDIRECT] Aug 03, 2026 12:58:32 AM java.util.prefs.FileSystemPreferences checkLockFile0ErrorCode
2026-08-03 00:58:32,510 [ERROR] LogOutputStream:75 - [STDERR_REDIRECT] WARNING: Could not lock System prefs. Unix error code 5.
2026-08-03 00:58:32,510 [ERROR] LogOutputStream:75 - [STDERR_REDIRECT] 
2026-08-03 00:58:32,510 [ERROR] LogOutputStream:75 - [STDERR_REDIRECT] Aug 03, 2026 12:58:32 AM java.util.prefs.FileSystemPreferences syncWorld
2026-08-03 00:58:32,510 [ERROR] LogOutputStream:75 - [STDERR_REDIRECT] WARNING: Couldn't flush system prefs: java.util.prefs.BackingStoreException: Couldn't get file lock.
2026-08-03 00:58:32,510 [ERROR] LogOutputStream:75 - [STDERR_REDIRECT] 
2026-08-03 00:59:02,510 [ERROR] LogOutputStream:75 - [STDERR_REDIRECT] Aug 03, 2026 12:59:02 AM java.util.prefs.FileSystemPreferences checkLockFile0ErrorCode
2026-08-03 00:59:02,510 [ERROR] LogOutputStream:75 - [STDERR_REDIRECT] WARNING: Could not lock System prefs. Unix error code 5.
2026-08-03 00:59:02,510 [ERROR] LogOutputStream:75 - [STDERR_REDIRECT] 
2026-08-03 00:59:02,510 [ERROR] LogOutputStream:75 - [STDERR_REDIRECT] Aug 03, 2026 12:59:02 AM java.util.prefs.FileSystemPreferences syncWorld
2026-08-03 00:59:02,510 [ERROR] LogOutputStream:75 - [STDERR_REDIRECT] WARNING: Couldn't flush system prefs: java.util.prefs.BackingStoreException: Couldn't get file lock.
2026-08-03 00:59:02,510 [ERROR] LogOutputStream:75 - [STDERR_REDIRECT] 
2026-08-03 00:59:32,510 [ERROR] LogOutputStream:75 - [STDERR_REDIRECT] Aug 03, 2026 12:59:32 AM java.util.prefs.FileSystemPreferences checkLockFile0ErrorCode
2026-08-03 00:59:32,510 [ERROR] LogOutputStream:75 - [STDERR_REDIRECT] WARNING: Could not lock System prefs. Unix error code 5.
2026-08-03 00:59:32,510 [ERROR] LogOutputStream:75 - [STDERR_REDIRECT] 
2026-08-03 00:59:32,510 [ERROR] LogOutputStream:75 - [STDERR_REDIRECT] Aug 03, 2026 12:59:32 AM java.util.prefs.FileSystemPreferences syncWorld
2026-08-03 00:59:32,510 [ERROR] LogOutputStream:75 - [STDERR_REDIRECT] WARNING: Couldn't flush system prefs: java.util.prefs.BackingStoreException: Couldn't get file lock.
2026-08-03 00:59:32,510 [ERROR] LogOutputStream:75 - [STDERR_REDIRECT] 
2026-08-03 01:00:02,510 [ERROR] LogOutputStream:75 - [STDERR_REDIRECT] Aug 03, 2026 1:00:02 AM java.util.prefs.FileSystemPreferences checkLockFile0ErrorCode
2026-08-03 01:00:02,511 [ERROR] LogOutputStream:75 - [STDERR_REDIRECT] WARNING: Could not lock System prefs. Unix error code 5.
2026-08-03 01:00:02,511 [ERROR] LogOutputStream:75 - [STDERR_REDIRECT] 
2026-08-03 01:00:02,511 [ERROR] LogOutputStream:75 - [STDERR_REDIRECT] Aug 03, 2026 1:00:02 AM java.util.prefs.FileSystemPreferences syncWorld
2026-08-03 01:00:02,511 [ERROR] LogOutputStream:75 - [STDERR_REDIRECT] WARNING: Couldn't flush system prefs: java.util.prefs.BackingStoreException: Couldn't get file lock.
2026-08-03 01:00:02,511 [ERROR] LogOutputStream:75 - [STDERR_REDIRECT] 
2026-08-03 01:00:32,510 [ERROR] LogOutputStream:75 - [STDERR_REDIRECT] Aug 03, 2026 1:00:32 AM java.util.prefs.FileSystemPreferences checkLockFile0ErrorCode
2026-08-03 01:00:32,510 [ERROR] LogOutputStream:75 - [STDERR_REDIRECT] WARNING: Could not lock System prefs. Unix error code 5.
2026-08-03 01:00:32,510 [ERROR] LogOutputStream:75 - [STDERR_REDIRECT] 
2026-08-03 01:00:32,511 [ERROR] LogOutputStream:75 - [STDERR_REDIRECT] Aug 03, 2026 1:00:32 AM java.util.prefs.FileSystemPreferences syncWorld
2026-08-03 01:00:32,511 [ERROR] LogOutputStream:75 - [STDERR_REDIRECT] WARNING: Couldn't flush system prefs: java.util.prefs.BackingStoreException: Couldn't get file lock.
2026-08-03 01:00:32,511 [ERROR] LogOutputStream:75 - [STDERR_REDIRECT] 
2026-08-03 01:01:02,509 [ERROR] LogOutputStream:75 - [STDERR_REDIRECT] Aug 03, 2026 1:01:02 AM java.util.prefs.FileSystemPreferences checkLockFile0ErrorCode
2026-08-03 01:01:02,510 [ERROR] LogOutputStream:75 - [STDERR_REDIRECT] WARNING: Could not lock System prefs. Unix error code 5.
2026-08-03 01:01:02,510 [ERROR] LogOutputStream:75 - [STDERR_REDIRECT] 
2026-08-03 01:01:02,510 [ERROR] LogOutputStream:75 - [STDERR_REDIRECT] Aug 03, 2026 1:01:02 AM java.util.prefs.FileSystemPreferences syncWorld
2026-08-03 01:01:02,510 [ERROR] LogOutputStream:75 - [STDERR_REDIRECT] WARNING: Couldn't flush system prefs: java.util.prefs.BackingStoreException: Couldn't get file lock.
2026-08-03 01:01:02,510 [ERROR] LogOutputStream:75 - [STDERR_REDIRECT] 
2026-08-03 01:01:32,510 [ERROR] LogOutputStream:75 - [STDERR_REDIRECT] Aug 03, 2026 1:01:32 AM java.util.prefs.FileSystemPreferences checkLockFile0ErrorCode
2026-08-03 01:01:32,510 [ERROR] LogOutputStream:75 - [STDERR_REDIRECT] WARNING: Could not lock System prefs. Unix error code 5.
2026-08-03 01:01:32,510 [ERROR] LogOutputStream:75 - [STDERR_REDIRECT] 
2026-08-03 01:01:32,510 [ERROR] LogOutputStream:75 - [STDERR_REDIRECT] Aug 03, 2026 1:01:32 AM java.util.prefs.FileSystemPreferences syncWorld
2026-08-03 01:01:32,510 [ERROR] LogOutputStream:75 - [STDERR_REDIRECT] WARNING: Couldn't flush system prefs: java.util.prefs.BackingStoreException: Couldn't get file lock.
2026-08-03 01:01:32,511 [ERROR] LogOutputStream:75 - [STDERR_REDIRECT] 
2026-08-03 01:02:02,509 [ERROR] LogOutputStream:75 - [STDERR_REDIRECT] Aug 03, 2026 1:02:02 AM java.util.prefs.FileSystemPreferences checkLockFile0ErrorCode
2026-08-03 01:02:02,509 [ERROR] LogOutputStream:75 - [STDERR_REDIRECT] WARNING: Could not lock System prefs. Unix error code 5.
2026-08-03 01:02:02,509 [ERROR] LogOutputStream:75 - [STDERR_REDIRECT] 
2026-08-03 01:02:02,510 [ERROR] LogOutputStream:75 - [STDERR_REDIRECT] Aug 03, 2026 1:02:02 AM java.util.prefs.FileSystemPreferences syncWorld
2026-08-03 01:02:02,510 [ERROR] LogOutputStream:75 - [STDERR_REDIRECT] WARNING: Couldn't flush system prefs: java.util.prefs.BackingStoreException: Couldn't get file lock.
2026-08-03 01:02:02,510 [ERROR] LogOutputStream:75 - [STDERR_REDIRECT] 
2026-08-03 01:02:32,510 [ERROR] LogOutputStream:75 - [STDERR_REDIRECT] Aug 03, 2026 1:02:32 AM java.util.prefs.FileSystemPreferences checkLockFile0ErrorCode
2026-08-03 01:02:32,510 [ERROR] LogOutputStream:75 - [STDERR_REDIRECT] WARNING: Could not lock System prefs. Unix error code 5.
2026-08-03 01:02:32,510 [ERROR] LogOutputStream:75 - [STDERR_REDIRECT] 
2026-08-03 01:02:32,510 [ERROR] LogOutputStream:75 - [STDERR_REDIRECT] Aug 03, 2026 1:02:32 AM java.util.prefs.FileSystemPreferences syncWorld
2026-08-03 01:02:32,511 [ERROR] LogOutputStream:75 - [STDERR_REDIRECT] WARNING: Couldn't flush system prefs: java.util.prefs.BackingStoreException: Couldn't get file lock.
2026-08-03 01:02:32,511 [ERROR] LogOutputStream:75 - [STDERR_REDIRECT] 
2026-08-03 01:03:02,509 [ERROR] LogOutputStream:75 - [STDERR_REDIRECT] Aug 03, 2026 1:03:02 AM java.util.prefs.FileSystemPreferences checkLockFile0ErrorCode
2026-08-03 01:03:02,510 [ERROR] LogOutputStream:75 - [STDERR_REDIRECT] WARNING: Could not lock System prefs. Unix error code 5.
2026-08-03 01:03:02,510 [ERROR] LogOutputStream:75 - [STDERR_REDIRECT] 
2026-08-03 01:03:02,510 [ERROR] LogOutputStream:75 - [STDERR_REDIRECT] Aug 03, 2026 1:03:02 AM java.util.prefs.FileSystemPreferences syncWorld
2026-08-03 01:03:02,510 [ERROR] LogOutputStream:75 - [STDERR_REDIRECT] WARNING: Couldn't flush system prefs: java.util.prefs.BackingStoreException: Couldn't get file lock.
2026-08-03 01:03:02,510 [ERROR] LogOutputStream:75 - [STDERR_REDIRECT] 
2026-08-03 01:03:32,510 [ERROR] LogOutputStream:75 - [STDERR_REDIRECT] Aug 03, 2026 1:03:32 AM java.util.prefs.FileSystemPreferences checkLockFile0ErrorCode
2026-08-03 01:03:32,510 [ERROR] LogOutputStream:75 - [STDERR_REDIRECT] WARNING: Could not lock System prefs. Unix error code 5.
2026-08-03 01:03:32,510 [ERROR] LogOutputStream:75 - [STDERR_REDIRECT] 
2026-08-03 01:03:32,510 [ERROR] LogOutputStream:75 - [STDERR_REDIRECT] Aug 03, 2026 1:03:32 AM java.util.prefs.FileSystemPreferences syncWorld
2026-08-03 01:03:32,510 [ERROR] LogOutputStream:75 - [STDERR_REDIRECT] WARNING: Couldn't flush system prefs: java.util.prefs.BackingStoreException: Couldn't get file lock.
2026-08-03 01:03:32,510 [ERROR] LogOutputStream:75 - [STDERR_REDIRECT] 
2026-08-03 01:04:02,510 [ERROR] LogOutputStream:75 - [STDERR_REDIRECT] Aug 03, 2026 1:04:02 AM java.util.prefs.FileSystemPreferences checkLockFile0ErrorCode
2026-08-03 01:04:02,527 [ERROR] LogOutputStream:75 - [STDERR_REDIRECT] WARNING: Could not lock System prefs. Unix error code 5.
2026-08-03 01:04:02,528 [ERROR] LogOutputStream:75 - [STDERR_REDIRECT] 
2026-08-03 01:04:02,528 [ERROR] LogOutputStream:75 - [STDERR_REDIRECT] Aug 03, 2026 1:04:02 AM java.util.prefs.FileSystemPreferences syncWorld
2026-08-03 01:04:02,528 [ERROR] LogOutputStream:75 - [STDERR_REDIRECT] WARNING: Couldn't flush system prefs: java.util.prefs.BackingStoreException: Couldn't get file lock.
2026-08-03 01:04:02,528 [ERROR] LogOutputStream:75 - [STDERR_REDIRECT] 
2026-08-03 01:04:32,511 [ERROR] LogOutputStream:75 - [STDERR_REDIRECT] Aug 03, 2026 1:04:32 AM java.util.prefs.FileSystemPreferences checkLockFile0ErrorCode
2026-08-03 01:04:32,512 [ERROR] LogOutputStream:75 - [STDERR_REDIRECT] WARNING: Could not lock System prefs. Unix error code 5.
2026-08-03 01:04:32,512 [ERROR] LogOutputStream:75 - [STDERR_REDIRECT] 
2026-08-03 01:04:32,512 [ERROR] LogOutputStream:75 - [STDERR_REDIRECT] Aug 03, 2026 1:04:32 AM java.util.prefs.FileSystemPreferences syncWorld
2026-08-03 01:04:32,512 [ERROR] LogOutputStream:75 - [STDERR_REDIRECT] WARNING: Couldn't flush system prefs: java.util.prefs.BackingStoreException: Couldn't get file lock.
2026-08-03 01:04:32,512 [ERROR] LogOutputStream:75 - [STDERR_REDIRECT] 
2026-08-03 01:05:02,513 [ERROR] LogOutputStream:75 - [STDERR_REDIRECT] Aug 03, 2026 1:05:02 AM java.util.prefs.FileSystemPreferences checkLockFile0ErrorCode
2026-08-03 01:05:02,513 [ERROR] LogOutputStream:75 - [STDERR_REDIRECT] WARNING: Could not lock System prefs. Unix error code 5.
2026-08-03 01:05:02,513 [ERROR] LogOutputStream:75 - [STDERR_REDIRECT] 
2026-08-03 01:05:02,513 [ERROR] LogOutputStream:75 - [STDERR_REDIRECT] Aug 03, 2026 1:05:02 AM java.util.prefs.FileSystemPreferences syncWorld
2026-08-03 01:05:02,513 [ERROR] LogOutputStream:75 - [STDERR_REDIRECT] WARNING: Couldn't flush system prefs: java.util.prefs.BackingStoreException: Couldn't get file lock.
2026-08-03 01:05:02,513 [ERROR] LogOutputStream:75 - [STDERR_REDIRECT] 
2026-08-03 01:05:32,513 [ERROR] LogOutputStream:75 - [STDERR_REDIRECT] Aug 03, 2026 1:05:32 AM java.util.prefs.FileSystemPreferences checkLockFile0ErrorCode
2026-08-03 01:05:32,513 [ERROR] LogOutputStream:75 - [STDERR_REDIRECT] WARNING: Could not lock System prefs. Unix error code 5.
2026-08-03 01:05:32,513 [ERROR] LogOutputStream:75 - [STDERR_REDIRECT] 
2026-08-03 01:05:32,513 [ERROR] LogOutputStream:75 - [STDERR_REDIRECT] Aug 03, 2026 1:05:32 AM java.util.prefs.FileSystemPreferences syncWorld
2026-08-03 01:05:32,513 [ERROR] LogOutputStream:75 - [STDERR_REDIRECT] WARNING: Couldn't flush system prefs: java.util.prefs.BackingStoreException: Couldn't get file lock.
2026-08-03 01:05:32,513 [ERROR] LogOutputStream:75 - [STDERR_REDIRECT] 
2026-08-03 01:06:02,513 [ERROR] LogOutputStream:75 - [STDERR_REDIRECT] Aug 03, 2026 1:06:02 AM java.util.prefs.FileSystemPreferences checkLockFile0ErrorCode
2026-08-03 01:06:02,514 [ERROR] LogOutputStream:75 - [STDERR_REDIRECT] WARNING: Could not lock System prefs. Unix error code 5.
2026-08-03 01:06:02,514 [ERROR] LogOutputStream:75 - [STDERR_REDIRECT] 
2026-08-03 01:06:02,515 [ERROR] LogOutputStream:75 - [STDERR_REDIRECT] Aug 03, 2026 1:06:02 AM java.util.prefs.FileSystemPreferences syncWorld
2026-08-03 01:06:02,531 [ERROR] LogOutputStream:75 - [STDERR_REDIRECT] WARNING: Couldn't flush system prefs: java.util.prefs.BackingStoreException: Couldn't get file lock.
2026-08-03 01:06:02,531 [ERROR] LogOutputStream:75 - [STDERR_REDIRECT] 
2026-08-03 01:06:32,513 [ERROR] LogOutputStream:75 - [STDERR_REDIRECT] Aug 03, 2026 1:06:32 AM java.util.prefs.FileSystemPreferences checkLockFile0ErrorCode
2026-08-03 01:06:32,514 [ERROR] LogOutputStream:75 - [STDERR_REDIRECT] WARNING: Could not lock System prefs. Unix error code 5.
2026-08-03 01:06:32,514 [ERROR] LogOutputStream:75 - [STDERR_REDIRECT] 
2026-08-03 01:06:32,514 [ERROR] LogOutputStream:75 - [STDERR_REDIRECT] Aug 03, 2026 1:06:32 AM java.util.prefs.FileSystemPreferences syncWorld
2026-08-03 01:06:32,514 [ERROR] LogOutputStream:75 - [STDERR_REDIRECT] WARNING: Couldn't flush system prefs: java.util.prefs.BackingStoreException: Couldn't get file lock.
2026-08-03 01:06:32,514 [ERROR] LogOutputStream:75 - [STDERR_REDIRECT] 
2026-08-03 01:07:02,514 [ERROR] LogOutputStream:75 - [STDERR_REDIRECT] Aug 03, 2026 1:07:02 AM java.util.prefs.FileSystemPreferences checkLockFile0ErrorCode
2026-08-03 01:07:02,514 [ERROR] LogOutputStream:75 - [STDERR_REDIRECT] WARNING: Could not lock System prefs. Unix error code 5.
2026-08-03 01:07:02,514 [ERROR] LogOutputStream:75 - [STDERR_REDIRECT] 
2026-08-03 01:07:02,514 [ERROR] LogOutputStream:75 - [STDERR_REDIRECT] Aug 03, 2026 1:07:02 AM java.util.prefs.FileSystemPreferences syncWorld
2026-08-03 01:07:02,514 [ERROR] LogOutputStream:75 - [STDERR_REDIRECT] WARNING: Couldn't flush system prefs: java.util.prefs.BackingStoreException: Couldn't get file lock.
2026-08-03 01:07:02,514 [ERROR] LogOutputStream:75 - [STDERR_REDIRECT] 
2026-08-03 01:07:32,514 [ERROR] LogOutputStream:75 - [STDERR_REDIRECT] Aug 03, 2026 1:07:32 AM java.util.prefs.FileSystemPreferences checkLockFile0ErrorCode
2026-08-03 01:07:32,514 [ERROR] LogOutputStream:75 - [STDERR_REDIRECT] WARNING: Could not lock System prefs. Unix error code 5.
2026-08-03 01:07:32,514 [ERROR] LogOutputStream:75 - [STDERR_REDIRECT] 
2026-08-03 01:07:32,515 [ERROR] LogOutputStream:75 - [STDERR_REDIRECT] Aug 03, 2026 1:07:32 AM java.util.prefs.FileSystemPreferences syncWorld
2026-08-03 01:07:32,515 [ERROR] LogOutputStream:75 - [STDERR_REDIRECT] WARNING: Couldn't flush system prefs: java.util.prefs.BackingStoreException: Couldn't get file lock.
2026-08-03 01:07:32,515 [ERROR] LogOutputStream:75 - [STDERR_REDIRECT] 
2026-08-03 01:08:02,515 [ERROR] LogOutputStream:75 - [STDERR_REDIRECT] Aug 03, 2026 1:08:02 AM java.util.prefs.FileSystemPreferences checkLockFile0ErrorCode
2026-08-03 01:08:02,515 [ERROR] LogOutputStream:75 - [STDERR_REDIRECT] WARNING: Could not lock System prefs. Unix error code 5.
2026-08-03 01:08:02,515 [ERROR] LogOutputStream:75 - [STDERR_REDIRECT] 
2026-08-03 01:08:02,515 [ERROR] LogOutputStream:75 - [STDERR_REDIRECT] Aug 03, 2026 1:08:02 AM java.util.prefs.FileSystemPreferences syncWorld
2026-08-03 01:08:02,515 [ERROR] LogOutputStream:75 - [STDERR_REDIRECT] WARNING: Couldn't flush system prefs: java.util.prefs.BackingStoreException: Couldn't get file lock.
2026-08-03 01:08:02,515 [ERROR] LogOutputStream:75 - [STDERR_REDIRECT] 
2026-08-03 01:08:32,515 [ERROR] LogOutputStream:75 - [STDERR_REDIRECT] Aug 03, 2026 1:08:32 AM java.util.prefs.FileSystemPreferences checkLockFile0ErrorCode
2026-08-03 01:08:32,515 [ERROR] LogOutputStream:75 - [STDERR_REDIRECT] WARNING: Could not lock System prefs. Unix error code 5.
2026-08-03 01:08:32,515 [ERROR] LogOutputStream:75 - [STDERR_REDIRECT] 
2026-08-03 01:08:32,516 [ERROR] LogOutputStream:75 - [STDERR_REDIRECT] Aug 03, 2026 1:08:32 AM java.util.prefs.FileSystemPreferences syncWorld
2026-08-03 01:08:32,516 [ERROR] LogOutputStream:75 - [STDERR_REDIRECT] WARNING: Couldn't flush system prefs: java.util.prefs.BackingStoreException: Couldn't get file lock.
2026-08-03 01:08:32,516 [ERROR] LogOutputStream:75 - [STDERR_REDIRECT] 
2026-08-03 01:09:02,515 [ERROR] LogOutputStream:75 - [STDERR_REDIRECT] Aug 03, 2026 1:09:02 AM java.util.prefs.FileSystemPreferences checkLockFile0ErrorCode
2026-08-03 01:09:02,515 [ERROR] LogOutputStream:75 - [STDERR_REDIRECT] WARNING: Could not lock System prefs. Unix error code 5.
2026-08-03 01:09:02,515 [ERROR] LogOutputStream:75 - [STDERR_REDIRECT] 
2026-08-03 01:09:02,516 [ERROR] LogOutputStream:75 - [STDERR_REDIRECT] Aug 03, 2026 1:09:02 AM java.util.prefs.FileSystemPreferences syncWorld
2026-08-03 01:09:02,516 [ERROR] LogOutputStream:75 - [STDERR_REDIRECT] WARNING: Couldn't flush system prefs: java.util.prefs.BackingStoreException: Couldn't get file lock.
2026-08-03 01:09:02,516 [ERROR] LogOutputStream:75 - [STDERR_REDIRECT] 
2026-08-03 01:09:32,516 [ERROR] LogOutputStream:75 - [STDERR_REDIRECT] Aug 03, 2026 1:09:32 AM java.util.prefs.FileSystemPreferences checkLockFile0ErrorCode
2026-08-03 01:09:32,516 [ERROR] LogOutputStream:75 - [STDERR_REDIRECT] WARNING: Could not lock System prefs. Unix error code 5.
2026-08-03 01:09:32,516 [ERROR] LogOutputStream:75 - [STDERR_REDIRECT] 
2026-08-03 01:09:32,516 [ERROR] LogOutputStream:75 - [STDERR_REDIRECT] Aug 03, 2026 1:09:32 AM java.util.prefs.FileSystemPreferences syncWorld
2026-08-03 01:09:32,516 [ERROR] LogOutputStream:75 - [STDERR_REDIRECT] WARNING: Couldn't flush system prefs: java.util.prefs.BackingStoreException: Couldn't get file lock.
2026-08-03 01:09:32,516 [ERROR] LogOutputStream:75 - [STDERR_REDIRECT] 
2026-08-03 01:10:02,516 [ERROR] LogOutputStream:75 - [STDERR_REDIRECT] Aug 03, 2026 1:10:02 AM java.util.prefs.FileSystemPreferences checkLockFile0ErrorCode
2026-08-03 01:10:02,516 [ERROR] LogOutputStream:75 - [STDERR_REDIRECT] WARNING: Could not lock System prefs. Unix error code 5.
2026-08-03 01:10:02,516 [ERROR] LogOutputStream:75 - [STDERR_REDIRECT] 
2026-08-03 01:10:02,517 [ERROR] LogOutputStream:75 - [STDERR_REDIRECT] Aug 03, 2026 1:10:02 AM java.util.prefs.FileSystemPreferences syncWorld
2026-08-03 01:10:02,517 [ERROR] LogOutputStream:75 - [STDERR_REDIRECT] WARNING: Couldn't flush system prefs: java.util.prefs.BackingStoreException: Couldn't get file lock.
2026-08-03 01:10:02,517 [ERROR] LogOutputStream:75 - [STDERR_REDIRECT] 
2026-08-03 01:10:32,516 [ERROR] LogOutputStream:75 - [STDERR_REDIRECT] Aug 03, 2026 1:10:32 AM java.util.prefs.FileSystemPreferences checkLockFile0ErrorCode
2026-08-03 01:10:32,517 [ERROR] LogOutputStream:75 - [STDERR_REDIRECT] WARNING: Could not lock System prefs. Unix error code 5.
2026-08-03 01:10:32,517 [ERROR] LogOutputStream:75 - [STDERR_REDIRECT] 
2026-08-03 01:10:32,517 [ERROR] LogOutputStream:75 - [STDERR_REDIRECT] Aug 03, 2026 1:10:32 AM java.util.prefs.FileSystemPreferences syncWorld
2026-08-03 01:10:32,517 [ERROR] LogOutputStream:75 - [STDERR_REDIRECT] WARNING: Couldn't flush system prefs: java.util.prefs.BackingStoreException: Couldn't get file lock.
2026-08-03 01:10:32,517 [ERROR] LogOutputStream:75 - [STDERR_REDIRECT] 
2026-08-03 01:11:02,518 [ERROR] LogOutputStream:75 - [STDERR_REDIRECT] Aug 03, 2026 1:11:02 AM java.util.prefs.FileSystemPreferences checkLockFile0ErrorCode
2026-08-03 01:11:02,518 [ERROR] LogOutputStream:75 - [STDERR_REDIRECT] WARNING: Could not lock System prefs. Unix error code 5.
2026-08-03 01:11:02,518 [ERROR] LogOutputStream:75 - [STDERR_REDIRECT] 
2026-08-03 01:11:02,519 [ERROR] LogOutputStream:75 - [STDERR_REDIRECT] Aug 03, 2026 1:11:02 AM java.util.prefs.FileSystemPreferences syncWorld
2026-08-03 01:11:02,519 [ERROR] LogOutputStream:75 - [STDERR_REDIRECT] WARNING: Couldn't flush system prefs: java.util.prefs.BackingStoreException: Couldn't get file lock.
2026-08-03 01:11:02,519 [ERROR] LogOutputStream:75 - [STDERR_REDIRECT] 
2026-08-03 01:11:32,517 [ERROR] LogOutputStream:75 - [STDERR_REDIRECT] Aug 03, 2026 1:11:32 AM java.util.prefs.FileSystemPreferences checkLockFile0ErrorCode
2026-08-03 01:11:32,517 [ERROR] LogOutputStream:75 - [STDERR_REDIRECT] WARNING: Could not lock System prefs. Unix error code 5.
2026-08-03 01:11:32,517 [ERROR] LogOutputStream:75 - [STDERR_REDIRECT] 
2026-08-03 01:11:32,517 [ERROR] LogOutputStream:75 - [STDERR_REDIRECT] Aug 03, 2026 1:11:32 AM java.util.prefs.FileSystemPreferences syncWorld
2026-08-03 01:11:32,517 [ERROR] LogOutputStream:75 - [STDERR_REDIRECT] WARNING: Couldn't flush system prefs: java.util.prefs.BackingStoreException: Couldn't get file lock.
2026-08-03 01:11:32,517 [ERROR] LogOutputStream:75 - [STDERR_REDIRECT] 
2026-08-03 01:12:02,518 [ERROR] LogOutputStream:75 - [STDERR_REDIRECT] Aug 03, 2026 1:12:02 AM java.util.prefs.FileSystemPreferences checkLockFile0ErrorCode
2026-08-03 01:12:02,518 [ERROR] LogOutputStream:75 - [STDERR_REDIRECT] WARNING: Could not lock System prefs. Unix error code 5.
2026-08-03 01:12:02,518 [ERROR] LogOutputStream:75 - [STDERR_REDIRECT] 
2026-08-03 01:12:02,518 [ERROR] LogOutputStream:75 - [STDERR_REDIRECT] Aug 03, 2026 1:12:02 AM java.util.prefs.FileSystemPreferences syncWorld
2026-08-03 01:12:02,518 [ERROR] LogOutputStream:75 - [STDERR_REDIRECT] WARNING: Couldn't flush system prefs: java.util.prefs.BackingStoreException: Couldn't get file lock.
2026-08-03 01:12:02,518 [ERROR] LogOutputStream:75 - [STDERR_REDIRECT] 
2026-08-03 01:12:32,518 [ERROR] LogOutputStream:75 - [STDERR_REDIRECT] Aug 03, 2026 1:12:32 AM java.util.prefs.FileSystemPreferences checkLockFile0ErrorCode
2026-08-03 01:12:32,518 [ERROR] LogOutputStream:75 - [STDERR_REDIRECT] WARNING: Could not lock System prefs. Unix error code 5.
2026-08-03 01:12:32,518 [ERROR] LogOutputStream:75 - [STDERR_REDIRECT] 
2026-08-03 01:12:32,518 [ERROR] LogOutputStream:75 - [STDERR_REDIRECT] Aug 03, 2026 1:12:32 AM java.util.prefs.FileSystemPreferences syncWorld
2026-08-03 01:12:32,518 [ERROR] LogOutputStream:75 - [STDERR_REDIRECT] WARNING: Couldn't flush system prefs: java.util.prefs.BackingStoreException: Couldn't get file lock.
2026-08-03 01:12:32,519 [ERROR] LogOutputStream:75 - [STDERR_REDIRECT] 
2026-08-03 01:13:02,518 [ERROR] LogOutputStream:75 - [STDERR_REDIRECT] Aug 03, 2026 1:13:02 AM java.util.prefs.FileSystemPreferences checkLockFile0ErrorCode
2026-08-03 01:13:02,519 [ERROR] LogOutputStream:75 - [STDERR_REDIRECT] WARNING: Could not lock System prefs. Unix error code 5.
2026-08-03 01:13:02,519 [ERROR] LogOutputStream:75 - [STDERR_REDIRECT] 
2026-08-03 01:13:02,519 [ERROR] LogOutputStream:75 - [STDERR_REDIRECT] Aug 03, 2026 1:13:02 AM java.util.prefs.FileSystemPreferences syncWorld
2026-08-03 01:13:02,519 [ERROR] LogOutputStream:75 - [STDERR_REDIRECT] WARNING: Couldn't flush system prefs: java.util.prefs.BackingStoreException: Couldn't get file lock.
2026-08-03 01:13:02,519 [ERROR] LogOutputStream:75 - [STDERR_REDIRECT] 
2026-08-03 01:13:32,519 [ERROR] LogOutputStream:75 - [STDERR_REDIRECT] Aug 03, 2026 1:13:32 AM java.util.prefs.FileSystemPreferences checkLockFile0ErrorCode
2026-08-03 01:13:32,519 [ERROR] LogOutputStream:75 - [STDERR_REDIRECT] WARNING: Could not lock System prefs. Unix error code 5.
2026-08-03 01:13:32,519 [ERROR] LogOutputStream:75 - [STDERR_REDIRECT] 
2026-08-03 01:13:32,519 [ERROR] LogOutputStream:75 - [STDERR_REDIRECT] Aug 03, 2026 1:13:32 AM java.util.prefs.FileSystemPreferences syncWorld
2026-08-03 01:13:32,519 [ERROR] LogOutputStream:75 - [STDERR_REDIRECT] WARNING: Couldn't flush system prefs: java.util.prefs.BackingStoreException: Couldn't get file lock.
2026-08-03 01:13:32,519 [ERROR] LogOutputStream:75 - [STDERR_REDIRECT] 
2026-08-03 01:14:02,519 [ERROR] LogOutputStream:75 - [STDERR_REDIRECT] Aug 03, 2026 1:14:02 AM java.util.prefs.FileSystemPreferences checkLockFile0ErrorCode
2026-08-03 01:14:02,519 [ERROR] LogOutputStream:75 - [STDERR_REDIRECT] WARNING: Could not lock System prefs. Unix error code 5.
2026-08-03 01:14:02,519 [ERROR] LogOutputStream:75 - [STDERR_REDIRECT] 
2026-08-03 01:14:02,520 [ERROR] LogOutputStream:75 - [STDERR_REDIRECT] Aug 03, 2026 1:14:02 AM java.util.prefs.FileSystemPreferences syncWorld
2026-08-03 01:14:02,520 [ERROR] LogOutputStream:75 - [STDERR_REDIRECT] WARNING: Couldn't flush system prefs: java.util.prefs.BackingStoreException: Couldn't get file lock.
2026-08-03 01:14:02,520 [ERROR] LogOutputStream:75 - [STDERR_REDIRECT] 
2026-08-03 01:14:32,518 [ERROR] LogOutputStream:75 - [STDERR_REDIRECT] Aug 03, 2026 1:14:32 AM java.util.prefs.FileSystemPreferences checkLockFile0ErrorCode
2026-08-03 01:14:32,518 [ERROR] LogOutputStream:75 - [STDERR_REDIRECT] WARNING: Could not lock System prefs. Unix error code 5.
2026-08-03 01:14:32,518 [ERROR] LogOutputStream:75 - [STDERR_REDIRECT] 
2026-08-03 01:14:32,519 [ERROR] LogOutputStream:75 - [STDERR_REDIRECT] Aug 03, 2026 1:14:32 AM java.util.prefs.FileSystemPreferences syncWorld
2026-08-03 01:14:32,519 [ERROR] LogOutputStream:75 - [STDERR_REDIRECT] WARNING: Couldn't flush system prefs: java.util.prefs.BackingStoreException: Couldn't get file lock.
2026-08-03 01:14:32,519 [ERROR] LogOutputStream:75 - [STDERR_REDIRECT] 
2026-08-03 01:15:02,520 [ERROR] LogOutputStream:75 - [STDERR_REDIRECT] Aug 03, 2026 1:15:02 AM java.util.prefs.FileSystemPreferences checkLockFile0ErrorCode
2026-08-03 01:15:02,520 [ERROR] LogOutputStream:75 - [STDERR_REDIRECT] WARNING: Could not lock System prefs. Unix error code 5.
2026-08-03 01:15:02,520 [ERROR] LogOutputStream:75 - [STDERR_REDIRECT] 
2026-08-03 01:15:02,520 [ERROR] LogOutputStream:75 - [STDERR_REDIRECT] Aug 03, 2026 1:15:02 AM java.util.prefs.FileSystemPreferences syncWorld
2026-08-03 01:15:02,520 [ERROR] LogOutputStream:75 - [STDERR_REDIRECT] WARNING: Couldn't flush system prefs: java.util.prefs.BackingStoreException: Couldn't get file lock.
2026-08-03 01:15:02,520 [ERROR] LogOutputStream:75 - [STDERR_REDIRECT] 
2026-08-03 01:15:32,519 [ERROR] LogOutputStream:75 - [STDERR_REDIRECT] Aug 03, 2026 1:15:32 AM java.util.prefs.FileSystemPreferences checkLockFile0ErrorCode
2026-08-03 01:15:32,519 [ERROR] LogOutputStream:75 - [STDERR_REDIRECT] WARNING: Could not lock System prefs. Unix error code 5.
2026-08-03 01:15:32,519 [ERROR] LogOutputStream:75 - [STDERR_REDIRECT] 
2026-08-03 01:15:32,519 [ERROR] LogOutputStream:75 - [STDERR_REDIRECT] Aug 03, 2026 1:15:32 AM java.util.prefs.FileSystemPreferences syncWorld
2026-08-03 01:15:32,519 [ERROR] LogOutputStream:75 - [STDERR_REDIRECT] WARNING: Couldn't flush system prefs: java.util.prefs.BackingStoreException: Couldn't get file lock.
2026-08-03 01:15:32,519 [ERROR] LogOutputStream:75 - [STDERR_REDIRECT] 
2026-08-03 01:16:02,519 [ERROR] LogOutputStream:75 - [STDERR_REDIRECT] Aug 03, 2026 1:16:02 AM java.util.prefs.FileSystemPreferences checkLockFile0ErrorCode
2026-08-03 01:16:02,519 [ERROR] LogOutputStream:75 - [STDERR_REDIRECT] WARNING: Could not lock System prefs. Unix error code 5.
2026-08-03 01:16:02,519 [ERROR] LogOutputStream:75 - [STDERR_REDIRECT] 
2026-08-03 01:16:02,520 [ERROR] LogOutputStream:75 - [STDERR_REDIRECT] Aug 03, 2026 1:16:02 AM java.util.prefs.FileSystemPreferences syncWorld
2026-08-03 01:16:02,520 [ERROR] LogOutputStream:75 - [STDERR_REDIRECT] WARNING: Couldn't flush system prefs: java.util.prefs.BackingStoreException: Couldn't get file lock.
2026-08-03 01:16:02,520 [ERROR] LogOutputStream:75 - [STDERR_REDIRECT] 
2026-08-03 01:16:32,519 [ERROR] LogOutputStream:75 - [STDERR_REDIRECT] Aug 03, 2026 1:16:32 AM java.util.prefs.FileSystemPreferences checkLockFile0ErrorCode
2026-08-03 01:16:32,519 [ERROR] LogOutputStream:75 - [STDERR_REDIRECT] WARNING: Could not lock System prefs. Unix error code 5.
2026-08-03 01:16:32,519 [ERROR] LogOutputStream:75 - [STDERR_REDIRECT] 
2026-08-03 01:16:32,519 [ERROR] LogOutputStream:75 - [STDERR_REDIRECT] Aug 03, 2026 1:16:32 AM java.util.prefs.FileSystemPreferences syncWorld
2026-08-03 01:16:32,519 [ERROR] LogOutputStream:75 - [STDERR_REDIRECT] WARNING: Couldn't flush system prefs: java.util.prefs.BackingStoreException: Couldn't get file lock.
2026-08-03 01:16:32,519 [ERROR] LogOutputStream:75 - [STDERR_REDIRECT] 
2026-08-03 01:17:02,519 [ERROR] LogOutputStream:75 - [STDERR_REDIRECT] Aug 03, 2026 1:17:02 AM java.util.prefs.FileSystemPreferences checkLockFile0ErrorCode
2026-08-03 01:17:02,519 [ERROR] LogOutputStream:75 - [STDERR_REDIRECT] WARNING: Could not lock System prefs. Unix error code 5.
2026-08-03 01:17:02,519 [ERROR] LogOutputStream:75 - [STDERR_REDIRECT] 
2026-08-03 01:17:02,520 [ERROR] LogOutputStream:75 - [STDERR_REDIRECT] Aug 03, 2026 1:17:02 AM java.util.prefs.FileSystemPreferences syncWorld
2026-08-03 01:17:02,520 [ERROR] LogOutputStream:75 - [STDERR_REDIRECT] WARNING: Couldn't flush system prefs: java.util.prefs.BackingStoreException: Couldn't get file lock.
2026-08-03 01:17:02,520 [ERROR] LogOutputStream:75 - [STDERR_REDIRECT] 
2026-08-03 01:17:32,520 [ERROR] LogOutputStream:75 - [STDERR_REDIRECT] Aug 03, 2026 1:17:32 AM java.util.prefs.FileSystemPreferences checkLockFile0ErrorCode
2026-08-03 01:17:32,520 [ERROR] LogOutputStream:75 - [STDERR_REDIRECT] WARNING: Could not lock System prefs. Unix error code 5.
2026-08-03 01:17:32,520 [ERROR] LogOutputStream:75 - [STDERR_REDIRECT] 
2026-08-03 01:17:32,520 [ERROR] LogOutputStream:75 - [STDERR_REDIRECT] Aug 03, 2026 1:17:32 AM java.util.prefs.FileSystemPreferences syncWorld
2026-08-03 01:17:32,520 [ERROR] LogOutputStream:75 - [STDERR_REDIRECT] WARNING: Couldn't flush system prefs: java.util.prefs.BackingStoreException: Couldn't get file lock.
2026-08-03 01:17:32,521 [ERROR] LogOutputStream:75 - [STDERR_REDIRECT] 
2026-08-03 01:18:02,518 [ERROR] LogOutputStream:75 - [STDERR_REDIRECT] Aug 03, 2026 1:18:02 AM java.util.prefs.FileSystemPreferences checkLockFile0ErrorCode
2026-08-03 01:18:02,519 [ERROR] LogOutputStream:75 - [STDERR_REDIRECT] WARNING: Could not lock System prefs. Unix error code 5.
2026-08-03 01:18:02,519 [ERROR] LogOutputStream:75 - [STDERR_REDIRECT] 
2026-08-03 01:18:02,519 [ERROR] LogOutputStream:75 - [STDERR_REDIRECT] Aug 03, 2026 1:18:02 AM java.util.prefs.FileSystemPreferences syncWorld
2026-08-03 01:18:02,519 [ERROR] LogOutputStream:75 - [STDERR_REDIRECT] WARNING: Couldn't flush system prefs: java.util.prefs.BackingStoreException: Couldn't get file lock.
2026-08-03 01:18:02,519 [ERROR] LogOutputStream:75 - [STDERR_REDIRECT] 
2026-08-03 01:18:32,519 [ERROR] LogOutputStream:75 - [STDERR_REDIRECT] Aug 03, 2026 1:18:32 AM java.util.prefs.FileSystemPreferences checkLockFile0ErrorCode
2026-08-03 01:18:32,519 [ERROR] LogOutputStream:75 - [STDERR_REDIRECT] WARNING: Could not lock System prefs. Unix error code 5.
2026-08-03 01:18:32,519 [ERROR] LogOutputStream:75 - [STDERR_REDIRECT] 
2026-08-03 01:18:32,519 [ERROR] LogOutputStream:75 - [STDERR_REDIRECT] Aug 03, 2026 1:18:32 AM java.util.prefs.FileSystemPreferences syncWorld
2026-08-03 01:18:32,519 [ERROR] LogOutputStream:75 - [STDERR_REDIRECT] WARNING: Couldn't flush system prefs: java.util.prefs.BackingStoreException: Couldn't get file lock.
2026-08-03 01:18:32,520 [ERROR] LogOutputStream:75 - [STDERR_REDIRECT] 
2026-08-03 01:19:02,519 [ERROR] LogOutputStream:75 - [STDERR_REDIRECT] Aug 03, 2026 1:19:02 AM java.util.prefs.FileSystemPreferences checkLockFile0ErrorCode
2026-08-03 01:19:02,519 [ERROR] LogOutputStream:75 - [STDERR_REDIRECT] WARNING: Could not lock System prefs. Unix error code 5.
2026-08-03 01:19:02,520 [ERROR] LogOutputStream:75 - [STDERR_REDIRECT] 
2026-08-03 01:19:02,520 [ERROR] LogOutputStream:75 - [STDERR_REDIRECT] Aug 03, 2026 1:19:02 AM java.util.prefs.FileSystemPreferences syncWorld
2026-08-03 01:19:02,520 [ERROR] LogOutputStream:75 - [STDERR_REDIRECT] WARNING: Couldn't flush system prefs: java.util.prefs.BackingStoreException: Couldn't get file lock.
2026-08-03 01:19:02,520 [ERROR] LogOutputStream:75 - [STDERR_REDIRECT] 
2026-08-03 01:19:32,520 [ERROR] LogOutputStream:75 - [STDERR_REDIRECT] Aug 03, 2026 1:19:32 AM java.util.prefs.FileSystemPreferences checkLockFile0ErrorCode
2026-08-03 01:19:32,520 [ERROR] LogOutputStream:75 - [STDERR_REDIRECT] WARNING: Could not lock System prefs. Unix error code 5.
2026-08-03 01:19:32,520 [ERROR] LogOutputStream:75 - [STDERR_REDIRECT] 
2026-08-03 01:19:32,520 [ERROR] LogOutputStream:75 - [STDERR_REDIRECT] Aug 03, 2026 1:19:32 AM java.util.prefs.FileSystemPreferences syncWorld
2026-08-03 01:19:32,520 [ERROR] LogOutputStream:75 - [STDERR_REDIRECT] WARNING: Couldn't flush system prefs: java.util.prefs.BackingStoreException: Couldn't get file lock.
2026-08-03 01:19:32,520 [ERROR] LogOutputStream:75 - [STDERR_REDIRECT] 
2026-08-03 01:20:02,520 [ERROR] LogOutputStream:75 - [STDERR_REDIRECT] Aug 03, 2026 1:20:02 AM java.util.prefs.FileSystemPreferences checkLockFile0ErrorCode
2026-08-03 01:20:02,520 [ERROR] LogOutputStream:75 - [STDERR_REDIRECT] WARNING: Could not lock System prefs. Unix error code 5.
2026-08-03 01:20:02,520 [ERROR] LogOutputStream:75 - [STDERR_REDIRECT] 
2026-08-03 01:20:02,521 [ERROR] LogOutputStream:75 - [STDERR_REDIRECT] Aug 03, 2026 1:20:02 AM java.util.prefs.FileSystemPreferences syncWorld
2026-08-03 01:20:02,521 [ERROR] LogOutputStream:75 - [STDERR_REDIRECT] WARNING: Couldn't flush system prefs: java.util.prefs.BackingStoreException: Couldn't get file lock.
2026-08-03 01:20:02,521 [ERROR] LogOutputStream:75 - [STDERR_REDIRECT] 
2026-08-03 01:20:32,520 [ERROR] LogOutputStream:75 - [STDERR_REDIRECT] Aug 03, 2026 1:20:32 AM java.util.prefs.FileSystemPreferences checkLockFile0ErrorCode
2026-08-03 01:20:32,521 [ERROR] LogOutputStream:75 - [STDERR_REDIRECT] WARNING: Could not lock System prefs. Unix error code 5.
2026-08-03 01:20:32,521 [ERROR] LogOutputStream:75 - [STDERR_REDIRECT] 
2026-08-03 01:20:32,521 [ERROR] LogOutputStream:75 - [STDERR_REDIRECT] Aug 03, 2026 1:20:32 AM java.util.prefs.FileSystemPreferences syncWorld
2026-08-03 01:20:32,521 [ERROR] LogOutputStream:75 - [STDERR_REDIRECT] WARNING: Couldn't flush system prefs: java.util.prefs.BackingStoreException: Couldn't get file lock.
2026-08-03 01:20:32,521 [ERROR] LogOutputStream:75 - [STDERR_REDIRECT] 
2026-08-03 01:21:02,522 [ERROR] LogOutputStream:75 - [STDERR_REDIRECT] Aug 03, 2026 1:21:02 AM java.util.prefs.FileSystemPreferences checkLockFile0ErrorCode
2026-08-03 01:21:02,522 [ERROR] LogOutputStream:75 - [STDERR_REDIRECT] WARNING: Could not lock System prefs. Unix error code 5.
2026-08-03 01:21:02,522 [ERROR] LogOutputStream:75 - [STDERR_REDIRECT] 
2026-08-03 01:21:02,522 [ERROR] LogOutputStream:75 - [STDERR_REDIRECT] Aug 03, 2026 1:21:02 AM java.util.prefs.FileSystemPreferences syncWorld
2026-08-03 01:21:02,522 [ERROR] LogOutputStream:75 - [STDERR_REDIRECT] WARNING: Couldn't flush system prefs: java.util.prefs.BackingStoreException: Couldn't get file lock.
2026-08-03 01:21:02,522 [ERROR] LogOutputStream:75 - [STDERR_REDIRECT] 
2026-08-03 01:21:32,521 [ERROR] LogOutputStream:75 - [STDERR_REDIRECT] Aug 03, 2026 1:21:32 AM java.util.prefs.FileSystemPreferences checkLockFile0ErrorCode
2026-08-03 01:21:32,521 [ERROR] LogOutputStream:75 - [STDERR_REDIRECT] WARNING: Could not lock System prefs. Unix error code 5.
2026-08-03 01:21:32,521 [ERROR] LogOutputStream:75 - [STDERR_REDIRECT] 
2026-08-03 01:21:32,521 [ERROR] LogOutputStream:75 - [STDERR_REDIRECT] Aug 03, 2026 1:21:32 AM java.util.prefs.FileSystemPreferences syncWorld
2026-08-03 01:21:32,521 [ERROR] LogOutputStream:75 - [STDERR_REDIRECT] WARNING: Couldn't flush system prefs: java.util.prefs.BackingStoreException: Couldn't get file lock.
2026-08-03 01:21:32,522 [ERROR] LogOutputStream:75 - [STDERR_REDIRECT] 
2026-08-03 01:22:02,520 [ERROR] LogOutputStream:75 - [STDERR_REDIRECT] Aug 03, 2026 1:22:02 AM java.util.prefs.FileSystemPreferences checkLockFile0ErrorCode
2026-08-03 01:22:02,521 [ERROR] LogOutputStream:75 - [STDERR_REDIRECT] WARNING: Could not lock System prefs. Unix error code 5.
2026-08-03 01:22:02,521 [ERROR] LogOutputStream:75 - [STDERR_REDIRECT] 
2026-08-03 01:22:02,521 [ERROR] LogOutputStream:75 - [STDERR_REDIRECT] Aug 03, 2026 1:22:02 AM java.util.prefs.FileSystemPreferences syncWorld
2026-08-03 01:22:02,521 [ERROR] LogOutputStream:75 - [STDERR_REDIRECT] WARNING: Couldn't flush system prefs: java.util.prefs.BackingStoreException: Couldn't get file lock.
2026-08-03 01:22:02,521 [ERROR] LogOutputStream:75 - [STDERR_REDIRECT] 
2026-08-03 01:22:32,521 [ERROR] LogOutputStream:75 - [STDERR_REDIRECT] Aug 03, 2026 1:22:32 AM java.util.prefs.FileSystemPreferences checkLockFile0ErrorCode
2026-08-03 01:22:32,521 [ERROR] LogOutputStream:75 - [STDERR_REDIRECT] WARNING: Could not lock System prefs. Unix error code 5.
2026-08-03 01:22:32,521 [ERROR] LogOutputStream:75 - [STDERR_REDIRECT] 
2026-08-03 01:22:32,521 [ERROR] LogOutputStream:75 - [STDERR_REDIRECT] Aug 03, 2026 1:22:32 AM java.util.prefs.FileSystemPreferences syncWorld
2026-08-03 01:22:32,522 [ERROR] LogOutputStream:75 - [STDERR_REDIRECT] WARNING: Couldn't flush system prefs: java.util.prefs.BackingStoreException: Couldn't get file lock.
2026-08-03 01:22:32,522 [ERROR] LogOutputStream:75 - [STDERR_REDIRECT] 
2026-08-03 01:23:02,520 [ERROR] LogOutputStream:75 - [STDERR_REDIRECT] Aug 03, 2026 1:23:02 AM java.util.prefs.FileSystemPreferences checkLockFile0ErrorCode
2026-08-03 01:23:02,520 [ERROR] LogOutputStream:75 - [STDERR_REDIRECT] WARNING: Could not lock System prefs. Unix error code 5.
2026-08-03 01:23:02,521 [ERROR] LogOutputStream:75 - [STDERR_REDIRECT] 
2026-08-03 01:23:02,521 [ERROR] LogOutputStream:75 - [STDERR_REDIRECT] Aug 03, 2026 1:23:02 AM java.util.prefs.FileSystemPreferences syncWorld
2026-08-03 01:23:02,521 [ERROR] LogOutputStream:75 - [STDERR_REDIRECT] WARNING: Couldn't flush system prefs: java.util.prefs.BackingStoreException: Couldn't get file lock.
2026-08-03 01:23:02,521 [ERROR] LogOutputStream:75 - [STDERR_REDIRECT] 
2026-08-03 01:23:32,521 [ERROR] LogOutputStream:75 - [STDERR_REDIRECT] Aug 03, 2026 1:23:32 AM java.util.prefs.FileSystemPreferences checkLockFile0ErrorCode
2026-08-03 01:23:32,521 [ERROR] LogOutputStream:75 - [STDERR_REDIRECT] WARNING: Could not lock System prefs. Unix error code 5.
2026-08-03 01:23:32,521 [ERROR] LogOutputStream:75 - [STDERR_REDIRECT] 
2026-08-03 01:23:32,521 [ERROR] LogOutputStream:75 - [STDERR_REDIRECT] Aug 03, 2026 1:23:32 AM java.util.prefs.FileSystemPreferences syncWorld
2026-08-03 01:23:32,521 [ERROR] LogOutputStream:75 - [STDERR_REDIRECT] WARNING: Couldn't flush system prefs: java.util.prefs.BackingStoreException: Couldn't get file lock.
2026-08-03 01:23:32,522 [ERROR] LogOutputStream:75 - [STDERR_REDIRECT] 
2026-08-03 01:24:02,521 [ERROR] LogOutputStream:75 - [STDERR_REDIRECT] Aug 03, 2026 1:24:02 AM java.util.prefs.FileSystemPreferences checkLockFile0ErrorCode
2026-08-03 01:24:02,521 [ERROR] LogOutputStream:75 - [STDERR_REDIRECT] WARNING: Could not lock System prefs. Unix error code 5.
2026-08-03 01:24:02,521 [ERROR] LogOutputStream:75 - [STDERR_REDIRECT] 
2026-08-03 01:24:02,521 [ERROR] LogOutputStream:75 - [STDERR_REDIRECT] Aug 03, 2026 1:24:02 AM java.util.prefs.FileSystemPreferences syncWorld
2026-08-03 01:24:02,521 [ERROR] LogOutputStream:75 - [STDERR_REDIRECT] WARNING: Couldn't flush system prefs: java.util.prefs.BackingStoreException: Couldn't get file lock.
2026-08-03 01:24:02,521 [ERROR] LogOutputStream:75 - [STDERR_REDIRECT] 
2026-08-03 01:24:32,521 [ERROR] LogOutputStream:75 - [STDERR_REDIRECT] Aug 03, 2026 1:24:32 AM java.util.prefs.FileSystemPreferences checkLockFile0ErrorCode
2026-08-03 01:24:32,521 [ERROR] LogOutputStream:75 - [STDERR_REDIRECT] WARNING: Could not lock System prefs. Unix error code 5.
2026-08-03 01:24:32,521 [ERROR] LogOutputStream:75 - [STDERR_REDIRECT] 
2026-08-03 01:24:32,522 [ERROR] LogOutputStream:75 - [STDERR_REDIRECT] Aug 03, 2026 1:24:32 AM java.util.prefs.FileSystemPreferences syncWorld
2026-08-03 01:24:32,522 [ERROR] LogOutputStream:75 - [STDERR_REDIRECT] WARNING: Couldn't flush system prefs: java.util.prefs.BackingStoreException: Couldn't get file lock.
2026-08-03 01:24:32,522 [ERROR] LogOutputStream:75 - [STDERR_REDIRECT] 
2026-08-03 01:25:02,522 [ERROR] LogOutputStream:75 - [STDERR_REDIRECT] Aug 03, 2026 1:25:02 AM java.util.prefs.FileSystemPreferences checkLockFile0ErrorCode
2026-08-03 01:25:02,522 [ERROR] LogOutputStream:75 - [STDERR_REDIRECT] WARNING: Could not lock System prefs. Unix error code 5.
2026-08-03 01:25:02,522 [ERROR] LogOutputStream:75 - [STDERR_REDIRECT] 
2026-08-03 01:25:02,522 [ERROR] LogOutputStream:75 - [STDERR_REDIRECT] Aug 03, 2026 1:25:02 AM java.util.prefs.FileSystemPreferences syncWorld
2026-08-03 01:25:02,523 [ERROR] LogOutputStream:75 - [STDERR_REDIRECT] WARNING: Couldn't flush system prefs: java.util.prefs.BackingStoreException: Couldn't get file lock.
2026-08-03 01:25:02,523 [ERROR] LogOutputStream:75 - [STDERR_REDIRECT] 
2026-08-03 01:25:32,521 [ERROR] LogOutputStream:75 - [STDERR_REDIRECT] Aug 03, 2026 1:25:32 AM java.util.prefs.FileSystemPreferences checkLockFile0ErrorCode
2026-08-03 01:25:32,521 [ERROR] LogOutputStream:75 - [STDERR_REDIRECT] WARNING: Could not lock System prefs. Unix error code 5.
2026-08-03 01:25:32,521 [ERROR] LogOutputStream:75 - [STDERR_REDIRECT] 
2026-08-03 01:25:32,522 [ERROR] LogOutputStream:75 - [STDERR_REDIRECT] Aug 03, 2026 1:25:32 AM java.util.prefs.FileSystemPreferences syncWorld
2026-08-03 01:25:32,522 [ERROR] LogOutputStream:75 - [STDERR_REDIRECT] WARNING: Couldn't flush system prefs: java.util.prefs.BackingStoreException: Couldn't get file lock.
2026-08-03 01:25:32,522 [ERROR] LogOutputStream:75 - [STDERR_REDIRECT] 
2026-08-03 01:26:02,522 [ERROR] LogOutputStream:75 - [STDERR_REDIRECT] Aug 03, 2026 1:26:02 AM java.util.prefs.FileSystemPreferences checkLockFile0ErrorCode
2026-08-03 01:26:02,522 [ERROR] LogOutputStream:75 - [STDERR_REDIRECT] WARNING: Could not lock System prefs. Unix error code 5.
2026-08-03 01:26:02,522 [ERROR] LogOutputStream:75 - [STDERR_REDIRECT] 
2026-08-03 01:26:02,522 [ERROR] LogOutputStream:75 - [STDERR_REDIRECT] Aug 03, 2026 1:26:02 AM java.util.prefs.FileSystemPreferences syncWorld
2026-08-03 01:26:02,522 [ERROR] LogOutputStream:75 - [STDERR_REDIRECT] WARNING: Couldn't flush system prefs: java.util.prefs.BackingStoreException: Couldn't get file lock.
2026-08-03 01:26:02,522 [ERROR] LogOutputStream:75 - [STDERR_REDIRECT] 
2026-08-03 01:26:32,523 [ERROR] LogOutputStream:75 - [STDERR_REDIRECT] Aug 03, 2026 1:26:32 AM java.util.prefs.FileSystemPreferences checkLockFile0ErrorCode
2026-08-03 01:26:32,523 [ERROR] LogOutputStream:75 - [STDERR_REDIRECT] WARNING: Could not lock System prefs. Unix error code 5.
2026-08-03 01:26:32,523 [ERROR] LogOutputStream:75 - [STDERR_REDIRECT] 
2026-08-03 01:26:32,523 [ERROR] LogOutputStream:75 - [STDERR_REDIRECT] Aug 03, 2026 1:26:32 AM java.util.prefs.FileSystemPreferences syncWorld
2026-08-03 01:26:32,523 [ERROR] LogOutputStream:75 - [STDERR_REDIRECT] WARNING: Couldn't flush system prefs: java.util.prefs.BackingStoreException: Couldn't get file lock.
2026-08-03 01:26:32,524 [ERROR] LogOutputStream:75 - [STDERR_REDIRECT] 
2026-08-03 01:27:02,522 [ERROR] LogOutputStream:75 - [STDERR_REDIRECT] Aug 03, 2026 1:27:02 AM java.util.prefs.FileSystemPreferences checkLockFile0ErrorCode
2026-08-03 01:27:02,522 [ERROR] LogOutputStream:75 - [STDERR_REDIRECT] WARNING: Could not lock System prefs. Unix error code 5.
2026-08-03 01:27:02,522 [ERROR] LogOutputStream:75 - [STDERR_REDIRECT] 
2026-08-03 01:27:02,522 [ERROR] LogOutputStream:75 - [STDERR_REDIRECT] Aug 03, 2026 1:27:02 AM java.util.prefs.FileSystemPreferences syncWorld
2026-08-03 01:27:02,522 [ERROR] LogOutputStream:75 - [STDERR_REDIRECT] WARNING: Couldn't flush system prefs: java.util.prefs.BackingStoreException: Couldn't get file lock.
2026-08-03 01:27:02,523 [ERROR] LogOutputStream:75 - [STDERR_REDIRECT] 
2026-08-03 01:27:32,522 [ERROR] LogOutputStream:75 - [STDERR_REDIRECT] Aug 03, 2026 1:27:32 AM java.util.prefs.FileSystemPreferences checkLockFile0ErrorCode
2026-08-03 01:27:32,522 [ERROR] LogOutputStream:75 - [STDERR_REDIRECT] WARNING: Could not lock System prefs. Unix error code 5.
2026-08-03 01:27:32,523 [ERROR] LogOutputStream:75 - [STDERR_REDIRECT] 
2026-08-03 01:27:32,523 [ERROR] LogOutputStream:75 - [STDERR_REDIRECT] Aug 03, 2026 1:27:32 AM java.util.prefs.FileSystemPreferences syncWorld
2026-08-03 01:27:32,523 [ERROR] LogOutputStream:75 - [STDERR_REDIRECT] WARNING: Couldn't flush system prefs: java.util.prefs.BackingStoreException: Couldn't get file lock.
2026-08-03 01:27:32,523 [ERROR] LogOutputStream:75 - [STDERR_REDIRECT] 
2026-08-03 01:28:02,523 [ERROR] LogOutputStream:75 - [STDERR_REDIRECT] Aug 03, 2026 1:28:02 AM java.util.prefs.FileSystemPreferences checkLockFile0ErrorCode
2026-08-03 01:28:02,523 [ERROR] LogOutputStream:75 - [STDERR_REDIRECT] WARNING: Could not lock System prefs. Unix error code 5.
2026-08-03 01:28:02,523 [ERROR] LogOutputStream:75 - [STDERR_REDIRECT] 
2026-08-03 01:28:02,523 [ERROR] LogOutputStream:75 - [STDERR_REDIRECT] Aug 03, 2026 1:28:02 AM java.util.prefs.FileSystemPreferences syncWorld
2026-08-03 01:28:02,523 [ERROR] LogOutputStream:75 - [STDERR_REDIRECT] WARNING: Couldn't flush system prefs: java.util.prefs.BackingStoreException: Couldn't get file lock.
2026-08-03 01:28:02,523 [ERROR] LogOutputStream:75 - [STDERR_REDIRECT] 
2026-08-03 01:28:32,523 [ERROR] LogOutputStream:75 - [STDERR_REDIRECT] Aug 03, 2026 1:28:32 AM java.util.prefs.FileSystemPreferences checkLockFile0ErrorCode
2026-08-03 01:28:32,524 [ERROR] LogOutputStream:75 - [STDERR_REDIRECT] WARNING: Could not lock System prefs. Unix error code 5.
2026-08-03 01:28:32,524 [ERROR] LogOutputStream:75 - [STDERR_REDIRECT] 
2026-08-03 01:28:32,524 [ERROR] LogOutputStream:75 - [STDERR_REDIRECT] Aug 03, 2026 1:28:32 AM java.util.prefs.FileSystemPreferences syncWorld
2026-08-03 01:28:32,524 [ERROR] LogOutputStream:75 - [STDERR_REDIRECT] WARNING: Couldn't flush system prefs: java.util.prefs.BackingStoreException: Couldn't get file lock.
2026-08-03 01:28:32,524 [ERROR] LogOutputStream:75 - [STDERR_REDIRECT] 
2026-08-03 01:29:02,524 [ERROR] LogOutputStream:75 - [STDERR_REDIRECT] Aug 03, 2026 1:29:02 AM java.util.prefs.FileSystemPreferences checkLockFile0ErrorCode
2026-08-03 01:29:02,524 [ERROR] LogOutputStream:75 - [STDERR_REDIRECT] WARNING: Could not lock System prefs. Unix error code 5.
2026-08-03 01:29:02,524 [ERROR] LogOutputStream:75 - [STDERR_REDIRECT] 
2026-08-03 01:29:02,524 [ERROR] LogOutputStream:75 - [STDERR_REDIRECT] Aug 03, 2026 1:29:02 AM java.util.prefs.FileSystemPreferences syncWorld
2026-08-03 01:29:02,525 [ERROR] LogOutputStream:75 - [STDERR_REDIRECT] WARNING: Couldn't flush system prefs: java.util.prefs.BackingStoreException: Couldn't get file lock.
2026-08-03 01:29:02,525 [ERROR] LogOutputStream:75 - [STDERR_REDIRECT] 
2026-08-03 01:29:32,524 [ERROR] LogOutputStream:75 - [STDERR_REDIRECT] Aug 03, 2026 1:29:32 AM java.util.prefs.FileSystemPreferences checkLockFile0ErrorCode
2026-08-03 01:29:32,524 [ERROR] LogOutputStream:75 - [STDERR_REDIRECT] WARNING: Could not lock System prefs. Unix error code 5.
2026-08-03 01:29:32,524 [ERROR] LogOutputStream:75 - [STDERR_REDIRECT] 
2026-08-03 01:29:32,524 [ERROR] LogOutputStream:75 - [STDERR_REDIRECT] Aug 03, 2026 1:29:32 AM java.util.prefs.FileSystemPreferences syncWorld
2026-08-03 01:29:32,524 [ERROR] LogOutputStream:75 - [STDERR_REDIRECT] WARNING: Couldn't flush system prefs: java.util.prefs.BackingStoreException: Couldn't get file lock.
2026-08-03 01:29:32,524 [ERROR] LogOutputStream:75 - [STDERR_REDIRECT] 
2026-08-03 01:30:02,526 [ERROR] LogOutputStream:75 - [STDERR_REDIRECT] Aug 03, 2026 1:30:02 AM java.util.prefs.FileSystemPreferences checkLockFile0ErrorCode
2026-08-03 01:30:02,527 [ERROR] LogOutputStream:75 - [STDERR_REDIRECT] WARNING: Could not lock System prefs. Unix error code 5.
2026-08-03 01:30:02,527 [ERROR] LogOutputStream:75 - [STDERR_REDIRECT] 
2026-08-03 01:30:02,528 [ERROR] LogOutputStream:75 - [STDERR_REDIRECT] Aug 03, 2026 1:30:02 AM java.util.prefs.FileSystemPreferences syncWorld
2026-08-03 01:30:02,528 [ERROR] LogOutputStream:75 - [STDERR_REDIRECT] WARNING: Couldn't flush system prefs: java.util.prefs.BackingStoreException: Couldn't get file lock.
2026-08-03 01:30:02,528 [ERROR] LogOutputStream:75 - [STDERR_REDIRECT] 
2026-08-03 01:30:32,524 [ERROR] LogOutputStream:75 - [STDERR_REDIRECT] Aug 03, 2026 1:30:32 AM java.util.prefs.FileSystemPreferences checkLockFile0ErrorCode
2026-08-03 01:30:32,525 [ERROR] LogOutputStream:75 - [STDERR_REDIRECT] WARNING: Could not lock System prefs. Unix error code 5.
2026-08-03 01:30:32,525 [ERROR] LogOutputStream:75 - [STDERR_REDIRECT] 
2026-08-03 01:30:32,525 [ERROR] LogOutputStream:75 - [STDERR_REDIRECT] Aug 03, 2026 1:30:32 AM java.util.prefs.FileSystemPreferences syncWorld
2026-08-03 01:30:32,525 [ERROR] LogOutputStream:75 - [STDERR_REDIRECT] WARNING: Couldn't flush system prefs: java.util.prefs.BackingStoreException: Couldn't get file lock.
2026-08-03 01:30:32,525 [ERROR] LogOutputStream:75 - [STDERR_REDIRECT] 
2026-08-03 01:31:02,525 [ERROR] LogOutputStream:75 - [STDERR_REDIRECT] Aug 03, 2026 1:31:02 AM java.util.prefs.FileSystemPreferences checkLockFile0ErrorCode
2026-08-03 01:31:02,525 [ERROR] LogOutputStream:75 - [STDERR_REDIRECT] WARNING: Could not lock System prefs. Unix error code 5.
2026-08-03 01:31:02,525 [ERROR] LogOutputStream:75 - [STDERR_REDIRECT] 
2026-08-03 01:31:02,525 [ERROR] LogOutputStream:75 - [STDERR_REDIRECT] Aug 03, 2026 1:31:02 AM java.util.prefs.FileSystemPreferences syncWorld
2026-08-03 01:31:02,526 [ERROR] LogOutputStream:75 - [STDERR_REDIRECT] WARNING: Couldn't flush system prefs: java.util.prefs.BackingStoreException: Couldn't get file lock.
2026-08-03 01:31:02,526 [ERROR] LogOutputStream:75 - [STDERR_REDIRECT] 
2026-08-03 01:31:32,525 [ERROR] LogOutputStream:75 - [STDERR_REDIRECT] Aug 03, 2026 1:31:32 AM java.util.prefs.FileSystemPreferences checkLockFile0ErrorCode
2026-08-03 01:31:32,525 [ERROR] LogOutputStream:75 - [STDERR_REDIRECT] WARNING: Could not lock System prefs. Unix error code 5.
2026-08-03 01:31:32,525 [ERROR] LogOutputStream:75 - [STDERR_REDIRECT] 
2026-08-03 01:31:32,525 [ERROR] LogOutputStream:75 - [STDERR_REDIRECT] Aug 03, 2026 1:31:32 AM java.util.prefs.FileSystemPreferences syncWorld
2026-08-03 01:31:32,525 [ERROR] LogOutputStream:75 - [STDERR_REDIRECT] WARNING: Couldn't flush system prefs: java.util.prefs.BackingStoreException: Couldn't get file lock.
2026-08-03 01:31:32,525 [ERROR] LogOutputStream:75 - [STDERR_REDIRECT] 
2026-08-03 01:32:02,525 [ERROR] LogOutputStream:75 - [STDERR_REDIRECT] Aug 03, 2026 1:32:02 AM java.util.prefs.FileSystemPreferences checkLockFile0ErrorCode
2026-08-03 01:32:02,525 [ERROR] LogOutputStream:75 - [STDERR_REDIRECT] WARNING: Could not lock System prefs. Unix error code 5.
2026-08-03 01:32:02,525 [ERROR] LogOutputStream:75 - [STDERR_REDIRECT] 
2026-08-03 01:32:02,525 [ERROR] LogOutputStream:75 - [STDERR_REDIRECT] Aug 03, 2026 1:32:02 AM java.util.prefs.FileSystemPreferences syncWorld
2026-08-03 01:32:02,525 [ERROR] LogOutputStream:75 - [STDERR_REDIRECT] WARNING: Couldn't flush system prefs: java.util.prefs.BackingStoreException: Couldn't get file lock.
2026-08-03 01:32:02,525 [ERROR] LogOutputStream:75 - [STDERR_REDIRECT] 
2026-08-03 01:32:32,525 [ERROR] LogOutputStream:75 - [STDERR_REDIRECT] Aug 03, 2026 1:32:32 AM java.util.prefs.FileSystemPreferences checkLockFile0ErrorCode
2026-08-03 01:32:32,525 [ERROR] LogOutputStream:75 - [STDERR_REDIRECT] WARNING: Could not lock System prefs. Unix error code 5.
2026-08-03 01:32:32,525 [ERROR] LogOutputStream:75 - [STDERR_REDIRECT] 
2026-08-03 01:32:32,525 [ERROR] LogOutputStream:75 - [STDERR_REDIRECT] Aug 03, 2026 1:32:32 AM java.util.prefs.FileSystemPreferences syncWorld
2026-08-03 01:32:32,525 [ERROR] LogOutputStream:75 - [STDERR_REDIRECT] WARNING: Couldn't flush system prefs: java.util.prefs.BackingStoreException: Couldn't get file lock.
2026-08-03 01:32:32,526 [ERROR] LogOutputStream:75 - [STDERR_REDIRECT] 
2026-08-03 01:33:02,526 [ERROR] LogOutputStream:75 - [STDERR_REDIRECT] Aug 03, 2026 1:33:02 AM java.util.prefs.FileSystemPreferences checkLockFile0ErrorCode
2026-08-03 01:33:02,526 [ERROR] LogOutputStream:75 - [STDERR_REDIRECT] WARNING: Could not lock System prefs. Unix error code 5.
2026-08-03 01:33:02,526 [ERROR] LogOutputStream:75 - [STDERR_REDIRECT] 
2026-08-03 01:33:02,526 [ERROR] LogOutputStream:75 - [STDERR_REDIRECT] Aug 03, 2026 1:33:02 AM java.util.prefs.FileSystemPreferences syncWorld
2026-08-03 01:33:02,526 [ERROR] LogOutputStream:75 - [STDERR_REDIRECT] WARNING: Couldn't flush system prefs: java.util.prefs.BackingStoreException: Couldn't get file lock.
2026-08-03 01:33:02,526 [ERROR] LogOutputStream:75 - [STDERR_REDIRECT] 
2026-08-03 01:33:32,527 [ERROR] LogOutputStream:75 - [STDERR_REDIRECT] Aug 03, 2026 1:33:32 AM java.util.prefs.FileSystemPreferences checkLockFile0ErrorCode
2026-08-03 01:33:32,527 [ERROR] LogOutputStream:75 - [STDERR_REDIRECT] WARNING: Could not lock System prefs. Unix error code 5.
2026-08-03 01:33:32,527 [ERROR] LogOutputStream:75 - [STDERR_REDIRECT] 
2026-08-03 01:33:32,527 [ERROR] LogOutputStream:75 - [STDERR_REDIRECT] Aug 03, 2026 1:33:32 AM java.util.prefs.FileSystemPreferences syncWorld
2026-08-03 01:33:32,527 [ERROR] LogOutputStream:75 - [STDERR_REDIRECT] WARNING: Couldn't flush system prefs: java.util.prefs.BackingStoreException: Couldn't get file lock.
2026-08-03 01:33:32,527 [ERROR] LogOutputStream:75 - [STDERR_REDIRECT] 
2026-08-03 01:34:02,526 [ERROR] LogOutputStream:75 - [STDERR_REDIRECT] Aug 03, 2026 1:34:02 AM java.util.prefs.FileSystemPreferences checkLockFile0ErrorCode
2026-08-03 01:34:02,526 [ERROR] LogOutputStream:75 - [STDERR_REDIRECT] WARNING: Could not lock System prefs. Unix error code 5.
2026-08-03 01:34:02,526 [ERROR] LogOutputStream:75 - [STDERR_REDIRECT] 
2026-08-03 01:34:02,526 [ERROR] LogOutputStream:75 - [STDERR_REDIRECT] Aug 03, 2026 1:34:02 AM java.util.prefs.FileSystemPreferences syncWorld
2026-08-03 01:34:02,527 [ERROR] LogOutputStream:75 - [STDERR_REDIRECT] WARNING: Couldn't flush system prefs: java.util.prefs.BackingStoreException: Couldn't get file lock.
2026-08-03 01:34:02,527 [ERROR] LogOutputStream:75 - [STDERR_REDIRECT] 
2026-08-03 01:34:32,526 [ERROR] LogOutputStream:75 - [STDERR_REDIRECT] Aug 03, 2026 1:34:32 AM java.util.prefs.FileSystemPreferences checkLockFile0ErrorCode
2026-08-03 01:34:32,526 [ERROR] LogOutputStream:75 - [STDERR_REDIRECT] WARNING: Could not lock System prefs. Unix error code 5.
2026-08-03 01:34:32,526 [ERROR] LogOutputStream:75 - [STDERR_REDIRECT] 
2026-08-03 01:34:32,526 [ERROR] LogOutputStream:75 - [STDERR_REDIRECT] Aug 03, 2026 1:34:32 AM java.util.prefs.FileSystemPreferences syncWorld
2026-08-03 01:34:32,526 [ERROR] LogOutputStream:75 - [STDERR_REDIRECT] WARNING: Couldn't flush system prefs: java.util.prefs.BackingStoreException: Couldn't get file lock.
2026-08-03 01:34:32,527 [ERROR] LogOutputStream:75 - [STDERR_REDIRECT] 
2026-08-03 01:35:02,525 [ERROR] LogOutputStream:75 - [STDERR_REDIRECT] Aug 03, 2026 1:35:02 AM java.util.prefs.FileSystemPreferences checkLockFile0ErrorCode
2026-08-03 01:35:02,525 [ERROR] LogOutputStream:75 - [STDERR_REDIRECT] WARNING: Could not lock System prefs. Unix error code 5.
2026-08-03 01:35:02,525 [ERROR] LogOutputStream:75 - [STDERR_REDIRECT] 
2026-08-03 01:35:02,526 [ERROR] LogOutputStream:75 - [STDERR_REDIRECT] Aug 03, 2026 1:35:02 AM java.util.prefs.FileSystemPreferences syncWorld
2026-08-03 01:35:02,526 [ERROR] LogOutputStream:75 - [STDERR_REDIRECT] WARNING: Couldn't flush system prefs: java.util.prefs.BackingStoreException: Couldn't get file lock.
2026-08-03 01:35:02,526 [ERROR] LogOutputStream:75 - [STDERR_REDIRECT] 
2026-08-03 01:35:32,527 [ERROR] LogOutputStream:75 - [STDERR_REDIRECT] Aug 03, 2026 1:35:32 AM java.util.prefs.FileSystemPreferences checkLockFile0ErrorCode
2026-08-03 01:35:32,527 [ERROR] LogOutputStream:75 - [STDERR_REDIRECT] WARNING: Could not lock System prefs. Unix error code 5.
2026-08-03 01:35:32,528 [ERROR] LogOutputStream:75 - [STDERR_REDIRECT] 
2026-08-03 01:35:32,528 [ERROR] LogOutputStream:75 - [STDERR_REDIRECT] Aug 03, 2026 1:35:32 AM java.util.prefs.FileSystemPreferences syncWorld
2026-08-03 01:35:32,528 [ERROR] LogOutputStream:75 - [STDERR_REDIRECT] WARNING: Couldn't flush system prefs: java.util.prefs.BackingStoreException: Couldn't get file lock.
2026-08-03 01:35:32,528 [ERROR] LogOutputStream:75 - [STDERR_REDIRECT] 
2026-08-03 01:36:02,526 [ERROR] LogOutputStream:75 - [STDERR_REDIRECT] Aug 03, 2026 1:36:02 AM java.util.prefs.FileSystemPreferences checkLockFile0ErrorCode
2026-08-03 01:36:02,526 [ERROR] LogOutputStream:75 - [STDERR_REDIRECT] WARNING: Could not lock System prefs. Unix error code 5.
2026-08-03 01:36:02,526 [ERROR] LogOutputStream:75 - [STDERR_REDIRECT] 
2026-08-03 01:36:02,526 [ERROR] LogOutputStream:75 - [STDERR_REDIRECT] Aug 03, 2026 1:36:02 AM java.util.prefs.FileSystemPreferences syncWorld
2026-08-03 01:36:02,526 [ERROR] LogOutputStream:75 - [STDERR_REDIRECT] WARNING: Couldn't flush system prefs: java.util.prefs.BackingStoreException: Couldn't get file lock.
2026-08-03 01:36:02,526 [ERROR] LogOutputStream:75 - [STDERR_REDIRECT] 
2026-08-03 01:36:32,526 [ERROR] LogOutputStream:75 - [STDERR_REDIRECT] Aug 03, 2026 1:36:32 AM java.util.prefs.FileSystemPreferences checkLockFile0ErrorCode
2026-08-03 01:36:32,526 [ERROR] LogOutputStream:75 - [STDERR_REDIRECT] WARNING: Could not lock System prefs. Unix error code 5.
2026-08-03 01:36:32,527 [ERROR] LogOutputStream:75 - [STDERR_REDIRECT] 
2026-08-03 01:36:32,527 [ERROR] LogOutputStream:75 - [STDERR_REDIRECT] Aug 03, 2026 1:36:32 AM java.util.prefs.FileSystemPreferences syncWorld
2026-08-03 01:36:32,527 [ERROR] LogOutputStream:75 - [STDERR_REDIRECT] WARNING: Couldn't flush system prefs: java.util.prefs.BackingStoreException: Couldn't get file lock.
2026-08-03 01:36:32,527 [ERROR] LogOutputStream:75 - [STDERR_REDIRECT] 
