2026-09-04 00:27:23,884 [ERROR] LogOutputStream:75 - [STDERR_REDIRECT] Sep 04, 2026 12:27:23 AM java.util.prefs.FileSystemPreferences checkLockFile0ErrorCode
2026-09-04 00:27:23,896 [ERROR] LogOutputStream:75 - [STDERR_REDIRECT] WARNING: Could not lock System prefs. Unix error code 31840.
2026-09-04 00:27:23,896 [ERROR] LogOutputStream:75 - [STDERR_REDIRECT] 
2026-09-04 00:27:23,896 [ERROR] LogOutputStream:75 - [STDERR_REDIRECT] Sep 04, 2026 12:27:23 AM java.util.prefs.FileSystemPreferences syncWorld
2026-09-04 00:27:23,896 [ERROR] LogOutputStream:75 - [STDERR_REDIRECT] WARNING: Couldn't flush system prefs: java.util.prefs.BackingStoreException: Couldn't get file lock.
2026-09-04 00:27:23,896 [ERROR] LogOutputStream:75 - [STDERR_REDIRECT] 
2026-09-04 00:27:53,885 [ERROR] LogOutputStream:75 - [STDERR_REDIRECT] Sep 04, 2026 12:27:53 AM java.util.prefs.FileSystemPreferences checkLockFile0ErrorCode
2026-09-04 00:27:53,886 [ERROR] LogOutputStream:75 - [STDERR_REDIRECT] WARNING: Could not lock System prefs. Unix error code 31840.
2026-09-04 00:27:53,886 [ERROR] LogOutputStream:75 - [STDERR_REDIRECT] 
2026-09-04 00:27:53,886 [ERROR] LogOutputStream:75 - [STDERR_REDIRECT] Sep 04, 2026 12:27:53 AM java.util.prefs.FileSystemPreferences syncWorld
2026-09-04 00:27:53,886 [ERROR] LogOutputStream:75 - [STDERR_REDIRECT] WARNING: Couldn't flush system prefs: java.util.prefs.BackingStoreException: Couldn't get file lock.
2026-09-04 00:27:53,886 [ERROR] LogOutputStream:75 - [STDERR_REDIRECT] 
2026-09-04 00:28:23,886 [ERROR] LogOutputStream:75 - [STDERR_REDIRECT] Sep 04, 2026 12:28:23 AM java.util.prefs.FileSystemPreferences checkLockFile0ErrorCode
2026-09-04 00:28:23,886 [ERROR] LogOutputStream:75 - [STDERR_REDIRECT] WARNING: Could not lock System prefs. Unix error code 31840.
2026-09-04 00:28:23,886 [ERROR] LogOutputStream:75 - [STDERR_REDIRECT] 
2026-09-04 00:28:23,886 [ERROR] LogOutputStream:75 - [STDERR_REDIRECT] Sep 04, 2026 12:28:23 AM java.util.prefs.FileSystemPreferences syncWorld
2026-09-04 00:28:23,886 [ERROR] LogOutputStream:75 - [STDERR_REDIRECT] WARNING: Couldn't flush system prefs: java.util.prefs.BackingStoreException: Couldn't get file lock.
2026-09-04 00:28:23,887 [ERROR] LogOutputStream:75 - [STDERR_REDIRECT] 
2026-09-04 00:28:53,885 [ERROR] LogOutputStream:75 - [STDERR_REDIRECT] Sep 04, 2026 12:28:53 AM java.util.prefs.FileSystemPreferences checkLockFile0ErrorCode
2026-09-04 00:28:53,885 [ERROR] LogOutputStream:75 - [STDERR_REDIRECT] WARNING: Could not lock System prefs. Unix error code 31840.
2026-09-04 00:28:53,885 [ERROR] LogOutputStream:75 - [STDERR_REDIRECT] 
2026-09-04 00:28:53,912 [ERROR] LogOutputStream:75 - [STDERR_REDIRECT] Sep 04, 2026 12:28:53 AM java.util.prefs.FileSystemPreferences syncWorld
2026-09-04 00:28:53,912 [ERROR] LogOutputStream:75 - [STDERR_REDIRECT] WARNING: Couldn't flush system prefs: java.util.prefs.BackingStoreException: Couldn't get file lock.
2026-09-04 00:28:53,912 [ERROR] LogOutputStream:75 - [STDERR_REDIRECT] 
2026-09-04 00:29:23,886 [ERROR] LogOutputStream:75 - [STDERR_REDIRECT] Sep 04, 2026 12:29:23 AM java.util.prefs.FileSystemPreferences checkLockFile0ErrorCode
2026-09-04 00:29:23,886 [ERROR] LogOutputStream:75 - [STDERR_REDIRECT] WARNING: Could not lock System prefs. Unix error code 31840.
2026-09-04 00:29:23,886 [ERROR] LogOutputStream:75 - [STDERR_REDIRECT] 
2026-09-04 00:29:23,887 [ERROR] LogOutputStream:75 - [STDERR_REDIRECT] Sep 04, 2026 12:29:23 AM java.util.prefs.FileSystemPreferences syncWorld
2026-09-04 00:29:23,887 [ERROR] LogOutputStream:75 - [STDERR_REDIRECT] WARNING: Couldn't flush system prefs: java.util.prefs.BackingStoreException: Couldn't get file lock.
2026-09-04 00:29:23,887 [ERROR] LogOutputStream:75 - [STDERR_REDIRECT] 
2026-09-04 00:29:53,885 [ERROR] LogOutputStream:75 - [STDERR_REDIRECT] Sep 04, 2026 12:29:53 AM java.util.prefs.FileSystemPreferences checkLockFile0ErrorCode
2026-09-04 00:29:53,885 [ERROR] LogOutputStream:75 - [STDERR_REDIRECT] WARNING: Could not lock System prefs. Unix error code 31840.
2026-09-04 00:29:53,886 [ERROR] LogOutputStream:75 - [STDERR_REDIRECT] 
2026-09-04 00:29:53,886 [ERROR] LogOutputStream:75 - [STDERR_REDIRECT] Sep 04, 2026 12:29:53 AM java.util.prefs.FileSystemPreferences syncWorld
2026-09-04 00:29:53,886 [ERROR] LogOutputStream:75 - [STDERR_REDIRECT] WARNING: Couldn't flush system prefs: java.util.prefs.BackingStoreException: Couldn't get file lock.
2026-09-04 00:29:53,886 [ERROR] LogOutputStream:75 - [STDERR_REDIRECT] 
2026-09-04 00:30:23,885 [ERROR] LogOutputStream:75 - [STDERR_REDIRECT] Sep 04, 2026 12:30:23 AM java.util.prefs.FileSystemPreferences checkLockFile0ErrorCode
2026-09-04 00:30:23,886 [ERROR] LogOutputStream:75 - [STDERR_REDIRECT] WARNING: Could not lock System prefs. Unix error code 31840.
2026-09-04 00:30:23,886 [ERROR] LogOutputStream:75 - [STDERR_REDIRECT] 
2026-09-04 00:30:23,886 [ERROR] LogOutputStream:75 - [STDERR_REDIRECT] Sep 04, 2026 12:30:23 AM java.util.prefs.FileSystemPreferences syncWorld
2026-09-04 00:30:23,886 [ERROR] LogOutputStream:75 - [STDERR_REDIRECT] WARNING: Couldn't flush system prefs: java.util.prefs.BackingStoreException: Couldn't get file lock.
2026-09-04 00:30:23,886 [ERROR] LogOutputStream:75 - [STDERR_REDIRECT] 
2026-09-04 00:30:53,886 [ERROR] LogOutputStream:75 - [STDERR_REDIRECT] Sep 04, 2026 12:30:53 AM java.util.prefs.FileSystemPreferences checkLockFile0ErrorCode
2026-09-04 00:30:53,886 [ERROR] LogOutputStream:75 - [STDERR_REDIRECT] WARNING: Could not lock System prefs. Unix error code 31840.
2026-09-04 00:30:53,886 [ERROR] LogOutputStream:75 - [STDERR_REDIRECT] 
2026-09-04 00:30:53,887 [ERROR] LogOutputStream:75 - [STDERR_REDIRECT] Sep 04, 2026 12:30:53 AM java.util.prefs.FileSystemPreferences syncWorld
2026-09-04 00:30:53,887 [ERROR] LogOutputStream:75 - [STDERR_REDIRECT] WARNING: Couldn't flush system prefs: java.util.prefs.BackingStoreException: Couldn't get file lock.
2026-09-04 00:30:53,887 [ERROR] LogOutputStream:75 - [STDERR_REDIRECT] 
2026-09-04 00:31:23,887 [ERROR] LogOutputStream:75 - [STDERR_REDIRECT] Sep 04, 2026 12:31:23 AM java.util.prefs.FileSystemPreferences checkLockFile0ErrorCode
2026-09-04 00:31:23,888 [ERROR] LogOutputStream:75 - [STDERR_REDIRECT] WARNING: Could not lock System prefs. Unix error code 31840.
2026-09-04 00:31:23,888 [ERROR] LogOutputStream:75 - [STDERR_REDIRECT] 
2026-09-04 00:31:23,889 [ERROR] LogOutputStream:75 - [STDERR_REDIRECT] Sep 04, 2026 12:31:23 AM java.util.prefs.FileSystemPreferences syncWorld
2026-09-04 00:31:23,889 [ERROR] LogOutputStream:75 - [STDERR_REDIRECT] WARNING: Couldn't flush system prefs: java.util.prefs.BackingStoreException: Couldn't get file lock.
2026-09-04 00:31:23,889 [ERROR] LogOutputStream:75 - [STDERR_REDIRECT] 
2026-09-04 00:31:53,887 [ERROR] LogOutputStream:75 - [STDERR_REDIRECT] Sep 04, 2026 12:31:53 AM java.util.prefs.FileSystemPreferences checkLockFile0ErrorCode
2026-09-04 00:31:53,887 [ERROR] LogOutputStream:75 - [STDERR_REDIRECT] WARNING: Could not lock System prefs. Unix error code 31840.
2026-09-04 00:31:53,887 [ERROR] LogOutputStream:75 - [STDERR_REDIRECT] 
2026-09-04 00:31:53,888 [ERROR] LogOutputStream:75 - [STDERR_REDIRECT] Sep 04, 2026 12:31:53 AM java.util.prefs.FileSystemPreferences syncWorld
2026-09-04 00:31:53,888 [ERROR] LogOutputStream:75 - [STDERR_REDIRECT] WARNING: Couldn't flush system prefs: java.util.prefs.BackingStoreException: Couldn't get file lock.
2026-09-04 00:31:53,888 [ERROR] LogOutputStream:75 - [STDERR_REDIRECT] 
2026-09-04 00:32:23,887 [ERROR] LogOutputStream:75 - [STDERR_REDIRECT] Sep 04, 2026 12:32:23 AM java.util.prefs.FileSystemPreferences checkLockFile0ErrorCode
2026-09-04 00:32:23,887 [ERROR] LogOutputStream:75 - [STDERR_REDIRECT] WARNING: Could not lock System prefs. Unix error code 31840.
2026-09-04 00:32:23,887 [ERROR] LogOutputStream:75 - [STDERR_REDIRECT] 
2026-09-04 00:32:23,887 [ERROR] LogOutputStream:75 - [STDERR_REDIRECT] Sep 04, 2026 12:32:23 AM java.util.prefs.FileSystemPreferences syncWorld
2026-09-04 00:32:23,888 [ERROR] LogOutputStream:75 - [STDERR_REDIRECT] WARNING: Couldn't flush system prefs: java.util.prefs.BackingStoreException: Couldn't get file lock.
2026-09-04 00:32:23,888 [ERROR] LogOutputStream:75 - [STDERR_REDIRECT] 
2026-09-04 00:32:53,886 [ERROR] LogOutputStream:75 - [STDERR_REDIRECT] Sep 04, 2026 12:32:53 AM java.util.prefs.FileSystemPreferences checkLockFile0ErrorCode
2026-09-04 00:32:53,887 [ERROR] LogOutputStream:75 - [STDERR_REDIRECT] WARNING: Could not lock System prefs. Unix error code 31840.
2026-09-04 00:32:53,887 [ERROR] LogOutputStream:75 - [STDERR_REDIRECT] 
2026-09-04 00:32:53,887 [ERROR] LogOutputStream:75 - [STDERR_REDIRECT] Sep 04, 2026 12:32:53 AM java.util.prefs.FileSystemPreferences syncWorld
2026-09-04 00:32:53,887 [ERROR] LogOutputStream:75 - [STDERR_REDIRECT] WARNING: Couldn't flush system prefs: java.util.prefs.BackingStoreException: Couldn't get file lock.
2026-09-04 00:32:53,888 [ERROR] LogOutputStream:75 - [STDERR_REDIRECT] 
2026-09-04 00:33:23,886 [ERROR] LogOutputStream:75 - [STDERR_REDIRECT] Sep 04, 2026 12:33:23 AM java.util.prefs.FileSystemPreferences checkLockFile0ErrorCode
2026-09-04 00:33:23,886 [ERROR] LogOutputStream:75 - [STDERR_REDIRECT] WARNING: Could not lock System prefs. Unix error code 31840.
2026-09-04 00:33:23,887 [ERROR] LogOutputStream:75 - [STDERR_REDIRECT] 
2026-09-04 00:33:23,887 [ERROR] LogOutputStream:75 - [STDERR_REDIRECT] Sep 04, 2026 12:33:23 AM java.util.prefs.FileSystemPreferences syncWorld
2026-09-04 00:33:23,887 [ERROR] LogOutputStream:75 - [STDERR_REDIRECT] WARNING: Couldn't flush system prefs: java.util.prefs.BackingStoreException: Couldn't get file lock.
2026-09-04 00:33:23,887 [ERROR] LogOutputStream:75 - [STDERR_REDIRECT] 
2026-09-04 00:33:53,887 [ERROR] LogOutputStream:75 - [STDERR_REDIRECT] Sep 04, 2026 12:33:53 AM java.util.prefs.FileSystemPreferences checkLockFile0ErrorCode
2026-09-04 00:33:53,887 [ERROR] LogOutputStream:75 - [STDERR_REDIRECT] WARNING: Could not lock System prefs. Unix error code 31840.
2026-09-04 00:33:53,888 [ERROR] LogOutputStream:75 - [STDERR_REDIRECT] 
2026-09-04 00:33:53,888 [ERROR] LogOutputStream:75 - [STDERR_REDIRECT] Sep 04, 2026 12:33:53 AM java.util.prefs.FileSystemPreferences syncWorld
2026-09-04 00:33:53,888 [ERROR] LogOutputStream:75 - [STDERR_REDIRECT] WARNING: Couldn't flush system prefs: java.util.prefs.BackingStoreException: Couldn't get file lock.
2026-09-04 00:33:53,888 [ERROR] LogOutputStream:75 - [STDERR_REDIRECT] 
2026-09-04 00:34:23,887 [ERROR] LogOutputStream:75 - [STDERR_REDIRECT] Sep 04, 2026 12:34:23 AM java.util.prefs.FileSystemPreferences checkLockFile0ErrorCode
2026-09-04 00:34:23,888 [ERROR] LogOutputStream:75 - [STDERR_REDIRECT] WARNING: Could not lock System prefs. Unix error code 31840.
2026-09-04 00:34:23,888 [ERROR] LogOutputStream:75 - [STDERR_REDIRECT] 
2026-09-04 00:34:23,888 [ERROR] LogOutputStream:75 - [STDERR_REDIRECT] Sep 04, 2026 12:34:23 AM java.util.prefs.FileSystemPreferences syncWorld
2026-09-04 00:34:23,888 [ERROR] LogOutputStream:75 - [STDERR_REDIRECT] WARNING: Couldn't flush system prefs: java.util.prefs.BackingStoreException: Couldn't get file lock.
2026-09-04 00:34:23,888 [ERROR] LogOutputStream:75 - [STDERR_REDIRECT] 
2026-09-04 00:34:53,888 [ERROR] LogOutputStream:75 - [STDERR_REDIRECT] Sep 04, 2026 12:34:53 AM java.util.prefs.FileSystemPreferences checkLockFile0ErrorCode
2026-09-04 00:34:53,888 [ERROR] LogOutputStream:75 - [STDERR_REDIRECT] WARNING: Could not lock System prefs. Unix error code 31840.
2026-09-04 00:34:53,888 [ERROR] LogOutputStream:75 - [STDERR_REDIRECT] 
2026-09-04 00:34:53,888 [ERROR] LogOutputStream:75 - [STDERR_REDIRECT] Sep 04, 2026 12:34:53 AM java.util.prefs.FileSystemPreferences syncWorld
2026-09-04 00:34:53,889 [ERROR] LogOutputStream:75 - [STDERR_REDIRECT] WARNING: Couldn't flush system prefs: java.util.prefs.BackingStoreException: Couldn't get file lock.
2026-09-04 00:34:53,889 [ERROR] LogOutputStream:75 - [STDERR_REDIRECT] 
2026-09-04 00:35:23,888 [ERROR] LogOutputStream:75 - [STDERR_REDIRECT] Sep 04, 2026 12:35:23 AM java.util.prefs.FileSystemPreferences checkLockFile0ErrorCode
2026-09-04 00:35:23,888 [ERROR] LogOutputStream:75 - [STDERR_REDIRECT] WARNING: Could not lock System prefs. Unix error code 31840.
2026-09-04 00:35:23,888 [ERROR] LogOutputStream:75 - [STDERR_REDIRECT] 
2026-09-04 00:35:23,889 [ERROR] LogOutputStream:75 - [STDERR_REDIRECT] Sep 04, 2026 12:35:23 AM java.util.prefs.FileSystemPreferences syncWorld
2026-09-04 00:35:23,889 [ERROR] LogOutputStream:75 - [STDERR_REDIRECT] WARNING: Couldn't flush system prefs: java.util.prefs.BackingStoreException: Couldn't get file lock.
2026-09-04 00:35:23,889 [ERROR] LogOutputStream:75 - [STDERR_REDIRECT] 
2026-09-04 00:35:53,889 [ERROR] LogOutputStream:75 - [STDERR_REDIRECT] Sep 04, 2026 12:35:53 AM java.util.prefs.FileSystemPreferences checkLockFile0ErrorCode
2026-09-04 00:35:53,889 [ERROR] LogOutputStream:75 - [STDERR_REDIRECT] WARNING: Could not lock System prefs. Unix error code 31840.
2026-09-04 00:35:53,889 [ERROR] LogOutputStream:75 - [STDERR_REDIRECT] 
2026-09-04 00:35:53,890 [ERROR] LogOutputStream:75 - [STDERR_REDIRECT] Sep 04, 2026 12:35:53 AM java.util.prefs.FileSystemPreferences syncWorld
2026-09-04 00:35:53,890 [ERROR] LogOutputStream:75 - [STDERR_REDIRECT] WARNING: Couldn't flush system prefs: java.util.prefs.BackingStoreException: Couldn't get file lock.
2026-09-04 00:35:53,891 [ERROR] LogOutputStream:75 - [STDERR_REDIRECT] 
2026-09-04 00:36:23,889 [ERROR] LogOutputStream:75 - [STDERR_REDIRECT] Sep 04, 2026 12:36:23 AM java.util.prefs.FileSystemPreferences checkLockFile0ErrorCode
2026-09-04 00:36:23,889 [ERROR] LogOutputStream:75 - [STDERR_REDIRECT] WARNING: Could not lock System prefs. Unix error code 31840.
2026-09-04 00:36:23,889 [ERROR] LogOutputStream:75 - [STDERR_REDIRECT] 
2026-09-04 00:36:23,890 [ERROR] LogOutputStream:75 - [STDERR_REDIRECT] Sep 04, 2026 12:36:23 AM java.util.prefs.FileSystemPreferences syncWorld
2026-09-04 00:36:23,890 [ERROR] LogOutputStream:75 - [STDERR_REDIRECT] WARNING: Couldn't flush system prefs: java.util.prefs.BackingStoreException: Couldn't get file lock.
2026-09-04 00:36:23,890 [ERROR] LogOutputStream:75 - [STDERR_REDIRECT] 
2026-09-04 00:36:53,889 [ERROR] LogOutputStream:75 - [STDERR_REDIRECT] Sep 04, 2026 12:36:53 AM java.util.prefs.FileSystemPreferences checkLockFile0ErrorCode
2026-09-04 00:36:53,889 [ERROR] LogOutputStream:75 - [STDERR_REDIRECT] WARNING: Could not lock System prefs. Unix error code 31840.
2026-09-04 00:36:53,889 [ERROR] LogOutputStream:75 - [STDERR_REDIRECT] 
2026-09-04 00:36:53,890 [ERROR] LogOutputStream:75 - [STDERR_REDIRECT] Sep 04, 2026 12:36:53 AM java.util.prefs.FileSystemPreferences syncWorld
2026-09-04 00:36:53,890 [ERROR] LogOutputStream:75 - [STDERR_REDIRECT] WARNING: Couldn't flush system prefs: java.util.prefs.BackingStoreException: Couldn't get file lock.
2026-09-04 00:36:53,890 [ERROR] LogOutputStream:75 - [STDERR_REDIRECT] 
2026-09-04 00:37:23,888 [ERROR] LogOutputStream:75 - [STDERR_REDIRECT] Sep 04, 2026 12:37:23 AM java.util.prefs.FileSystemPreferences checkLockFile0ErrorCode
2026-09-04 00:37:23,889 [ERROR] LogOutputStream:75 - [STDERR_REDIRECT] WARNING: Could not lock System prefs. Unix error code 31840.
2026-09-04 00:37:23,889 [ERROR] LogOutputStream:75 - [STDERR_REDIRECT] 
2026-09-04 00:37:23,889 [ERROR] LogOutputStream:75 - [STDERR_REDIRECT] Sep 04, 2026 12:37:23 AM java.util.prefs.FileSystemPreferences syncWorld
2026-09-04 00:37:23,889 [ERROR] LogOutputStream:75 - [STDERR_REDIRECT] WARNING: Couldn't flush system prefs: java.util.prefs.BackingStoreException: Couldn't get file lock.
2026-09-04 00:37:23,889 [ERROR] LogOutputStream:75 - [STDERR_REDIRECT] 
2026-09-04 00:37:53,889 [ERROR] LogOutputStream:75 - [STDERR_REDIRECT] Sep 04, 2026 12:37:53 AM java.util.prefs.FileSystemPreferences checkLockFile0ErrorCode
2026-09-04 00:37:53,889 [ERROR] LogOutputStream:75 - [STDERR_REDIRECT] WARNING: Could not lock System prefs. Unix error code 31840.
2026-09-04 00:37:53,889 [ERROR] LogOutputStream:75 - [STDERR_REDIRECT] 
2026-09-04 00:37:53,889 [ERROR] LogOutputStream:75 - [STDERR_REDIRECT] Sep 04, 2026 12:37:53 AM java.util.prefs.FileSystemPreferences syncWorld
2026-09-04 00:37:53,890 [ERROR] LogOutputStream:75 - [STDERR_REDIRECT] WARNING: Couldn't flush system prefs: java.util.prefs.BackingStoreException: Couldn't get file lock.
2026-09-04 00:37:53,890 [ERROR] LogOutputStream:75 - [STDERR_REDIRECT] 
2026-09-04 00:38:23,888 [ERROR] LogOutputStream:75 - [STDERR_REDIRECT] Sep 04, 2026 12:38:23 AM java.util.prefs.FileSystemPreferences checkLockFile0ErrorCode
2026-09-04 00:38:23,888 [ERROR] LogOutputStream:75 - [STDERR_REDIRECT] WARNING: Could not lock System prefs. Unix error code 31840.
2026-09-04 00:38:23,889 [ERROR] LogOutputStream:75 - [STDERR_REDIRECT] 
2026-09-04 00:38:23,889 [ERROR] LogOutputStream:75 - [STDERR_REDIRECT] Sep 04, 2026 12:38:23 AM java.util.prefs.FileSystemPreferences syncWorld
2026-09-04 00:38:23,889 [ERROR] LogOutputStream:75 - [STDERR_REDIRECT] WARNING: Couldn't flush system prefs: java.util.prefs.BackingStoreException: Couldn't get file lock.
2026-09-04 00:38:23,889 [ERROR] LogOutputStream:75 - [STDERR_REDIRECT] 
2026-09-04 00:38:53,888 [ERROR] LogOutputStream:75 - [STDERR_REDIRECT] Sep 04, 2026 12:38:53 AM java.util.prefs.FileSystemPreferences checkLockFile0ErrorCode
2026-09-04 00:38:53,889 [ERROR] LogOutputStream:75 - [STDERR_REDIRECT] WARNING: Could not lock System prefs. Unix error code 31840.
2026-09-04 00:38:53,889 [ERROR] LogOutputStream:75 - [STDERR_REDIRECT] 
2026-09-04 00:38:53,889 [ERROR] LogOutputStream:75 - [STDERR_REDIRECT] Sep 04, 2026 12:38:53 AM java.util.prefs.FileSystemPreferences syncWorld
2026-09-04 00:38:53,889 [ERROR] LogOutputStream:75 - [STDERR_REDIRECT] WARNING: Couldn't flush system prefs: java.util.prefs.BackingStoreException: Couldn't get file lock.
2026-09-04 00:38:53,889 [ERROR] LogOutputStream:75 - [STDERR_REDIRECT] 
2026-09-04 00:39:23,889 [ERROR] LogOutputStream:75 - [STDERR_REDIRECT] Sep 04, 2026 12:39:23 AM java.util.prefs.FileSystemPreferences checkLockFile0ErrorCode
2026-09-04 00:39:23,889 [ERROR] LogOutputStream:75 - [STDERR_REDIRECT] WARNING: Could not lock System prefs. Unix error code 31840.
2026-09-04 00:39:23,889 [ERROR] LogOutputStream:75 - [STDERR_REDIRECT] 
2026-09-04 00:39:23,890 [ERROR] LogOutputStream:75 - [STDERR_REDIRECT] Sep 04, 2026 12:39:23 AM java.util.prefs.FileSystemPreferences syncWorld
2026-09-04 00:39:23,890 [ERROR] LogOutputStream:75 - [STDERR_REDIRECT] WARNING: Couldn't flush system prefs: java.util.prefs.BackingStoreException: Couldn't get file lock.
2026-09-04 00:39:23,890 [ERROR] LogOutputStream:75 - [STDERR_REDIRECT] 
2026-09-04 00:39:53,889 [ERROR] LogOutputStream:75 - [STDERR_REDIRECT] Sep 04, 2026 12:39:53 AM java.util.prefs.FileSystemPreferences checkLockFile0ErrorCode
2026-09-04 00:39:53,889 [ERROR] LogOutputStream:75 - [STDERR_REDIRECT] WARNING: Could not lock System prefs. Unix error code 31840.
2026-09-04 00:39:53,889 [ERROR] LogOutputStream:75 - [STDERR_REDIRECT] 
2026-09-04 00:39:53,890 [ERROR] LogOutputStream:75 - [STDERR_REDIRECT] Sep 04, 2026 12:39:53 AM java.util.prefs.FileSystemPreferences syncWorld
2026-09-04 00:39:53,890 [ERROR] LogOutputStream:75 - [STDERR_REDIRECT] WARNING: Couldn't flush system prefs: java.util.prefs.BackingStoreException: Couldn't get file lock.
2026-09-04 00:39:53,890 [ERROR] LogOutputStream:75 - [STDERR_REDIRECT] 
2026-09-04 00:40:23,889 [ERROR] LogOutputStream:75 - [STDERR_REDIRECT] Sep 04, 2026 12:40:23 AM java.util.prefs.FileSystemPreferences checkLockFile0ErrorCode
2026-09-04 00:40:23,889 [ERROR] LogOutputStream:75 - [STDERR_REDIRECT] WARNING: Could not lock System prefs. Unix error code 31840.
2026-09-04 00:40:23,889 [ERROR] LogOutputStream:75 - [STDERR_REDIRECT] 
2026-09-04 00:40:23,890 [ERROR] LogOutputStream:75 - [STDERR_REDIRECT] Sep 04, 2026 12:40:23 AM java.util.prefs.FileSystemPreferences syncWorld
2026-09-04 00:40:23,890 [ERROR] LogOutputStream:75 - [STDERR_REDIRECT] WARNING: Couldn't flush system prefs: java.util.prefs.BackingStoreException: Couldn't get file lock.
2026-09-04 00:40:23,890 [ERROR] LogOutputStream:75 - [STDERR_REDIRECT] 
2026-09-04 00:40:53,890 [ERROR] LogOutputStream:75 - [STDERR_REDIRECT] Sep 04, 2026 12:40:53 AM java.util.prefs.FileSystemPreferences checkLockFile0ErrorCode
2026-09-04 00:40:53,890 [ERROR] LogOutputStream:75 - [STDERR_REDIRECT] WARNING: Could not lock System prefs. Unix error code 31840.
2026-09-04 00:40:53,890 [ERROR] LogOutputStream:75 - [STDERR_REDIRECT] 
2026-09-04 00:40:53,891 [ERROR] LogOutputStream:75 - [STDERR_REDIRECT] Sep 04, 2026 12:40:53 AM java.util.prefs.FileSystemPreferences syncWorld
2026-09-04 00:40:53,891 [ERROR] LogOutputStream:75 - [STDERR_REDIRECT] WARNING: Couldn't flush system prefs: java.util.prefs.BackingStoreException: Couldn't get file lock.
2026-09-04 00:40:53,891 [ERROR] LogOutputStream:75 - [STDERR_REDIRECT] 
2026-09-04 00:41:23,890 [ERROR] LogOutputStream:75 - [STDERR_REDIRECT] Sep 04, 2026 12:41:23 AM java.util.prefs.FileSystemPreferences checkLockFile0ErrorCode
2026-09-04 00:41:23,890 [ERROR] LogOutputStream:75 - [STDERR_REDIRECT] WARNING: Could not lock System prefs. Unix error code 31840.
2026-09-04 00:41:23,890 [ERROR] LogOutputStream:75 - [STDERR_REDIRECT] 
2026-09-04 00:41:23,891 [ERROR] LogOutputStream:75 - [STDERR_REDIRECT] Sep 04, 2026 12:41:23 AM java.util.prefs.FileSystemPreferences syncWorld
2026-09-04 00:41:23,891 [ERROR] LogOutputStream:75 - [STDERR_REDIRECT] WARNING: Couldn't flush system prefs: java.util.prefs.BackingStoreException: Couldn't get file lock.
2026-09-04 00:41:23,891 [ERROR] LogOutputStream:75 - [STDERR_REDIRECT] 
2026-09-04 00:41:53,890 [ERROR] LogOutputStream:75 - [STDERR_REDIRECT] Sep 04, 2026 12:41:53 AM java.util.prefs.FileSystemPreferences checkLockFile0ErrorCode
2026-09-04 00:41:53,890 [ERROR] LogOutputStream:75 - [STDERR_REDIRECT] WARNING: Could not lock System prefs. Unix error code 31840.
2026-09-04 00:41:53,890 [ERROR] LogOutputStream:75 - [STDERR_REDIRECT] 
2026-09-04 00:41:53,891 [ERROR] LogOutputStream:75 - [STDERR_REDIRECT] Sep 04, 2026 12:41:53 AM java.util.prefs.FileSystemPreferences syncWorld
2026-09-04 00:41:53,891 [ERROR] LogOutputStream:75 - [STDERR_REDIRECT] WARNING: Couldn't flush system prefs: java.util.prefs.BackingStoreException: Couldn't get file lock.
2026-09-04 00:41:53,891 [ERROR] LogOutputStream:75 - [STDERR_REDIRECT] 
2026-09-04 00:42:23,908 [ERROR] LogOutputStream:75 - [STDERR_REDIRECT] Sep 04, 2026 12:42:23 AM java.util.prefs.FileSystemPreferences checkLockFile0ErrorCode
2026-09-04 00:42:23,908 [ERROR] LogOutputStream:75 - [STDERR_REDIRECT] WARNING: Could not lock System prefs. Unix error code 31840.
2026-09-04 00:42:23,908 [ERROR] LogOutputStream:75 - [STDERR_REDIRECT] 
2026-09-04 00:42:23,909 [ERROR] LogOutputStream:75 - [STDERR_REDIRECT] Sep 04, 2026 12:42:23 AM java.util.prefs.FileSystemPreferences syncWorld
2026-09-04 00:42:23,909 [ERROR] LogOutputStream:75 - [STDERR_REDIRECT] WARNING: Couldn't flush system prefs: java.util.prefs.BackingStoreException: Couldn't get file lock.
2026-09-04 00:42:23,909 [ERROR] LogOutputStream:75 - [STDERR_REDIRECT] 
2026-09-04 00:42:53,891 [ERROR] LogOutputStream:75 - [STDERR_REDIRECT] Sep 04, 2026 12:42:53 AM java.util.prefs.FileSystemPreferences checkLockFile0ErrorCode
2026-09-04 00:42:53,891 [ERROR] LogOutputStream:75 - [STDERR_REDIRECT] WARNING: Could not lock System prefs. Unix error code 31840.
2026-09-04 00:42:53,891 [ERROR] LogOutputStream:75 - [STDERR_REDIRECT] 
2026-09-04 00:42:53,891 [ERROR] LogOutputStream:75 - [STDERR_REDIRECT] Sep 04, 2026 12:42:53 AM java.util.prefs.FileSystemPreferences syncWorld
2026-09-04 00:42:53,892 [ERROR] LogOutputStream:75 - [STDERR_REDIRECT] WARNING: Couldn't flush system prefs: java.util.prefs.BackingStoreException: Couldn't get file lock.
2026-09-04 00:42:53,892 [ERROR] LogOutputStream:75 - [STDERR_REDIRECT] 
2026-09-04 00:43:23,890 [ERROR] LogOutputStream:75 - [STDERR_REDIRECT] Sep 04, 2026 12:43:23 AM java.util.prefs.FileSystemPreferences checkLockFile0ErrorCode
2026-09-04 00:43:23,891 [ERROR] LogOutputStream:75 - [STDERR_REDIRECT] WARNING: Could not lock System prefs. Unix error code 31840.
2026-09-04 00:43:23,891 [ERROR] LogOutputStream:75 - [STDERR_REDIRECT] 
2026-09-04 00:43:23,891 [ERROR] LogOutputStream:75 - [STDERR_REDIRECT] Sep 04, 2026 12:43:23 AM java.util.prefs.FileSystemPreferences syncWorld
2026-09-04 00:43:23,891 [ERROR] LogOutputStream:75 - [STDERR_REDIRECT] WARNING: Couldn't flush system prefs: java.util.prefs.BackingStoreException: Couldn't get file lock.
2026-09-04 00:43:23,891 [ERROR] LogOutputStream:75 - [STDERR_REDIRECT] 
2026-09-04 00:43:53,890 [ERROR] LogOutputStream:75 - [STDERR_REDIRECT] Sep 04, 2026 12:43:53 AM java.util.prefs.FileSystemPreferences checkLockFile0ErrorCode
2026-09-04 00:43:53,891 [ERROR] LogOutputStream:75 - [STDERR_REDIRECT] WARNING: Could not lock System prefs. Unix error code 31840.
2026-09-04 00:43:53,891 [ERROR] LogOutputStream:75 - [STDERR_REDIRECT] 
2026-09-04 00:43:53,891 [ERROR] LogOutputStream:75 - [STDERR_REDIRECT] Sep 04, 2026 12:43:53 AM java.util.prefs.FileSystemPreferences syncWorld
2026-09-04 00:43:53,891 [ERROR] LogOutputStream:75 - [STDERR_REDIRECT] WARNING: Couldn't flush system prefs: java.util.prefs.BackingStoreException: Couldn't get file lock.
2026-09-04 00:43:53,891 [ERROR] LogOutputStream:75 - [STDERR_REDIRECT] 
2026-09-04 00:44:23,891 [ERROR] LogOutputStream:75 - [STDERR_REDIRECT] Sep 04, 2026 12:44:23 AM java.util.prefs.FileSystemPreferences checkLockFile0ErrorCode
2026-09-04 00:44:23,891 [ERROR] LogOutputStream:75 - [STDERR_REDIRECT] WARNING: Could not lock System prefs. Unix error code 31840.
2026-09-04 00:44:23,892 [ERROR] LogOutputStream:75 - [STDERR_REDIRECT] 
2026-09-04 00:44:23,892 [ERROR] LogOutputStream:75 - [STDERR_REDIRECT] Sep 04, 2026 12:44:23 AM java.util.prefs.FileSystemPreferences syncWorld
2026-09-04 00:44:23,892 [ERROR] LogOutputStream:75 - [STDERR_REDIRECT] WARNING: Couldn't flush system prefs: java.util.prefs.BackingStoreException: Couldn't get file lock.
2026-09-04 00:44:23,892 [ERROR] LogOutputStream:75 - [STDERR_REDIRECT] 
2026-09-04 00:44:53,906 [ERROR] LogOutputStream:75 - [STDERR_REDIRECT] Sep 04, 2026 12:44:53 AM java.util.prefs.FileSystemPreferences checkLockFile0ErrorCode
2026-09-04 00:44:53,906 [ERROR] LogOutputStream:75 - [STDERR_REDIRECT] WARNING: Could not lock System prefs. Unix error code 31840.
2026-09-04 00:44:53,907 [ERROR] LogOutputStream:75 - [STDERR_REDIRECT] 
2026-09-04 00:44:53,907 [ERROR] LogOutputStream:75 - [STDERR_REDIRECT] Sep 04, 2026 12:44:53 AM java.util.prefs.FileSystemPreferences syncWorld
2026-09-04 00:44:53,907 [ERROR] LogOutputStream:75 - [STDERR_REDIRECT] WARNING: Couldn't flush system prefs: java.util.prefs.BackingStoreException: Couldn't get file lock.
2026-09-04 00:44:53,908 [ERROR] LogOutputStream:75 - [STDERR_REDIRECT] 
2026-09-04 00:45:23,891 [ERROR] LogOutputStream:75 - [STDERR_REDIRECT] Sep 04, 2026 12:45:23 AM java.util.prefs.FileSystemPreferences checkLockFile0ErrorCode
2026-09-04 00:45:23,891 [ERROR] LogOutputStream:75 - [STDERR_REDIRECT] WARNING: Could not lock System prefs. Unix error code 31840.
2026-09-04 00:45:23,891 [ERROR] LogOutputStream:75 - [STDERR_REDIRECT] 
2026-09-04 00:45:23,892 [ERROR] LogOutputStream:75 - [STDERR_REDIRECT] Sep 04, 2026 12:45:23 AM java.util.prefs.FileSystemPreferences syncWorld
2026-09-04 00:45:23,892 [ERROR] LogOutputStream:75 - [STDERR_REDIRECT] WARNING: Couldn't flush system prefs: java.util.prefs.BackingStoreException: Couldn't get file lock.
2026-09-04 00:45:23,892 [ERROR] LogOutputStream:75 - [STDERR_REDIRECT] 
2026-09-04 00:45:53,891 [ERROR] LogOutputStream:75 - [STDERR_REDIRECT] Sep 04, 2026 12:45:53 AM java.util.prefs.FileSystemPreferences checkLockFile0ErrorCode
2026-09-04 00:45:53,891 [ERROR] LogOutputStream:75 - [STDERR_REDIRECT] WARNING: Could not lock System prefs. Unix error code 31840.
2026-09-04 00:45:53,891 [ERROR] LogOutputStream:75 - [STDERR_REDIRECT] 
2026-09-04 00:45:53,892 [ERROR] LogOutputStream:75 - [STDERR_REDIRECT] Sep 04, 2026 12:45:53 AM java.util.prefs.FileSystemPreferences syncWorld
2026-09-04 00:45:53,892 [ERROR] LogOutputStream:75 - [STDERR_REDIRECT] WARNING: Couldn't flush system prefs: java.util.prefs.BackingStoreException: Couldn't get file lock.
2026-09-04 00:45:53,892 [ERROR] LogOutputStream:75 - [STDERR_REDIRECT] 
2026-09-04 00:46:23,891 [ERROR] LogOutputStream:75 - [STDERR_REDIRECT] Sep 04, 2026 12:46:23 AM java.util.prefs.FileSystemPreferences checkLockFile0ErrorCode
2026-09-04 00:46:23,891 [ERROR] LogOutputStream:75 - [STDERR_REDIRECT] WARNING: Could not lock System prefs. Unix error code 31840.
2026-09-04 00:46:23,892 [ERROR] LogOutputStream:75 - [STDERR_REDIRECT] 
2026-09-04 00:46:23,892 [ERROR] LogOutputStream:75 - [STDERR_REDIRECT] Sep 04, 2026 12:46:23 AM java.util.prefs.FileSystemPreferences syncWorld
2026-09-04 00:46:23,894 [ERROR] LogOutputStream:75 - [STDERR_REDIRECT] WARNING: Couldn't flush system prefs: java.util.prefs.BackingStoreException: Couldn't get file lock.
2026-09-04 00:46:23,894 [ERROR] LogOutputStream:75 - [STDERR_REDIRECT] 
2026-09-04 00:46:53,892 [ERROR] LogOutputStream:75 - [STDERR_REDIRECT] Sep 04, 2026 12:46:53 AM java.util.prefs.FileSystemPreferences checkLockFile0ErrorCode
2026-09-04 00:46:53,892 [ERROR] LogOutputStream:75 - [STDERR_REDIRECT] WARNING: Could not lock System prefs. Unix error code 31840.
2026-09-04 00:46:53,892 [ERROR] LogOutputStream:75 - [STDERR_REDIRECT] 
2026-09-04 00:46:53,893 [ERROR] LogOutputStream:75 - [STDERR_REDIRECT] Sep 04, 2026 12:46:53 AM java.util.prefs.FileSystemPreferences syncWorld
2026-09-04 00:46:53,893 [ERROR] LogOutputStream:75 - [STDERR_REDIRECT] WARNING: Couldn't flush system prefs: java.util.prefs.BackingStoreException: Couldn't get file lock.
2026-09-04 00:46:53,893 [ERROR] LogOutputStream:75 - [STDERR_REDIRECT] 
2026-09-04 00:47:23,892 [ERROR] LogOutputStream:75 - [STDERR_REDIRECT] Sep 04, 2026 12:47:23 AM java.util.prefs.FileSystemPreferences checkLockFile0ErrorCode
2026-09-04 00:47:23,892 [ERROR] LogOutputStream:75 - [STDERR_REDIRECT] WARNING: Could not lock System prefs. Unix error code 31840.
2026-09-04 00:47:23,893 [ERROR] LogOutputStream:75 - [STDERR_REDIRECT] 
2026-09-04 00:47:23,893 [ERROR] LogOutputStream:75 - [STDERR_REDIRECT] Sep 04, 2026 12:47:23 AM java.util.prefs.FileSystemPreferences syncWorld
2026-09-04 00:47:23,895 [ERROR] LogOutputStream:75 - [STDERR_REDIRECT] WARNING: Couldn't flush system prefs: java.util.prefs.BackingStoreException: Couldn't get file lock.
2026-09-04 00:47:23,895 [ERROR] LogOutputStream:75 - [STDERR_REDIRECT] 
2026-09-04 00:47:53,892 [ERROR] LogOutputStream:75 - [STDERR_REDIRECT] Sep 04, 2026 12:47:53 AM java.util.prefs.FileSystemPreferences checkLockFile0ErrorCode
2026-09-04 00:47:53,893 [ERROR] LogOutputStream:75 - [STDERR_REDIRECT] WARNING: Could not lock System prefs. Unix error code 31840.
2026-09-04 00:47:53,893 [ERROR] LogOutputStream:75 - [STDERR_REDIRECT] 
2026-09-04 00:47:53,893 [ERROR] LogOutputStream:75 - [STDERR_REDIRECT] Sep 04, 2026 12:47:53 AM java.util.prefs.FileSystemPreferences syncWorld
2026-09-04 00:47:53,893 [ERROR] LogOutputStream:75 - [STDERR_REDIRECT] WARNING: Couldn't flush system prefs: java.util.prefs.BackingStoreException: Couldn't get file lock.
2026-09-04 00:47:53,893 [ERROR] LogOutputStream:75 - [STDERR_REDIRECT] 
2026-09-04 00:48:23,892 [ERROR] LogOutputStream:75 - [STDERR_REDIRECT] Sep 04, 2026 12:48:23 AM java.util.prefs.FileSystemPreferences checkLockFile0ErrorCode
2026-09-04 00:48:23,893 [ERROR] LogOutputStream:75 - [STDERR_REDIRECT] WARNING: Could not lock System prefs. Unix error code 31840.
2026-09-04 00:48:23,893 [ERROR] LogOutputStream:75 - [STDERR_REDIRECT] 
2026-09-04 00:48:23,893 [ERROR] LogOutputStream:75 - [STDERR_REDIRECT] Sep 04, 2026 12:48:23 AM java.util.prefs.FileSystemPreferences syncWorld
2026-09-04 00:48:23,893 [ERROR] LogOutputStream:75 - [STDERR_REDIRECT] WARNING: Couldn't flush system prefs: java.util.prefs.BackingStoreException: Couldn't get file lock.
2026-09-04 00:48:23,894 [ERROR] LogOutputStream:75 - [STDERR_REDIRECT] 
2026-09-04 00:48:53,893 [ERROR] LogOutputStream:75 - [STDERR_REDIRECT] Sep 04, 2026 12:48:53 AM java.util.prefs.FileSystemPreferences checkLockFile0ErrorCode
2026-09-04 00:48:53,893 [ERROR] LogOutputStream:75 - [STDERR_REDIRECT] WARNING: Could not lock System prefs. Unix error code 31840.
2026-09-04 00:48:53,894 [ERROR] LogOutputStream:75 - [STDERR_REDIRECT] 
2026-09-04 00:48:53,894 [ERROR] LogOutputStream:75 - [STDERR_REDIRECT] Sep 04, 2026 12:48:53 AM java.util.prefs.FileSystemPreferences syncWorld
2026-09-04 00:48:53,894 [ERROR] LogOutputStream:75 - [STDERR_REDIRECT] WARNING: Couldn't flush system prefs: java.util.prefs.BackingStoreException: Couldn't get file lock.
2026-09-04 00:48:53,894 [ERROR] LogOutputStream:75 - [STDERR_REDIRECT] 
2026-09-04 00:49:23,893 [ERROR] LogOutputStream:75 - [STDERR_REDIRECT] Sep 04, 2026 12:49:23 AM java.util.prefs.FileSystemPreferences checkLockFile0ErrorCode
2026-09-04 00:49:23,893 [ERROR] LogOutputStream:75 - [STDERR_REDIRECT] WARNING: Could not lock System prefs. Unix error code 31840.
2026-09-04 00:49:23,894 [ERROR] LogOutputStream:75 - [STDERR_REDIRECT] 
2026-09-04 00:49:23,894 [ERROR] LogOutputStream:75 - [STDERR_REDIRECT] Sep 04, 2026 12:49:23 AM java.util.prefs.FileSystemPreferences syncWorld
2026-09-04 00:49:23,895 [ERROR] LogOutputStream:75 - [STDERR_REDIRECT] WARNING: Couldn't flush system prefs: java.util.prefs.BackingStoreException: Couldn't get file lock.
2026-09-04 00:49:23,895 [ERROR] LogOutputStream:75 - [STDERR_REDIRECT] 
2026-09-04 00:49:53,894 [ERROR] LogOutputStream:75 - [STDERR_REDIRECT] Sep 04, 2026 12:49:53 AM java.util.prefs.FileSystemPreferences checkLockFile0ErrorCode
2026-09-04 00:49:53,894 [ERROR] LogOutputStream:75 - [STDERR_REDIRECT] WARNING: Could not lock System prefs. Unix error code 31840.
2026-09-04 00:49:53,894 [ERROR] LogOutputStream:75 - [STDERR_REDIRECT] 
2026-09-04 00:49:53,894 [ERROR] LogOutputStream:75 - [STDERR_REDIRECT] Sep 04, 2026 12:49:53 AM java.util.prefs.FileSystemPreferences syncWorld
2026-09-04 00:49:53,895 [ERROR] LogOutputStream:75 - [STDERR_REDIRECT] WARNING: Couldn't flush system prefs: java.util.prefs.BackingStoreException: Couldn't get file lock.
2026-09-04 00:49:53,895 [ERROR] LogOutputStream:75 - [STDERR_REDIRECT] 
2026-09-04 00:50:23,893 [ERROR] LogOutputStream:75 - [STDERR_REDIRECT] Sep 04, 2026 12:50:23 AM java.util.prefs.FileSystemPreferences checkLockFile0ErrorCode
2026-09-04 00:50:23,893 [ERROR] LogOutputStream:75 - [STDERR_REDIRECT] WARNING: Could not lock System prefs. Unix error code 31840.
2026-09-04 00:50:23,894 [ERROR] LogOutputStream:75 - [STDERR_REDIRECT] 
2026-09-04 00:50:23,894 [ERROR] LogOutputStream:75 - [STDERR_REDIRECT] Sep 04, 2026 12:50:23 AM java.util.prefs.FileSystemPreferences syncWorld
2026-09-04 00:50:23,894 [ERROR] LogOutputStream:75 - [STDERR_REDIRECT] WARNING: Couldn't flush system prefs: java.util.prefs.BackingStoreException: Couldn't get file lock.
2026-09-04 00:50:23,894 [ERROR] LogOutputStream:75 - [STDERR_REDIRECT] 
2026-09-04 00:50:53,894 [ERROR] LogOutputStream:75 - [STDERR_REDIRECT] Sep 04, 2026 12:50:53 AM java.util.prefs.FileSystemPreferences checkLockFile0ErrorCode
2026-09-04 00:50:53,894 [ERROR] LogOutputStream:75 - [STDERR_REDIRECT] WARNING: Could not lock System prefs. Unix error code 31840.
2026-09-04 00:50:53,894 [ERROR] LogOutputStream:75 - [STDERR_REDIRECT] 
2026-09-04 00:50:53,895 [ERROR] LogOutputStream:75 - [STDERR_REDIRECT] Sep 04, 2026 12:50:53 AM java.util.prefs.FileSystemPreferences syncWorld
2026-09-04 00:50:53,895 [ERROR] LogOutputStream:75 - [STDERR_REDIRECT] WARNING: Couldn't flush system prefs: java.util.prefs.BackingStoreException: Couldn't get file lock.
2026-09-04 00:50:53,895 [ERROR] LogOutputStream:75 - [STDERR_REDIRECT] 
2026-09-04 00:51:23,894 [ERROR] LogOutputStream:75 - [STDERR_REDIRECT] Sep 04, 2026 12:51:23 AM java.util.prefs.FileSystemPreferences checkLockFile0ErrorCode
2026-09-04 00:51:23,894 [ERROR] LogOutputStream:75 - [STDERR_REDIRECT] WARNING: Could not lock System prefs. Unix error code 31840.
2026-09-04 00:51:23,894 [ERROR] LogOutputStream:75 - [STDERR_REDIRECT] 
2026-09-04 00:51:23,895 [ERROR] LogOutputStream:75 - [STDERR_REDIRECT] Sep 04, 2026 12:51:23 AM java.util.prefs.FileSystemPreferences syncWorld
2026-09-04 00:51:23,897 [ERROR] LogOutputStream:75 - [STDERR_REDIRECT] WARNING: Couldn't flush system prefs: java.util.prefs.BackingStoreException: Couldn't get file lock.
2026-09-04 00:51:23,897 [ERROR] LogOutputStream:75 - [STDERR_REDIRECT] 
2026-09-04 00:51:53,894 [ERROR] LogOutputStream:75 - [STDERR_REDIRECT] Sep 04, 2026 12:51:53 AM java.util.prefs.FileSystemPreferences checkLockFile0ErrorCode
2026-09-04 00:51:53,894 [ERROR] LogOutputStream:75 - [STDERR_REDIRECT] WARNING: Could not lock System prefs. Unix error code 31840.
2026-09-04 00:51:53,894 [ERROR] LogOutputStream:75 - [STDERR_REDIRECT] 
2026-09-04 00:51:53,895 [ERROR] LogOutputStream:75 - [STDERR_REDIRECT] Sep 04, 2026 12:51:53 AM java.util.prefs.FileSystemPreferences syncWorld
2026-09-04 00:51:53,895 [ERROR] LogOutputStream:75 - [STDERR_REDIRECT] WARNING: Couldn't flush system prefs: java.util.prefs.BackingStoreException: Couldn't get file lock.
2026-09-04 00:51:53,895 [ERROR] LogOutputStream:75 - [STDERR_REDIRECT] 
2026-09-04 00:52:23,894 [ERROR] LogOutputStream:75 - [STDERR_REDIRECT] Sep 04, 2026 12:52:23 AM java.util.prefs.FileSystemPreferences checkLockFile0ErrorCode
2026-09-04 00:52:23,895 [ERROR] LogOutputStream:75 - [STDERR_REDIRECT] WARNING: Could not lock System prefs. Unix error code 31840.
2026-09-04 00:52:23,895 [ERROR] LogOutputStream:75 - [STDERR_REDIRECT] 
2026-09-04 00:52:23,895 [ERROR] LogOutputStream:75 - [STDERR_REDIRECT] Sep 04, 2026 12:52:23 AM java.util.prefs.FileSystemPreferences syncWorld
2026-09-04 00:52:23,895 [ERROR] LogOutputStream:75 - [STDERR_REDIRECT] WARNING: Couldn't flush system prefs: java.util.prefs.BackingStoreException: Couldn't get file lock.
2026-09-04 00:52:23,895 [ERROR] LogOutputStream:75 - [STDERR_REDIRECT] 
2026-09-04 00:52:53,895 [ERROR] LogOutputStream:75 - [STDERR_REDIRECT] Sep 04, 2026 12:52:53 AM java.util.prefs.FileSystemPreferences checkLockFile0ErrorCode
2026-09-04 00:52:53,895 [ERROR] LogOutputStream:75 - [STDERR_REDIRECT] WARNING: Could not lock System prefs. Unix error code 31840.
2026-09-04 00:52:53,896 [ERROR] LogOutputStream:75 - [STDERR_REDIRECT] 
2026-09-04 00:52:53,896 [ERROR] LogOutputStream:75 - [STDERR_REDIRECT] Sep 04, 2026 12:52:53 AM java.util.prefs.FileSystemPreferences syncWorld
2026-09-04 00:52:53,897 [ERROR] LogOutputStream:75 - [STDERR_REDIRECT] WARNING: Couldn't flush system prefs: java.util.prefs.BackingStoreException: Couldn't get file lock.
2026-09-04 00:52:53,897 [ERROR] LogOutputStream:75 - [STDERR_REDIRECT] 
2026-09-04 00:53:23,896 [ERROR] LogOutputStream:75 - [STDERR_REDIRECT] Sep 04, 2026 12:53:23 AM java.util.prefs.FileSystemPreferences checkLockFile0ErrorCode
2026-09-04 00:53:23,896 [ERROR] LogOutputStream:75 - [STDERR_REDIRECT] WARNING: Could not lock System prefs. Unix error code 31840.
2026-09-04 00:53:23,896 [ERROR] LogOutputStream:75 - [STDERR_REDIRECT] 
2026-09-04 00:53:23,897 [ERROR] LogOutputStream:75 - [STDERR_REDIRECT] Sep 04, 2026 12:53:23 AM java.util.prefs.FileSystemPreferences syncWorld
2026-09-04 00:53:23,897 [ERROR] LogOutputStream:75 - [STDERR_REDIRECT] WARNING: Couldn't flush system prefs: java.util.prefs.BackingStoreException: Couldn't get file lock.
2026-09-04 00:53:23,897 [ERROR] LogOutputStream:75 - [STDERR_REDIRECT] 
2026-09-04 00:53:53,895 [ERROR] LogOutputStream:75 - [STDERR_REDIRECT] Sep 04, 2026 12:53:53 AM java.util.prefs.FileSystemPreferences checkLockFile0ErrorCode
2026-09-04 00:53:53,895 [ERROR] LogOutputStream:75 - [STDERR_REDIRECT] WARNING: Could not lock System prefs. Unix error code 31840.
2026-09-04 00:53:53,896 [ERROR] LogOutputStream:75 - [STDERR_REDIRECT] 
2026-09-04 00:53:53,896 [ERROR] LogOutputStream:75 - [STDERR_REDIRECT] Sep 04, 2026 12:53:53 AM java.util.prefs.FileSystemPreferences syncWorld
2026-09-04 00:53:53,896 [ERROR] LogOutputStream:75 - [STDERR_REDIRECT] WARNING: Couldn't flush system prefs: java.util.prefs.BackingStoreException: Couldn't get file lock.
2026-09-04 00:53:53,896 [ERROR] LogOutputStream:75 - [STDERR_REDIRECT] 
2026-09-04 00:54:23,896 [ERROR] LogOutputStream:75 - [STDERR_REDIRECT] Sep 04, 2026 12:54:23 AM java.util.prefs.FileSystemPreferences checkLockFile0ErrorCode
2026-09-04 00:54:23,896 [ERROR] LogOutputStream:75 - [STDERR_REDIRECT] WARNING: Could not lock System prefs. Unix error code 31840.
2026-09-04 00:54:23,897 [ERROR] LogOutputStream:75 - [STDERR_REDIRECT] 
2026-09-04 00:54:23,897 [ERROR] LogOutputStream:75 - [STDERR_REDIRECT] Sep 04, 2026 12:54:23 AM java.util.prefs.FileSystemPreferences syncWorld
2026-09-04 00:54:23,897 [ERROR] LogOutputStream:75 - [STDERR_REDIRECT] WARNING: Couldn't flush system prefs: java.util.prefs.BackingStoreException: Couldn't get file lock.
2026-09-04 00:54:23,897 [ERROR] LogOutputStream:75 - [STDERR_REDIRECT] 
2026-09-04 00:54:53,897 [ERROR] LogOutputStream:75 - [STDERR_REDIRECT] Sep 04, 2026 12:54:53 AM java.util.prefs.FileSystemPreferences checkLockFile0ErrorCode
2026-09-04 00:54:53,897 [ERROR] LogOutputStream:75 - [STDERR_REDIRECT] WARNING: Could not lock System prefs. Unix error code 31840.
2026-09-04 00:54:53,897 [ERROR] LogOutputStream:75 - [STDERR_REDIRECT] 
2026-09-04 00:54:53,898 [ERROR] LogOutputStream:75 - [STDERR_REDIRECT] Sep 04, 2026 12:54:53 AM java.util.prefs.FileSystemPreferences syncWorld
2026-09-04 00:54:53,898 [ERROR] LogOutputStream:75 - [STDERR_REDIRECT] WARNING: Couldn't flush system prefs: java.util.prefs.BackingStoreException: Couldn't get file lock.
2026-09-04 00:54:53,898 [ERROR] LogOutputStream:75 - [STDERR_REDIRECT] 
2026-09-04 00:55:23,898 [ERROR] LogOutputStream:75 - [STDERR_REDIRECT] Sep 04, 2026 12:55:23 AM java.util.prefs.FileSystemPreferences checkLockFile0ErrorCode
2026-09-04 00:55:23,898 [ERROR] LogOutputStream:75 - [STDERR_REDIRECT] WARNING: Could not lock System prefs. Unix error code 31840.
2026-09-04 00:55:23,898 [ERROR] LogOutputStream:75 - [STDERR_REDIRECT] 
2026-09-04 00:55:23,899 [ERROR] LogOutputStream:75 - [STDERR_REDIRECT] Sep 04, 2026 12:55:23 AM java.util.prefs.FileSystemPreferences syncWorld
2026-09-04 00:55:23,899 [ERROR] LogOutputStream:75 - [STDERR_REDIRECT] WARNING: Couldn't flush system prefs: java.util.prefs.BackingStoreException: Couldn't get file lock.
2026-09-04 00:55:23,899 [ERROR] LogOutputStream:75 - [STDERR_REDIRECT] 
2026-09-04 00:55:53,898 [ERROR] LogOutputStream:75 - [STDERR_REDIRECT] Sep 04, 2026 12:55:53 AM java.util.prefs.FileSystemPreferences checkLockFile0ErrorCode
2026-09-04 00:55:53,898 [ERROR] LogOutputStream:75 - [STDERR_REDIRECT] WARNING: Could not lock System prefs. Unix error code 31840.
2026-09-04 00:55:53,898 [ERROR] LogOutputStream:75 - [STDERR_REDIRECT] 
2026-09-04 00:55:53,899 [ERROR] LogOutputStream:75 - [STDERR_REDIRECT] Sep 04, 2026 12:55:53 AM java.util.prefs.FileSystemPreferences syncWorld
2026-09-04 00:55:53,899 [ERROR] LogOutputStream:75 - [STDERR_REDIRECT] WARNING: Couldn't flush system prefs: java.util.prefs.BackingStoreException: Couldn't get file lock.
2026-09-04 00:55:53,899 [ERROR] LogOutputStream:75 - [STDERR_REDIRECT] 
2026-09-04 00:56:23,897 [ERROR] LogOutputStream:75 - [STDERR_REDIRECT] Sep 04, 2026 12:56:23 AM java.util.prefs.FileSystemPreferences checkLockFile0ErrorCode
2026-09-04 00:56:23,897 [ERROR] LogOutputStream:75 - [STDERR_REDIRECT] WARNING: Could not lock System prefs. Unix error code 31840.
2026-09-04 00:56:23,897 [ERROR] LogOutputStream:75 - [STDERR_REDIRECT] 
2026-09-04 00:56:23,898 [ERROR] LogOutputStream:75 - [STDERR_REDIRECT] Sep 04, 2026 12:56:23 AM java.util.prefs.FileSystemPreferences syncWorld
2026-09-04 00:56:23,898 [ERROR] LogOutputStream:75 - [STDERR_REDIRECT] WARNING: Couldn't flush system prefs: java.util.prefs.BackingStoreException: Couldn't get file lock.
2026-09-04 00:56:23,898 [ERROR] LogOutputStream:75 - [STDERR_REDIRECT] 
2026-09-04 00:56:53,898 [ERROR] LogOutputStream:75 - [STDERR_REDIRECT] Sep 04, 2026 12:56:53 AM java.util.prefs.FileSystemPreferences checkLockFile0ErrorCode
2026-09-04 00:56:53,898 [ERROR] LogOutputStream:75 - [STDERR_REDIRECT] WARNING: Could not lock System prefs. Unix error code 31840.
2026-09-04 00:56:53,898 [ERROR] LogOutputStream:75 - [STDERR_REDIRECT] 
2026-09-04 00:56:53,899 [ERROR] LogOutputStream:75 - [STDERR_REDIRECT] Sep 04, 2026 12:56:53 AM java.util.prefs.FileSystemPreferences syncWorld
2026-09-04 00:56:53,899 [ERROR] LogOutputStream:75 - [STDERR_REDIRECT] WARNING: Couldn't flush system prefs: java.util.prefs.BackingStoreException: Couldn't get file lock.
2026-09-04 00:56:53,899 [ERROR] LogOutputStream:75 - [STDERR_REDIRECT] 
2026-09-04 00:57:23,897 [ERROR] LogOutputStream:75 - [STDERR_REDIRECT] Sep 04, 2026 12:57:23 AM java.util.prefs.FileSystemPreferences checkLockFile0ErrorCode
2026-09-04 00:57:23,898 [ERROR] LogOutputStream:75 - [STDERR_REDIRECT] WARNING: Could not lock System prefs. Unix error code 31840.
2026-09-04 00:57:23,898 [ERROR] LogOutputStream:75 - [STDERR_REDIRECT] 
2026-09-04 00:57:23,898 [ERROR] LogOutputStream:75 - [STDERR_REDIRECT] Sep 04, 2026 12:57:23 AM java.util.prefs.FileSystemPreferences syncWorld
2026-09-04 00:57:23,898 [ERROR] LogOutputStream:75 - [STDERR_REDIRECT] WARNING: Couldn't flush system prefs: java.util.prefs.BackingStoreException: Couldn't get file lock.
2026-09-04 00:57:23,899 [ERROR] LogOutputStream:75 - [STDERR_REDIRECT] 
2026-09-04 00:57:53,897 [ERROR] LogOutputStream:75 - [STDERR_REDIRECT] Sep 04, 2026 12:57:53 AM java.util.prefs.FileSystemPreferences checkLockFile0ErrorCode
2026-09-04 00:57:53,897 [ERROR] LogOutputStream:75 - [STDERR_REDIRECT] WARNING: Could not lock System prefs. Unix error code 31840.
2026-09-04 00:57:53,898 [ERROR] LogOutputStream:75 - [STDERR_REDIRECT] 
2026-09-04 00:57:53,898 [ERROR] LogOutputStream:75 - [STDERR_REDIRECT] Sep 04, 2026 12:57:53 AM java.util.prefs.FileSystemPreferences syncWorld
2026-09-04 00:57:53,898 [ERROR] LogOutputStream:75 - [STDERR_REDIRECT] WARNING: Couldn't flush system prefs: java.util.prefs.BackingStoreException: Couldn't get file lock.
2026-09-04 00:57:53,898 [ERROR] LogOutputStream:75 - [STDERR_REDIRECT] 
2026-09-04 00:58:23,897 [ERROR] LogOutputStream:75 - [STDERR_REDIRECT] Sep 04, 2026 12:58:23 AM java.util.prefs.FileSystemPreferences checkLockFile0ErrorCode
2026-09-04 00:58:23,897 [ERROR] LogOutputStream:75 - [STDERR_REDIRECT] WARNING: Could not lock System prefs. Unix error code 31840.
2026-09-04 00:58:23,898 [ERROR] LogOutputStream:75 - [STDERR_REDIRECT] 
2026-09-04 00:58:23,898 [ERROR] LogOutputStream:75 - [STDERR_REDIRECT] Sep 04, 2026 12:58:23 AM java.util.prefs.FileSystemPreferences syncWorld
2026-09-04 00:58:23,898 [ERROR] LogOutputStream:75 - [STDERR_REDIRECT] WARNING: Couldn't flush system prefs: java.util.prefs.BackingStoreException: Couldn't get file lock.
2026-09-04 00:58:23,898 [ERROR] LogOutputStream:75 - [STDERR_REDIRECT] 
2026-09-04 00:58:53,898 [ERROR] LogOutputStream:75 - [STDERR_REDIRECT] Sep 04, 2026 12:58:53 AM java.util.prefs.FileSystemPreferences checkLockFile0ErrorCode
2026-09-04 00:58:53,898 [ERROR] LogOutputStream:75 - [STDERR_REDIRECT] WARNING: Could not lock System prefs. Unix error code 31840.
2026-09-04 00:58:53,898 [ERROR] LogOutputStream:75 - [STDERR_REDIRECT] 
2026-09-04 00:58:53,898 [ERROR] LogOutputStream:75 - [STDERR_REDIRECT] Sep 04, 2026 12:58:53 AM java.util.prefs.FileSystemPreferences syncWorld
2026-09-04 00:58:53,899 [ERROR] LogOutputStream:75 - [STDERR_REDIRECT] WARNING: Couldn't flush system prefs: java.util.prefs.BackingStoreException: Couldn't get file lock.
2026-09-04 00:58:53,899 [ERROR] LogOutputStream:75 - [STDERR_REDIRECT] 
2026-09-04 00:59:23,898 [ERROR] LogOutputStream:75 - [STDERR_REDIRECT] Sep 04, 2026 12:59:23 AM java.util.prefs.FileSystemPreferences checkLockFile0ErrorCode
2026-09-04 00:59:23,899 [ERROR] LogOutputStream:75 - [STDERR_REDIRECT] WARNING: Could not lock System prefs. Unix error code 31840.
2026-09-04 00:59:23,899 [ERROR] LogOutputStream:75 - [STDERR_REDIRECT] 
2026-09-04 00:59:23,899 [ERROR] LogOutputStream:75 - [STDERR_REDIRECT] Sep 04, 2026 12:59:23 AM java.util.prefs.FileSystemPreferences syncWorld
2026-09-04 00:59:23,899 [ERROR] LogOutputStream:75 - [STDERR_REDIRECT] WARNING: Couldn't flush system prefs: java.util.prefs.BackingStoreException: Couldn't get file lock.
2026-09-04 00:59:23,899 [ERROR] LogOutputStream:75 - [STDERR_REDIRECT] 
2026-09-04 00:59:53,899 [ERROR] LogOutputStream:75 - [STDERR_REDIRECT] Sep 04, 2026 12:59:53 AM java.util.prefs.FileSystemPreferences checkLockFile0ErrorCode
2026-09-04 00:59:53,900 [ERROR] LogOutputStream:75 - [STDERR_REDIRECT] WARNING: Could not lock System prefs. Unix error code 31840.
2026-09-04 00:59:53,900 [ERROR] LogOutputStream:75 - [STDERR_REDIRECT] 
2026-09-04 00:59:53,900 [ERROR] LogOutputStream:75 - [STDERR_REDIRECT] Sep 04, 2026 12:59:53 AM java.util.prefs.FileSystemPreferences syncWorld
2026-09-04 00:59:53,900 [ERROR] LogOutputStream:75 - [STDERR_REDIRECT] WARNING: Couldn't flush system prefs: java.util.prefs.BackingStoreException: Couldn't get file lock.
2026-09-04 00:59:53,900 [ERROR] LogOutputStream:75 - [STDERR_REDIRECT] 
2026-09-04 01:00:23,900 [ERROR] LogOutputStream:75 - [STDERR_REDIRECT] Sep 04, 2026 1:00:23 AM java.util.prefs.FileSystemPreferences checkLockFile0ErrorCode
2026-09-04 01:00:23,900 [ERROR] LogOutputStream:75 - [STDERR_REDIRECT] WARNING: Could not lock System prefs. Unix error code 31840.
2026-09-04 01:00:23,900 [ERROR] LogOutputStream:75 - [STDERR_REDIRECT] 
2026-09-04 01:00:23,901 [ERROR] LogOutputStream:75 - [STDERR_REDIRECT] Sep 04, 2026 1:00:23 AM java.util.prefs.FileSystemPreferences syncWorld
2026-09-04 01:00:23,901 [ERROR] LogOutputStream:75 - [STDERR_REDIRECT] WARNING: Couldn't flush system prefs: java.util.prefs.BackingStoreException: Couldn't get file lock.
2026-09-04 01:00:23,901 [ERROR] LogOutputStream:75 - [STDERR_REDIRECT] 
2026-09-04 01:00:53,900 [ERROR] LogOutputStream:75 - [STDERR_REDIRECT] Sep 04, 2026 1:00:53 AM java.util.prefs.FileSystemPreferences checkLockFile0ErrorCode
2026-09-04 01:00:53,900 [ERROR] LogOutputStream:75 - [STDERR_REDIRECT] WARNING: Could not lock System prefs. Unix error code 31840.
2026-09-04 01:00:53,901 [ERROR] LogOutputStream:75 - [STDERR_REDIRECT] 
2026-09-04 01:00:53,901 [ERROR] LogOutputStream:75 - [STDERR_REDIRECT] Sep 04, 2026 1:00:53 AM java.util.prefs.FileSystemPreferences syncWorld
2026-09-04 01:00:53,901 [ERROR] LogOutputStream:75 - [STDERR_REDIRECT] WARNING: Couldn't flush system prefs: java.util.prefs.BackingStoreException: Couldn't get file lock.
2026-09-04 01:00:53,901 [ERROR] LogOutputStream:75 - [STDERR_REDIRECT] 
2026-09-04 01:01:24,430 [ERROR] LogOutputStream:75 - [STDERR_REDIRECT] Sep 04, 2026 1:01:24 AM java.util.prefs.FileSystemPreferences checkLockFile0ErrorCode
2026-09-04 01:01:24,431 [ERROR] LogOutputStream:75 - [STDERR_REDIRECT] WARNING: Could not lock System prefs. Unix error code 31840.
2026-09-04 01:01:24,431 [ERROR] LogOutputStream:75 - [STDERR_REDIRECT] 
2026-09-04 01:01:24,431 [ERROR] LogOutputStream:75 - [STDERR_REDIRECT] Sep 04, 2026 1:01:24 AM java.util.prefs.FileSystemPreferences syncWorld
2026-09-04 01:01:24,431 [ERROR] LogOutputStream:75 - [STDERR_REDIRECT] WARNING: Couldn't flush system prefs: java.util.prefs.BackingStoreException: Couldn't get file lock.
2026-09-04 01:01:24,431 [ERROR] LogOutputStream:75 - [STDERR_REDIRECT] 
2026-09-04 01:01:54,431 [ERROR] LogOutputStream:75 - [STDERR_REDIRECT] Sep 04, 2026 1:01:54 AM java.util.prefs.FileSystemPreferences checkLockFile0ErrorCode
2026-09-04 01:01:54,431 [ERROR] LogOutputStream:75 - [STDERR_REDIRECT] WARNING: Could not lock System prefs. Unix error code 31840.
2026-09-04 01:01:54,431 [ERROR] LogOutputStream:75 - [STDERR_REDIRECT] 
2026-09-04 01:01:54,432 [ERROR] LogOutputStream:75 - [STDERR_REDIRECT] Sep 04, 2026 1:01:54 AM java.util.prefs.FileSystemPreferences syncWorld
2026-09-04 01:01:54,432 [ERROR] LogOutputStream:75 - [STDERR_REDIRECT] WARNING: Couldn't flush system prefs: java.util.prefs.BackingStoreException: Couldn't get file lock.
2026-09-04 01:01:54,432 [ERROR] LogOutputStream:75 - [STDERR_REDIRECT] 
2026-09-04 01:02:24,431 [ERROR] LogOutputStream:75 - [STDERR_REDIRECT] Sep 04, 2026 1:02:24 AM java.util.prefs.FileSystemPreferences checkLockFile0ErrorCode
2026-09-04 01:02:24,432 [ERROR] LogOutputStream:75 - [STDERR_REDIRECT] WARNING: Could not lock System prefs. Unix error code 31840.
2026-09-04 01:02:24,432 [ERROR] LogOutputStream:75 - [STDERR_REDIRECT] 
2026-09-04 01:02:24,432 [ERROR] LogOutputStream:75 - [STDERR_REDIRECT] Sep 04, 2026 1:02:24 AM java.util.prefs.FileSystemPreferences syncWorld
2026-09-04 01:02:24,432 [ERROR] LogOutputStream:75 - [STDERR_REDIRECT] WARNING: Couldn't flush system prefs: java.util.prefs.BackingStoreException: Couldn't get file lock.
2026-09-04 01:02:24,432 [ERROR] LogOutputStream:75 - [STDERR_REDIRECT] 
2026-09-04 01:02:54,431 [ERROR] LogOutputStream:75 - [STDERR_REDIRECT] Sep 04, 2026 1:02:54 AM java.util.prefs.FileSystemPreferences checkLockFile0ErrorCode
2026-09-04 01:02:54,431 [ERROR] LogOutputStream:75 - [STDERR_REDIRECT] WARNING: Could not lock System prefs. Unix error code 31840.
2026-09-04 01:02:54,431 [ERROR] LogOutputStream:75 - [STDERR_REDIRECT] 
2026-09-04 01:02:54,432 [ERROR] LogOutputStream:75 - [STDERR_REDIRECT] Sep 04, 2026 1:02:54 AM java.util.prefs.FileSystemPreferences syncWorld
2026-09-04 01:02:54,432 [ERROR] LogOutputStream:75 - [STDERR_REDIRECT] WARNING: Couldn't flush system prefs: java.util.prefs.BackingStoreException: Couldn't get file lock.
2026-09-04 01:02:54,432 [ERROR] LogOutputStream:75 - [STDERR_REDIRECT] 
2026-09-04 01:03:24,431 [ERROR] LogOutputStream:75 - [STDERR_REDIRECT] Sep 04, 2026 1:03:24 AM java.util.prefs.FileSystemPreferences checkLockFile0ErrorCode
2026-09-04 01:03:24,431 [ERROR] LogOutputStream:75 - [STDERR_REDIRECT] WARNING: Could not lock System prefs. Unix error code 31840.
2026-09-04 01:03:24,432 [ERROR] LogOutputStream:75 - [STDERR_REDIRECT] 
2026-09-04 01:03:24,432 [ERROR] LogOutputStream:75 - [STDERR_REDIRECT] Sep 04, 2026 1:03:24 AM java.util.prefs.FileSystemPreferences syncWorld
2026-09-04 01:03:24,432 [ERROR] LogOutputStream:75 - [STDERR_REDIRECT] WARNING: Couldn't flush system prefs: java.util.prefs.BackingStoreException: Couldn't get file lock.
2026-09-04 01:03:24,432 [ERROR] LogOutputStream:75 - [STDERR_REDIRECT] 
2026-09-04 01:03:54,432 [ERROR] LogOutputStream:75 - [STDERR_REDIRECT] Sep 04, 2026 1:03:54 AM java.util.prefs.FileSystemPreferences checkLockFile0ErrorCode
2026-09-04 01:03:54,432 [ERROR] LogOutputStream:75 - [STDERR_REDIRECT] WARNING: Could not lock System prefs. Unix error code 31840.
2026-09-04 01:03:54,432 [ERROR] LogOutputStream:75 - [STDERR_REDIRECT] 
2026-09-04 01:03:54,432 [ERROR] LogOutputStream:75 - [STDERR_REDIRECT] Sep 04, 2026 1:03:54 AM java.util.prefs.FileSystemPreferences syncWorld
2026-09-04 01:03:54,433 [ERROR] LogOutputStream:75 - [STDERR_REDIRECT] WARNING: Couldn't flush system prefs: java.util.prefs.BackingStoreException: Couldn't get file lock.
2026-09-04 01:03:54,433 [ERROR] LogOutputStream:75 - [STDERR_REDIRECT] 
2026-09-04 01:04:24,431 [ERROR] LogOutputStream:75 - [STDERR_REDIRECT] Sep 04, 2026 1:04:24 AM java.util.prefs.FileSystemPreferences checkLockFile0ErrorCode
2026-09-04 01:04:24,432 [ERROR] LogOutputStream:75 - [STDERR_REDIRECT] WARNING: Could not lock System prefs. Unix error code 31840.
2026-09-04 01:04:24,432 [ERROR] LogOutputStream:75 - [STDERR_REDIRECT] 
2026-09-04 01:04:24,432 [ERROR] LogOutputStream:75 - [STDERR_REDIRECT] Sep 04, 2026 1:04:24 AM java.util.prefs.FileSystemPreferences syncWorld
2026-09-04 01:04:24,432 [ERROR] LogOutputStream:75 - [STDERR_REDIRECT] WARNING: Couldn't flush system prefs: java.util.prefs.BackingStoreException: Couldn't get file lock.
2026-09-04 01:04:24,432 [ERROR] LogOutputStream:75 - [STDERR_REDIRECT] 
2026-09-04 01:04:54,432 [ERROR] LogOutputStream:75 - [STDERR_REDIRECT] Sep 04, 2026 1:04:54 AM java.util.prefs.FileSystemPreferences checkLockFile0ErrorCode
2026-09-04 01:04:54,432 [ERROR] LogOutputStream:75 - [STDERR_REDIRECT] WARNING: Could not lock System prefs. Unix error code 31840.
2026-09-04 01:04:54,432 [ERROR] LogOutputStream:75 - [STDERR_REDIRECT] 
2026-09-04 01:04:54,433 [ERROR] LogOutputStream:75 - [STDERR_REDIRECT] Sep 04, 2026 1:04:54 AM java.util.prefs.FileSystemPreferences syncWorld
2026-09-04 01:04:54,433 [ERROR] LogOutputStream:75 - [STDERR_REDIRECT] WARNING: Couldn't flush system prefs: java.util.prefs.BackingStoreException: Couldn't get file lock.
2026-09-04 01:04:54,433 [ERROR] LogOutputStream:75 - [STDERR_REDIRECT] 
2026-09-04 01:05:24,432 [ERROR] LogOutputStream:75 - [STDERR_REDIRECT] Sep 04, 2026 1:05:24 AM java.util.prefs.FileSystemPreferences checkLockFile0ErrorCode
2026-09-04 01:05:24,432 [ERROR] LogOutputStream:75 - [STDERR_REDIRECT] WARNING: Could not lock System prefs. Unix error code 31840.
2026-09-04 01:05:24,432 [ERROR] LogOutputStream:75 - [STDERR_REDIRECT] 
2026-09-04 01:05:24,433 [ERROR] LogOutputStream:75 - [STDERR_REDIRECT] Sep 04, 2026 1:05:24 AM java.util.prefs.FileSystemPreferences syncWorld
2026-09-04 01:05:24,433 [ERROR] LogOutputStream:75 - [STDERR_REDIRECT] WARNING: Couldn't flush system prefs: java.util.prefs.BackingStoreException: Couldn't get file lock.
2026-09-04 01:05:24,433 [ERROR] LogOutputStream:75 - [STDERR_REDIRECT] 
2026-09-04 01:05:54,432 [ERROR] LogOutputStream:75 - [STDERR_REDIRECT] Sep 04, 2026 1:05:54 AM java.util.prefs.FileSystemPreferences checkLockFile0ErrorCode
2026-09-04 01:05:54,433 [ERROR] LogOutputStream:75 - [STDERR_REDIRECT] WARNING: Could not lock System prefs. Unix error code 31840.
2026-09-04 01:05:54,433 [ERROR] LogOutputStream:75 - [STDERR_REDIRECT] 
2026-09-04 01:05:54,433 [ERROR] LogOutputStream:75 - [STDERR_REDIRECT] Sep 04, 2026 1:05:54 AM java.util.prefs.FileSystemPreferences syncWorld
2026-09-04 01:05:54,433 [ERROR] LogOutputStream:75 - [STDERR_REDIRECT] WARNING: Couldn't flush system prefs: java.util.prefs.BackingStoreException: Couldn't get file lock.
2026-09-04 01:05:54,433 [ERROR] LogOutputStream:75 - [STDERR_REDIRECT] 
2026-09-04 01:06:24,433 [ERROR] LogOutputStream:75 - [STDERR_REDIRECT] Sep 04, 2026 1:06:24 AM java.util.prefs.FileSystemPreferences checkLockFile0ErrorCode
2026-09-04 01:06:24,433 [ERROR] LogOutputStream:75 - [STDERR_REDIRECT] WARNING: Could not lock System prefs. Unix error code 31840.
2026-09-04 01:06:24,433 [ERROR] LogOutputStream:75 - [STDERR_REDIRECT] 
2026-09-04 01:06:24,434 [ERROR] LogOutputStream:75 - [STDERR_REDIRECT] Sep 04, 2026 1:06:24 AM java.util.prefs.FileSystemPreferences syncWorld
2026-09-04 01:06:24,434 [ERROR] LogOutputStream:75 - [STDERR_REDIRECT] WARNING: Couldn't flush system prefs: java.util.prefs.BackingStoreException: Couldn't get file lock.
2026-09-04 01:06:24,434 [ERROR] LogOutputStream:75 - [STDERR_REDIRECT] 
2026-09-04 01:06:54,433 [ERROR] LogOutputStream:75 - [STDERR_REDIRECT] Sep 04, 2026 1:06:54 AM java.util.prefs.FileSystemPreferences checkLockFile0ErrorCode
2026-09-04 01:06:54,433 [ERROR] LogOutputStream:75 - [STDERR_REDIRECT] WARNING: Could not lock System prefs. Unix error code 31840.
2026-09-04 01:06:54,433 [ERROR] LogOutputStream:75 - [STDERR_REDIRECT] 
2026-09-04 01:06:54,434 [ERROR] LogOutputStream:75 - [STDERR_REDIRECT] Sep 04, 2026 1:06:54 AM java.util.prefs.FileSystemPreferences syncWorld
2026-09-04 01:06:54,434 [ERROR] LogOutputStream:75 - [STDERR_REDIRECT] WARNING: Couldn't flush system prefs: java.util.prefs.BackingStoreException: Couldn't get file lock.
2026-09-04 01:06:54,434 [ERROR] LogOutputStream:75 - [STDERR_REDIRECT] 
2026-09-04 01:07:24,434 [ERROR] LogOutputStream:75 - [STDERR_REDIRECT] Sep 04, 2026 1:07:24 AM java.util.prefs.FileSystemPreferences checkLockFile0ErrorCode
2026-09-04 01:07:24,434 [ERROR] LogOutputStream:75 - [STDERR_REDIRECT] WARNING: Could not lock System prefs. Unix error code 31840.
2026-09-04 01:07:24,434 [ERROR] LogOutputStream:75 - [STDERR_REDIRECT] 
2026-09-04 01:07:24,434 [ERROR] LogOutputStream:75 - [STDERR_REDIRECT] Sep 04, 2026 1:07:24 AM java.util.prefs.FileSystemPreferences syncWorld
2026-09-04 01:07:24,435 [ERROR] LogOutputStream:75 - [STDERR_REDIRECT] WARNING: Couldn't flush system prefs: java.util.prefs.BackingStoreException: Couldn't get file lock.
2026-09-04 01:07:24,435 [ERROR] LogOutputStream:75 - [STDERR_REDIRECT] 
2026-09-04 01:07:54,432 [ERROR] LogOutputStream:75 - [STDERR_REDIRECT] Sep 04, 2026 1:07:54 AM java.util.prefs.FileSystemPreferences checkLockFile0ErrorCode
2026-09-04 01:07:54,433 [ERROR] LogOutputStream:75 - [STDERR_REDIRECT] WARNING: Could not lock System prefs. Unix error code 31840.
2026-09-04 01:07:54,433 [ERROR] LogOutputStream:75 - [STDERR_REDIRECT] 
2026-09-04 01:07:54,433 [ERROR] LogOutputStream:75 - [STDERR_REDIRECT] Sep 04, 2026 1:07:54 AM java.util.prefs.FileSystemPreferences syncWorld
2026-09-04 01:07:54,433 [ERROR] LogOutputStream:75 - [STDERR_REDIRECT] WARNING: Couldn't flush system prefs: java.util.prefs.BackingStoreException: Couldn't get file lock.
2026-09-04 01:07:54,433 [ERROR] LogOutputStream:75 - [STDERR_REDIRECT] 
2026-09-04 01:08:24,433 [ERROR] LogOutputStream:75 - [STDERR_REDIRECT] Sep 04, 2026 1:08:24 AM java.util.prefs.FileSystemPreferences checkLockFile0ErrorCode
2026-09-04 01:08:24,433 [ERROR] LogOutputStream:75 - [STDERR_REDIRECT] WARNING: Could not lock System prefs. Unix error code 31840.
2026-09-04 01:08:24,433 [ERROR] LogOutputStream:75 - [STDERR_REDIRECT] 
2026-09-04 01:08:24,433 [ERROR] LogOutputStream:75 - [STDERR_REDIRECT] Sep 04, 2026 1:08:24 AM java.util.prefs.FileSystemPreferences syncWorld
2026-09-04 01:08:24,433 [ERROR] LogOutputStream:75 - [STDERR_REDIRECT] WARNING: Couldn't flush system prefs: java.util.prefs.BackingStoreException: Couldn't get file lock.
2026-09-04 01:08:24,433 [ERROR] LogOutputStream:75 - [STDERR_REDIRECT] 
2026-09-04 01:08:54,434 [ERROR] LogOutputStream:75 - [STDERR_REDIRECT] Sep 04, 2026 1:08:54 AM java.util.prefs.FileSystemPreferences checkLockFile0ErrorCode
2026-09-04 01:08:54,434 [ERROR] LogOutputStream:75 - [STDERR_REDIRECT] WARNING: Could not lock System prefs. Unix error code 31840.
2026-09-04 01:08:54,434 [ERROR] LogOutputStream:75 - [STDERR_REDIRECT] 
2026-09-04 01:08:54,435 [ERROR] LogOutputStream:75 - [STDERR_REDIRECT] Sep 04, 2026 1:08:54 AM java.util.prefs.FileSystemPreferences syncWorld
2026-09-04 01:08:54,435 [ERROR] LogOutputStream:75 - [STDERR_REDIRECT] WARNING: Couldn't flush system prefs: java.util.prefs.BackingStoreException: Couldn't get file lock.
2026-09-04 01:08:54,435 [ERROR] LogOutputStream:75 - [STDERR_REDIRECT] 
2026-09-04 01:09:24,434 [ERROR] LogOutputStream:75 - [STDERR_REDIRECT] Sep 04, 2026 1:09:24 AM java.util.prefs.FileSystemPreferences checkLockFile0ErrorCode
2026-09-04 01:09:24,434 [ERROR] LogOutputStream:75 - [STDERR_REDIRECT] WARNING: Could not lock System prefs. Unix error code 31840.
2026-09-04 01:09:24,451 [ERROR] LogOutputStream:75 - [STDERR_REDIRECT] 
2026-09-04 01:09:24,452 [ERROR] LogOutputStream:75 - [STDERR_REDIRECT] Sep 04, 2026 1:09:24 AM java.util.prefs.FileSystemPreferences syncWorld
2026-09-04 01:09:24,452 [ERROR] LogOutputStream:75 - [STDERR_REDIRECT] WARNING: Couldn't flush system prefs: java.util.prefs.BackingStoreException: Couldn't get file lock.
2026-09-04 01:09:24,452 [ERROR] LogOutputStream:75 - [STDERR_REDIRECT] 
2026-09-04 01:09:54,434 [ERROR] LogOutputStream:75 - [STDERR_REDIRECT] Sep 04, 2026 1:09:54 AM java.util.prefs.FileSystemPreferences checkLockFile0ErrorCode
2026-09-04 01:09:54,434 [ERROR] LogOutputStream:75 - [STDERR_REDIRECT] WARNING: Could not lock System prefs. Unix error code 31840.
2026-09-04 01:09:54,434 [ERROR] LogOutputStream:75 - [STDERR_REDIRECT] 
2026-09-04 01:09:54,435 [ERROR] LogOutputStream:75 - [STDERR_REDIRECT] Sep 04, 2026 1:09:54 AM java.util.prefs.FileSystemPreferences syncWorld
2026-09-04 01:09:54,435 [ERROR] LogOutputStream:75 - [STDERR_REDIRECT] WARNING: Couldn't flush system prefs: java.util.prefs.BackingStoreException: Couldn't get file lock.
2026-09-04 01:09:54,435 [ERROR] LogOutputStream:75 - [STDERR_REDIRECT] 
2026-09-04 01:10:24,434 [ERROR] LogOutputStream:75 - [STDERR_REDIRECT] Sep 04, 2026 1:10:24 AM java.util.prefs.FileSystemPreferences checkLockFile0ErrorCode
2026-09-04 01:10:24,434 [ERROR] LogOutputStream:75 - [STDERR_REDIRECT] WARNING: Could not lock System prefs. Unix error code 31840.
2026-09-04 01:10:24,434 [ERROR] LogOutputStream:75 - [STDERR_REDIRECT] 
2026-09-04 01:10:24,435 [ERROR] LogOutputStream:75 - [STDERR_REDIRECT] Sep 04, 2026 1:10:24 AM java.util.prefs.FileSystemPreferences syncWorld
2026-09-04 01:10:24,435 [ERROR] LogOutputStream:75 - [STDERR_REDIRECT] WARNING: Couldn't flush system prefs: java.util.prefs.BackingStoreException: Couldn't get file lock.
2026-09-04 01:10:24,435 [ERROR] LogOutputStream:75 - [STDERR_REDIRECT] 
2026-09-04 01:10:54,434 [ERROR] LogOutputStream:75 - [STDERR_REDIRECT] Sep 04, 2026 1:10:54 AM java.util.prefs.FileSystemPreferences checkLockFile0ErrorCode
2026-09-04 01:10:54,434 [ERROR] LogOutputStream:75 - [STDERR_REDIRECT] WARNING: Could not lock System prefs. Unix error code 31840.
2026-09-04 01:10:54,434 [ERROR] LogOutputStream:75 - [STDERR_REDIRECT] 
2026-09-04 01:10:54,435 [ERROR] LogOutputStream:75 - [STDERR_REDIRECT] Sep 04, 2026 1:10:54 AM java.util.prefs.FileSystemPreferences syncWorld
2026-09-04 01:10:54,435 [ERROR] LogOutputStream:75 - [STDERR_REDIRECT] WARNING: Couldn't flush system prefs: java.util.prefs.BackingStoreException: Couldn't get file lock.
2026-09-04 01:10:54,435 [ERROR] LogOutputStream:75 - [STDERR_REDIRECT] 
2026-09-04 01:11:24,434 [ERROR] LogOutputStream:75 - [STDERR_REDIRECT] Sep 04, 2026 1:11:24 AM java.util.prefs.FileSystemPreferences checkLockFile0ErrorCode
2026-09-04 01:11:24,434 [ERROR] LogOutputStream:75 - [STDERR_REDIRECT] WARNING: Could not lock System prefs. Unix error code 31840.
2026-09-04 01:11:24,434 [ERROR] LogOutputStream:75 - [STDERR_REDIRECT] 
2026-09-04 01:11:24,435 [ERROR] LogOutputStream:75 - [STDERR_REDIRECT] Sep 04, 2026 1:11:24 AM java.util.prefs.FileSystemPreferences syncWorld
2026-09-04 01:11:24,435 [ERROR] LogOutputStream:75 - [STDERR_REDIRECT] WARNING: Couldn't flush system prefs: java.util.prefs.BackingStoreException: Couldn't get file lock.
2026-09-04 01:11:24,435 [ERROR] LogOutputStream:75 - [STDERR_REDIRECT] 
2026-09-04 01:11:54,434 [ERROR] LogOutputStream:75 - [STDERR_REDIRECT] Sep 04, 2026 1:11:54 AM java.util.prefs.FileSystemPreferences checkLockFile0ErrorCode
2026-09-04 01:11:54,435 [ERROR] LogOutputStream:75 - [STDERR_REDIRECT] WARNING: Could not lock System prefs. Unix error code 31840.
2026-09-04 01:11:54,435 [ERROR] LogOutputStream:75 - [STDERR_REDIRECT] 
2026-09-04 01:11:54,435 [ERROR] LogOutputStream:75 - [STDERR_REDIRECT] Sep 04, 2026 1:11:54 AM java.util.prefs.FileSystemPreferences syncWorld
2026-09-04 01:11:54,435 [ERROR] LogOutputStream:75 - [STDERR_REDIRECT] WARNING: Couldn't flush system prefs: java.util.prefs.BackingStoreException: Couldn't get file lock.
2026-09-04 01:11:54,435 [ERROR] LogOutputStream:75 - [STDERR_REDIRECT] 
2026-09-04 01:12:24,433 [ERROR] LogOutputStream:75 - [STDERR_REDIRECT] Sep 04, 2026 1:12:24 AM java.util.prefs.FileSystemPreferences checkLockFile0ErrorCode
2026-09-04 01:12:24,434 [ERROR] LogOutputStream:75 - [STDERR_REDIRECT] WARNING: Could not lock System prefs. Unix error code 31840.
2026-09-04 01:12:24,434 [ERROR] LogOutputStream:75 - [STDERR_REDIRECT] 
2026-09-04 01:12:24,434 [ERROR] LogOutputStream:75 - [STDERR_REDIRECT] Sep 04, 2026 1:12:24 AM java.util.prefs.FileSystemPreferences syncWorld
2026-09-04 01:12:24,434 [ERROR] LogOutputStream:75 - [STDERR_REDIRECT] WARNING: Couldn't flush system prefs: java.util.prefs.BackingStoreException: Couldn't get file lock.
2026-09-04 01:12:24,434 [ERROR] LogOutputStream:75 - [STDERR_REDIRECT] 
2026-09-04 01:12:54,434 [ERROR] LogOutputStream:75 - [STDERR_REDIRECT] Sep 04, 2026 1:12:54 AM java.util.prefs.FileSystemPreferences checkLockFile0ErrorCode
2026-09-04 01:12:54,435 [ERROR] LogOutputStream:75 - [STDERR_REDIRECT] WARNING: Could not lock System prefs. Unix error code 31840.
2026-09-04 01:12:54,435 [ERROR] LogOutputStream:75 - [STDERR_REDIRECT] 
2026-09-04 01:12:54,435 [ERROR] LogOutputStream:75 - [STDERR_REDIRECT] Sep 04, 2026 1:12:54 AM java.util.prefs.FileSystemPreferences syncWorld
2026-09-04 01:12:54,435 [ERROR] LogOutputStream:75 - [STDERR_REDIRECT] WARNING: Couldn't flush system prefs: java.util.prefs.BackingStoreException: Couldn't get file lock.
2026-09-04 01:12:54,435 [ERROR] LogOutputStream:75 - [STDERR_REDIRECT] 
2026-09-04 01:13:24,435 [ERROR] LogOutputStream:75 - [STDERR_REDIRECT] Sep 04, 2026 1:13:24 AM java.util.prefs.FileSystemPreferences checkLockFile0ErrorCode
2026-09-04 01:13:24,435 [ERROR] LogOutputStream:75 - [STDERR_REDIRECT] WARNING: Could not lock System prefs. Unix error code 31840.
2026-09-04 01:13:24,436 [ERROR] LogOutputStream:75 - [STDERR_REDIRECT] 
2026-09-04 01:13:24,436 [ERROR] LogOutputStream:75 - [STDERR_REDIRECT] Sep 04, 2026 1:13:24 AM java.util.prefs.FileSystemPreferences syncWorld
2026-09-04 01:13:24,453 [ERROR] LogOutputStream:75 - [STDERR_REDIRECT] WARNING: Couldn't flush system prefs: java.util.prefs.BackingStoreException: Couldn't get file lock.
2026-09-04 01:13:24,453 [ERROR] LogOutputStream:75 - [STDERR_REDIRECT] 
2026-09-04 01:13:54,435 [ERROR] LogOutputStream:75 - [STDERR_REDIRECT] Sep 04, 2026 1:13:54 AM java.util.prefs.FileSystemPreferences checkLockFile0ErrorCode
2026-09-04 01:13:54,436 [ERROR] LogOutputStream:75 - [STDERR_REDIRECT] WARNING: Could not lock System prefs. Unix error code 31840.
2026-09-04 01:13:54,436 [ERROR] LogOutputStream:75 - [STDERR_REDIRECT] 
2026-09-04 01:13:54,436 [ERROR] LogOutputStream:75 - [STDERR_REDIRECT] Sep 04, 2026 1:13:54 AM java.util.prefs.FileSystemPreferences syncWorld
2026-09-04 01:13:54,436 [ERROR] LogOutputStream:75 - [STDERR_REDIRECT] WARNING: Couldn't flush system prefs: java.util.prefs.BackingStoreException: Couldn't get file lock.
2026-09-04 01:13:54,436 [ERROR] LogOutputStream:75 - [STDERR_REDIRECT] 
2026-09-04 01:14:24,435 [ERROR] LogOutputStream:75 - [STDERR_REDIRECT] Sep 04, 2026 1:14:24 AM java.util.prefs.FileSystemPreferences checkLockFile0ErrorCode
2026-09-04 01:14:24,435 [ERROR] LogOutputStream:75 - [STDERR_REDIRECT] WARNING: Could not lock System prefs. Unix error code 31840.
2026-09-04 01:14:24,435 [ERROR] LogOutputStream:75 - [STDERR_REDIRECT] 
2026-09-04 01:14:24,435 [ERROR] LogOutputStream:75 - [STDERR_REDIRECT] Sep 04, 2026 1:14:24 AM java.util.prefs.FileSystemPreferences syncWorld
2026-09-04 01:14:24,436 [ERROR] LogOutputStream:75 - [STDERR_REDIRECT] WARNING: Couldn't flush system prefs: java.util.prefs.BackingStoreException: Couldn't get file lock.
2026-09-04 01:14:24,436 [ERROR] LogOutputStream:75 - [STDERR_REDIRECT] 
2026-09-04 01:14:54,435 [ERROR] LogOutputStream:75 - [STDERR_REDIRECT] Sep 04, 2026 1:14:54 AM java.util.prefs.FileSystemPreferences checkLockFile0ErrorCode
2026-09-04 01:14:54,435 [ERROR] LogOutputStream:75 - [STDERR_REDIRECT] WARNING: Could not lock System prefs. Unix error code 31840.
2026-09-04 01:14:54,435 [ERROR] LogOutputStream:75 - [STDERR_REDIRECT] 
2026-09-04 01:14:54,436 [ERROR] LogOutputStream:75 - [STDERR_REDIRECT] Sep 04, 2026 1:14:54 AM java.util.prefs.FileSystemPreferences syncWorld
2026-09-04 01:14:54,436 [ERROR] LogOutputStream:75 - [STDERR_REDIRECT] WARNING: Couldn't flush system prefs: java.util.prefs.BackingStoreException: Couldn't get file lock.
2026-09-04 01:14:54,436 [ERROR] LogOutputStream:75 - [STDERR_REDIRECT] 
2026-09-04 01:15:24,436 [ERROR] LogOutputStream:75 - [STDERR_REDIRECT] Sep 04, 2026 1:15:24 AM java.util.prefs.FileSystemPreferences checkLockFile0ErrorCode
2026-09-04 01:15:24,436 [ERROR] LogOutputStream:75 - [STDERR_REDIRECT] WARNING: Could not lock System prefs. Unix error code 31840.
2026-09-04 01:15:24,436 [ERROR] LogOutputStream:75 - [STDERR_REDIRECT] 
2026-09-04 01:15:24,436 [ERROR] LogOutputStream:75 - [STDERR_REDIRECT] Sep 04, 2026 1:15:24 AM java.util.prefs.FileSystemPreferences syncWorld
2026-09-04 01:15:24,437 [ERROR] LogOutputStream:75 - [STDERR_REDIRECT] WARNING: Couldn't flush system prefs: java.util.prefs.BackingStoreException: Couldn't get file lock.
2026-09-04 01:15:24,437 [ERROR] LogOutputStream:75 - [STDERR_REDIRECT] 
2026-09-04 01:15:54,435 [ERROR] LogOutputStream:75 - [STDERR_REDIRECT] Sep 04, 2026 1:15:54 AM java.util.prefs.FileSystemPreferences checkLockFile0ErrorCode
2026-09-04 01:15:54,436 [ERROR] LogOutputStream:75 - [STDERR_REDIRECT] WARNING: Could not lock System prefs. Unix error code 31840.
2026-09-04 01:15:54,436 [ERROR] LogOutputStream:75 - [STDERR_REDIRECT] 
2026-09-04 01:15:54,436 [ERROR] LogOutputStream:75 - [STDERR_REDIRECT] Sep 04, 2026 1:15:54 AM java.util.prefs.FileSystemPreferences syncWorld
2026-09-04 01:15:54,436 [ERROR] LogOutputStream:75 - [STDERR_REDIRECT] WARNING: Couldn't flush system prefs: java.util.prefs.BackingStoreException: Couldn't get file lock.
2026-09-04 01:15:54,436 [ERROR] LogOutputStream:75 - [STDERR_REDIRECT] 
2026-09-04 01:16:24,435 [ERROR] LogOutputStream:75 - [STDERR_REDIRECT] Sep 04, 2026 1:16:24 AM java.util.prefs.FileSystemPreferences checkLockFile0ErrorCode
2026-09-04 01:16:24,436 [ERROR] LogOutputStream:75 - [STDERR_REDIRECT] WARNING: Could not lock System prefs. Unix error code 31840.
2026-09-04 01:16:24,436 [ERROR] LogOutputStream:75 - [STDERR_REDIRECT] 
2026-09-04 01:16:24,436 [ERROR] LogOutputStream:75 - [STDERR_REDIRECT] Sep 04, 2026 1:16:24 AM java.util.prefs.FileSystemPreferences syncWorld
2026-09-04 01:16:24,436 [ERROR] LogOutputStream:75 - [STDERR_REDIRECT] WARNING: Couldn't flush system prefs: java.util.prefs.BackingStoreException: Couldn't get file lock.
2026-09-04 01:16:24,436 [ERROR] LogOutputStream:75 - [STDERR_REDIRECT] 
2026-09-04 01:16:54,437 [ERROR] LogOutputStream:75 - [STDERR_REDIRECT] Sep 04, 2026 1:16:54 AM java.util.prefs.FileSystemPreferences checkLockFile0ErrorCode
2026-09-04 01:16:54,438 [ERROR] LogOutputStream:75 - [STDERR_REDIRECT] WARNING: Could not lock System prefs. Unix error code 31840.
2026-09-04 01:16:54,438 [ERROR] LogOutputStream:75 - [STDERR_REDIRECT] 
2026-09-04 01:16:54,438 [ERROR] LogOutputStream:75 - [STDERR_REDIRECT] Sep 04, 2026 1:16:54 AM java.util.prefs.FileSystemPreferences syncWorld
2026-09-04 01:16:54,438 [ERROR] LogOutputStream:75 - [STDERR_REDIRECT] WARNING: Couldn't flush system prefs: java.util.prefs.BackingStoreException: Couldn't get file lock.
2026-09-04 01:16:54,438 [ERROR] LogOutputStream:75 - [STDERR_REDIRECT] 
2026-09-04 22:26:53,520 [ERROR] LogOutputStream:75 - [STDERR_REDIRECT] Sep 04, 2026 10:26:53 PM java.util.prefs.FileSystemPreferences checkLockFile0ErrorCode
2026-09-04 22:26:53,520 [ERROR] LogOutputStream:75 - [STDERR_REDIRECT] WARNING: Could not lock System prefs. Unix error code 31840.
2026-09-04 22:26:53,520 [ERROR] LogOutputStream:75 - [STDERR_REDIRECT] 
2026-09-04 22:26:53,521 [ERROR] LogOutputStream:75 - [STDERR_REDIRECT] Sep 04, 2026 10:26:53 PM java.util.prefs.FileSystemPreferences syncWorld
2026-09-04 22:26:53,521 [ERROR] LogOutputStream:75 - [STDERR_REDIRECT] WARNING: Couldn't flush system prefs: java.util.prefs.BackingStoreException: Couldn't get file lock.
2026-09-04 22:26:53,521 [ERROR] LogOutputStream:75 - [STDERR_REDIRECT] 
2026-09-04 22:27:23,230 [ERROR] LogOutputStream:75 - [STDERR_REDIRECT] Sep 04, 2026 10:27:23 PM java.util.prefs.FileSystemPreferences checkLockFile0ErrorCode
2026-09-04 22:27:23,231 [ERROR] LogOutputStream:75 - [STDERR_REDIRECT] WARNING: Could not lock System prefs. Unix error code 31840.
2026-09-04 22:27:23,231 [ERROR] LogOutputStream:75 - [STDERR_REDIRECT] 
2026-09-04 22:27:23,231 [ERROR] LogOutputStream:75 - [STDERR_REDIRECT] Sep 04, 2026 10:27:23 PM java.util.prefs.FileSystemPreferences syncWorld
2026-09-04 22:27:23,231 [ERROR] LogOutputStream:75 - [STDERR_REDIRECT] WARNING: Couldn't flush system prefs: java.util.prefs.BackingStoreException: Couldn't get file lock.
2026-09-04 22:27:23,231 [ERROR] LogOutputStream:75 - [STDERR_REDIRECT] 
2026-09-04 22:27:53,231 [ERROR] LogOutputStream:75 - [STDERR_REDIRECT] Sep 04, 2026 10:27:53 PM java.util.prefs.FileSystemPreferences checkLockFile0ErrorCode
2026-09-04 22:27:53,231 [ERROR] LogOutputStream:75 - [STDERR_REDIRECT] WARNING: Could not lock System prefs. Unix error code 31840.
2026-09-04 22:27:53,231 [ERROR] LogOutputStream:75 - [STDERR_REDIRECT] 
2026-09-04 22:27:53,231 [ERROR] LogOutputStream:75 - [STDERR_REDIRECT] Sep 04, 2026 10:27:53 PM java.util.prefs.FileSystemPreferences syncWorld
2026-09-04 22:27:53,232 [ERROR] LogOutputStream:75 - [STDERR_REDIRECT] WARNING: Couldn't flush system prefs: java.util.prefs.BackingStoreException: Couldn't get file lock.
2026-09-04 22:27:53,232 [ERROR] LogOutputStream:75 - [STDERR_REDIRECT] 
2026-09-04 22:28:23,231 [ERROR] LogOutputStream:75 - [STDERR_REDIRECT] Sep 04, 2026 10:28:23 PM java.util.prefs.FileSystemPreferences checkLockFile0ErrorCode
2026-09-04 22:28:23,232 [ERROR] LogOutputStream:75 - [STDERR_REDIRECT] WARNING: Could not lock System prefs. Unix error code 31840.
2026-09-04 22:28:23,232 [ERROR] LogOutputStream:75 - [STDERR_REDIRECT] 
2026-09-04 22:28:23,232 [ERROR] LogOutputStream:75 - [STDERR_REDIRECT] Sep 04, 2026 10:28:23 PM java.util.prefs.FileSystemPreferences syncWorld
2026-09-04 22:28:23,232 [ERROR] LogOutputStream:75 - [STDERR_REDIRECT] WARNING: Couldn't flush system prefs: java.util.prefs.BackingStoreException: Couldn't get file lock.
2026-09-04 22:28:23,232 [ERROR] LogOutputStream:75 - [STDERR_REDIRECT] 
2026-09-04 22:28:53,232 [ERROR] LogOutputStream:75 - [STDERR_REDIRECT] Sep 04, 2026 10:28:53 PM java.util.prefs.FileSystemPreferences checkLockFile0ErrorCode
2026-09-04 22:28:53,232 [ERROR] LogOutputStream:75 - [STDERR_REDIRECT] WARNING: Could not lock System prefs. Unix error code 31840.
2026-09-04 22:28:53,232 [ERROR] LogOutputStream:75 - [STDERR_REDIRECT] 
2026-09-04 22:28:53,233 [ERROR] LogOutputStream:75 - [STDERR_REDIRECT] Sep 04, 2026 10:28:53 PM java.util.prefs.FileSystemPreferences syncWorld
2026-09-04 22:28:53,233 [ERROR] LogOutputStream:75 - [STDERR_REDIRECT] WARNING: Couldn't flush system prefs: java.util.prefs.BackingStoreException: Couldn't get file lock.
2026-09-04 22:28:53,233 [ERROR] LogOutputStream:75 - [STDERR_REDIRECT] 
2026-09-04 22:29:23,232 [ERROR] LogOutputStream:75 - [STDERR_REDIRECT] Sep 04, 2026 10:29:23 PM java.util.prefs.FileSystemPreferences checkLockFile0ErrorCode
2026-09-04 22:29:23,233 [ERROR] LogOutputStream:75 - [STDERR_REDIRECT] WARNING: Could not lock System prefs. Unix error code 31840.
2026-09-04 22:29:23,233 [ERROR] LogOutputStream:75 - [STDERR_REDIRECT] 
2026-09-04 22:29:23,233 [ERROR] LogOutputStream:75 - [STDERR_REDIRECT] Sep 04, 2026 10:29:23 PM java.util.prefs.FileSystemPreferences syncWorld
2026-09-04 22:29:23,233 [ERROR] LogOutputStream:75 - [STDERR_REDIRECT] WARNING: Couldn't flush system prefs: java.util.prefs.BackingStoreException: Couldn't get file lock.
2026-09-04 22:29:23,233 [ERROR] LogOutputStream:75 - [STDERR_REDIRECT] 
2026-09-04 22:29:53,233 [ERROR] LogOutputStream:75 - [STDERR_REDIRECT] Sep 04, 2026 10:29:53 PM java.util.prefs.FileSystemPreferences checkLockFile0ErrorCode
2026-09-04 22:29:53,233 [ERROR] LogOutputStream:75 - [STDERR_REDIRECT] WARNING: Could not lock System prefs. Unix error code 31840.
2026-09-04 22:29:53,233 [ERROR] LogOutputStream:75 - [STDERR_REDIRECT] 
2026-09-04 22:29:53,234 [ERROR] LogOutputStream:75 - [STDERR_REDIRECT] Sep 04, 2026 10:29:53 PM java.util.prefs.FileSystemPreferences syncWorld
2026-09-04 22:29:53,234 [ERROR] LogOutputStream:75 - [STDERR_REDIRECT] WARNING: Couldn't flush system prefs: java.util.prefs.BackingStoreException: Couldn't get file lock.
2026-09-04 22:29:53,234 [ERROR] LogOutputStream:75 - [STDERR_REDIRECT] 
2026-09-04 22:30:23,233 [ERROR] LogOutputStream:75 - [STDERR_REDIRECT] Sep 04, 2026 10:30:23 PM java.util.prefs.FileSystemPreferences checkLockFile0ErrorCode
2026-09-04 22:30:23,233 [ERROR] LogOutputStream:75 - [STDERR_REDIRECT] WARNING: Could not lock System prefs. Unix error code 31840.
2026-09-04 22:30:23,233 [ERROR] LogOutputStream:75 - [STDERR_REDIRECT] 
2026-09-04 22:30:23,234 [ERROR] LogOutputStream:75 - [STDERR_REDIRECT] Sep 04, 2026 10:30:23 PM java.util.prefs.FileSystemPreferences syncWorld
2026-09-04 22:30:23,234 [ERROR] LogOutputStream:75 - [STDERR_REDIRECT] WARNING: Couldn't flush system prefs: java.util.prefs.BackingStoreException: Couldn't get file lock.
2026-09-04 22:30:23,234 [ERROR] LogOutputStream:75 - [STDERR_REDIRECT] 
2026-09-04 22:30:53,233 [ERROR] LogOutputStream:75 - [STDERR_REDIRECT] Sep 04, 2026 10:30:53 PM java.util.prefs.FileSystemPreferences checkLockFile0ErrorCode
2026-09-04 22:30:53,234 [ERROR] LogOutputStream:75 - [STDERR_REDIRECT] WARNING: Could not lock System prefs. Unix error code 31840.
2026-09-04 22:30:53,234 [ERROR] LogOutputStream:75 - [STDERR_REDIRECT] 
2026-09-04 22:30:53,234 [ERROR] LogOutputStream:75 - [STDERR_REDIRECT] Sep 04, 2026 10:30:53 PM java.util.prefs.FileSystemPreferences syncWorld
2026-09-04 22:30:53,234 [ERROR] LogOutputStream:75 - [STDERR_REDIRECT] WARNING: Couldn't flush system prefs: java.util.prefs.BackingStoreException: Couldn't get file lock.
2026-09-04 22:30:53,234 [ERROR] LogOutputStream:75 - [STDERR_REDIRECT] 
2026-09-04 22:31:23,234 [ERROR] LogOutputStream:75 - [STDERR_REDIRECT] Sep 04, 2026 10:31:23 PM java.util.prefs.FileSystemPreferences checkLockFile0ErrorCode
2026-09-04 22:31:23,234 [ERROR] LogOutputStream:75 - [STDERR_REDIRECT] WARNING: Could not lock System prefs. Unix error code 31840.
2026-09-04 22:31:23,234 [ERROR] LogOutputStream:75 - [STDERR_REDIRECT] 
2026-09-04 22:31:23,235 [ERROR] LogOutputStream:75 - [STDERR_REDIRECT] Sep 04, 2026 10:31:23 PM java.util.prefs.FileSystemPreferences syncWorld
2026-09-04 22:31:23,235 [ERROR] LogOutputStream:75 - [STDERR_REDIRECT] WARNING: Couldn't flush system prefs: java.util.prefs.BackingStoreException: Couldn't get file lock.
2026-09-04 22:31:23,235 [ERROR] LogOutputStream:75 - [STDERR_REDIRECT] 
2026-09-04 22:31:53,234 [ERROR] LogOutputStream:75 - [STDERR_REDIRECT] Sep 04, 2026 10:31:53 PM java.util.prefs.FileSystemPreferences checkLockFile0ErrorCode
2026-09-04 22:31:53,234 [ERROR] LogOutputStream:75 - [STDERR_REDIRECT] WARNING: Could not lock System prefs. Unix error code 31840.
2026-09-04 22:31:53,234 [ERROR] LogOutputStream:75 - [STDERR_REDIRECT] 
2026-09-04 22:31:53,235 [ERROR] LogOutputStream:75 - [STDERR_REDIRECT] Sep 04, 2026 10:31:53 PM java.util.prefs.FileSystemPreferences syncWorld
2026-09-04 22:31:53,235 [ERROR] LogOutputStream:75 - [STDERR_REDIRECT] WARNING: Couldn't flush system prefs: java.util.prefs.BackingStoreException: Couldn't get file lock.
2026-09-04 22:31:53,235 [ERROR] LogOutputStream:75 - [STDERR_REDIRECT] 
2026-09-04 22:32:23,235 [ERROR] LogOutputStream:75 - [STDERR_REDIRECT] Sep 04, 2026 10:32:23 PM java.util.prefs.FileSystemPreferences checkLockFile0ErrorCode
2026-09-04 22:32:23,235 [ERROR] LogOutputStream:75 - [STDERR_REDIRECT] WARNING: Could not lock System prefs. Unix error code 31840.
2026-09-04 22:32:23,235 [ERROR] LogOutputStream:75 - [STDERR_REDIRECT] 
2026-09-04 22:32:23,235 [ERROR] LogOutputStream:75 - [STDERR_REDIRECT] Sep 04, 2026 10:32:23 PM java.util.prefs.FileSystemPreferences syncWorld
2026-09-04 22:32:23,235 [ERROR] LogOutputStream:75 - [STDERR_REDIRECT] WARNING: Couldn't flush system prefs: java.util.prefs.BackingStoreException: Couldn't get file lock.
2026-09-04 22:32:23,236 [ERROR] LogOutputStream:75 - [STDERR_REDIRECT] 
2026-09-04 22:32:53,234 [ERROR] LogOutputStream:75 - [STDERR_REDIRECT] Sep 04, 2026 10:32:53 PM java.util.prefs.FileSystemPreferences checkLockFile0ErrorCode
2026-09-04 22:32:53,234 [ERROR] LogOutputStream:75 - [STDERR_REDIRECT] WARNING: Could not lock System prefs. Unix error code 31840.
2026-09-04 22:32:53,234 [ERROR] LogOutputStream:75 - [STDERR_REDIRECT] 
2026-09-04 22:32:53,235 [ERROR] LogOutputStream:75 - [STDERR_REDIRECT] Sep 04, 2026 10:32:53 PM java.util.prefs.FileSystemPreferences syncWorld
2026-09-04 22:32:53,235 [ERROR] LogOutputStream:75 - [STDERR_REDIRECT] WARNING: Couldn't flush system prefs: java.util.prefs.BackingStoreException: Couldn't get file lock.
2026-09-04 22:32:53,235 [ERROR] LogOutputStream:75 - [STDERR_REDIRECT] 
2026-09-04 22:33:23,234 [ERROR] LogOutputStream:75 - [STDERR_REDIRECT] Sep 04, 2026 10:33:23 PM java.util.prefs.FileSystemPreferences checkLockFile0ErrorCode
2026-09-04 22:33:23,234 [ERROR] LogOutputStream:75 - [STDERR_REDIRECT] WARNING: Could not lock System prefs. Unix error code 31840.
2026-09-04 22:33:23,235 [ERROR] LogOutputStream:75 - [STDERR_REDIRECT] 
2026-09-04 22:33:23,235 [ERROR] LogOutputStream:75 - [STDERR_REDIRECT] Sep 04, 2026 10:33:23 PM java.util.prefs.FileSystemPreferences syncWorld
2026-09-04 22:33:23,235 [ERROR] LogOutputStream:75 - [STDERR_REDIRECT] WARNING: Couldn't flush system prefs: java.util.prefs.BackingStoreException: Couldn't get file lock.
2026-09-04 22:33:23,235 [ERROR] LogOutputStream:75 - [STDERR_REDIRECT] 
2026-09-04 22:33:53,235 [ERROR] LogOutputStream:75 - [STDERR_REDIRECT] Sep 04, 2026 10:33:53 PM java.util.prefs.FileSystemPreferences checkLockFile0ErrorCode
2026-09-04 22:33:53,235 [ERROR] LogOutputStream:75 - [STDERR_REDIRECT] WARNING: Could not lock System prefs. Unix error code 31840.
2026-09-04 22:33:53,235 [ERROR] LogOutputStream:75 - [STDERR_REDIRECT] 
2026-09-04 22:33:53,236 [ERROR] LogOutputStream:75 - [STDERR_REDIRECT] Sep 04, 2026 10:33:53 PM java.util.prefs.FileSystemPreferences syncWorld
2026-09-04 22:33:53,236 [ERROR] LogOutputStream:75 - [STDERR_REDIRECT] WARNING: Couldn't flush system prefs: java.util.prefs.BackingStoreException: Couldn't get file lock.
2026-09-04 22:33:53,236 [ERROR] LogOutputStream:75 - [STDERR_REDIRECT] 
2026-09-04 22:34:23,234 [ERROR] LogOutputStream:75 - [STDERR_REDIRECT] Sep 04, 2026 10:34:23 PM java.util.prefs.FileSystemPreferences checkLockFile0ErrorCode
2026-09-04 22:34:23,234 [ERROR] LogOutputStream:75 - [STDERR_REDIRECT] WARNING: Could not lock System prefs. Unix error code 31840.
2026-09-04 22:34:23,235 [ERROR] LogOutputStream:75 - [STDERR_REDIRECT] 
2026-09-04 22:34:23,235 [ERROR] LogOutputStream:75 - [STDERR_REDIRECT] Sep 04, 2026 10:34:23 PM java.util.prefs.FileSystemPreferences syncWorld
2026-09-04 22:34:23,235 [ERROR] LogOutputStream:75 - [STDERR_REDIRECT] WARNING: Couldn't flush system prefs: java.util.prefs.BackingStoreException: Couldn't get file lock.
2026-09-04 22:34:23,235 [ERROR] LogOutputStream:75 - [STDERR_REDIRECT] 
2026-09-04 22:34:53,234 [ERROR] LogOutputStream:75 - [STDERR_REDIRECT] Sep 04, 2026 10:34:53 PM java.util.prefs.FileSystemPreferences checkLockFile0ErrorCode
2026-09-04 22:34:53,234 [ERROR] LogOutputStream:75 - [STDERR_REDIRECT] WARNING: Could not lock System prefs. Unix error code 31840.
2026-09-04 22:34:53,235 [ERROR] LogOutputStream:75 - [STDERR_REDIRECT] 
2026-09-04 22:34:53,235 [ERROR] LogOutputStream:75 - [STDERR_REDIRECT] Sep 04, 2026 10:34:53 PM java.util.prefs.FileSystemPreferences syncWorld
2026-09-04 22:34:53,235 [ERROR] LogOutputStream:75 - [STDERR_REDIRECT] WARNING: Couldn't flush system prefs: java.util.prefs.BackingStoreException: Couldn't get file lock.
2026-09-04 22:34:53,235 [ERROR] LogOutputStream:75 - [STDERR_REDIRECT] 
2026-09-04 22:35:23,234 [ERROR] LogOutputStream:75 - [STDERR_REDIRECT] Sep 04, 2026 10:35:23 PM java.util.prefs.FileSystemPreferences checkLockFile0ErrorCode
2026-09-04 22:35:23,234 [ERROR] LogOutputStream:75 - [STDERR_REDIRECT] WARNING: Could not lock System prefs. Unix error code 31840.
2026-09-04 22:35:23,234 [ERROR] LogOutputStream:75 - [STDERR_REDIRECT] 
2026-09-04 22:35:23,235 [ERROR] LogOutputStream:75 - [STDERR_REDIRECT] Sep 04, 2026 10:35:23 PM java.util.prefs.FileSystemPreferences syncWorld
2026-09-04 22:35:23,235 [ERROR] LogOutputStream:75 - [STDERR_REDIRECT] WARNING: Couldn't flush system prefs: java.util.prefs.BackingStoreException: Couldn't get file lock.
2026-09-04 22:35:23,235 [ERROR] LogOutputStream:75 - [STDERR_REDIRECT] 
2026-09-04 22:35:53,235 [ERROR] LogOutputStream:75 - [STDERR_REDIRECT] Sep 04, 2026 10:35:53 PM java.util.prefs.FileSystemPreferences checkLockFile0ErrorCode
2026-09-04 22:35:53,235 [ERROR] LogOutputStream:75 - [STDERR_REDIRECT] WARNING: Could not lock System prefs. Unix error code 31840.
2026-09-04 22:35:53,235 [ERROR] LogOutputStream:75 - [STDERR_REDIRECT] 
2026-09-04 22:35:53,236 [ERROR] LogOutputStream:75 - [STDERR_REDIRECT] Sep 04, 2026 10:35:53 PM java.util.prefs.FileSystemPreferences syncWorld
2026-09-04 22:35:53,236 [ERROR] LogOutputStream:75 - [STDERR_REDIRECT] WARNING: Couldn't flush system prefs: java.util.prefs.BackingStoreException: Couldn't get file lock.
2026-09-04 22:35:53,236 [ERROR] LogOutputStream:75 - [STDERR_REDIRECT] 
2026-09-04 22:36:23,236 [ERROR] LogOutputStream:75 - [STDERR_REDIRECT] Sep 04, 2026 10:36:23 PM java.util.prefs.FileSystemPreferences checkLockFile0ErrorCode
2026-09-04 22:36:23,236 [ERROR] LogOutputStream:75 - [STDERR_REDIRECT] WARNING: Could not lock System prefs. Unix error code 31840.
2026-09-04 22:36:23,236 [ERROR] LogOutputStream:75 - [STDERR_REDIRECT] 
2026-09-04 22:36:23,236 [ERROR] LogOutputStream:75 - [STDERR_REDIRECT] Sep 04, 2026 10:36:23 PM java.util.prefs.FileSystemPreferences syncWorld
2026-09-04 22:36:23,237 [ERROR] LogOutputStream:75 - [STDERR_REDIRECT] WARNING: Couldn't flush system prefs: java.util.prefs.BackingStoreException: Couldn't get file lock.
2026-09-04 22:36:23,237 [ERROR] LogOutputStream:75 - [STDERR_REDIRECT] 
2026-09-04 22:36:53,235 [ERROR] LogOutputStream:75 - [STDERR_REDIRECT] Sep 04, 2026 10:36:53 PM java.util.prefs.FileSystemPreferences checkLockFile0ErrorCode
2026-09-04 22:36:53,235 [ERROR] LogOutputStream:75 - [STDERR_REDIRECT] WARNING: Could not lock System prefs. Unix error code 31840.
2026-09-04 22:36:53,235 [ERROR] LogOutputStream:75 - [STDERR_REDIRECT] 
2026-09-04 22:36:53,236 [ERROR] LogOutputStream:75 - [STDERR_REDIRECT] Sep 04, 2026 10:36:53 PM java.util.prefs.FileSystemPreferences syncWorld
2026-09-04 22:36:53,236 [ERROR] LogOutputStream:75 - [STDERR_REDIRECT] WARNING: Couldn't flush system prefs: java.util.prefs.BackingStoreException: Couldn't get file lock.
2026-09-04 22:36:53,236 [ERROR] LogOutputStream:75 - [STDERR_REDIRECT] 
2026-09-04 22:37:23,235 [ERROR] LogOutputStream:75 - [STDERR_REDIRECT] Sep 04, 2026 10:37:23 PM java.util.prefs.FileSystemPreferences checkLockFile0ErrorCode
2026-09-04 22:37:23,235 [ERROR] LogOutputStream:75 - [STDERR_REDIRECT] WARNING: Could not lock System prefs. Unix error code 31840.
2026-09-04 22:37:23,235 [ERROR] LogOutputStream:75 - [STDERR_REDIRECT] 
2026-09-04 22:37:23,236 [ERROR] LogOutputStream:75 - [STDERR_REDIRECT] Sep 04, 2026 10:37:23 PM java.util.prefs.FileSystemPreferences syncWorld
2026-09-04 22:37:23,236 [ERROR] LogOutputStream:75 - [STDERR_REDIRECT] WARNING: Couldn't flush system prefs: java.util.prefs.BackingStoreException: Couldn't get file lock.
2026-09-04 22:37:23,236 [ERROR] LogOutputStream:75 - [STDERR_REDIRECT] 
2026-09-04 22:37:53,236 [ERROR] LogOutputStream:75 - [STDERR_REDIRECT] Sep 04, 2026 10:37:53 PM java.util.prefs.FileSystemPreferences checkLockFile0ErrorCode
2026-09-04 22:37:53,236 [ERROR] LogOutputStream:75 - [STDERR_REDIRECT] WARNING: Could not lock System prefs. Unix error code 31840.
2026-09-04 22:37:53,236 [ERROR] LogOutputStream:75 - [STDERR_REDIRECT] 
2026-09-04 22:37:53,236 [ERROR] LogOutputStream:75 - [STDERR_REDIRECT] Sep 04, 2026 10:37:53 PM java.util.prefs.FileSystemPreferences syncWorld
2026-09-04 22:37:53,237 [ERROR] LogOutputStream:75 - [STDERR_REDIRECT] WARNING: Couldn't flush system prefs: java.util.prefs.BackingStoreException: Couldn't get file lock.
2026-09-04 22:37:53,237 [ERROR] LogOutputStream:75 - [STDERR_REDIRECT] 
2026-09-04 22:38:23,235 [ERROR] LogOutputStream:75 - [STDERR_REDIRECT] Sep 04, 2026 10:38:23 PM java.util.prefs.FileSystemPreferences checkLockFile0ErrorCode
2026-09-04 22:38:23,235 [ERROR] LogOutputStream:75 - [STDERR_REDIRECT] WARNING: Could not lock System prefs. Unix error code 31840.
2026-09-04 22:38:23,235 [ERROR] LogOutputStream:75 - [STDERR_REDIRECT] 
2026-09-04 22:38:23,236 [ERROR] LogOutputStream:75 - [STDERR_REDIRECT] Sep 04, 2026 10:38:23 PM java.util.prefs.FileSystemPreferences syncWorld
2026-09-04 22:38:23,236 [ERROR] LogOutputStream:75 - [STDERR_REDIRECT] WARNING: Couldn't flush system prefs: java.util.prefs.BackingStoreException: Couldn't get file lock.
2026-09-04 22:38:23,236 [ERROR] LogOutputStream:75 - [STDERR_REDIRECT] 
2026-09-04 22:38:53,235 [ERROR] LogOutputStream:75 - [STDERR_REDIRECT] Sep 04, 2026 10:38:53 PM java.util.prefs.FileSystemPreferences checkLockFile0ErrorCode
2026-09-04 22:38:53,235 [ERROR] LogOutputStream:75 - [STDERR_REDIRECT] WARNING: Could not lock System prefs. Unix error code 31840.
2026-09-04 22:38:53,235 [ERROR] LogOutputStream:75 - [STDERR_REDIRECT] 
2026-09-04 22:38:53,235 [ERROR] LogOutputStream:75 - [STDERR_REDIRECT] Sep 04, 2026 10:38:53 PM java.util.prefs.FileSystemPreferences syncWorld
2026-09-04 22:38:53,236 [ERROR] LogOutputStream:75 - [STDERR_REDIRECT] WARNING: Couldn't flush system prefs: java.util.prefs.BackingStoreException: Couldn't get file lock.
2026-09-04 22:38:53,236 [ERROR] LogOutputStream:75 - [STDERR_REDIRECT] 
2026-09-04 22:39:23,235 [ERROR] LogOutputStream:75 - [STDERR_REDIRECT] Sep 04, 2026 10:39:23 PM java.util.prefs.FileSystemPreferences checkLockFile0ErrorCode
2026-09-04 22:39:23,235 [ERROR] LogOutputStream:75 - [STDERR_REDIRECT] WARNING: Could not lock System prefs. Unix error code 31840.
2026-09-04 22:39:23,235 [ERROR] LogOutputStream:75 - [STDERR_REDIRECT] 
2026-09-04 22:39:23,236 [ERROR] LogOutputStream:75 - [STDERR_REDIRECT] Sep 04, 2026 10:39:23 PM java.util.prefs.FileSystemPreferences syncWorld
2026-09-04 22:39:23,236 [ERROR] LogOutputStream:75 - [STDERR_REDIRECT] WARNING: Couldn't flush system prefs: java.util.prefs.BackingStoreException: Couldn't get file lock.
2026-09-04 22:39:23,236 [ERROR] LogOutputStream:75 - [STDERR_REDIRECT] 
2026-09-04 22:39:53,239 [ERROR] LogOutputStream:75 - [STDERR_REDIRECT] Sep 04, 2026 10:39:53 PM java.util.prefs.FileSystemPreferences checkLockFile0ErrorCode
2026-09-04 22:39:53,239 [ERROR] LogOutputStream:75 - [STDERR_REDIRECT] WARNING: Could not lock System prefs. Unix error code 31840.
2026-09-04 22:39:53,240 [ERROR] LogOutputStream:75 - [STDERR_REDIRECT] 
2026-09-04 22:39:53,240 [ERROR] LogOutputStream:75 - [STDERR_REDIRECT] Sep 04, 2026 10:39:53 PM java.util.prefs.FileSystemPreferences syncWorld
2026-09-04 22:39:53,240 [ERROR] LogOutputStream:75 - [STDERR_REDIRECT] WARNING: Couldn't flush system prefs: java.util.prefs.BackingStoreException: Couldn't get file lock.
2026-09-04 22:39:53,240 [ERROR] LogOutputStream:75 - [STDERR_REDIRECT] 
2026-09-04 22:40:23,236 [ERROR] LogOutputStream:75 - [STDERR_REDIRECT] Sep 04, 2026 10:40:23 PM java.util.prefs.FileSystemPreferences checkLockFile0ErrorCode
2026-09-04 22:40:23,236 [ERROR] LogOutputStream:75 - [STDERR_REDIRECT] WARNING: Could not lock System prefs. Unix error code 31840.
2026-09-04 22:40:23,236 [ERROR] LogOutputStream:75 - [STDERR_REDIRECT] 
2026-09-04 22:40:23,237 [ERROR] LogOutputStream:75 - [STDERR_REDIRECT] Sep 04, 2026 10:40:23 PM java.util.prefs.FileSystemPreferences syncWorld
2026-09-04 22:40:23,237 [ERROR] LogOutputStream:75 - [STDERR_REDIRECT] WARNING: Couldn't flush system prefs: java.util.prefs.BackingStoreException: Couldn't get file lock.
2026-09-04 22:40:23,237 [ERROR] LogOutputStream:75 - [STDERR_REDIRECT] 
2026-09-04 22:40:53,236 [ERROR] LogOutputStream:75 - [STDERR_REDIRECT] Sep 04, 2026 10:40:53 PM java.util.prefs.FileSystemPreferences checkLockFile0ErrorCode
2026-09-04 22:40:53,236 [ERROR] LogOutputStream:75 - [STDERR_REDIRECT] WARNING: Could not lock System prefs. Unix error code 31840.
2026-09-04 22:40:53,236 [ERROR] LogOutputStream:75 - [STDERR_REDIRECT] 
2026-09-04 22:40:53,237 [ERROR] LogOutputStream:75 - [STDERR_REDIRECT] Sep 04, 2026 10:40:53 PM java.util.prefs.FileSystemPreferences syncWorld
2026-09-04 22:40:53,237 [ERROR] LogOutputStream:75 - [STDERR_REDIRECT] WARNING: Couldn't flush system prefs: java.util.prefs.BackingStoreException: Couldn't get file lock.
2026-09-04 22:40:53,237 [ERROR] LogOutputStream:75 - [STDERR_REDIRECT] 
2026-09-04 22:41:23,235 [ERROR] LogOutputStream:75 - [STDERR_REDIRECT] Sep 04, 2026 10:41:23 PM java.util.prefs.FileSystemPreferences checkLockFile0ErrorCode
2026-09-04 22:41:23,235 [ERROR] LogOutputStream:75 - [STDERR_REDIRECT] WARNING: Could not lock System prefs. Unix error code 31840.
2026-09-04 22:41:23,235 [ERROR] LogOutputStream:75 - [STDERR_REDIRECT] 
2026-09-04 22:41:23,236 [ERROR] LogOutputStream:75 - [STDERR_REDIRECT] Sep 04, 2026 10:41:23 PM java.util.prefs.FileSystemPreferences syncWorld
2026-09-04 22:41:23,236 [ERROR] LogOutputStream:75 - [STDERR_REDIRECT] WARNING: Couldn't flush system prefs: java.util.prefs.BackingStoreException: Couldn't get file lock.
2026-09-04 22:41:23,236 [ERROR] LogOutputStream:75 - [STDERR_REDIRECT] 
2026-09-04 22:41:53,235 [ERROR] LogOutputStream:75 - [STDERR_REDIRECT] Sep 04, 2026 10:41:53 PM java.util.prefs.FileSystemPreferences checkLockFile0ErrorCode
2026-09-04 22:41:53,236 [ERROR] LogOutputStream:75 - [STDERR_REDIRECT] WARNING: Could not lock System prefs. Unix error code 31840.
2026-09-04 22:41:53,236 [ERROR] LogOutputStream:75 - [STDERR_REDIRECT] 
2026-09-04 22:41:53,236 [ERROR] LogOutputStream:75 - [STDERR_REDIRECT] Sep 04, 2026 10:41:53 PM java.util.prefs.FileSystemPreferences syncWorld
2026-09-04 22:41:53,236 [ERROR] LogOutputStream:75 - [STDERR_REDIRECT] WARNING: Couldn't flush system prefs: java.util.prefs.BackingStoreException: Couldn't get file lock.
2026-09-04 22:41:53,236 [ERROR] LogOutputStream:75 - [STDERR_REDIRECT] 
2026-09-04 22:42:23,236 [ERROR] LogOutputStream:75 - [STDERR_REDIRECT] Sep 04, 2026 10:42:23 PM java.util.prefs.FileSystemPreferences checkLockFile0ErrorCode
2026-09-04 22:42:23,236 [ERROR] LogOutputStream:75 - [STDERR_REDIRECT] WARNING: Could not lock System prefs. Unix error code 31840.
2026-09-04 22:42:23,236 [ERROR] LogOutputStream:75 - [STDERR_REDIRECT] 
2026-09-04 22:42:23,237 [ERROR] LogOutputStream:75 - [STDERR_REDIRECT] Sep 04, 2026 10:42:23 PM java.util.prefs.FileSystemPreferences syncWorld
2026-09-04 22:42:23,237 [ERROR] LogOutputStream:75 - [STDERR_REDIRECT] WARNING: Couldn't flush system prefs: java.util.prefs.BackingStoreException: Couldn't get file lock.
2026-09-04 22:42:23,237 [ERROR] LogOutputStream:75 - [STDERR_REDIRECT] 
2026-09-04 22:42:53,237 [ERROR] LogOutputStream:75 - [STDERR_REDIRECT] Sep 04, 2026 10:42:53 PM java.util.prefs.FileSystemPreferences checkLockFile0ErrorCode
2026-09-04 22:42:53,237 [ERROR] LogOutputStream:75 - [STDERR_REDIRECT] WARNING: Could not lock System prefs. Unix error code 31840.
2026-09-04 22:42:53,237 [ERROR] LogOutputStream:75 - [STDERR_REDIRECT] 
2026-09-04 22:42:53,238 [ERROR] LogOutputStream:75 - [STDERR_REDIRECT] Sep 04, 2026 10:42:53 PM java.util.prefs.FileSystemPreferences syncWorld
2026-09-04 22:42:53,238 [ERROR] LogOutputStream:75 - [STDERR_REDIRECT] WARNING: Couldn't flush system prefs: java.util.prefs.BackingStoreException: Couldn't get file lock.
2026-09-04 22:42:53,238 [ERROR] LogOutputStream:75 - [STDERR_REDIRECT] 
2026-09-04 22:43:23,238 [ERROR] LogOutputStream:75 - [STDERR_REDIRECT] Sep 04, 2026 10:43:23 PM java.util.prefs.FileSystemPreferences checkLockFile0ErrorCode
2026-09-04 22:43:23,238 [ERROR] LogOutputStream:75 - [STDERR_REDIRECT] WARNING: Could not lock System prefs. Unix error code 31840.
2026-09-04 22:43:23,238 [ERROR] LogOutputStream:75 - [STDERR_REDIRECT] 
2026-09-04 22:43:23,239 [ERROR] LogOutputStream:75 - [STDERR_REDIRECT] Sep 04, 2026 10:43:23 PM java.util.prefs.FileSystemPreferences syncWorld
2026-09-04 22:43:23,239 [ERROR] LogOutputStream:75 - [STDERR_REDIRECT] WARNING: Couldn't flush system prefs: java.util.prefs.BackingStoreException: Couldn't get file lock.
2026-09-04 22:43:23,239 [ERROR] LogOutputStream:75 - [STDERR_REDIRECT] 
2026-09-04 22:43:53,237 [ERROR] LogOutputStream:75 - [STDERR_REDIRECT] Sep 04, 2026 10:43:53 PM java.util.prefs.FileSystemPreferences checkLockFile0ErrorCode
2026-09-04 22:43:53,237 [ERROR] LogOutputStream:75 - [STDERR_REDIRECT] WARNING: Could not lock System prefs. Unix error code 31840.
2026-09-04 22:43:53,238 [ERROR] LogOutputStream:75 - [STDERR_REDIRECT] 
2026-09-04 22:43:53,238 [ERROR] LogOutputStream:75 - [STDERR_REDIRECT] Sep 04, 2026 10:43:53 PM java.util.prefs.FileSystemPreferences syncWorld
2026-09-04 22:43:53,238 [ERROR] LogOutputStream:75 - [STDERR_REDIRECT] WARNING: Couldn't flush system prefs: java.util.prefs.BackingStoreException: Couldn't get file lock.
2026-09-04 22:43:53,238 [ERROR] LogOutputStream:75 - [STDERR_REDIRECT] 
2026-09-04 22:44:23,238 [ERROR] LogOutputStream:75 - [STDERR_REDIRECT] Sep 04, 2026 10:44:23 PM java.util.prefs.FileSystemPreferences checkLockFile0ErrorCode
2026-09-04 22:44:23,238 [ERROR] LogOutputStream:75 - [STDERR_REDIRECT] WARNING: Could not lock System prefs. Unix error code 31840.
2026-09-04 22:44:23,238 [ERROR] LogOutputStream:75 - [STDERR_REDIRECT] 
2026-09-04 22:44:23,238 [ERROR] LogOutputStream:75 - [STDERR_REDIRECT] Sep 04, 2026 10:44:23 PM java.util.prefs.FileSystemPreferences syncWorld
2026-09-04 22:44:23,238 [ERROR] LogOutputStream:75 - [STDERR_REDIRECT] WARNING: Couldn't flush system prefs: java.util.prefs.BackingStoreException: Couldn't get file lock.
2026-09-04 22:44:23,239 [ERROR] LogOutputStream:75 - [STDERR_REDIRECT] 
2026-09-04 22:44:53,237 [ERROR] LogOutputStream:75 - [STDERR_REDIRECT] Sep 04, 2026 10:44:53 PM java.util.prefs.FileSystemPreferences checkLockFile0ErrorCode
2026-09-04 22:44:53,237 [ERROR] LogOutputStream:75 - [STDERR_REDIRECT] WARNING: Could not lock System prefs. Unix error code 31840.
2026-09-04 22:44:53,237 [ERROR] LogOutputStream:75 - [STDERR_REDIRECT] 
2026-09-04 22:44:53,238 [ERROR] LogOutputStream:75 - [STDERR_REDIRECT] Sep 04, 2026 10:44:53 PM java.util.prefs.FileSystemPreferences syncWorld
2026-09-04 22:44:53,238 [ERROR] LogOutputStream:75 - [STDERR_REDIRECT] WARNING: Couldn't flush system prefs: java.util.prefs.BackingStoreException: Couldn't get file lock.
2026-09-04 22:44:53,238 [ERROR] LogOutputStream:75 - [STDERR_REDIRECT] 
2026-09-04 22:45:23,238 [ERROR] LogOutputStream:75 - [STDERR_REDIRECT] Sep 04, 2026 10:45:23 PM java.util.prefs.FileSystemPreferences checkLockFile0ErrorCode
2026-09-04 22:45:23,238 [ERROR] LogOutputStream:75 - [STDERR_REDIRECT] WARNING: Could not lock System prefs. Unix error code 31840.
2026-09-04 22:45:23,238 [ERROR] LogOutputStream:75 - [STDERR_REDIRECT] 
2026-09-04 22:45:23,239 [ERROR] LogOutputStream:75 - [STDERR_REDIRECT] Sep 04, 2026 10:45:23 PM java.util.prefs.FileSystemPreferences syncWorld
2026-09-04 22:45:23,239 [ERROR] LogOutputStream:75 - [STDERR_REDIRECT] WARNING: Couldn't flush system prefs: java.util.prefs.BackingStoreException: Couldn't get file lock.
2026-09-04 22:45:23,239 [ERROR] LogOutputStream:75 - [STDERR_REDIRECT] 
2026-09-04 22:45:53,237 [ERROR] LogOutputStream:75 - [STDERR_REDIRECT] Sep 04, 2026 10:45:53 PM java.util.prefs.FileSystemPreferences checkLockFile0ErrorCode
2026-09-04 22:45:53,237 [ERROR] LogOutputStream:75 - [STDERR_REDIRECT] WARNING: Could not lock System prefs. Unix error code 31840.
2026-09-04 22:45:53,238 [ERROR] LogOutputStream:75 - [STDERR_REDIRECT] 
2026-09-04 22:45:53,238 [ERROR] LogOutputStream:75 - [STDERR_REDIRECT] Sep 04, 2026 10:45:53 PM java.util.prefs.FileSystemPreferences syncWorld
2026-09-04 22:45:53,238 [ERROR] LogOutputStream:75 - [STDERR_REDIRECT] WARNING: Couldn't flush system prefs: java.util.prefs.BackingStoreException: Couldn't get file lock.
2026-09-04 22:45:53,238 [ERROR] LogOutputStream:75 - [STDERR_REDIRECT] 
2026-09-04 22:46:23,238 [ERROR] LogOutputStream:75 - [STDERR_REDIRECT] Sep 04, 2026 10:46:23 PM java.util.prefs.FileSystemPreferences checkLockFile0ErrorCode
2026-09-04 22:46:23,238 [ERROR] LogOutputStream:75 - [STDERR_REDIRECT] WARNING: Could not lock System prefs. Unix error code 31840.
2026-09-04 22:46:23,238 [ERROR] LogOutputStream:75 - [STDERR_REDIRECT] 
2026-09-04 22:46:23,238 [ERROR] LogOutputStream:75 - [STDERR_REDIRECT] Sep 04, 2026 10:46:23 PM java.util.prefs.FileSystemPreferences syncWorld
2026-09-04 22:46:23,238 [ERROR] LogOutputStream:75 - [STDERR_REDIRECT] WARNING: Couldn't flush system prefs: java.util.prefs.BackingStoreException: Couldn't get file lock.
2026-09-04 22:46:23,239 [ERROR] LogOutputStream:75 - [STDERR_REDIRECT] 
2026-09-04 22:46:53,237 [ERROR] LogOutputStream:75 - [STDERR_REDIRECT] Sep 04, 2026 10:46:53 PM java.util.prefs.FileSystemPreferences checkLockFile0ErrorCode
2026-09-04 22:46:53,238 [ERROR] LogOutputStream:75 - [STDERR_REDIRECT] WARNING: Could not lock System prefs. Unix error code 31840.
2026-09-04 22:46:53,238 [ERROR] LogOutputStream:75 - [STDERR_REDIRECT] 
2026-09-04 22:46:53,238 [ERROR] LogOutputStream:75 - [STDERR_REDIRECT] Sep 04, 2026 10:46:53 PM java.util.prefs.FileSystemPreferences syncWorld
2026-09-04 22:46:53,238 [ERROR] LogOutputStream:75 - [STDERR_REDIRECT] WARNING: Couldn't flush system prefs: java.util.prefs.BackingStoreException: Couldn't get file lock.
2026-09-04 22:46:53,238 [ERROR] LogOutputStream:75 - [STDERR_REDIRECT] 
2026-09-04 22:47:23,238 [ERROR] LogOutputStream:75 - [STDERR_REDIRECT] Sep 04, 2026 10:47:23 PM java.util.prefs.FileSystemPreferences checkLockFile0ErrorCode
2026-09-04 22:47:23,238 [ERROR] LogOutputStream:75 - [STDERR_REDIRECT] WARNING: Could not lock System prefs. Unix error code 31840.
2026-09-04 22:47:23,238 [ERROR] LogOutputStream:75 - [STDERR_REDIRECT] 
2026-09-04 22:47:23,239 [ERROR] LogOutputStream:75 - [STDERR_REDIRECT] Sep 04, 2026 10:47:23 PM java.util.prefs.FileSystemPreferences syncWorld
2026-09-04 22:47:23,239 [ERROR] LogOutputStream:75 - [STDERR_REDIRECT] WARNING: Couldn't flush system prefs: java.util.prefs.BackingStoreException: Couldn't get file lock.
2026-09-04 22:47:23,239 [ERROR] LogOutputStream:75 - [STDERR_REDIRECT] 
2026-09-04 22:47:53,238 [ERROR] LogOutputStream:75 - [STDERR_REDIRECT] Sep 04, 2026 10:47:53 PM java.util.prefs.FileSystemPreferences checkLockFile0ErrorCode
2026-09-04 22:47:53,239 [ERROR] LogOutputStream:75 - [STDERR_REDIRECT] WARNING: Could not lock System prefs. Unix error code 31840.
2026-09-04 22:47:53,239 [ERROR] LogOutputStream:75 - [STDERR_REDIRECT] 
2026-09-04 22:47:53,239 [ERROR] LogOutputStream:75 - [STDERR_REDIRECT] Sep 04, 2026 10:47:53 PM java.util.prefs.FileSystemPreferences syncWorld
2026-09-04 22:47:53,239 [ERROR] LogOutputStream:75 - [STDERR_REDIRECT] WARNING: Couldn't flush system prefs: java.util.prefs.BackingStoreException: Couldn't get file lock.
2026-09-04 22:47:53,239 [ERROR] LogOutputStream:75 - [STDERR_REDIRECT] 
2026-09-04 22:48:23,239 [ERROR] LogOutputStream:75 - [STDERR_REDIRECT] Sep 04, 2026 10:48:23 PM java.util.prefs.FileSystemPreferences checkLockFile0ErrorCode
2026-09-04 22:48:23,239 [ERROR] LogOutputStream:75 - [STDERR_REDIRECT] WARNING: Could not lock System prefs. Unix error code 31840.
2026-09-04 22:48:23,240 [ERROR] LogOutputStream:75 - [STDERR_REDIRECT] 
2026-09-04 22:48:23,240 [ERROR] LogOutputStream:75 - [STDERR_REDIRECT] Sep 04, 2026 10:48:23 PM java.util.prefs.FileSystemPreferences syncWorld
2026-09-04 22:48:23,240 [ERROR] LogOutputStream:75 - [STDERR_REDIRECT] WARNING: Couldn't flush system prefs: java.util.prefs.BackingStoreException: Couldn't get file lock.
2026-09-04 22:48:23,240 [ERROR] LogOutputStream:75 - [STDERR_REDIRECT] 
2026-09-04 22:48:53,240 [ERROR] LogOutputStream:75 - [STDERR_REDIRECT] Sep 04, 2026 10:48:53 PM java.util.prefs.FileSystemPreferences checkLockFile0ErrorCode
2026-09-04 22:48:53,240 [ERROR] LogOutputStream:75 - [STDERR_REDIRECT] WARNING: Could not lock System prefs. Unix error code 31840.
2026-09-04 22:48:53,240 [ERROR] LogOutputStream:75 - [STDERR_REDIRECT] 
2026-09-04 22:48:53,241 [ERROR] LogOutputStream:75 - [STDERR_REDIRECT] Sep 04, 2026 10:48:53 PM java.util.prefs.FileSystemPreferences syncWorld
2026-09-04 22:48:53,241 [ERROR] LogOutputStream:75 - [STDERR_REDIRECT] WARNING: Couldn't flush system prefs: java.util.prefs.BackingStoreException: Couldn't get file lock.
2026-09-04 22:48:53,241 [ERROR] LogOutputStream:75 - [STDERR_REDIRECT] 
2026-09-04 22:49:23,240 [ERROR] LogOutputStream:75 - [STDERR_REDIRECT] Sep 04, 2026 10:49:23 PM java.util.prefs.FileSystemPreferences checkLockFile0ErrorCode
2026-09-04 22:49:23,240 [ERROR] LogOutputStream:75 - [STDERR_REDIRECT] WARNING: Could not lock System prefs. Unix error code 31840.
2026-09-04 22:49:23,240 [ERROR] LogOutputStream:75 - [STDERR_REDIRECT] 
2026-09-04 22:49:23,240 [ERROR] LogOutputStream:75 - [STDERR_REDIRECT] Sep 04, 2026 10:49:23 PM java.util.prefs.FileSystemPreferences syncWorld
2026-09-04 22:49:23,240 [ERROR] LogOutputStream:75 - [STDERR_REDIRECT] WARNING: Couldn't flush system prefs: java.util.prefs.BackingStoreException: Couldn't get file lock.
2026-09-04 22:49:23,240 [ERROR] LogOutputStream:75 - [STDERR_REDIRECT] 
2026-09-04 22:49:53,239 [ERROR] LogOutputStream:75 - [STDERR_REDIRECT] Sep 04, 2026 10:49:53 PM java.util.prefs.FileSystemPreferences checkLockFile0ErrorCode
2026-09-04 22:49:53,239 [ERROR] LogOutputStream:75 - [STDERR_REDIRECT] WARNING: Could not lock System prefs. Unix error code 31840.
2026-09-04 22:49:53,239 [ERROR] LogOutputStream:75 - [STDERR_REDIRECT] 
2026-09-04 22:49:53,240 [ERROR] LogOutputStream:75 - [STDERR_REDIRECT] Sep 04, 2026 10:49:53 PM java.util.prefs.FileSystemPreferences syncWorld
2026-09-04 22:49:53,240 [ERROR] LogOutputStream:75 - [STDERR_REDIRECT] WARNING: Couldn't flush system prefs: java.util.prefs.BackingStoreException: Couldn't get file lock.
2026-09-04 22:49:53,240 [ERROR] LogOutputStream:75 - [STDERR_REDIRECT] 
2026-09-04 22:50:23,240 [ERROR] LogOutputStream:75 - [STDERR_REDIRECT] Sep 04, 2026 10:50:23 PM java.util.prefs.FileSystemPreferences checkLockFile0ErrorCode
2026-09-04 22:50:23,240 [ERROR] LogOutputStream:75 - [STDERR_REDIRECT] WARNING: Could not lock System prefs. Unix error code 31840.
2026-09-04 22:50:23,240 [ERROR] LogOutputStream:75 - [STDERR_REDIRECT] 
2026-09-04 22:50:23,240 [ERROR] LogOutputStream:75 - [STDERR_REDIRECT] Sep 04, 2026 10:50:23 PM java.util.prefs.FileSystemPreferences syncWorld
2026-09-04 22:50:23,241 [ERROR] LogOutputStream:75 - [STDERR_REDIRECT] WARNING: Couldn't flush system prefs: java.util.prefs.BackingStoreException: Couldn't get file lock.
2026-09-04 22:50:23,241 [ERROR] LogOutputStream:75 - [STDERR_REDIRECT] 
2026-09-04 22:50:53,254 [ERROR] LogOutputStream:75 - [STDERR_REDIRECT] Sep 04, 2026 10:50:53 PM java.util.prefs.FileSystemPreferences checkLockFile0ErrorCode
2026-09-04 22:50:53,259 [ERROR] LogOutputStream:75 - [STDERR_REDIRECT] WARNING: Could not lock System prefs. Unix error code 31840.
2026-09-04 22:50:53,259 [ERROR] LogOutputStream:75 - [STDERR_REDIRECT] 
2026-09-04 22:50:53,259 [ERROR] LogOutputStream:75 - [STDERR_REDIRECT] Sep 04, 2026 10:50:53 PM java.util.prefs.FileSystemPreferences syncWorld
2026-09-04 22:50:53,259 [ERROR] LogOutputStream:75 - [STDERR_REDIRECT] WARNING: Couldn't flush system prefs: java.util.prefs.BackingStoreException: Couldn't get file lock.
2026-09-04 22:50:53,259 [ERROR] LogOutputStream:75 - [STDERR_REDIRECT] 
2026-09-04 22:51:23,240 [ERROR] LogOutputStream:75 - [STDERR_REDIRECT] Sep 04, 2026 10:51:23 PM java.util.prefs.FileSystemPreferences checkLockFile0ErrorCode
2026-09-04 22:51:23,240 [ERROR] LogOutputStream:75 - [STDERR_REDIRECT] WARNING: Could not lock System prefs. Unix error code 31840.
2026-09-04 22:51:23,241 [ERROR] LogOutputStream:75 - [STDERR_REDIRECT] 
2026-09-04 22:51:23,241 [ERROR] LogOutputStream:75 - [STDERR_REDIRECT] Sep 04, 2026 10:51:23 PM java.util.prefs.FileSystemPreferences syncWorld
2026-09-04 22:51:23,241 [ERROR] LogOutputStream:75 - [STDERR_REDIRECT] WARNING: Couldn't flush system prefs: java.util.prefs.BackingStoreException: Couldn't get file lock.
2026-09-04 22:51:23,241 [ERROR] LogOutputStream:75 - [STDERR_REDIRECT] 
2026-09-04 22:51:53,241 [ERROR] LogOutputStream:75 - [STDERR_REDIRECT] Sep 04, 2026 10:51:53 PM java.util.prefs.FileSystemPreferences checkLockFile0ErrorCode
2026-09-04 22:51:53,241 [ERROR] LogOutputStream:75 - [STDERR_REDIRECT] WARNING: Could not lock System prefs. Unix error code 31840.
2026-09-04 22:51:53,241 [ERROR] LogOutputStream:75 - [STDERR_REDIRECT] 
2026-09-04 22:51:53,242 [ERROR] LogOutputStream:75 - [STDERR_REDIRECT] Sep 04, 2026 10:51:53 PM java.util.prefs.FileSystemPreferences syncWorld
2026-09-04 22:51:53,242 [ERROR] LogOutputStream:75 - [STDERR_REDIRECT] WARNING: Couldn't flush system prefs: java.util.prefs.BackingStoreException: Couldn't get file lock.
2026-09-04 22:51:53,242 [ERROR] LogOutputStream:75 - [STDERR_REDIRECT] 
2026-09-04 22:52:23,240 [ERROR] LogOutputStream:75 - [STDERR_REDIRECT] Sep 04, 2026 10:52:23 PM java.util.prefs.FileSystemPreferences checkLockFile0ErrorCode
2026-09-04 22:52:23,240 [ERROR] LogOutputStream:75 - [STDERR_REDIRECT] WARNING: Could not lock System prefs. Unix error code 31840.
2026-09-04 22:52:23,240 [ERROR] LogOutputStream:75 - [STDERR_REDIRECT] 
2026-09-04 22:52:23,241 [ERROR] LogOutputStream:75 - [STDERR_REDIRECT] Sep 04, 2026 10:52:23 PM java.util.prefs.FileSystemPreferences syncWorld
2026-09-04 22:52:23,241 [ERROR] LogOutputStream:75 - [STDERR_REDIRECT] WARNING: Couldn't flush system prefs: java.util.prefs.BackingStoreException: Couldn't get file lock.
2026-09-04 22:52:23,241 [ERROR] LogOutputStream:75 - [STDERR_REDIRECT] 
2026-09-04 22:52:53,241 [ERROR] LogOutputStream:75 - [STDERR_REDIRECT] Sep 04, 2026 10:52:53 PM java.util.prefs.FileSystemPreferences checkLockFile0ErrorCode
2026-09-04 22:52:53,241 [ERROR] LogOutputStream:75 - [STDERR_REDIRECT] WARNING: Could not lock System prefs. Unix error code 31840.
2026-09-04 22:52:53,241 [ERROR] LogOutputStream:75 - [STDERR_REDIRECT] 
2026-09-04 22:52:53,242 [ERROR] LogOutputStream:75 - [STDERR_REDIRECT] Sep 04, 2026 10:52:53 PM java.util.prefs.FileSystemPreferences syncWorld
2026-09-04 22:52:53,242 [ERROR] LogOutputStream:75 - [STDERR_REDIRECT] WARNING: Couldn't flush system prefs: java.util.prefs.BackingStoreException: Couldn't get file lock.
2026-09-04 22:52:53,242 [ERROR] LogOutputStream:75 - [STDERR_REDIRECT] 
2026-09-04 22:53:23,242 [ERROR] LogOutputStream:75 - [STDERR_REDIRECT] Sep 04, 2026 10:53:23 PM java.util.prefs.FileSystemPreferences checkLockFile0ErrorCode
2026-09-04 22:53:23,242 [ERROR] LogOutputStream:75 - [STDERR_REDIRECT] WARNING: Could not lock System prefs. Unix error code 31840.
2026-09-04 22:53:23,242 [ERROR] LogOutputStream:75 - [STDERR_REDIRECT] 
2026-09-04 22:53:23,242 [ERROR] LogOutputStream:75 - [STDERR_REDIRECT] Sep 04, 2026 10:53:23 PM java.util.prefs.FileSystemPreferences syncWorld
2026-09-04 22:53:23,243 [ERROR] LogOutputStream:75 - [STDERR_REDIRECT] WARNING: Couldn't flush system prefs: java.util.prefs.BackingStoreException: Couldn't get file lock.
2026-09-04 22:53:23,243 [ERROR] LogOutputStream:75 - [STDERR_REDIRECT] 
2026-09-04 22:53:53,241 [ERROR] LogOutputStream:75 - [STDERR_REDIRECT] Sep 04, 2026 10:53:53 PM java.util.prefs.FileSystemPreferences checkLockFile0ErrorCode
2026-09-04 22:53:53,241 [ERROR] LogOutputStream:75 - [STDERR_REDIRECT] WARNING: Could not lock System prefs. Unix error code 31840.
2026-09-04 22:53:53,241 [ERROR] LogOutputStream:75 - [STDERR_REDIRECT] 
2026-09-04 22:53:53,242 [ERROR] LogOutputStream:75 - [STDERR_REDIRECT] Sep 04, 2026 10:53:53 PM java.util.prefs.FileSystemPreferences syncWorld
2026-09-04 22:53:53,242 [ERROR] LogOutputStream:75 - [STDERR_REDIRECT] WARNING: Couldn't flush system prefs: java.util.prefs.BackingStoreException: Couldn't get file lock.
2026-09-04 22:53:53,242 [ERROR] LogOutputStream:75 - [STDERR_REDIRECT] 
2026-09-04 22:54:23,241 [ERROR] LogOutputStream:75 - [STDERR_REDIRECT] Sep 04, 2026 10:54:23 PM java.util.prefs.FileSystemPreferences checkLockFile0ErrorCode
2026-09-04 22:54:23,241 [ERROR] LogOutputStream:75 - [STDERR_REDIRECT] WARNING: Could not lock System prefs. Unix error code 31840.
2026-09-04 22:54:23,242 [ERROR] LogOutputStream:75 - [STDERR_REDIRECT] 
2026-09-04 22:54:23,242 [ERROR] LogOutputStream:75 - [STDERR_REDIRECT] Sep 04, 2026 10:54:23 PM java.util.prefs.FileSystemPreferences syncWorld
2026-09-04 22:54:23,242 [ERROR] LogOutputStream:75 - [STDERR_REDIRECT] WARNING: Couldn't flush system prefs: java.util.prefs.BackingStoreException: Couldn't get file lock.
2026-09-04 22:54:23,242 [ERROR] LogOutputStream:75 - [STDERR_REDIRECT] 
2026-09-04 22:54:53,241 [ERROR] LogOutputStream:75 - [STDERR_REDIRECT] Sep 04, 2026 10:54:53 PM java.util.prefs.FileSystemPreferences checkLockFile0ErrorCode
2026-09-04 22:54:53,241 [ERROR] LogOutputStream:75 - [STDERR_REDIRECT] WARNING: Could not lock System prefs. Unix error code 31840.
2026-09-04 22:54:53,241 [ERROR] LogOutputStream:75 - [STDERR_REDIRECT] 
2026-09-04 22:54:53,242 [ERROR] LogOutputStream:75 - [STDERR_REDIRECT] Sep 04, 2026 10:54:53 PM java.util.prefs.FileSystemPreferences syncWorld
2026-09-04 22:54:53,242 [ERROR] LogOutputStream:75 - [STDERR_REDIRECT] WARNING: Couldn't flush system prefs: java.util.prefs.BackingStoreException: Couldn't get file lock.
2026-09-04 22:54:53,242 [ERROR] LogOutputStream:75 - [STDERR_REDIRECT] 
2026-09-04 22:55:23,241 [ERROR] LogOutputStream:75 - [STDERR_REDIRECT] Sep 04, 2026 10:55:23 PM java.util.prefs.FileSystemPreferences checkLockFile0ErrorCode
2026-09-04 22:55:23,241 [ERROR] LogOutputStream:75 - [STDERR_REDIRECT] WARNING: Could not lock System prefs. Unix error code 31840.
2026-09-04 22:55:23,241 [ERROR] LogOutputStream:75 - [STDERR_REDIRECT] 
2026-09-04 22:55:23,241 [ERROR] LogOutputStream:75 - [STDERR_REDIRECT] Sep 04, 2026 10:55:23 PM java.util.prefs.FileSystemPreferences syncWorld
2026-09-04 22:55:23,242 [ERROR] LogOutputStream:75 - [STDERR_REDIRECT] WARNING: Couldn't flush system prefs: java.util.prefs.BackingStoreException: Couldn't get file lock.
2026-09-04 22:55:23,242 [ERROR] LogOutputStream:75 - [STDERR_REDIRECT] 
2026-09-04 22:55:53,241 [ERROR] LogOutputStream:75 - [STDERR_REDIRECT] Sep 04, 2026 10:55:53 PM java.util.prefs.FileSystemPreferences checkLockFile0ErrorCode
2026-09-04 22:55:53,241 [ERROR] LogOutputStream:75 - [STDERR_REDIRECT] WARNING: Could not lock System prefs. Unix error code 31840.
2026-09-04 22:55:53,241 [ERROR] LogOutputStream:75 - [STDERR_REDIRECT] 
2026-09-04 22:55:53,242 [ERROR] LogOutputStream:75 - [STDERR_REDIRECT] Sep 04, 2026 10:55:53 PM java.util.prefs.FileSystemPreferences syncWorld
2026-09-04 22:55:53,242 [ERROR] LogOutputStream:75 - [STDERR_REDIRECT] WARNING: Couldn't flush system prefs: java.util.prefs.BackingStoreException: Couldn't get file lock.
2026-09-04 22:55:53,242 [ERROR] LogOutputStream:75 - [STDERR_REDIRECT] 
2026-09-04 22:56:23,241 [ERROR] LogOutputStream:75 - [STDERR_REDIRECT] Sep 04, 2026 10:56:23 PM java.util.prefs.FileSystemPreferences checkLockFile0ErrorCode
2026-09-04 22:56:23,241 [ERROR] LogOutputStream:75 - [STDERR_REDIRECT] WARNING: Could not lock System prefs. Unix error code 31840.
2026-09-04 22:56:23,241 [ERROR] LogOutputStream:75 - [STDERR_REDIRECT] 
2026-09-04 22:56:23,242 [ERROR] LogOutputStream:75 - [STDERR_REDIRECT] Sep 04, 2026 10:56:23 PM java.util.prefs.FileSystemPreferences syncWorld
2026-09-04 22:56:23,242 [ERROR] LogOutputStream:75 - [STDERR_REDIRECT] WARNING: Couldn't flush system prefs: java.util.prefs.BackingStoreException: Couldn't get file lock.
2026-09-04 22:56:23,242 [ERROR] LogOutputStream:75 - [STDERR_REDIRECT] 
2026-09-04 22:56:53,241 [ERROR] LogOutputStream:75 - [STDERR_REDIRECT] Sep 04, 2026 10:56:53 PM java.util.prefs.FileSystemPreferences checkLockFile0ErrorCode
2026-09-04 22:56:53,241 [ERROR] LogOutputStream:75 - [STDERR_REDIRECT] WARNING: Could not lock System prefs. Unix error code 31840.
2026-09-04 22:56:53,241 [ERROR] LogOutputStream:75 - [STDERR_REDIRECT] 
2026-09-04 22:56:53,241 [ERROR] LogOutputStream:75 - [STDERR_REDIRECT] Sep 04, 2026 10:56:53 PM java.util.prefs.FileSystemPreferences syncWorld
2026-09-04 22:56:53,241 [ERROR] LogOutputStream:75 - [STDERR_REDIRECT] WARNING: Couldn't flush system prefs: java.util.prefs.BackingStoreException: Couldn't get file lock.
2026-09-04 22:56:53,242 [ERROR] LogOutputStream:75 - [STDERR_REDIRECT] 
2026-09-04 22:57:23,241 [ERROR] LogOutputStream:75 - [STDERR_REDIRECT] Sep 04, 2026 10:57:23 PM java.util.prefs.FileSystemPreferences checkLockFile0ErrorCode
2026-09-04 22:57:23,241 [ERROR] LogOutputStream:75 - [STDERR_REDIRECT] WARNING: Could not lock System prefs. Unix error code 31840.
2026-09-04 22:57:23,241 [ERROR] LogOutputStream:75 - [STDERR_REDIRECT] 
2026-09-04 22:57:23,242 [ERROR] LogOutputStream:75 - [STDERR_REDIRECT] Sep 04, 2026 10:57:23 PM java.util.prefs.FileSystemPreferences syncWorld
2026-09-04 22:57:23,242 [ERROR] LogOutputStream:75 - [STDERR_REDIRECT] WARNING: Couldn't flush system prefs: java.util.prefs.BackingStoreException: Couldn't get file lock.
2026-09-04 22:57:23,242 [ERROR] LogOutputStream:75 - [STDERR_REDIRECT] 
2026-09-04 22:57:53,241 [ERROR] LogOutputStream:75 - [STDERR_REDIRECT] Sep 04, 2026 10:57:53 PM java.util.prefs.FileSystemPreferences checkLockFile0ErrorCode
2026-09-04 22:57:53,241 [ERROR] LogOutputStream:75 - [STDERR_REDIRECT] WARNING: Could not lock System prefs. Unix error code 31840.
2026-09-04 22:57:53,242 [ERROR] LogOutputStream:75 - [STDERR_REDIRECT] 
2026-09-04 22:57:53,242 [ERROR] LogOutputStream:75 - [STDERR_REDIRECT] Sep 04, 2026 10:57:53 PM java.util.prefs.FileSystemPreferences syncWorld
2026-09-04 22:57:53,242 [ERROR] LogOutputStream:75 - [STDERR_REDIRECT] WARNING: Couldn't flush system prefs: java.util.prefs.BackingStoreException: Couldn't get file lock.
2026-09-04 22:57:53,242 [ERROR] LogOutputStream:75 - [STDERR_REDIRECT] 
2026-09-04 22:58:23,241 [ERROR] LogOutputStream:75 - [STDERR_REDIRECT] Sep 04, 2026 10:58:23 PM java.util.prefs.FileSystemPreferences checkLockFile0ErrorCode
2026-09-04 22:58:23,241 [ERROR] LogOutputStream:75 - [STDERR_REDIRECT] WARNING: Could not lock System prefs. Unix error code 31840.
2026-09-04 22:58:23,241 [ERROR] LogOutputStream:75 - [STDERR_REDIRECT] 
2026-09-04 22:58:23,242 [ERROR] LogOutputStream:75 - [STDERR_REDIRECT] Sep 04, 2026 10:58:23 PM java.util.prefs.FileSystemPreferences syncWorld
2026-09-04 22:58:23,242 [ERROR] LogOutputStream:75 - [STDERR_REDIRECT] WARNING: Couldn't flush system prefs: java.util.prefs.BackingStoreException: Couldn't get file lock.
2026-09-04 22:58:23,242 [ERROR] LogOutputStream:75 - [STDERR_REDIRECT] 
2026-09-04 22:58:53,241 [ERROR] LogOutputStream:75 - [STDERR_REDIRECT] Sep 04, 2026 10:58:53 PM java.util.prefs.FileSystemPreferences checkLockFile0ErrorCode
2026-09-04 22:58:53,241 [ERROR] LogOutputStream:75 - [STDERR_REDIRECT] WARNING: Could not lock System prefs. Unix error code 31840.
2026-09-04 22:58:53,242 [ERROR] LogOutputStream:75 - [STDERR_REDIRECT] 
2026-09-04 22:58:53,242 [ERROR] LogOutputStream:75 - [STDERR_REDIRECT] Sep 04, 2026 10:58:53 PM java.util.prefs.FileSystemPreferences syncWorld
2026-09-04 22:58:53,242 [ERROR] LogOutputStream:75 - [STDERR_REDIRECT] WARNING: Couldn't flush system prefs: java.util.prefs.BackingStoreException: Couldn't get file lock.
2026-09-04 22:58:53,242 [ERROR] LogOutputStream:75 - [STDERR_REDIRECT] 
2026-09-04 22:59:23,242 [ERROR] LogOutputStream:75 - [STDERR_REDIRECT] Sep 04, 2026 10:59:23 PM java.util.prefs.FileSystemPreferences checkLockFile0ErrorCode
2026-09-04 22:59:23,242 [ERROR] LogOutputStream:75 - [STDERR_REDIRECT] WARNING: Could not lock System prefs. Unix error code 31840.
2026-09-04 22:59:23,242 [ERROR] LogOutputStream:75 - [STDERR_REDIRECT] 
2026-09-04 22:59:23,243 [ERROR] LogOutputStream:75 - [STDERR_REDIRECT] Sep 04, 2026 10:59:23 PM java.util.prefs.FileSystemPreferences syncWorld
2026-09-04 22:59:23,243 [ERROR] LogOutputStream:75 - [STDERR_REDIRECT] WARNING: Couldn't flush system prefs: java.util.prefs.BackingStoreException: Couldn't get file lock.
2026-09-04 22:59:23,243 [ERROR] LogOutputStream:75 - [STDERR_REDIRECT] 
2026-09-04 22:59:53,243 [ERROR] LogOutputStream:75 - [STDERR_REDIRECT] Sep 04, 2026 10:59:53 PM java.util.prefs.FileSystemPreferences checkLockFile0ErrorCode
2026-09-04 22:59:53,243 [ERROR] LogOutputStream:75 - [STDERR_REDIRECT] WARNING: Could not lock System prefs. Unix error code 31840.
2026-09-04 22:59:53,243 [ERROR] LogOutputStream:75 - [STDERR_REDIRECT] 
2026-09-04 22:59:53,243 [ERROR] LogOutputStream:75 - [STDERR_REDIRECT] Sep 04, 2026 10:59:53 PM java.util.prefs.FileSystemPreferences syncWorld
2026-09-04 22:59:53,243 [ERROR] LogOutputStream:75 - [STDERR_REDIRECT] WARNING: Couldn't flush system prefs: java.util.prefs.BackingStoreException: Couldn't get file lock.
2026-09-04 22:59:53,244 [ERROR] LogOutputStream:75 - [STDERR_REDIRECT] 
2026-09-04 23:00:23,242 [ERROR] LogOutputStream:75 - [STDERR_REDIRECT] Sep 04, 2026 11:00:23 PM java.util.prefs.FileSystemPreferences checkLockFile0ErrorCode
2026-09-04 23:00:23,242 [ERROR] LogOutputStream:75 - [STDERR_REDIRECT] WARNING: Could not lock System prefs. Unix error code 31840.
2026-09-04 23:00:23,242 [ERROR] LogOutputStream:75 - [STDERR_REDIRECT] 
2026-09-04 23:00:23,243 [ERROR] LogOutputStream:75 - [STDERR_REDIRECT] Sep 04, 2026 11:00:23 PM java.util.prefs.FileSystemPreferences syncWorld
2026-09-04 23:00:23,243 [ERROR] LogOutputStream:75 - [STDERR_REDIRECT] WARNING: Couldn't flush system prefs: java.util.prefs.BackingStoreException: Couldn't get file lock.
2026-09-04 23:00:23,243 [ERROR] LogOutputStream:75 - [STDERR_REDIRECT] 
2026-09-04 23:00:53,243 [ERROR] LogOutputStream:75 - [STDERR_REDIRECT] Sep 04, 2026 11:00:53 PM java.util.prefs.FileSystemPreferences checkLockFile0ErrorCode
2026-09-04 23:00:53,243 [ERROR] LogOutputStream:75 - [STDERR_REDIRECT] WARNING: Could not lock System prefs. Unix error code 31840.
2026-09-04 23:00:53,243 [ERROR] LogOutputStream:75 - [STDERR_REDIRECT] 
2026-09-04 23:00:53,244 [ERROR] LogOutputStream:75 - [STDERR_REDIRECT] Sep 04, 2026 11:00:53 PM java.util.prefs.FileSystemPreferences syncWorld
2026-09-04 23:00:53,244 [ERROR] LogOutputStream:75 - [STDERR_REDIRECT] WARNING: Couldn't flush system prefs: java.util.prefs.BackingStoreException: Couldn't get file lock.
2026-09-04 23:00:53,244 [ERROR] LogOutputStream:75 - [STDERR_REDIRECT] 
2026-09-04 23:01:23,243 [ERROR] LogOutputStream:75 - [STDERR_REDIRECT] Sep 04, 2026 11:01:23 PM java.util.prefs.FileSystemPreferences checkLockFile0ErrorCode
2026-09-04 23:01:23,243 [ERROR] LogOutputStream:75 - [STDERR_REDIRECT] WARNING: Could not lock System prefs. Unix error code 31840.
2026-09-04 23:01:23,244 [ERROR] LogOutputStream:75 - [STDERR_REDIRECT] 
2026-09-04 23:01:23,244 [ERROR] LogOutputStream:75 - [STDERR_REDIRECT] Sep 04, 2026 11:01:23 PM java.util.prefs.FileSystemPreferences syncWorld
2026-09-04 23:01:23,244 [ERROR] LogOutputStream:75 - [STDERR_REDIRECT] WARNING: Couldn't flush system prefs: java.util.prefs.BackingStoreException: Couldn't get file lock.
2026-09-04 23:01:23,244 [ERROR] LogOutputStream:75 - [STDERR_REDIRECT] 
2026-09-04 23:01:53,244 [ERROR] LogOutputStream:75 - [STDERR_REDIRECT] Sep 04, 2026 11:01:53 PM java.util.prefs.FileSystemPreferences checkLockFile0ErrorCode
2026-09-04 23:01:53,244 [ERROR] LogOutputStream:75 - [STDERR_REDIRECT] WARNING: Could not lock System prefs. Unix error code 31840.
2026-09-04 23:01:53,244 [ERROR] LogOutputStream:75 - [STDERR_REDIRECT] 
2026-09-04 23:01:53,244 [ERROR] LogOutputStream:75 - [STDERR_REDIRECT] Sep 04, 2026 11:01:53 PM java.util.prefs.FileSystemPreferences syncWorld
2026-09-04 23:01:53,245 [ERROR] LogOutputStream:75 - [STDERR_REDIRECT] WARNING: Couldn't flush system prefs: java.util.prefs.BackingStoreException: Couldn't get file lock.
2026-09-04 23:01:53,245 [ERROR] LogOutputStream:75 - [STDERR_REDIRECT] 
2026-09-04 23:02:23,243 [ERROR] LogOutputStream:75 - [STDERR_REDIRECT] Sep 04, 2026 11:02:23 PM java.util.prefs.FileSystemPreferences checkLockFile0ErrorCode
2026-09-04 23:02:23,244 [ERROR] LogOutputStream:75 - [STDERR_REDIRECT] WARNING: Could not lock System prefs. Unix error code 31840.
2026-09-04 23:02:23,244 [ERROR] LogOutputStream:75 - [STDERR_REDIRECT] 
2026-09-04 23:02:23,244 [ERROR] LogOutputStream:75 - [STDERR_REDIRECT] Sep 04, 2026 11:02:23 PM java.util.prefs.FileSystemPreferences syncWorld
2026-09-04 23:02:23,244 [ERROR] LogOutputStream:75 - [STDERR_REDIRECT] WARNING: Couldn't flush system prefs: java.util.prefs.BackingStoreException: Couldn't get file lock.
2026-09-04 23:02:23,244 [ERROR] LogOutputStream:75 - [STDERR_REDIRECT] 
2026-09-04 23:02:53,244 [ERROR] LogOutputStream:75 - [STDERR_REDIRECT] Sep 04, 2026 11:02:53 PM java.util.prefs.FileSystemPreferences checkLockFile0ErrorCode
2026-09-04 23:02:53,244 [ERROR] LogOutputStream:75 - [STDERR_REDIRECT] WARNING: Could not lock System prefs. Unix error code 31840.
2026-09-04 23:02:53,244 [ERROR] LogOutputStream:75 - [STDERR_REDIRECT] 
2026-09-04 23:02:53,244 [ERROR] LogOutputStream:75 - [STDERR_REDIRECT] Sep 04, 2026 11:02:53 PM java.util.prefs.FileSystemPreferences syncWorld
2026-09-04 23:02:53,245 [ERROR] LogOutputStream:75 - [STDERR_REDIRECT] WARNING: Couldn't flush system prefs: java.util.prefs.BackingStoreException: Couldn't get file lock.
2026-09-04 23:02:53,245 [ERROR] LogOutputStream:75 - [STDERR_REDIRECT] 
2026-09-04 23:03:23,244 [ERROR] LogOutputStream:75 - [STDERR_REDIRECT] Sep 04, 2026 11:03:23 PM java.util.prefs.FileSystemPreferences checkLockFile0ErrorCode
2026-09-04 23:03:23,244 [ERROR] LogOutputStream:75 - [STDERR_REDIRECT] WARNING: Could not lock System prefs. Unix error code 31840.
2026-09-04 23:03:23,244 [ERROR] LogOutputStream:75 - [STDERR_REDIRECT] 
2026-09-04 23:03:23,245 [ERROR] LogOutputStream:75 - [STDERR_REDIRECT] Sep 04, 2026 11:03:23 PM java.util.prefs.FileSystemPreferences syncWorld
2026-09-04 23:03:23,245 [ERROR] LogOutputStream:75 - [STDERR_REDIRECT] WARNING: Couldn't flush system prefs: java.util.prefs.BackingStoreException: Couldn't get file lock.
2026-09-04 23:03:23,245 [ERROR] LogOutputStream:75 - [STDERR_REDIRECT] 
2026-09-04 23:03:53,244 [ERROR] LogOutputStream:75 - [STDERR_REDIRECT] Sep 04, 2026 11:03:53 PM java.util.prefs.FileSystemPreferences checkLockFile0ErrorCode
2026-09-04 23:03:53,244 [ERROR] LogOutputStream:75 - [STDERR_REDIRECT] WARNING: Could not lock System prefs. Unix error code 31840.
2026-09-04 23:03:53,244 [ERROR] LogOutputStream:75 - [STDERR_REDIRECT] 
2026-09-04 23:03:53,245 [ERROR] LogOutputStream:75 - [STDERR_REDIRECT] Sep 04, 2026 11:03:53 PM java.util.prefs.FileSystemPreferences syncWorld
2026-09-04 23:03:53,245 [ERROR] LogOutputStream:75 - [STDERR_REDIRECT] WARNING: Couldn't flush system prefs: java.util.prefs.BackingStoreException: Couldn't get file lock.
2026-09-04 23:03:53,245 [ERROR] LogOutputStream:75 - [STDERR_REDIRECT] 
2026-09-04 23:04:23,244 [ERROR] LogOutputStream:75 - [STDERR_REDIRECT] Sep 04, 2026 11:04:23 PM java.util.prefs.FileSystemPreferences checkLockFile0ErrorCode
2026-09-04 23:04:23,244 [ERROR] LogOutputStream:75 - [STDERR_REDIRECT] WARNING: Could not lock System prefs. Unix error code 31840.
2026-09-04 23:04:23,244 [ERROR] LogOutputStream:75 - [STDERR_REDIRECT] 
2026-09-04 23:04:23,245 [ERROR] LogOutputStream:75 - [STDERR_REDIRECT] Sep 04, 2026 11:04:23 PM java.util.prefs.FileSystemPreferences syncWorld
2026-09-04 23:04:23,245 [ERROR] LogOutputStream:75 - [STDERR_REDIRECT] WARNING: Couldn't flush system prefs: java.util.prefs.BackingStoreException: Couldn't get file lock.
2026-09-04 23:04:23,245 [ERROR] LogOutputStream:75 - [STDERR_REDIRECT] 
2026-09-04 23:04:53,244 [ERROR] LogOutputStream:75 - [STDERR_REDIRECT] Sep 04, 2026 11:04:53 PM java.util.prefs.FileSystemPreferences checkLockFile0ErrorCode
2026-09-04 23:04:53,245 [ERROR] LogOutputStream:75 - [STDERR_REDIRECT] WARNING: Could not lock System prefs. Unix error code 31840.
2026-09-04 23:04:53,245 [ERROR] LogOutputStream:75 - [STDERR_REDIRECT] 
2026-09-04 23:04:53,245 [ERROR] LogOutputStream:75 - [STDERR_REDIRECT] Sep 04, 2026 11:04:53 PM java.util.prefs.FileSystemPreferences syncWorld
2026-09-04 23:04:53,245 [ERROR] LogOutputStream:75 - [STDERR_REDIRECT] WARNING: Couldn't flush system prefs: java.util.prefs.BackingStoreException: Couldn't get file lock.
2026-09-04 23:04:53,245 [ERROR] LogOutputStream:75 - [STDERR_REDIRECT] 
2026-09-04 23:05:23,245 [ERROR] LogOutputStream:75 - [STDERR_REDIRECT] Sep 04, 2026 11:05:23 PM java.util.prefs.FileSystemPreferences checkLockFile0ErrorCode
2026-09-04 23:05:23,246 [ERROR] LogOutputStream:75 - [STDERR_REDIRECT] WARNING: Could not lock System prefs. Unix error code 31840.
2026-09-04 23:05:23,246 [ERROR] LogOutputStream:75 - [STDERR_REDIRECT] 
2026-09-04 23:05:23,246 [ERROR] LogOutputStream:75 - [STDERR_REDIRECT] Sep 04, 2026 11:05:23 PM java.util.prefs.FileSystemPreferences syncWorld
2026-09-04 23:05:23,246 [ERROR] LogOutputStream:75 - [STDERR_REDIRECT] WARNING: Couldn't flush system prefs: java.util.prefs.BackingStoreException: Couldn't get file lock.
2026-09-04 23:05:23,246 [ERROR] LogOutputStream:75 - [STDERR_REDIRECT] 
2026-09-04 23:05:53,246 [ERROR] LogOutputStream:75 - [STDERR_REDIRECT] Sep 04, 2026 11:05:53 PM java.util.prefs.FileSystemPreferences checkLockFile0ErrorCode
2026-09-04 23:05:53,246 [ERROR] LogOutputStream:75 - [STDERR_REDIRECT] WARNING: Could not lock System prefs. Unix error code 31840.
2026-09-04 23:05:53,246 [ERROR] LogOutputStream:75 - [STDERR_REDIRECT] 
2026-09-04 23:05:53,246 [ERROR] LogOutputStream:75 - [STDERR_REDIRECT] Sep 04, 2026 11:05:53 PM java.util.prefs.FileSystemPreferences syncWorld
2026-09-04 23:05:53,246 [ERROR] LogOutputStream:75 - [STDERR_REDIRECT] WARNING: Couldn't flush system prefs: java.util.prefs.BackingStoreException: Couldn't get file lock.
2026-09-04 23:05:53,246 [ERROR] LogOutputStream:75 - [STDERR_REDIRECT] 
2026-09-04 23:06:23,247 [ERROR] LogOutputStream:75 - [STDERR_REDIRECT] Sep 04, 2026 11:06:23 PM java.util.prefs.FileSystemPreferences checkLockFile0ErrorCode
2026-09-04 23:06:23,247 [ERROR] LogOutputStream:75 - [STDERR_REDIRECT] WARNING: Could not lock System prefs. Unix error code 31840.
2026-09-04 23:06:23,247 [ERROR] LogOutputStream:75 - [STDERR_REDIRECT] 
2026-09-04 23:06:23,248 [ERROR] LogOutputStream:75 - [STDERR_REDIRECT] Sep 04, 2026 11:06:23 PM java.util.prefs.FileSystemPreferences syncWorld
2026-09-04 23:06:23,248 [ERROR] LogOutputStream:75 - [STDERR_REDIRECT] WARNING: Couldn't flush system prefs: java.util.prefs.BackingStoreException: Couldn't get file lock.
2026-09-04 23:06:23,248 [ERROR] LogOutputStream:75 - [STDERR_REDIRECT] 
2026-09-04 23:06:53,248 [ERROR] LogOutputStream:75 - [STDERR_REDIRECT] Sep 04, 2026 11:06:53 PM java.util.prefs.FileSystemPreferences checkLockFile0ErrorCode
2026-09-04 23:06:53,248 [ERROR] LogOutputStream:75 - [STDERR_REDIRECT] WARNING: Could not lock System prefs. Unix error code 31840.
2026-09-04 23:06:53,248 [ERROR] LogOutputStream:75 - [STDERR_REDIRECT] 
2026-09-04 23:06:53,248 [ERROR] LogOutputStream:75 - [STDERR_REDIRECT] Sep 04, 2026 11:06:53 PM java.util.prefs.FileSystemPreferences syncWorld
2026-09-04 23:06:53,248 [ERROR] LogOutputStream:75 - [STDERR_REDIRECT] WARNING: Couldn't flush system prefs: java.util.prefs.BackingStoreException: Couldn't get file lock.
2026-09-04 23:06:53,248 [ERROR] LogOutputStream:75 - [STDERR_REDIRECT] 
2026-09-04 23:07:23,248 [ERROR] LogOutputStream:75 - [STDERR_REDIRECT] Sep 04, 2026 11:07:23 PM java.util.prefs.FileSystemPreferences checkLockFile0ErrorCode
2026-09-04 23:07:23,248 [ERROR] LogOutputStream:75 - [STDERR_REDIRECT] WARNING: Could not lock System prefs. Unix error code 31840.
2026-09-04 23:07:23,248 [ERROR] LogOutputStream:75 - [STDERR_REDIRECT] 
2026-09-04 23:07:23,249 [ERROR] LogOutputStream:75 - [STDERR_REDIRECT] Sep 04, 2026 11:07:23 PM java.util.prefs.FileSystemPreferences syncWorld
2026-09-04 23:07:23,249 [ERROR] LogOutputStream:75 - [STDERR_REDIRECT] WARNING: Couldn't flush system prefs: java.util.prefs.BackingStoreException: Couldn't get file lock.
2026-09-04 23:07:23,249 [ERROR] LogOutputStream:75 - [STDERR_REDIRECT] 
2026-09-04 23:07:53,248 [ERROR] LogOutputStream:75 - [STDERR_REDIRECT] Sep 04, 2026 11:07:53 PM java.util.prefs.FileSystemPreferences checkLockFile0ErrorCode
2026-09-04 23:07:53,248 [ERROR] LogOutputStream:75 - [STDERR_REDIRECT] WARNING: Could not lock System prefs. Unix error code 31840.
2026-09-04 23:07:53,248 [ERROR] LogOutputStream:75 - [STDERR_REDIRECT] 
2026-09-04 23:07:53,249 [ERROR] LogOutputStream:75 - [STDERR_REDIRECT] Sep 04, 2026 11:07:53 PM java.util.prefs.FileSystemPreferences syncWorld
2026-09-04 23:07:53,249 [ERROR] LogOutputStream:75 - [STDERR_REDIRECT] WARNING: Couldn't flush system prefs: java.util.prefs.BackingStoreException: Couldn't get file lock.
2026-09-04 23:07:53,249 [ERROR] LogOutputStream:75 - [STDERR_REDIRECT] 
2026-09-04 23:08:23,249 [ERROR] LogOutputStream:75 - [STDERR_REDIRECT] Sep 04, 2026 11:08:23 PM java.util.prefs.FileSystemPreferences checkLockFile0ErrorCode
2026-09-04 23:08:23,249 [ERROR] LogOutputStream:75 - [STDERR_REDIRECT] WARNING: Could not lock System prefs. Unix error code 31840.
2026-09-04 23:08:23,249 [ERROR] LogOutputStream:75 - [STDERR_REDIRECT] 
2026-09-04 23:08:23,250 [ERROR] LogOutputStream:75 - [STDERR_REDIRECT] Sep 04, 2026 11:08:23 PM java.util.prefs.FileSystemPreferences syncWorld
2026-09-04 23:08:23,250 [ERROR] LogOutputStream:75 - [STDERR_REDIRECT] WARNING: Couldn't flush system prefs: java.util.prefs.BackingStoreException: Couldn't get file lock.
2026-09-04 23:08:23,250 [ERROR] LogOutputStream:75 - [STDERR_REDIRECT] 
2026-09-04 23:08:53,248 [ERROR] LogOutputStream:75 - [STDERR_REDIRECT] Sep 04, 2026 11:08:53 PM java.util.prefs.FileSystemPreferences checkLockFile0ErrorCode
2026-09-04 23:08:53,248 [ERROR] LogOutputStream:75 - [STDERR_REDIRECT] WARNING: Could not lock System prefs. Unix error code 31840.
2026-09-04 23:08:53,249 [ERROR] LogOutputStream:75 - [STDERR_REDIRECT] 
2026-09-04 23:08:53,249 [ERROR] LogOutputStream:75 - [STDERR_REDIRECT] Sep 04, 2026 11:08:53 PM java.util.prefs.FileSystemPreferences syncWorld
2026-09-04 23:08:53,249 [ERROR] LogOutputStream:75 - [STDERR_REDIRECT] WARNING: Couldn't flush system prefs: java.util.prefs.BackingStoreException: Couldn't get file lock.
2026-09-04 23:08:53,249 [ERROR] LogOutputStream:75 - [STDERR_REDIRECT] 
2026-09-04 23:09:23,249 [ERROR] LogOutputStream:75 - [STDERR_REDIRECT] Sep 04, 2026 11:09:23 PM java.util.prefs.FileSystemPreferences checkLockFile0ErrorCode
2026-09-04 23:09:23,249 [ERROR] LogOutputStream:75 - [STDERR_REDIRECT] WARNING: Could not lock System prefs. Unix error code 31840.
2026-09-04 23:09:23,249 [ERROR] LogOutputStream:75 - [STDERR_REDIRECT] 
2026-09-04 23:09:23,249 [ERROR] LogOutputStream:75 - [STDERR_REDIRECT] Sep 04, 2026 11:09:23 PM java.util.prefs.FileSystemPreferences syncWorld
2026-09-04 23:09:23,249 [ERROR] LogOutputStream:75 - [STDERR_REDIRECT] WARNING: Couldn't flush system prefs: java.util.prefs.BackingStoreException: Couldn't get file lock.
2026-09-04 23:09:23,250 [ERROR] LogOutputStream:75 - [STDERR_REDIRECT] 
2026-09-04 23:09:53,248 [ERROR] LogOutputStream:75 - [STDERR_REDIRECT] Sep 04, 2026 11:09:53 PM java.util.prefs.FileSystemPreferences checkLockFile0ErrorCode
2026-09-04 23:09:53,249 [ERROR] LogOutputStream:75 - [STDERR_REDIRECT] WARNING: Could not lock System prefs. Unix error code 31840.
2026-09-04 23:09:53,249 [ERROR] LogOutputStream:75 - [STDERR_REDIRECT] 
2026-09-04 23:09:53,249 [ERROR] LogOutputStream:75 - [STDERR_REDIRECT] Sep 04, 2026 11:09:53 PM java.util.prefs.FileSystemPreferences syncWorld
2026-09-04 23:09:53,249 [ERROR] LogOutputStream:75 - [STDERR_REDIRECT] WARNING: Couldn't flush system prefs: java.util.prefs.BackingStoreException: Couldn't get file lock.
2026-09-04 23:09:53,249 [ERROR] LogOutputStream:75 - [STDERR_REDIRECT] 
2026-09-04 23:10:23,249 [ERROR] LogOutputStream:75 - [STDERR_REDIRECT] Sep 04, 2026 11:10:23 PM java.util.prefs.FileSystemPreferences checkLockFile0ErrorCode
2026-09-04 23:10:23,249 [ERROR] LogOutputStream:75 - [STDERR_REDIRECT] WARNING: Could not lock System prefs. Unix error code 31840.
2026-09-04 23:10:23,249 [ERROR] LogOutputStream:75 - [STDERR_REDIRECT] 
2026-09-04 23:10:23,250 [ERROR] LogOutputStream:75 - [STDERR_REDIRECT] Sep 04, 2026 11:10:23 PM java.util.prefs.FileSystemPreferences syncWorld
2026-09-04 23:10:23,250 [ERROR] LogOutputStream:75 - [STDERR_REDIRECT] WARNING: Couldn't flush system prefs: java.util.prefs.BackingStoreException: Couldn't get file lock.
2026-09-04 23:10:23,250 [ERROR] LogOutputStream:75 - [STDERR_REDIRECT] 
2026-09-04 23:10:53,249 [ERROR] LogOutputStream:75 - [STDERR_REDIRECT] Sep 04, 2026 11:10:53 PM java.util.prefs.FileSystemPreferences checkLockFile0ErrorCode
2026-09-04 23:10:53,249 [ERROR] LogOutputStream:75 - [STDERR_REDIRECT] WARNING: Could not lock System prefs. Unix error code 31840.
2026-09-04 23:10:53,250 [ERROR] LogOutputStream:75 - [STDERR_REDIRECT] 
2026-09-04 23:10:53,250 [ERROR] LogOutputStream:75 - [STDERR_REDIRECT] Sep 04, 2026 11:10:53 PM java.util.prefs.FileSystemPreferences syncWorld
2026-09-04 23:10:53,250 [ERROR] LogOutputStream:75 - [STDERR_REDIRECT] WARNING: Couldn't flush system prefs: java.util.prefs.BackingStoreException: Couldn't get file lock.
2026-09-04 23:10:53,250 [ERROR] LogOutputStream:75 - [STDERR_REDIRECT] 
2026-09-04 23:11:23,249 [ERROR] LogOutputStream:75 - [STDERR_REDIRECT] Sep 04, 2026 11:11:23 PM java.util.prefs.FileSystemPreferences checkLockFile0ErrorCode
2026-09-04 23:11:23,250 [ERROR] LogOutputStream:75 - [STDERR_REDIRECT] WARNING: Could not lock System prefs. Unix error code 31840.
2026-09-04 23:11:23,250 [ERROR] LogOutputStream:75 - [STDERR_REDIRECT] 
2026-09-04 23:11:23,250 [ERROR] LogOutputStream:75 - [STDERR_REDIRECT] Sep 04, 2026 11:11:23 PM java.util.prefs.FileSystemPreferences syncWorld
2026-09-04 23:11:23,250 [ERROR] LogOutputStream:75 - [STDERR_REDIRECT] WARNING: Couldn't flush system prefs: java.util.prefs.BackingStoreException: Couldn't get file lock.
2026-09-04 23:11:23,250 [ERROR] LogOutputStream:75 - [STDERR_REDIRECT] 
2026-09-04 23:11:53,249 [ERROR] LogOutputStream:75 - [STDERR_REDIRECT] Sep 04, 2026 11:11:53 PM java.util.prefs.FileSystemPreferences checkLockFile0ErrorCode
2026-09-04 23:11:53,250 [ERROR] LogOutputStream:75 - [STDERR_REDIRECT] WARNING: Could not lock System prefs. Unix error code 31840.
2026-09-04 23:11:53,250 [ERROR] LogOutputStream:75 - [STDERR_REDIRECT] 
2026-09-04 23:11:53,250 [ERROR] LogOutputStream:75 - [STDERR_REDIRECT] Sep 04, 2026 11:11:53 PM java.util.prefs.FileSystemPreferences syncWorld
2026-09-04 23:11:53,250 [ERROR] LogOutputStream:75 - [STDERR_REDIRECT] WARNING: Couldn't flush system prefs: java.util.prefs.BackingStoreException: Couldn't get file lock.
2026-09-04 23:11:53,250 [ERROR] LogOutputStream:75 - [STDERR_REDIRECT] 
2026-09-04 23:12:23,251 [ERROR] LogOutputStream:75 - [STDERR_REDIRECT] Sep 04, 2026 11:12:23 PM java.util.prefs.FileSystemPreferences checkLockFile0ErrorCode
2026-09-04 23:12:23,251 [ERROR] LogOutputStream:75 - [STDERR_REDIRECT] WARNING: Could not lock System prefs. Unix error code 31840.
2026-09-04 23:12:23,251 [ERROR] LogOutputStream:75 - [STDERR_REDIRECT] 
2026-09-04 23:12:23,252 [ERROR] LogOutputStream:75 - [STDERR_REDIRECT] Sep 04, 2026 11:12:23 PM java.util.prefs.FileSystemPreferences syncWorld
2026-09-04 23:12:23,252 [ERROR] LogOutputStream:75 - [STDERR_REDIRECT] WARNING: Couldn't flush system prefs: java.util.prefs.BackingStoreException: Couldn't get file lock.
2026-09-04 23:12:23,252 [ERROR] LogOutputStream:75 - [STDERR_REDIRECT] 
2026-09-04 23:12:53,252 [ERROR] LogOutputStream:75 - [STDERR_REDIRECT] Sep 04, 2026 11:12:53 PM java.util.prefs.FileSystemPreferences checkLockFile0ErrorCode
2026-09-04 23:12:53,252 [ERROR] LogOutputStream:75 - [STDERR_REDIRECT] WARNING: Could not lock System prefs. Unix error code 31840.
2026-09-04 23:12:53,252 [ERROR] LogOutputStream:75 - [STDERR_REDIRECT] 
2026-09-04 23:12:53,252 [ERROR] LogOutputStream:75 - [STDERR_REDIRECT] Sep 04, 2026 11:12:53 PM java.util.prefs.FileSystemPreferences syncWorld
2026-09-04 23:12:53,252 [ERROR] LogOutputStream:75 - [STDERR_REDIRECT] WARNING: Couldn't flush system prefs: java.util.prefs.BackingStoreException: Couldn't get file lock.
2026-09-04 23:12:53,253 [ERROR] LogOutputStream:75 - [STDERR_REDIRECT] 
2026-09-04 23:13:23,251 [ERROR] LogOutputStream:75 - [STDERR_REDIRECT] Sep 04, 2026 11:13:23 PM java.util.prefs.FileSystemPreferences checkLockFile0ErrorCode
2026-09-04 23:13:23,251 [ERROR] LogOutputStream:75 - [STDERR_REDIRECT] WARNING: Could not lock System prefs. Unix error code 31840.
2026-09-04 23:13:23,251 [ERROR] LogOutputStream:75 - [STDERR_REDIRECT] 
2026-09-04 23:13:23,251 [ERROR] LogOutputStream:75 - [STDERR_REDIRECT] Sep 04, 2026 11:13:23 PM java.util.prefs.FileSystemPreferences syncWorld
2026-09-04 23:13:23,252 [ERROR] LogOutputStream:75 - [STDERR_REDIRECT] WARNING: Couldn't flush system prefs: java.util.prefs.BackingStoreException: Couldn't get file lock.
2026-09-04 23:13:23,252 [ERROR] LogOutputStream:75 - [STDERR_REDIRECT] 
2026-09-04 23:13:53,251 [ERROR] LogOutputStream:75 - [STDERR_REDIRECT] Sep 04, 2026 11:13:53 PM java.util.prefs.FileSystemPreferences checkLockFile0ErrorCode
2026-09-04 23:13:53,251 [ERROR] LogOutputStream:75 - [STDERR_REDIRECT] WARNING: Could not lock System prefs. Unix error code 31840.
2026-09-04 23:13:53,252 [ERROR] LogOutputStream:75 - [STDERR_REDIRECT] 
2026-09-04 23:13:53,252 [ERROR] LogOutputStream:75 - [STDERR_REDIRECT] Sep 04, 2026 11:13:53 PM java.util.prefs.FileSystemPreferences syncWorld
2026-09-04 23:13:53,252 [ERROR] LogOutputStream:75 - [STDERR_REDIRECT] WARNING: Couldn't flush system prefs: java.util.prefs.BackingStoreException: Couldn't get file lock.
2026-09-04 23:13:53,252 [ERROR] LogOutputStream:75 - [STDERR_REDIRECT] 
2026-09-04 23:14:23,252 [ERROR] LogOutputStream:75 - [STDERR_REDIRECT] Sep 04, 2026 11:14:23 PM java.util.prefs.FileSystemPreferences checkLockFile0ErrorCode
2026-09-04 23:14:23,252 [ERROR] LogOutputStream:75 - [STDERR_REDIRECT] WARNING: Could not lock System prefs. Unix error code 31840.
2026-09-04 23:14:23,252 [ERROR] LogOutputStream:75 - [STDERR_REDIRECT] 
2026-09-04 23:14:23,252 [ERROR] LogOutputStream:75 - [STDERR_REDIRECT] Sep 04, 2026 11:14:23 PM java.util.prefs.FileSystemPreferences syncWorld
2026-09-04 23:14:23,252 [ERROR] LogOutputStream:75 - [STDERR_REDIRECT] WARNING: Couldn't flush system prefs: java.util.prefs.BackingStoreException: Couldn't get file lock.
2026-09-04 23:14:23,253 [ERROR] LogOutputStream:75 - [STDERR_REDIRECT] 
2026-09-04 23:14:53,250 [ERROR] LogOutputStream:75 - [STDERR_REDIRECT] Sep 04, 2026 11:14:53 PM java.util.prefs.FileSystemPreferences checkLockFile0ErrorCode
2026-09-04 23:14:53,251 [ERROR] LogOutputStream:75 - [STDERR_REDIRECT] WARNING: Could not lock System prefs. Unix error code 31840.
2026-09-04 23:14:53,251 [ERROR] LogOutputStream:75 - [STDERR_REDIRECT] 
2026-09-04 23:14:53,251 [ERROR] LogOutputStream:75 - [STDERR_REDIRECT] Sep 04, 2026 11:14:53 PM java.util.prefs.FileSystemPreferences syncWorld
2026-09-04 23:14:53,251 [ERROR] LogOutputStream:75 - [STDERR_REDIRECT] WARNING: Couldn't flush system prefs: java.util.prefs.BackingStoreException: Couldn't get file lock.
2026-09-04 23:14:53,251 [ERROR] LogOutputStream:75 - [STDERR_REDIRECT] 
2026-09-04 23:15:23,252 [ERROR] LogOutputStream:75 - [STDERR_REDIRECT] Sep 04, 2026 11:15:23 PM java.util.prefs.FileSystemPreferences checkLockFile0ErrorCode
2026-09-04 23:15:23,252 [ERROR] LogOutputStream:75 - [STDERR_REDIRECT] WARNING: Could not lock System prefs. Unix error code 31840.
2026-09-04 23:15:23,252 [ERROR] LogOutputStream:75 - [STDERR_REDIRECT] 
2026-09-04 23:15:23,253 [ERROR] LogOutputStream:75 - [STDERR_REDIRECT] Sep 04, 2026 11:15:23 PM java.util.prefs.FileSystemPreferences syncWorld
2026-09-04 23:15:23,253 [ERROR] LogOutputStream:75 - [STDERR_REDIRECT] WARNING: Couldn't flush system prefs: java.util.prefs.BackingStoreException: Couldn't get file lock.
2026-09-04 23:15:23,253 [ERROR] LogOutputStream:75 - [STDERR_REDIRECT] 
2026-09-04 23:15:53,252 [ERROR] LogOutputStream:75 - [STDERR_REDIRECT] Sep 04, 2026 11:15:53 PM java.util.prefs.FileSystemPreferences checkLockFile0ErrorCode
2026-09-04 23:15:53,253 [ERROR] LogOutputStream:75 - [STDERR_REDIRECT] WARNING: Could not lock System prefs. Unix error code 31840.
2026-09-04 23:15:53,253 [ERROR] LogOutputStream:75 - [STDERR_REDIRECT] 
2026-09-04 23:15:53,253 [ERROR] LogOutputStream:75 - [STDERR_REDIRECT] Sep 04, 2026 11:15:53 PM java.util.prefs.FileSystemPreferences syncWorld
2026-09-04 23:15:53,253 [ERROR] LogOutputStream:75 - [STDERR_REDIRECT] WARNING: Couldn't flush system prefs: java.util.prefs.BackingStoreException: Couldn't get file lock.
2026-09-04 23:15:53,253 [ERROR] LogOutputStream:75 - [STDERR_REDIRECT] 
2026-09-04 23:16:23,253 [ERROR] LogOutputStream:75 - [STDERR_REDIRECT] Sep 04, 2026 11:16:23 PM java.util.prefs.FileSystemPreferences checkLockFile0ErrorCode
2026-09-04 23:16:23,253 [ERROR] LogOutputStream:75 - [STDERR_REDIRECT] WARNING: Could not lock System prefs. Unix error code 31840.
2026-09-04 23:16:23,253 [ERROR] LogOutputStream:75 - [STDERR_REDIRECT] 
2026-09-04 23:16:23,253 [ERROR] LogOutputStream:75 - [STDERR_REDIRECT] Sep 04, 2026 11:16:23 PM java.util.prefs.FileSystemPreferences syncWorld
2026-09-04 23:16:23,253 [ERROR] LogOutputStream:75 - [STDERR_REDIRECT] WARNING: Couldn't flush system prefs: java.util.prefs.BackingStoreException: Couldn't get file lock.
2026-09-04 23:16:23,253 [ERROR] LogOutputStream:75 - [STDERR_REDIRECT] 
2026-09-04 23:16:53,253 [ERROR] LogOutputStream:75 - [STDERR_REDIRECT] Sep 04, 2026 11:16:53 PM java.util.prefs.FileSystemPreferences checkLockFile0ErrorCode
2026-09-04 23:16:53,253 [ERROR] LogOutputStream:75 - [STDERR_REDIRECT] WARNING: Could not lock System prefs. Unix error code 31840.
2026-09-04 23:16:53,253 [ERROR] LogOutputStream:75 - [STDERR_REDIRECT] 
2026-09-04 23:16:53,253 [ERROR] LogOutputStream:75 - [STDERR_REDIRECT] Sep 04, 2026 11:16:53 PM java.util.prefs.FileSystemPreferences syncWorld
2026-09-04 23:16:53,253 [ERROR] LogOutputStream:75 - [STDERR_REDIRECT] WARNING: Couldn't flush system prefs: java.util.prefs.BackingStoreException: Couldn't get file lock.
2026-09-04 23:16:53,253 [ERROR] LogOutputStream:75 - [STDERR_REDIRECT] 
2026-09-04 23:17:23,254 [ERROR] LogOutputStream:75 - [STDERR_REDIRECT] Sep 04, 2026 11:17:23 PM java.util.prefs.FileSystemPreferences checkLockFile0ErrorCode
2026-09-04 23:17:23,254 [ERROR] LogOutputStream:75 - [STDERR_REDIRECT] WARNING: Could not lock System prefs. Unix error code 31840.
2026-09-04 23:17:23,254 [ERROR] LogOutputStream:75 - [STDERR_REDIRECT] 
2026-09-04 23:17:23,255 [ERROR] LogOutputStream:75 - [STDERR_REDIRECT] Sep 04, 2026 11:17:23 PM java.util.prefs.FileSystemPreferences syncWorld
2026-09-04 23:17:23,255 [ERROR] LogOutputStream:75 - [STDERR_REDIRECT] WARNING: Couldn't flush system prefs: java.util.prefs.BackingStoreException: Couldn't get file lock.
2026-09-04 23:17:23,255 [ERROR] LogOutputStream:75 - [STDERR_REDIRECT] 
2026-09-04 23:17:53,254 [ERROR] LogOutputStream:75 - [STDERR_REDIRECT] Sep 04, 2026 11:17:53 PM java.util.prefs.FileSystemPreferences checkLockFile0ErrorCode
2026-09-04 23:17:53,254 [ERROR] LogOutputStream:75 - [STDERR_REDIRECT] WARNING: Could not lock System prefs. Unix error code 31840.
2026-09-04 23:17:53,254 [ERROR] LogOutputStream:75 - [STDERR_REDIRECT] 
2026-09-04 23:17:53,255 [ERROR] LogOutputStream:75 - [STDERR_REDIRECT] Sep 04, 2026 11:17:53 PM java.util.prefs.FileSystemPreferences syncWorld
2026-09-04 23:17:53,255 [ERROR] LogOutputStream:75 - [STDERR_REDIRECT] WARNING: Couldn't flush system prefs: java.util.prefs.BackingStoreException: Couldn't get file lock.
2026-09-04 23:17:53,255 [ERROR] LogOutputStream:75 - [STDERR_REDIRECT] 
2026-09-04 23:18:23,254 [ERROR] LogOutputStream:75 - [STDERR_REDIRECT] Sep 04, 2026 11:18:23 PM java.util.prefs.FileSystemPreferences checkLockFile0ErrorCode
2026-09-04 23:18:23,254 [ERROR] LogOutputStream:75 - [STDERR_REDIRECT] WARNING: Could not lock System prefs. Unix error code 31840.
2026-09-04 23:18:23,254 [ERROR] LogOutputStream:75 - [STDERR_REDIRECT] 
2026-09-04 23:18:23,255 [ERROR] LogOutputStream:75 - [STDERR_REDIRECT] Sep 04, 2026 11:18:23 PM java.util.prefs.FileSystemPreferences syncWorld
2026-09-04 23:18:23,255 [ERROR] LogOutputStream:75 - [STDERR_REDIRECT] WARNING: Couldn't flush system prefs: java.util.prefs.BackingStoreException: Couldn't get file lock.
2026-09-04 23:18:23,255 [ERROR] LogOutputStream:75 - [STDERR_REDIRECT] 
2026-09-04 23:18:53,254 [ERROR] LogOutputStream:75 - [STDERR_REDIRECT] Sep 04, 2026 11:18:53 PM java.util.prefs.FileSystemPreferences checkLockFile0ErrorCode
2026-09-04 23:18:53,254 [ERROR] LogOutputStream:75 - [STDERR_REDIRECT] WARNING: Could not lock System prefs. Unix error code 31840.
2026-09-04 23:18:53,254 [ERROR] LogOutputStream:75 - [STDERR_REDIRECT] 
2026-09-04 23:18:53,255 [ERROR] LogOutputStream:75 - [STDERR_REDIRECT] Sep 04, 2026 11:18:53 PM java.util.prefs.FileSystemPreferences syncWorld
2026-09-04 23:18:53,255 [ERROR] LogOutputStream:75 - [STDERR_REDIRECT] WARNING: Couldn't flush system prefs: java.util.prefs.BackingStoreException: Couldn't get file lock.
2026-09-04 23:18:53,255 [ERROR] LogOutputStream:75 - [STDERR_REDIRECT] 
2026-09-04 23:19:23,254 [ERROR] LogOutputStream:75 - [STDERR_REDIRECT] Sep 04, 2026 11:19:23 PM java.util.prefs.FileSystemPreferences checkLockFile0ErrorCode
2026-09-04 23:19:23,254 [ERROR] LogOutputStream:75 - [STDERR_REDIRECT] WARNING: Could not lock System prefs. Unix error code 31840.
2026-09-04 23:19:23,254 [ERROR] LogOutputStream:75 - [STDERR_REDIRECT] 
2026-09-04 23:19:23,254 [ERROR] LogOutputStream:75 - [STDERR_REDIRECT] Sep 04, 2026 11:19:23 PM java.util.prefs.FileSystemPreferences syncWorld
2026-09-04 23:19:23,255 [ERROR] LogOutputStream:75 - [STDERR_REDIRECT] WARNING: Couldn't flush system prefs: java.util.prefs.BackingStoreException: Couldn't get file lock.
2026-09-04 23:19:23,255 [ERROR] LogOutputStream:75 - [STDERR_REDIRECT] 
2026-09-04 23:19:53,254 [ERROR] LogOutputStream:75 - [STDERR_REDIRECT] Sep 04, 2026 11:19:53 PM java.util.prefs.FileSystemPreferences checkLockFile0ErrorCode
2026-09-04 23:19:53,254 [ERROR] LogOutputStream:75 - [STDERR_REDIRECT] WARNING: Could not lock System prefs. Unix error code 31840.
2026-09-04 23:19:53,254 [ERROR] LogOutputStream:75 - [STDERR_REDIRECT] 
2026-09-04 23:19:53,254 [ERROR] LogOutputStream:75 - [STDERR_REDIRECT] Sep 04, 2026 11:19:53 PM java.util.prefs.FileSystemPreferences syncWorld
2026-09-04 23:19:53,255 [ERROR] LogOutputStream:75 - [STDERR_REDIRECT] WARNING: Couldn't flush system prefs: java.util.prefs.BackingStoreException: Couldn't get file lock.
2026-09-04 23:19:53,255 [ERROR] LogOutputStream:75 - [STDERR_REDIRECT] 
2026-09-04 23:20:23,254 [ERROR] LogOutputStream:75 - [STDERR_REDIRECT] Sep 04, 2026 11:20:23 PM java.util.prefs.FileSystemPreferences checkLockFile0ErrorCode
2026-09-04 23:20:23,254 [ERROR] LogOutputStream:75 - [STDERR_REDIRECT] WARNING: Could not lock System prefs. Unix error code 31840.
2026-09-04 23:20:23,254 [ERROR] LogOutputStream:75 - [STDERR_REDIRECT] 
2026-09-04 23:20:23,255 [ERROR] LogOutputStream:75 - [STDERR_REDIRECT] Sep 04, 2026 11:20:23 PM java.util.prefs.FileSystemPreferences syncWorld
2026-09-04 23:20:23,255 [ERROR] LogOutputStream:75 - [STDERR_REDIRECT] WARNING: Couldn't flush system prefs: java.util.prefs.BackingStoreException: Couldn't get file lock.
2026-09-04 23:20:23,255 [ERROR] LogOutputStream:75 - [STDERR_REDIRECT] 
2026-09-04 23:20:53,254 [ERROR] LogOutputStream:75 - [STDERR_REDIRECT] Sep 04, 2026 11:20:53 PM java.util.prefs.FileSystemPreferences checkLockFile0ErrorCode
2026-09-04 23:20:53,254 [ERROR] LogOutputStream:75 - [STDERR_REDIRECT] WARNING: Could not lock System prefs. Unix error code 31840.
2026-09-04 23:20:53,255 [ERROR] LogOutputStream:75 - [STDERR_REDIRECT] 
2026-09-04 23:20:53,255 [ERROR] LogOutputStream:75 - [STDERR_REDIRECT] Sep 04, 2026 11:20:53 PM java.util.prefs.FileSystemPreferences syncWorld
2026-09-04 23:20:53,255 [ERROR] LogOutputStream:75 - [STDERR_REDIRECT] WARNING: Couldn't flush system prefs: java.util.prefs.BackingStoreException: Couldn't get file lock.
2026-09-04 23:20:53,255 [ERROR] LogOutputStream:75 - [STDERR_REDIRECT] 
2026-09-04 23:21:23,254 [ERROR] LogOutputStream:75 - [STDERR_REDIRECT] Sep 04, 2026 11:21:23 PM java.util.prefs.FileSystemPreferences checkLockFile0ErrorCode
2026-09-04 23:21:23,254 [ERROR] LogOutputStream:75 - [STDERR_REDIRECT] WARNING: Could not lock System prefs. Unix error code 31840.
2026-09-04 23:21:23,254 [ERROR] LogOutputStream:75 - [STDERR_REDIRECT] 
2026-09-04 23:21:23,255 [ERROR] LogOutputStream:75 - [STDERR_REDIRECT] Sep 04, 2026 11:21:23 PM java.util.prefs.FileSystemPreferences syncWorld
2026-09-04 23:21:23,255 [ERROR] LogOutputStream:75 - [STDERR_REDIRECT] WARNING: Couldn't flush system prefs: java.util.prefs.BackingStoreException: Couldn't get file lock.
2026-09-04 23:21:23,255 [ERROR] LogOutputStream:75 - [STDERR_REDIRECT] 
2026-09-04 23:21:53,254 [ERROR] LogOutputStream:75 - [STDERR_REDIRECT] Sep 04, 2026 11:21:53 PM java.util.prefs.FileSystemPreferences checkLockFile0ErrorCode
2026-09-04 23:21:53,255 [ERROR] LogOutputStream:75 - [STDERR_REDIRECT] WARNING: Could not lock System prefs. Unix error code 31840.
2026-09-04 23:21:53,255 [ERROR] LogOutputStream:75 - [STDERR_REDIRECT] 
2026-09-04 23:21:53,255 [ERROR] LogOutputStream:75 - [STDERR_REDIRECT] Sep 04, 2026 11:21:53 PM java.util.prefs.FileSystemPreferences syncWorld
2026-09-04 23:21:53,255 [ERROR] LogOutputStream:75 - [STDERR_REDIRECT] WARNING: Couldn't flush system prefs: java.util.prefs.BackingStoreException: Couldn't get file lock.
2026-09-04 23:21:53,255 [ERROR] LogOutputStream:75 - [STDERR_REDIRECT] 
2026-09-04 23:22:23,255 [ERROR] LogOutputStream:75 - [STDERR_REDIRECT] Sep 04, 2026 11:22:23 PM java.util.prefs.FileSystemPreferences checkLockFile0ErrorCode
2026-09-04 23:22:23,255 [ERROR] LogOutputStream:75 - [STDERR_REDIRECT] WARNING: Could not lock System prefs. Unix error code 31840.
2026-09-04 23:22:23,255 [ERROR] LogOutputStream:75 - [STDERR_REDIRECT] 
2026-09-04 23:22:23,256 [ERROR] LogOutputStream:75 - [STDERR_REDIRECT] Sep 04, 2026 11:22:23 PM java.util.prefs.FileSystemPreferences syncWorld
2026-09-04 23:22:23,256 [ERROR] LogOutputStream:75 - [STDERR_REDIRECT] WARNING: Couldn't flush system prefs: java.util.prefs.BackingStoreException: Couldn't get file lock.
2026-09-04 23:22:23,256 [ERROR] LogOutputStream:75 - [STDERR_REDIRECT] 
2026-09-04 23:22:53,255 [ERROR] LogOutputStream:75 - [STDERR_REDIRECT] Sep 04, 2026 11:22:53 PM java.util.prefs.FileSystemPreferences checkLockFile0ErrorCode
2026-09-04 23:22:53,255 [ERROR] LogOutputStream:75 - [STDERR_REDIRECT] WARNING: Could not lock System prefs. Unix error code 31840.
2026-09-04 23:22:53,255 [ERROR] LogOutputStream:75 - [STDERR_REDIRECT] 
2026-09-04 23:22:53,255 [ERROR] LogOutputStream:75 - [STDERR_REDIRECT] Sep 04, 2026 11:22:53 PM java.util.prefs.FileSystemPreferences syncWorld
2026-09-04 23:22:53,256 [ERROR] LogOutputStream:75 - [STDERR_REDIRECT] WARNING: Couldn't flush system prefs: java.util.prefs.BackingStoreException: Couldn't get file lock.
2026-09-04 23:22:53,256 [ERROR] LogOutputStream:75 - [STDERR_REDIRECT] 
2026-09-04 23:23:23,255 [ERROR] LogOutputStream:75 - [STDERR_REDIRECT] Sep 04, 2026 11:23:23 PM java.util.prefs.FileSystemPreferences checkLockFile0ErrorCode
2026-09-04 23:23:23,255 [ERROR] LogOutputStream:75 - [STDERR_REDIRECT] WARNING: Could not lock System prefs. Unix error code 31840.
2026-09-04 23:23:23,255 [ERROR] LogOutputStream:75 - [STDERR_REDIRECT] 
2026-09-04 23:23:23,256 [ERROR] LogOutputStream:75 - [STDERR_REDIRECT] Sep 04, 2026 11:23:23 PM java.util.prefs.FileSystemPreferences syncWorld
2026-09-04 23:23:23,256 [ERROR] LogOutputStream:75 - [STDERR_REDIRECT] WARNING: Couldn't flush system prefs: java.util.prefs.BackingStoreException: Couldn't get file lock.
2026-09-04 23:23:23,256 [ERROR] LogOutputStream:75 - [STDERR_REDIRECT] 
2026-09-04 23:23:53,256 [ERROR] LogOutputStream:75 - [STDERR_REDIRECT] Sep 04, 2026 11:23:53 PM java.util.prefs.FileSystemPreferences checkLockFile0ErrorCode
2026-09-04 23:23:53,256 [ERROR] LogOutputStream:75 - [STDERR_REDIRECT] WARNING: Could not lock System prefs. Unix error code 31840.
2026-09-04 23:23:53,256 [ERROR] LogOutputStream:75 - [STDERR_REDIRECT] 
2026-09-04 23:23:53,256 [ERROR] LogOutputStream:75 - [STDERR_REDIRECT] Sep 04, 2026 11:23:53 PM java.util.prefs.FileSystemPreferences syncWorld
2026-09-04 23:23:53,256 [ERROR] LogOutputStream:75 - [STDERR_REDIRECT] WARNING: Couldn't flush system prefs: java.util.prefs.BackingStoreException: Couldn't get file lock.
2026-09-04 23:23:53,257 [ERROR] LogOutputStream:75 - [STDERR_REDIRECT] 
2026-09-04 23:24:23,255 [ERROR] LogOutputStream:75 - [STDERR_REDIRECT] Sep 04, 2026 11:24:23 PM java.util.prefs.FileSystemPreferences checkLockFile0ErrorCode
2026-09-04 23:24:23,255 [ERROR] LogOutputStream:75 - [STDERR_REDIRECT] WARNING: Could not lock System prefs. Unix error code 31840.
2026-09-04 23:24:23,256 [ERROR] LogOutputStream:75 - [STDERR_REDIRECT] 
2026-09-04 23:24:23,256 [ERROR] LogOutputStream:75 - [STDERR_REDIRECT] Sep 04, 2026 11:24:23 PM java.util.prefs.FileSystemPreferences syncWorld
2026-09-04 23:24:23,256 [ERROR] LogOutputStream:75 - [STDERR_REDIRECT] WARNING: Couldn't flush system prefs: java.util.prefs.BackingStoreException: Couldn't get file lock.
2026-09-04 23:24:23,256 [ERROR] LogOutputStream:75 - [STDERR_REDIRECT] 
2026-09-04 23:24:53,255 [ERROR] LogOutputStream:75 - [STDERR_REDIRECT] Sep 04, 2026 11:24:53 PM java.util.prefs.FileSystemPreferences checkLockFile0ErrorCode
2026-09-04 23:24:53,256 [ERROR] LogOutputStream:75 - [STDERR_REDIRECT] WARNING: Could not lock System prefs. Unix error code 31840.
2026-09-04 23:24:53,256 [ERROR] LogOutputStream:75 - [STDERR_REDIRECT] 
2026-09-04 23:24:53,256 [ERROR] LogOutputStream:75 - [STDERR_REDIRECT] Sep 04, 2026 11:24:53 PM java.util.prefs.FileSystemPreferences syncWorld
2026-09-04 23:24:53,256 [ERROR] LogOutputStream:75 - [STDERR_REDIRECT] WARNING: Couldn't flush system prefs: java.util.prefs.BackingStoreException: Couldn't get file lock.
2026-09-04 23:24:53,256 [ERROR] LogOutputStream:75 - [STDERR_REDIRECT] 
2026-09-04 23:25:23,256 [ERROR] LogOutputStream:75 - [STDERR_REDIRECT] Sep 04, 2026 11:25:23 PM java.util.prefs.FileSystemPreferences checkLockFile0ErrorCode
2026-09-04 23:25:23,257 [ERROR] LogOutputStream:75 - [STDERR_REDIRECT] WARNING: Could not lock System prefs. Unix error code 31840.
2026-09-04 23:25:23,257 [ERROR] LogOutputStream:75 - [STDERR_REDIRECT] 
2026-09-04 23:25:23,257 [ERROR] LogOutputStream:75 - [STDERR_REDIRECT] Sep 04, 2026 11:25:23 PM java.util.prefs.FileSystemPreferences syncWorld
2026-09-04 23:25:23,257 [ERROR] LogOutputStream:75 - [STDERR_REDIRECT] WARNING: Couldn't flush system prefs: java.util.prefs.BackingStoreException: Couldn't get file lock.
2026-09-04 23:25:23,257 [ERROR] LogOutputStream:75 - [STDERR_REDIRECT] 
2026-09-04 23:25:53,257 [ERROR] LogOutputStream:75 - [STDERR_REDIRECT] Sep 04, 2026 11:25:53 PM java.util.prefs.FileSystemPreferences checkLockFile0ErrorCode
2026-09-04 23:25:53,257 [ERROR] LogOutputStream:75 - [STDERR_REDIRECT] WARNING: Could not lock System prefs. Unix error code 31840.
2026-09-04 23:25:53,257 [ERROR] LogOutputStream:75 - [STDERR_REDIRECT] 
2026-09-04 23:25:53,258 [ERROR] LogOutputStream:75 - [STDERR_REDIRECT] Sep 04, 2026 11:25:53 PM java.util.prefs.FileSystemPreferences syncWorld
2026-09-04 23:25:53,258 [ERROR] LogOutputStream:75 - [STDERR_REDIRECT] WARNING: Couldn't flush system prefs: java.util.prefs.BackingStoreException: Couldn't get file lock.
2026-09-04 23:25:53,258 [ERROR] LogOutputStream:75 - [STDERR_REDIRECT] 
2026-09-04 23:26:23,257 [ERROR] LogOutputStream:75 - [STDERR_REDIRECT] Sep 04, 2026 11:26:23 PM java.util.prefs.FileSystemPreferences checkLockFile0ErrorCode
2026-09-04 23:26:23,258 [ERROR] LogOutputStream:75 - [STDERR_REDIRECT] WARNING: Could not lock System prefs. Unix error code 31840.
2026-09-04 23:26:23,258 [ERROR] LogOutputStream:75 - [STDERR_REDIRECT] 
2026-09-04 23:26:23,258 [ERROR] LogOutputStream:75 - [STDERR_REDIRECT] Sep 04, 2026 11:26:23 PM java.util.prefs.FileSystemPreferences syncWorld
2026-09-04 23:26:23,258 [ERROR] LogOutputStream:75 - [STDERR_REDIRECT] WARNING: Couldn't flush system prefs: java.util.prefs.BackingStoreException: Couldn't get file lock.
2026-09-04 23:26:23,258 [ERROR] LogOutputStream:75 - [STDERR_REDIRECT] 
2026-09-04 23:26:53,258 [ERROR] LogOutputStream:75 - [STDERR_REDIRECT] Sep 04, 2026 11:26:53 PM java.util.prefs.FileSystemPreferences checkLockFile0ErrorCode
2026-09-04 23:26:53,258 [ERROR] LogOutputStream:75 - [STDERR_REDIRECT] WARNING: Could not lock System prefs. Unix error code 31840.
2026-09-04 23:26:53,258 [ERROR] LogOutputStream:75 - [STDERR_REDIRECT] 
2026-09-04 23:26:53,259 [ERROR] LogOutputStream:75 - [STDERR_REDIRECT] Sep 04, 2026 11:26:53 PM java.util.prefs.FileSystemPreferences syncWorld
2026-09-04 23:26:53,259 [ERROR] LogOutputStream:75 - [STDERR_REDIRECT] WARNING: Couldn't flush system prefs: java.util.prefs.BackingStoreException: Couldn't get file lock.
2026-09-04 23:26:53,259 [ERROR] LogOutputStream:75 - [STDERR_REDIRECT] 
2026-09-04 23:27:23,259 [ERROR] LogOutputStream:75 - [STDERR_REDIRECT] Sep 04, 2026 11:27:23 PM java.util.prefs.FileSystemPreferences checkLockFile0ErrorCode
2026-09-04 23:27:23,259 [ERROR] LogOutputStream:75 - [STDERR_REDIRECT] WARNING: Could not lock System prefs. Unix error code 31840.
2026-09-04 23:27:23,259 [ERROR] LogOutputStream:75 - [STDERR_REDIRECT] 
2026-09-04 23:27:23,259 [ERROR] LogOutputStream:75 - [STDERR_REDIRECT] Sep 04, 2026 11:27:23 PM java.util.prefs.FileSystemPreferences syncWorld
2026-09-04 23:27:23,259 [ERROR] LogOutputStream:75 - [STDERR_REDIRECT] WARNING: Couldn't flush system prefs: java.util.prefs.BackingStoreException: Couldn't get file lock.
2026-09-04 23:27:23,259 [ERROR] LogOutputStream:75 - [STDERR_REDIRECT] 
2026-09-04 23:27:53,259 [ERROR] LogOutputStream:75 - [STDERR_REDIRECT] Sep 04, 2026 11:27:53 PM java.util.prefs.FileSystemPreferences checkLockFile0ErrorCode
2026-09-04 23:27:53,260 [ERROR] LogOutputStream:75 - [STDERR_REDIRECT] WARNING: Could not lock System prefs. Unix error code 31840.
2026-09-04 23:27:53,260 [ERROR] LogOutputStream:75 - [STDERR_REDIRECT] 
2026-09-04 23:27:53,260 [ERROR] LogOutputStream:75 - [STDERR_REDIRECT] Sep 04, 2026 11:27:53 PM java.util.prefs.FileSystemPreferences syncWorld
2026-09-04 23:27:53,260 [ERROR] LogOutputStream:75 - [STDERR_REDIRECT] WARNING: Couldn't flush system prefs: java.util.prefs.BackingStoreException: Couldn't get file lock.
2026-09-04 23:27:53,260 [ERROR] LogOutputStream:75 - [STDERR_REDIRECT] 
2026-09-04 23:28:23,260 [ERROR] LogOutputStream:75 - [STDERR_REDIRECT] Sep 04, 2026 11:28:23 PM java.util.prefs.FileSystemPreferences checkLockFile0ErrorCode
2026-09-04 23:28:23,260 [ERROR] LogOutputStream:75 - [STDERR_REDIRECT] WARNING: Could not lock System prefs. Unix error code 31840.
2026-09-04 23:28:23,260 [ERROR] LogOutputStream:75 - [STDERR_REDIRECT] 
2026-09-04 23:28:23,260 [ERROR] LogOutputStream:75 - [STDERR_REDIRECT] Sep 04, 2026 11:28:23 PM java.util.prefs.FileSystemPreferences syncWorld
2026-09-04 23:28:23,260 [ERROR] LogOutputStream:75 - [STDERR_REDIRECT] WARNING: Couldn't flush system prefs: java.util.prefs.BackingStoreException: Couldn't get file lock.
2026-09-04 23:28:23,260 [ERROR] LogOutputStream:75 - [STDERR_REDIRECT] 
2026-09-04 23:28:53,261 [ERROR] LogOutputStream:75 - [STDERR_REDIRECT] Sep 04, 2026 11:28:53 PM java.util.prefs.FileSystemPreferences checkLockFile0ErrorCode
2026-09-04 23:28:53,261 [ERROR] LogOutputStream:75 - [STDERR_REDIRECT] WARNING: Could not lock System prefs. Unix error code 31840.
2026-09-04 23:28:53,261 [ERROR] LogOutputStream:75 - [STDERR_REDIRECT] 
2026-09-04 23:28:53,262 [ERROR] LogOutputStream:75 - [STDERR_REDIRECT] Sep 04, 2026 11:28:53 PM java.util.prefs.FileSystemPreferences syncWorld
2026-09-04 23:28:53,262 [ERROR] LogOutputStream:75 - [STDERR_REDIRECT] WARNING: Couldn't flush system prefs: java.util.prefs.BackingStoreException: Couldn't get file lock.
2026-09-04 23:28:53,262 [ERROR] LogOutputStream:75 - [STDERR_REDIRECT] 
2026-09-04 23:29:23,262 [ERROR] LogOutputStream:75 - [STDERR_REDIRECT] Sep 04, 2026 11:29:23 PM java.util.prefs.FileSystemPreferences checkLockFile0ErrorCode
2026-09-04 23:29:23,262 [ERROR] LogOutputStream:75 - [STDERR_REDIRECT] WARNING: Could not lock System prefs. Unix error code 31840.
2026-09-04 23:29:23,262 [ERROR] LogOutputStream:75 - [STDERR_REDIRECT] 
2026-09-04 23:29:23,262 [ERROR] LogOutputStream:75 - [STDERR_REDIRECT] Sep 04, 2026 11:29:23 PM java.util.prefs.FileSystemPreferences syncWorld
2026-09-04 23:29:23,262 [ERROR] LogOutputStream:75 - [STDERR_REDIRECT] WARNING: Couldn't flush system prefs: java.util.prefs.BackingStoreException: Couldn't get file lock.
2026-09-04 23:29:23,262 [ERROR] LogOutputStream:75 - [STDERR_REDIRECT] 
2026-09-04 23:29:53,261 [ERROR] LogOutputStream:75 - [STDERR_REDIRECT] Sep 04, 2026 11:29:53 PM java.util.prefs.FileSystemPreferences checkLockFile0ErrorCode
2026-09-04 23:29:53,261 [ERROR] LogOutputStream:75 - [STDERR_REDIRECT] WARNING: Could not lock System prefs. Unix error code 31840.
2026-09-04 23:29:53,261 [ERROR] LogOutputStream:75 - [STDERR_REDIRECT] 
2026-09-04 23:29:53,262 [ERROR] LogOutputStream:75 - [STDERR_REDIRECT] Sep 04, 2026 11:29:53 PM java.util.prefs.FileSystemPreferences syncWorld
2026-09-04 23:29:53,262 [ERROR] LogOutputStream:75 - [STDERR_REDIRECT] WARNING: Couldn't flush system prefs: java.util.prefs.BackingStoreException: Couldn't get file lock.
2026-09-04 23:29:53,262 [ERROR] LogOutputStream:75 - [STDERR_REDIRECT] 
2026-09-04 23:30:23,261 [ERROR] LogOutputStream:75 - [STDERR_REDIRECT] Sep 04, 2026 11:30:23 PM java.util.prefs.FileSystemPreferences checkLockFile0ErrorCode
2026-09-04 23:30:23,261 [ERROR] LogOutputStream:75 - [STDERR_REDIRECT] WARNING: Could not lock System prefs. Unix error code 31840.
2026-09-04 23:30:23,262 [ERROR] LogOutputStream:75 - [STDERR_REDIRECT] 
2026-09-04 23:30:23,262 [ERROR] LogOutputStream:75 - [STDERR_REDIRECT] Sep 04, 2026 11:30:23 PM java.util.prefs.FileSystemPreferences syncWorld
2026-09-04 23:30:23,262 [ERROR] LogOutputStream:75 - [STDERR_REDIRECT] WARNING: Couldn't flush system prefs: java.util.prefs.BackingStoreException: Couldn't get file lock.
2026-09-04 23:30:23,262 [ERROR] LogOutputStream:75 - [STDERR_REDIRECT] 
2026-09-04 23:30:53,262 [ERROR] LogOutputStream:75 - [STDERR_REDIRECT] Sep 04, 2026 11:30:53 PM java.util.prefs.FileSystemPreferences checkLockFile0ErrorCode
2026-09-04 23:30:53,262 [ERROR] LogOutputStream:75 - [STDERR_REDIRECT] WARNING: Could not lock System prefs. Unix error code 31840.
2026-09-04 23:30:53,262 [ERROR] LogOutputStream:75 - [STDERR_REDIRECT] 
2026-09-04 23:30:53,262 [ERROR] LogOutputStream:75 - [STDERR_REDIRECT] Sep 04, 2026 11:30:53 PM java.util.prefs.FileSystemPreferences syncWorld
2026-09-04 23:30:53,263 [ERROR] LogOutputStream:75 - [STDERR_REDIRECT] WARNING: Couldn't flush system prefs: java.util.prefs.BackingStoreException: Couldn't get file lock.
2026-09-04 23:30:53,263 [ERROR] LogOutputStream:75 - [STDERR_REDIRECT] 
2026-09-04 23:31:23,261 [ERROR] LogOutputStream:75 - [STDERR_REDIRECT] Sep 04, 2026 11:31:23 PM java.util.prefs.FileSystemPreferences checkLockFile0ErrorCode
2026-09-04 23:31:23,261 [ERROR] LogOutputStream:75 - [STDERR_REDIRECT] WARNING: Could not lock System prefs. Unix error code 31840.
2026-09-04 23:31:23,262 [ERROR] LogOutputStream:75 - [STDERR_REDIRECT] 
2026-09-04 23:31:23,262 [ERROR] LogOutputStream:75 - [STDERR_REDIRECT] Sep 04, 2026 11:31:23 PM java.util.prefs.FileSystemPreferences syncWorld
2026-09-04 23:31:23,262 [ERROR] LogOutputStream:75 - [STDERR_REDIRECT] WARNING: Couldn't flush system prefs: java.util.prefs.BackingStoreException: Couldn't get file lock.
2026-09-04 23:31:23,262 [ERROR] LogOutputStream:75 - [STDERR_REDIRECT] 
2026-09-04 23:31:53,261 [ERROR] LogOutputStream:75 - [STDERR_REDIRECT] Sep 04, 2026 11:31:53 PM java.util.prefs.FileSystemPreferences checkLockFile0ErrorCode
2026-09-04 23:31:53,262 [ERROR] LogOutputStream:75 - [STDERR_REDIRECT] WARNING: Could not lock System prefs. Unix error code 31840.
2026-09-04 23:31:53,262 [ERROR] LogOutputStream:75 - [STDERR_REDIRECT] 
2026-09-04 23:31:53,262 [ERROR] LogOutputStream:75 - [STDERR_REDIRECT] Sep 04, 2026 11:31:53 PM java.util.prefs.FileSystemPreferences syncWorld
2026-09-04 23:31:53,262 [ERROR] LogOutputStream:75 - [STDERR_REDIRECT] WARNING: Couldn't flush system prefs: java.util.prefs.BackingStoreException: Couldn't get file lock.
2026-09-04 23:31:53,262 [ERROR] LogOutputStream:75 - [STDERR_REDIRECT] 
2026-09-04 23:32:23,262 [ERROR] LogOutputStream:75 - [STDERR_REDIRECT] Sep 04, 2026 11:32:23 PM java.util.prefs.FileSystemPreferences checkLockFile0ErrorCode
2026-09-04 23:32:23,262 [ERROR] LogOutputStream:75 - [STDERR_REDIRECT] WARNING: Could not lock System prefs. Unix error code 31840.
2026-09-04 23:32:23,263 [ERROR] LogOutputStream:75 - [STDERR_REDIRECT] 
2026-09-04 23:32:23,263 [ERROR] LogOutputStream:75 - [STDERR_REDIRECT] Sep 04, 2026 11:32:23 PM java.util.prefs.FileSystemPreferences syncWorld
2026-09-04 23:32:23,263 [ERROR] LogOutputStream:75 - [STDERR_REDIRECT] WARNING: Couldn't flush system prefs: java.util.prefs.BackingStoreException: Couldn't get file lock.
2026-09-04 23:32:23,263 [ERROR] LogOutputStream:75 - [STDERR_REDIRECT] 
2026-09-04 23:32:53,262 [ERROR] LogOutputStream:75 - [STDERR_REDIRECT] Sep 04, 2026 11:32:53 PM java.util.prefs.FileSystemPreferences checkLockFile0ErrorCode
2026-09-04 23:32:53,263 [ERROR] LogOutputStream:75 - [STDERR_REDIRECT] WARNING: Could not lock System prefs. Unix error code 31840.
2026-09-04 23:32:53,263 [ERROR] LogOutputStream:75 - [STDERR_REDIRECT] 
2026-09-04 23:32:53,263 [ERROR] LogOutputStream:75 - [STDERR_REDIRECT] Sep 04, 2026 11:32:53 PM java.util.prefs.FileSystemPreferences syncWorld
2026-09-04 23:32:53,263 [ERROR] LogOutputStream:75 - [STDERR_REDIRECT] WARNING: Couldn't flush system prefs: java.util.prefs.BackingStoreException: Couldn't get file lock.
2026-09-04 23:32:53,263 [ERROR] LogOutputStream:75 - [STDERR_REDIRECT] 
2026-09-04 23:33:23,263 [ERROR] LogOutputStream:75 - [STDERR_REDIRECT] Sep 04, 2026 11:33:23 PM java.util.prefs.FileSystemPreferences checkLockFile0ErrorCode
2026-09-04 23:33:23,263 [ERROR] LogOutputStream:75 - [STDERR_REDIRECT] WARNING: Could not lock System prefs. Unix error code 31840.
2026-09-04 23:33:23,263 [ERROR] LogOutputStream:75 - [STDERR_REDIRECT] 
2026-09-04 23:33:23,263 [ERROR] LogOutputStream:75 - [STDERR_REDIRECT] Sep 04, 2026 11:33:23 PM java.util.prefs.FileSystemPreferences syncWorld
2026-09-04 23:33:23,264 [ERROR] LogOutputStream:75 - [STDERR_REDIRECT] WARNING: Couldn't flush system prefs: java.util.prefs.BackingStoreException: Couldn't get file lock.
2026-09-04 23:33:23,264 [ERROR] LogOutputStream:75 - [STDERR_REDIRECT] 
2026-09-04 23:33:53,263 [ERROR] LogOutputStream:75 - [STDERR_REDIRECT] Sep 04, 2026 11:33:53 PM java.util.prefs.FileSystemPreferences checkLockFile0ErrorCode
2026-09-04 23:33:53,264 [ERROR] LogOutputStream:75 - [STDERR_REDIRECT] WARNING: Could not lock System prefs. Unix error code 31840.
2026-09-04 23:33:53,264 [ERROR] LogOutputStream:75 - [STDERR_REDIRECT] 
2026-09-04 23:33:53,264 [ERROR] LogOutputStream:75 - [STDERR_REDIRECT] Sep 04, 2026 11:33:53 PM java.util.prefs.FileSystemPreferences syncWorld
2026-09-04 23:33:53,264 [ERROR] LogOutputStream:75 - [STDERR_REDIRECT] WARNING: Couldn't flush system prefs: java.util.prefs.BackingStoreException: Couldn't get file lock.
2026-09-04 23:33:53,264 [ERROR] LogOutputStream:75 - [STDERR_REDIRECT] 
2026-09-04 23:34:23,264 [ERROR] LogOutputStream:75 - [STDERR_REDIRECT] Sep 04, 2026 11:34:23 PM java.util.prefs.FileSystemPreferences checkLockFile0ErrorCode
2026-09-04 23:34:23,264 [ERROR] LogOutputStream:75 - [STDERR_REDIRECT] WARNING: Could not lock System prefs. Unix error code 31840.
2026-09-04 23:34:23,264 [ERROR] LogOutputStream:75 - [STDERR_REDIRECT] 
2026-09-04 23:34:23,264 [ERROR] LogOutputStream:75 - [STDERR_REDIRECT] Sep 04, 2026 11:34:23 PM java.util.prefs.FileSystemPreferences syncWorld
2026-09-04 23:34:23,264 [ERROR] LogOutputStream:75 - [STDERR_REDIRECT] WARNING: Couldn't flush system prefs: java.util.prefs.BackingStoreException: Couldn't get file lock.
2026-09-04 23:34:23,264 [ERROR] LogOutputStream:75 - [STDERR_REDIRECT] 
2026-09-04 23:34:53,263 [ERROR] LogOutputStream:75 - [STDERR_REDIRECT] Sep 04, 2026 11:34:53 PM java.util.prefs.FileSystemPreferences checkLockFile0ErrorCode
2026-09-04 23:34:53,264 [ERROR] LogOutputStream:75 - [STDERR_REDIRECT] WARNING: Could not lock System prefs. Unix error code 31840.
2026-09-04 23:34:53,264 [ERROR] LogOutputStream:75 - [STDERR_REDIRECT] 
2026-09-04 23:34:53,264 [ERROR] LogOutputStream:75 - [STDERR_REDIRECT] Sep 04, 2026 11:34:53 PM java.util.prefs.FileSystemPreferences syncWorld
2026-09-04 23:34:53,264 [ERROR] LogOutputStream:75 - [STDERR_REDIRECT] WARNING: Couldn't flush system prefs: java.util.prefs.BackingStoreException: Couldn't get file lock.
2026-09-04 23:34:53,264 [ERROR] LogOutputStream:75 - [STDERR_REDIRECT] 
2026-09-04 23:35:23,265 [ERROR] LogOutputStream:75 - [STDERR_REDIRECT] Sep 04, 2026 11:35:23 PM java.util.prefs.FileSystemPreferences checkLockFile0ErrorCode
2026-09-04 23:35:23,265 [ERROR] LogOutputStream:75 - [STDERR_REDIRECT] WARNING: Could not lock System prefs. Unix error code 31840.
2026-09-04 23:35:23,265 [ERROR] LogOutputStream:75 - [STDERR_REDIRECT] 
2026-09-04 23:35:23,265 [ERROR] LogOutputStream:75 - [STDERR_REDIRECT] Sep 04, 2026 11:35:23 PM java.util.prefs.FileSystemPreferences syncWorld
2026-09-04 23:35:23,265 [ERROR] LogOutputStream:75 - [STDERR_REDIRECT] WARNING: Couldn't flush system prefs: java.util.prefs.BackingStoreException: Couldn't get file lock.
2026-09-04 23:35:23,265 [ERROR] LogOutputStream:75 - [STDERR_REDIRECT] 
2026-09-04 23:35:53,265 [ERROR] LogOutputStream:75 - [STDERR_REDIRECT] Sep 04, 2026 11:35:53 PM java.util.prefs.FileSystemPreferences checkLockFile0ErrorCode
2026-09-04 23:35:53,265 [ERROR] LogOutputStream:75 - [STDERR_REDIRECT] WARNING: Could not lock System prefs. Unix error code 31840.
2026-09-04 23:35:53,265 [ERROR] LogOutputStream:75 - [STDERR_REDIRECT] 
2026-09-04 23:35:53,266 [ERROR] LogOutputStream:75 - [STDERR_REDIRECT] Sep 04, 2026 11:35:53 PM java.util.prefs.FileSystemPreferences syncWorld
2026-09-04 23:35:53,266 [ERROR] LogOutputStream:75 - [STDERR_REDIRECT] WARNING: Couldn't flush system prefs: java.util.prefs.BackingStoreException: Couldn't get file lock.
2026-09-04 23:35:53,266 [ERROR] LogOutputStream:75 - [STDERR_REDIRECT] 
2026-09-04 23:36:23,265 [ERROR] LogOutputStream:75 - [STDERR_REDIRECT] Sep 04, 2026 11:36:23 PM java.util.prefs.FileSystemPreferences checkLockFile0ErrorCode
2026-09-04 23:36:23,266 [ERROR] LogOutputStream:75 - [STDERR_REDIRECT] WARNING: Could not lock System prefs. Unix error code 31840.
2026-09-04 23:36:23,266 [ERROR] LogOutputStream:75 - [STDERR_REDIRECT] 
2026-09-04 23:36:23,266 [ERROR] LogOutputStream:75 - [STDERR_REDIRECT] Sep 04, 2026 11:36:23 PM java.util.prefs.FileSystemPreferences syncWorld
2026-09-04 23:36:23,266 [ERROR] LogOutputStream:75 - [STDERR_REDIRECT] WARNING: Couldn't flush system prefs: java.util.prefs.BackingStoreException: Couldn't get file lock.
2026-09-04 23:36:23,266 [ERROR] LogOutputStream:75 - [STDERR_REDIRECT] 
2026-09-04 23:36:53,266 [ERROR] LogOutputStream:75 - [STDERR_REDIRECT] Sep 04, 2026 11:36:53 PM java.util.prefs.FileSystemPreferences checkLockFile0ErrorCode
2026-09-04 23:36:53,266 [ERROR] LogOutputStream:75 - [STDERR_REDIRECT] WARNING: Could not lock System prefs. Unix error code 31840.
2026-09-04 23:36:53,266 [ERROR] LogOutputStream:75 - [STDERR_REDIRECT] 
2026-09-04 23:36:53,267 [ERROR] LogOutputStream:75 - [STDERR_REDIRECT] Sep 04, 2026 11:36:53 PM java.util.prefs.FileSystemPreferences syncWorld
2026-09-04 23:36:53,267 [ERROR] LogOutputStream:75 - [STDERR_REDIRECT] WARNING: Couldn't flush system prefs: java.util.prefs.BackingStoreException: Couldn't get file lock.
2026-09-04 23:36:53,267 [ERROR] LogOutputStream:75 - [STDERR_REDIRECT] 
2026-09-04 23:37:23,266 [ERROR] LogOutputStream:75 - [STDERR_REDIRECT] Sep 04, 2026 11:37:23 PM java.util.prefs.FileSystemPreferences checkLockFile0ErrorCode
2026-09-04 23:37:23,266 [ERROR] LogOutputStream:75 - [STDERR_REDIRECT] WARNING: Could not lock System prefs. Unix error code 31840.
2026-09-04 23:37:23,266 [ERROR] LogOutputStream:75 - [STDERR_REDIRECT] 
2026-09-04 23:37:23,266 [ERROR] LogOutputStream:75 - [STDERR_REDIRECT] Sep 04, 2026 11:37:23 PM java.util.prefs.FileSystemPreferences syncWorld
2026-09-04 23:37:23,267 [ERROR] LogOutputStream:75 - [STDERR_REDIRECT] WARNING: Couldn't flush system prefs: java.util.prefs.BackingStoreException: Couldn't get file lock.
2026-09-04 23:37:23,267 [ERROR] LogOutputStream:75 - [STDERR_REDIRECT] 
2026-09-04 23:37:53,266 [ERROR] LogOutputStream:75 - [STDERR_REDIRECT] Sep 04, 2026 11:37:53 PM java.util.prefs.FileSystemPreferences checkLockFile0ErrorCode
2026-09-04 23:37:53,266 [ERROR] LogOutputStream:75 - [STDERR_REDIRECT] WARNING: Could not lock System prefs. Unix error code 31840.
2026-09-04 23:37:53,267 [ERROR] LogOutputStream:75 - [STDERR_REDIRECT] 
2026-09-04 23:37:53,267 [ERROR] LogOutputStream:75 - [STDERR_REDIRECT] Sep 04, 2026 11:37:53 PM java.util.prefs.FileSystemPreferences syncWorld
2026-09-04 23:37:53,267 [ERROR] LogOutputStream:75 - [STDERR_REDIRECT] WARNING: Couldn't flush system prefs: java.util.prefs.BackingStoreException: Couldn't get file lock.
2026-09-04 23:37:53,267 [ERROR] LogOutputStream:75 - [STDERR_REDIRECT] 
2026-09-04 23:38:23,266 [ERROR] LogOutputStream:75 - [STDERR_REDIRECT] Sep 04, 2026 11:38:23 PM java.util.prefs.FileSystemPreferences checkLockFile0ErrorCode
2026-09-04 23:38:23,267 [ERROR] LogOutputStream:75 - [STDERR_REDIRECT] WARNING: Could not lock System prefs. Unix error code 31840.
2026-09-04 23:38:23,267 [ERROR] LogOutputStream:75 - [STDERR_REDIRECT] 
2026-09-04 23:38:23,267 [ERROR] LogOutputStream:75 - [STDERR_REDIRECT] Sep 04, 2026 11:38:23 PM java.util.prefs.FileSystemPreferences syncWorld
2026-09-04 23:38:23,267 [ERROR] LogOutputStream:75 - [STDERR_REDIRECT] WARNING: Couldn't flush system prefs: java.util.prefs.BackingStoreException: Couldn't get file lock.
2026-09-04 23:38:23,267 [ERROR] LogOutputStream:75 - [STDERR_REDIRECT] 
2026-09-04 23:38:53,267 [ERROR] LogOutputStream:75 - [STDERR_REDIRECT] Sep 04, 2026 11:38:53 PM java.util.prefs.FileSystemPreferences checkLockFile0ErrorCode
2026-09-04 23:38:53,267 [ERROR] LogOutputStream:75 - [STDERR_REDIRECT] WARNING: Could not lock System prefs. Unix error code 31840.
2026-09-04 23:38:53,267 [ERROR] LogOutputStream:75 - [STDERR_REDIRECT] 
2026-09-04 23:38:53,268 [ERROR] LogOutputStream:75 - [STDERR_REDIRECT] Sep 04, 2026 11:38:53 PM java.util.prefs.FileSystemPreferences syncWorld
2026-09-04 23:38:53,268 [ERROR] LogOutputStream:75 - [STDERR_REDIRECT] WARNING: Couldn't flush system prefs: java.util.prefs.BackingStoreException: Couldn't get file lock.
2026-09-04 23:38:53,268 [ERROR] LogOutputStream:75 - [STDERR_REDIRECT] 
2026-09-04 23:39:23,268 [ERROR] LogOutputStream:75 - [STDERR_REDIRECT] Sep 04, 2026 11:39:23 PM java.util.prefs.FileSystemPreferences checkLockFile0ErrorCode
2026-09-04 23:39:23,268 [ERROR] LogOutputStream:75 - [STDERR_REDIRECT] WARNING: Could not lock System prefs. Unix error code 31840.
2026-09-04 23:39:23,268 [ERROR] LogOutputStream:75 - [STDERR_REDIRECT] 
2026-09-04 23:39:23,268 [ERROR] LogOutputStream:75 - [STDERR_REDIRECT] Sep 04, 2026 11:39:23 PM java.util.prefs.FileSystemPreferences syncWorld
2026-09-04 23:39:23,268 [ERROR] LogOutputStream:75 - [STDERR_REDIRECT] WARNING: Couldn't flush system prefs: java.util.prefs.BackingStoreException: Couldn't get file lock.
2026-09-04 23:39:23,268 [ERROR] LogOutputStream:75 - [STDERR_REDIRECT] 
2026-09-04 23:39:53,268 [ERROR] LogOutputStream:75 - [STDERR_REDIRECT] Sep 04, 2026 11:39:53 PM java.util.prefs.FileSystemPreferences checkLockFile0ErrorCode
2026-09-04 23:39:53,268 [ERROR] LogOutputStream:75 - [STDERR_REDIRECT] WARNING: Could not lock System prefs. Unix error code 31840.
2026-09-04 23:39:53,268 [ERROR] LogOutputStream:75 - [STDERR_REDIRECT] 
2026-09-04 23:39:53,269 [ERROR] LogOutputStream:75 - [STDERR_REDIRECT] Sep 04, 2026 11:39:53 PM java.util.prefs.FileSystemPreferences syncWorld
2026-09-04 23:39:53,269 [ERROR] LogOutputStream:75 - [STDERR_REDIRECT] WARNING: Couldn't flush system prefs: java.util.prefs.BackingStoreException: Couldn't get file lock.
2026-09-04 23:39:53,269 [ERROR] LogOutputStream:75 - [STDERR_REDIRECT] 
